method,day,gate_move_l1,pi_expanding,pi_rolling_1,pi_rolling_3,pi_rolling_7,pi_rolling_14,h_eff,pi_m2,pi_m5b,pi_m5b_hs
adamoe,4,,0.2,0.2,0.2,0.2,0.2,17.0,,,
adamoe,5,0.012647389534055559,0.20171499175953225,0.1936763052329717,0.20117871948843052,0.20171499175953225,0.20171499175953225,17.136126796220378,,,
adamoe,6,0.011435550397872307,0.20362091682584452,0.18924399473745987,0.19989325478500683,0.20362091682584452,0.20362091682584452,17.282218021985887,,,
adamoe,7,0.0019460336639540443,0.20394525576983683,0.18846656534154893,0.19969766734894065,0.20394525576983683,0.20394525576983683,17.307125284745155,,,
adamoe,8,0.0020751302300989205,0.2042911108081866,0.18765461040841935,0.19947205716702063,0.2042911108081866,0.2042911108081866,17.333650757372595,,,
adamoe,9,0.0016281703126572178,0.20437878674524895,0.18829334369062317,0.199008691584943,0.20394039123393554,0.20437878674524895,17.336932376231424,,,
adamoe,10,0.004031365246450286,0.20532266447496575,0.18696287086592595,0.19832348178641498,0.204068318397727,0.20532266447496575,17.404288716156724,,,
adamoe,11,0.0016112100800896312,0.20572546699498823,0.18655022246509834,0.19819006303164494,0.20380878051327997,0.20572546699498823,17.431466432782123,,,
adamoe,12,0.0018692545863464027,0.20606979593786778,0.18589152715237095,0.19791413105119915,0.20405474992069408,0.20606979593786778,17.457182069153042,,,
adamoe,13,0.0007397476116899337,0.20625473284079032,0.18576288443529926,0.1978970454109817,0.20383060447213838,0.20625473284079032,17.469118482191696,,,
adamoe,14,0.0028910507525603812,0.2069774955289306,0.1855132556063771,0.19707115261979702,0.2034606007159654,0.2069774955289306,17.517285587618392,,,
adamoe,15,0.002402027186945266,0.2071592180736404,0.18431224201290441,0.19767109375603054,0.20369822808378485,0.2071592180736404,17.53299525731688,,,
adamoe,16,0.0007052622422918375,0.20718226207819102,0.1840502055733563,0.19772069525577524,0.2039782137006353,0.20706862339204243,17.534956239425185,,,
adamoe,17,0.0006691975908056647,0.20725544477014263,0.18423405172065835,0.1977982652119244,0.20385280020187296,0.20685943809540192,17.535957268313727,,,
adamoe,18,0.002343575555915939,0.20727608473016745,0.18319136006275694,0.1983221751265991,0.20448003810513135,0.20673034197534532,17.540308023643355,,,
adamoe,19,0.00154084793283768,0.20731927589684346,0.18391859286249973,0.1982176446651444,0.20398726317190694,0.20655722340360555,17.537440050522367,,,
adamoe,20,0.0020910776970116396,0.20780511693111858,0.18292331773566028,0.19829249381896535,0.20447211183231673,0.20650695968193922,17.568510033433036,,,
adamoe,21,0.0031183754957642695,0.20867842203988035,0.18221312319849628,0.19744350060824695,0.2045958391339814,0.20706911501939462,17.626387431625453,,,
adamoe,22,0.0025113243047540645,0.20830203817139062,0.18308208866112713,0.19783019729799356,0.20430335973784464,0.20648231613164453,17.59557091484648,,,
adamoe,23,0.0052150533240089,0.20758059636236692,0.1856896153231312,0.19725183447804484,0.20348699121572006,0.20599096262073668,17.540563315699636,,,
adamoe,24,0.001433432223923753,0.20808395835380833,0.1856187792298214,0.1968605497077529,0.20323239596736015,0.2062043167412574,17.570725135730704,,,
adamoe,25,0.0019948128020790545,0.20844525467491748,0.1847145043787996,0.19724294507591536,0.20313926441734226,0.20645803145302516,17.595545911365342,,,
adamoe,26,0.0030461564466101876,0.20869929900853573,0.1835341161963207,0.19690025503508918,0.20371490307890355,0.20715142668115072,17.622317116902167,,,
adamoe,27,0.002873799129936766,0.2095603718193823,0.1821446056579691,0.19685286600847246,0.20400255425542035,0.2074396022587558,17.678497824256848,,,
adamoe,28,0.0011674656224117397,0.20926210449010701,0.18248843013572985,0.19696381721604533,0.2041315113812926,0.2071541367768252,17.658184645734888,,,
adamoe,29,0.0008413218539838063,0.20932858515732294,0.18206776920873807,0.19706232957273437,0.2041356338386126,0.20740568222259226,17.665598855352897,,,
adamoe,30,0.003716559734686542,0.20916233048272045,0.18339235698398132,0.1975960216648343,0.20323308874074597,0.20661620212771803,17.641178701914985,,,
adamoe,31,0.002041246290790527,0.20892705877144715,0.1839090557401809,0.19681067023071241,0.2035548239494869,0.20679839130817285,17.630025838679973,,,
adamoe,32,0.0017037580996416835,0.20886029890550944,0.1832945242398772,0.19759131753334636,0.2036260556966738,0.20662780362459343,17.625858051791507,,,
adamoe,33,0.001059408348544566,0.20901848571975945,0.1827648200656049,0.19766304621190428,0.20370009831955305,0.20685354968317854,17.638713485688257,,,
adamoe,34,0.004030684723633909,0.20891755396293843,0.18478016242742168,0.19694018917958173,0.20315142908577083,0.2062106653442872,17.61966328616289,,,
adamoe,35,0.0014097811017790562,0.20931124893365105,0.18441718897402015,0.19668180897026538,0.20306789219759885,0.20652186092446378,17.645918850229563,,,
adamoe,36,0.0032168502985081004,0.20840125800294834,0.18589221019747756,0.19651393701413433,0.20320129612339558,0.20599129866204358,17.58579675554916,,,
adamoe,37,0.003907980316658399,0.20918219985103986,0.18397937490064112,0.196472782152642,0.20354596781888362,0.20681967527679362,17.644626941028253,,,
adamoe,38,0.0014153638184551398,0.20898229342385954,0.18468705680986885,0.19641190103985862,0.20340015640941117,0.20651859231700237,17.62792175266493,,,
adamoe,39,0.0018948663471221316,0.2084665137308151,0.18481299662147374,0.19716397944306197,0.20346957136816393,0.20608693883648568,17.59379990208751,,,
adamoe,40,0.0011499324776606534,0.20874271807276368,0.18510429104864012,0.19681279515464653,0.203245789417749,0.20609440630620102,17.60814797508946,,,
adamoe,41,0.0010591437154455208,0.20871483649058725,0.18460260077309384,0.1970518372809008,0.20329885038008688,0.20633187507533168,17.610386505766282,,,
adamoe,42,0.0019563580751966736,0.2095003911641548,0.1841346294298144,0.19684650717338445,0.2029939727932844,0.20652449943936252,17.656998422503325,,,
adamoe,43,0.001993749874948908,0.20939169655351375,0.1832464491029811,0.19745336288724225,0.20332638377536105,0.20658210768090263,17.654542524935696,,,
adamoe,44,0.0017937182764044546,0.2090803703755791,0.18382492080857116,0.197771750319854,0.20296150136711885,0.20636145712887682,17.631753303676987,,,
adamoe,45,0.0009263260013369634,0.20880726029212882,0.1842651789936549,0.19779465513543848,0.2027873534526039,0.20634555212617334,17.614433965862354,,,
adamoe,46,0.003568635336059167,0.20961718187783074,0.18307445943389217,0.19720105702717183,0.20312617224420598,0.2069811294168991,17.67132756073128,,,
adamoe,47,0.0018407511857587433,0.21021781775084075,0.18273081329111446,0.19662697771410295,0.20312352210717327,0.20730086913676854,17.70975763414884,,,
adamoe,48,0.002167573131122341,0.2098075398564767,0.1833932678314681,0.1970483097393103,0.2030231002777907,0.2067277822949538,17.67834124251189,,,
adamoe,49,0.0007288260444544281,0.20965810118621314,0.1835613731035754,0.19683333538734685,0.20309457902153624,0.20685261130132834,17.671146061807754,,,
adamoe,50,0.0032347583813292224,0.20926287388767123,0.18493309929172597,0.19707898838986082,0.20269310396878076,0.20603193446196105,17.635241307970503,,,
adamoe,51,0.001402121197797812,0.20911025235454417,0.18470538288794072,0.1967582657278742,0.20299337437002568,0.206432724659615,17.632607087169003,,,
adamoe,52,0.0017926533246117038,0.2089053930551128,0.18401391552506635,0.19739740779732579,0.20319933377904575,0.2064839498434493,17.623700356485422,,,
adamoe,53,0.0009661085341488296,0.20842233878803829,0.1842222547706883,0.1974015514349661,0.20337831437921453,0.2065755406270926,17.59747300579168,,,
adamoe,54,0.0017561417468679452,0.2087511376529534,0.18452589639252776,0.19764718182164565,0.2032327733981766,0.20584301073469669,17.60696726510766,,,
adamoe,55,0.0026337398589131034,0.2091556675146592,0.1837257804418066,0.19831136959435863,0.20271601941944123,0.20609116302973446,17.632288358456805,,,
adamoe,56,0.0014785714571325104,0.2090213475326219,0.18325729371863453,0.19817489057100166,0.2033331228238626,0.20621334535387925,17.6293815121103,,,
adamoe,57,0.002113844271034171,0.20918986097665182,0.18271473085806755,0.1976605312960514,0.20347593739166736,0.2069589394775615,17.648844697772862,,,
adamoe,58,0.0030954356066617006,0.20962530398462081,0.1838270056534294,0.19668785385255982,0.20303951782193966,0.20682031868744993,17.668169892666235,,,
adamoe,59,0.0025968668231787506,0.20881129256205397,0.18387604761346354,0.19765390961461504,0.20332285351143992,0.20633589669842764,17.617477858538614,,,
adamoe,60,0.0014599281578525358,0.20913970842321386,0.18351857434451613,0.19728141880463607,0.20341746524698068,0.20664283318065313,17.640667257409266,,,
adamoe,61,0.0153402314860622,0.20930165845870513,0.19102674005205603,0.19454252433379043,0.20058023033025404,0.20454884682519436,17.600499288440233,,,
adamoe,62,0.07772563826305717,0.19244270529902535,0.22755611629235778,0.19687596722501738,0.191938907440784,0.1911863037428157,16.38492694039384,,,
adamoe,63,0.03116867950127905,0.18284753560385014,0.2304989820535727,0.20951744121444166,0.19112437323506262,0.18601166789307244,15.77193740507636,,,
adamoe,64,0.03197844175110931,0.17524331151932318,0.22568198810876383,0.22400212956083493,0.1926289057642239,0.1824436650468535,15.314900718956176,,,
adamoe,65,0.020524602185386293,0.1738346224341109,0.2168283761012831,0.2272918341144483,0.19816262854029087,0.18388253880986644,15.29027516761145,,,
adamoe,66,0.015394489323604765,0.17225700515987763,0.21070874871371412,0.2276865937521978,0.20381989770004105,0.18552775467416927,15.253316688901622,,,
adamoe,67,0.018679419247422835,0.17249084062273307,0.204872617323981,0.2241830155182196,0.21058169168716379,0.1878718348479026,15.331149630923406,,,
adamoe,68,0.017635770278461582,0.17118020903955067,0.20069566590093632,0.2208527133852159,0.21715457132636606,0.19011684034793114,15.315784112585222,,,
adamoe,69,0.010394886026660138,0.1700094020933241,0.2001771368425191,0.21734460637652975,0.21958140586965003,0.19288744881797737,15.290269206110787,,,
adamoe,70,0.00970906825643189,0.17165075896606824,0.19817424227347102,0.21499695015063353,0.21907742253637824,0.19610062607344905,15.4211613534724,,,
adamoe,71,0.008212449141548284,0.17248441338352644,0.19596400921882834,0.21341440051193594,0.21876398065894426,0.1993731962267649,15.50784462555354,,,
adamoe,72,0.006814859509267024,0.17144452953013445,0.19556753052285425,0.21213160244194046,0.21807571152367242,0.2027806259813985,15.484092854062029,,,
adamoe,73,0.008269579715939002,0.17245819098033877,0.19482299691357605,0.21012407946084305,0.21669297825607847,0.20590175438916364,15.572162103357272,,,
adamoe,74,0.01074529258668308,0.17396625851380557,0.19273207217006558,0.20811880564214352,0.21541653052494703,0.20976633314903848,15.699708377685997,,,
adamoe,75,0.006213924404719379,0.17338147817085361,0.1921797478119064,0.2071190456991861,0.21444643296665594,0.2128732953513982,15.697776740846848,,,
adamoe,76,0.0054971939095637135,0.17431500984964132,0.1928098520378019,0.20629886103609643,0.2125180206749638,0.2140582564014969,15.755048760470274,,,
adamoe,77,0.003790479472426861,0.1758385504974265,0.1925047543104653,0.20534176479857558,0.21188497490360775,0.21442995548992505,15.844057279735987,,,
adamoe,78,0.003365816312674491,0.17647339477350438,0.190821846154128,0.2057714630145488,0.21231417294459845,0.21461912311322046,15.887406855805313,,,
adamoe,79,0.0042917620734417294,0.1765897897302603,0.19285133223409312,0.20467724698379208,0.21145443319890603,0.2144271978529489,15.884432259334714,,,
adamoe,80,0.004568502773908495,0.17758454631287868,0.19056708084713875,0.20496924784342413,0.2123276670276315,0.2145514579689271,15.95056168390853,,,
adamoe,81,0.0034840805322463864,0.17827093015169754,0.18923799502582225,0.20455629339861708,0.21257281856787702,0.21536196285598558,16.002239894282464,,,
adamoe,82,0.004111594497192922,0.17901096670282135,0.19055375572329497,0.20363006151859014,0.21165941373319813,0.21514580232209501,16.035759071090062,,,
adamoe,83,0.0036894152746612396,0.1779481557767401,0.18977185901204582,0.20489347974385547,0.21184880536076556,0.21553770010659312,15.981811083865681,,,
adamoe,84,0.0034549441084192334,0.17923637431419642,0.19021111252879913,0.20440548793295238,0.21147828960729273,0.21466873561675942,16.043320361065124,,,
adamoe,85,0.0020466188854313394,0.17911676866853316,0.19123442197151477,0.20415398798266343,0.2109363582434104,0.21455846313387827,16.031075497609663,,,
adamoe,86,0.0023342515903852223,0.17966941161125066,0.19101419735256264,0.20476847083513838,0.21043774486263617,0.21411017533841187,16.05609097530924,,,
adamoe,87,0.002637215402665538,0.18026190757765753,0.19023561372862052,0.20422844675774804,0.21087345851327982,0.21440057342269442,16.096357646171995,,,
adamoe,88,0.0007525030552970047,0.18051662824970993,0.19001272236464545,0.20434997761334406,0.2107282552012415,0.21439241657105923,16.110651968590794,,,
adamoe,89,0.0028141216221854726,0.18164994148314484,0.19028646994230308,0.2039304626999589,0.21042827605604325,0.2137048498185497,16.16594017688287,,,
adamoe,90,0.005686790609337133,0.1811121043018386,0.18798091181894072,0.20494599727313872,0.21135203462662033,0.21460895197946134,16.153534731847476,,,
adamoe,91,0.0005154213914427275,0.18108644834658028,0.18777347244995146,0.2049213819016648,0.21136867141706323,0.21485002588473967,16.15520558125556,,,
adamoe,92,0.002863638652593703,0.18058985832011498,0.1892052917762484,0.20440337737754333,0.21109987600305175,0.21470159652304116,16.121328406459718,,,
adamoe,93,0.0013701734216341743,0.1812749450309321,0.18898997706913825,0.20414203595252772,0.21105928757202047,0.21453375437538114,16.15880036104213,,,
adamoe,94,0.0033782331674473975,0.18291677431516185,0.18848942628701076,0.2033204010625274,0.21110657487151452,0.21416682346378532,16.2495386409779,,,
adamoe,95,0.0014271899611055794,0.1828739202938981,0.1888340579908018,0.20368936433928903,0.21071941700902974,0.21388324036698092,16.241738652843495,,,
adamoe,96,0.001621665078788359,0.18328730877780602,0.18891932027198258,0.20287853179989535,0.2107904813221505,0.21412435782816613,16.26806782118941,,,
adamoe,97,0.004210258296495462,0.18509172294648138,0.1874052779692457,0.20317924677946733,0.2105926799734491,0.2137310723313563,16.368830167549664,,,
adamoe,98,0.0012473416361720724,0.18559378885931677,0.18694003293550338,0.2033008516847178,0.21055956802450052,0.21360575849596097,16.39686751466362,,,
adamoe,99,0.003253814099300173,0.18396688180966675,0.18766330479600635,0.2033280080603342,0.21091900084128246,0.21412280449270982,16.309812506343928,,,
adamoe,100,0.002626630242913014,0.18423849011203158,0.1885645553280632,0.20346846434736934,0.2102069450102929,0.2135215452022432,16.31402960299552,,,
adamoe,101,0.0027676056289079876,0.18336405572594236,0.18963908083481354,0.20295909591900452,0.2102210055139041,0.21381676200633562,16.265341418834396,,,
adamoe,102,0.004224179322600219,0.1849683345272442,0.1901468916948118,0.20263805507381766,0.20920839596658983,0.21303832273753665,16.343156418642558,,,
adamoe,103,0.002293687303127817,0.18558732102864675,0.1899021381128927,0.20316591222397895,0.20920307350249223,0.21214155513198937,16.369042422868933,,,
adamoe,104,0.0009283106954986464,0.18561771842986888,0.19001608735501507,0.20270175687622957,0.2094123620965055,0.21225207524238088,16.372600051844707,,,
adamoe,105,0.003113936975590592,0.18600268930830066,0.1887151354703442,0.20244574027310547,0.20962918882872558,0.2132072461195246,16.408519482262125,,,
adamoe,106,0.003269343060223945,0.18730882839925034,0.1890436679095065,0.20145999635853992,0.20928259796542886,0.2129049093672749,16.477600277839997,,,
adamoe,107,0.0022101214707553607,0.18628134919424885,0.18938982338526916,0.20220850098634757,0.20929299859723627,0.21282732783689876,16.41752985789648,,,
adamoe,108,0.0013932270103260425,0.18585354115215463,0.18939640942365527,0.20275522832305362,0.2094362987273068,0.2125585223738296,16.390747967846856,,,
adamoe,109,0.0017261624866645175,0.18593217902679526,0.1885333281803231,0.20292833260730633,0.2096830871283885,0.21292307305718688,16.401953700309292,,,
adamoe,110,0.0031337272536907657,0.18746494833479638,0.18763128215189487,0.20247871561784056,0.20946788651943707,0.2129571673760311,16.490639877993694,,,
adamoe,111,0.0023947640272900528,0.18862070998307306,0.18744573521659105,0.20252033598320873,0.20920003442652346,0.21221318439060333,16.547634164604712,,,
adamoe,112,0.0016601923586745393,0.188292467642529,0.1869438813777981,0.20268479127627817,0.20951119415398395,0.21256766554941092,16.535071990528014,,,
adamoe,113,0.0022061526519608077,0.18846430859757973,0.1878751167487277,0.20218083383811608,0.2090154851773951,0.2124642556381814,16.539884109294164,,,
adamoe,114,0.0030692307592362356,0.18820148280181542,0.1892850501885356,0.2023055157779261,0.20829642133015758,0.2119115299015649,16.51312693356425,,,
adamoe,115,0.003310286278190827,0.18867425691023554,0.18831288076072863,0.20162254206663774,0.208849200000582,0.21254112026181587,16.55115600524427,,,
adamoe,116,0.0020052266308868694,0.18840527993483847,0.18768007439618473,0.20216962512924203,0.20874837002507968,0.21299665051465516,16.54169744325495,,,
adamoe,117,0.0012669056477438434,0.18827134035644977,0.18772944901580207,0.20167011188375886,0.20902467328693686,0.2133044254570526,16.53845487546136,,,
adamoe,118,0.001621431463586065,0.18892584863867384,0.18769830722560849,0.20182631933332762,0.20899913859102354,0.2125503862113663,16.567427560642315,,,
adamoe,119,0.0030197647690028973,0.18909048612719218,0.18904355212159163,0.2017503920311277,0.20842499406345505,0.21169057565663327,16.562366913483558,,,
m5b_smooth0,4,,0.20000606775283813,0.20000606775283813,0.20000606775283813,0.20000606775283813,0.20000606775283813,17.00051575899124,,,
m5b_smooth0,5,0.3214540481567383,0.24617315828800201,0.03926354646682739,0.22221632301807404,0.24617315828800201,0.24617315828800201,20.645938336849213,,,
m5b_smooth0,6,0.3885258473455906,0.3109273910522461,0.0103900246322155,0.05682666599750519,0.3109273910522461,0.3109273612499237,25.36598828062415,,,
m5b_smooth0,7,0.0714030684903264,0.3228279948234558,0.006501949392259121,0.0250135138630867,0.3228279948234558,0.3228279948234558,26.23061007168144,,,
m5b_smooth0,8,0.006558275781571865,0.32352912425994873,0.00767793133854866,0.021734608337283134,0.32352912425994873,0.32352912425994873,26.278740821406245,,,
m5b_smooth0,9,0.1153140515089035,0.3446923792362213,0.013706618919968605,0.03103577345609665,0.26587140560150146,0.3446923494338989,27.475149424746633,,,
m5b_smooth0,10,0.22102125361561775,0.38812336325645447,0.02276049368083477,0.045631520450115204,0.15536177158355713,0.38812336325645447,29.96831633709371,,,
m5b_smooth0,11,0.15688049979507923,0.41932982206344604,0.02837076038122177,0.056048572063446045,0.07692156732082367,0.4193298816680908,31.76537511497736,,,
m5b_smooth0,12,0.06716337986290455,0.4361203908920288,0.02742035873234272,0.05569678172469139,0.04464145749807358,0.4361203908920288,32.779909832403064,,,
m5b_smooth0,13,0.027319293469190598,0.44295036792755127,0.02520371787250042,0.05350077897310257,0.035394761711359024,0.44295036792755127,33.211796613410115,,,
m5b_smooth0,14,0.036632638424634933,0.4521086812019348,0.021503446623682976,0.042379118502140045,0.03190068155527115,0.4521086812019348,33.82798798196018,,,
m5b_smooth0,15,0.011740794405341148,0.45100462436676025,0.021646011620759964,0.03871630132198334,0.03762798011302948,0.45100462436676025,33.775532979518175,,,
m5b_smooth0,16,0.08580825850367546,0.4689953327178955,0.02493533492088318,0.04268033429980278,0.05528779700398445,0.4081002473831177,34.39311434328556,,,
m5b_smooth0,17,0.27489115856587887,0.5786582231521606,0.026310814544558525,0.046434544026851654,0.07794182002544403,0.27065569162368774,39.21988025866449,,,
m5b_smooth0,18,0.2136776875704527,0.6466385126113892,0.024566367268562317,0.05247043818235397,0.11076416075229645,0.16556097567081451,42.07349122315645,,,
m5b_smooth0,19,0.13423308730125427,0.7051098346710205,0.020332947373390198,0.051646389067173004,0.11940974742174149,0.10350226610898972,44.766762152314186,,,
m5b_smooth0,20,0.1119816992431879,0.7610999941825867,0.01618115045130253,0.044838231056928635,0.11042604595422745,0.06745438277721405,47.53403917513788,,,
m5b_smooth0,21,0.14074336178600788,0.8314712047576904,0.012410331517457962,0.030779168009757996,0.0794340968132019,0.04590406268835068,51.19171567633748,,,
m5b_smooth0,22,0.037086947821080685,0.8491851687431335,0.013239813037216663,0.026670629158616066,0.06746594607830048,0.04343724995851517,52.12474494706839,,,
m5b_smooth0,23,0.1342164920642972,0.7820775508880615,0.02427332103252411,0.03847470507025719,0.08675651997327805,0.06841796636581421,48.62949765846133,,,
m5b_smooth0,24,0.06674336642026901,0.7575218081474304,0.03218443691730499,0.04308849200606346,0.0779411643743515,0.08926533162593842,47.40806119516492,,,
m5b_smooth0,25,0.15249962359666824,0.8337714076042175,0.02108319289982319,0.030056221410632133,0.04242336377501488,0.07266662269830704,51.451832577586174,,,
m5b_smooth0,26,0.07236532121896744,0.8699544072151184,0.0131337009370327,0.02196718007326126,0.027794428169727325,0.06715176999568939,53.410985451191664,,,
m5b_smooth0,27,0.011580338701605797,0.8659031391143799,0.011738292872905731,0.022094637155532837,0.027450663968920708,0.0728142112493515,53.24376415647566,,,
m5b_smooth0,28,0.110322505235672,0.8107410669326782,0.018323948606848717,0.033745087683200836,0.043060868978500366,0.0941283330321312,50.383245972916484,,,
m5b_smooth0,29,0.11295825056731701,0.7542619109153748,0.02335447445511818,0.04156463220715523,0.06240202859044075,0.1184161975979805,47.49840399250388,,,
m5b_smooth0,30,0.10446510836482048,0.806494951248169,0.02015446498990059,0.034510448575019836,0.05506401136517525,0.08377633988857269,50.07169972360134,,,
m5b_smooth0,31,0.09449782036244869,0.8537439107894897,0.016977429389953613,0.026594048365950584,0.0452960766851902,0.057388849556446075,52.44191065244377,,,
m5b_smooth0,32,0.01261996477842331,0.8584126830101013,0.016482919454574585,0.02629399113357067,0.04693711921572685,0.05187326669692993,52.65491144172847,,,
m5b_smooth0,33,0.06235218979418278,0.8272366523742676,0.018324535340070724,0.033070534467697144,0.05702916532754898,0.06433922052383423,51.05168852582574,,,
m5b_smooth0,34,0.02823883481323719,0.8131170868873596,0.020118990913033485,0.03637957572937012,0.0587683729827404,0.0716157853603363,50.33028253726661,,,
m5b_smooth0,35,0.09195731766521931,0.8590956330299377,0.01668410934507847,0.026346957311034203,0.04036368429660797,0.057509202510118484,52.72913758829236,,,
m5b_smooth0,36,0.017559215426445007,0.8508374691009521,0.01925671473145485,0.02582569420337677,0.04059292748570442,0.06348714232444763,52.31995242834091,,,
m5b_smooth0,37,0.10599875077605247,0.7978384494781494,0.024804458022117615,0.03290088474750519,0.05404281243681908,0.09041405469179153,49.63791053369641,,,
m5b_smooth0,38,0.08566585555672646,0.7550053596496582,0.026238370686769485,0.03902386501431465,0.06636369973421097,0.11336904019117355,47.49534400552511,,,
m5b_smooth0,39,0.028994033113121986,0.744779646396637,0.023520080372691154,0.04340016096830368,0.07648412138223648,0.11181572824716568,46.941308392211795,,,
m5b_smooth0,40,0.1265858206897974,0.8080729842185974,0.018213506788015366,0.03576125204563141,0.06240437924861908,0.07554847002029419,50.10438555106521,,,
m5b_smooth0,41,0.0187237411737442,0.8163586258888245,0.018855005502700806,0.03619591146707535,0.05898250266909599,0.0696084052324295,50.49635548517108,,,
m5b_smooth0,42,0.048496197909116745,0.8406063914299011,0.017791196703910828,0.03205649554729462,0.04650483280420303,0.06304086744785309,51.75845014303923,,,
m5b_smooth0,43,0.01689983531832695,0.8343252539634705,0.01841532066464424,0.033986423164606094,0.044335898011922836,0.06893657892942429,51.45535321906209,,,
m5b_smooth0,44,0.06522172689437866,0.8017145395278931,0.020083226263523102,0.042040277272462845,0.04996379464864731,0.08619793504476547,49.80559408292174,,,
m5b_smooth0,45,0.060669854283332825,0.7713795304298401,0.02136227861046791,0.04622924327850342,0.05388537049293518,0.10714318603277206,48.32002403214574,,,
m5b_smooth0,46,0.10068915411829948,0.8217244744300842,0.016012566164135933,0.029983067885041237,0.039728570729494095,0.09255166351795197,50.9832535199821,,,
m5b_smooth0,47,0.10203177016228437,0.8727405071258545,0.012248574756085873,0.019055761396884918,0.02848014049232006,0.06747565418481827,53.577866428531706,,,
m5b_smooth0,48,0.018867366015911102,0.8667374849319458,0.01510572899132967,0.02125244215130806,0.03285907581448555,0.06404408067464828,53.20974281150848,,,
m5b_smooth0,49,0.09694076795130968,0.8182676434516907,0.022251708433032036,0.032290440052747726,0.04980747401714325,0.0773826315999031,50.64719079621136,,,
m5b_smooth0,50,0.03805152699351311,0.8068442344665527,0.025267621502280235,0.04127717763185501,0.056830257177352905,0.06977994740009308,49.93448428623378,,,
m5b_smooth0,51,0.06352243386209011,0.838606059551239,0.019363589584827423,0.035238757729530334,0.0482194684445858,0.05857257917523384,51.598995823413134,,,
m5b_smooth0,52,0.02008876856416464,0.8409307599067688,0.015411322005093098,0.03144276514649391,0.045922450721263885,0.06629136949777603,51.815121539868414,,,
m5b_smooth0,53,0.19057912845164537,0.7456415891647339,0.01920163817703724,0.04028807953000069,0.06719227135181427,0.1276758760213852,47.136369390413165,,,
m5b_smooth0,54,0.03796843811869621,0.7639298439025879,0.01954311691224575,0.03704598918557167,0.06754747033119202,0.11193446069955826,48.006386460736394,,,
m5b_smooth0,55,0.21330746170133352,0.8705827593803406,0.014503958635032177,0.02698875218629837,0.03792820870876312,0.04999557137489319,53.29587123822421,,,
m5b_smooth0,56,0.027761001139879227,0.8808411359786987,0.015035935677587986,0.030079228803515434,0.034545958042144775,0.039497651159763336,53.75053060334176,,,
m5b_smooth0,57,0.10974422004073858,0.8259693384170532,0.020120894536376,0.04208963364362717,0.050064947456121445,0.061755720525979996,50.91958482004702,,,
m5b_smooth0,58,0.046238167211413383,0.8115618228912354,0.019799526780843735,0.03399759903550148,0.04976591467857361,0.08487393707036972,50.35209821909666,,,
m5b_smooth0,59,0.11930123716592789,0.751911461353302,0.021360274404287338,0.03687351569533348,0.0636286661028862,0.12622539699077606,47.459224723279476,,,
m5b_smooth0,60,0.07328069023787975,0.7167425155639648,0.019888630136847496,0.040616724640131,0.07504015415906906,0.14771080017089844,45.73952201940119,,,
m5b_smooth0,61,0.47551743499934673,0.5200638771057129,0.15150268375873566,0.1271970123052597,0.09460501372814178,0.10663120448589325,33.891998305916786,,,
m5b_smooth0,62,1.408741358667612,0.01760563813149929,0.8558734655380249,0.11643639206886292,0.005921464413404465,0.004163036122918129,2.361253686249256,,,
m5b_smooth0,63,1.2085029446170665,0.0017867737915366888,0.27494630217552185,0.7206873893737793,0.0019177324138581753,0.0006608485127799213,2.566890903864987,,,
m5b_smooth0,64,0.5340585813319194,8.927755698096007e-05,0.011798207648098469,0.9877168536186218,0.0003262059763073921,6.884862523293123e-05,2.9835527445102343,,,
m5b_smooth0,65,0.021605408607683785,1.1074434041802306e-05,0.001319064642302692,0.9985200762748718,0.0001293043460464105,2.091043279506266e-05,2.998741635990882,,,
m5b_smooth0,66,0.0019482086845528102,3.903555807482917e-06,0.00036608989466913044,0.9994949698448181,0.00011830488801933825,1.87404020834947e-05,3.0001757126228767,,,
m5b_smooth0,67,0.0003607743592510815,2.5398949219379574e-06,0.0001879591291071847,0.9996199011802673,0.0001623697899049148,3.1024097552290186e-05,3.000770982260292,,,
m5b_smooth0,68,0.000187627985724248,2.2924941731616855e-06,0.00013604866398964077,0.9995787143707275,0.00022820051526650786,5.947668250882998e-05,3.001439818588551,,,
m5b_smooth0,69,0.0005360248098895681,3.2803648082335712e-06,0.00014768245455343276,0.9993090033531189,0.0003859805583488196,0.0001553887705085799,3.003148821097966,,,
m5b_smooth0,70,0.0010359695904753607,5.8394234656589106e-06,0.00019908820104319602,0.9987900257110596,0.00061614322476089,0.0003882532473653555,3.0066680787786026,,,
m5b_smooth0,71,0.0019560604787329794,1.1886116226378363e-05,0.00030962901655584574,0.9978125095367432,0.0009617317700758576,0.0009046214981935918,3.0138571479656093,,,
m5b_smooth0,72,0.004572833914608054,3.1452706025447696e-05,0.0005851335590705276,0.9955254793167114,0.0016936532920226455,0.002163432538509369,3.0311923624540213,,,
m5b_smooth0,73,0.009046114239026792,7.691668724874035e-05,0.0011092458153143525,0.9910027384757996,0.0030197661835700274,0.0047911168076097965,3.066946461069165,,,
m5b_smooth0,74,0.03248575215548044,0.00024204427609220147,0.002568066818639636,0.9747596979141235,0.007505030371248722,0.014924615621566772,3.202849648427218,,,
m5b_smooth0,75,0.22296860540518537,0.0006645283428952098,0.005754340440034866,0.8632758259773254,0.027428898960351944,0.10287672281265259,4.267729931045324,,,
m5b_smooth0,76,1.5804191128117964,0.0005412343889474869,0.0032888958230614662,0.07565494626760483,0.03385448083281517,0.886660635471344,12.912958060391247,,,
m5b_smooth0,77,0.2070338416233426,0.00012148784298915416,0.0005485070287249982,0.002687133150175214,0.00646510673686862,0.9901771545410156,13.923635087790899,,,
m5b_smooth0,78,0.013900827536417637,6.363663851516321e-05,0.00023484849953092635,0.00039968930650502443,0.00217432645149529,0.9971282482147217,13.980267874896526,,,
m5b_smooth0,79,0.0020161159700364806,8.117979450616986e-05,0.0002488843456376344,0.00019950271234847605,0.0013656445080414414,0.99810391664505,13.988732524740044,,,
m5b_smooth0,80,0.0005370796279748902,0.00016217590018641204,0.0004369279195088893,0.00019421994511503726,0.0012957679573446512,0.9979110360145569,13.990575021671248,,,
m5b_smooth0,81,0.004053917800774798,0.0005111550563015044,0.0012288503348827362,0.0003645598771981895,0.0020111710764467716,0.9958837628364563,13.989442710590083,,,
m5b_smooth0,82,0.01792149990797043,0.002341211074963212,0.004722253419458866,0.0010615871287882328,0.004951699171215296,0.9869232773780823,13.999967456795275,,,
m5b_smooth0,83,0.05396799696609378,0.008574210107326508,0.015741195529699326,0.002959667472168803,0.012785459868609905,0.9599390625953674,14.06771789980121,,,
m5b_smooth0,84,0.12366748903878033,0.02320362627506256,0.03927461430430412,0.007159643806517124,0.032256219536066055,0.8981051445007324,14.252236681990325,,,
m5b_smooth0,85,0.039564283564686775,0.023967884480953217,0.04377761855721474,0.009206271730363369,0.04472484439611435,0.8783233761787415,14.119070679880679,,,
m5b_smooth0,86,0.06915415590628982,0.013448333367705345,0.027888912707567215,0.007434196304529905,0.03832850977778435,0.9129008650779724,13.906003183219582,,,
m5b_smooth0,87,0.0574955646879971,0.00699806259945035,0.016371052712202072,0.005703865084797144,0.02927848882973194,0.9416479468345642,13.841387081425637,,,
m5b_smooth0,88,0.019763365387916565,0.004917244426906109,0.012077005580067635,0.005478356033563614,0.0259980671107769,0.9515305161476135,13.826960435137153,,,
m5b_smooth0,89,0.0037846281193196774,0.004248949233442545,0.01085224561393261,0.006184850819408894,0.026466280221939087,0.9522473812103271,13.801071050576866,,,
m5b_smooth0,90,0.010274272877722979,0.004280257970094681,0.011202672496438026,0.007823709398508072,0.029582753777503967,0.9471101760864258,13.758111020550132,,,
m5b_smooth0,91,0.026956181973218918,0.005095206201076508,0.01314733736217022,0.011189047247171402,0.03693588450551033,0.9336320757865906,13.681827103719115,,,
m5b_smooth0,92,0.04695385042577982,0.0068765850737690926,0.017094286158680916,0.01741892471909523,0.04845480993390083,0.9101553559303284,13.563304817304015,,,
m5b_smooth0,93,0.04183267802000046,0.008233181200921535,0.019989782944321632,0.023769652470946312,0.05876832455396652,0.8892390131950378,13.446014069020748,,,
m5b_smooth0,94,0.03279360011219978,0.009297660551965237,0.02144709788262844,0.02889113686978817,0.0675218254327774,0.8728421926498413,13.358423616737127,,,
m5b_smooth0,95,0.00488425325602293,0.009379783645272255,0.02037578448653221,0.03053351864218712,0.06823834031820297,0.8714702725410461,13.353015556931496,,,
m5b_smooth0,96,0.03332478832453489,0.008154028095304966,0.017104793339967728,0.027685673907399178,0.05892181396484375,0.8881339430809021,13.435731401666999,,,
m5b_smooth0,97,0.02454345626756549,0.007251393515616655,0.01457448210567236,0.024936676025390625,0.05283218249678612,0.9004058241844177,13.499974937178195,,,
m5b_smooth0,98,0.007843976374715567,0.006966154091060162,0.01316071581095457,0.024005495011806488,0.05154037848114967,0.9043278098106384,13.52451843302697,,,
m5b_smooth0,99,0.00414640549570322,0.007061759941279888,0.012681128457188606,0.024150904268026352,0.05337223410606384,0.9027338624000549,13.520719150081277,,,
m5b_smooth0,100,0.012952538672834635,0.0077715725637972355,0.013175488449633121,0.026223350316286087,0.056571513414382935,0.896257221698761,13.50174159090966,,,
m5b_smooth0,101,0.003976796288043261,0.007976233027875423,0.013366774655878544,0.02714896947145462,0.05458403378725052,0.8969249725341797,13.512425516732037,,,
m5b_smooth0,102,0.02003044541925192,0.008566864766180515,0.013973256573081017,0.02804916724562645,0.04456794634461403,0.9048420190811157,13.59189653582871,,,
m5b_smooth0,103,0.011287176981568336,0.009562158025801182,0.015510141849517822,0.031017906963825226,0.044710658490657806,0.8991984724998474,13.584046568721533,,,
m5b_smooth0,104,0.023756956681609154,0.010388619266450405,0.01709354668855667,0.03383458033204079,0.05136347934603691,0.887320876121521,13.523951064795256,,,
m5b_smooth0,105,0.012921147048473358,0.00998187717050314,0.016623780131340027,0.031635455787181854,0.04797857254743576,0.8937814831733704,13.55923354998231,,,
m5b_smooth0,106,0.03683605045080185,0.008576860651373863,0.014469784684479237,0.026313811540603638,0.03844089433550835,0.9121991991996765,13.647897907532752,,,
m5b_smooth0,107,0.013091842643916607,0.008184370584785938,0.013906766660511494,0.024145329371094704,0.03501906245946884,0.918745219707489,13.68497150298208,,,
m5b_smooth0,108,0.0073028309270739555,0.00821894221007824,0.014358947984874249,0.024375775828957558,0.03795325383543968,0.9150937795639038,13.657608498819172,,,
m5b_smooth0,109,0.028184174560010433,0.009237095713615417,0.016222674399614334,0.027097860351204872,0.046440184116363525,0.9010004997253418,13.590830283239484,,,
m5b_smooth0,110,0.004366685636341572,0.008924492634832859,0.015525469556450844,0.025924796238541603,0.04695846512913704,0.9026660323143005,13.594803124666214,,,
m5b_smooth0,111,0.005430113524198532,0.009076857008039951,0.015301411971449852,0.025697549805045128,0.04952160269021988,0.9004027247428894,13.589294847100973,,,
m5b_smooth0,112,0.005966180004179478,0.008684656582772732,0.014167406596243382,0.024241045117378235,0.05046510323882103,0.9024426937103271,13.59542337153107,,,
m5b_smooth0,113,0.00235074944794178,0.008978409692645073,0.013968972489237785,0.024278786033391953,0.04948780685663223,0.9032862186431885,13.617931621149182,,,
m5b_smooth0,114,0.012072339653968811,0.010386095382273197,0.015570021234452724,0.027306515723466873,0.04806568846106529,0.8986724615097046,13.638529571704566,,,
m5b_smooth0,115,0.023154018446803093,0.009912041947245598,0.014767302200198174,0.02604796178638935,0.03902329131960869,0.9102487564086914,13.704279333353043,,,
m5b_smooth0,116,0.02807937003672123,0.008927070535719395,0.013184604234993458,0.023556159809231758,0.03004368394613266,0.9242890477180481,13.769829771481454,,,
m5b_smooth0,117,0.02164511103183031,0.007842706516385078,0.01159736979752779,0.020801659673452377,0.02464696764945984,0.9351113438606262,13.808652327395976,,,
m5b_smooth0,118,0.0026295152492821217,0.007783384528011084,0.011492009274661541,0.02050822041928768,0.025962140411138535,0.9342551231384277,13.801326449029148,,,
m5b_smooth0,119,0.022911138366907835,0.008487163111567497,0.01255611889064312,0.022368526086211205,0.03378865495324135,0.9227986931800842,13.744593773037195,,,
m5b_smooth0.001,4,,0.20000606775283813,0.20000606775283813,0.20000606775283813,0.20000606775283813,0.20000606775283813,17.00051575899124,,,
m5b_smooth0.001,5,0.32058271393179893,0.24626876413822174,0.03969927504658699,0.2214938998222351,0.24626876413822174,0.24626876413822174,20.651950869709253,,,
m5b_smooth0.001,6,0.3833000725135207,0.31015220284461975,0.01079916674643755,0.05874425172805786,0.31015220284461975,0.31015220284461975,25.30936035234481,,,
m5b_smooth0.001,7,0.0721034393645823,0.3221694827079773,0.006941212806850672,0.02655060589313507,0.3221694827079773,0.3221694827079773,26.182321129832417,,,
m5b_smooth0.001,8,0.005366068799048662,0.3225824236869812,0.008385437540709972,0.023867584764957428,0.3225824236869812,0.3225824236869812,26.20916451048106,,,
m5b_smooth0.001,9,0.0898535056039691,0.33579787611961365,0.015238037332892418,0.03551052510738373,0.27765536308288574,0.33579787611961365,26.914399987086654,,,
m5b_smooth0.001,10,0.20486499555408955,0.37367117404937744,0.025147557258605957,0.05228716880083084,0.17522312700748444,0.37367117404937744,29.06023783236742,,,
m5b_smooth0.001,11,0.17735215462744236,0.41244587302207947,0.02951580472290516,0.05904521048069,0.08654665946960449,0.41244587302207947,31.333472656086087,,,
m5b_smooth0.001,12,0.09177562966942787,0.435389906167984,0.02668011002242565,0.05323747918009758,0.04930252209305763,0.435389906167984,32.75036325864494,,,
m5b_smooth0.001,13,0.02127121575176716,0.440707802772522,0.025106213986873627,0.05212559551000595,0.041352879256010056,0.440707802772522,33.08333056047559,,,
m5b_smooth0.001,14,0.021071134135127068,0.445975661277771,0.022958269342780113,0.0448743999004364,0.0402166023850441,0.445975661277771,33.44129662029445,,,
m5b_smooth0.001,15,0.01861271820962429,0.44184139370918274,0.023837175220251083,0.04383644089102745,0.048643920570611954,0.44184139370918274,33.19211707636714,,,
m5b_smooth0.001,16,0.046097200363874435,0.43655872344970703,0.025800243020057678,0.047139063477516174,0.06642664223909378,0.42407527565956116,32.76278119534254,,,
m5b_smooth0.001,17,0.1792015302926302,0.5106191039085388,0.024989595636725426,0.04723518341779709,0.08187126368284225,0.3352855145931244,36.07093743048608,,,
m5b_smooth0.001,18,0.19511238858103752,0.5766264200210571,0.023402554914355278,0.05160671845078468,0.10904818773269653,0.2393159419298172,38.889568412676454,,,
m5b_smooth0.001,19,0.12382142432034016,0.6250877380371094,0.021464571356773376,0.053509242832660675,0.1205953061580658,0.17934346199035645,41.04223219305277,,,
m5b_smooth0.001,20,0.11459621787071228,0.6817293167114258,0.018639862537384033,0.04959996044635773,0.12125188857316971,0.12877939641475677,43.72287351638079,,,
m5b_smooth0.001,21,0.17804062366485596,0.7707493305206299,0.014385346323251724,0.034274596720933914,0.09447132050991058,0.08611923456192017,48.2291374951601,,,
m5b_smooth0.001,22,0.06638755928725004,0.803900957107544,0.014427675865590572,0.028419557958841324,0.08373145014047623,0.06952054053544998,49.893151494674385,,,
m5b_smooth0.001,23,0.056253508664667606,0.7757742404937744,0.02223145216703415,0.034740645438432693,0.09028249233961105,0.07697142660617828,48.38248523697257,,,
m5b_smooth0.001,24,0.049616485834121704,0.7946779727935791,0.02722010761499405,0.03565600886940956,0.0700301080942154,0.0724150761961937,49.31888832524419,,,
m5b_smooth0.001,25,0.10740074515342712,0.8483783602714539,0.021376239135861397,0.029471831396222115,0.04229694977402687,0.05847592279314995,52.12723491713405,,,
m5b_smooth0.001,26,0.03671533614397049,0.8641584515571594,0.015996888279914856,0.026358429342508316,0.032432351261377335,0.061053816229104996,53.02635915577412,,,
m5b_smooth0.001,27,0.025753196328878403,0.853055477142334,0.014223005622625351,0.027302805334329605,0.033295758068561554,0.07212237268686295,52.522243574261665,,,
m5b_smooth0.001,28,0.0773896835744381,0.8143612742424011,0.018458068370819092,0.034679215401411057,0.04545183479785919,0.08705030381679535,50.52103926613927,,,
m5b_smooth0.001,29,0.01244453713297844,0.8113714456558228,0.018645409494638443,0.032625503838062286,0.051486674696207047,0.08587148785591125,50.3614162132144,,,
m5b_smooth0.001,30,0.03436331823468208,0.8285533785820007,0.0184920784085989,0.030490292236208916,0.05138680338859558,0.07107851654291153,51.1779725253582,,,
m5b_smooth0.001,31,0.014664435759186745,0.8212202787399292,0.02065214328467846,0.031374722719192505,0.05555024743080139,0.07120191305875778,50.77367155067623,,,
m5b_smooth0.001,32,0.013995574787259102,0.8282179236412048,0.019039252772927284,0.030831223353743553,0.05483570322394371,0.06707491725683212,51.127507105469704,,,
m5b_smooth0.001,33,0.017637446522712708,0.8211793899536133,0.017260439693927765,0.03308294340968132,0.054854195564985275,0.07362480461597443,50.80199930071831,,,
m5b_smooth0.001,34,0.010238401591777802,0.826298177242279,0.017232980579137802,0.03293069824576378,0.051485203206539154,0.07205388695001602,51.06306654959917,,,
m5b_smooth0.001,35,0.034588027745485306,0.8434491157531738,0.017375700175762177,0.028539467602968216,0.04397481679916382,0.06666113436222076,51.951020646840334,,,
m5b_smooth0.001,36,0.0318404883146286,0.8275289535522461,0.022062405943870544,0.029640953987836838,0.04834479093551636,0.0724232941865921,51.11506213620305,,,
m5b_smooth0.001,37,0.04791484586894512,0.8035717606544495,0.024584142491221428,0.03222758695483208,0.055708639323711395,0.08390872925519943,49.90025522746146,,,
m5b_smooth0.001,38,0.012508122250437737,0.7993897199630737,0.022511858493089676,0.033106666058301926,0.05737268552184105,0.08761940151453018,49.71349547430873,,,
m5b_smooth0.001,39,0.023419545963406563,0.7887730598449707,0.02141898311674595,0.03820343315601349,0.0638209879398346,0.08778434246778488,49.13814058341086,,,
m5b_smooth0.001,40,0.03457666002213955,0.8060607314109802,0.020139455795288086,0.037492211908102036,0.06002449989318848,0.07628259062767029,49.98438774421811,,,
m5b_smooth0.001,41,0.05199140124022961,0.7800647616386414,0.0230035912245512,0.042574506253004074,0.06610125303268433,0.08825483918190002,48.652889328077435,,,
m5b_smooth0.001,42,0.09072468802332878,0.8254277110099792,0.018071142956614494,0.03233909606933594,0.04748940467834473,0.07667280733585358,51.04659622721374,,,
m5b_smooth0.001,43,0.027661940082907677,0.8121070861816406,0.01776031032204628,0.033918704837560654,0.04729051887989044,0.08892479538917542,50.421922363340855,,,
m5b_smooth0.001,44,0.020630380138754845,0.8017916679382324,0.018177209421992302,0.03888816386461258,0.049241796135902405,0.09190212190151215,49.87366405688226,,,
m5b_smooth0.001,45,0.011891741305589676,0.795845627784729,0.01965595968067646,0.04168355092406273,0.04963420704007149,0.09318127483129501,49.547421576455235,,,
m5b_smooth0.001,46,0.04740598797798157,0.8195482492446899,0.017746349796652794,0.03257123753428459,0.04211486130952835,0.08801917731761932,50.81542752869427,,,
m5b_smooth0.001,47,0.03146682493388653,0.8352815508842468,0.01580442115664482,0.02512555941939354,0.0368933267891407,0.08689479529857635,51.68285457417369,,,
m5b_smooth0.001,48,0.011293381452560425,0.8331108689308167,0.017123157158493996,0.026128044351935387,0.04021880403161049,0.08341879397630692,51.53155416995287,,,
m5b_smooth0.001,49,0.021260080859065056,0.8295871019363403,0.01885075308382511,0.029705539345741272,0.045544132590293884,0.07631289958953857,51.270383009687066,,,
m5b_smooth0.001,50,0.021968865767121315,0.8287091255187988,0.021373730152845383,0.03543713316321373,0.048274051398038864,0.06620649993419647,51.11504201963544,,,
m5b_smooth0.001,51,0.021434945985674858,0.8394266963005066,0.0201407577842474,0.03437693789601326,0.04623936861753464,0.05981697514653206,51.649986581876874,,,
m5b_smooth0.001,52,0.044193604961037636,0.8189069032669067,0.018563568592071533,0.03562422841787338,0.05199006572365761,0.07491561025381088,50.67259945347905,,,
m5b_smooth0.001,53,0.10365742817521095,0.7670780420303345,0.01889421045780182,0.0382966548204422,0.06348977982997894,0.11224139481782913,48.17427468299866,,,
m5b_smooth0.001,54,0.10210445523262024,0.8181297779083252,0.01632343977689743,0.030712682753801346,0.05266312137246132,0.08217007666826248,50.71527108550072,,,
m5b_smooth0.001,55,0.0711799394339323,0.8534929156303406,0.01615215465426445,0.03094022534787655,0.041787486523389816,0.057627737522125244,52.41784849949181,,,
m5b_smooth0.001,56,0.06515716016292572,0.8209139108657837,0.01999899186193943,0.04205486550927162,0.051239460706710815,0.06579244136810303,50.680768644437194,,,
m5b_smooth0.001,57,0.04218132607638836,0.8049039840698242,0.01859869807958603,0.0383748859167099,0.053969793021678925,0.08415323495864868,49.983896240592,,,
m5b_smooth0.001,58,0.05097411572933197,0.8223792910575867,0.01581311598420143,0.026546791195869446,0.04309562221169472,0.09216419607400894,51.030179053545,,,
m5b_smooth0.001,59,0.12379910424351692,0.7604801654815674,0.021164029836654663,0.03610847890377045,0.06078371778130531,0.12146347761154175,47.88427410647273,,,
m5b_smooth0.001,60,0.03208865597844124,0.7650984525680542,0.0205656960606575,0.041309699416160583,0.06700954586267471,0.10601849108934402,48.00372764468193,,,
m5b_smooth0.001,61,0.602258138358593,0.4773242175579071,0.20026321709156036,0.14097096025943756,0.08877884596586227,0.09266266971826553,31.181358449161053,,,
m5b_smooth0.001,62,1.3342414097860456,0.017412545159459114,0.8673838973045349,0.10502894967794418,0.005766143091022968,0.0044083259999752045,2.329303021542728,,,
m5b_smooth0.001,63,1.300544912344776,0.0022797822020947933,0.23901090025901794,0.755301833152771,0.002372939372435212,0.001035260851494968,2.6728075593709946,,,
m5b_smooth0.001,64,0.4679606923891697,0.0001297215058002621,0.0100121283903718,0.9892815947532654,0.00044299301225692034,0.0001331089879386127,2.9906046799151227,,,
m5b_smooth0.001,65,0.01863938417409372,1.8215347154182382e-05,0.0011458974331617355,0.9986011385917664,0.00018725445261225104,4.67443278466817e-05,3.000007435795851,,,
m5b_smooth0.001,66,0.0016942055563049507,6.967861736484338e-06,0.0003282529069110751,0.9994493126869202,0.00017286416550632566,4.3995165469823405e-05,3.0009202441469824,,,
m5b_smooth0.001,67,0.00031301607259592856,4.865357823291561e-06,0.00017471583851147443,0.9995192885398865,0.00023285270435735583,7.140727393561974e-05,3.0016541736931686,,,
m5b_smooth0.001,68,0.00028976268231417635,4.612119482771959e-06,0.00013109315477777272,0.999417245388031,0.0003195505414623767,0.00012855304521508515,3.002696152911085,,,
m5b_smooth0.001,69,0.0008117320621749968,6.940739694982767e-06,0.00014840331277810037,0.9990111589431763,0.0005313829751685262,0.00030272745061665773,3.0055561896588188,,,
m5b_smooth0.001,70,0.0015194658271866501,1.280369997402886e-05,0.00020863649842794985,0.99825119972229,0.0008497381350025535,0.0006777827511541545,3.011167583124916,,,
m5b_smooth0.001,71,0.002870678582439723,2.706133273022715e-05,0.00033993710530921817,0.9968156218528748,0.0013665326405316591,0.001450530719012022,3.022283641177637,,,
m5b_smooth0.001,72,0.0069380298500618665,7.352409738814458e-05,0.0006758647505193949,0.9933468699455261,0.002555121900513768,0.0033488289918750525,3.0498973796202336,,,
m5b_smooth0.001,73,0.016428139533672947,0.00018774185446090996,0.0013653741916641593,0.9851323962211609,0.005162145011126995,0.008151744492352009,3.1182865120936185,,,
m5b_smooth0.001,74,0.09066595465992577,0.0006343265413306653,0.003511097515001893,0.9397997260093689,0.017168791964650154,0.03888607397675514,3.5255564474500716,,,
m5b_smooth0.001,75,1.2272019141237251,0.0011787087423726916,0.00529916025698185,0.3261985182762146,0.06819690763950348,0.5991262197494507,9.919762669596821,,,
m5b_smooth0.001,76,0.7535886435798602,0.00023621231957804412,0.0007837667362764478,0.0072821155190467834,0.015777133405208588,0.9759207963943481,13.810133935825434,,,
m5b_smooth0.001,77,0.03699946533743059,9.658114140620455e-05,0.0002574337413534522,0.0006698092329315841,0.00455578975379467,0.9944206476211548,13.96184132489725,,,
m5b_smooth0.001,78,0.005625590645649936,8.849424193613231e-05,0.00020124067668803036,0.00021258025662973523,0.002264808863401413,0.9972337484359741,13.983274776110193,,,
m5b_smooth0.001,79,0.0006901526066940278,0.00017288760864175856,0.0003392234502825886,0.00018891869694925845,0.0019428238738328218,0.9973558783531189,13.98786130012013,,,
m5b_smooth0.001,80,0.002634585544001311,0.000472446670755744,0.000833877653349191,0.00027990303351543844,0.0023753067944198847,0.9960389733314514,13.9911931612005,,,
m5b_smooth0.001,81,0.011750082281650975,0.001790719456039369,0.002889984054490924,0.0006974056013859808,0.004458277486264706,0.9901637434959412,14.00592571956804,,,
m5b_smooth0.001,82,0.048070361430291086,0.008188243955373764,0.01161090936511755,0.00228498806245625,0.011787093244493008,0.9661282300949097,14.118065384915099,,,
m5b_smooth0.001,83,0.09429387585259974,0.021384064108133316,0.029509562999010086,0.005350641440600157,0.024773985147476196,0.9189813733100891,14.36776245618239,,,
m5b_smooth0.001,84,0.053062659688293934,0.02576158195734024,0.03796190768480301,0.007659472990781069,0.03616631403565407,0.8924497365951538,14.354095754679292,,,
m5b_smooth0.001,85,0.058576087933033705,0.014213134534657001,0.025515910238027573,0.006504781544208527,0.03202759474515915,0.9217379689216614,14.026343055069447,,,
m5b_smooth0.001,86,0.04117957130074501,0.007712120655924082,0.01650732010602951,0.0053741042502224445,0.028078371658921242,0.9423280358314514,13.88449797546491,,,
m5b_smooth0.001,87,0.012364425230771303,0.005250033922493458,0.012838363647460938,0.005322675686329603,0.028254620730876923,0.948333740234375,13.818263134453446,,,
m5b_smooth0.001,88,0.011958718299865723,0.004950535949319601,0.012764642015099525,0.006704011932015419,0.032853323966264725,0.9427282810211182,13.75807803682983,,,
m5b_smooth0.001,89,0.016416887287050486,0.005178376100957394,0.013851308263838291,0.009007833898067474,0.03744354844093323,0.9345199465751648,13.696961467154324,,,
m5b_smooth0.001,90,0.01794038387015462,0.005597149487584829,0.015208822675049305,0.01210707612335682,0.04153784364461899,0.9255493879318237,13.635815356858075,,,
m5b_smooth0.001,91,0.02228677412495017,0.0063284579664468765,0.016770239919424057,0.016330957412719727,0.04616522043943405,0.9144065976142883,13.57031949982047,,,
m5b_smooth0.001,92,0.026007712818682194,0.007483306340873241,0.018891064450144768,0.02197951264679432,0.0502442829310894,0.9014021754264832,13.505168419331312,,,
m5b_smooth0.001,93,0.005831280257552862,0.007553684059530497,0.018399884924292564,0.024824008345603943,0.04783407598733902,0.9013871550559998,13.500351656228304,,,
m5b_smooth0.001,94,0.0094183967448771,0.007825332693755627,0.01789775677025318,0.026904424652457237,0.050191979855298996,0.8971808552742004,13.480006825178862,,,
m5b_smooth0.001,95,0.002351936884224415,0.007841451093554497,0.016721932217478752,0.027366414666175842,0.05068899691104889,0.8973818421363831,13.487477010115981,,,
m5b_smooth0.001,96,0.01441725017502904,0.007294944953173399,0.014828333631157875,0.025683818385004997,0.04760309308767319,0.9045904874801636,13.52706496231258,,,
m5b_smooth0.001,97,0.009054454509168863,0.007413587532937527,0.014289137907326221,0.025785040110349655,0.05190974473953247,0.9006017446517944,13.508252148516476,,,
m5b_smooth0.001,98,0.014026809483766556,0.00781258288770914,0.014079892076551914,0.026724794879555702,0.05758492648601532,0.8937981128692627,13.479277315549552,,,
m5b_smooth0.001,99,0.0016688816249370575,0.007905744947493076,0.013545832596719265,0.026425078511238098,0.057637542486190796,0.8944874405860901,13.493452730588615,,,
m5b_smooth0.001,100,0.0028372257947921753,0.008353274315595627,0.013608964160084724,0.02733222208917141,0.05728021636605263,0.8934253454208374,13.505718439817429,,,
m5b_smooth0.001,101,0.013254603371024132,0.008085587061941624,0.013100598938763142,0.026516929268836975,0.05224410071969032,0.9000524878501892,13.544230145402253,,,
m5b_smooth0.001,102,0.013938955031335354,0.008528062142431736,0.013583054766058922,0.026956832036376,0.045275259763002396,0.9056577682495117,13.602272853255272,,,
m5b_smooth0.001,103,0.01321024727076292,0.009424487128853798,0.01502961479127407,0.029539920389652252,0.04695327207446098,0.8990516066551208,13.584514001384377,,,
m5b_smooth0.001,104,0.022553879767656326,0.010170891880989075,0.016547512263059616,0.03205150365829468,0.05345454439520836,0.8877748847007751,13.525985732674599,,,
m5b_smooth0.001,105,0.008251427672803402,0.009963172487914562,0.016490019857883453,0.030722929164767265,0.050922974944114685,0.8919009566307068,13.549523374065757,,,
m5b_smooth0.001,106,0.03205615282058716,0.008816546760499477,0.014823108911514282,0.026470603421330452,0.04196079075336456,0.9079290628433228,13.627960139885545,,,
m5b_smooth0.001,107,0.0027720462530851364,0.008831439539790154,0.015024355612695217,0.025762775912880898,0.04128263145685196,0.9090989828109741,13.638563235290349,,,
m5b_smooth0.001,108,0.007917668670415878,0.008866299875080585,0.015583278611302376,0.026268165558576584,0.04414236545562744,0.905140221118927,13.607325421646237,,,
m5b_smooth0.001,109,0.021548873744904995,0.009614875540137291,0.017076438292860985,0.02847517840564251,0.05046764016151428,0.8943653702735901,13.553783170878887,,,
m5b_smooth0.001,110,0.02424254734069109,0.008635321632027626,0.015190635807812214,0.025410102680325508,0.0442773811519146,0.906487226486206,13.610303080640733,,,
m5b_smooth0.001,111,0.003355947323143482,0.008666682057082653,0.014755715616047382,0.024947283789515495,0.04592418298125267,0.9057071805000305,13.610968298278749,,,
m5b_smooth0.001,112,0.0059389593079686165,0.008282952010631561,0.013614709489047527,0.023505156859755516,0.04592123255133629,0.9086763262748718,13.624024496413767,,,
m5b_smooth0.001,113,0.008295982144773006,0.00890277698636055,0.013916444033384323,0.0244736485183239,0.04817885905504227,0.904528021812439,13.62214832752943,,,
m5b_smooth0.001,114,0.015452099032700062,0.01052605826407671,0.015817511826753616,0.028074096888303757,0.04878014698624611,0.8968020081520081,13.628292441368103,,,
m5b_smooth0.001,115,0.027947559021413326,0.009825536981225014,0.014628717675805092,0.026029208675026894,0.03874056413769722,0.9107757806777954,13.704293441027403,,,
m5b_smooth0.001,116,0.024243605323135853,0.00892121996730566,0.01313864253461361,0.02365967258810997,0.03138292208313942,0.9228978157043457,13.759640732780099,,,
m5b_smooth0.001,117,0.014253053814172745,0.008132155984640121,0.011976613663136959,0.021693890914320946,0.028173252940177917,0.9300243258476257,13.782540977932513,,,
m5b_smooth0.001,118,0.010007369332015514,0.008396758697926998,0.01235948409885168,0.022341201081871986,0.031882088631391525,0.9250205755233765,13.756651286967099,,,
m5b_smooth0.001,119,0.021905074827373028,0.009039399214088917,0.01336192712187767,0.024118339642882347,0.03941240906715393,0.9140680432319641,13.700920367613435,,,
m5b_smooth0.01,4,,0.20000606775283813,0.20000606775283813,0.20000606775283813,0.20000606775283813,0.20000606775283813,17.00051575899124,,,
m5b_smooth0.01,5,0.31127502396702766,0.2468549758195877,0.04435379430651665,0.2150820940732956,0.2468549758195877,0.2468549758195877,20.684853117913008,,,
m5b_smooth0.01,6,0.2681310139596462,0.2915433645248413,0.01664915680885315,0.10872088372707367,0.2915433645248413,0.2915433645248413,23.95782433450222,,,
m5b_smooth0.01,7,0.08082222007215023,0.30501365661621094,0.013606132939457893,0.07135256379842758,0.30501365661621094,0.30501365661621094,24.933770010247827,,,
m5b_smooth0.01,8,0.011547809466719627,0.3030894100666046,0.017320387065410614,0.07341337949037552,0.3030894100666046,0.3030894100666046,24.78780274093151,,,
m5b_smooth0.01,9,0.04545031115412712,0.2930605113506317,0.025766130536794662,0.08769159018993378,0.3004208505153656,0.2930605113506317,24.078264694660902,,,
m5b_smooth0.01,10,0.12084910459816456,0.3225264549255371,0.027259042486548424,0.06532187014818192,0.26236626505851746,0.3225264549255371,25.926746172830462,,,
m5b_smooth0.01,11,0.11809181794524193,0.35204944014549255,0.026390912011265755,0.052129313349723816,0.21738110482692719,0.35204944014549255,27.756105156615376,,,
m5b_smooth0.01,12,0.06067989394068718,0.36721912026405334,0.026289617642760277,0.047250568866729736,0.19202060997486115,0.36721912026405334,28.686400493606925,,,
m5b_smooth0.01,13,0.04853173531591892,0.37690120935440063,0.028099041432142258,0.050343144685029984,0.16775505244731903,0.37690120935440063,29.244103334844112,,,
m5b_smooth0.01,14,0.03869623318314552,0.3865754008293152,0.02735421434044838,0.046264342963695526,0.15323083102703094,0.3865754008293152,29.845342721790075,,,
m5b_smooth0.01,15,0.0049138423055410385,0.38733577728271484,0.027244610711932182,0.04720015078783035,0.15088315308094025,0.38733577728271484,29.887874653562903,,,
m5b_smooth0.01,16,0.0678497664630413,0.3534106910228729,0.02755832113325596,0.052159376442432404,0.15622924268245697,0.4106414318084717,28.23126265592873,,,
m5b_smooth0.01,17,0.03736487962305546,0.34993213415145874,0.02515604719519615,0.04908817633986473,0.1464991420507431,0.4293241798877716,28.20438113808632,,,
m5b_smooth0.01,18,0.04121802933514118,0.3495674133300781,0.02431708760559559,0.05056782439351082,0.16562826931476593,0.4099186062812805,28.048323733732104,,,
m5b_smooth0.01,19,0.2689908295869827,0.48406270146369934,0.024003127589821815,0.04877076670527458,0.15212410688400269,0.29103824496269226,34.35348169319332,,,
m5b_smooth0.01,20,0.03854355402290821,0.5012844800949097,0.023380741477012634,0.0508212186396122,0.15187968313694,0.27263373136520386,35.13294322416186,,,
m5b_smooth0.01,21,0.04872375726699829,0.48281803727149963,0.02275751158595085,0.04931580275297165,0.14811301231384277,0.29699572920799255,34.33451845124364,,,
m5b_smooth0.01,22,0.042154550552368164,0.5038951635360718,0.022551394999027252,0.04000071808695793,0.13822264969348907,0.29532986879348755,35.47844007238746,,,
m5b_smooth0.01,23,0.08765139803290367,0.5453491806983948,0.024922948330640793,0.03802235797047615,0.13544155657291412,0.25626349449157715,37.395720683038235,,,
m5b_smooth0.01,24,0.29829330928623676,0.6944965124130249,0.024062199518084526,0.03409521281719208,0.10321992635726929,0.1441270411014557,44.53645664267242,,,
m5b_smooth0.01,25,0.1357774455100298,0.7617248296737671,0.022975724190473557,0.03475535660982132,0.08033347874879837,0.10021097958087921,47.79601963981986,,,
m5b_smooth0.01,26,0.04486951231956482,0.7824591398239136,0.021192844957113266,0.03645546734333038,0.07112167030572891,0.08877057582139969,48.81874739006162,,,
m5b_smooth0.01,27,0.025052232667803764,0.7949855923652649,0.018880395218729973,0.03433139622211456,0.06561794131994247,0.0861850455403328,49.486926352605224,,,
m5b_smooth0.01,28,0.06085463427007198,0.7645580768585205,0.02250801771879196,0.039451275020837784,0.07444989681243896,0.09903270751237869,47.92195363715291,,,
m5b_smooth0.01,29,0.04258891940116882,0.78585284948349,0.020361077040433884,0.034717708826065063,0.06891375035047531,0.0901552140712738,49.02025442197919,,,
m5b_smooth0.01,30,0.02882532775402069,0.8002651929855347,0.019820090383291245,0.03250633180141449,0.0641806349158287,0.08322770893573761,49.74770303443074,,,
m5b_smooth0.01,31,0.06442245468497276,0.8324762582778931,0.019231827929615974,0.026990672573447227,0.05441948026418686,0.06688139587640762,51.366055246442556,,,
m5b_smooth0.01,32,0.005058476701378822,0.8315427303314209,0.01916632242500782,0.028118960559368134,0.05582103878259659,0.06535179913043976,51.3017594832927,,,
m5b_smooth0.01,33,0.03890614025294781,0.8127240538597107,0.018532026559114456,0.032689765095710754,0.0628664419054985,0.07318875938653946,50.34475227817893,,,
m5b_smooth0.01,34,0.004622858017683029,0.8145679235458374,0.018495965749025345,0.03210446983575821,0.06117663159966469,0.0736565813422203,50.44831334799528,,,
m5b_smooth0.01,35,0.01690702885389328,0.8225691914558411,0.018947338685393333,0.028723830357193947,0.057277556508779526,0.0724819079041481,50.87495992332697,,,
m5b_smooth0.01,36,0.04140928015112877,0.8432729244232178,0.018881749361753464,0.024885497987270355,0.050267744809389114,0.06269009411334991,51.91944923996925,,,
m5b_smooth0.01,37,0.02457897551357746,0.8309840559959412,0.02110733650624752,0.027960143983364105,0.053541380912065506,0.06640633195638657,51.26850944198668,,,
m5b_smooth0.01,38,0.02036021649837494,0.8208042979240417,0.022008469328284264,0.031237352639436722,0.05594500154256821,0.07000482827425003,50.73566100932658,,,
m5b_smooth0.01,39,0.003214186057448387,0.8201051950454712,0.021133027970790863,0.031204618513584137,0.057351354509592056,0.07020538300275803,50.70539342984557,,,
m5b_smooth0.01,40,0.019714612513780594,0.829962968826294,0.019685430452227592,0.029731912538409233,0.05486853048205376,0.06575167179107666,51.21126241609454,,,
m5b_smooth0.01,41,0.048301808536052704,0.8058120012283325,0.021784812211990356,0.03587302565574646,0.06207282841205597,0.07445771992206573,49.95504184067249,,,
m5b_smooth0.01,42,0.011883050203323364,0.8113837242126465,0.020540468394756317,0.03539238125085831,0.057856082916259766,0.07482731342315674,50.26231603324413,,,
m5b_smooth0.01,43,0.009676085785031319,0.8097296357154846,0.019612928852438927,0.03656996786594391,0.0555993914604187,0.07848749309778214,50.20112161897123,,,
m5b_smooth0.01,44,0.054415058344602585,0.836937665939331,0.01680293120443821,0.03255350887775421,0.0448746457695961,0.068831667304039,51.60848927684128,,,
m5b_smooth0.01,45,0.023944035172462463,0.8249654173851013,0.01845773495733738,0.03669463470578194,0.045095402747392654,0.07478676736354828,50.98914924450219,,,
m5b_smooth0.01,46,0.0046786777675151825,0.8262151479721069,0.01841033436357975,0.03450874984264374,0.044989246875047684,0.07587627321481705,51.0720380153507,,,
m5b_smooth0.01,47,0.01011650450527668,0.8303412199020386,0.01724277436733246,0.030854452401399612,0.044752612709999084,0.07680821418762207,51.31886261329055,,,
m5b_smooth0.01,48,0.017153440043330193,0.8217650651931763,0.018203264102339745,0.031956207007169724,0.046935535967350006,0.08114033192396164,50.88448919542134,,,
m5b_smooth0.01,49,0.007669635117053986,0.8255448341369629,0.0182582288980484,0.031089426949620247,0.04635735973715782,0.07875038683414459,51.07122349180281,,,
m5b_smooth0.01,50,0.03841053135693073,0.8063388466835022,0.02152201533317566,0.03654652461409569,0.05131009593605995,0.0842813104391098,50.05060140788555,,,
m5b_smooth0.01,51,0.05082683265209198,0.831752598285675,0.019786488264799118,0.03249983489513397,0.04533287510275841,0.07062766700983047,51.32855935394764,,,
m5b_smooth0.01,52,0.018482448533177376,0.823079526424408,0.01921817474067211,0.03503822907805443,0.048512350767850876,0.07415086030960083,50.88680294714868,,,
m5b_smooth0.01,53,0.006087776273488998,0.824762225151062,0.01750204898416996,0.03371117636561394,0.04957679286599159,0.07444831728935242,50.99368307925761,,,
m5b_smooth0.01,54,0.032761842012405396,0.8411430716514587,0.016031211242079735,0.02967662736773491,0.046301163733005524,0.06684833765029907,51.833630265668035,,,
m5b_smooth0.01,55,0.017110077664256096,0.849374532699585,0.01599932834506035,0.029999829828739166,0.043153345584869385,0.06147262454032898,52.23116094246507,,,
m5b_smooth0.01,56,0.016978085041046143,0.8408858776092529,0.01725791022181511,0.032654061913490295,0.045636408030986786,0.0635661780834198,51.77775410190225,,,
m5b_smooth0.01,57,0.009772127494215965,0.8441803455352783,0.01621817611157894,0.02880743145942688,0.045894719660282135,0.06489916145801544,51.98331250064075,,,
m5b_smooth0.01,58,0.039464917965233326,0.86391282081604,0.015191742219030857,0.023563038557767868,0.03874780610203743,0.058584459125995636,53.01206717733294,,,
m5b_smooth0.01,59,0.057200328446924686,0.8353128433227539,0.018723033368587494,0.03044622205197811,0.04572845622897148,0.06978968530893326,51.52598708681762,,,
m5b_smooth0.01,60,0.021720727905631065,0.846173107624054,0.0170437004417181,0.028881141915917397,0.04276223108172417,0.06513985991477966,52.08536724001169,,,
m5b_smooth0.01,61,0.08325662091374397,0.8216906785964966,0.05201330408453941,0.03554018586874008,0.03385875001549721,0.05689779669046402,50.49365498125553,,,
m5b_smooth0.01,62,1.6787255592644215,0.03214089572429657,0.7767186760902405,0.15019652247428894,0.022394398227334023,0.018548080697655678,3.572195904329419,,,
m5b_smooth0.01,63,0.7927713888930157,0.0012720568338409066,0.4393843114376068,0.5465832352638245,0.009231365285813808,0.003529641078785062,2.269491959363222,,,
m5b_smooth0.01,64,0.8479065228857507,4.505255856201984e-05,0.027237121015787125,0.9705366492271423,0.001791871851310134,0.00039022028795443475,2.9595564092014683,,,
m5b_smooth0.01,65,0.05074079352289118,3.965697942476254e-06,0.003532838076353073,0.9959070086479187,0.00047804979840293527,7.897803880041465e-05,2.995943847028684,,,
m5b_smooth0.01,66,0.005420975449624166,1.146700242316001e-06,0.0011000426020473242,0.9986171722412109,0.00024174581631086767,4.0084636566461995e-05,2.9992737669663256,,,
m5b_smooth0.01,67,0.0010933287525745072,6.476200837823853e-07,0.000620358157902956,0.9991647005081177,0.00017992952780332416,3.6283963709138334e-05,2.999920799073834,,,
m5b_smooth0.01,68,0.0002914811852861021,5.42722148111352e-07,0.0004997014766559005,0.9993057250976562,0.00015551366959698498,4.156312206760049e-05,3.0001199194946366,,,
m5b_smooth0.01,69,0.00030486032176213484,7.339821763707732e-07,0.0005864396807737648,0.9991517663002014,0.00018877803813666105,7.227081368910149e-05,3.0004190151705643,,,
m5b_smooth0.01,70,0.0008052470588495453,1.2889344134237035e-06,0.0008486189763061702,0.998749852180481,0.0002593796525616199,0.00014226789062377065,3.0009829196192186,,,
m5b_smooth0.01,71,0.0017074639662268964,2.5875954179355176e-06,0.0013979722280055285,0.9978950023651123,0.0004005124210380018,0.0003030973603017628,3.0022851850399093,,,
m5b_smooth0.01,72,0.004198078301442365,6.916676284163259e-06,0.0026815831661224365,0.9957959651947021,0.0007653062348254025,0.0007494046585634351,3.0063332881909446,,,
m5b_smooth0.01,73,0.00821075197745813,1.6690899428795092e-05,0.005151371005922556,0.9916912317276001,0.001445210655219853,0.0016959566855803132,3.015086388339114,,,
m5b_smooth0.01,74,0.02203639412073244,5.1159862778149545e-05,0.011201516725122929,0.9806727170944214,0.0034707593731582165,0.00460367277264595,3.045035994204227,,,
m5b_smooth0.01,75,0.047118911643337924,0.00012025899923173711,0.02220967784523964,0.95711350440979,0.008212242275476456,0.01234462857246399,3.131076226971345,,,
m5b_smooth0.01,76,0.22021958514960716,0.00041800193139351904,0.053115397691726685,0.8470034003257751,0.032679423689842224,0.06678346544504166,3.782930196612142,,,
m5b_smooth0.01,77,1.3155304123356473,0.0006826544413343072,0.051532648503780365,0.1908208280801773,0.09445269405841827,0.6625106334686279,10.60127212619409,,,
m5b_smooth0.01,78,0.5821089149249019,0.00018120188906323165,0.007557192351669073,0.008691948838531971,0.030004173517227173,0.953565239906311,13.604447725520004,,,
m5b_smooth0.01,79,0.04915388656081632,9.997292363550514e-05,0.0026785668451339006,0.0014118388062343001,0.017666557803750038,0.9781415462493896,13.830560010799672,,,
m5b_smooth0.01,80,0.008842232389724813,9.650189895182848e-05,0.0019358897116035223,0.0005604812176898122,0.014843899756669998,0.9825636148452759,13.869205353432335,,,
m5b_smooth0.01,81,0.007293617585673928,0.00016569584840908647,0.002619881182909012,0.0005070516490377486,0.01773739792406559,0.9789701104164124,13.8438261183328,,,
m5b_smooth0.01,82,0.019983658974524587,0.00046852981904521585,0.005246932152658701,0.0008093258365988731,0.024497728794813156,0.9689789414405823,13.772975980537012,,,
m5b_smooth0.01,83,0.014813093526754528,0.0011428020661696792,0.010371733456850052,0.0013780028093606234,0.025535346940159798,0.961571216583252,13.723818326601759,,,
m5b_smooth0.01,84,0.038737948634661734,0.00321294367313385,0.022078020498156548,0.0029121499974280596,0.029594309628009796,0.9422028064727783,13.621590548893437,,,
m5b_smooth0.01,85,0.03642558236606419,0.006180400960147381,0.03513755649328232,0.005097865592688322,0.02572714164853096,0.9278571009635925,13.591344615910202,,,
m5b_smooth0.01,86,0.028023744001984596,0.009541003033518791,0.043275151401758194,0.007611269596964121,0.024153951555490494,0.9154181480407715,13.623500875663012,,,
m5b_smooth0.01,87,0.012313613202422857,0.01029872614890337,0.03827492147684097,0.008999944664537907,0.02299800142645836,0.9194291830062866,13.716192896477878,,,
m5b_smooth0.01,88,0.01923833880573511,0.00982438400387764,0.02913007326424122,0.009821590967476368,0.024762095883488655,0.9264625906944275,13.791868827305734,,,
m5b_smooth0.01,89,0.017597621306777,0.008465742692351341,0.02169019542634487,0.010022453032433987,0.02649197354912758,0.9333309531211853,13.811779274605215,,,
m5b_smooth0.01,90,0.011573203839361668,0.007284007966518402,0.017084740102291107,0.010412769392132759,0.028646251186728477,0.9365723729133606,13.797900505363941,,,
m5b_smooth0.01,91,0.011596876196563244,0.006877676583826542,0.014887266792356968,0.011739448644220829,0.03311801329255104,0.933377742767334,13.761880699545145,,,
m5b_smooth0.01,92,0.013748448342084885,0.0071745216846466064,0.014691624790430069,0.01434106845408678,0.03709365427494049,0.9266990423202515,13.72162830363959,,,
m5b_smooth0.01,93,0.005409769248217344,0.00683960085734725,0.013684753328561783,0.0156420785933733,0.03573061525821686,0.928102970123291,13.714542929083109,,,
m5b_smooth0.01,94,0.02626787731423974,0.007711776532232761,0.015129988081753254,0.019454017281532288,0.04273531958460808,0.9149691462516785,13.64491391647607,,,
m5b_smooth0.01,95,0.003655645065009594,0.007916889153420925,0.014987019822001457,0.021076416596770287,0.04187353327870369,0.9141457676887512,13.64438509941101,,,
m5b_smooth0.01,96,0.004199934657663107,0.007522562053054571,0.014375565573573112,0.02097511850297451,0.040880847722291946,0.9162459373474121,13.642263701185584,,,
m5b_smooth0.01,97,0.013444118201732635,0.007733978796750307,0.014927077107131481,0.022169271484017372,0.045645732432603836,0.9095237851142883,13.598326737992465,,,
m5b_smooth0.01,98,0.0011627674102783203,0.007740044500678778,0.014481667429208755,0.022594599053263664,0.04579627513885498,0.9093883633613586,13.598679147660732,,,
m5b_smooth0.01,99,0.006439353805035353,0.007974409498274326,0.014833902940154076,0.023897994309663773,0.047125909477472305,0.9061686396598816,13.581234777346253,,,
m5b_smooth0.01,100,0.004620007239282131,0.008123643696308136,0.014595843851566315,0.0244674663990736,0.04505405202507973,0.9077600240707397,13.59943556599319,,,
m5b_smooth0.01,101,0.001765921711921692,0.007756535895168781,0.014551722444593906,0.02418505772948265,0.044864095747470856,0.9086423516273499,13.587540642358363,,,
m5b_smooth0.01,102,0.012323468923568726,0.008471563458442688,0.0157530028373003,0.025868922472000122,0.047426000237464905,0.902480959892273,13.568369017913938,,,
m5b_smooth0.01,103,0.0077659981325268745,0.00848239567130804,0.015992160886526108,0.025863349437713623,0.04354846850037575,0.906113862991333,13.592959310859442,,,
m5b_smooth0.01,104,0.026159328408539295,0.009314553812146187,0.017925938591361046,0.028929248452186584,0.0507962591946125,0.8930341601371765,13.52163896895945,,,
m5b_smooth0.01,105,0.004280989058315754,0.00957846362143755,0.018453802913427353,0.02939639240503311,0.04865574091672897,0.8939157128334045,13.536760963499546,,,
m5b_smooth0.01,106,0.010952956974506378,0.009283463470637798,0.018065154552459717,0.028358647599816322,0.044900473207235336,0.8993920087814331,13.565940340980887,,,
m5b_smooth0.01,107,0.014797816053032875,0.0099414037540555,0.019254030659794807,0.03006666898727417,0.04874502494931221,0.8919935822486877,13.535063588991761,,,
m5b_smooth0.01,108,0.02446032129228115,0.008861144073307514,0.017591457813978195,0.027328208088874817,0.04199615493416786,0.9042237401008606,13.584350172430277,,,
m5b_smooth0.01,109,0.01581342425197363,0.009407371282577515,0.018478015437722206,0.02914622239768505,0.04665234312415123,0.8963173031806946,13.545367605984211,,,
m5b_smooth0.01,110,0.04360025655478239,0.007673095911741257,0.01486967597156763,0.023563016206026077,0.03577711433172226,0.9181165099143982,13.650015418417752,,,
m5b_smooth0.01,111,0.0043624397367239,0.00783491786569357,0.01464948058128357,0.023656750097870827,0.03770364448428154,0.9161563515663147,13.645829236134887,,,
m5b_smooth0.01,112,0.015032690018415451,0.007282847538590431,0.013136721216142178,0.021509625017642975,0.03439875692129135,0.9236721992492676,13.686838536523283,,,
m5b_smooth0.01,113,0.01886515412479639,0.008245781995356083,0.014146407134830952,0.023688454180955887,0.03967925161123276,0.9142389893531799,13.657059301622212,,,
m5b_smooth0.01,114,0.011051543056964874,0.009463048540055752,0.015475139953196049,0.026143526658415794,0.04020443186163902,0.908713698387146,13.665111432783306,,,
m5b_smooth0.01,115,0.024883057922124863,0.00861821323633194,0.013987215235829353,0.02339346334338188,0.03284607082605362,0.921155571937561,13.727360902354121,,,
m5b_smooth0.01,116,0.0066676149144768715,0.008885197341442108,0.014180664904415607,0.02408107928931713,0.035031531006097794,0.91782146692276,13.714256997220218,,,
m5b_smooth0.01,117,0.003163420595228672,0.008697585202753544,0.013748458586633205,0.023562626913189888,0.03458799049258232,0.919403076171875,13.720050451345742,,,
m5b_smooth0.01,118,0.0005362294614315033,0.008793739601969719,0.013676706701517105,0.023541903123259544,0.034412529319524765,0.9195752143859863,13.72686749882996,,,
m5b_smooth0.01,119,0.01165702287107706,0.008312012068927288,0.012865783646702766,0.021995289251208305,0.03142404556274414,0.9254044890403748,13.75320354104042,,,
m5b_smooth0.1,4,,0.20000606775283813,0.20000606775283813,0.20000606775283813,0.20000606775283813,0.20000606775283813,17.00051575899124,,,
m5b_smooth0.1,5,0.12243853509426117,0.2204074114561081,0.1439855992794037,0.1947920322418213,0.2204074114561081,0.2204074114561081,18.581362023949623,,,
m5b_smooth0.1,6,0.11761779338121414,0.21260985732078552,0.1085696592926979,0.25360122323036194,0.21260985732078552,0.21260985732078552,18.09077177196741,,,
m5b_smooth0.1,7,0.0474773570895195,0.21789520978927612,0.0848303884267807,0.26148325204849243,0.21789520978927612,0.21789520978927612,18.518792137503624,,,
m5b_smooth0.1,8,0.0698012262582779,0.2104417085647583,0.07229053974151611,0.29638412594795227,0.2104417085647583,0.2104417085647583,18.007221311330795,,,
m5b_smooth0.1,9,0.011904828250408173,0.21089473366737366,0.07589402049779892,0.29782670736312866,0.20448899269104004,0.21089473366737366,18.007007382810116,,,
m5b_smooth0.1,10,0.03571797162294388,0.203257218003273,0.07919208705425262,0.29524296522140503,0.21905012428760529,0.203257218003273,17.539305984973907,,,
m5b_smooth0.1,11,0.03480964154005051,0.21129940450191498,0.06560390442609787,0.29656362533569336,0.2152336984872818,0.21129940450191498,18.09808660298586,,,
m5b_smooth0.1,12,0.05216582119464874,0.22382381558418274,0.0600200816988945,0.2975979745388031,0.19473488628864288,0.22382383048534393,18.878920771181583,,,
m5b_smooth0.1,13,0.13978155702352524,0.24561041593551636,0.05558568239212036,0.232141375541687,0.22105225920677185,0.24561041593551636,20.474546402692795,,,
m5b_smooth0.1,14,0.03473616763949394,0.24675610661506653,0.055293161422014236,0.21506577730178833,0.23612892627716064,0.24675610661506653,20.613344866782427,,,
m5b_smooth0.1,15,0.024155855178833008,0.24071720242500305,0.056710097938776016,0.22295501828193665,0.23890084028244019,0.24071724712848663,20.210954640060663,,,
m5b_smooth0.1,16,0.0423874631524086,0.23085638880729675,0.05948216840624809,0.232895627617836,0.24738198518753052,0.2293844223022461,19.55260818824172,,,
m5b_smooth0.1,17,0.06445840373635292,0.250731498003006,0.05182572454214096,0.21738357841968536,0.23832102119922638,0.24173825979232788,20.80044912546873,,,
m5b_smooth0.1,18,0.037852250039577484,0.2628244161605835,0.05025587975978851,0.2219274640083313,0.22096480429172516,0.24402764439582825,21.448643893003464,,,
m5b_smooth0.1,19,0.054101765155792236,0.2633668780326843,0.047444701194763184,0.19768796861171722,0.2228517383337021,0.2686493396759033,21.763574212789536,,,
m5b_smooth0.1,20,0.0337134450674057,0.26890361309051514,0.04639287292957306,0.19008637964725494,0.21464817225933075,0.27996906638145447,22.172972932457924,,,
m5b_smooth0.1,21,0.11126026138663292,0.2596500813961029,0.04487820342183113,0.153699591755867,0.2061726301908493,0.33559879660606384,22.226573426276445,,,
m5b_smooth0.1,22,0.05576499179005623,0.27896052598953247,0.045632101595401764,0.13769641518592834,0.21399110555648804,0.3237197995185852,23.226367838680744,,,
m5b_smooth0.1,23,0.06757652759552002,0.26198625564575195,0.05238061398267746,0.14392870664596558,0.23479889333248138,0.306906133890152,22.14362020045519,,,
m5b_smooth0.1,24,0.10077102854847908,0.28382623195648193,0.051202286034822464,0.12976466119289398,0.19975529611110687,0.3354512155056,23.564674276858568,,,
m5b_smooth0.1,25,0.021177425980567932,0.29380327463150024,0.05181436613202095,0.12407925724983215,0.194901242852211,0.33540236949920654,24.1121904887259,,,
m5b_smooth0.1,26,0.06868870556354523,0.2606002390384674,0.05178306624293327,0.12296918779611588,0.19522374868392944,0.36942416429519653,22.595209512859583,,,
m5b_smooth0.1,27,0.04917941614985466,0.23869937658309937,0.0522867888212204,0.12027981877326965,0.19690006971359253,0.3918333053588867,21.599055603146553,,,
m5b_smooth0.1,28,0.06454568356275558,0.25684499740600586,0.05710157752037048,0.11967415362596512,0.20621268451213837,0.3601663112640381,22.31264103204012,,,
m5b_smooth0.1,29,0.06244032829999924,0.27244365215301514,0.051356904208660126,0.1043398454785347,0.19607165455818176,0.37578797340393066,23.344528779387474,,,
m5b_smooth0.1,30,0.05461961403489113,0.28483936190605164,0.05103185400366783,0.1019071638584137,0.21098577976226807,0.35123592615127563,23.841318484395742,,,
m5b_smooth0.1,31,0.12147480249404907,0.3359745144844055,0.04699363186955452,0.08746930211782455,0.1687244325876236,0.3608381450176239,26.70067746564746,,,
m5b_smooth0.1,32,0.08117188885807991,0.31734156608581543,0.04408515244722366,0.08030055463314056,0.15684856474399567,0.40142399072647095,26.043356604874134,,,
m5b_smooth0.1,33,0.06374532729387283,0.32593733072280884,0.04540114849805832,0.08259793370962143,0.17651233077049255,0.36955156922340393,26.258743077516556,,,
m5b_smooth0.1,34,0.07009118050336838,0.2941373884677887,0.04721997678279877,0.08334072679281235,0.1732667088508606,0.40203556418418884,24.786850325763226,,,
m5b_smooth0.1,35,0.08871227875351906,0.3189908564090729,0.0433560349047184,0.0801970511674881,0.13591866195201874,0.42153871059417725,26.276371154934168,,,
m5b_smooth0.1,36,0.0713883675634861,0.3364771604537964,0.03845684975385666,0.0741792619228363,0.11114076524972916,0.4397459030151367,27.384052261710167,,,
m5b_smooth0.1,37,0.04970555379986763,0.356814980506897,0.039437633007764816,0.07762706279754639,0.11122704297304153,0.4148930311203003,28.268309388309717,,,
m5b_smooth0.1,38,0.2038429155945778,0.45520487427711487,0.04070333018898964,0.07552184164524078,0.1134931817650795,0.3150770664215088,32.785092514008284,,,
m5b_smooth0.1,39,0.011931881308555603,0.45333459973335266,0.04064561799168587,0.07925181835889816,0.11572933197021484,0.3110392987728119,32.64313256368041,,,
m5b_smooth0.1,40,0.027278751134872437,0.4457288086414337,0.039005380123853683,0.07485802471637726,0.11594723165035248,0.32446032762527466,32.36138318106532,,,
m5b_smooth0.1,41,0.005167111754417419,0.44519737362861633,0.03774091228842735,0.07489711046218872,0.11849170923233032,0.32367268204689026,32.33513417467475,,,
m5b_smooth0.1,42,0.030403729528188705,0.45833829045295715,0.0385875329375267,0.07611148804426193,0.11745854467153549,0.30950403213500977,32.92248568683863,,,
m5b_smooth0.1,43,0.012588713318109512,0.4556175470352173,0.03904050216078758,0.07615659385919571,0.11388463526964188,0.31530001759529114,32.81595579907298,,,
m5b_smooth0.1,44,0.046476300805807114,0.4788561463356018,0.03483383357524872,0.07101448625326157,0.10204390436410904,0.3132518231868744,34.07907892763615,,,
m5b_smooth0.1,45,0.014061644673347473,0.47519466280937195,0.033288486301898956,0.07090213149785995,0.10033214092254639,0.320282518863678,33.94395489990711,,,
m5b_smooth0.1,46,0.011145997792482376,0.46962183713912964,0.03380853310227394,0.07249369472265244,0.10267090052366257,0.3214053213596344,33.64697064831853,,,
m5b_smooth0.1,47,0.04885774478316307,0.48170772194862366,0.03382550925016403,0.0762917771935463,0.11119867861270905,0.2969762980937958,34.10122308135033,,,
m5b_smooth0.1,48,0.1989317238330841,0.5811738967895508,0.033481769263744354,0.0695572942495346,0.10104348510503769,0.21474416553974152,38.82631017267704,,,
m5b_smooth0.1,49,0.024388432502746582,0.5864508748054504,0.034299179911613464,0.07063571363687515,0.1060645654797554,0.20254962146282196,39.01140546798706,,,
m5b_smooth0.1,50,0.09332650527358055,0.5397874116897583,0.035890016704797745,0.07860851287841797,0.12279615551233292,0.22291743755340576,36.63937747105956,,,
m5b_smooth0.1,51,0.10576963797211647,0.5926722288131714,0.03057197481393814,0.0722566619515419,0.11279403418302536,0.1917046308517456,39.28109876066446,,,
m5b_smooth0.1,52,0.029571151360869408,0.5788942575454712,0.02956460602581501,0.07400397956371307,0.11880886554718018,0.1987282931804657,38.59909016080201,,,
m5b_smooth0.1,53,0.018036697059869766,0.587912380695343,0.027055969461798668,0.07315894216299057,0.11810369789600372,0.19376856088638306,39.06076137535274,,,
m5b_smooth0.1,54,0.011943075805902481,0.5852088332176208,0.02540009655058384,0.07154731452465057,0.11980849504470825,0.19803579151630402,38.963732579723,,,
m5b_smooth0.1,55,0.09020843915641308,0.5401041507720947,0.026027396321296692,0.075844906270504,0.1324160099029541,0.22560714185237885,36.745223216712475,,,
m5b_smooth0.1,56,0.023174485191702843,0.5285174250602722,0.02770131640136242,0.07923035323619843,0.1335025578737259,0.23104898631572723,36.14564159326255,,,
m5b_smooth0.1,57,0.04781289957463741,0.5052170753479004,0.02870258316397667,0.07862365990877151,0.13769587874412537,0.24976025521755219,35.03811280801892,,,
m5b_smooth0.1,58,0.13736912980675697,0.4366147816181183,0.028620578348636627,0.08192688971757889,0.15298137068748474,0.29985636472702026,31.740146845579147,,,
m5b_smooth0.1,59,0.054396623745560646,0.46197640895843506,0.030457334592938423,0.07796107977628708,0.14358341693878174,0.286021888256073,32.9923154655844,,,
m5b_smooth0.1,60,0.024872492998838425,0.4744127690792084,0.027191152796149254,0.07651574164628983,0.1368948221206665,0.28498587012290955,33.66957045905292,,,
m5b_smooth0.1,61,0.10186479799449444,0.5083510279655457,0.018556907773017883,0.06146155297756195,0.1096508651971817,0.30198001861572266,35.69927956163883,,,
m5b_smooth0.1,62,0.5752665996551514,0.31375229358673096,0.20001477003097534,0.13455340266227722,0.14273451268672943,0.20894551277160645,23.35319136083126,,,
m5b_smooth0.1,63,1.0308070443570614,0.051328886300325394,0.6825212240219116,0.16745050251483917,0.05323895812034607,0.045460984110832214,5.273732393980026,,,
m5b_smooth0.1,64,0.33757621236145496,0.019011082127690315,0.5865903496742249,0.33623814582824707,0.037533581256866455,0.02062647044658661,3.2874753698706627,,,
m5b_smooth0.1,65,0.4016687674447894,0.009895173832774162,0.4077640473842621,0.5370726585388184,0.03273080289363861,0.012537204660475254,3.0173289384692907,,,
m5b_smooth0.1,66,0.5482108392752707,0.005713744554668665,0.14545667171478271,0.81117844581604,0.029402337968349457,0.008249422535300255,3.2431249637156725,,,
m5b_smooth0.1,67,0.13706878013908863,0.004341968800872564,0.07974188029766083,0.877521812915802,0.03159293904900551,0.0068011777475476265,3.289192508906126,,,
m5b_smooth0.1,68,0.0294944797642529,0.003699983935803175,0.06616383045911789,0.8843299746513367,0.03953228145837784,0.006274236831814051,3.30571807641536,,,
m5b_smooth0.1,69,0.07189257489517331,0.00434991717338562,0.07581597566604614,0.8483837842941284,0.06367947161197662,0.007771352771669626,3.4365175990387797,,,
m5b_smooth0.1,70,0.028269448317587376,0.004528661724179983,0.06801006942987442,0.842054545879364,0.07705304771661758,0.008353335782885551,3.5222114454954863,,,
m5b_smooth0.1,71,0.013240693602710962,0.004706793464720249,0.06437936425209045,0.8390648365020752,0.08298759162425995,0.008860939182341099,3.568947771564126,,,
m5b_smooth0.1,72,0.01963189523667097,0.005276545882225037,0.06760191172361374,0.8292492628097534,0.08783804625272751,0.01003450620919466,3.627291863784194,,,
m5b_smooth0.1,73,0.027791917324066162,0.005102653056383133,0.06197630986571312,0.8431452512741089,0.07994414865970612,0.009831969626247883,3.594827862456441,,,
m5b_smooth0.1,74,0.037594050634652376,0.006060913670808077,0.060633204877376556,0.8256915807723999,0.09589330852031708,0.011721824295818806,3.7367214672267437,,,
m5b_smooth0.1,75,0.0142858880572021,0.0057706525549292564,0.05394992604851723,0.8310450911521912,0.09768220782279968,0.01155188586562872,3.738826209679246,,,
m5b_smooth0.1,76,0.13950621988624334,0.007591596804559231,0.06076120585203171,0.7612915635108948,0.15484243631362915,0.015512125566601753,4.1011985167860985,,,
m5b_smooth0.1,77,0.07468126434832811,0.008550077676773071,0.05438392981886864,0.7303295135498047,0.18897365033626556,0.017764369025826454,4.329893849790096,,,
m5b_smooth0.1,78,0.08640744257718325,0.008982769213616848,0.049428172409534454,0.6920806765556335,0.2304757833480835,0.019032392650842667,4.544420335441828,,,
m5b_smooth0.1,79,0.021771524101495743,0.009558628313243389,0.04978131502866745,0.6811952590942383,0.2384488731622696,0.021016407757997513,4.630256611853838,,,
m5b_smooth0.1,80,0.03280911594629288,0.009687342680990696,0.04443083330988884,0.6701411008834839,0.2533528506755829,0.022388191893696785,4.7229993380606174,,,
m5b_smooth0.1,81,0.0257842680439353,0.010340318083763123,0.046063922345638275,0.6572479009628296,0.2609839141368866,0.025362132117152214,4.820183958858252,,,
m5b_smooth0.1,82,0.3789742747321725,0.013374167494475842,0.0531228743493557,0.4677613377571106,0.43154194951057434,0.034199006855487823,5.758436679840088,,,
m5b_smooth0.1,83,0.0974180493503809,0.012838655151426792,0.043395064771175385,0.42977890372276306,0.4802515506744385,0.03373631462454796,5.937120344489813,,,
m5b_smooth0.1,84,0.1338572483509779,0.013711581937968731,0.042987044900655746,0.3632580637931824,0.5437701940536499,0.036273133009672165,6.269671373069286,,,
m5b_smooth0.1,85,0.0322869922965765,0.013343674130737782,0.040654342621564865,0.3794015645980835,0.5312930345535278,0.03530741110444069,6.192834481596947,,,
m5b_smooth0.1,86,0.029180990532040596,0.01432113628834486,0.04316839948296547,0.3868306875228882,0.5167025923728943,0.03897731751203537,6.225529231131077,,,
m5b_smooth0.1,87,0.09321833588182926,0.01478299219161272,0.043810222297906876,0.43042805790901184,0.47009363770484924,0.040885649621486664,6.085128486156464,,,
m5b_smooth0.1,88,0.23278758767992258,0.015761489048600197,0.042077526450157166,0.3157666325569153,0.5811582803726196,0.045235976576805115,6.636478401720524,,,
m5b_smooth0.1,89,0.07182124629616737,0.01558777131140232,0.040678877383470535,0.28142860531806946,0.616376519203186,0.04592858999967575,6.777866866439581,,,
m5b_smooth0.1,90,0.03172170836478472,0.015476108528673649,0.0406452901661396,0.29484063386917114,0.6006606221199036,0.04837712273001671,6.735637776553631,,,
m5b_smooth0.1,91,0.03122060839086771,0.015755457803606987,0.0413135401904583,0.3061164617538452,0.5850504636764526,0.051764145493507385,6.725041676312685,,,
m5b_smooth0.1,92,0.050956644117832184,0.01671564020216465,0.04421332851052284,0.32242023944854736,0.5595720410346985,0.05707861855626106,6.730517406016588,,,
m5b_smooth0.1,93,0.02773389220237732,0.0162429828196764,0.04061858355998993,0.3126209080219269,0.5722575187683105,0.058260299265384674,6.774507097899914,,,
m5b_smooth0.1,94,0.0835153367370367,0.01746021956205368,0.04188099503517151,0.34390193223953247,0.5304995179176331,0.06625696271657944,6.762294068932533,,,
m5b_smooth0.1,95,0.1846036408096552,0.017014192417263985,0.03687503561377525,0.25705236196517944,0.6208846569061279,0.06817390769720078,7.129510972648859,,,
m5b_smooth0.1,96,0.04824029095470905,0.016535241156816483,0.03504141420125961,0.2352447360754013,0.6419292092323303,0.07124944776296616,7.223886825144291,,,
m5b_smooth0.1,97,0.054448219016194344,0.017192108556628227,0.036213070154190063,0.25281772017478943,0.6147053837776184,0.07907233387231827,7.236143104732037,,,
m5b_smooth0.1,98,0.12071051076054573,0.016333425417542458,0.03165380656719208,0.19788016378879547,0.6659896373748779,0.08814308792352676,7.501230515539646,,,
m5b_smooth0.1,99,0.020425371825695038,0.016043804585933685,0.030660169199109077,0.19083258509635925,0.6641073822975159,0.09835536777973175,7.5915130246430635,,,
m5b_smooth0.1,100,0.13588558696210384,0.014197837561368942,0.024980194866657257,0.13627713918685913,0.7320505380630493,0.09249432384967804,7.704956166446209,,,
m5b_smooth0.1,101,0.01221435982733965,0.012743867002427578,0.02333705872297287,0.13437722623348236,0.7381578087806702,0.09138425439596176,7.6375849805772305,,,
m5b_smooth0.1,102,0.043883807957172394,0.013736450113356113,0.024623891338706017,0.13340502977371216,0.7171880006790161,0.11104664206504822,7.823994981124997,,,
m5b_smooth0.1,103,0.00676271878182888,0.013307412154972553,0.023712608963251114,0.1367863416671753,0.7167769074440002,0.1094166487455368,7.781787797808647,,,
m5b_smooth0.1,104,0.012260024435818195,0.012756003066897392,0.02330229990184307,0.14291684329509735,0.7150214314460754,0.10600432008504868,7.706623515114188,,,
m5b_smooth0.1,105,0.04081164579838514,0.012645403854548931,0.023332713171839714,0.12262115627527237,0.7289975881576538,0.11240310966968536,7.826547065749764,,,
m5b_smooth0.1,106,0.029668129980564117,0.011898011900484562,0.022150598466396332,0.10971667617559433,0.7434358596801758,0.11279898136854172,7.8484180979430676,,,
m5b_smooth0.1,107,0.03926529921591282,0.012489152140915394,0.023123016580939293,0.10991877317428589,0.7238034605979919,0.13066622614860535,7.998179854825139,,,
m5b_smooth0.1,108,0.02988737728446722,0.011588765308260918,0.021255111321806908,0.10653666406869888,0.7387465834617615,0.12187237292528152,7.91363032720983,,,
m5b_smooth0.1,109,0.11557046975940466,0.013432607986032963,0.024104805663228035,0.12529440224170685,0.6809617877006531,0.15620677173137665,8.159571809694171,,,
m5b_smooth0.1,110,0.04068893752992153,0.01262627448886633,0.021966127678751945,0.11194376647472382,0.7013057470321655,0.15215744078159332,8.154718296602368,,,
m5b_smooth0.1,111,0.1141009209677577,0.013743996620178223,0.02336045354604721,0.11980501562356949,0.6442556381225586,0.19883495569229126,8.500894144177437,,,
m5b_smooth0.1,112,0.05540143419057131,0.012663646601140499,0.020508501678705215,0.10012521594762802,0.6719565391540527,0.19474652409553528,8.510850057005882,,,
m5b_smooth0.1,113,0.15070244576781988,0.013636328279972076,0.021398210898041725,0.1023799255490303,0.5966048836708069,0.26598021388053894,9.04667486436665,,,
m5b_smooth0.1,114,0.023809914477169514,0.013972609303891659,0.020781073719263077,0.09109224379062653,0.6021640300750732,0.2719898819923401,9.155420921742916,,,
m5b_smooth0.1,115,0.03407059144228697,0.013079971075057983,0.01917148381471634,0.08542409539222717,0.6191995739936829,0.2631252110004425,9.078392006456852,,,
m5b_smooth0.1,116,0.10286067798733711,0.013231376186013222,0.01890861801803112,0.08725187182426453,0.5680311918258667,0.31257545948028564,9.426821580156684,,,
m5b_smooth0.1,117,0.0673263343051076,0.013339237309992313,0.018731147050857544,0.08604217320680618,0.6015872359275818,0.28030019998550415,9.212525356560946,,,
m5b_smooth0.1,118,0.03904500510543585,0.014088282361626625,0.019620565697550774,0.08650527894496918,0.6190081834793091,0.26077771186828613,9.108378594741225,,,
m5b_smooth0.1,119,0.10030883736908436,0.014340300112962723,0.019606715068221092,0.08860518038272858,0.568868100643158,0.3085806965827942,9.448046719655395,,,
m5b_smooth0.3,4,,0.20000606775283813,0.20000606775283813,0.20000606775283813,0.20000606775283813,0.20000606775283813,17.00051575899124,,,
m5b_smooth0.3,5,0.07260164618492126,0.19256754219532013,0.23629137873649597,0.18600530922412872,0.19256754219532013,0.19256754219532013,16.392278224229813,,,
m5b_smooth0.3,6,0.10211920738220215,0.18560902774333954,0.2873515784740448,0.15582184493541718,0.18560902774333954,0.18560902774333954,15.789148360490799,,,
m5b_smooth0.3,7,0.32817090302705765,0.23688653111457825,0.1232655867934227,0.1660742461681366,0.23688653111457825,0.23688653111457825,19.80929734557867,,,
m5b_smooth0.3,8,0.1471976637840271,0.2614194452762604,0.07859636098146439,0.1371445506811142,0.2614194452762604,0.2614194452762604,21.665005080401897,,,
m5b_smooth0.3,9,0.036968834698200226,0.25794079899787903,0.07380513846874237,0.15562960505485535,0.254684180021286,0.25794079899787903,21.41110233962536,,,
m5b_smooth0.3,10,0.08425364643335342,0.23745977878570557,0.07726321369409561,0.15446443855762482,0.29335254430770874,0.23745977878570557,20.166147969663143,,,
m5b_smooth0.3,11,0.06769867986440659,0.25438442826271057,0.0710340142250061,0.14931291341781616,0.2708838880062103,0.25438442826271057,21.23960766196251,,,
m5b_smooth0.3,12,0.08145390450954437,0.2747477889060974,0.06537386775016785,0.14457182586193085,0.2405579388141632,0.2747477889060974,22.51433129608631,,,
m5b_smooth0.3,13,0.10452404618263245,0.24861684441566467,0.06623297929763794,0.16235896944999695,0.27417388558387756,0.24861688911914825,20.870174199342728,,,
m5b_smooth0.3,14,0.05935008078813553,0.2339189499616623,0.06595402210950851,0.16894768178462982,0.29726046323776245,0.2339189499616623,19.963622607290745,,,
m5b_smooth0.3,15,0.006346851587295532,0.23359063267707825,0.0688641145825386,0.16921091079711914,0.2947435677051544,0.23359063267707825,19.925408639013767,,,
m5b_smooth0.3,16,0.00558355450630188,0.2333916872739792,0.07144457846879959,0.1672339141368866,0.2949551045894623,0.23297502100467682,19.902983583509922,,,
m5b_smooth0.3,17,0.05201306194067001,0.24746839702129364,0.06501013040542603,0.16036389768123627,0.28225308656692505,0.24490489065647125,20.798645719885826,,,
m5b_smooth0.3,18,0.040220584720373154,0.25621235370635986,0.059504587203264236,0.16601237654685974,0.2676478326320648,0.2506222426891327,21.312529165297747,,,
m5b_smooth0.3,19,0.020515237003564835,0.2638236880302429,0.05442644655704498,0.1617656946182251,0.2667155861854553,0.2532690763473511,21.781920984387398,,,
m5b_smooth0.3,20,0.0732155553996563,0.24565264582633972,0.05557199940085411,0.17909719049930573,0.2482784241437912,0.2713993787765503,20.869562592357397,,,
m5b_smooth0.3,21,0.036564379930496216,0.23582568764686584,0.057087402790784836,0.17064203321933746,0.25550007820129395,0.2809445858001709,20.440279509872198,,,
m5b_smooth0.3,22,0.03884949907660484,0.24357391893863678,0.05457921326160431,0.17434397339820862,0.23858410120010376,0.28891974687576294,20.907011434435844,,,
m5b_smooth0.3,23,0.09584835916757584,0.25084054470062256,0.052303411066532135,0.19541586935520172,0.2581692039966583,0.24327081441879272,20.901959531009197,,,
m5b_smooth0.3,24,0.10941209271550179,0.29888978600502014,0.050041843205690384,0.17346780002117157,0.22767283022403717,0.24992765486240387,23.596529383212328,,,
m5b_smooth0.3,25,0.03217895328998566,0.2833905518054962,0.05157545581459999,0.1777164340019226,0.23798029124736786,0.24933764338493347,22.744746912270784,,,
m5b_smooth0.3,26,0.02128305286169052,0.28276193141937256,0.047032590955495834,0.17224626243114471,0.2395143061876297,0.25844502449035645,22.82431774958968,,,
m5b_smooth0.3,27,0.019715942442417145,0.2751372158527374,0.04702379181981087,0.1750859022140503,0.237289696931839,0.2654632031917572,22.45802717283368,,,
m5b_smooth0.3,28,0.05818752199411392,0.2650659382343292,0.054408516734838486,0.1967950016260147,0.22158347070217133,0.2621470093727112,21.769892241805792,,,
m5b_smooth0.3,29,0.0661444403231144,0.29213738441467285,0.05156046897172928,0.16684865951538086,0.2275843471288681,0.26186928153038025,23.339609883725643,,,
m5b_smooth0.3,30,0.07083722203969955,0.2877538204193115,0.05076214671134949,0.16767717897891998,0.262174129486084,0.23163224756717682,22.897093281149864,,,
m5b_smooth0.3,31,0.10714662447571754,0.3315589725971222,0.04710886999964714,0.14032071828842163,0.2396104335784912,0.24140028655529022,25.418486427515745,,,
m5b_smooth0.3,32,0.029464781284332275,0.333781361579895,0.044567402452230453,0.12864384055137634,0.23909708857536316,0.25391098856925964,25.685814078897238,,,
m5b_smooth0.3,33,0.015919502824544907,0.3326329290866852,0.04383699595928192,0.13049982488155365,0.2330157458782196,0.2600143253803253,25.664622992277145,,,
m5b_smooth0.3,34,0.015168309211730957,0.3322726786136627,0.04478786885738373,0.12968140840530396,0.2396489828824997,0.2536087930202484,25.598258793354034,,,
m5b_smooth0.3,35,0.10032077878713608,0.3824329972267151,0.0445503368973732,0.12649473547935486,0.1971708983182907,0.2493506222963333,28.241119377315044,,,
m5b_smooth0.3,36,0.03840227797627449,0.39397770166397095,0.04152264818549156,0.12098474055528641,0.18650756776332855,0.2570071816444397,28.946792487055063,,,
m5b_smooth0.3,37,0.02027973160147667,0.3884868919849396,0.04149588942527771,0.12107879668474197,0.19655336439609528,0.25238487124443054,28.623207546770573,,,
m5b_smooth0.3,38,0.06134137138724327,0.35909613966941833,0.042876120656728745,0.12244571000337601,0.19527359306812286,0.2803085744380951,27.247216824442148,,,
m5b_smooth0.3,39,0.09929997473955154,0.4001246690750122,0.04090182110667229,0.13040359318256378,0.1959373950958252,0.23263311386108398,29.068018104881048,,,
m5b_smooth0.3,40,0.03664125129580498,0.39563632011413574,0.040800437331199646,0.12803596258163452,0.18457365036010742,0.2509532570838928,28.9684486836195,,,
m5b_smooth0.3,41,0.0662391372025013,0.36386945843696594,0.04336142912507057,0.1404406875371933,0.2027280330657959,0.2496010810136795,27.21036236360669,,,
m5b_smooth0.3,42,0.029142484068870544,0.37169983983039856,0.04395422711968422,0.14302276074886322,0.20629386603832245,0.2350296825170517,27.50948551669717,,,
m5b_smooth0.3,43,0.061156708747148514,0.37486252188682556,0.04617656022310257,0.13079120218753815,0.18794675171375275,0.2602227032184601,27.88904658704996,,,
m5b_smooth0.3,44,0.035082634538412094,0.3576316833496094,0.04586635157465935,0.13256588578224182,0.19386926293373108,0.27006709575653076,27.039489191025496,,,
m5b_smooth0.3,45,0.10820640251040459,0.31825098395347595,0.048157550394535065,0.15110713243484497,0.22714005410671234,0.2553446292877197,24.76134317368269,,,
m5b_smooth0.3,46,0.012373849749565125,0.3215433955192566,0.04812485724687576,0.14729510247707367,0.22479788959026337,0.25823917984962463,24.97154764086008,,,
m5b_smooth0.3,47,0.05709385126829147,0.34882229566574097,0.04939241707324982,0.14148636162281036,0.2219492793083191,0.23834913969039917,26.29372215270996,,,
m5b_smooth0.3,48,0.0638270378112793,0.3790857195854187,0.05104301869869232,0.12811656296253204,0.20579251646995544,0.23596268892288208,27.924561142921448,,,
m5b_smooth0.3,49,0.02226875349879265,0.382470041513443,0.0515499971807003,0.12769773602485657,0.19507676362991333,0.24320556223392487,28.15326091274619,,,
m5b_smooth0.3,50,0.06392291188240051,0.3539629578590393,0.05488402768969536,0.1276129186153412,0.19170734286308289,0.2718331217765808,26.82311535999179,,,
m5b_smooth0.3,51,0.09188422933220863,0.3743596076965332,0.05021021515130997,0.10721373558044434,0.1708381175994873,0.2973784804344177,28.192593432962894,,,
m5b_smooth0.3,52,0.019818976521492004,0.3708551526069641,0.051023729145526886,0.10580845177173615,0.17993420362472534,0.29237884283065796,27.97260146588087,,,
m5b_smooth0.3,53,0.060386184602975845,0.3406617343425751,0.05202552303671837,0.10994528234004974,0.18187661468982697,0.31549057364463806,26.511569764465094,,,
m5b_smooth0.3,54,0.08010326325893402,0.359648197889328,0.04552092030644417,0.10647513717412949,0.15179982781410217,0.3365558385848999,27.718218740075827,,,
m5b_smooth0.3,55,0.031931158155202866,0.3530985414981842,0.04700179398059845,0.11869492381811142,0.15406495332717896,0.32714012265205383,27.24741544574499,,,
m5b_smooth0.3,56,0.042733799666166306,0.3590812087059021,0.05008586123585701,0.1287272870540619,0.1563326120376587,0.3057730793952942,27.356291640549898,,,
m5b_smooth0.3,57,0.08593251556158066,0.3813597857952118,0.04595119133591652,0.11260034888982773,0.13362830877304077,0.3264611065387726,28.77119303867221,,,
m5b_smooth0.3,58,0.034017011523246765,0.38616353273391724,0.04735703393816948,0.11894357204437256,0.13808339834213257,0.30945199728012085,28.87291146442294,,,
m5b_smooth0.3,59,0.15283432230353355,0.4595690071582794,0.05036865919828415,0.11313764750957489,0.13088442385196686,0.24603967368602753,32.32466842979193,,,
m5b_smooth0.3,60,0.018235862255096436,0.454427033662796,0.047384828329086304,0.1123136505484581,0.13071651756763458,0.25515782833099365,32.137173019349575,,,
m5b_smooth0.3,61,0.12272775359451771,0.5157909393310547,0.025724126026034355,0.09728533029556274,0.11825346201658249,0.242946058511734,35.49405553005636,,,
m5b_smooth0.3,62,0.33601545728743076,0.3669838011264801,0.06971034407615662,0.1702689379453659,0.1692914068698883,0.22374550998210907,26.917022213339806,,,
m5b_smooth0.3,63,0.32911790907382965,0.32468315958976746,0.13976331055164337,0.26477494835853577,0.15767663717269897,0.11310198903083801,23.102242037653923,,,
m5b_smooth0.3,64,0.3692098520696163,0.20759978890419006,0.2132653445005417,0.3758777379989624,0.1419571191072464,0.061299849301576614,15.64878361672163,,,
m5b_smooth0.3,65,0.2117900475859642,0.13186708092689514,0.20809857547283173,0.48177245259284973,0.1405966728925705,0.03766443952918053,11.07691965252161,,,
m5b_smooth0.3,66,0.08901348896324635,0.09683694690465927,0.22192320227622986,0.5007290244102478,0.15232273936271667,0.028188349679112434,8.99522316083312,,,
m5b_smooth0.3,67,0.03516327403485775,0.08790536224842072,0.21619439125061035,0.5026105046272278,0.16802309453487396,0.025267306715250015,8.528251595795155,,,
m5b_smooth0.3,68,0.03521560691297054,0.07375065982341766,0.2214052528142929,0.5098705887794495,0.17315945029258728,0.021813703700900078,7.693564612418413,,,
m5b_smooth0.3,69,0.12646916881203651,0.07197240740060806,0.205687016248703,0.4641328454017639,0.23576654493808746,0.022441545501351357,7.88097744807601,,,
m5b_smooth0.3,70,0.2230539806187153,0.058992065489292145,0.10942956805229187,0.5556865930557251,0.2557397484779358,0.02015230618417263,7.388323802500963,,,
m5b_smooth0.3,71,0.09976129233837128,0.050695836544036865,0.06921980530023575,0.56087726354599,0.3004296123981476,0.01877753995358944,7.159494634717703,,,
m5b_smooth0.3,72,0.034944113343954086,0.04739319905638695,0.06521674245595932,0.577890932559967,0.29026278853416443,0.019235460087656975,6.943617444485426,,,
m5b_smooth0.3,73,0.10592038184404373,0.04419592767953873,0.06577233970165253,0.6302964091300964,0.2405659407377243,0.01917027123272419,6.560762610286474,,,
m5b_smooth0.3,74,0.033779870718717575,0.047580186277627945,0.06515450775623322,0.6413325667381287,0.22429277002811432,0.021638723090291023,6.7169548980891705,,,
m5b_smooth0.3,75,0.19256056658923626,0.03842971473932266,0.04900528863072395,0.73761385679245,0.15596303343772888,0.018988873809576035,5.9252152107656,,,
m5b_smooth0.3,76,0.04662533290684223,0.04202869534492493,0.05024230480194092,0.7143008708953857,0.1711769551038742,0.022251302376389503,6.224623557180166,,,
m5b_smooth0.3,77,0.07232098653912544,0.03898530453443527,0.042455654591321945,0.7502076625823975,0.1458463817834854,0.022504882887005806,5.96818994730711,,,
m5b_smooth0.3,78,0.009487451985478401,0.03684145212173462,0.040487054735422134,0.74957674741745,0.1500546634197235,0.023040685802698135,5.872656669467688,,,
m5b_smooth0.3,79,0.005789587274193764,0.03394676372408867,0.040558237582445145,0.7515441179275513,0.15074513852596283,0.0232065562158823,5.712104171514511,,,
m5b_smooth0.3,80,0.07882332801818848,0.029486145824193954,0.033766888082027435,0.7909552454948425,0.12399125099182129,0.02180021069943905,5.348943080753088,,,
m5b_smooth0.3,81,0.06583618000149727,0.031331393867731094,0.03638916835188866,0.7580375075340271,0.1491871327161789,0.02505524270236492,5.585468649864197,,,
m5b_smooth0.3,82,0.00826028548181057,0.03277333453297615,0.03620262071490288,0.7575109004974365,0.14576995372772217,0.027743253856897354,5.6839306242764,,,
m5b_smooth0.3,83,0.08426396548748016,0.029177749529480934,0.031223824247717857,0.79964280128479,0.11423374712467194,0.025721777230501175,5.340558310970664,,,
m5b_smooth0.3,84,0.06302356906235218,0.03358938544988632,0.03499032184481621,0.76813143491745,0.13234737515449524,0.030942218378186226,5.714370436966419,,,
m5b_smooth0.3,85,0.033724648877978325,0.031114691868424416,0.03186677768826485,0.784993588924408,0.12140762060880661,0.030617715790867805,5.532230421900749,,,
m5b_smooth0.3,86,0.09138618782162666,0.0356721431016922,0.03565715625882149,0.7393001317977905,0.15193958580493927,0.03743065148591995,5.981492359191179,,,
m5b_smooth0.3,87,0.00821547582745552,0.035366326570510864,0.03731194883584976,0.7370550036430359,0.15038233995437622,0.039883144199848175,5.981496952474117,,,
m5b_smooth0.3,88,0.15900222584605217,0.042522795498371124,0.04735502600669861,0.657554030418396,0.20020394027233124,0.05236325040459633,6.705897934734821,,,
m5b_smooth0.3,89,0.03470657765865326,0.04022843390703201,0.04339463636279106,0.6469047665596008,0.21755781769752502,0.05191456526517868,6.647523608058691,,,
m5b_smooth0.3,90,0.056182652711868286,0.04191386327147484,0.04626096412539482,0.6188130974769592,0.23549534380435944,0.05751626566052437,6.87122717872262,,,
m5b_smooth0.3,91,0.06663453578948975,0.04453320801258087,0.04989667609333992,0.5854961276054382,0.25266847014427185,0.06740564852952957,7.190735910087824,,,
m5b_smooth0.3,92,0.04615128040313721,0.045468222349882126,0.05134189873933792,0.5624205470085144,0.2636433243751526,0.07712625712156296,7.391967751085758,,,
m5b_smooth0.3,93,0.09453319013118744,0.041988831013441086,0.04440915584564209,0.5303012132644653,0.3109102249145508,0.07239143550395966,7.344494327902794,,,
m5b_smooth0.3,94,0.06659195199608803,0.04517294839024544,0.04993349686264992,0.5443955063819885,0.27761346101760864,0.08288387209177017,7.497165355831385,,,
m5b_smooth0.3,95,0.16529932990670204,0.046992309391498566,0.051203738898038864,0.4617456793785095,0.3551345765590668,0.084922656416893,7.930838566273451,,,
m5b_smooth0.3,96,0.07427748665213585,0.04090438410639763,0.04148818179965019,0.45290234684944153,0.39227381348609924,0.07243122160434723,7.614412065595388,,,
m5b_smooth0.3,97,0.029880855232477188,0.04241761565208435,0.04390961304306984,0.43796178698539734,0.40153178572654724,0.07417888194322586,7.752078760415316,,,
m5b_smooth0.3,98,0.25863369554281235,0.04372396320104599,0.043327655643224716,0.30922675132751465,0.5241686105728149,0.07955241203308105,8.377359744161367,,,
m5b_smooth0.3,99,0.07116256654262543,0.040061429142951965,0.042688678950071335,0.28517717123031616,0.5597500801086426,0.07232240587472916,8.232670184224844,,,
m5b_smooth0.3,100,0.21957699954509735,0.03704451769590378,0.03555582836270332,0.1902453601360321,0.6695387959480286,0.06761569529771805,8.462354276329279,,,
m5b_smooth0.3,101,0.034195445477962494,0.03323127329349518,0.033472876995801926,0.18403826653957367,0.6866365671157837,0.06262131035327911,8.262618388980627,,,
m5b_smooth0.3,102,0.017421193420886993,0.03504352271556854,0.035100582987070084,0.17811059951782227,0.6838536262512207,0.06789194047451019,8.409506294876337,,,
m5b_smooth0.3,103,0.04367351531982422,0.03527805209159851,0.034679535776376724,0.19798338413238525,0.6624377965927124,0.0696212649345398,8.357075098901987,,,
m5b_smooth0.3,104,0.13518677651882172,0.03733555227518082,0.03818701580166817,0.24748101830482483,0.5948445796966553,0.08215221017599106,8.334806207567453,,,
m5b_smooth0.3,105,0.04728154465556145,0.03816346824169159,0.04106274992227554,0.22384001314640045,0.6057326793670654,0.09120099991559982,8.519333638250828,,,
m5b_smooth0.3,106,0.035522378981113434,0.03535312041640282,0.03879080340266228,0.21143145859241486,0.6234936118125916,0.09093040227890015,8.431753318756819,,,
m5b_smooth0.3,107,0.015088267624378204,0.03620963916182518,0.04124121740460396,0.21155893802642822,0.6159499287605286,0.09504057466983795,8.49071392789483,,,
m5b_smooth0.3,108,0.042523693293333054,0.0329420268535614,0.03817806765437126,0.21521002054214478,0.6335608959197998,0.08010969310998917,8.216791715472937,,,
m5b_smooth0.3,109,0.02677742764353752,0.03475046530365944,0.040014903992414474,0.2043156921863556,0.6310659050941467,0.08985252678394318,8.41338660940528,,,
m5b_smooth0.3,110,0.09362547844648361,0.032796915620565414,0.03657816722989082,0.16378484666347504,0.6778788566589355,0.08896113187074661,8.486355487257242,,,
m5b_smooth0.3,111,0.039479948580265045,0.034641798585653305,0.03858455643057823,0.1470573991537094,0.6748659014701843,0.10484940558671951,8.750217657536268,,,
m5b_smooth0.3,112,0.10079650208353996,0.0304301455616951,0.032136160880327225,0.1184522733092308,0.7252645492553711,0.09371672570705414,8.602187719196081,,,
m5b_smooth0.3,113,0.03533100336790085,0.03192368522286415,0.033096663653850555,0.11969317495822906,0.7075992226600647,0.10768745839595795,8.768416278064251,,,
m5b_smooth0.3,114,0.07627327553927898,0.029518641531467438,0.029140403494238853,0.09934353828430176,0.745735764503479,0.09626166522502899,8.66610317490995,,,
m5b_smooth0.3,115,0.013656282797455788,0.027800964191555977,0.029180297628045082,0.10040400922298431,0.7406250834465027,0.10198922455310822,8.61067490465939,,,
m5b_smooth0.3,116,0.053862469270825386,0.02753320150077343,0.032027482986450195,0.11171514540910721,0.713961660861969,0.11476218700408936,8.623567253351212,,,
m5b_smooth0.3,117,0.01794794760644436,0.027141913771629333,0.032694265246391296,0.1149696558713913,0.7053791284561157,0.11981502175331116,8.621182262897491,,,
m5b_smooth0.3,118,0.03312233276665211,0.028201008215546608,0.0344579815864563,0.10632362216711044,0.697463870048523,0.13355325162410736,8.797481954097748,,,
m5b_smooth0.3,119,0.12044991180300713,0.024158280342817307,0.028959767892956734,0.08135103434324265,0.7576883435249329,0.10784134268760681,8.536106893792748,,,
ensemble3,4,,,,,,,,0.33332547545433044,0.33332547545433044,0.33332547545433044
ensemble3,5,0.8046778738498688,,,,,,,0.735676109790802,0.13216185569763184,0.13216185569763184
ensemble3,6,0.09122773259878159,,,,,,,0.7812898755073547,0.13149933516979218,0.08721040934324265
ensemble3,7,0.2838450148701668,,,,,,,0.6393673419952393,0.23081842064857483,0.1298138052225113
ensemble3,8,0.34408436715602875,,,,,,,0.4673248827457428,0.3517330586910248,0.18094107508659363
ensemble3,9,0.12203499674797058,,,,,,,0.4063079059123993,0.3725343346595764,0.22115781903266907
ensemble3,10,0.13260197639465332,,,,,,,0.4416177272796631,0.40352505445480347,0.1548563838005066
ensemble3,11,0.15993497520685196,,,,,,,0.5215855836868286,0.38340526819229126,0.09500905126333237
ensemble3,12,0.033082760870456696,,,,,,,0.5312882661819458,0.3902439773082733,0.07846768200397491
ensemble3,13,0.12517175823450089,,,,,,,0.46870213747024536,0.43645861744880676,0.09483867138624191
ensemble3,14,0.05169399827718735,,,,,,,0.44285571575164795,0.4413045644760132,0.11584030091762543
ensemble3,15,0.05912920832633972,,,,,,,0.4379514157772064,0.4166437089443207,0.14540435373783112
ensemble3,16,0.03425617516040802,,,,,,,0.4547899663448334,0.3995159864425659,0.14569425582885742
ensemble3,17,0.046907007694244385,,,,,,,0.4782428741455078,0.3892039656639099,0.13255217671394348
ensemble3,18,0.04996210336685181,,,,,,,0.4836641550064087,0.3642232120037079,0.15211224555969238
ensemble3,19,0.07198071479797363,,,,,,,0.5196546316146851,0.3317165970802307,0.1486286222934723
ensemble3,20,0.027032867074012756,,,,,,,0.506263017654419,0.3452334403991699,0.14850421249866486
ensemble3,21,0.047311931848526,,,,,,,0.5090852975845337,0.36606690287590027,0.12484802305698395
ensemble3,22,0.0023483484983444214,,,,,,,0.5079109072685242,0.3665889799594879,0.1254999041557312
ensemble3,23,0.06321649253368378,,,,,,,0.4893263280391693,0.35356587171554565,0.15710870921611786
ensemble3,24,0.026610970497131348,,,,,,,0.5011067390441895,0.3550904393196106,0.1438027173280716
ensemble3,25,0.07795662432909012,,,,,,,0.5400851368904114,0.34452924132347107,0.11538568884134293
ensemble3,26,0.11350218206644058,,,,,,,0.4833340644836426,0.39176955819129944,0.12489648163318634
ensemble3,27,0.023577705025672913,,,,,,,0.4759909212589264,0.4035583436489105,0.1204507052898407
ensemble3,28,0.020753413438796997,,,,,,,0.46561384201049805,0.4039149880409241,0.1304703950881958
ensemble3,29,0.018247976899147034,,,,,,,0.47380709648132324,0.3947915732860565,0.13140170276165009
ensemble3,30,0.053904421627521515,,,,,,,0.5007587671279907,0.380427747964859,0.11881277710199356
ensemble3,31,0.09612417966127396,,,,,,,0.45269688963890076,0.4188496470451355,0.12845318019390106
ensemble3,32,0.017785385251045227,,,,,,,0.45466405153274536,0.4099574387073517,0.13537919521331787
ensemble3,33,0.05802558362483978,,,,,,,0.44322261214256287,0.3923856317996979,0.16439153254032135
ensemble3,34,0.02676481008529663,,,,,,,0.447959840297699,0.40103068947792053,0.15100900828838348
ensemble3,35,0.03291842341423035,,,,,,,0.46441954374313354,0.3978671133518219,0.13771386444568634
ensemble3,36,0.05226120352745056,,,,,,,0.43828848004341125,0.41505032777786255,0.14666078984737396
ensemble3,37,0.06613604724407196,,,,,,,0.42403551936149597,0.3962351083755493,0.1797286570072174
ensemble3,38,0.011623650789260864,,,,,,,0.4186311364173889,0.3958278298377991,0.18554064631462097
ensemble3,39,0.06844711303710938,,,,,,,0.42203930020332336,0.3616040050983429,0.21635577082633972
ensemble3,40,0.027745962142944336,,,,,,,0.4260455369949341,0.37147095799446106,0.20248299837112427
ensemble3,41,0.030070632696151733,,,,,,,0.41101065278053284,0.3721427023410797,0.2168470025062561
ensemble3,42,0.07936638593673706,,,,,,,0.4438975155353546,0.3789385259151459,0.17716330289840698
ensemble3,43,0.019588813185691833,,,,,,,0.434103399515152,0.38757506012916565,0.1783214658498764
ensemble3,44,0.004166066646575928,,,,,,,0.4343993365764618,0.38936230540275574,0.17623858153820038
ensemble3,45,0.063651442527771,,,,,,,0.41516557335853577,0.3767697811126709,0.2080637365579605
ensemble3,46,0.02907674014568329,,,,,,,0.40062737464904785,0.38367515802383423,0.21569690108299255
ensemble3,47,0.0529724657535553,,,,,,,0.42711418867111206,0.3698035478591919,0.2030828595161438
ensemble3,48,0.0966394692659378,,,,,,,0.459878146648407,0.3853588104248047,0.1547626107931137
ensemble3,49,0.07430018484592438,,,,,,,0.4227282404899597,0.4054068326950073,0.17186486721038818
ensemble3,50,0.1278679221868515,,,,,,,0.46362602710723877,0.3414728045463562,0.1949009746313095
ensemble3,51,0.03302416205406189,,,,,,,0.44711434841156006,0.35039448738098145,0.20249177515506744
ensemble3,52,0.1385762095451355,,,,,,,0.3778257966041565,0.3819583058357239,0.24021561443805695
ensemble3,53,0.0814814418554306,,,,,,,0.3373000919818878,0.3817429542541504,0.2809560000896454
ensemble3,54,0.06026610732078552,,,,,,,0.3674335181713104,0.37067651748657227,0.2618897557258606
ensemble3,55,0.11422945559024811,,,,,,,0.42454907298088074,0.3462945818901062,0.22915779054164886
ensemble3,56,0.0382591187953949,,,,,,,0.40541887283325195,0.3589584529399872,0.235622838139534
ensemble3,57,0.05818469822406769,,,,,,,0.3839707374572754,0.35131391882896423,0.2647148668766022
ensemble3,58,0.06475949287414551,,,,,,,0.39863935112953186,0.36902526021003723,0.23233532905578613
ensemble3,59,0.023946061730384827,,,,,,,0.4106123447418213,0.36858320236206055,0.22080431878566742
ensemble3,60,0.0018223673105239868,,,,,,,0.41094258427619934,0.3676720857620239,0.22138532996177673
ensemble3,61,0.0387142151594162,,,,,,,0.39234620332717896,0.36691150069236755,0.24074257910251617
ensemble3,62,1.2200311152264476,,,,,,,0.014007439836859703,0.9769269824028015,0.009065709076821804
ensemble3,63,0.04173694475321099,,,,,,,0.0012877990957349539,0.9977954030036926,0.0009168256656266749
ensemble3,64,0.002986712905112654,,,,,,,0.0003816949902102351,0.9992894530296326,0.0003302668919786811
ensemble3,65,0.0006901787128299475,,,,,,,0.00017252734687644988,0.9996355772018433,0.0001953799946932122
ensemble3,66,0.00011792838631663471,,,,,,,0.00016544210666324943,0.9995840787887573,0.000254724727710709
ensemble3,67,0.0005829586152685806,,,,,,,0.00022813639952801168,0.9992913603782654,0.000482270639622584
ensemble3,68,0.0017812596342992038,,,,,,,0.00042324114474467933,0.998399019241333,0.001176084391772747
ensemble3,69,0.00477367898565717,,,,,,,0.0008756318129599094,0.9960131645202637,0.0031115179881453514
ensemble3,70,0.014825974591076374,,,,,,,0.002223378513008356,0.9886000156402588,0.009176596999168396
ensemble3,71,0.04160022595897317,,,,,,,0.005918222479522228,0.9678005576133728,0.026282520964741707
ensemble3,72,0.11018738988786936,,,,,,,0.015537699684500694,0.9127063751220703,0.07175625115633011
ensemble3,73,0.2611770574003458,,,,,,,0.034327007830142975,0.7821174263954163,0.18355505168437958
ensemble3,74,0.6021291464567184,,,,,,,0.060613103210926056,0.48105356097221375,0.4583342373371124
ensemble3,75,0.4997100308537483,,,,,,,0.06439964473247528,0.23119762539863586,0.7044017910957336
ensemble3,76,0.55055221170187,,,,,,,0.11046681553125381,0.4604072570800781,0.4291263818740845
ensemble3,77,0.8737006820738316,,,,,,,0.05682363361120224,0.8972572684288025,0.045918893069028854
ensemble3,78,0.1510400865226984,,,,,,,0.021166803315281868,0.9727770090103149,0.006055377423763275
ensemble3,79,0.027887233532965183,,,,,,,0.011492994613945484,0.986720621585846,0.0017855651676654816
ensemble3,80,0.007162068388424814,,,,,,,0.00872205663472414,0.9903027415275574,0.0009765547001734376
ensemble3,81,0.00013380381278693676,,,,,,,0.008787843398749828,0.9902850985527039,0.0009261806262657046
ensemble3,82,0.00480404298286885,,,,,,,0.010817598551511765,0.9878838062286377,0.0012991761323064566
ensemble3,83,0.00960263959132135,,,,,,,0.014594567939639091,0.9830823540687561,0.002323394175618887
ensemble3,84,0.017023499589413404,,,,,,,0.020675260573625565,0.974570095539093,0.004753942601382732
ensemble3,85,0.028997039422392845,,,,,,,0.02949586696922779,0.960071861743927,0.010432141833007336
ensemble3,86,0.04850252438336611,,,,,,,0.04148998484015465,0.9358204007148743,0.022689087316393852
ensemble3,87,0.06433985568583012,,,,,,,0.052060700953006744,0.9036509394645691,0.044288765639066696
ensemble3,88,0.05135280638933182,,,,,,,0.05319798365235329,0.8779742121696472,0.0688275620341301
ensemble3,89,0.0358743816614151,,,,,,,0.04723809286952019,0.8659968972206116,0.08676473796367645
ensemble3,90,0.02037953957915306,,,,,,,0.04089149832725525,0.862153947353363,0.09695473313331604
ensemble3,91,0.022780034691095352,,,,,,,0.033855777233839035,0.8735438585281372,0.09260033071041107
ensemble3,92,0.025228139013051987,,,,,,,0.029429033398628235,0.8861581087112427,0.08441318571567535
ensemble3,93,0.022967969998717308,,,,,,,0.02631721831858158,0.897641658782959,0.07604058086872101
ensemble3,94,0.008072271943092346,,,,,,,0.026143783703446388,0.9016785621643066,0.07217864692211151
ensemble3,95,0.006679300218820572,,,,,,,0.02684839628636837,0.9043129086494446,0.06883830577135086
ensemble3,96,0.005335880443453789,,,,,,,0.027577217668294907,0.9062516093254089,0.06616994738578796
ensemble3,97,0.011613942682743073,,,,,,,0.030447591096162796,0.9004455804824829,0.06910748779773712
ensemble3,98,0.009476318955421448,,,,,,,0.0327124185860157,0.8957069516181946,0.07158035039901733
ensemble3,99,0.00736718624830246,,,,,,,0.03375471755862236,0.892023503780365,0.07422178983688354
ensemble3,100,0.0021709464490413666,,,,,,,0.033101886510849,0.8931095600128174,0.07378973066806793
ensemble3,101,0.0019241422414779663,,,,,,,0.03213898837566376,0.8934052586555481,0.07445527613162994
ensemble3,102,0.0014303699135780334,,,,,,,0.03226073086261749,0.8926903605461121,0.0750490054488182
ensemble3,103,0.013323254883289337,,,,,,,0.03421850502490997,0.8860292434692383,0.07975336909294128
ensemble3,104,0.015355944633483887,,,,,,,0.03563384711742401,0.8783508539199829,0.08601558208465576
ensemble3,105,0.0015656203031539917,,,,,,,0.03485114872455597,0.8784419894218445,0.08670736849308014
ensemble3,106,0.01888478547334671,,,,,,,0.03132392466068268,0.8878838419914246,0.0807916596531868
ensemble3,107,0.006968608126044273,,,,,,,0.029114829376339912,0.8913687467575073,0.07951705157756805
ensemble3,108,0.003422202542424202,,,,,,,0.028285428881645203,0.8904867172241211,0.08122782409191132
ensemble3,109,0.014256477355957031,,,,,,,0.02998308837413788,0.8833587765693665,0.08665870130062103
ensemble3,110,0.005485646426677704,,,,,,,0.030156582593917847,0.8859281539916992,0.08391592651605606
ensemble3,111,0.0072956085205078125,,,,,,,0.03200898319482803,0.8822798728942871,0.08571085333824158
ensemble3,112,0.0019308291375637054,,,,,,,0.032313767820596695,0.882940411567688,0.08474534749984741
ensemble3,113,0.004898950457572937,,,,,,,0.03313576057553291,0.8804909586906433,0.08637285232543945
ensemble3,114,0.01044221967458725,,,,,,,0.034719567745923996,0.875270426273346,0.09001073241233826
ensemble3,115,0.016231507062911987,,,,,,,0.03186267241835594,0.8833858966827393,0.08475159108638763
ensemble3,116,0.011247972026467323,,,,,,,0.029774727299809456,0.8890095353126526,0.08121520280838013
ensemble3,117,0.005166439339518547,,,,,,,0.02801373228430748,0.8915928602218628,0.08039308339357376
ensemble3,118,0.005803816020488739,,,,,,,0.027339447289705276,0.8893656134605408,0.08329536765813828
ensemble3,119,0.00327216275036335,,,,,,,0.027478983625769615,0.8877291679382324,0.08479154855012894
