regime,seed,config,beta,ll
s0_none,0,fixed_beta_0.00,0.0,0.3118940738207069
s0_none,0,fixed_beta_0.05,0.05,0.3119781099944778
s0_none,0,fixed_beta_0.10,0.1,0.3120693275266586
s0_none,0,fixed_beta_0.15,0.15,0.3121688845285041
s0_none,0,fixed_beta_0.20,0.2,0.3122782277274706
s0_none,0,fixed_beta_0.25,0.25,0.3123991417184256
s0_none,0,fixed_beta_0.30,0.3,0.3125338765674503
s0_none,0,fixed_beta_0.35,0.35,0.3126853485633785
s0_none,0,fixed_beta_0.40,0.4,0.3128573672807139
s0_none,0,fixed_beta_0.45,0.45,0.3130550840157673
s0_none,0,fixed_beta_0.50,0.5,0.3132854996913291
s0_none,0,fixed_beta_0.55,0.55,0.313558397115397
s0_none,0,fixed_beta_0.60,0.6,0.3138878576181934
s0_none,0,fixed_beta_0.65,0.65,0.3142950955374666
s0_none,0,fixed_beta_0.70,0.7,0.3148148479049608
s0_none,0,fixed_beta_0.75,0.75,0.3155092891992688
s0_none,0,fixed_beta_0.80,0.8,0.3164940598479107
s0_none,0,fixed_beta_0.85,0.85,0.3180188417760636
s0_none,0,fixed_beta_0.90,0.9,0.3207675641801959
s0_none,0,fixed_beta_0.95,0.95,0.3270482499665509
s0_none,0,fixed_beta_1.00,1.0,0.3388639872214029
s0_none,0,amgtp_adaptive,,0.3129980336777119
s0_none,0,m5b_smooth0.001,,0.3118703530809573
s0_none,0,m5b_smooth0.1,,0.3113928739302798
s0_none,0,ensemble3,,0.3116161348188911
s0_none,1,fixed_beta_0.00,0.0,0.3171794506000517
s0_none,1,fixed_beta_0.05,0.05,0.3172624486692863
s0_none,1,fixed_beta_0.10,0.1,0.3173529228119885
s0_none,1,fixed_beta_0.15,0.15,0.3174520796338099
s0_none,1,fixed_beta_0.20,0.2,0.3175614383757449
s0_none,1,fixed_beta_0.25,0.25,0.3176828771677992
s0_none,1,fixed_beta_0.30,0.3,0.3178187564618289
s0_none,1,fixed_beta_0.35,0.35,0.3179721229869531
s0_none,1,fixed_beta_0.40,0.4,0.3181469451103919
s0_none,1,fixed_beta_0.45,0.45,0.3183485424265419
s0_none,1,fixed_beta_0.50,0.5,0.3185841607418581
s0_none,1,fixed_beta_0.55,0.55,0.3188640171180788
s0_none,1,fixed_beta_0.60,0.6,0.3192027227589949
s0_none,1,fixed_beta_0.65,0.65,0.3196220634084585
s0_none,1,fixed_beta_0.70,0.7,0.3201564520882966
s0_none,1,fixed_beta_0.75,0.75,0.3208646449632307
s0_none,1,fixed_beta_0.80,0.8,0.3218606822425094
s0_none,1,fixed_beta_0.85,0.85,0.3234049187625432
s0_none,1,fixed_beta_0.90,0.9,0.3262077663728249
s0_none,1,fixed_beta_0.95,0.95,0.3327432036638327
s0_none,1,fixed_beta_1.00,1.0,0.3453119197110269
s0_none,1,amgtp_adaptive,,0.3182971558392919
s0_none,1,m5b_smooth0.001,,0.3171790466656647
s0_none,1,m5b_smooth0.1,,0.3168723206359378
s0_none,1,ensemble3,,0.3169923366121369
s0_none,2,fixed_beta_0.00,0.0,0.2984023003206801
s0_none,2,fixed_beta_0.05,0.05,0.2984904798682812
s0_none,2,fixed_beta_0.10,0.1,0.2985866149266105
s0_none,2,fixed_beta_0.15,0.15,0.2986919924663966
s0_none,2,fixed_beta_0.20,0.2,0.2988082232712596
s0_none,2,fixed_beta_0.25,0.25,0.2989372965526159
s0_none,2,fixed_beta_0.30,0.3,0.2990817040872588
s0_none,2,fixed_beta_0.35,0.35,0.2992445849411801
s0_none,2,fixed_beta_0.40,0.4,0.2994299235883208
s0_none,2,fixed_beta_0.45,0.45,0.2996430434655462
s0_none,2,fixed_beta_0.50,0.5,0.2998912871384249
s0_none,2,fixed_beta_0.55,0.55,0.300185115632007
s0_none,2,fixed_beta_0.60,0.6,0.3005397515786401
s0_none,2,fixed_beta_0.65,0.65,0.3009783613112597
s0_none,2,fixed_beta_0.70,0.7,0.3015381635937466
s0_none,2,fixed_beta_0.75,0.75,0.3022823648091741
s0_none,2,fixed_beta_0.80,0.8,0.3033307781165466
s0_none,2,fixed_beta_0.85,0.85,0.3049455551649177
s0_none,2,fixed_beta_0.90,0.9,0.3078259194155113
s0_none,2,fixed_beta_0.95,0.95,0.314252732768103
s0_none,2,fixed_beta_1.00,1.0,0.3256944931201038
s0_none,2,amgtp_adaptive,,0.2996011705981058
s0_none,2,m5b_smooth0.001,,0.2984118715453738
s0_none,2,m5b_smooth0.1,,0.2981312448746092
s0_none,2,ensemble3,,0.2982135538839863
s0_none,20,fixed_beta_0.00,0.0,0.2943497585848815
s0_none,20,fixed_beta_0.05,0.05,0.2944321810072409
s0_none,20,fixed_beta_0.10,0.1,0.2945220398953931
s0_none,20,fixed_beta_0.15,0.15,0.2946205403932782
s0_none,20,fixed_beta_0.20,0.2,0.294729193163128
s0_none,20,fixed_beta_0.25,0.25,0.2948498694514732
s0_none,20,fixed_beta_0.30,0.3,0.2949849511968541
s0_none,20,fixed_beta_0.35,0.35,0.295137518083928
s0_none,20,fixed_beta_0.40,0.4,0.295311573887247
s0_none,20,fixed_beta_0.45,0.45,0.2955124794910406
s0_none,20,fixed_beta_0.50,0.5,0.2957474622392226
s0_none,20,fixed_beta_0.55,0.55,0.2960266041000132
s0_none,20,fixed_beta_0.60,0.6,0.2963644057649437
s0_none,20,fixed_beta_0.65,0.65,0.2967826186550312
s0_none,20,fixed_beta_0.70,0.7,0.2973158429202323
s0_none,20,fixed_beta_0.75,0.75,0.298023625176176
s0_none,20,fixed_beta_0.80,0.8,0.2990177215263617
s0_none,20,fixed_beta_0.85,0.85,0.3005434748134766
s0_none,20,fixed_beta_0.90,0.9,0.3032703941511207
s0_none,20,fixed_beta_0.95,0.95,0.309401729440824
s0_none,20,fixed_beta_1.00,1.0,0.3204600002603073
s0_none,20,amgtp_adaptive,,0.2954584744802863
s0_none,20,m5b_smooth0.001,,0.2943248177013036
s0_none,20,m5b_smooth0.1,,0.2944886370162602
s0_none,20,ensemble3,,0.2942659981443945
s0_none,21,fixed_beta_0.00,0.0,0.3428029634032901
s0_none,21,fixed_beta_0.05,0.05,0.3428812159987134
s0_none,21,fixed_beta_0.10,0.1,0.3429665025371515
s0_none,21,fixed_beta_0.15,0.15,0.3430600374954885
s0_none,21,fixed_beta_0.20,0.2,0.3431632534651386
s0_none,21,fixed_beta_0.25,0.25,0.3432778970088803
s0_none,21,fixed_beta_0.30,0.3,0.3434061364747326
s0_none,21,fixed_beta_0.35,0.35,0.3435507360353712
s0_none,21,fixed_beta_0.40,0.4,0.3437151847922186
s0_none,21,fixed_beta_0.45,0.45,0.3439041740289615
s0_none,21,fixed_beta_0.50,0.5,0.3441243234498118
s0_none,21,fixed_beta_0.55,0.55,0.3443856974118623
s0_none,21,fixed_beta_0.60,0.6,0.344703381147678
s0_none,21,fixed_beta_0.65,0.65,0.3450999221745089
s0_none,21,fixed_beta_0.70,0.7,0.3456100384182874
s0_none,21,fixed_beta_0.75,0.75,0.3462916524606729
s0_none,21,fixed_beta_0.80,0.8,0.3472645850309421
s0_none,21,fixed_beta_0.85,0.85,0.3487905002242236
s0_none,21,fixed_beta_0.90,0.9,0.3515678108343468
s0_none,21,fixed_beta_0.95,0.95,0.3581468877097085
s0_none,21,fixed_beta_1.00,1.0,0.3714057240028492
s0_none,21,amgtp_adaptive,,0.3438275490292852
s0_none,21,m5b_smooth0.001,,0.3427739732778269
s0_none,21,m5b_smooth0.1,,0.3422264340454476
s0_none,21,ensemble3,,0.3424953051689741
s0_none,22,fixed_beta_0.00,0.0,0.3318355490636678
s0_none,22,fixed_beta_0.05,0.05,0.3319151314641676
s0_none,22,fixed_beta_0.10,0.1,0.3320019718879437
s0_none,22,fixed_beta_0.15,0.15,0.3320972764605031
s0_none,22,fixed_beta_0.20,0.2,0.3322025607681939
s0_none,22,fixed_beta_0.25,0.25,0.3323197052102384
s0_none,22,fixed_beta_0.30,0.3,0.3324511117439172
s0_none,22,fixed_beta_0.35,0.35,0.3325999026728781
s0_none,22,fixed_beta_0.40,0.4,0.332770146321164
s0_none,22,fixed_beta_0.45,0.45,0.3329672875821013
s0_none,22,fixed_beta_0.50,0.5,0.3331987474372219
s0_none,22,fixed_beta_0.55,0.55,0.3334750632807423
s0_none,22,fixed_beta_0.60,0.6,0.3338114540578945
s0_none,22,fixed_beta_0.65,0.65,0.3342307976520322
s0_none,22,fixed_beta_0.70,0.7,0.3347690367209919
s0_none,22,fixed_beta_0.75,0.75,0.335486479448814
s0_none,22,fixed_beta_0.80,0.8,0.3364982397004368
s0_none,22,fixed_beta_0.85,0.85,0.3380687216023305
s0_none,22,fixed_beta_0.90,0.9,0.3409376335154689
s0_none,22,fixed_beta_0.95,0.95,0.3475980448306195
s0_none,22,fixed_beta_1.00,1.0,0.3605390344435616
s0_none,22,amgtp_adaptive,,0.332955560178637
s0_none,22,m5b_smooth0.001,,0.3318165440270942
s0_none,22,m5b_smooth0.1,,0.3316608705004735
s0_none,22,ensemble3,,0.3316584026337051
s0_none,23,fixed_beta_0.00,0.0,0.3260044021276603
s0_none,23,fixed_beta_0.05,0.05,0.3260861519050617
s0_none,23,fixed_beta_0.10,0.1,0.3261750588284566
s0_none,23,fixed_beta_0.15,0.15,0.3262722676598796
s0_none,23,fixed_beta_0.20,0.2,0.3263792077432104
s0_none,23,fixed_beta_0.25,0.25,0.3264976426817904
s0_none,23,fixed_beta_0.30,0.3,0.3266298224375565
s0_none,23,fixed_beta_0.35,0.35,0.3267786728630709
s0_none,23,fixed_beta_0.40,0.4,0.3269480546345091
s0_none,23,fixed_beta_0.45,0.45,0.327143326082413
s0_none,23,fixed_beta_0.50,0.5,0.3273719875902541
s0_none,23,fixed_beta_0.55,0.55,0.3276445098479701
s0_none,23,fixed_beta_0.60,0.6,0.3279754960560248
s0_none,23,fixed_beta_0.65,0.65,0.3283866917692727
s0_none,23,fixed_beta_0.70,0.7,0.3289127920171902
s0_none,23,fixed_beta_0.75,0.75,0.3296140096999678
s0_none,23,fixed_beta_0.80,0.8,0.3306074747786135
s0_none,23,fixed_beta_0.85,0.85,0.3321480591202232
s0_none,23,fixed_beta_0.90,0.9,0.3349361009756887
s0_none,23,fixed_beta_0.95,0.95,0.3414353327942068
s0_none,23,fixed_beta_1.00,1.0,0.354224324763505
s0_none,23,amgtp_adaptive,,0.3270938955614855
s0_none,23,m5b_smooth0.001,,0.3259686600063191
s0_none,23,m5b_smooth0.1,,0.3265600735944547
s0_none,23,ensemble3,,0.3260130222527673
s0_none,24,fixed_beta_0.00,0.0,0.3351326943091493
s0_none,24,fixed_beta_0.05,0.05,0.3352115734041213
s0_none,24,fixed_beta_0.10,0.1,0.3352974702468972
s0_none,24,fixed_beta_0.15,0.15,0.3353915364459921
s0_none,24,fixed_beta_0.20,0.2,0.3354952286370042
s0_none,24,fixed_beta_0.25,0.25,0.3356103626585185
s0_none,24,fixed_beta_0.30,0.3,0.3357392684298643
s0_none,24,fixed_beta_0.35,0.35,0.335884980081618
s0_none,24,fixed_beta_0.40,0.4,0.3360514724949858
s0_none,24,fixed_beta_0.45,0.45,0.3362441689990381
s0_none,24,fixed_beta_0.50,0.5,0.3364703881754542
s0_none,24,fixed_beta_0.55,0.55,0.3367403044334438
s0_none,24,fixed_beta_0.60,0.6,0.3370683939615863
s0_none,24,fixed_beta_0.65,0.65,0.3374763690669952
s0_none,24,fixed_beta_0.70,0.7,0.3379975780634443
s0_none,24,fixed_beta_0.75,0.75,0.3386888108514742
s0_none,24,fixed_beta_0.80,0.8,0.3396662907817647
s0_none,24,fixed_beta_0.85,0.85,0.341185133436276
s0_none,24,fixed_beta_0.90,0.9,0.3439685366967859
s0_none,24,fixed_beta_0.95,0.95,0.3505194697091566
s0_none,24,fixed_beta_1.00,1.0,0.363521899984019
s0_none,24,amgtp_adaptive,,0.3362250489358751
s0_none,24,m5b_smooth0.001,,0.3351257664599619
s0_none,24,m5b_smooth0.1,,0.336176213788228
s0_none,24,ensemble3,,0.3352065550115443
s0_none,25,fixed_beta_0.00,0.0,0.3371611743442714
s0_none,25,fixed_beta_0.05,0.05,0.3372412467078366
s0_none,25,fixed_beta_0.10,0.1,0.3373283569258426
s0_none,25,fixed_beta_0.15,0.15,0.3374236322316702
s0_none,25,fixed_beta_0.20,0.2,0.3375284143250138
s0_none,25,fixed_beta_0.25,0.25,0.3376443379274833
s0_none,25,fixed_beta_0.30,0.3,0.3377735620007228
s0_none,25,fixed_beta_0.35,0.35,0.3379191607577658
s0_none,25,fixed_beta_0.40,0.4,0.3380856621731504
s0_none,25,fixed_beta_0.45,0.45,0.3382796721137961
s0_none,25,fixed_beta_0.50,0.5,0.3385098531175286
s0_none,25,fixed_beta_0.55,0.55,0.3387868356729561
s0_none,25,fixed_beta_0.60,0.6,0.3391238698721411
s0_none,25,fixed_beta_0.65,0.65,0.3395399338787757
s0_none,25,fixed_beta_0.70,0.7,0.3400673570339781
s0_none,25,fixed_beta_0.75,0.75,0.3407690246964281
s0_none,25,fixed_beta_0.80,0.8,0.3417676036048467
s0_none,25,fixed_beta_0.85,0.85,0.3433247777613777
s0_none,25,fixed_beta_0.90,0.9,0.3461680267774122
s0_none,25,fixed_beta_0.95,0.95,0.3528625397107147
s0_none,25,fixed_beta_1.00,1.0,0.366156916338951
s0_none,25,amgtp_adaptive,,0.3382551198281702
s0_none,25,m5b_smooth0.001,,0.3371137861607266
s0_none,25,m5b_smooth0.1,,0.3367907033282428
s0_none,25,ensemble3,,0.3369608897652049
s0_none,26,fixed_beta_0.00,0.0,0.3217594633535446
s0_none,26,fixed_beta_0.05,0.05,0.3218414025513482
s0_none,26,fixed_beta_0.10,0.1,0.32193076265642
s0_none,26,fixed_beta_0.15,0.15,0.3220287736256384
s0_none,26,fixed_beta_0.20,0.2,0.3221369779610899
s0_none,26,fixed_beta_0.25,0.25,0.3222572892392052
s0_none,26,fixed_beta_0.30,0.3,0.3223921416270398
s0_none,26,fixed_beta_0.35,0.35,0.3225446881312171
s0_none,26,fixed_beta_0.40,0.4,0.3227190487643682
s0_none,26,fixed_beta_0.45,0.45,0.3229207954690152
s0_none,26,fixed_beta_0.50,0.5,0.3231575413474566
s0_none,26,fixed_beta_0.55,0.55,0.3234400178631478
s0_none,26,fixed_beta_0.60,0.6,0.3237836251745408
s0_none,26,fixed_beta_0.65,0.65,0.3242110611798532
s0_none,26,fixed_beta_0.70,0.7,0.3247582031067825
s0_none,26,fixed_beta_0.75,0.75,0.3254877126161996
s0_none,26,fixed_beta_0.80,0.8,0.3265190363682487
s0_none,26,fixed_beta_0.85,0.85,0.328114930439819
s0_none,26,fixed_beta_0.90,0.9,0.331003006181791
s0_none,26,fixed_beta_0.95,0.95,0.3376487111674902
s0_none,26,fixed_beta_1.00,1.0,0.3505546627388988
s0_none,26,amgtp_adaptive,,0.3228211563133034
s0_none,26,m5b_smooth0.001,,0.321763124125376
s0_none,26,m5b_smooth0.1,,0.3220383246896789
s0_none,26,ensemble3,,0.3217572918941492
s0_none,27,fixed_beta_0.00,0.0,0.3413515262817316
s0_none,27,fixed_beta_0.05,0.05,0.3414317794575243
s0_none,27,fixed_beta_0.10,0.1,0.341519204433191
s0_none,27,fixed_beta_0.15,0.15,0.3416149978954785
s0_none,27,fixed_beta_0.20,0.2,0.3417206770384275
s0_none,27,fixed_beta_0.25,0.25,0.3418381215098226
s0_none,27,fixed_beta_0.30,0.3,0.3419697102306528
s0_none,27,fixed_beta_0.35,0.35,0.342118522133824
s0_none,27,fixed_beta_0.40,0.4,0.3422885568635196
s0_none,27,fixed_beta_0.45,0.45,0.3424852162357925
s0_none,27,fixed_beta_0.50,0.5,0.3427158289703478
s0_none,27,fixed_beta_0.55,0.55,0.3429907574161225
s0_none,27,fixed_beta_0.60,0.6,0.3433250547337721
s0_none,27,fixed_beta_0.65,0.65,0.3437413159532821
s0_none,27,fixed_beta_0.70,0.7,0.3442747795764296
s0_none,27,fixed_beta_0.75,0.75,0.344984707199923
s0_none,27,fixed_beta_0.80,0.8,0.345980515899103
s0_none,27,fixed_beta_0.85,0.85,0.3475163073469126
s0_none,27,fixed_beta_0.90,0.9,0.3503428321415079
s0_none,27,fixed_beta_0.95,0.95,0.3569877307267542
s0_none,27,fixed_beta_1.00,1.0,0.3702826506024294
s0_none,27,amgtp_adaptive,,0.3424294142494095
s0_none,27,m5b_smooth0.001,,0.3413319020033837
s0_none,27,m5b_smooth0.1,,0.3410790866949557
s0_none,27,ensemble3,,0.3411716281626912
s0_none,28,fixed_beta_0.00,0.0,0.331301260772058
s0_none,28,fixed_beta_0.05,0.05,0.3313774717635965
s0_none,28,fixed_beta_0.10,0.1,0.3314606931128017
s0_none,28,fixed_beta_0.15,0.15,0.3315520364314737
s0_none,28,fixed_beta_0.20,0.2,0.3316529003183231
s0_none,28,fixed_beta_0.25,0.25,0.3317650218756163
s0_none,28,fixed_beta_0.30,0.3,0.331890626139544
s0_none,28,fixed_beta_0.35,0.35,0.3320326168987657
s0_none,28,fixed_beta_0.40,0.4,0.332194788889228
s0_none,28,fixed_beta_0.45,0.45,0.3323822881780546
s0_none,28,fixed_beta_0.50,0.5,0.3326021163460076
s0_none,28,fixed_beta_0.55,0.55,0.3328642184902798
s0_none,28,fixed_beta_0.60,0.6,0.3331831089956488
s0_none,28,fixed_beta_0.65,0.65,0.3335806001408716
s0_none,28,fixed_beta_0.70,0.7,0.3340912490480724
s0_none,28,fixed_beta_0.75,0.75,0.3347736774119622
s0_none,28,fixed_beta_0.80,0.8,0.335743259287669
s0_none,28,fixed_beta_0.85,0.85,0.3372564668296117
s0_none,28,fixed_beta_0.90,0.9,0.3400129684146543
s0_none,28,fixed_beta_0.95,0.95,0.3465338448299538
s0_none,28,fixed_beta_1.00,1.0,0.3595234176026776
s0_none,28,amgtp_adaptive,,0.3323952558980976
s0_none,28,m5b_smooth0.001,,0.331291177994971
s0_none,28,m5b_smooth0.1,,0.3313194548207114
s0_none,28,ensemble3,,0.3312088224442316
s0_none,29,fixed_beta_0.00,0.0,0.3186038563882412
s0_none,29,fixed_beta_0.05,0.05,0.3186850498820567
s0_none,29,fixed_beta_0.10,0.1,0.3187737134053688
s0_none,29,fixed_beta_0.15,0.15,0.3188710362360885
s0_none,29,fixed_beta_0.20,0.2,0.3189785081258955
s0_none,29,fixed_beta_0.25,0.25,0.3190979791268211
s0_none,29,fixed_beta_0.30,0.3,0.3192317940055941
s0_none,29,fixed_beta_0.35,0.35,0.3193829896089044
s0_none,29,fixed_beta_0.40,0.4,0.3195555213083841
s0_none,29,fixed_beta_0.45,0.45,0.3197546980802254
s0_none,29,fixed_beta_0.50,0.5,0.3199876736515593
s0_none,29,fixed_beta_0.55,0.55,0.3202646189204305
s0_none,29,fixed_beta_0.60,0.6,0.3206005824419202
s0_none,29,fixed_beta_0.65,0.65,0.3210183600169347
s0_none,29,fixed_beta_0.70,0.7,0.3215545090933088
s0_none,29,fixed_beta_0.75,0.75,0.3222716206461315
s0_none,29,fixed_beta_0.80,0.8,0.3232855303063027
s0_none,29,fixed_beta_0.85,0.85,0.3248485840235204
s0_none,29,fixed_beta_0.90,0.9,0.3276513942892974
s0_none,29,fixed_beta_0.95,0.95,0.3340816438974803
s0_none,29,fixed_beta_1.00,1.0,0.346278449953396
s0_none,29,amgtp_adaptive,,0.3197691970811142
s0_none,29,m5b_smooth0.001,,0.3185908436091655
s0_none,29,m5b_smooth0.1,,0.3220249307757655
s0_none,29,ensemble3,,0.3188962678087731
s0_none,3,fixed_beta_0.00,0.0,0.338297213002026
s0_none,3,fixed_beta_0.05,0.05,0.3383764604759429
s0_none,3,fixed_beta_0.10,0.1,0.3384625455649299
s0_none,3,fixed_beta_0.15,0.15,0.3385565675337198
s0_none,3,fixed_beta_0.20,0.2,0.3386598992505734
s0_none,3,fixed_beta_0.25,0.25,0.3387742176050735
s0_none,3,fixed_beta_0.30,0.3,0.3389016236238597
s0_none,3,fixed_beta_0.35,0.35,0.3390448305514371
s0_none,3,fixed_beta_0.40,0.4,0.3392074857576722
s0_none,3,fixed_beta_0.45,0.45,0.3393948853215751
s0_none,3,fixed_beta_0.50,0.5,0.3396147550401443
s0_none,3,fixed_beta_0.55,0.55,0.3398779420552324
s0_none,3,fixed_beta_0.60,0.6,0.3401995829027516
s0_none,3,fixed_beta_0.65,0.65,0.3406017259289766
s0_none,3,fixed_beta_0.70,0.7,0.3411178721583026
s0_none,3,fixed_beta_0.75,0.75,0.3418048727613944
s0_none,3,fixed_beta_0.80,0.8,0.342775816153914
s0_none,3,fixed_beta_0.85,0.85,0.3442863139494168
s0_none,3,fixed_beta_0.90,0.9,0.3470330130516559
s0_none,3,fixed_beta_0.95,0.95,0.3534831436603072
s0_none,3,fixed_beta_1.00,1.0,0.3663671440732023
s0_none,3,amgtp_adaptive,,0.3393292777558005
s0_none,3,m5b_smooth0.001,,0.3382590955147377
s0_none,3,m5b_smooth0.1,,0.3389491675962714
s0_none,3,ensemble3,,0.3383248456097552
s0_none,30,fixed_beta_0.00,0.0,0.3361079699001199
s0_none,30,fixed_beta_0.05,0.05,0.3361895898250053
s0_none,30,fixed_beta_0.10,0.1,0.3362779939300262
s0_none,30,fixed_beta_0.15,0.15,0.3363742675660544
s0_none,30,fixed_beta_0.20,0.2,0.3364797727542425
s0_none,30,fixed_beta_0.25,0.25,0.3365961957082893
s0_none,30,fixed_beta_0.30,0.3,0.3367256979326778
s0_none,30,fixed_beta_0.35,0.35,0.336871100672524
s0_none,30,fixed_beta_0.40,0.4,0.3370360938975784
s0_none,30,fixed_beta_0.45,0.45,0.3372256834950863
s0_none,30,fixed_beta_0.50,0.5,0.3374466812479871
s0_none,30,fixed_beta_0.55,0.55,0.3377086729829051
s0_none,30,fixed_beta_0.60,0.6,0.3380254753495832
s0_none,30,fixed_beta_0.65,0.65,0.3384178717724058
s0_none,30,fixed_beta_0.70,0.7,0.3389184359929659
s0_none,30,fixed_beta_0.75,0.75,0.3395839483130645
s0_none,30,fixed_beta_0.80,0.8,0.3405250023158637
s0_none,30,fixed_beta_0.85,0.85,0.341986808488767
s0_none,30,fixed_beta_0.90,0.9,0.3446645375057098
s0_none,30,fixed_beta_0.95,0.95,0.3510267082486377
s0_none,30,fixed_beta_1.00,1.0,0.3638568039603698
s0_none,30,amgtp_adaptive,,0.3371485911073365
s0_none,30,m5b_smooth0.001,,0.3360936348071323
s0_none,30,m5b_smooth0.1,,0.335618754579434
s0_none,30,ensemble3,,0.335868120376757
s0_none,31,fixed_beta_0.00,0.0,0.3218467447945973
s0_none,31,fixed_beta_0.05,0.05,0.3219240023670424
s0_none,31,fixed_beta_0.10,0.1,0.322008461805332
s0_none,31,fixed_beta_0.15,0.15,0.3221013309005542
s0_none,31,fixed_beta_0.20,0.2,0.3222041051901407
s0_none,31,fixed_beta_0.25,0.25,0.3223186091739747
s0_none,31,fixed_beta_0.30,0.3,0.3224471105723507
s0_none,31,fixed_beta_0.35,0.35,0.3225925010344253
s0_none,31,fixed_beta_0.40,0.4,0.3227585260624531
s0_none,31,fixed_beta_0.45,0.45,0.3229503148406058
s0_none,31,fixed_beta_0.50,0.5,0.3231748773635912
s0_none,31,fixed_beta_0.55,0.55,0.3234422025069532
s0_none,31,fixed_beta_0.60,0.6,0.3237671663013163
s0_none,31,fixed_beta_0.65,0.65,0.3241729108416309
s0_none,31,fixed_beta_0.70,0.7,0.3246966339028456
s0_none,31,fixed_beta_0.75,0.75,0.3253971271990538
s0_none,31,fixed_beta_0.80,0.8,0.3263767671514063
s0_none,31,fixed_beta_0.85,0.85,0.327891142610215
s0_none,31,fixed_beta_0.90,0.9,0.3306691142186049
s0_none,31,fixed_beta_0.95,0.95,0.3371864811434609
s0_none,31,fixed_beta_1.00,1.0,0.3498824747016137
s0_none,31,amgtp_adaptive,,0.3229487016095906
s0_none,31,m5b_smooth0.001,,0.321846586332993
s0_none,31,m5b_smooth0.1,,0.3217280696786084
s0_none,31,ensemble3,,0.321711362190592
s0_none,4,fixed_beta_0.00,0.0,0.3298499099002219
s0_none,4,fixed_beta_0.05,0.05,0.3299310105698521
s0_none,4,fixed_beta_0.10,0.1,0.3300196374796347
s0_none,4,fixed_beta_0.15,0.15,0.330117019829849
s0_none,4,fixed_beta_0.20,0.2,0.3302246976591633
s0_none,4,fixed_beta_0.25,0.25,0.3303445659048716
s0_none,4,fixed_beta_0.30,0.3,0.3304790418865064
s0_none,4,fixed_beta_0.35,0.35,0.3306312520295378
s0_none,4,fixed_beta_0.40,0.4,0.3308052574938998
s0_none,4,fixed_beta_0.45,0.45,0.3310065008925243
s0_none,4,fixed_beta_0.50,0.5,0.3312423580163122
s0_none,4,fixed_beta_0.55,0.55,0.3315232481625096
s0_none,4,fixed_beta_0.60,0.6,0.3318642669797728
s0_none,4,fixed_beta_0.65,0.65,0.3322882757833143
s0_none,4,fixed_beta_0.70,0.7,0.3328325790289907
s0_none,4,fixed_beta_0.75,0.75,0.3335628166517808
s0_none,4,fixed_beta_0.80,0.8,0.3346001056037531
s0_none,4,fixed_beta_0.85,0.85,0.3361958747932245
s0_none,4,fixed_beta_0.90,0.9,0.3390759080848926
s0_none,4,fixed_beta_0.95,0.95,0.3457131708486676
s0_none,4,fixed_beta_1.00,1.0,0.3584553889784675
s0_none,4,amgtp_adaptive,,0.3309693454264875
s0_none,4,m5b_smooth0.001,,0.3298634139225762
s0_none,4,m5b_smooth0.1,,0.3300740303882566
s0_none,4,ensemble3,,0.3298576654801259
s1_abrupt,0,fixed_beta_0.00,0.0,0.3357891279707391
s1_abrupt,0,fixed_beta_0.05,0.05,0.3357892078479129
s1_abrupt,0,fixed_beta_0.10,0.1,0.3358970891780662
s1_abrupt,0,fixed_beta_0.15,0.15,0.3360388826707304
s1_abrupt,0,fixed_beta_0.20,0.2,0.3361588197310413
s1_abrupt,0,fixed_beta_0.25,0.25,0.3362556248526644
s1_abrupt,0,fixed_beta_0.30,0.3,0.336394596221057
s1_abrupt,0,fixed_beta_0.35,0.35,0.3366029966269689
s1_abrupt,0,fixed_beta_0.40,0.4,0.3368145996015997
s1_abrupt,0,fixed_beta_0.45,0.45,0.3370749949122306
s1_abrupt,0,fixed_beta_0.50,0.5,0.337444340089108
s1_abrupt,0,fixed_beta_0.55,0.55,0.3379438524163442
s1_abrupt,0,fixed_beta_0.60,0.6,0.3386329130529955
s1_abrupt,0,fixed_beta_0.65,0.65,0.3396079808315094
s1_abrupt,0,fixed_beta_0.70,0.7,0.3409435348695331
s1_abrupt,0,fixed_beta_0.75,0.75,0.3429592109563744
s1_abrupt,0,fixed_beta_0.80,0.8,0.3458991714574036
s1_abrupt,0,fixed_beta_0.85,0.85,0.3503513605063774
s1_abrupt,0,fixed_beta_0.90,0.9,0.3571368267655502
s1_abrupt,0,fixed_beta_0.95,0.95,0.3663574873816267
s1_abrupt,0,fixed_beta_1.00,1.0,0.3777461074717259
s1_abrupt,0,amgtp_adaptive,,0.3366146491587566
s1_abrupt,0,m5b_smooth0.001,,0.3357781045467449
s1_abrupt,0,m5b_smooth0.1,,0.3486197885122404
s1_abrupt,0,ensemble3,,0.3367220055625337
s1_abrupt,1,fixed_beta_0.00,0.0,0.333130252677245
s1_abrupt,1,fixed_beta_0.05,0.05,0.3332800438323262
s1_abrupt,1,fixed_beta_0.10,0.1,0.3333612470114712
s1_abrupt,1,fixed_beta_0.15,0.15,0.333446541649484
s1_abrupt,1,fixed_beta_0.20,0.2,0.3335333680503096
s1_abrupt,1,fixed_beta_0.25,0.25,0.3335836936782978
s1_abrupt,1,fixed_beta_0.30,0.3,0.3343685085091704
s1_abrupt,1,fixed_beta_0.35,0.35,0.334855006368821
s1_abrupt,1,fixed_beta_0.40,0.4,0.3349236486000712
s1_abrupt,1,fixed_beta_0.45,0.45,0.334883043819944
s1_abrupt,1,fixed_beta_0.50,0.5,0.3350339945441059
s1_abrupt,1,fixed_beta_0.55,0.55,0.3354963544914024
s1_abrupt,1,fixed_beta_0.60,0.6,0.3362178919081156
s1_abrupt,1,fixed_beta_0.65,0.65,0.3372298170138879
s1_abrupt,1,fixed_beta_0.70,0.7,0.3387472079476217
s1_abrupt,1,fixed_beta_0.75,0.75,0.340881938088661
s1_abrupt,1,fixed_beta_0.80,0.8,0.3440826095401347
s1_abrupt,1,fixed_beta_0.85,0.85,0.3488789020577399
s1_abrupt,1,fixed_beta_0.90,0.9,0.355874329885504
s1_abrupt,1,fixed_beta_0.95,0.95,0.3655417813570596
s1_abrupt,1,fixed_beta_1.00,1.0,0.3772259872972389
s1_abrupt,1,amgtp_adaptive,,0.3335148545484725
s1_abrupt,1,m5b_smooth0.001,,0.3330710808070439
s1_abrupt,1,m5b_smooth0.1,,0.3472462918523611
s1_abrupt,1,ensemble3,,0.3341266602861458
s1_abrupt,2,fixed_beta_0.00,0.0,0.3497550486591504
s1_abrupt,2,fixed_beta_0.05,0.05,0.3498572459650145
s1_abrupt,2,fixed_beta_0.10,0.1,0.349973409139489
s1_abrupt,2,fixed_beta_0.15,0.15,0.3501143055183823
s1_abrupt,2,fixed_beta_0.20,0.2,0.3502263232185014
s1_abrupt,2,fixed_beta_0.25,0.25,0.3503360974736855
s1_abrupt,2,fixed_beta_0.30,0.3,0.3504495936844238
s1_abrupt,2,fixed_beta_0.35,0.35,0.3506267584038531
s1_abrupt,2,fixed_beta_0.40,0.4,0.3509380419700733
s1_abrupt,2,fixed_beta_0.45,0.45,0.3516147196306154
s1_abrupt,2,fixed_beta_0.50,0.5,0.3516983043829479
s1_abrupt,2,fixed_beta_0.55,0.55,0.3519118562382771
s1_abrupt,2,fixed_beta_0.60,0.6,0.3525458769601081
s1_abrupt,2,fixed_beta_0.65,0.65,0.3534264741302985
s1_abrupt,2,fixed_beta_0.70,0.7,0.3546021696561236
s1_abrupt,2,fixed_beta_0.75,0.75,0.3564511252449279
s1_abrupt,2,fixed_beta_0.80,0.8,0.3592713039436436
s1_abrupt,2,fixed_beta_0.85,0.85,0.3637347782436966
s1_abrupt,2,fixed_beta_0.90,0.9,0.3705066282444417
s1_abrupt,2,fixed_beta_0.95,0.95,0.3796308398703808
s1_abrupt,2,fixed_beta_1.00,1.0,0.3917811890330803
s1_abrupt,2,amgtp_adaptive,,0.3505915062307127
s1_abrupt,2,m5b_smooth0.001,,0.3497635448983228
s1_abrupt,2,m5b_smooth0.1,,0.3648560097906029
s1_abrupt,2,ensemble3,,0.3507582071007166
s1_abrupt,20,fixed_beta_0.00,0.0,0.3283255593052847
s1_abrupt,20,fixed_beta_0.05,0.05,0.32839016177349
s1_abrupt,20,fixed_beta_0.10,0.1,0.3285038888782534
s1_abrupt,20,fixed_beta_0.15,0.15,0.328671980284053
s1_abrupt,20,fixed_beta_0.20,0.2,0.3287754305439164
s1_abrupt,20,fixed_beta_0.25,0.25,0.328884345433674
s1_abrupt,20,fixed_beta_0.30,0.3,0.3290296534041795
s1_abrupt,20,fixed_beta_0.35,0.35,0.3292218412831939
s1_abrupt,20,fixed_beta_0.40,0.4,0.3294533906767486
s1_abrupt,20,fixed_beta_0.45,0.45,0.3297462176835281
s1_abrupt,20,fixed_beta_0.50,0.5,0.330124160635719
s1_abrupt,20,fixed_beta_0.55,0.55,0.3306106678535011
s1_abrupt,20,fixed_beta_0.60,0.6,0.3312157519843039
s1_abrupt,20,fixed_beta_0.65,0.65,0.3320525600694636
s1_abrupt,20,fixed_beta_0.70,0.7,0.3332095232237029
s1_abrupt,20,fixed_beta_0.75,0.75,0.3351074966651409
s1_abrupt,20,fixed_beta_0.80,0.8,0.3380658977387392
s1_abrupt,20,fixed_beta_0.85,0.85,0.3425971765027224
s1_abrupt,20,fixed_beta_0.90,0.9,0.3491054504061388
s1_abrupt,20,fixed_beta_0.95,0.95,0.3578512885991237
s1_abrupt,20,fixed_beta_1.00,1.0,0.3685784199737986
s1_abrupt,20,amgtp_adaptive,,0.3292807737325423
s1_abrupt,20,m5b_smooth0.001,,0.3283329985350963
s1_abrupt,20,m5b_smooth0.1,,0.3400144819016708
s1_abrupt,20,ensemble3,,0.3293917801271609
s1_abrupt,21,fixed_beta_0.00,0.0,0.332904681797492
s1_abrupt,21,fixed_beta_0.05,0.05,0.3330788263604959
s1_abrupt,21,fixed_beta_0.10,0.1,0.3331833269326211
s1_abrupt,21,fixed_beta_0.15,0.15,0.3332789248069484
s1_abrupt,21,fixed_beta_0.20,0.2,0.3333624785817919
s1_abrupt,21,fixed_beta_0.25,0.25,0.3334304863807671
s1_abrupt,21,fixed_beta_0.30,0.3,0.3335639202642332
s1_abrupt,21,fixed_beta_0.35,0.35,0.3336704353789421
s1_abrupt,21,fixed_beta_0.40,0.4,0.333893725054343
s1_abrupt,21,fixed_beta_0.45,0.45,0.334182876257276
s1_abrupt,21,fixed_beta_0.50,0.5,0.3345575172621222
s1_abrupt,21,fixed_beta_0.55,0.55,0.3350499040815585
s1_abrupt,21,fixed_beta_0.60,0.6,0.3356972907049457
s1_abrupt,21,fixed_beta_0.65,0.65,0.3366244349476185
s1_abrupt,21,fixed_beta_0.70,0.7,0.3378943808830993
s1_abrupt,21,fixed_beta_0.75,0.75,0.3399881482246303
s1_abrupt,21,fixed_beta_0.80,0.8,0.3431512153138803
s1_abrupt,21,fixed_beta_0.85,0.85,0.3478523265976128
s1_abrupt,21,fixed_beta_0.90,0.9,0.354990580598185
s1_abrupt,21,fixed_beta_0.95,0.95,0.3643352904065782
s1_abrupt,21,fixed_beta_1.00,1.0,0.3752000302685515
s1_abrupt,21,amgtp_adaptive,,0.3338549030758054
s1_abrupt,21,m5b_smooth0.001,,0.3328964254755416
s1_abrupt,21,m5b_smooth0.1,,0.3386081046995956
s1_abrupt,21,ensemble3,,0.3338707866007707
s1_abrupt,22,fixed_beta_0.00,0.0,0.3422358357457843
s1_abrupt,22,fixed_beta_0.05,0.05,0.3423568996887137
s1_abrupt,22,fixed_beta_0.10,0.1,0.3424474309110545
s1_abrupt,22,fixed_beta_0.15,0.15,0.3425423038433905
s1_abrupt,22,fixed_beta_0.20,0.2,0.3426468839891449
s1_abrupt,22,fixed_beta_0.25,0.25,0.342769830201418
s1_abrupt,22,fixed_beta_0.30,0.3,0.3429148705159105
s1_abrupt,22,fixed_beta_0.35,0.35,0.3430968344466906
s1_abrupt,22,fixed_beta_0.40,0.4,0.3433354740093112
s1_abrupt,22,fixed_beta_0.45,0.45,0.3436474232449991
s1_abrupt,22,fixed_beta_0.50,0.5,0.3440973836146531
s1_abrupt,22,fixed_beta_0.55,0.55,0.3446631439333356
s1_abrupt,22,fixed_beta_0.60,0.6,0.3454029046574783
s1_abrupt,22,fixed_beta_0.65,0.65,0.3460497923374511
s1_abrupt,22,fixed_beta_0.70,0.7,0.3474612024639092
s1_abrupt,22,fixed_beta_0.75,0.75,0.3496325649844504
s1_abrupt,22,fixed_beta_0.80,0.8,0.3529811381125506
s1_abrupt,22,fixed_beta_0.85,0.85,0.3579859664524074
s1_abrupt,22,fixed_beta_0.90,0.9,0.3646329036215381
s1_abrupt,22,fixed_beta_0.95,0.95,0.3735973089127115
s1_abrupt,22,fixed_beta_1.00,1.0,0.3852261432462718
s1_abrupt,22,amgtp_adaptive,,0.3430626228398285
s1_abrupt,22,m5b_smooth0.001,,0.342194170929579
s1_abrupt,22,m5b_smooth0.1,,0.3517044136082087
s1_abrupt,22,ensemble3,,0.343213475150822
s1_abrupt,23,fixed_beta_0.00,0.0,0.3446687419159239
s1_abrupt,23,fixed_beta_0.05,0.05,0.3447357173280126
s1_abrupt,23,fixed_beta_0.10,0.1,0.3447862560446673
s1_abrupt,23,fixed_beta_0.15,0.15,0.3448614804585057
s1_abrupt,23,fixed_beta_0.20,0.2,0.3449816374316599
s1_abrupt,23,fixed_beta_0.25,0.25,0.34507488121924
s1_abrupt,23,fixed_beta_0.30,0.3,0.345237370943367
s1_abrupt,23,fixed_beta_0.35,0.35,0.3464277973432726
s1_abrupt,23,fixed_beta_0.40,0.4,0.3468365706572029
s1_abrupt,23,fixed_beta_0.45,0.45,0.3468760269231287
s1_abrupt,23,fixed_beta_0.50,0.5,0.3470776727401808
s1_abrupt,23,fixed_beta_0.55,0.55,0.3469148679794068
s1_abrupt,23,fixed_beta_0.60,0.6,0.347677554658213
s1_abrupt,23,fixed_beta_0.65,0.65,0.3489878872555842
s1_abrupt,23,fixed_beta_0.70,0.7,0.3503640873303603
s1_abrupt,23,fixed_beta_0.75,0.75,0.3522099946039305
s1_abrupt,23,fixed_beta_0.80,0.8,0.3554076314149506
s1_abrupt,23,fixed_beta_0.85,0.85,0.3605605390373528
s1_abrupt,23,fixed_beta_0.90,0.9,0.3676635671000697
s1_abrupt,23,fixed_beta_0.95,0.95,0.377194327193316
s1_abrupt,23,fixed_beta_1.00,1.0,0.3893262191204689
s1_abrupt,23,amgtp_adaptive,,0.3453969530953618
s1_abrupt,23,m5b_smooth0.001,,0.3445803759479077
s1_abrupt,23,m5b_smooth0.1,,0.3586944176837476
s1_abrupt,23,ensemble3,,0.3456109101635437
s1_abrupt,24,fixed_beta_0.00,0.0,0.3353568673029006
s1_abrupt,24,fixed_beta_0.05,0.05,0.3353725309134677
s1_abrupt,24,fixed_beta_0.10,0.1,0.3354695774538027
s1_abrupt,24,fixed_beta_0.15,0.15,0.3355498395383176
s1_abrupt,24,fixed_beta_0.20,0.2,0.3356479375387172
s1_abrupt,24,fixed_beta_0.25,0.25,0.3357311650156319
s1_abrupt,24,fixed_beta_0.30,0.3,0.3358873836814706
s1_abrupt,24,fixed_beta_0.35,0.35,0.3360772495408906
s1_abrupt,24,fixed_beta_0.40,0.4,0.3362588445201707
s1_abrupt,24,fixed_beta_0.45,0.45,0.3365391202106559
s1_abrupt,24,fixed_beta_0.50,0.5,0.3370258723751139
s1_abrupt,24,fixed_beta_0.55,0.55,0.3375390700819612
s1_abrupt,24,fixed_beta_0.60,0.6,0.338333471415884
s1_abrupt,24,fixed_beta_0.65,0.65,0.3392491148471285
s1_abrupt,24,fixed_beta_0.70,0.7,0.3403907438560928
s1_abrupt,24,fixed_beta_0.75,0.75,0.3426495136466675
s1_abrupt,24,fixed_beta_0.80,0.8,0.3460403882333959
s1_abrupt,24,fixed_beta_0.85,0.85,0.3510837015523494
s1_abrupt,24,fixed_beta_0.90,0.9,0.3578654987533595
s1_abrupt,24,fixed_beta_0.95,0.95,0.3669907238492396
s1_abrupt,24,fixed_beta_1.00,1.0,0.3778943147574175
s1_abrupt,24,amgtp_adaptive,,0.3360789230287837
s1_abrupt,24,m5b_smooth0.001,,0.3353707963144964
s1_abrupt,24,m5b_smooth0.1,,0.3474606470950595
s1_abrupt,24,ensemble3,,0.3364164525524952
s1_abrupt,25,fixed_beta_0.00,0.0,0.3413483527913152
s1_abrupt,25,fixed_beta_0.05,0.05,0.3414622119545861
s1_abrupt,25,fixed_beta_0.10,0.1,0.3415328485012957
s1_abrupt,25,fixed_beta_0.15,0.15,0.3416134430431579
s1_abrupt,25,fixed_beta_0.20,0.2,0.3417273522886496
s1_abrupt,25,fixed_beta_0.25,0.25,0.3418538897872438
s1_abrupt,25,fixed_beta_0.30,0.3,0.342009457229893
s1_abrupt,25,fixed_beta_0.35,0.35,0.3433640880709556
s1_abrupt,25,fixed_beta_0.40,0.4,0.3437138404571854
s1_abrupt,25,fixed_beta_0.45,0.45,0.3437821353005971
s1_abrupt,25,fixed_beta_0.50,0.5,0.3437948498361394
s1_abrupt,25,fixed_beta_0.55,0.55,0.3435557987180619
s1_abrupt,25,fixed_beta_0.60,0.6,0.3442689297516888
s1_abrupt,25,fixed_beta_0.65,0.65,0.3452788362068086
s1_abrupt,25,fixed_beta_0.70,0.7,0.346636811901593
s1_abrupt,25,fixed_beta_0.75,0.75,0.3486447022252275
s1_abrupt,25,fixed_beta_0.80,0.8,0.3518381450874355
s1_abrupt,25,fixed_beta_0.85,0.85,0.3571292964393447
s1_abrupt,25,fixed_beta_0.90,0.9,0.3650966839551934
s1_abrupt,25,fixed_beta_0.95,0.95,0.3752314621870199
s1_abrupt,25,fixed_beta_1.00,1.0,0.3877045931841564
s1_abrupt,25,amgtp_adaptive,,0.3415994727667365
s1_abrupt,25,m5b_smooth0.001,,0.3412816641750323
s1_abrupt,25,m5b_smooth0.1,,0.3522124849582763
s1_abrupt,25,ensemble3,,0.3422744510659111
s1_abrupt,26,fixed_beta_0.00,0.0,0.3479095453860163
s1_abrupt,26,fixed_beta_0.05,0.05,0.3479207674541147
s1_abrupt,26,fixed_beta_0.10,0.1,0.3480603451857736
s1_abrupt,26,fixed_beta_0.15,0.15,0.3482235808146089
s1_abrupt,26,fixed_beta_0.20,0.2,0.3483096319277656
s1_abrupt,26,fixed_beta_0.25,0.25,0.3484315994975709
s1_abrupt,26,fixed_beta_0.30,0.3,0.3485891415463196
s1_abrupt,26,fixed_beta_0.35,0.35,0.3487555308403845
s1_abrupt,26,fixed_beta_0.40,0.4,0.3489884308505714
s1_abrupt,26,fixed_beta_0.45,0.45,0.3491363770609924
s1_abrupt,26,fixed_beta_0.50,0.5,0.3495499138399122
s1_abrupt,26,fixed_beta_0.55,0.55,0.350044576116536
s1_abrupt,26,fixed_beta_0.60,0.6,0.35073624269525
s1_abrupt,26,fixed_beta_0.65,0.65,0.3517569849433304
s1_abrupt,26,fixed_beta_0.70,0.7,0.3534065847214731
s1_abrupt,26,fixed_beta_0.75,0.75,0.355775883756888
s1_abrupt,26,fixed_beta_0.80,0.8,0.359104061150296
s1_abrupt,26,fixed_beta_0.85,0.85,0.363942782145757
s1_abrupt,26,fixed_beta_0.90,0.9,0.3697340652611898
s1_abrupt,26,fixed_beta_0.95,0.95,0.3787199649978163
s1_abrupt,26,fixed_beta_1.00,1.0,0.3905959003620367
s1_abrupt,26,amgtp_adaptive,,0.3487976977143891
s1_abrupt,26,m5b_smooth0.001,,0.3478566640324396
s1_abrupt,26,m5b_smooth0.1,,0.3510572012471605
s1_abrupt,26,ensemble3,,0.3488745722121951
s1_abrupt,27,fixed_beta_0.00,0.0,0.3393891320289713
s1_abrupt,27,fixed_beta_0.05,0.05,0.339445459348375
s1_abrupt,27,fixed_beta_0.10,0.1,0.3395220092027552
s1_abrupt,27,fixed_beta_0.15,0.15,0.3396137906460399
s1_abrupt,27,fixed_beta_0.20,0.2,0.3397200318172555
s1_abrupt,27,fixed_beta_0.25,0.25,0.3398337016674765
s1_abrupt,27,fixed_beta_0.30,0.3,0.3398916449275213
s1_abrupt,27,fixed_beta_0.35,0.35,0.340719535399015
s1_abrupt,27,fixed_beta_0.40,0.4,0.3411049651872369
s1_abrupt,27,fixed_beta_0.45,0.45,0.3414816369908158
s1_abrupt,27,fixed_beta_0.50,0.5,0.3414191325066141
s1_abrupt,27,fixed_beta_0.55,0.55,0.341871446956194
s1_abrupt,27,fixed_beta_0.60,0.6,0.3425720847964839
s1_abrupt,27,fixed_beta_0.65,0.65,0.3436352596569149
s1_abrupt,27,fixed_beta_0.70,0.7,0.3451934979723312
s1_abrupt,27,fixed_beta_0.75,0.75,0.3473680323092207
s1_abrupt,27,fixed_beta_0.80,0.8,0.3505892031793872
s1_abrupt,27,fixed_beta_0.85,0.85,0.3552771801002411
s1_abrupt,27,fixed_beta_0.90,0.9,0.3621500256068273
s1_abrupt,27,fixed_beta_0.95,0.95,0.3715604312954593
s1_abrupt,27,fixed_beta_1.00,1.0,0.3830888535151516
s1_abrupt,27,amgtp_adaptive,,0.339916905445176
s1_abrupt,27,m5b_smooth0.001,,0.3393733084524968
s1_abrupt,27,m5b_smooth0.1,,0.3427652395716418
s1_abrupt,27,ensemble3,,0.34023011667979
s1_abrupt,28,fixed_beta_0.00,0.0,0.3402230326274286
s1_abrupt,28,fixed_beta_0.05,0.05,0.3404150678000203
s1_abrupt,28,fixed_beta_0.10,0.1,0.3404006211316429
s1_abrupt,28,fixed_beta_0.15,0.15,0.340478460344301
s1_abrupt,28,fixed_beta_0.20,0.2,0.3406575742188186
s1_abrupt,28,fixed_beta_0.25,0.25,0.3408240800385828
s1_abrupt,28,fixed_beta_0.30,0.3,0.3409426420893611
s1_abrupt,28,fixed_beta_0.35,0.35,0.3410489703856125
s1_abrupt,28,fixed_beta_0.40,0.4,0.3412915564940953
s1_abrupt,28,fixed_beta_0.45,0.45,0.3416014652746054
s1_abrupt,28,fixed_beta_0.50,0.5,0.3420263425464936
s1_abrupt,28,fixed_beta_0.55,0.55,0.3425402113227151
s1_abrupt,28,fixed_beta_0.60,0.6,0.3430620823151335
s1_abrupt,28,fixed_beta_0.65,0.65,0.343926350115329
s1_abrupt,28,fixed_beta_0.70,0.7,0.3452870941233064
s1_abrupt,28,fixed_beta_0.75,0.75,0.3472134714105457
s1_abrupt,28,fixed_beta_0.80,0.8,0.3504526807347222
s1_abrupt,28,fixed_beta_0.85,0.85,0.3559559052764822
s1_abrupt,28,fixed_beta_0.90,0.9,0.3634410392432939
s1_abrupt,28,fixed_beta_0.95,0.95,0.3730735789910714
s1_abrupt,28,fixed_beta_1.00,1.0,0.385141690285474
s1_abrupt,28,amgtp_adaptive,,0.3409597139413186
s1_abrupt,28,m5b_smooth0.001,,0.3402147247761297
s1_abrupt,28,m5b_smooth0.1,,0.3449371019312625
s1_abrupt,28,ensemble3,,0.3412047528127506
s1_abrupt,29,fixed_beta_0.00,0.0,0.3344764049598565
s1_abrupt,29,fixed_beta_0.05,0.05,0.3346460311239371
s1_abrupt,29,fixed_beta_0.10,0.1,0.3347510080066141
s1_abrupt,29,fixed_beta_0.15,0.15,0.3348447729808917
s1_abrupt,29,fixed_beta_0.20,0.2,0.3349491952804438
s1_abrupt,29,fixed_beta_0.25,0.25,0.3350712587287321
s1_abrupt,29,fixed_beta_0.30,0.3,0.3351070278826519
s1_abrupt,29,fixed_beta_0.35,0.35,0.3353155754829054
s1_abrupt,29,fixed_beta_0.40,0.4,0.3355501446042253
s1_abrupt,29,fixed_beta_0.45,0.45,0.3358436028932486
s1_abrupt,29,fixed_beta_0.50,0.5,0.3362184861015471
s1_abrupt,29,fixed_beta_0.55,0.55,0.3367192481052037
s1_abrupt,29,fixed_beta_0.60,0.6,0.3373901463534245
s1_abrupt,29,fixed_beta_0.65,0.65,0.3382288348862964
s1_abrupt,29,fixed_beta_0.70,0.7,0.3394852459877765
s1_abrupt,29,fixed_beta_0.75,0.75,0.3414457719832802
s1_abrupt,29,fixed_beta_0.80,0.8,0.3442170275044949
s1_abrupt,29,fixed_beta_0.85,0.85,0.3488287306444064
s1_abrupt,29,fixed_beta_0.90,0.9,0.3557391487897799
s1_abrupt,29,fixed_beta_0.95,0.95,0.3648382281042667
s1_abrupt,29,fixed_beta_1.00,1.0,0.3760774263029311
s1_abrupt,29,amgtp_adaptive,,0.3352039015895645
s1_abrupt,29,m5b_smooth0.001,,0.3344345159924085
s1_abrupt,29,m5b_smooth0.1,,0.3387112885066108
s1_abrupt,29,ensemble3,,0.3354208546915517
s1_abrupt,3,fixed_beta_0.00,0.0,0.3352583259163362
s1_abrupt,3,fixed_beta_0.05,0.05,0.3353644855555893
s1_abrupt,3,fixed_beta_0.10,0.1,0.3354838243090381
s1_abrupt,3,fixed_beta_0.15,0.15,0.3356297163249621
s1_abrupt,3,fixed_beta_0.20,0.2,0.3357545116377007
s1_abrupt,3,fixed_beta_0.25,0.25,0.3358728325571017
s1_abrupt,3,fixed_beta_0.30,0.3,0.3360110491729374
s1_abrupt,3,fixed_beta_0.35,0.35,0.3361825663394977
s1_abrupt,3,fixed_beta_0.40,0.4,0.3363155267294299
s1_abrupt,3,fixed_beta_0.45,0.45,0.3365753927104948
s1_abrupt,3,fixed_beta_0.50,0.5,0.3369658377383721
s1_abrupt,3,fixed_beta_0.55,0.55,0.3375097888833681
s1_abrupt,3,fixed_beta_0.60,0.6,0.3382708061849666
s1_abrupt,3,fixed_beta_0.65,0.65,0.3393500549353457
s1_abrupt,3,fixed_beta_0.70,0.7,0.3409055519328666
s1_abrupt,3,fixed_beta_0.75,0.75,0.3431571687455391
s1_abrupt,3,fixed_beta_0.80,0.8,0.346729120174191
s1_abrupt,3,fixed_beta_0.85,0.85,0.3518472344349923
s1_abrupt,3,fixed_beta_0.90,0.9,0.3588448865215932
s1_abrupt,3,fixed_beta_0.95,0.95,0.3677386509190281
s1_abrupt,3,fixed_beta_1.00,1.0,0.3791084876214377
s1_abrupt,3,amgtp_adaptive,,0.3361678772377758
s1_abrupt,3,m5b_smooth0.001,,0.3352542174005542
s1_abrupt,3,m5b_smooth0.1,,0.3458742777472502
s1_abrupt,3,ensemble3,,0.3362484557814307
s1_abrupt,30,fixed_beta_0.00,0.0,0.3358862708733262
s1_abrupt,30,fixed_beta_0.05,0.05,0.3360895724700778
s1_abrupt,30,fixed_beta_0.10,0.1,0.3361547751600663
s1_abrupt,30,fixed_beta_0.15,0.15,0.3362123221019623
s1_abrupt,30,fixed_beta_0.20,0.2,0.3362769306608034
s1_abrupt,30,fixed_beta_0.25,0.25,0.3366180836150492
s1_abrupt,30,fixed_beta_0.30,0.3,0.3369449961820071
s1_abrupt,30,fixed_beta_0.35,0.35,0.3370454784447984
s1_abrupt,30,fixed_beta_0.40,0.4,0.3369409417112214
s1_abrupt,30,fixed_beta_0.45,0.45,0.3371899818577153
s1_abrupt,30,fixed_beta_0.50,0.5,0.337580878583171
s1_abrupt,30,fixed_beta_0.55,0.55,0.3381079079929395
s1_abrupt,30,fixed_beta_0.60,0.6,0.3388649580769919
s1_abrupt,30,fixed_beta_0.65,0.65,0.3399123585185563
s1_abrupt,30,fixed_beta_0.70,0.7,0.3413571660512308
s1_abrupt,30,fixed_beta_0.75,0.75,0.3434029965086285
s1_abrupt,30,fixed_beta_0.80,0.8,0.3466879443572703
s1_abrupt,30,fixed_beta_0.85,0.85,0.3517884490390345
s1_abrupt,30,fixed_beta_0.90,0.9,0.3586294485017449
s1_abrupt,30,fixed_beta_0.95,0.95,0.3677176703185578
s1_abrupt,30,fixed_beta_1.00,1.0,0.3792089122840722
s1_abrupt,30,amgtp_adaptive,,0.3367303364964074
s1_abrupt,30,m5b_smooth0.001,,0.3358517283608138
s1_abrupt,30,m5b_smooth0.1,,0.3493037535406949
s1_abrupt,30,ensemble3,,0.3369020807996408
s1_abrupt,31,fixed_beta_0.00,0.0,0.3361834937629478
s1_abrupt,31,fixed_beta_0.05,0.05,0.3362229359182019
s1_abrupt,31,fixed_beta_0.10,0.1,0.3362904566358199
s1_abrupt,31,fixed_beta_0.15,0.15,0.3363874820005771
s1_abrupt,31,fixed_beta_0.20,0.2,0.3364783906264038
s1_abrupt,31,fixed_beta_0.25,0.25,0.3366053865763203
s1_abrupt,31,fixed_beta_0.30,0.3,0.33679837098857
s1_abrupt,31,fixed_beta_0.35,0.35,0.3380665319557075
s1_abrupt,31,fixed_beta_0.40,0.4,0.3383414788945971
s1_abrupt,31,fixed_beta_0.45,0.45,0.3384211400291869
s1_abrupt,31,fixed_beta_0.50,0.5,0.3387695797565274
s1_abrupt,31,fixed_beta_0.55,0.55,0.3391207177399188
s1_abrupt,31,fixed_beta_0.60,0.6,0.3393638495275296
s1_abrupt,31,fixed_beta_0.65,0.65,0.3402608724399553
s1_abrupt,31,fixed_beta_0.70,0.7,0.3416423083981294
s1_abrupt,31,fixed_beta_0.75,0.75,0.3435026016589657
s1_abrupt,31,fixed_beta_0.80,0.8,0.3466721755816032
s1_abrupt,31,fixed_beta_0.85,0.85,0.3518159232753142
s1_abrupt,31,fixed_beta_0.90,0.9,0.3596385981392772
s1_abrupt,31,fixed_beta_0.95,0.95,0.3696251564909169
s1_abrupt,31,fixed_beta_1.00,1.0,0.3818714945068436
s1_abrupt,31,amgtp_adaptive,,0.3363161211020286
s1_abrupt,31,m5b_smooth0.001,,0.3361704111570028
s1_abrupt,31,m5b_smooth0.1,,0.3451120954576756
s1_abrupt,31,ensemble3,,0.3370786731217859
s1_abrupt,4,fixed_beta_0.00,0.0,0.3400541333729018
s1_abrupt,4,fixed_beta_0.05,0.05,0.3401346411743662
s1_abrupt,4,fixed_beta_0.10,0.1,0.3402453717255537
s1_abrupt,4,fixed_beta_0.15,0.15,0.3404403467562729
s1_abrupt,4,fixed_beta_0.20,0.2,0.3405719099251353
s1_abrupt,4,fixed_beta_0.25,0.25,0.3407259866563914
s1_abrupt,4,fixed_beta_0.30,0.3,0.3408725487173175
s1_abrupt,4,fixed_beta_0.35,0.35,0.3408999079939854
s1_abrupt,4,fixed_beta_0.40,0.4,0.3411391800466877
s1_abrupt,4,fixed_beta_0.45,0.45,0.3414217804154235
s1_abrupt,4,fixed_beta_0.50,0.5,0.3418086311601284
s1_abrupt,4,fixed_beta_0.55,0.55,0.3423197876888281
s1_abrupt,4,fixed_beta_0.60,0.6,0.3429961656733774
s1_abrupt,4,fixed_beta_0.65,0.65,0.3438650493239232
s1_abrupt,4,fixed_beta_0.70,0.7,0.345114901384809
s1_abrupt,4,fixed_beta_0.75,0.75,0.347103397027655
s1_abrupt,4,fixed_beta_0.80,0.8,0.3500639969277934
s1_abrupt,4,fixed_beta_0.85,0.85,0.3549122577817969
s1_abrupt,4,fixed_beta_0.90,0.9,0.3622317972075498
s1_abrupt,4,fixed_beta_0.95,0.95,0.3718460777571751
s1_abrupt,4,fixed_beta_1.00,1.0,0.3835035579981234
s1_abrupt,4,amgtp_adaptive,,0.340864631012226
s1_abrupt,4,m5b_smooth0.001,,0.3400580340147624
s1_abrupt,4,m5b_smooth0.1,,0.3464071487070527
s1_abrupt,4,ensemble3,,0.3410090071817615
s2_gradual,0,fixed_beta_0.00,0.0,0.3554870323491413
s2_gradual,0,fixed_beta_0.05,0.05,0.3555553476352512
s2_gradual,0,fixed_beta_0.10,0.1,0.355629675982446
s2_gradual,0,fixed_beta_0.15,0.15,0.3557115243329594
s2_gradual,0,fixed_beta_0.20,0.2,0.3558029975576511
s2_gradual,0,fixed_beta_0.25,0.25,0.355906707653492
s2_gradual,0,fixed_beta_0.30,0.3,0.3560256356995573
s2_gradual,0,fixed_beta_0.35,0.35,0.3561636186030484
s2_gradual,0,fixed_beta_0.40,0.4,0.3563255116108804
s2_gradual,0,fixed_beta_0.45,0.45,0.3565180652732532
s2_gradual,0,fixed_beta_0.50,0.5,0.3567514044583228
s2_gradual,0,fixed_beta_0.55,0.55,0.3570408516186711
s2_gradual,0,fixed_beta_0.60,0.6,0.3574088329880419
s2_gradual,0,fixed_beta_0.65,0.65,0.357889359118018
s2_gradual,0,fixed_beta_0.70,0.7,0.3585420051051151
s2_gradual,0,fixed_beta_0.75,0.75,0.3594811243342014
s2_gradual,0,fixed_beta_0.80,0.8,0.36092696354954
s2_gradual,0,fixed_beta_0.85,0.85,0.3633191340528435
s2_gradual,0,fixed_beta_0.90,0.9,0.3674829083220022
s2_gradual,0,fixed_beta_0.95,0.95,0.3744718549356629
s2_gradual,0,fixed_beta_1.00,1.0,0.3830581767342267
s2_gradual,0,amgtp_adaptive,,0.3565561424473492
s2_gradual,0,m5b_smooth0.001,,0.3554477282476547
s2_gradual,0,m5b_smooth0.1,,0.3565250778729805
s2_gradual,0,ensemble3,,0.3563573383641659
s2_gradual,1,fixed_beta_0.00,0.0,0.3526900344795489
s2_gradual,1,fixed_beta_0.05,0.05,0.3527572314332877
s2_gradual,1,fixed_beta_0.10,0.1,0.3528325565288009
s2_gradual,1,fixed_beta_0.15,0.15,0.3529174279313177
s2_gradual,1,fixed_beta_0.20,0.2,0.3530135665535489
s2_gradual,1,fixed_beta_0.25,0.25,0.3531229272820094
s2_gradual,1,fixed_beta_0.30,0.3,0.3532482792244646
s2_gradual,1,fixed_beta_0.35,0.35,0.3533937284508915
s2_gradual,1,fixed_beta_0.40,0.4,0.3535646133973071
s2_gradual,1,fixed_beta_0.45,0.45,0.353768183366101
s2_gradual,1,fixed_beta_0.50,0.5,0.3540148395354159
s2_gradual,1,fixed_beta_0.55,0.55,0.3543199028122222
s2_gradual,1,fixed_beta_0.60,0.6,0.3547070313508326
s2_gradual,1,fixed_beta_0.65,0.65,0.3552151064326005
s2_gradual,1,fixed_beta_0.70,0.7,0.3559101175275162
s2_gradual,1,fixed_beta_0.75,0.75,0.3569073338293309
s2_gradual,1,fixed_beta_0.80,0.8,0.3584236832963755
s2_gradual,1,fixed_beta_0.85,0.85,0.3608850636357852
s2_gradual,1,fixed_beta_0.90,0.9,0.3651327785141613
s2_gradual,1,fixed_beta_0.95,0.95,0.3724918353224229
s2_gradual,1,fixed_beta_1.00,1.0,0.3814269426712106
s2_gradual,1,amgtp_adaptive,,0.3537378312372925
s2_gradual,1,m5b_smooth0.001,,0.3527191675922355
s2_gradual,1,m5b_smooth0.1,,0.3533892585968954
s2_gradual,1,ensemble3,,0.3536991146728094
s2_gradual,2,fixed_beta_0.00,0.0,0.3666511253374537
s2_gradual,2,fixed_beta_0.05,0.05,0.3667149863185512
s2_gradual,2,fixed_beta_0.10,0.1,0.3667862353311913
s2_gradual,2,fixed_beta_0.15,0.15,0.3668660543478706
s2_gradual,2,fixed_beta_0.20,0.2,0.3669560235317161
s2_gradual,2,fixed_beta_0.25,0.25,0.3670582337567666
s2_gradual,2,fixed_beta_0.30,0.3,0.3671753746776918
s2_gradual,2,fixed_beta_0.35,0.35,0.3673108062921269
s2_gradual,2,fixed_beta_0.40,0.4,0.3674688425912417
s2_gradual,2,fixed_beta_0.45,0.45,0.3676559365111075
s2_gradual,2,fixed_beta_0.50,0.5,0.367882509340907
s2_gradual,2,fixed_beta_0.55,0.55,0.3681646965886253
s2_gradual,2,fixed_beta_0.60,0.6,0.3685251946480327
s2_gradual,2,fixed_beta_0.65,0.65,0.3689980341304784
s2_gradual,2,fixed_beta_0.70,0.7,0.3696438585635234
s2_gradual,2,fixed_beta_0.75,0.75,0.3705779325328937
s2_gradual,2,fixed_beta_0.80,0.8,0.3720300011583132
s2_gradual,2,fixed_beta_0.85,0.85,0.374464143887129
s2_gradual,2,fixed_beta_0.90,0.9,0.3787315806165205
s2_gradual,2,fixed_beta_0.95,0.95,0.386021307816406
s2_gradual,2,fixed_beta_1.00,1.0,0.3952347622345606
s2_gradual,2,amgtp_adaptive,,0.3676817544747084
s2_gradual,2,m5b_smooth0.001,,0.3666252674823744
s2_gradual,2,m5b_smooth0.1,,0.3684159721947807
s2_gradual,2,ensemble3,,0.3676582448102952
s2_gradual,20,fixed_beta_0.00,0.0,0.3435769124855131
s2_gradual,20,fixed_beta_0.05,0.05,0.3436447868734685
s2_gradual,20,fixed_beta_0.10,0.1,0.343720094240003
s2_gradual,20,fixed_beta_0.15,0.15,0.34380418808669
s2_gradual,20,fixed_beta_0.20,0.2,0.343898895256242
s2_gradual,20,fixed_beta_0.25,0.25,0.3440064356106051
s2_gradual,20,fixed_beta_0.30,0.3,0.3441294588225582
s2_gradual,20,fixed_beta_0.35,0.35,0.3442713172233935
s2_gradual,20,fixed_beta_0.40,0.4,0.3444364817476407
s2_gradual,20,fixed_beta_0.45,0.45,0.344631272367446
s2_gradual,20,fixed_beta_0.50,0.5,0.3448648411747211
s2_gradual,20,fixed_beta_0.55,0.55,0.3451510789957668
s2_gradual,20,fixed_beta_0.60,0.6,0.3455125005633805
s2_gradual,20,fixed_beta_0.65,0.65,0.3459863671743574
s2_gradual,20,fixed_beta_0.70,0.7,0.3466353583836123
s2_gradual,20,fixed_beta_0.75,0.75,0.3475739363786422
s2_gradual,20,fixed_beta_0.80,0.8,0.3490212035975485
s2_gradual,20,fixed_beta_0.85,0.85,0.3513922565251
s2_gradual,20,fixed_beta_0.90,0.9,0.3554022409886762
s2_gradual,20,fixed_beta_0.95,0.95,0.3619897811551344
s2_gradual,20,fixed_beta_1.00,1.0,0.3699836912000431
s2_gradual,20,amgtp_adaptive,,0.3446683436200611
s2_gradual,20,m5b_smooth0.001,,0.3435622134384896
s2_gradual,20,m5b_smooth0.1,,0.3475911129473205
s2_gradual,20,ensemble3,,0.3446823163851158
s2_gradual,21,fixed_beta_0.00,0.0,0.3543006493367887
s2_gradual,21,fixed_beta_0.05,0.05,0.3543655993439986
s2_gradual,21,fixed_beta_0.10,0.1,0.3544380506281617
s2_gradual,21,fixed_beta_0.15,0.15,0.3545196942047477
s2_gradual,21,fixed_beta_0.20,0.2,0.3546124047562919
s2_gradual,21,fixed_beta_0.25,0.25,0.3547179529137144
s2_gradual,21,fixed_beta_0.30,0.3,0.3548385752251634
s2_gradual,21,fixed_beta_0.35,0.35,0.3549777227827924
s2_gradual,21,fixed_beta_0.40,0.4,0.355140126206834
s2_gradual,21,fixed_beta_0.45,0.45,0.3553325981845787
s2_gradual,21,fixed_beta_0.50,0.5,0.3555649010230781
s2_gradual,21,fixed_beta_0.55,0.55,0.3558510844465105
s2_gradual,21,fixed_beta_0.60,0.6,0.3562120250822794
s2_gradual,21,fixed_beta_0.65,0.65,0.3566811988754637
s2_gradual,21,fixed_beta_0.70,0.7,0.3573156676980609
s2_gradual,21,fixed_beta_0.75,0.75,0.3582194604038509
s2_gradual,21,fixed_beta_0.80,0.8,0.3595897173215783
s2_gradual,21,fixed_beta_0.85,0.85,0.3618543293310091
s2_gradual,21,fixed_beta_0.90,0.9,0.3658698471660201
s2_gradual,21,fixed_beta_0.95,0.95,0.3727504206129538
s2_gradual,21,fixed_beta_1.00,1.0,0.3815848577661407
s2_gradual,21,amgtp_adaptive,,0.3553457394462541
s2_gradual,21,m5b_smooth0.001,,0.3542773499352529
s2_gradual,21,m5b_smooth0.1,,0.3554872324605453
s2_gradual,21,ensemble3,,0.3552548473273143
s2_gradual,22,fixed_beta_0.00,0.0,0.3621657396744972
s2_gradual,22,fixed_beta_0.05,0.05,0.3622269474303917
s2_gradual,22,fixed_beta_0.10,0.1,0.36229467099807
s2_gradual,22,fixed_beta_0.15,0.15,0.3623702582428112
s2_gradual,22,fixed_beta_0.20,0.2,0.3624552828881457
s2_gradual,22,fixed_beta_0.25,0.25,0.3625516849019464
s2_gradual,22,fixed_beta_0.30,0.3,0.3626621213451496
s2_gradual,22,fixed_beta_0.35,0.35,0.3627904198649716
s2_gradual,22,fixed_beta_0.40,0.4,0.3629418479470454
s2_gradual,22,fixed_beta_0.45,0.45,0.363123450527943
s2_gradual,22,fixed_beta_0.50,0.5,0.3633450652766661
s2_gradual,22,fixed_beta_0.55,0.55,0.3636207129700671
s2_gradual,22,fixed_beta_0.60,0.6,0.363970505679525
s2_gradual,22,fixed_beta_0.65,0.65,0.3644292365843951
s2_gradual,22,fixed_beta_0.70,0.7,0.3650612594197165
s2_gradual,22,fixed_beta_0.75,0.75,0.3659543547699628
s2_gradual,22,fixed_beta_0.80,0.8,0.367309545071106
s2_gradual,22,fixed_beta_0.85,0.85,0.3695877470116756
s2_gradual,22,fixed_beta_0.90,0.9,0.3736398910158627
s2_gradual,22,fixed_beta_0.95,0.95,0.3807175166595537
s2_gradual,22,fixed_beta_1.00,1.0,0.3899228057239163
s2_gradual,22,amgtp_adaptive,,0.3631628804618514
s2_gradual,22,m5b_smooth0.001,,0.3621019720392407
s2_gradual,22,m5b_smooth0.1,,0.3677401573534521
s2_gradual,22,ensemble3,,0.3632044604565739
s2_gradual,23,fixed_beta_0.00,0.0,0.3667620454481441
s2_gradual,23,fixed_beta_0.05,0.05,0.3668257327137198
s2_gradual,23,fixed_beta_0.10,0.1,0.3668967228423166
s2_gradual,23,fixed_beta_0.15,0.15,0.3669763919212849
s2_gradual,23,fixed_beta_0.20,0.2,0.3670663919002314
s2_gradual,23,fixed_beta_0.25,0.25,0.3671687515561754
s2_gradual,23,fixed_beta_0.30,0.3,0.3672862058624304
s2_gradual,23,fixed_beta_0.35,0.35,0.3674226309002979
s2_gradual,23,fixed_beta_0.40,0.4,0.3675834968099664
s2_gradual,23,fixed_beta_0.45,0.45,0.3677766207723781
s2_gradual,23,fixed_beta_0.50,0.5,0.3680134441038967
s2_gradual,23,fixed_beta_0.55,0.55,0.3683112042999081
s2_gradual,23,fixed_beta_0.60,0.6,0.3686950455242584
s2_gradual,23,fixed_beta_0.65,0.65,0.3691989348895521
s2_gradual,23,fixed_beta_0.70,0.7,0.3698684044297904
s2_gradual,23,fixed_beta_0.75,0.75,0.3707958670579956
s2_gradual,23,fixed_beta_0.80,0.8,0.3722297691411487
s2_gradual,23,fixed_beta_0.85,0.85,0.3746355977495373
s2_gradual,23,fixed_beta_0.90,0.9,0.37888133631807
s2_gradual,23,fixed_beta_0.95,0.95,0.3862974111439544
s2_gradual,23,fixed_beta_1.00,1.0,0.3957058761389663
s2_gradual,23,amgtp_adaptive,,0.3678716971239549
s2_gradual,23,m5b_smooth0.001,,0.3667637761870854
s2_gradual,23,m5b_smooth0.1,,0.3676306205465391
s2_gradual,23,ensemble3,,0.3677927680915573
s2_gradual,24,fixed_beta_0.00,0.0,0.355378545702018
s2_gradual,24,fixed_beta_0.05,0.05,0.3554457123910141
s2_gradual,24,fixed_beta_0.10,0.1,0.3555200259747744
s2_gradual,24,fixed_beta_0.15,0.15,0.3556027940447575
s2_gradual,24,fixed_beta_0.20,0.2,0.3556957071825563
s2_gradual,24,fixed_beta_0.25,0.25,0.355800886935714
s2_gradual,24,fixed_beta_0.30,0.3,0.3559210997878941
s2_gradual,24,fixed_beta_0.35,0.35,0.3560600162514204
s2_gradual,24,fixed_beta_0.40,0.4,0.3562224149770425
s2_gradual,24,fixed_beta_0.45,0.45,0.3564151339256861
s2_gradual,24,fixed_beta_0.50,0.5,0.3566482342762008
s2_gradual,24,fixed_beta_0.55,0.55,0.3569363745464594
s2_gradual,24,fixed_beta_0.60,0.6,0.3573017531369932
s2_gradual,24,fixed_beta_0.65,0.65,0.3577796837745871
s2_gradual,24,fixed_beta_0.70,0.7,0.3584300107210125
s2_gradual,24,fixed_beta_0.75,0.75,0.3593653700062234
s2_gradual,24,fixed_beta_0.80,0.8,0.3608121529901883
s2_gradual,24,fixed_beta_0.85,0.85,0.3631855271140317
s2_gradual,24,fixed_beta_0.90,0.9,0.3673610094390158
s2_gradual,24,fixed_beta_0.95,0.95,0.3744898172530479
s2_gradual,24,fixed_beta_1.00,1.0,0.3835649480638829
s2_gradual,24,amgtp_adaptive,,0.3564531228106929
s2_gradual,24,m5b_smooth0.001,,0.3553581504113535
s2_gradual,24,m5b_smooth0.1,,0.3565687081333737
s2_gradual,24,ensemble3,,0.3563961319690283
s2_gradual,25,fixed_beta_0.00,0.0,0.3656989768719689
s2_gradual,25,fixed_beta_0.05,0.05,0.3657643399488057
s2_gradual,25,fixed_beta_0.10,0.1,0.3658361918110391
s2_gradual,25,fixed_beta_0.15,0.15,0.3659159336543101
s2_gradual,25,fixed_beta_0.20,0.2,0.3660027340988206
s2_gradual,25,fixed_beta_0.25,0.25,0.366102032293234
s2_gradual,25,fixed_beta_0.30,0.3,0.3662174650827989
s2_gradual,25,fixed_beta_0.35,0.35,0.3663532525235946
s2_gradual,25,fixed_beta_0.40,0.4,0.36651518375507
s2_gradual,25,fixed_beta_0.45,0.45,0.3667106967200416
s2_gradual,25,fixed_beta_0.50,0.5,0.3669498675865079
s2_gradual,25,fixed_beta_0.55,0.55,0.3672482116804164
s2_gradual,25,fixed_beta_0.60,0.6,0.3676305987234995
s2_gradual,25,fixed_beta_0.65,0.65,0.3681359676922669
s2_gradual,25,fixed_beta_0.70,0.7,0.3688296030095143
s2_gradual,25,fixed_beta_0.75,0.75,0.3698325874432914
s2_gradual,25,fixed_beta_0.80,0.8,0.3713809206696418
s2_gradual,25,fixed_beta_0.85,0.85,0.3739664812747079
s2_gradual,25,fixed_beta_0.90,0.9,0.3786378551160305
s2_gradual,25,fixed_beta_0.95,0.95,0.3868161289956334
s2_gradual,25,fixed_beta_1.00,1.0,0.3972144020992195
s2_gradual,25,amgtp_adaptive,,0.366734945418008
s2_gradual,25,m5b_smooth0.001,,0.3656679807873061
s2_gradual,25,m5b_smooth0.1,,0.3685452373931265
s2_gradual,25,ensemble3,,0.366760028249299
s2_gradual,26,fixed_beta_0.00,0.0,0.3677359460157919
s2_gradual,26,fixed_beta_0.05,0.05,0.3677969042083616
s2_gradual,26,fixed_beta_0.10,0.1,0.367864451199639
s2_gradual,26,fixed_beta_0.15,0.15,0.3679396283633107
s2_gradual,26,fixed_beta_0.20,0.2,0.3680241150413323
s2_gradual,26,fixed_beta_0.25,0.25,0.3681204172533641
s2_gradual,26,fixed_beta_0.30,0.3,0.3682320995660973
s2_gradual,26,fixed_beta_0.35,0.35,0.3683642188916903
s2_gradual,26,fixed_beta_0.40,0.4,0.3685238038727539
s2_gradual,26,fixed_beta_0.45,0.45,0.3687193509727071
s2_gradual,26,fixed_beta_0.50,0.5,0.3689590272920426
s2_gradual,26,fixed_beta_0.55,0.55,0.3692537211126018
s2_gradual,26,fixed_beta_0.60,0.6,0.3696236499879707
s2_gradual,26,fixed_beta_0.65,0.65,0.3701044537118553
s2_gradual,26,fixed_beta_0.70,0.7,0.3707578042015084
s2_gradual,26,fixed_beta_0.75,0.75,0.3716944744380752
s2_gradual,26,fixed_beta_0.80,0.8,0.3731096936276656
s2_gradual,26,fixed_beta_0.85,0.85,0.3754451229556016
s2_gradual,26,fixed_beta_0.90,0.9,0.379586942595388
s2_gradual,26,fixed_beta_0.95,0.95,0.3867876494430828
s2_gradual,26,fixed_beta_1.00,1.0,0.3960944483946594
s2_gradual,26,amgtp_adaptive,,0.3687623968046676
s2_gradual,26,m5b_smooth0.001,,0.3676749360702835
s2_gradual,26,m5b_smooth0.1,,0.3707668219378865
s2_gradual,26,ensemble3,,0.3688002523872992
s2_gradual,27,fixed_beta_0.00,0.0,0.3633145158637939
s2_gradual,27,fixed_beta_0.05,0.05,0.3633799294379379
s2_gradual,27,fixed_beta_0.10,0.1,0.3634523691893112
s2_gradual,27,fixed_beta_0.15,0.15,0.3635336931114711
s2_gradual,27,fixed_beta_0.20,0.2,0.3636265235727899
s2_gradual,27,fixed_beta_0.25,0.25,0.3637322522192484
s2_gradual,27,fixed_beta_0.30,0.3,0.3638524116215973
s2_gradual,27,fixed_beta_0.35,0.35,0.363990961713634
s2_gradual,27,fixed_beta_0.40,0.4,0.3641529326276446
s2_gradual,27,fixed_beta_0.45,0.45,0.3643447734358691
s2_gradual,27,fixed_beta_0.50,0.5,0.364576275332732
s2_gradual,27,fixed_beta_0.55,0.55,0.3648628679596385
s2_gradual,27,fixed_beta_0.60,0.6,0.3652277919151153
s2_gradual,27,fixed_beta_0.65,0.65,0.3657049752750028
s2_gradual,27,fixed_beta_0.70,0.7,0.3663525521298088
s2_gradual,27,fixed_beta_0.75,0.75,0.3672796270985723
s2_gradual,27,fixed_beta_0.80,0.8,0.36870328061785
s2_gradual,27,fixed_beta_0.85,0.85,0.3710752741501702
s2_gradual,27,fixed_beta_0.90,0.9,0.3753285048870869
s2_gradual,27,fixed_beta_0.95,0.95,0.3828919420068419
s2_gradual,27,fixed_beta_1.00,1.0,0.3925800711831673
s2_gradual,27,amgtp_adaptive,,0.3643630971879922
s2_gradual,27,m5b_smooth0.001,,0.3632879841653195
s2_gradual,27,m5b_smooth0.1,,0.3654700698983343
s2_gradual,27,ensemble3,,0.3643212981546181
s2_gradual,28,fixed_beta_0.00,0.0,0.3637146384087868
s2_gradual,28,fixed_beta_0.05,0.05,0.3637790202901038
s2_gradual,28,fixed_beta_0.10,0.1,0.3638507936292776
s2_gradual,28,fixed_beta_0.15,0.15,0.3639313359574785
s2_gradual,28,fixed_beta_0.20,0.2,0.3640224016822709
s2_gradual,28,fixed_beta_0.25,0.25,0.3641260412622429
s2_gradual,28,fixed_beta_0.30,0.3,0.3642448379752505
s2_gradual,28,fixed_beta_0.35,0.35,0.3643824132950541
s2_gradual,28,fixed_beta_0.40,0.4,0.3645434282330121
s2_gradual,28,fixed_beta_0.45,0.45,0.3647345639286588
s2_gradual,28,fixed_beta_0.50,0.5,0.3649660167371566
s2_gradual,28,fixed_beta_0.55,0.55,0.3652523583685497
s2_gradual,28,fixed_beta_0.60,0.6,0.3656146718052424
s2_gradual,28,fixed_beta_0.65,0.65,0.366086265617824
s2_gradual,28,fixed_beta_0.70,0.7,0.3667275646925589
s2_gradual,28,fixed_beta_0.75,0.75,0.367654897296354
s2_gradual,28,fixed_beta_0.80,0.8,0.3690922880545169
s2_gradual,28,fixed_beta_0.85,0.85,0.3714689951584492
s2_gradual,28,fixed_beta_0.90,0.9,0.3756468834228038
s2_gradual,28,fixed_beta_0.95,0.95,0.3828755216509428
s2_gradual,28,fixed_beta_1.00,1.0,0.3921518544458226
s2_gradual,28,amgtp_adaptive,,0.3647430280635509
s2_gradual,28,m5b_smooth0.001,,0.3636842617427028
s2_gradual,28,m5b_smooth0.1,,0.3649429316654014
s2_gradual,28,ensemble3,,0.3647014214529002
s2_gradual,29,fixed_beta_0.00,0.0,0.3517539631359764
s2_gradual,29,fixed_beta_0.05,0.05,0.3518207429187706
s2_gradual,29,fixed_beta_0.10,0.1,0.3518944868475624
s2_gradual,29,fixed_beta_0.15,0.15,0.3519766052029458
s2_gradual,29,fixed_beta_0.20,0.2,0.3520690021770015
s2_gradual,29,fixed_beta_0.25,0.25,0.3521742546983119
s2_gradual,29,fixed_beta_0.30,0.3,0.3522956197360947
s2_gradual,29,fixed_beta_0.35,0.35,0.3524369849263589
s2_gradual,29,fixed_beta_0.40,0.4,0.3526032127876352
s2_gradual,29,fixed_beta_0.45,0.45,0.3528009188570642
s2_gradual,29,fixed_beta_0.50,0.5,0.3530395414575667
s2_gradual,29,fixed_beta_0.55,0.55,0.3533328199684979
s2_gradual,29,fixed_beta_0.60,0.6,0.3537010285917413
s2_gradual,29,fixed_beta_0.65,0.65,0.3541766256603272
s2_gradual,29,fixed_beta_0.70,0.7,0.3548205967728999
s2_gradual,29,fixed_beta_0.75,0.75,0.3557494329136416
s2_gradual,29,fixed_beta_0.80,0.8,0.3571694545354499
s2_gradual,29,fixed_beta_0.85,0.85,0.3595059144679026
s2_gradual,29,fixed_beta_0.90,0.9,0.3635941551962265
s2_gradual,29,fixed_beta_0.95,0.95,0.3706213337451128
s2_gradual,29,fixed_beta_1.00,1.0,0.3794454631222038
s2_gradual,29,amgtp_adaptive,,0.3528520650511087
s2_gradual,29,m5b_smooth0.001,,0.3517475844088527
s2_gradual,29,m5b_smooth0.1,,0.3550705920112272
s2_gradual,29,ensemble3,,0.3528231373658891
s2_gradual,3,fixed_beta_0.00,0.0,0.3586530300158342
s2_gradual,3,fixed_beta_0.05,0.05,0.3587156908437245
s2_gradual,3,fixed_beta_0.10,0.1,0.3587853153799097
s2_gradual,3,fixed_beta_0.15,0.15,0.3588632239663517
s2_gradual,3,fixed_beta_0.20,0.2,0.358951046192728
s2_gradual,3,fixed_beta_0.25,0.25,0.359050805469046
s2_gradual,3,fixed_beta_0.30,0.3,0.3591651773046857
s2_gradual,3,fixed_beta_0.35,0.35,0.3592979301753186
s2_gradual,3,fixed_beta_0.40,0.4,0.3594544599863321
s2_gradual,3,fixed_beta_0.45,0.45,0.3596422672580739
s2_gradual,3,fixed_beta_0.50,0.5,0.3598718023556358
s2_gradual,3,fixed_beta_0.55,0.55,0.3601584998836612
s2_gradual,3,fixed_beta_0.60,0.6,0.3605243318275958
s2_gradual,3,fixed_beta_0.65,0.65,0.3610028645580064
s2_gradual,3,fixed_beta_0.70,0.7,0.361651767990546
s2_gradual,3,fixed_beta_0.75,0.75,0.3625734617768618
s2_gradual,3,fixed_beta_0.80,0.8,0.3639742656584427
s2_gradual,3,fixed_beta_0.85,0.85,0.3663155209204229
s2_gradual,3,fixed_beta_0.90,0.9,0.3704794951175322
s2_gradual,3,fixed_beta_0.95,0.95,0.3777340790666049
s2_gradual,3,fixed_beta_1.00,1.0,0.386929212029987
s2_gradual,3,amgtp_adaptive,,0.3596885947370594
s2_gradual,3,m5b_smooth0.001,,0.3585890002059886
s2_gradual,3,m5b_smooth0.1,,0.3627560965401891
s2_gradual,3,ensemble3,,0.3596612216131975
s2_gradual,30,fixed_beta_0.00,0.0,0.3580909563703445
s2_gradual,30,fixed_beta_0.05,0.05,0.358155345278449
s2_gradual,30,fixed_beta_0.10,0.1,0.3582273611498003
s2_gradual,30,fixed_beta_0.15,0.15,0.3583082723032863
s2_gradual,30,fixed_beta_0.20,0.2,0.3584000026246901
s2_gradual,30,fixed_beta_0.25,0.25,0.3585048447819088
s2_gradual,30,fixed_beta_0.30,0.3,0.3586255194815631
s2_gradual,30,fixed_beta_0.35,0.35,0.3587656873178886
s2_gradual,30,fixed_beta_0.40,0.4,0.3589302987014043
s2_gradual,30,fixed_beta_0.45,0.45,0.3591263296007077
s2_gradual,30,fixed_beta_0.50,0.5,0.3593640409679905
s2_gradual,30,fixed_beta_0.55,0.55,0.3596587065780344
s2_gradual,30,fixed_beta_0.60,0.6,0.3600331003691426
s2_gradual,30,fixed_beta_0.65,0.65,0.3605216829040774
s2_gradual,30,fixed_beta_0.70,0.7,0.3611791640658941
s2_gradual,30,fixed_beta_0.75,0.75,0.3621047820522077
s2_gradual,30,fixed_beta_0.80,0.8,0.3635078100853289
s2_gradual,30,fixed_beta_0.85,0.85,0.3658404290876951
s2_gradual,30,fixed_beta_0.90,0.9,0.3699732132643178
s2_gradual,30,fixed_beta_0.95,0.95,0.3771743940595425
s2_gradual,30,fixed_beta_1.00,1.0,0.3865865433016681
s2_gradual,30,amgtp_adaptive,,0.3592116552175973
s2_gradual,30,m5b_smooth0.001,,0.358114839936928
s2_gradual,30,m5b_smooth0.1,,0.3625429797549351
s2_gradual,30,ensemble3,,0.3592393350277163
s2_gradual,31,fixed_beta_0.00,0.0,0.3583466977613767
s2_gradual,31,fixed_beta_0.05,0.05,0.3584100903208396
s2_gradual,31,fixed_beta_0.10,0.1,0.3584812345390717
s2_gradual,31,fixed_beta_0.15,0.15,0.3585615957360066
s2_gradual,31,fixed_beta_0.20,0.2,0.3586529702263349
s2_gradual,31,fixed_beta_0.25,0.25,0.3587574295898729
s2_gradual,31,fixed_beta_0.30,0.3,0.3588775315611006
s2_gradual,31,fixed_beta_0.35,0.35,0.3590169877079245
s2_gradual,31,fixed_beta_0.40,0.4,0.3591811337242454
s2_gradual,31,fixed_beta_0.45,0.45,0.359377540681257
s2_gradual,31,fixed_beta_0.50,0.5,0.3596168152072286
s2_gradual,31,fixed_beta_0.55,0.55,0.3599142745756264
s2_gradual,31,fixed_beta_0.60,0.6,0.3602931698416063
s2_gradual,31,fixed_beta_0.65,0.65,0.3607906906833859
s2_gradual,31,fixed_beta_0.70,0.7,0.3614699991193252
s2_gradual,31,fixed_beta_0.75,0.75,0.3624484948045022
s2_gradual,31,fixed_beta_0.80,0.8,0.3639652750615436
s2_gradual,31,fixed_beta_0.85,0.85,0.3665428494553537
s2_gradual,31,fixed_beta_0.90,0.9,0.3710589032236958
s2_gradual,31,fixed_beta_0.95,0.95,0.3787507232026458
s2_gradual,31,fixed_beta_1.00,1.0,0.3884599719664776
s2_gradual,31,amgtp_adaptive,,0.3594226932537154
s2_gradual,31,m5b_smooth0.001,,0.358369523858068
s2_gradual,31,m5b_smooth0.1,,0.3590895381254076
s2_gradual,31,ensemble3,,0.3592786416124237
s2_gradual,4,fixed_beta_0.00,0.0,0.3600660278943496
s2_gradual,4,fixed_beta_0.05,0.05,0.3601302170680784
s2_gradual,4,fixed_beta_0.10,0.1,0.3602017465429761
s2_gradual,4,fixed_beta_0.15,0.15,0.3602817527138021
s2_gradual,4,fixed_beta_0.20,0.2,0.3603718984033948
s2_gradual,4,fixed_beta_0.25,0.25,0.3604745036436531
s2_gradual,4,fixed_beta_0.30,0.3,0.3605924538869873
s2_gradual,4,fixed_beta_0.35,0.35,0.3607292974040417
s2_gradual,4,fixed_beta_0.40,0.4,0.3608896581527893
s2_gradual,4,fixed_beta_0.45,0.45,0.361080199985142
s2_gradual,4,fixed_beta_0.50,0.5,0.3613106252317093
s2_gradual,4,fixed_beta_0.55,0.55,0.3615955879605956
s2_gradual,4,fixed_beta_0.60,0.6,0.3619574948921773
s2_gradual,4,fixed_beta_0.65,0.65,0.3624320238353789
s2_gradual,4,fixed_beta_0.70,0.7,0.3630812513901998
s2_gradual,4,fixed_beta_0.75,0.75,0.3640201769507373
s2_gradual,4,fixed_beta_0.80,0.8,0.3654721344202365
s2_gradual,4,fixed_beta_0.85,0.85,0.3679024041883446
s2_gradual,4,fixed_beta_0.90,0.9,0.3722060706148478
s2_gradual,4,fixed_beta_0.95,0.95,0.3796481005286693
s2_gradual,4,fixed_beta_1.00,1.0,0.3890345897069177
s2_gradual,4,amgtp_adaptive,,0.3610964282565465
s2_gradual,4,m5b_smooth0.001,,0.3600252194760138
s2_gradual,4,m5b_smooth0.1,,0.3623717735627929
s2_gradual,4,ensemble3,,0.3610957193693187
s3_recurring,0,fixed_beta_0.00,0.0,0.4300480967820049
s3_recurring,0,fixed_beta_0.05,0.05,0.4230625312512128
s3_recurring,0,fixed_beta_0.10,0.1,0.4309451508546112
s3_recurring,0,fixed_beta_0.15,0.15,0.4229316389565262
s3_recurring,0,fixed_beta_0.20,0.2,0.4243473363273841
s3_recurring,0,fixed_beta_0.25,0.25,0.4332441380571256
s3_recurring,0,fixed_beta_0.30,0.3,0.4215340148702817
s3_recurring,0,fixed_beta_0.35,0.35,0.4271183230450099
s3_recurring,0,fixed_beta_0.40,0.4,0.4294601630362984
s3_recurring,0,fixed_beta_0.45,0.45,0.4244023632329864
s3_recurring,0,fixed_beta_0.50,0.5,0.4218784740113816
s3_recurring,0,fixed_beta_0.55,0.55,0.4200931988145373
s3_recurring,0,fixed_beta_0.60,0.6,0.422396839783269
s3_recurring,0,fixed_beta_0.65,0.65,0.4201970518875769
s3_recurring,0,fixed_beta_0.70,0.7,0.4181702908540823
s3_recurring,0,fixed_beta_0.75,0.75,0.4184695528957401
s3_recurring,0,fixed_beta_0.80,0.8,0.4170799162015743
s3_recurring,0,fixed_beta_0.85,0.85,0.417427666368185
s3_recurring,0,fixed_beta_0.90,0.9,0.4177412376443822
s3_recurring,0,fixed_beta_0.95,0.95,0.4201503312058741
s3_recurring,0,fixed_beta_1.00,1.0,0.4246949138019409
s3_recurring,0,amgtp_adaptive,,0.4156393330070687
s3_recurring,0,m5b_smooth0.001,,0.425803055889827
s3_recurring,0,m5b_smooth0.1,,0.4117543744701559
s3_recurring,0,ensemble3,,0.4132753070682912
s3_recurring,1,fixed_beta_0.00,0.0,0.4295488832297248
s3_recurring,1,fixed_beta_0.05,0.05,0.4408244790206955
s3_recurring,1,fixed_beta_0.10,0.1,0.433722884533621
s3_recurring,1,fixed_beta_0.15,0.15,0.4306155346009815
s3_recurring,1,fixed_beta_0.20,0.2,0.4269984885510036
s3_recurring,1,fixed_beta_0.25,0.25,0.4328927513090897
s3_recurring,1,fixed_beta_0.30,0.3,0.4317740369247791
s3_recurring,1,fixed_beta_0.35,0.35,0.4294136278553042
s3_recurring,1,fixed_beta_0.40,0.4,0.4351759852849529
s3_recurring,1,fixed_beta_0.45,0.45,0.4334811321934867
s3_recurring,1,fixed_beta_0.50,0.5,0.4304660532533676
s3_recurring,1,fixed_beta_0.55,0.55,0.432071221383241
s3_recurring,1,fixed_beta_0.60,0.6,0.427736320331303
s3_recurring,1,fixed_beta_0.65,0.65,0.4258948096293809
s3_recurring,1,fixed_beta_0.70,0.7,0.4245647112960908
s3_recurring,1,fixed_beta_0.75,0.75,0.423353532415713
s3_recurring,1,fixed_beta_0.80,0.8,0.4236654344338562
s3_recurring,1,fixed_beta_0.85,0.85,0.4226487729853421
s3_recurring,1,fixed_beta_0.90,0.9,0.4234830724959124
s3_recurring,1,fixed_beta_0.95,0.95,0.4262213010973186
s3_recurring,1,fixed_beta_1.00,1.0,0.431021943405368
s3_recurring,1,amgtp_adaptive,,0.4219863302725222
s3_recurring,1,m5b_smooth0.001,,0.4283649112130254
s3_recurring,1,m5b_smooth0.1,,0.4186462838559512
s3_recurring,1,ensemble3,,0.4210303904119805
s3_recurring,2,fixed_beta_0.00,0.0,0.427269628942976
s3_recurring,2,fixed_beta_0.05,0.05,0.4293411622145937
s3_recurring,2,fixed_beta_0.10,0.1,0.4332778142965795
s3_recurring,2,fixed_beta_0.15,0.15,0.4314046241527654
s3_recurring,2,fixed_beta_0.20,0.2,0.4311116522601284
s3_recurring,2,fixed_beta_0.25,0.25,0.4277382697273901
s3_recurring,2,fixed_beta_0.30,0.3,0.4393907947484025
s3_recurring,2,fixed_beta_0.35,0.35,0.4343867878681376
s3_recurring,2,fixed_beta_0.40,0.4,0.4270581547682112
s3_recurring,2,fixed_beta_0.45,0.45,0.4266504713880993
s3_recurring,2,fixed_beta_0.50,0.5,0.426528408494604
s3_recurring,2,fixed_beta_0.55,0.55,0.430303380442128
s3_recurring,2,fixed_beta_0.60,0.6,0.4283067629280627
s3_recurring,2,fixed_beta_0.65,0.65,0.4293568455561484
s3_recurring,2,fixed_beta_0.70,0.7,0.4253700320164027
s3_recurring,2,fixed_beta_0.75,0.75,0.4247692624865379
s3_recurring,2,fixed_beta_0.80,0.8,0.4251319398435489
s3_recurring,2,fixed_beta_0.85,0.85,0.4239683289444255
s3_recurring,2,fixed_beta_0.90,0.9,0.4229647102722659
s3_recurring,2,fixed_beta_0.95,0.95,0.4259806788183875
s3_recurring,2,fixed_beta_1.00,1.0,0.4308268981338351
s3_recurring,2,amgtp_adaptive,,0.4222545186899012
s3_recurring,2,m5b_smooth0.001,,0.4270704173630609
s3_recurring,2,m5b_smooth0.1,,0.4172447413678595
s3_recurring,2,ensemble3,,0.4187736409116698
s3_recurring,20,fixed_beta_0.00,0.0,0.4024039498705291
s3_recurring,20,fixed_beta_0.05,0.05,0.4025512784380534
s3_recurring,20,fixed_beta_0.10,0.1,0.4038276822310123
s3_recurring,20,fixed_beta_0.15,0.15,0.4096715334978612
s3_recurring,20,fixed_beta_0.20,0.2,0.4101592709092889
s3_recurring,20,fixed_beta_0.25,0.25,0.4097304911495573
s3_recurring,20,fixed_beta_0.30,0.3,0.401639529405477
s3_recurring,20,fixed_beta_0.35,0.35,0.4018665650975614
s3_recurring,20,fixed_beta_0.40,0.4,0.4061212822189782
s3_recurring,20,fixed_beta_0.45,0.45,0.4036862681606409
s3_recurring,20,fixed_beta_0.50,0.5,0.4038833503751031
s3_recurring,20,fixed_beta_0.55,0.55,0.4019929669773896
s3_recurring,20,fixed_beta_0.60,0.6,0.3986175603215451
s3_recurring,20,fixed_beta_0.65,0.65,0.4016913129907908
s3_recurring,20,fixed_beta_0.70,0.7,0.3991694623033445
s3_recurring,20,fixed_beta_0.75,0.75,0.3966164403434478
s3_recurring,20,fixed_beta_0.80,0.8,0.3960204109027433
s3_recurring,20,fixed_beta_0.85,0.85,0.3985694774509276
s3_recurring,20,fixed_beta_0.90,0.9,0.3971230450633813
s3_recurring,20,fixed_beta_0.95,0.95,0.4001508675014934
s3_recurring,20,fixed_beta_1.00,1.0,0.4046387878746121
s3_recurring,20,amgtp_adaptive,,0.3947162608922281
s3_recurring,20,m5b_smooth0.001,,0.401849833411514
s3_recurring,20,m5b_smooth0.1,,0.3927905828882425
s3_recurring,20,ensemble3,,0.3951713944834163
s3_recurring,21,fixed_beta_0.00,0.0,0.4412729507457263
s3_recurring,21,fixed_beta_0.05,0.05,0.4353702045989711
s3_recurring,21,fixed_beta_0.10,0.1,0.4411789888846765
s3_recurring,21,fixed_beta_0.15,0.15,0.4375982807369895
s3_recurring,21,fixed_beta_0.20,0.2,0.4433982414897497
s3_recurring,21,fixed_beta_0.25,0.25,0.4355394963365802
s3_recurring,21,fixed_beta_0.30,0.3,0.438821150933461
s3_recurring,21,fixed_beta_0.35,0.35,0.4380697227385295
s3_recurring,21,fixed_beta_0.40,0.4,0.4416404356068958
s3_recurring,21,fixed_beta_0.45,0.45,0.4345075793840243
s3_recurring,21,fixed_beta_0.50,0.5,0.4398152879472691
s3_recurring,21,fixed_beta_0.55,0.55,0.4387276070667387
s3_recurring,21,fixed_beta_0.60,0.6,0.4354952045272295
s3_recurring,21,fixed_beta_0.65,0.65,0.433944045264751
s3_recurring,21,fixed_beta_0.70,0.7,0.4323131947569789
s3_recurring,21,fixed_beta_0.75,0.75,0.4298866660404372
s3_recurring,21,fixed_beta_0.80,0.8,0.4304382792581704
s3_recurring,21,fixed_beta_0.85,0.85,0.4309950247596206
s3_recurring,21,fixed_beta_0.90,0.9,0.4318832876191366
s3_recurring,21,fixed_beta_0.95,0.95,0.4343327309858302
s3_recurring,21,fixed_beta_1.00,1.0,0.43941936098879
s3_recurring,21,amgtp_adaptive,,0.4295357974695026
s3_recurring,21,m5b_smooth0.001,,0.4354937670164974
s3_recurring,21,m5b_smooth0.1,,0.4264744874337781
s3_recurring,21,ensemble3,,0.4305685313001876
s3_recurring,22,fixed_beta_0.00,0.0,0.4408586384482033
s3_recurring,22,fixed_beta_0.05,0.05,0.438749945243637
s3_recurring,22,fixed_beta_0.10,0.1,0.4418524648081494
s3_recurring,22,fixed_beta_0.15,0.15,0.4387890103022683
s3_recurring,22,fixed_beta_0.20,0.2,0.4412025842967618
s3_recurring,22,fixed_beta_0.25,0.25,0.4398629706933334
s3_recurring,22,fixed_beta_0.30,0.3,0.4584931190494662
s3_recurring,22,fixed_beta_0.35,0.35,0.4457118624449125
s3_recurring,22,fixed_beta_0.40,0.4,0.4382026168260959
s3_recurring,22,fixed_beta_0.45,0.45,0.4495001225084285
s3_recurring,22,fixed_beta_0.50,0.5,0.4462528536905836
s3_recurring,22,fixed_beta_0.55,0.55,0.4412036480726205
s3_recurring,22,fixed_beta_0.60,0.6,0.439985256675176
s3_recurring,22,fixed_beta_0.65,0.65,0.4408103090570227
s3_recurring,22,fixed_beta_0.70,0.7,0.4392797268468517
s3_recurring,22,fixed_beta_0.75,0.75,0.4348551010996532
s3_recurring,22,fixed_beta_0.80,0.8,0.4345291390117946
s3_recurring,22,fixed_beta_0.85,0.85,0.4370721778079355
s3_recurring,22,fixed_beta_0.90,0.9,0.4361496628497252
s3_recurring,22,fixed_beta_0.95,0.95,0.4385614228646026
s3_recurring,22,fixed_beta_1.00,1.0,0.4439163140527921
s3_recurring,22,amgtp_adaptive,,0.4345890853002956
s3_recurring,22,m5b_smooth0.001,,0.4398362666416186
s3_recurring,22,m5b_smooth0.1,,0.4312774003280785
s3_recurring,22,ensemble3,,0.4338080863786265
s3_recurring,23,fixed_beta_0.00,0.0,0.4434411447645427
s3_recurring,23,fixed_beta_0.05,0.05,0.4435795767425123
s3_recurring,23,fixed_beta_0.10,0.1,0.4437013199179659
s3_recurring,23,fixed_beta_0.15,0.15,0.4433197032117946
s3_recurring,23,fixed_beta_0.20,0.2,0.4432489641724089
s3_recurring,23,fixed_beta_0.25,0.25,0.4473005824292528
s3_recurring,23,fixed_beta_0.30,0.3,0.4419263637840212
s3_recurring,23,fixed_beta_0.35,0.35,0.4459471166935564
s3_recurring,23,fixed_beta_0.40,0.4,0.4494386401729728
s3_recurring,23,fixed_beta_0.45,0.45,0.4474762278830612
s3_recurring,23,fixed_beta_0.50,0.5,0.4406137688563521
s3_recurring,23,fixed_beta_0.55,0.55,0.4439022085780353
s3_recurring,23,fixed_beta_0.60,0.6,0.4411338038230958
s3_recurring,23,fixed_beta_0.65,0.65,0.4413483590244364
s3_recurring,23,fixed_beta_0.70,0.7,0.4385324965026683
s3_recurring,23,fixed_beta_0.75,0.75,0.4372076078598653
s3_recurring,23,fixed_beta_0.80,0.8,0.4408296039463024
s3_recurring,23,fixed_beta_0.85,0.85,0.4401139239557542
s3_recurring,23,fixed_beta_0.90,0.9,0.4385393996374851
s3_recurring,23,fixed_beta_0.95,0.95,0.4400511776334352
s3_recurring,23,fixed_beta_1.00,1.0,0.4451981990128941
s3_recurring,23,amgtp_adaptive,,0.4356933698241536
s3_recurring,23,m5b_smooth0.001,,0.4439703089405679
s3_recurring,23,m5b_smooth0.1,,0.4331482337267786
s3_recurring,23,ensemble3,,0.4347889527633246
s3_recurring,24,fixed_beta_0.00,0.0,0.4456060783732991
s3_recurring,24,fixed_beta_0.05,0.05,0.4466487438471293
s3_recurring,24,fixed_beta_0.10,0.1,0.4348345332587706
s3_recurring,24,fixed_beta_0.15,0.15,0.4418414318015328
s3_recurring,24,fixed_beta_0.20,0.2,0.4424648563965548
s3_recurring,24,fixed_beta_0.25,0.25,0.447848886301934
s3_recurring,24,fixed_beta_0.30,0.3,0.4459468868268931
s3_recurring,24,fixed_beta_0.35,0.35,0.4413711590391178
s3_recurring,24,fixed_beta_0.40,0.4,0.4379383384231621
s3_recurring,24,fixed_beta_0.45,0.45,0.4402380789126819
s3_recurring,24,fixed_beta_0.50,0.5,0.4396586796459711
s3_recurring,24,fixed_beta_0.55,0.55,0.44246329752765
s3_recurring,24,fixed_beta_0.60,0.6,0.4365340613097364
s3_recurring,24,fixed_beta_0.65,0.65,0.433957605673974
s3_recurring,24,fixed_beta_0.70,0.7,0.4347107996410798
s3_recurring,24,fixed_beta_0.75,0.75,0.4309703455098381
s3_recurring,24,fixed_beta_0.80,0.8,0.4284889284326913
s3_recurring,24,fixed_beta_0.85,0.85,0.4291861134992126
s3_recurring,24,fixed_beta_0.90,0.9,0.4304477982981142
s3_recurring,24,fixed_beta_0.95,0.95,0.4331839459469381
s3_recurring,24,fixed_beta_1.00,1.0,0.4378673647986948
s3_recurring,24,amgtp_adaptive,,0.4282255418360134
s3_recurring,24,m5b_smooth0.001,,0.4388895645871949
s3_recurring,24,m5b_smooth0.1,,0.4259544899128613
s3_recurring,24,ensemble3,,0.4286958072032815
s3_recurring,25,fixed_beta_0.00,0.0,0.4571916276623726
s3_recurring,25,fixed_beta_0.05,0.05,0.4540630898214696
s3_recurring,25,fixed_beta_0.10,0.1,0.4681965423341804
s3_recurring,25,fixed_beta_0.15,0.15,0.4632344119067509
s3_recurring,25,fixed_beta_0.20,0.2,0.4637217368661542
s3_recurring,25,fixed_beta_0.25,0.25,0.465433149321148
s3_recurring,25,fixed_beta_0.30,0.3,0.4531825657143302
s3_recurring,25,fixed_beta_0.35,0.35,0.4627378434789028
s3_recurring,25,fixed_beta_0.40,0.4,0.4702932634657887
s3_recurring,25,fixed_beta_0.45,0.45,0.4573990876977781
s3_recurring,25,fixed_beta_0.50,0.5,0.4599082260534813
s3_recurring,25,fixed_beta_0.55,0.55,0.4577839360923768
s3_recurring,25,fixed_beta_0.60,0.6,0.4561844112076327
s3_recurring,25,fixed_beta_0.65,0.65,0.4552147862607257
s3_recurring,25,fixed_beta_0.70,0.7,0.4518844535753384
s3_recurring,25,fixed_beta_0.75,0.75,0.4495264743337965
s3_recurring,25,fixed_beta_0.80,0.8,0.447694284192197
s3_recurring,25,fixed_beta_0.85,0.85,0.4465845137577679
s3_recurring,25,fixed_beta_0.90,0.9,0.447834157624175
s3_recurring,25,fixed_beta_0.95,0.95,0.4500285753067563
s3_recurring,25,fixed_beta_1.00,1.0,0.4548860024808147
s3_recurring,25,amgtp_adaptive,,0.4448940039047284
s3_recurring,25,m5b_smooth0.001,,0.4533216679961757
s3_recurring,25,m5b_smooth0.1,,0.4427513239719305
s3_recurring,25,ensemble3,,0.4480084415273128
s3_recurring,26,fixed_beta_0.00,0.0,0.4427405057608186
s3_recurring,26,fixed_beta_0.05,0.05,0.441339987982197
s3_recurring,26,fixed_beta_0.10,0.1,0.4419124755065698
s3_recurring,26,fixed_beta_0.15,0.15,0.4488376623292576
s3_recurring,26,fixed_beta_0.20,0.2,0.4461505429681147
s3_recurring,26,fixed_beta_0.25,0.25,0.4442520713551371
s3_recurring,26,fixed_beta_0.30,0.3,0.4430139095387971
s3_recurring,26,fixed_beta_0.35,0.35,0.4371465065423441
s3_recurring,26,fixed_beta_0.40,0.4,0.4420896684025328
s3_recurring,26,fixed_beta_0.45,0.45,0.4413528233985151
s3_recurring,26,fixed_beta_0.50,0.5,0.4445979190262696
s3_recurring,26,fixed_beta_0.55,0.55,0.4404975901107058
s3_recurring,26,fixed_beta_0.60,0.6,0.4382676976212132
s3_recurring,26,fixed_beta_0.65,0.65,0.4374047743955959
s3_recurring,26,fixed_beta_0.70,0.7,0.4366863948697627
s3_recurring,26,fixed_beta_0.75,0.75,0.4328282010561571
s3_recurring,26,fixed_beta_0.80,0.8,0.4322317073889176
s3_recurring,26,fixed_beta_0.85,0.85,0.4349196528824425
s3_recurring,26,fixed_beta_0.90,0.9,0.4347195832405034
s3_recurring,26,fixed_beta_0.95,0.95,0.4369166916086912
s3_recurring,26,fixed_beta_1.00,1.0,0.4420631624466732
s3_recurring,26,amgtp_adaptive,,0.4318540487626306
s3_recurring,26,m5b_smooth0.001,,0.4393098451944788
s3_recurring,26,m5b_smooth0.1,,0.430299400064201
s3_recurring,26,ensemble3,,0.4317426122183027
s3_recurring,27,fixed_beta_0.00,0.0,0.4505910090940725
s3_recurring,27,fixed_beta_0.05,0.05,0.4494670442154474
s3_recurring,27,fixed_beta_0.10,0.1,0.4501428314011734
s3_recurring,27,fixed_beta_0.15,0.15,0.4546203473087597
s3_recurring,27,fixed_beta_0.20,0.2,0.4486100886866053
s3_recurring,27,fixed_beta_0.25,0.25,0.4553708932371429
s3_recurring,27,fixed_beta_0.30,0.3,0.4529407689923522
s3_recurring,27,fixed_beta_0.35,0.35,0.445826640946291
s3_recurring,27,fixed_beta_0.40,0.4,0.4516949575570683
s3_recurring,27,fixed_beta_0.45,0.45,0.4549553070522864
s3_recurring,27,fixed_beta_0.50,0.5,0.4526030323556154
s3_recurring,27,fixed_beta_0.55,0.55,0.448765535112631
s3_recurring,27,fixed_beta_0.60,0.6,0.4459597576977409
s3_recurring,27,fixed_beta_0.65,0.65,0.4479077680567098
s3_recurring,27,fixed_beta_0.70,0.7,0.4455654161744248
s3_recurring,27,fixed_beta_0.75,0.75,0.4437176498457573
s3_recurring,27,fixed_beta_0.80,0.8,0.441425374744619
s3_recurring,27,fixed_beta_0.85,0.85,0.441716431069376
s3_recurring,27,fixed_beta_0.90,0.9,0.4433753807053106
s3_recurring,27,fixed_beta_0.95,0.95,0.4455912784201214
s3_recurring,27,fixed_beta_1.00,1.0,0.4507888089195442
s3_recurring,27,amgtp_adaptive,,0.4406086162123042
s3_recurring,27,m5b_smooth0.001,,0.4496195139843497
s3_recurring,27,m5b_smooth0.1,,0.4373363259518097
s3_recurring,27,ensemble3,,0.4393583479967537
s3_recurring,28,fixed_beta_0.00,0.0,0.4528503888220115
s3_recurring,28,fixed_beta_0.05,0.05,0.4392470662648143
s3_recurring,28,fixed_beta_0.10,0.1,0.4510912637434626
s3_recurring,28,fixed_beta_0.15,0.15,0.4423435014591344
s3_recurring,28,fixed_beta_0.20,0.2,0.458617480741834
s3_recurring,28,fixed_beta_0.25,0.25,0.4459422390298568
s3_recurring,28,fixed_beta_0.30,0.3,0.4462251942520286
s3_recurring,28,fixed_beta_0.35,0.35,0.4431151116048112
s3_recurring,28,fixed_beta_0.40,0.4,0.4434694829219678
s3_recurring,28,fixed_beta_0.45,0.45,0.441462485674284
s3_recurring,28,fixed_beta_0.50,0.5,0.4453249768754322
s3_recurring,28,fixed_beta_0.55,0.55,0.4410030244642702
s3_recurring,28,fixed_beta_0.60,0.6,0.4425773728920575
s3_recurring,28,fixed_beta_0.65,0.65,0.4378865601030667
s3_recurring,28,fixed_beta_0.70,0.7,0.4372286670017371
s3_recurring,28,fixed_beta_0.75,0.75,0.4349845000493955
s3_recurring,28,fixed_beta_0.80,0.8,0.4335553008734492
s3_recurring,28,fixed_beta_0.85,0.85,0.4360874001060387
s3_recurring,28,fixed_beta_0.90,0.9,0.4359673835871153
s3_recurring,28,fixed_beta_0.95,0.95,0.4384658702755346
s3_recurring,28,fixed_beta_1.00,1.0,0.4437646900913986
s3_recurring,28,amgtp_adaptive,,0.4337996976912371
s3_recurring,28,m5b_smooth0.001,,0.4404360414533291
s3_recurring,28,m5b_smooth0.1,,0.4340978266669596
s3_recurring,28,ensemble3,,0.4366241081371191
s3_recurring,29,fixed_beta_0.00,0.0,0.4242766159659488
s3_recurring,29,fixed_beta_0.05,0.05,0.4260655635248237
s3_recurring,29,fixed_beta_0.10,0.1,0.4220518736488998
s3_recurring,29,fixed_beta_0.15,0.15,0.428173816872707
s3_recurring,29,fixed_beta_0.20,0.2,0.4267288926173136
s3_recurring,29,fixed_beta_0.25,0.25,0.4290270923925857
s3_recurring,29,fixed_beta_0.30,0.3,0.4361018545662198
s3_recurring,29,fixed_beta_0.35,0.35,0.4326665517724381
s3_recurring,29,fixed_beta_0.40,0.4,0.4313175212574282
s3_recurring,29,fixed_beta_0.45,0.45,0.4275297900199293
s3_recurring,29,fixed_beta_0.50,0.5,0.429389257999488
s3_recurring,29,fixed_beta_0.55,0.55,0.4210409827514783
s3_recurring,29,fixed_beta_0.60,0.6,0.4221520872411157
s3_recurring,29,fixed_beta_0.65,0.65,0.4236451701637975
s3_recurring,29,fixed_beta_0.70,0.7,0.4199259744092735
s3_recurring,29,fixed_beta_0.75,0.75,0.4199760329520058
s3_recurring,29,fixed_beta_0.80,0.8,0.4196844462998955
s3_recurring,29,fixed_beta_0.85,0.85,0.4182925257847036
s3_recurring,29,fixed_beta_0.90,0.9,0.418616537154776
s3_recurring,29,fixed_beta_0.95,0.95,0.4213501409168774
s3_recurring,29,fixed_beta_1.00,1.0,0.4256562959684843
s3_recurring,29,amgtp_adaptive,,0.4185939062106021
s3_recurring,29,m5b_smooth0.001,,0.4309340009035331
s3_recurring,29,m5b_smooth0.1,,0.4139866216160229
s3_recurring,29,ensemble3,,0.4176692042092788
s3_recurring,3,fixed_beta_0.00,0.0,0.4442496371034572
s3_recurring,3,fixed_beta_0.05,0.05,0.4386054251579303
s3_recurring,3,fixed_beta_0.10,0.1,0.4401636510523743
s3_recurring,3,fixed_beta_0.15,0.15,0.4415114387139006
s3_recurring,3,fixed_beta_0.20,0.2,0.4407051272535698
s3_recurring,3,fixed_beta_0.25,0.25,0.4458278631832138
s3_recurring,3,fixed_beta_0.30,0.3,0.4471497271878095
s3_recurring,3,fixed_beta_0.35,0.35,0.444844478336361
s3_recurring,3,fixed_beta_0.40,0.4,0.4383934035002089
s3_recurring,3,fixed_beta_0.45,0.45,0.4429298311218417
s3_recurring,3,fixed_beta_0.50,0.5,0.4440615212472719
s3_recurring,3,fixed_beta_0.55,0.55,0.4425377075670386
s3_recurring,3,fixed_beta_0.60,0.6,0.4395100681755065
s3_recurring,3,fixed_beta_0.65,0.65,0.4352922822007081
s3_recurring,3,fixed_beta_0.70,0.7,0.435808557689316
s3_recurring,3,fixed_beta_0.75,0.75,0.4343440842298505
s3_recurring,3,fixed_beta_0.80,0.8,0.4329209041832355
s3_recurring,3,fixed_beta_0.85,0.85,0.4342261115379219
s3_recurring,3,fixed_beta_0.90,0.9,0.4345696700357131
s3_recurring,3,fixed_beta_0.95,0.95,0.4373502583670637
s3_recurring,3,fixed_beta_1.00,1.0,0.4422888734845742
s3_recurring,3,amgtp_adaptive,,0.4321460111526375
s3_recurring,3,m5b_smooth0.001,,0.4403889239779464
s3_recurring,3,m5b_smooth0.1,,0.4286905295224866
s3_recurring,3,ensemble3,,0.4301125699629866
s3_recurring,30,fixed_beta_0.00,0.0,0.4404267872207218
s3_recurring,30,fixed_beta_0.05,0.05,0.4405003846247246
s3_recurring,30,fixed_beta_0.10,0.1,0.4460326946514933
s3_recurring,30,fixed_beta_0.15,0.15,0.4426801637705289
s3_recurring,30,fixed_beta_0.20,0.2,0.4450154127830025
s3_recurring,30,fixed_beta_0.25,0.25,0.4384288132584377
s3_recurring,30,fixed_beta_0.30,0.3,0.4461019494352777
s3_recurring,30,fixed_beta_0.35,0.35,0.4404808563044202
s3_recurring,30,fixed_beta_0.40,0.4,0.4381696450048088
s3_recurring,30,fixed_beta_0.45,0.45,0.4387840159177989
s3_recurring,30,fixed_beta_0.50,0.5,0.4422194847207348
s3_recurring,30,fixed_beta_0.55,0.55,0.4406088899566306
s3_recurring,30,fixed_beta_0.60,0.6,0.4381337577113725
s3_recurring,30,fixed_beta_0.65,0.65,0.4363815396140021
s3_recurring,30,fixed_beta_0.70,0.7,0.4368568224143505
s3_recurring,30,fixed_beta_0.75,0.75,0.432539008281333
s3_recurring,30,fixed_beta_0.80,0.8,0.4336428723303487
s3_recurring,30,fixed_beta_0.85,0.85,0.4309560391370939
s3_recurring,30,fixed_beta_0.90,0.9,0.4332645177149741
s3_recurring,30,fixed_beta_0.95,0.95,0.4352601410221701
s3_recurring,30,fixed_beta_1.00,1.0,0.4399361252445847
s3_recurring,30,amgtp_adaptive,,0.4314823567635255
s3_recurring,30,m5b_smooth0.001,,0.4388079294474108
s3_recurring,30,m5b_smooth0.1,,0.4287462209672655
s3_recurring,30,ensemble3,,0.4325877251472345
s3_recurring,31,fixed_beta_0.00,0.0,0.4427071571552124
s3_recurring,31,fixed_beta_0.05,0.05,0.4409853664615081
s3_recurring,31,fixed_beta_0.10,0.1,0.4458614022064218
s3_recurring,31,fixed_beta_0.15,0.15,0.4477193758246446
s3_recurring,31,fixed_beta_0.20,0.2,0.4477491887258426
s3_recurring,31,fixed_beta_0.25,0.25,0.4462672603704478
s3_recurring,31,fixed_beta_0.30,0.3,0.4525130576318865
s3_recurring,31,fixed_beta_0.35,0.35,0.4456795009304715
s3_recurring,31,fixed_beta_0.40,0.4,0.4502912523630493
s3_recurring,31,fixed_beta_0.45,0.45,0.4469024019524749
s3_recurring,31,fixed_beta_0.50,0.5,0.450953038951813
s3_recurring,31,fixed_beta_0.55,0.55,0.4430319468905215
s3_recurring,31,fixed_beta_0.60,0.6,0.440252827447315
s3_recurring,31,fixed_beta_0.65,0.65,0.4397174952336307
s3_recurring,31,fixed_beta_0.70,0.7,0.4374450329330958
s3_recurring,31,fixed_beta_0.75,0.75,0.4367036296053527
s3_recurring,31,fixed_beta_0.80,0.8,0.4347296305026942
s3_recurring,31,fixed_beta_0.85,0.85,0.4362032155385188
s3_recurring,31,fixed_beta_0.90,0.9,0.4359602428246709
s3_recurring,31,fixed_beta_0.95,0.95,0.4382305407976262
s3_recurring,31,fixed_beta_1.00,1.0,0.4431619052148702
s3_recurring,31,amgtp_adaptive,,0.433116663750958
s3_recurring,31,m5b_smooth0.001,,0.4412562713919539
s3_recurring,31,m5b_smooth0.1,,0.4332232067106715
s3_recurring,31,ensemble3,,0.4379785658891763
s3_recurring,4,fixed_beta_0.00,0.0,0.4400514739398583
s3_recurring,4,fixed_beta_0.05,0.05,0.44085518621953
s3_recurring,4,fixed_beta_0.10,0.1,0.4410742928221546
s3_recurring,4,fixed_beta_0.15,0.15,0.4382252747888427
s3_recurring,4,fixed_beta_0.20,0.2,0.4404571857718377
s3_recurring,4,fixed_beta_0.25,0.25,0.4453461560097805
s3_recurring,4,fixed_beta_0.30,0.3,0.4462358418871465
s3_recurring,4,fixed_beta_0.35,0.35,0.447319418067913
s3_recurring,4,fixed_beta_0.40,0.4,0.4505526805983683
s3_recurring,4,fixed_beta_0.45,0.45,0.4442577049339061
s3_recurring,4,fixed_beta_0.50,0.5,0.4469347719747141
s3_recurring,4,fixed_beta_0.55,0.55,0.4412043115829892
s3_recurring,4,fixed_beta_0.60,0.6,0.4369977396970458
s3_recurring,4,fixed_beta_0.65,0.65,0.4380176453449299
s3_recurring,4,fixed_beta_0.70,0.7,0.434986114887847
s3_recurring,4,fixed_beta_0.75,0.75,0.435117081009254
s3_recurring,4,fixed_beta_0.80,0.8,0.4360171300101321
s3_recurring,4,fixed_beta_0.85,0.85,0.4349454971217382
s3_recurring,4,fixed_beta_0.90,0.9,0.4355478214425715
s3_recurring,4,fixed_beta_0.95,0.95,0.4377418283510446
s3_recurring,4,fixed_beta_1.00,1.0,0.4429707362814936
s3_recurring,4,amgtp_adaptive,,0.4330724424849716
s3_recurring,4,m5b_smooth0.001,,0.4387362721838935
s3_recurring,4,m5b_smooth0.1,,0.4295312361428964
s3_recurring,4,ensemble3,,0.4329438066642252
s3b_recurring_p9,0,fixed_beta_0.00,0.0,0.4226087609295874
s3b_recurring_p9,0,fixed_beta_0.05,0.05,0.4229541171485535
s3b_recurring_p9,0,fixed_beta_0.10,0.1,0.422567818933505
s3b_recurring_p9,0,fixed_beta_0.15,0.15,0.4227282456239336
s3b_recurring_p9,0,fixed_beta_0.20,0.2,0.4223564459632118
s3b_recurring_p9,0,fixed_beta_0.25,0.25,0.4221430302391761
s3b_recurring_p9,0,fixed_beta_0.30,0.3,0.4221273539893198
s3b_recurring_p9,0,fixed_beta_0.35,0.35,0.4223722713649062
s3b_recurring_p9,0,fixed_beta_0.40,0.4,0.4214408382794105
s3b_recurring_p9,0,fixed_beta_0.45,0.45,0.4218788628579411
s3b_recurring_p9,0,fixed_beta_0.50,0.5,0.4216578073319255
s3b_recurring_p9,0,fixed_beta_0.55,0.55,0.4226405312020225
s3b_recurring_p9,0,fixed_beta_0.60,0.6,0.4214650253766982
s3b_recurring_p9,0,fixed_beta_0.65,0.65,0.4219167452655713
s3b_recurring_p9,0,fixed_beta_0.70,0.7,0.4218001226164988
s3b_recurring_p9,0,fixed_beta_0.75,0.75,0.4223683483249542
s3b_recurring_p9,0,fixed_beta_0.80,0.8,0.4231714328831222
s3b_recurring_p9,0,fixed_beta_0.85,0.85,0.4243409151745109
s3b_recurring_p9,0,fixed_beta_0.90,0.9,0.4264227620785994
s3b_recurring_p9,0,fixed_beta_0.95,0.95,0.4323487311172566
s3b_recurring_p9,0,fixed_beta_1.00,1.0,0.4426055819594577
s3b_recurring_p9,0,amgtp_adaptive,,0.4217709327465261
s3b_recurring_p9,0,m5b_smooth0.001,,0.4222062246508403
s3b_recurring_p9,0,m5b_smooth0.1,,0.4193753443050667
s3b_recurring_p9,0,ensemble3,,0.4201135905780316
s3b_recurring_p9,1,fixed_beta_0.00,0.0,0.4285444118314775
s3b_recurring_p9,1,fixed_beta_0.05,0.05,0.4288061481995264
s3b_recurring_p9,1,fixed_beta_0.10,0.1,0.4282595735321204
s3b_recurring_p9,1,fixed_beta_0.15,0.15,0.4279131664102251
s3b_recurring_p9,1,fixed_beta_0.20,0.2,0.4282582824445385
s3b_recurring_p9,1,fixed_beta_0.25,0.25,0.4277322457781463
s3b_recurring_p9,1,fixed_beta_0.30,0.3,0.4283986967289916
s3b_recurring_p9,1,fixed_beta_0.35,0.35,0.4281285795644657
s3b_recurring_p9,1,fixed_beta_0.40,0.4,0.4273998094448547
s3b_recurring_p9,1,fixed_beta_0.45,0.45,0.4271504236542134
s3b_recurring_p9,1,fixed_beta_0.50,0.5,0.42797904279696
s3b_recurring_p9,1,fixed_beta_0.55,0.55,0.4277541657888478
s3b_recurring_p9,1,fixed_beta_0.60,0.6,0.427844424192189
s3b_recurring_p9,1,fixed_beta_0.65,0.65,0.4277564304751189
s3b_recurring_p9,1,fixed_beta_0.70,0.7,0.4277883737615214
s3b_recurring_p9,1,fixed_beta_0.75,0.75,0.4284023674695796
s3b_recurring_p9,1,fixed_beta_0.80,0.8,0.4294690550326047
s3b_recurring_p9,1,fixed_beta_0.85,0.85,0.43025295564341
s3b_recurring_p9,1,fixed_beta_0.90,0.9,0.4331863159508356
s3b_recurring_p9,1,fixed_beta_0.95,0.95,0.4390739510167253
s3b_recurring_p9,1,fixed_beta_1.00,1.0,0.4500679899261959
s3b_recurring_p9,1,amgtp_adaptive,,0.4279348289691425
s3b_recurring_p9,1,m5b_smooth0.001,,0.4288132626154967
s3b_recurring_p9,1,m5b_smooth0.1,,0.4254735839937317
s3b_recurring_p9,1,ensemble3,,0.4262050886724723
s3b_recurring_p9,2,fixed_beta_0.00,0.0,0.4260545285021377
s3b_recurring_p9,2,fixed_beta_0.05,0.05,0.4267030420978465
s3b_recurring_p9,2,fixed_beta_0.10,0.1,0.4267715445785898
s3b_recurring_p9,2,fixed_beta_0.15,0.15,0.4265928617117289
s3b_recurring_p9,2,fixed_beta_0.20,0.2,0.4257852894866327
s3b_recurring_p9,2,fixed_beta_0.25,0.25,0.4265195646692855
s3b_recurring_p9,2,fixed_beta_0.30,0.3,0.4258324441798033
s3b_recurring_p9,2,fixed_beta_0.35,0.35,0.4259795052844912
s3b_recurring_p9,2,fixed_beta_0.40,0.4,0.4253524266146919
s3b_recurring_p9,2,fixed_beta_0.45,0.45,0.4260573492074455
s3b_recurring_p9,2,fixed_beta_0.50,0.5,0.4255998222336725
s3b_recurring_p9,2,fixed_beta_0.55,0.55,0.4256325410517728
s3b_recurring_p9,2,fixed_beta_0.60,0.6,0.4262430560957335
s3b_recurring_p9,2,fixed_beta_0.65,0.65,0.4262891080421724
s3b_recurring_p9,2,fixed_beta_0.70,0.7,0.4258680395818042
s3b_recurring_p9,2,fixed_beta_0.75,0.75,0.4260513568983755
s3b_recurring_p9,2,fixed_beta_0.80,0.8,0.4271365777071418
s3b_recurring_p9,2,fixed_beta_0.85,0.85,0.4289395116179309
s3b_recurring_p9,2,fixed_beta_0.90,0.9,0.4315940649024333
s3b_recurring_p9,2,fixed_beta_0.95,0.95,0.4370941737486986
s3b_recurring_p9,2,fixed_beta_1.00,1.0,0.4475379437838526
s3b_recurring_p9,2,amgtp_adaptive,,0.4254292968203702
s3b_recurring_p9,2,m5b_smooth0.001,,0.4266495819577811
s3b_recurring_p9,2,m5b_smooth0.1,,0.4226817489470411
s3b_recurring_p9,2,ensemble3,,0.4236556125390524
s3b_recurring_p9,20,fixed_beta_0.00,0.0,0.3987044588799483
s3b_recurring_p9,20,fixed_beta_0.05,0.05,0.3983537369271042
s3b_recurring_p9,20,fixed_beta_0.10,0.1,0.3980520127575591
s3b_recurring_p9,20,fixed_beta_0.15,0.15,0.3983918230319659
s3b_recurring_p9,20,fixed_beta_0.20,0.2,0.3983496048916715
s3b_recurring_p9,20,fixed_beta_0.25,0.25,0.3976821086155264
s3b_recurring_p9,20,fixed_beta_0.30,0.3,0.398474288907349
s3b_recurring_p9,20,fixed_beta_0.35,0.35,0.3980072187530395
s3b_recurring_p9,20,fixed_beta_0.40,0.4,0.3980031076309737
s3b_recurring_p9,20,fixed_beta_0.45,0.45,0.3981053126996364
s3b_recurring_p9,20,fixed_beta_0.50,0.5,0.398574276236002
s3b_recurring_p9,20,fixed_beta_0.55,0.55,0.3985007763140146
s3b_recurring_p9,20,fixed_beta_0.60,0.6,0.3984029555102445
s3b_recurring_p9,20,fixed_beta_0.65,0.65,0.3982393381388553
s3b_recurring_p9,20,fixed_beta_0.70,0.7,0.3982984639927086
s3b_recurring_p9,20,fixed_beta_0.75,0.75,0.3986395542260306
s3b_recurring_p9,20,fixed_beta_0.80,0.8,0.3991752079101267
s3b_recurring_p9,20,fixed_beta_0.85,0.85,0.4006530542600865
s3b_recurring_p9,20,fixed_beta_0.90,0.9,0.4034831574507885
s3b_recurring_p9,20,fixed_beta_0.95,0.95,0.4087923561347611
s3b_recurring_p9,20,fixed_beta_1.00,1.0,0.4184188129779617
s3b_recurring_p9,20,amgtp_adaptive,,0.3985522229407284
s3b_recurring_p9,20,m5b_smooth0.001,,0.3979122070411671
s3b_recurring_p9,20,m5b_smooth0.1,,0.3951035677190012
s3b_recurring_p9,20,ensemble3,,0.395853153581829
s3b_recurring_p9,21,fixed_beta_0.00,0.0,0.4382348911054713
s3b_recurring_p9,21,fixed_beta_0.05,0.05,0.4388485356175302
s3b_recurring_p9,21,fixed_beta_0.10,0.1,0.4381846273254566
s3b_recurring_p9,21,fixed_beta_0.15,0.15,0.4381123404959313
s3b_recurring_p9,21,fixed_beta_0.20,0.2,0.4383060868526148
s3b_recurring_p9,21,fixed_beta_0.25,0.25,0.437859678462591
s3b_recurring_p9,21,fixed_beta_0.30,0.3,0.4379889903598495
s3b_recurring_p9,21,fixed_beta_0.35,0.35,0.4376990501388895
s3b_recurring_p9,21,fixed_beta_0.40,0.4,0.4377110601043872
s3b_recurring_p9,21,fixed_beta_0.45,0.45,0.4377236797446444
s3b_recurring_p9,21,fixed_beta_0.50,0.5,0.4378718552270896
s3b_recurring_p9,21,fixed_beta_0.55,0.55,0.4377002136456828
s3b_recurring_p9,21,fixed_beta_0.60,0.6,0.4376811398457063
s3b_recurring_p9,21,fixed_beta_0.65,0.65,0.4377669452241193
s3b_recurring_p9,21,fixed_beta_0.70,0.7,0.4376856561798555
s3b_recurring_p9,21,fixed_beta_0.75,0.75,0.4377100762034618
s3b_recurring_p9,21,fixed_beta_0.80,0.8,0.4381234858433671
s3b_recurring_p9,21,fixed_beta_0.85,0.85,0.4403146801375182
s3b_recurring_p9,21,fixed_beta_0.90,0.9,0.4417596463871953
s3b_recurring_p9,21,fixed_beta_0.95,0.95,0.4482167899280495
s3b_recurring_p9,21,fixed_beta_1.00,1.0,0.4593555183403389
s3b_recurring_p9,21,amgtp_adaptive,,0.4377423957882664
s3b_recurring_p9,21,m5b_smooth0.001,,0.4380986101284241
s3b_recurring_p9,21,m5b_smooth0.1,,0.4345377797688269
s3b_recurring_p9,21,ensemble3,,0.4354493771114113
s3b_recurring_p9,22,fixed_beta_0.00,0.0,0.4377127582620397
s3b_recurring_p9,22,fixed_beta_0.05,0.05,0.4375871908316003
s3b_recurring_p9,22,fixed_beta_0.10,0.1,0.4368983898590646
s3b_recurring_p9,22,fixed_beta_0.15,0.15,0.4376149578809067
s3b_recurring_p9,22,fixed_beta_0.20,0.2,0.4372675843673062
s3b_recurring_p9,22,fixed_beta_0.25,0.25,0.4374004663660458
s3b_recurring_p9,22,fixed_beta_0.30,0.3,0.4368937262451424
s3b_recurring_p9,22,fixed_beta_0.35,0.35,0.4368382849307153
s3b_recurring_p9,22,fixed_beta_0.40,0.4,0.4362635913231799
s3b_recurring_p9,22,fixed_beta_0.45,0.45,0.4371795353307665
s3b_recurring_p9,22,fixed_beta_0.50,0.5,0.4369181944142001
s3b_recurring_p9,22,fixed_beta_0.55,0.55,0.437120540757669
s3b_recurring_p9,22,fixed_beta_0.60,0.6,0.4371374367015175
s3b_recurring_p9,22,fixed_beta_0.65,0.65,0.4369302257409213
s3b_recurring_p9,22,fixed_beta_0.70,0.7,0.4372042527296194
s3b_recurring_p9,22,fixed_beta_0.75,0.75,0.4374537093234238
s3b_recurring_p9,22,fixed_beta_0.80,0.8,0.438443759966611
s3b_recurring_p9,22,fixed_beta_0.85,0.85,0.4397100601850811
s3b_recurring_p9,22,fixed_beta_0.90,0.9,0.4423741916910527
s3b_recurring_p9,22,fixed_beta_0.95,0.95,0.4481735095271131
s3b_recurring_p9,22,fixed_beta_1.00,1.0,0.4594350721406343
s3b_recurring_p9,22,amgtp_adaptive,,0.437016675344641
s3b_recurring_p9,22,m5b_smooth0.001,,0.4370487584508638
s3b_recurring_p9,22,m5b_smooth0.1,,0.4351471806516172
s3b_recurring_p9,22,ensemble3,,0.4355365355734358
s3b_recurring_p9,23,fixed_beta_0.00,0.0,0.4411987177331172
s3b_recurring_p9,23,fixed_beta_0.05,0.05,0.4412797041469862
s3b_recurring_p9,23,fixed_beta_0.10,0.1,0.4411687604598705
s3b_recurring_p9,23,fixed_beta_0.15,0.15,0.441721970819004
s3b_recurring_p9,23,fixed_beta_0.20,0.2,0.4405074002265707
s3b_recurring_p9,23,fixed_beta_0.25,0.25,0.4419876237370174
s3b_recurring_p9,23,fixed_beta_0.30,0.3,0.4417281681533813
s3b_recurring_p9,23,fixed_beta_0.35,0.35,0.4410976055593467
s3b_recurring_p9,23,fixed_beta_0.40,0.4,0.4406549052383952
s3b_recurring_p9,23,fixed_beta_0.45,0.45,0.4406256936018924
s3b_recurring_p9,23,fixed_beta_0.50,0.5,0.4399637075584877
s3b_recurring_p9,23,fixed_beta_0.55,0.55,0.440565906849616
s3b_recurring_p9,23,fixed_beta_0.60,0.6,0.440970537472168
s3b_recurring_p9,23,fixed_beta_0.65,0.65,0.4405674260563892
s3b_recurring_p9,23,fixed_beta_0.70,0.7,0.4407534399003552
s3b_recurring_p9,23,fixed_beta_0.75,0.75,0.4411899652268409
s3b_recurring_p9,23,fixed_beta_0.80,0.8,0.4421473956534708
s3b_recurring_p9,23,fixed_beta_0.85,0.85,0.4432442687791166
s3b_recurring_p9,23,fixed_beta_0.90,0.9,0.44548770492578
s3b_recurring_p9,23,fixed_beta_0.95,0.95,0.4518345490766993
s3b_recurring_p9,23,fixed_beta_1.00,1.0,0.4629775568155591
s3b_recurring_p9,23,amgtp_adaptive,,0.4411367331948647
s3b_recurring_p9,23,m5b_smooth0.001,,0.4411131189033957
s3b_recurring_p9,23,m5b_smooth0.1,,0.4379165417177559
s3b_recurring_p9,23,ensemble3,,0.438802842712604
s3b_recurring_p9,24,fixed_beta_0.00,0.0,0.4360702901066003
s3b_recurring_p9,24,fixed_beta_0.05,0.05,0.4360829895533255
s3b_recurring_p9,24,fixed_beta_0.10,0.1,0.4358192247625136
s3b_recurring_p9,24,fixed_beta_0.15,0.15,0.4361473004786225
s3b_recurring_p9,24,fixed_beta_0.20,0.2,0.4361907926567804
s3b_recurring_p9,24,fixed_beta_0.25,0.25,0.4358176211945471
s3b_recurring_p9,24,fixed_beta_0.30,0.3,0.4355920014265825
s3b_recurring_p9,24,fixed_beta_0.35,0.35,0.435687008190752
s3b_recurring_p9,24,fixed_beta_0.40,0.4,0.434867011307153
s3b_recurring_p9,24,fixed_beta_0.45,0.45,0.4358770454654582
s3b_recurring_p9,24,fixed_beta_0.50,0.5,0.4362515597521996
s3b_recurring_p9,24,fixed_beta_0.55,0.55,0.435647428213093
s3b_recurring_p9,24,fixed_beta_0.60,0.6,0.4352740117336251
s3b_recurring_p9,24,fixed_beta_0.65,0.65,0.4353726397145329
s3b_recurring_p9,24,fixed_beta_0.70,0.7,0.4356861829927972
s3b_recurring_p9,24,fixed_beta_0.75,0.75,0.435973297050151
s3b_recurring_p9,24,fixed_beta_0.80,0.8,0.437006840541022
s3b_recurring_p9,24,fixed_beta_0.85,0.85,0.4384456259854408
s3b_recurring_p9,24,fixed_beta_0.90,0.9,0.4408726454674692
s3b_recurring_p9,24,fixed_beta_0.95,0.95,0.446985168235756
s3b_recurring_p9,24,fixed_beta_1.00,1.0,0.4585702961891088
s3b_recurring_p9,24,amgtp_adaptive,,0.4356199880852238
s3b_recurring_p9,24,m5b_smooth0.001,,0.4365327922750768
s3b_recurring_p9,24,m5b_smooth0.1,,0.4332014110565623
s3b_recurring_p9,24,ensemble3,,0.4339371539186442
s3b_recurring_p9,25,fixed_beta_0.00,0.0,0.4589781271068746
s3b_recurring_p9,25,fixed_beta_0.05,0.05,0.4584999048617506
s3b_recurring_p9,25,fixed_beta_0.10,0.1,0.458882862330114
s3b_recurring_p9,25,fixed_beta_0.15,0.15,0.4577812327827127
s3b_recurring_p9,25,fixed_beta_0.20,0.2,0.4588471720089073
s3b_recurring_p9,25,fixed_beta_0.25,0.25,0.4595298603934168
s3b_recurring_p9,25,fixed_beta_0.30,0.3,0.4576302172370101
s3b_recurring_p9,25,fixed_beta_0.35,0.35,0.458481554395427
s3b_recurring_p9,25,fixed_beta_0.40,0.4,0.4578424736859282
s3b_recurring_p9,25,fixed_beta_0.45,0.45,0.4584071143157662
s3b_recurring_p9,25,fixed_beta_0.50,0.5,0.458199472755379
s3b_recurring_p9,25,fixed_beta_0.55,0.55,0.4575230647443618
s3b_recurring_p9,25,fixed_beta_0.60,0.6,0.4574236275389592
s3b_recurring_p9,25,fixed_beta_0.65,0.65,0.4564012309674903
s3b_recurring_p9,25,fixed_beta_0.70,0.7,0.456724935640344
s3b_recurring_p9,25,fixed_beta_0.75,0.75,0.4573472908382711
s3b_recurring_p9,25,fixed_beta_0.80,0.8,0.4578757831097895
s3b_recurring_p9,25,fixed_beta_0.85,0.85,0.459504730990729
s3b_recurring_p9,25,fixed_beta_0.90,0.9,0.4615831349381021
s3b_recurring_p9,25,fixed_beta_0.95,0.95,0.4682235910823406
s3b_recurring_p9,25,fixed_beta_1.00,1.0,0.480110780238875
s3b_recurring_p9,25,amgtp_adaptive,,0.4569619601609343
s3b_recurring_p9,25,m5b_smooth0.001,,0.4589720157738559
s3b_recurring_p9,25,m5b_smooth0.1,,0.4538922743573727
s3b_recurring_p9,25,ensemble3,,0.4549441550427241
s3b_recurring_p9,26,fixed_beta_0.00,0.0,0.43722641479371
s3b_recurring_p9,26,fixed_beta_0.05,0.05,0.4368502978367057
s3b_recurring_p9,26,fixed_beta_0.10,0.1,0.4372039334919995
s3b_recurring_p9,26,fixed_beta_0.15,0.15,0.4365709732457065
s3b_recurring_p9,26,fixed_beta_0.20,0.2,0.4371854270192505
s3b_recurring_p9,26,fixed_beta_0.25,0.25,0.4370434434504986
s3b_recurring_p9,26,fixed_beta_0.30,0.3,0.4364407165349264
s3b_recurring_p9,26,fixed_beta_0.35,0.35,0.4359607730326519
s3b_recurring_p9,26,fixed_beta_0.40,0.4,0.436842498353273
s3b_recurring_p9,26,fixed_beta_0.45,0.45,0.4363048983935637
s3b_recurring_p9,26,fixed_beta_0.50,0.5,0.4368039933161138
s3b_recurring_p9,26,fixed_beta_0.55,0.55,0.4365283560911273
s3b_recurring_p9,26,fixed_beta_0.60,0.6,0.436479482343093
s3b_recurring_p9,26,fixed_beta_0.65,0.65,0.4364979687477921
s3b_recurring_p9,26,fixed_beta_0.70,0.7,0.4366394871694758
s3b_recurring_p9,26,fixed_beta_0.75,0.75,0.4371860105682678
s3b_recurring_p9,26,fixed_beta_0.80,0.8,0.4380597668027609
s3b_recurring_p9,26,fixed_beta_0.85,0.85,0.4395066369123279
s3b_recurring_p9,26,fixed_beta_0.90,0.9,0.4414693666032632
s3b_recurring_p9,26,fixed_beta_0.95,0.95,0.4479119404108362
s3b_recurring_p9,26,fixed_beta_1.00,1.0,0.4590906103422857
s3b_recurring_p9,26,amgtp_adaptive,,0.4369552611428882
s3b_recurring_p9,26,m5b_smooth0.001,,0.4371710068616666
s3b_recurring_p9,26,m5b_smooth0.1,,0.4339755099129993
s3b_recurring_p9,26,ensemble3,,0.4347517236206127
s3b_recurring_p9,27,fixed_beta_0.00,0.0,0.449619053357203
s3b_recurring_p9,27,fixed_beta_0.05,0.05,0.4504151029221029
s3b_recurring_p9,27,fixed_beta_0.10,0.1,0.4500616379079295
s3b_recurring_p9,27,fixed_beta_0.15,0.15,0.4499898245429515
s3b_recurring_p9,27,fixed_beta_0.20,0.2,0.4495412126379086
s3b_recurring_p9,27,fixed_beta_0.25,0.25,0.4487324787934298
s3b_recurring_p9,27,fixed_beta_0.30,0.3,0.4496121553639173
s3b_recurring_p9,27,fixed_beta_0.35,0.35,0.4495798776981992
s3b_recurring_p9,27,fixed_beta_0.40,0.4,0.4490156604573755
s3b_recurring_p9,27,fixed_beta_0.45,0.45,0.4494114244993807
s3b_recurring_p9,27,fixed_beta_0.50,0.5,0.4487694009003319
s3b_recurring_p9,27,fixed_beta_0.55,0.55,0.4494590273515023
s3b_recurring_p9,27,fixed_beta_0.60,0.6,0.4489931496610857
s3b_recurring_p9,27,fixed_beta_0.65,0.65,0.4492272774315312
s3b_recurring_p9,27,fixed_beta_0.70,0.7,0.4488335855675594
s3b_recurring_p9,27,fixed_beta_0.75,0.75,0.4488717638305436
s3b_recurring_p9,27,fixed_beta_0.80,0.8,0.4501709511353708
s3b_recurring_p9,27,fixed_beta_0.85,0.85,0.4513231907182875
s3b_recurring_p9,27,fixed_beta_0.90,0.9,0.453754500384635
s3b_recurring_p9,27,fixed_beta_0.95,0.95,0.4602050583297834
s3b_recurring_p9,27,fixed_beta_1.00,1.0,0.4716863922668057
s3b_recurring_p9,27,amgtp_adaptive,,0.4495658749008231
s3b_recurring_p9,27,m5b_smooth0.001,,0.4497940776490545
s3b_recurring_p9,27,m5b_smooth0.1,,0.4472573075362567
s3b_recurring_p9,27,ensemble3,,0.4480870609944591
s3b_recurring_p9,28,fixed_beta_0.00,0.0,0.4410796207511928
s3b_recurring_p9,28,fixed_beta_0.05,0.05,0.4403562203431788
s3b_recurring_p9,28,fixed_beta_0.10,0.1,0.4403001326430674
s3b_recurring_p9,28,fixed_beta_0.15,0.15,0.440395809980493
s3b_recurring_p9,28,fixed_beta_0.20,0.2,0.4401828236729956
s3b_recurring_p9,28,fixed_beta_0.25,0.25,0.4397846807569314
s3b_recurring_p9,28,fixed_beta_0.30,0.3,0.4399685891981865
s3b_recurring_p9,28,fixed_beta_0.35,0.35,0.4400074356650387
s3b_recurring_p9,28,fixed_beta_0.40,0.4,0.439741442964185
s3b_recurring_p9,28,fixed_beta_0.45,0.45,0.4403987438323131
s3b_recurring_p9,28,fixed_beta_0.50,0.5,0.440801329763907
s3b_recurring_p9,28,fixed_beta_0.55,0.55,0.4404328790455557
s3b_recurring_p9,28,fixed_beta_0.60,0.6,0.4401379153760366
s3b_recurring_p9,28,fixed_beta_0.65,0.65,0.4405367505257169
s3b_recurring_p9,28,fixed_beta_0.70,0.7,0.4407141957621059
s3b_recurring_p9,28,fixed_beta_0.75,0.75,0.441409642019158
s3b_recurring_p9,28,fixed_beta_0.80,0.8,0.4422105541221711
s3b_recurring_p9,28,fixed_beta_0.85,0.85,0.4428140851712492
s3b_recurring_p9,28,fixed_beta_0.90,0.9,0.4457149905651434
s3b_recurring_p9,28,fixed_beta_0.95,0.95,0.4524755105017391
s3b_recurring_p9,28,fixed_beta_1.00,1.0,0.4644113402243076
s3b_recurring_p9,28,amgtp_adaptive,,0.4413421752025946
s3b_recurring_p9,28,m5b_smooth0.001,,0.4405754128491039
s3b_recurring_p9,28,m5b_smooth0.1,,0.4377349528020807
s3b_recurring_p9,28,ensemble3,,0.4385908481519421
s3b_recurring_p9,29,fixed_beta_0.00,0.0,0.4262255457718772
s3b_recurring_p9,29,fixed_beta_0.05,0.05,0.4261229780713852
s3b_recurring_p9,29,fixed_beta_0.10,0.1,0.4257997577114381
s3b_recurring_p9,29,fixed_beta_0.15,0.15,0.4259093934834815
s3b_recurring_p9,29,fixed_beta_0.20,0.2,0.4260805470358554
s3b_recurring_p9,29,fixed_beta_0.25,0.25,0.4258602012275049
s3b_recurring_p9,29,fixed_beta_0.30,0.3,0.4257962398831402
s3b_recurring_p9,29,fixed_beta_0.35,0.35,0.4251884416487503
s3b_recurring_p9,29,fixed_beta_0.40,0.4,0.4254402716155731
s3b_recurring_p9,29,fixed_beta_0.45,0.45,0.426374298838341
s3b_recurring_p9,29,fixed_beta_0.50,0.5,0.4255609238782973
s3b_recurring_p9,29,fixed_beta_0.55,0.55,0.4257726663376456
s3b_recurring_p9,29,fixed_beta_0.60,0.6,0.4252221999671466
s3b_recurring_p9,29,fixed_beta_0.65,0.65,0.4253269288507182
s3b_recurring_p9,29,fixed_beta_0.70,0.7,0.4254266293382618
s3b_recurring_p9,29,fixed_beta_0.75,0.75,0.4258810375765917
s3b_recurring_p9,29,fixed_beta_0.80,0.8,0.4262812323225997
s3b_recurring_p9,29,fixed_beta_0.85,0.85,0.4283161348808093
s3b_recurring_p9,29,fixed_beta_0.90,0.9,0.430141003008648
s3b_recurring_p9,29,fixed_beta_0.95,0.95,0.4362352292411524
s3b_recurring_p9,29,fixed_beta_1.00,1.0,0.4468624950310353
s3b_recurring_p9,29,amgtp_adaptive,,0.4251688842797165
s3b_recurring_p9,29,m5b_smooth0.001,,0.4267181703072367
s3b_recurring_p9,29,m5b_smooth0.1,,0.4234281388529655
s3b_recurring_p9,29,ensemble3,,0.4242157918871735
s3b_recurring_p9,3,fixed_beta_0.00,0.0,0.4427435736759966
s3b_recurring_p9,3,fixed_beta_0.05,0.05,0.442517261581947
s3b_recurring_p9,3,fixed_beta_0.10,0.1,0.4419744223234579
s3b_recurring_p9,3,fixed_beta_0.15,0.15,0.4422962587242429
s3b_recurring_p9,3,fixed_beta_0.20,0.2,0.4422955956421957
s3b_recurring_p9,3,fixed_beta_0.25,0.25,0.4420633339312141
s3b_recurring_p9,3,fixed_beta_0.30,0.3,0.4414583883618601
s3b_recurring_p9,3,fixed_beta_0.35,0.35,0.4418634216223233
s3b_recurring_p9,3,fixed_beta_0.40,0.4,0.4430363767565394
s3b_recurring_p9,3,fixed_beta_0.45,0.45,0.4414767056733386
s3b_recurring_p9,3,fixed_beta_0.50,0.5,0.4412923936095818
s3b_recurring_p9,3,fixed_beta_0.55,0.55,0.4415771036049782
s3b_recurring_p9,3,fixed_beta_0.60,0.6,0.4409548450683062
s3b_recurring_p9,3,fixed_beta_0.65,0.65,0.4408090254054941
s3b_recurring_p9,3,fixed_beta_0.70,0.7,0.4414140705832919
s3b_recurring_p9,3,fixed_beta_0.75,0.75,0.4416913960910467
s3b_recurring_p9,3,fixed_beta_0.80,0.8,0.4419934094782893
s3b_recurring_p9,3,fixed_beta_0.85,0.85,0.4433876502468711
s3b_recurring_p9,3,fixed_beta_0.90,0.9,0.4456147588585063
s3b_recurring_p9,3,fixed_beta_0.95,0.95,0.4524415042327494
s3b_recurring_p9,3,fixed_beta_1.00,1.0,0.4635592893169936
s3b_recurring_p9,3,amgtp_adaptive,,0.4412769626346343
s3b_recurring_p9,3,m5b_smooth0.001,,0.4425963071382196
s3b_recurring_p9,3,m5b_smooth0.1,,0.4383276273443141
s3b_recurring_p9,3,ensemble3,,0.4393855261942893
s3b_recurring_p9,30,fixed_beta_0.00,0.0,0.4381202372234755
s3b_recurring_p9,30,fixed_beta_0.05,0.05,0.437929426243292
s3b_recurring_p9,30,fixed_beta_0.10,0.1,0.4376169008036954
s3b_recurring_p9,30,fixed_beta_0.15,0.15,0.4376004073513025
s3b_recurring_p9,30,fixed_beta_0.20,0.2,0.4372205049945875
s3b_recurring_p9,30,fixed_beta_0.25,0.25,0.437296770497543
s3b_recurring_p9,30,fixed_beta_0.30,0.3,0.4372492224966444
s3b_recurring_p9,30,fixed_beta_0.35,0.35,0.437503269843826
s3b_recurring_p9,30,fixed_beta_0.40,0.4,0.4376685027461756
s3b_recurring_p9,30,fixed_beta_0.45,0.45,0.4371376845172143
s3b_recurring_p9,30,fixed_beta_0.50,0.5,0.4372003496150974
s3b_recurring_p9,30,fixed_beta_0.55,0.55,0.4376039684725566
s3b_recurring_p9,30,fixed_beta_0.60,0.6,0.4382348810996903
s3b_recurring_p9,30,fixed_beta_0.65,0.65,0.4372633834302211
s3b_recurring_p9,30,fixed_beta_0.70,0.7,0.4371509954104592
s3b_recurring_p9,30,fixed_beta_0.75,0.75,0.4376408419046064
s3b_recurring_p9,30,fixed_beta_0.80,0.8,0.4388381333669801
s3b_recurring_p9,30,fixed_beta_0.85,0.85,0.4398155128627377
s3b_recurring_p9,30,fixed_beta_0.90,0.9,0.4426591771413687
s3b_recurring_p9,30,fixed_beta_0.95,0.95,0.4484086138410171
s3b_recurring_p9,30,fixed_beta_1.00,1.0,0.4599353858674357
s3b_recurring_p9,30,amgtp_adaptive,,0.4375369473022774
s3b_recurring_p9,30,m5b_smooth0.001,,0.4378574227687321
s3b_recurring_p9,30,m5b_smooth0.1,,0.4346203934222333
s3b_recurring_p9,30,ensemble3,,0.4354356138419212
s3b_recurring_p9,31,fixed_beta_0.00,0.0,0.4427821300593507
s3b_recurring_p9,31,fixed_beta_0.05,0.05,0.4427272501058095
s3b_recurring_p9,31,fixed_beta_0.10,0.1,0.4425511120188359
s3b_recurring_p9,31,fixed_beta_0.15,0.15,0.441895721859146
s3b_recurring_p9,31,fixed_beta_0.20,0.2,0.4417497559296263
s3b_recurring_p9,31,fixed_beta_0.25,0.25,0.4414528352656338
s3b_recurring_p9,31,fixed_beta_0.30,0.3,0.4419278677646875
s3b_recurring_p9,31,fixed_beta_0.35,0.35,0.4404898737636832
s3b_recurring_p9,31,fixed_beta_0.40,0.4,0.4414859548576924
s3b_recurring_p9,31,fixed_beta_0.45,0.45,0.4416303344580428
s3b_recurring_p9,31,fixed_beta_0.50,0.5,0.4413555339901733
s3b_recurring_p9,31,fixed_beta_0.55,0.55,0.4409005310449757
s3b_recurring_p9,31,fixed_beta_0.60,0.6,0.4412738670437054
s3b_recurring_p9,31,fixed_beta_0.65,0.65,0.4411873315812865
s3b_recurring_p9,31,fixed_beta_0.70,0.7,0.4410468109874243
s3b_recurring_p9,31,fixed_beta_0.75,0.75,0.4413896800143643
s3b_recurring_p9,31,fixed_beta_0.80,0.8,0.4420794846962743
s3b_recurring_p9,31,fixed_beta_0.85,0.85,0.4435044283145341
s3b_recurring_p9,31,fixed_beta_0.90,0.9,0.4456174339564637
s3b_recurring_p9,31,fixed_beta_0.95,0.95,0.4525226988294375
s3b_recurring_p9,31,fixed_beta_1.00,1.0,0.4637971303305624
s3b_recurring_p9,31,amgtp_adaptive,,0.4410695328179115
s3b_recurring_p9,31,m5b_smooth0.001,,0.4423931010143379
s3b_recurring_p9,31,m5b_smooth0.1,,0.438813437701029
s3b_recurring_p9,31,ensemble3,,0.4396408223238622
s3b_recurring_p9,4,fixed_beta_0.00,0.0,0.4388713907098698
s3b_recurring_p9,4,fixed_beta_0.05,0.05,0.4385270806021867
s3b_recurring_p9,4,fixed_beta_0.10,0.1,0.4385621873316264
s3b_recurring_p9,4,fixed_beta_0.15,0.15,0.4384090894945389
s3b_recurring_p9,4,fixed_beta_0.20,0.2,0.4384929525377322
s3b_recurring_p9,4,fixed_beta_0.25,0.25,0.4385409405670736
s3b_recurring_p9,4,fixed_beta_0.30,0.3,0.4382217033637768
s3b_recurring_p9,4,fixed_beta_0.35,0.35,0.4385414125855702
s3b_recurring_p9,4,fixed_beta_0.40,0.4,0.4376525159875779
s3b_recurring_p9,4,fixed_beta_0.45,0.45,0.4383626513895571
s3b_recurring_p9,4,fixed_beta_0.50,0.5,0.4381518679609724
s3b_recurring_p9,4,fixed_beta_0.55,0.55,0.4377435430272841
s3b_recurring_p9,4,fixed_beta_0.60,0.6,0.4382421632177118
s3b_recurring_p9,4,fixed_beta_0.65,0.65,0.4380125908138637
s3b_recurring_p9,4,fixed_beta_0.70,0.7,0.4376636215065578
s3b_recurring_p9,4,fixed_beta_0.75,0.75,0.4385909037717543
s3b_recurring_p9,4,fixed_beta_0.80,0.8,0.4391517612801955
s3b_recurring_p9,4,fixed_beta_0.85,0.85,0.4403072806042386
s3b_recurring_p9,4,fixed_beta_0.90,0.9,0.4428687018335606
s3b_recurring_p9,4,fixed_beta_0.95,0.95,0.448937813747031
s3b_recurring_p9,4,fixed_beta_1.00,1.0,0.4602345209431816
s3b_recurring_p9,4,amgtp_adaptive,,0.4376483530108199
s3b_recurring_p9,4,m5b_smooth0.001,,0.4387045363200588
s3b_recurring_p9,4,m5b_smooth0.1,,0.4354015631891698
s3b_recurring_p9,4,ensemble3,,0.4361911507641199
s3c_recurring_p11,0,fixed_beta_0.00,0.0,0.4242484911415535
s3c_recurring_p11,0,fixed_beta_0.05,0.05,0.4248251012487501
s3c_recurring_p11,0,fixed_beta_0.10,0.1,0.4255505789751783
s3c_recurring_p11,0,fixed_beta_0.15,0.15,0.4254370307891812
s3c_recurring_p11,0,fixed_beta_0.20,0.2,0.4231495471708676
s3c_recurring_p11,0,fixed_beta_0.25,0.25,0.4247377188102689
s3c_recurring_p11,0,fixed_beta_0.30,0.3,0.42280978136872
s3c_recurring_p11,0,fixed_beta_0.35,0.35,0.4224063714707136
s3c_recurring_p11,0,fixed_beta_0.40,0.4,0.4224069947863227
s3c_recurring_p11,0,fixed_beta_0.45,0.45,0.4225072578069305
s3c_recurring_p11,0,fixed_beta_0.50,0.5,0.4252121243491674
s3c_recurring_p11,0,fixed_beta_0.55,0.55,0.4223327971708435
s3c_recurring_p11,0,fixed_beta_0.60,0.6,0.421935294544526
s3c_recurring_p11,0,fixed_beta_0.65,0.65,0.4213885084470311
s3c_recurring_p11,0,fixed_beta_0.70,0.7,0.4197776544884583
s3c_recurring_p11,0,fixed_beta_0.75,0.75,0.4200345646239563
s3c_recurring_p11,0,fixed_beta_0.80,0.8,0.418839865500295
s3c_recurring_p11,0,fixed_beta_0.85,0.85,0.4196342403629141
s3c_recurring_p11,0,fixed_beta_0.90,0.9,0.4211291777011403
s3c_recurring_p11,0,fixed_beta_0.95,0.95,0.4243059679967504
s3c_recurring_p11,0,fixed_beta_1.00,1.0,0.4319104920406251
s3c_recurring_p11,0,amgtp_adaptive,,0.4209745321461119
s3c_recurring_p11,0,m5b_smooth0.001,,0.4237035321599983
s3c_recurring_p11,0,m5b_smooth0.1,,0.4173115057008527
s3c_recurring_p11,0,ensemble3,,0.4190981403509494
s3c_recurring_p11,1,fixed_beta_0.00,0.0,0.4315660325154608
s3c_recurring_p11,1,fixed_beta_0.05,0.05,0.432422804506091
s3c_recurring_p11,1,fixed_beta_0.10,0.1,0.4314878920478905
s3c_recurring_p11,1,fixed_beta_0.15,0.15,0.4306924624316725
s3c_recurring_p11,1,fixed_beta_0.20,0.2,0.431001396660184
s3c_recurring_p11,1,fixed_beta_0.25,0.25,0.4309758209003298
s3c_recurring_p11,1,fixed_beta_0.30,0.3,0.4296579489138535
s3c_recurring_p11,1,fixed_beta_0.35,0.35,0.432668333021335
s3c_recurring_p11,1,fixed_beta_0.40,0.4,0.4297751982468973
s3c_recurring_p11,1,fixed_beta_0.45,0.45,0.4308717746335636
s3c_recurring_p11,1,fixed_beta_0.50,0.5,0.4291753981170912
s3c_recurring_p11,1,fixed_beta_0.55,0.55,0.4280655004551066
s3c_recurring_p11,1,fixed_beta_0.60,0.6,0.4294046775934405
s3c_recurring_p11,1,fixed_beta_0.65,0.65,0.427965515518436
s3c_recurring_p11,1,fixed_beta_0.70,0.7,0.4266514212176169
s3c_recurring_p11,1,fixed_beta_0.75,0.75,0.4264861592300196
s3c_recurring_p11,1,fixed_beta_0.80,0.8,0.4267157207435543
s3c_recurring_p11,1,fixed_beta_0.85,0.85,0.426916753171863
s3c_recurring_p11,1,fixed_beta_0.90,0.9,0.4280346310650609
s3c_recurring_p11,1,fixed_beta_0.95,0.95,0.431671824503224
s3c_recurring_p11,1,fixed_beta_1.00,1.0,0.4397960881397332
s3c_recurring_p11,1,amgtp_adaptive,,0.4264685190168318
s3c_recurring_p11,1,m5b_smooth0.001,,0.4330325514619517
s3c_recurring_p11,1,m5b_smooth0.1,,0.4238389917877855
s3c_recurring_p11,1,ensemble3,,0.4252816801317606
s3c_recurring_p11,2,fixed_beta_0.00,0.0,0.4296149048784792
s3c_recurring_p11,2,fixed_beta_0.05,0.05,0.4278311158686055
s3c_recurring_p11,2,fixed_beta_0.10,0.1,0.4300839307440236
s3c_recurring_p11,2,fixed_beta_0.15,0.15,0.4284203029285588
s3c_recurring_p11,2,fixed_beta_0.20,0.2,0.4293760899804256
s3c_recurring_p11,2,fixed_beta_0.25,0.25,0.4277528343966556
s3c_recurring_p11,2,fixed_beta_0.30,0.3,0.4266016145516679
s3c_recurring_p11,2,fixed_beta_0.35,0.35,0.4283292171619879
s3c_recurring_p11,2,fixed_beta_0.40,0.4,0.4277046455971939
s3c_recurring_p11,2,fixed_beta_0.45,0.45,0.4267420975114655
s3c_recurring_p11,2,fixed_beta_0.50,0.5,0.4268060056171868
s3c_recurring_p11,2,fixed_beta_0.55,0.55,0.4266305737531619
s3c_recurring_p11,2,fixed_beta_0.60,0.6,0.4253424884667934
s3c_recurring_p11,2,fixed_beta_0.65,0.65,0.4245469933820995
s3c_recurring_p11,2,fixed_beta_0.70,0.7,0.4246482140241588
s3c_recurring_p11,2,fixed_beta_0.75,0.75,0.4245078722931662
s3c_recurring_p11,2,fixed_beta_0.80,0.8,0.4237659747581055
s3c_recurring_p11,2,fixed_beta_0.85,0.85,0.4239839309366806
s3c_recurring_p11,2,fixed_beta_0.90,0.9,0.4250276225755018
s3c_recurring_p11,2,fixed_beta_0.95,0.95,0.4280216454049715
s3c_recurring_p11,2,fixed_beta_1.00,1.0,0.4358896676563894
s3c_recurring_p11,2,amgtp_adaptive,,0.4236240511410314
s3c_recurring_p11,2,m5b_smooth0.001,,0.4301999157726658
s3c_recurring_p11,2,m5b_smooth0.1,,0.4195945812399567
s3c_recurring_p11,2,ensemble3,,0.4210077830878825
s3c_recurring_p11,20,fixed_beta_0.00,0.0,0.4032808730897943
s3c_recurring_p11,20,fixed_beta_0.05,0.05,0.4016722966562308
s3c_recurring_p11,20,fixed_beta_0.10,0.1,0.4012775869677181
s3c_recurring_p11,20,fixed_beta_0.15,0.15,0.4025556858882074
s3c_recurring_p11,20,fixed_beta_0.20,0.2,0.4002617888159792
s3c_recurring_p11,20,fixed_beta_0.25,0.25,0.4012820913648202
s3c_recurring_p11,20,fixed_beta_0.30,0.3,0.4012718792796564
s3c_recurring_p11,20,fixed_beta_0.35,0.35,0.4010021361191875
s3c_recurring_p11,20,fixed_beta_0.40,0.4,0.4009256487869825
s3c_recurring_p11,20,fixed_beta_0.45,0.45,0.399638520314083
s3c_recurring_p11,20,fixed_beta_0.50,0.5,0.4002533525237442
s3c_recurring_p11,20,fixed_beta_0.55,0.55,0.3994400622378221
s3c_recurring_p11,20,fixed_beta_0.60,0.6,0.3984337410206699
s3c_recurring_p11,20,fixed_beta_0.65,0.65,0.3984385031739004
s3c_recurring_p11,20,fixed_beta_0.70,0.7,0.3984667047295734
s3c_recurring_p11,20,fixed_beta_0.75,0.75,0.3978999016892225
s3c_recurring_p11,20,fixed_beta_0.80,0.8,0.3978041811012729
s3c_recurring_p11,20,fixed_beta_0.85,0.85,0.3984393732636667
s3c_recurring_p11,20,fixed_beta_0.90,0.9,0.3997240245711892
s3c_recurring_p11,20,fixed_beta_0.95,0.95,0.402758141671829
s3c_recurring_p11,20,fixed_beta_1.00,1.0,0.4101238307455654
s3c_recurring_p11,20,amgtp_adaptive,,0.3976960386007661
s3c_recurring_p11,20,m5b_smooth0.001,,0.4028441663823525
s3c_recurring_p11,20,m5b_smooth0.1,,0.3960282602928698
s3c_recurring_p11,20,ensemble3,,0.3980331556333462
s3c_recurring_p11,21,fixed_beta_0.00,0.0,0.4443023753118693
s3c_recurring_p11,21,fixed_beta_0.05,0.05,0.4439748369789484
s3c_recurring_p11,21,fixed_beta_0.10,0.1,0.4427548497235028
s3c_recurring_p11,21,fixed_beta_0.15,0.15,0.442127358214865
s3c_recurring_p11,21,fixed_beta_0.20,0.2,0.4448488423982749
s3c_recurring_p11,21,fixed_beta_0.25,0.25,0.4431368667816295
s3c_recurring_p11,21,fixed_beta_0.30,0.3,0.4423738387316437
s3c_recurring_p11,21,fixed_beta_0.35,0.35,0.4421763928841424
s3c_recurring_p11,21,fixed_beta_0.40,0.4,0.4430253433716509
s3c_recurring_p11,21,fixed_beta_0.45,0.45,0.4410613865730355
s3c_recurring_p11,21,fixed_beta_0.50,0.5,0.4416386922966821
s3c_recurring_p11,21,fixed_beta_0.55,0.55,0.4424317031761676
s3c_recurring_p11,21,fixed_beta_0.60,0.6,0.4419134621401389
s3c_recurring_p11,21,fixed_beta_0.65,0.65,0.4415952074355228
s3c_recurring_p11,21,fixed_beta_0.70,0.7,0.4399319462184491
s3c_recurring_p11,21,fixed_beta_0.75,0.75,0.4399708443547734
s3c_recurring_p11,21,fixed_beta_0.80,0.8,0.4392974330522166
s3c_recurring_p11,21,fixed_beta_0.85,0.85,0.4399327539824093
s3c_recurring_p11,21,fixed_beta_0.90,0.9,0.4411332099803976
s3c_recurring_p11,21,fixed_beta_0.95,0.95,0.4447998584375774
s3c_recurring_p11,21,fixed_beta_1.00,1.0,0.4534473215081273
s3c_recurring_p11,21,amgtp_adaptive,,0.4391739300500111
s3c_recurring_p11,21,m5b_smooth0.001,,0.4429063191838304
s3c_recurring_p11,21,m5b_smooth0.1,,0.4365707732073819
s3c_recurring_p11,21,ensemble3,,0.43825293938415
s3c_recurring_p11,22,fixed_beta_0.00,0.0,0.4422465573834018
s3c_recurring_p11,22,fixed_beta_0.05,0.05,0.4412376266418912
s3c_recurring_p11,22,fixed_beta_0.10,0.1,0.4424099201452272
s3c_recurring_p11,22,fixed_beta_0.15,0.15,0.4415185261104152
s3c_recurring_p11,22,fixed_beta_0.20,0.2,0.4415111434073553
s3c_recurring_p11,22,fixed_beta_0.25,0.25,0.4419888736893661
s3c_recurring_p11,22,fixed_beta_0.30,0.3,0.4413929043728109
s3c_recurring_p11,22,fixed_beta_0.35,0.35,0.4406539774350366
s3c_recurring_p11,22,fixed_beta_0.40,0.4,0.4410081874140993
s3c_recurring_p11,22,fixed_beta_0.45,0.45,0.4396566648503863
s3c_recurring_p11,22,fixed_beta_0.50,0.5,0.4424679831221648
s3c_recurring_p11,22,fixed_beta_0.55,0.55,0.4413481582006044
s3c_recurring_p11,22,fixed_beta_0.60,0.6,0.4407382972757164
s3c_recurring_p11,22,fixed_beta_0.65,0.65,0.4395697801747475
s3c_recurring_p11,22,fixed_beta_0.70,0.7,0.4386518175184913
s3c_recurring_p11,22,fixed_beta_0.75,0.75,0.437626768834189
s3c_recurring_p11,22,fixed_beta_0.80,0.8,0.4371503599309234
s3c_recurring_p11,22,fixed_beta_0.85,0.85,0.4382716724682293
s3c_recurring_p11,22,fixed_beta_0.90,0.9,0.4391637537402405
s3c_recurring_p11,22,fixed_beta_0.95,0.95,0.4432053282580981
s3c_recurring_p11,22,fixed_beta_1.00,1.0,0.4519839799262035
s3c_recurring_p11,22,amgtp_adaptive,,0.4371895276613589
s3c_recurring_p11,22,m5b_smooth0.001,,0.4445260624830423
s3c_recurring_p11,22,m5b_smooth0.1,,0.4344691550250774
s3c_recurring_p11,22,ensemble3,,0.4356765682891644
s3c_recurring_p11,23,fixed_beta_0.00,0.0,0.4468044610857196
s3c_recurring_p11,23,fixed_beta_0.05,0.05,0.4470985448660771
s3c_recurring_p11,23,fixed_beta_0.10,0.1,0.4462338502640486
s3c_recurring_p11,23,fixed_beta_0.15,0.15,0.4471320752552736
s3c_recurring_p11,23,fixed_beta_0.20,0.2,0.4464688354496455
s3c_recurring_p11,23,fixed_beta_0.25,0.25,0.446539622621812
s3c_recurring_p11,23,fixed_beta_0.30,0.3,0.4452610835716616
s3c_recurring_p11,23,fixed_beta_0.35,0.35,0.444758525599206
s3c_recurring_p11,23,fixed_beta_0.40,0.4,0.4458636558760802
s3c_recurring_p11,23,fixed_beta_0.45,0.45,0.4457703137375625
s3c_recurring_p11,23,fixed_beta_0.50,0.5,0.4442397516438508
s3c_recurring_p11,23,fixed_beta_0.55,0.55,0.4441010390395426
s3c_recurring_p11,23,fixed_beta_0.60,0.6,0.4441158999830614
s3c_recurring_p11,23,fixed_beta_0.65,0.65,0.4420284306645081
s3c_recurring_p11,23,fixed_beta_0.70,0.7,0.4412887078762845
s3c_recurring_p11,23,fixed_beta_0.75,0.75,0.4417014109509591
s3c_recurring_p11,23,fixed_beta_0.80,0.8,0.440951380375971
s3c_recurring_p11,23,fixed_beta_0.85,0.85,0.441752744422642
s3c_recurring_p11,23,fixed_beta_0.90,0.9,0.4432051347297296
s3c_recurring_p11,23,fixed_beta_0.95,0.95,0.4465805559753867
s3c_recurring_p11,23,fixed_beta_1.00,1.0,0.4551851026567633
s3c_recurring_p11,23,amgtp_adaptive,,0.4409183362213524
s3c_recurring_p11,23,m5b_smooth0.001,,0.4457131781999034
s3c_recurring_p11,23,m5b_smooth0.1,,0.4390787309233111
s3c_recurring_p11,23,ensemble3,,0.4401831039035015
s3c_recurring_p11,24,fixed_beta_0.00,0.0,0.4394890718396345
s3c_recurring_p11,24,fixed_beta_0.05,0.05,0.4414943374434729
s3c_recurring_p11,24,fixed_beta_0.10,0.1,0.438900072119408
s3c_recurring_p11,24,fixed_beta_0.15,0.15,0.4410487643512447
s3c_recurring_p11,24,fixed_beta_0.20,0.2,0.4394661143123372
s3c_recurring_p11,24,fixed_beta_0.25,0.25,0.4392735248310536
s3c_recurring_p11,24,fixed_beta_0.30,0.3,0.4409409321266567
s3c_recurring_p11,24,fixed_beta_0.35,0.35,0.4387466790203909
s3c_recurring_p11,24,fixed_beta_0.40,0.4,0.4399844058700493
s3c_recurring_p11,24,fixed_beta_0.45,0.45,0.439148655847325
s3c_recurring_p11,24,fixed_beta_0.50,0.5,0.439077292062795
s3c_recurring_p11,24,fixed_beta_0.55,0.55,0.4374016337306508
s3c_recurring_p11,24,fixed_beta_0.60,0.6,0.4374319708139327
s3c_recurring_p11,24,fixed_beta_0.65,0.65,0.4366863066496453
s3c_recurring_p11,24,fixed_beta_0.70,0.7,0.4372453390791416
s3c_recurring_p11,24,fixed_beta_0.75,0.75,0.4359265855023391
s3c_recurring_p11,24,fixed_beta_0.80,0.8,0.4359934058062898
s3c_recurring_p11,24,fixed_beta_0.85,0.85,0.4362006915839486
s3c_recurring_p11,24,fixed_beta_0.90,0.9,0.4371781845599292
s3c_recurring_p11,24,fixed_beta_0.95,0.95,0.4407539513387691
s3c_recurring_p11,24,fixed_beta_1.00,1.0,0.449225246469599
s3c_recurring_p11,24,amgtp_adaptive,,0.4353617684953655
s3c_recurring_p11,24,m5b_smooth0.001,,0.4397765825123558
s3c_recurring_p11,24,m5b_smooth0.1,,0.4344373239726609
s3c_recurring_p11,24,ensemble3,,0.4362806330188436
s3c_recurring_p11,25,fixed_beta_0.00,0.0,0.4597270788626366
s3c_recurring_p11,25,fixed_beta_0.05,0.05,0.4603087385279366
s3c_recurring_p11,25,fixed_beta_0.10,0.1,0.4590319315981101
s3c_recurring_p11,25,fixed_beta_0.15,0.15,0.4593994737274426
s3c_recurring_p11,25,fixed_beta_0.20,0.2,0.4595085858742465
s3c_recurring_p11,25,fixed_beta_0.25,0.25,0.4577923234439078
s3c_recurring_p11,25,fixed_beta_0.30,0.3,0.457970787663799
s3c_recurring_p11,25,fixed_beta_0.35,0.35,0.4574577501194425
s3c_recurring_p11,25,fixed_beta_0.40,0.4,0.4580068176073332
s3c_recurring_p11,25,fixed_beta_0.45,0.45,0.4579685238500471
s3c_recurring_p11,25,fixed_beta_0.50,0.5,0.4561646074708058
s3c_recurring_p11,25,fixed_beta_0.55,0.55,0.4561629523792099
s3c_recurring_p11,25,fixed_beta_0.60,0.6,0.4577750800864816
s3c_recurring_p11,25,fixed_beta_0.65,0.65,0.4571560862107643
s3c_recurring_p11,25,fixed_beta_0.70,0.7,0.4541442348366321
s3c_recurring_p11,25,fixed_beta_0.75,0.75,0.453757822391331
s3c_recurring_p11,25,fixed_beta_0.80,0.8,0.4533361535118139
s3c_recurring_p11,25,fixed_beta_0.85,0.85,0.4536182991166865
s3c_recurring_p11,25,fixed_beta_0.90,0.9,0.4549170156372609
s3c_recurring_p11,25,fixed_beta_0.95,0.95,0.4584719618856221
s3c_recurring_p11,25,fixed_beta_1.00,1.0,0.4673020271145786
s3c_recurring_p11,25,amgtp_adaptive,,0.4532149250474878
s3c_recurring_p11,25,m5b_smooth0.001,,0.4591826489571888
s3c_recurring_p11,25,m5b_smooth0.1,,0.4525013411750146
s3c_recurring_p11,25,ensemble3,,0.4552483411368466
s3c_recurring_p11,26,fixed_beta_0.00,0.0,0.4422155847322594
s3c_recurring_p11,26,fixed_beta_0.05,0.05,0.4416919789062239
s3c_recurring_p11,26,fixed_beta_0.10,0.1,0.4423398845663769
s3c_recurring_p11,26,fixed_beta_0.15,0.15,0.4419409970783116
s3c_recurring_p11,26,fixed_beta_0.20,0.2,0.4408607597628183
s3c_recurring_p11,26,fixed_beta_0.25,0.25,0.4418055211657198
s3c_recurring_p11,26,fixed_beta_0.30,0.3,0.4412178599892562
s3c_recurring_p11,26,fixed_beta_0.35,0.35,0.4424670693925904
s3c_recurring_p11,26,fixed_beta_0.40,0.4,0.4414700312686725
s3c_recurring_p11,26,fixed_beta_0.45,0.45,0.4403799845958103
s3c_recurring_p11,26,fixed_beta_0.50,0.5,0.440292170516419
s3c_recurring_p11,26,fixed_beta_0.55,0.55,0.4404910629952527
s3c_recurring_p11,26,fixed_beta_0.60,0.6,0.4408617363175902
s3c_recurring_p11,26,fixed_beta_0.65,0.65,0.4381603803009953
s3c_recurring_p11,26,fixed_beta_0.70,0.7,0.4371389706216993
s3c_recurring_p11,26,fixed_beta_0.75,0.75,0.4372263336534464
s3c_recurring_p11,26,fixed_beta_0.80,0.8,0.4380337509448566
s3c_recurring_p11,26,fixed_beta_0.85,0.85,0.4377139878607932
s3c_recurring_p11,26,fixed_beta_0.90,0.9,0.4396077381303828
s3c_recurring_p11,26,fixed_beta_0.95,0.95,0.4430310813145744
s3c_recurring_p11,26,fixed_beta_1.00,1.0,0.4517456510199651
s3c_recurring_p11,26,amgtp_adaptive,,0.4382264522319654
s3c_recurring_p11,26,m5b_smooth0.001,,0.4410383511533723
s3c_recurring_p11,26,m5b_smooth0.1,,0.4348493440730515
s3c_recurring_p11,26,ensemble3,,0.4358787709321677
s3c_recurring_p11,27,fixed_beta_0.00,0.0,0.451696003271346
s3c_recurring_p11,27,fixed_beta_0.05,0.05,0.4530996797502984
s3c_recurring_p11,27,fixed_beta_0.10,0.1,0.4516635661569191
s3c_recurring_p11,27,fixed_beta_0.15,0.15,0.451944522611643
s3c_recurring_p11,27,fixed_beta_0.20,0.2,0.4513584854731393
s3c_recurring_p11,27,fixed_beta_0.25,0.25,0.4541096155534949
s3c_recurring_p11,27,fixed_beta_0.30,0.3,0.4519683262580473
s3c_recurring_p11,27,fixed_beta_0.35,0.35,0.4497068858577311
s3c_recurring_p11,27,fixed_beta_0.40,0.4,0.4501256650027744
s3c_recurring_p11,27,fixed_beta_0.45,0.45,0.4507065346761206
s3c_recurring_p11,27,fixed_beta_0.50,0.5,0.4497711156177545
s3c_recurring_p11,27,fixed_beta_0.55,0.55,0.4494781548244055
s3c_recurring_p11,27,fixed_beta_0.60,0.6,0.4505657890382257
s3c_recurring_p11,27,fixed_beta_0.65,0.65,0.4488953587093874
s3c_recurring_p11,27,fixed_beta_0.70,0.7,0.4487370537502505
s3c_recurring_p11,27,fixed_beta_0.75,0.75,0.4486387508989136
s3c_recurring_p11,27,fixed_beta_0.80,0.8,0.447158077352759
s3c_recurring_p11,27,fixed_beta_0.85,0.85,0.44829675098656
s3c_recurring_p11,27,fixed_beta_0.90,0.9,0.4490692846579622
s3c_recurring_p11,27,fixed_beta_0.95,0.95,0.4526460704556204
s3c_recurring_p11,27,fixed_beta_1.00,1.0,0.4613030682447673
s3c_recurring_p11,27,amgtp_adaptive,,0.4466989576764154
s3c_recurring_p11,27,m5b_smooth0.001,,0.4521595731846384
s3c_recurring_p11,27,m5b_smooth0.1,,0.4483951648161139
s3c_recurring_p11,27,ensemble3,,0.4495274981346835
s3c_recurring_p11,28,fixed_beta_0.00,0.0,0.4425658745686517
s3c_recurring_p11,28,fixed_beta_0.05,0.05,0.4428740629612122
s3c_recurring_p11,28,fixed_beta_0.10,0.1,0.4435122102113231
s3c_recurring_p11,28,fixed_beta_0.15,0.15,0.4423580181141919
s3c_recurring_p11,28,fixed_beta_0.20,0.2,0.4417068706935683
s3c_recurring_p11,28,fixed_beta_0.25,0.25,0.441121846154068
s3c_recurring_p11,28,fixed_beta_0.30,0.3,0.4416133820543144
s3c_recurring_p11,28,fixed_beta_0.35,0.35,0.4419699603786509
s3c_recurring_p11,28,fixed_beta_0.40,0.4,0.442060749591562
s3c_recurring_p11,28,fixed_beta_0.45,0.45,0.4408001346891103
s3c_recurring_p11,28,fixed_beta_0.50,0.5,0.4420070738464421
s3c_recurring_p11,28,fixed_beta_0.55,0.55,0.4401409072672809
s3c_recurring_p11,28,fixed_beta_0.60,0.6,0.4408160226693319
s3c_recurring_p11,28,fixed_beta_0.65,0.65,0.4400343769500477
s3c_recurring_p11,28,fixed_beta_0.70,0.7,0.4385021219648856
s3c_recurring_p11,28,fixed_beta_0.75,0.75,0.4397491632263743
s3c_recurring_p11,28,fixed_beta_0.80,0.8,0.4389902885647667
s3c_recurring_p11,28,fixed_beta_0.85,0.85,0.4391052499096055
s3c_recurring_p11,28,fixed_beta_0.90,0.9,0.4403924454818452
s3c_recurring_p11,28,fixed_beta_0.95,0.95,0.4443022706851044
s3c_recurring_p11,28,fixed_beta_1.00,1.0,0.453367866804867
s3c_recurring_p11,28,amgtp_adaptive,,0.4384426860804136
s3c_recurring_p11,28,m5b_smooth0.001,,0.4421571721780977
s3c_recurring_p11,28,m5b_smooth0.1,,0.4367222567727825
s3c_recurring_p11,28,ensemble3,,0.4385569339939463
s3c_recurring_p11,29,fixed_beta_0.00,0.0,0.424552154212683
s3c_recurring_p11,29,fixed_beta_0.05,0.05,0.4240088821263057
s3c_recurring_p11,29,fixed_beta_0.10,0.1,0.4239097897319735
s3c_recurring_p11,29,fixed_beta_0.15,0.15,0.4226950296996272
s3c_recurring_p11,29,fixed_beta_0.20,0.2,0.423302062095949
s3c_recurring_p11,29,fixed_beta_0.25,0.25,0.4228745573575598
s3c_recurring_p11,29,fixed_beta_0.30,0.3,0.4222673370097958
s3c_recurring_p11,29,fixed_beta_0.35,0.35,0.4227040176912308
s3c_recurring_p11,29,fixed_beta_0.40,0.4,0.4217253302407453
s3c_recurring_p11,29,fixed_beta_0.45,0.45,0.4209572575115071
s3c_recurring_p11,29,fixed_beta_0.50,0.5,0.4236727582490455
s3c_recurring_p11,29,fixed_beta_0.55,0.55,0.4202690565240506
s3c_recurring_p11,29,fixed_beta_0.60,0.6,0.4227615526305635
s3c_recurring_p11,29,fixed_beta_0.65,0.65,0.4217380252050319
s3c_recurring_p11,29,fixed_beta_0.70,0.7,0.4195386528758616
s3c_recurring_p11,29,fixed_beta_0.75,0.75,0.4196171465807396
s3c_recurring_p11,29,fixed_beta_0.80,0.8,0.4189549434564675
s3c_recurring_p11,29,fixed_beta_0.85,0.85,0.4201614003251005
s3c_recurring_p11,29,fixed_beta_0.90,0.9,0.4208299570161676
s3c_recurring_p11,29,fixed_beta_0.95,0.95,0.4244134459710698
s3c_recurring_p11,29,fixed_beta_1.00,1.0,0.432372479541966
s3c_recurring_p11,29,amgtp_adaptive,,0.419269724823993
s3c_recurring_p11,29,m5b_smooth0.001,,0.4246538069028635
s3c_recurring_p11,29,m5b_smooth0.1,,0.416197087413714
s3c_recurring_p11,29,ensemble3,,0.4177385016045236
s3c_recurring_p11,3,fixed_beta_0.00,0.0,0.4483007363606718
s3c_recurring_p11,3,fixed_beta_0.05,0.05,0.4474353772683429
s3c_recurring_p11,3,fixed_beta_0.10,0.1,0.4458845485925007
s3c_recurring_p11,3,fixed_beta_0.15,0.15,0.4457203031110685
s3c_recurring_p11,3,fixed_beta_0.20,0.2,0.4447679895610168
s3c_recurring_p11,3,fixed_beta_0.25,0.25,0.4471162086168008
s3c_recurring_p11,3,fixed_beta_0.30,0.3,0.4455640243963319
s3c_recurring_p11,3,fixed_beta_0.35,0.35,0.444042673048533
s3c_recurring_p11,3,fixed_beta_0.40,0.4,0.4461285177944192
s3c_recurring_p11,3,fixed_beta_0.45,0.45,0.4454806775471661
s3c_recurring_p11,3,fixed_beta_0.50,0.5,0.4450272819026423
s3c_recurring_p11,3,fixed_beta_0.55,0.55,0.4445076370079155
s3c_recurring_p11,3,fixed_beta_0.60,0.6,0.442371100003467
s3c_recurring_p11,3,fixed_beta_0.65,0.65,0.4429416480871352
s3c_recurring_p11,3,fixed_beta_0.70,0.7,0.4418921871147572
s3c_recurring_p11,3,fixed_beta_0.75,0.75,0.4412202094019061
s3c_recurring_p11,3,fixed_beta_0.80,0.8,0.4405749445428572
s3c_recurring_p11,3,fixed_beta_0.85,0.85,0.4412632317460759
s3c_recurring_p11,3,fixed_beta_0.90,0.9,0.4420559093880005
s3c_recurring_p11,3,fixed_beta_0.95,0.95,0.4458817703275514
s3c_recurring_p11,3,fixed_beta_1.00,1.0,0.4543827822556923
s3c_recurring_p11,3,amgtp_adaptive,,0.4423546899179544
s3c_recurring_p11,3,m5b_smooth0.001,,0.4463477385064014
s3c_recurring_p11,3,m5b_smooth0.1,,0.4378513610963982
s3c_recurring_p11,3,ensemble3,,0.4392628347776777
s3c_recurring_p11,30,fixed_beta_0.00,0.0,0.4427231141093806
s3c_recurring_p11,30,fixed_beta_0.05,0.05,0.4439369367607551
s3c_recurring_p11,30,fixed_beta_0.10,0.1,0.4442304449591186
s3c_recurring_p11,30,fixed_beta_0.15,0.15,0.4433396069267445
s3c_recurring_p11,30,fixed_beta_0.20,0.2,0.4445985883787577
s3c_recurring_p11,30,fixed_beta_0.25,0.25,0.4421139148409369
s3c_recurring_p11,30,fixed_beta_0.30,0.3,0.4420845953789427
s3c_recurring_p11,30,fixed_beta_0.35,0.35,0.4419151111822521
s3c_recurring_p11,30,fixed_beta_0.40,0.4,0.4436437556144503
s3c_recurring_p11,30,fixed_beta_0.45,0.45,0.4417025457875612
s3c_recurring_p11,30,fixed_beta_0.50,0.5,0.4434113368921686
s3c_recurring_p11,30,fixed_beta_0.55,0.55,0.4407695105207244
s3c_recurring_p11,30,fixed_beta_0.60,0.6,0.44027816692448
s3c_recurring_p11,30,fixed_beta_0.65,0.65,0.4414408177447478
s3c_recurring_p11,30,fixed_beta_0.70,0.7,0.4413618272484447
s3c_recurring_p11,30,fixed_beta_0.75,0.75,0.4384764536829011
s3c_recurring_p11,30,fixed_beta_0.80,0.8,0.4391462837898359
s3c_recurring_p11,30,fixed_beta_0.85,0.85,0.4391363481514629
s3c_recurring_p11,30,fixed_beta_0.90,0.9,0.4406770665915028
s3c_recurring_p11,30,fixed_beta_0.95,0.95,0.4439588201999735
s3c_recurring_p11,30,fixed_beta_1.00,1.0,0.4525376302635447
s3c_recurring_p11,30,amgtp_adaptive,,0.438502369136721
s3c_recurring_p11,30,m5b_smooth0.001,,0.4440716837625234
s3c_recurring_p11,30,m5b_smooth0.1,,0.4378813540844959
s3c_recurring_p11,30,ensemble3,,0.4398915334015561
s3c_recurring_p11,31,fixed_beta_0.00,0.0,0.4468272805032057
s3c_recurring_p11,31,fixed_beta_0.05,0.05,0.4480629918698844
s3c_recurring_p11,31,fixed_beta_0.10,0.1,0.4480302921616678
s3c_recurring_p11,31,fixed_beta_0.15,0.15,0.4462392880457191
s3c_recurring_p11,31,fixed_beta_0.20,0.2,0.4465371451409448
s3c_recurring_p11,31,fixed_beta_0.25,0.25,0.4454456463398538
s3c_recurring_p11,31,fixed_beta_0.30,0.3,0.444949685042211
s3c_recurring_p11,31,fixed_beta_0.35,0.35,0.4453235532430924
s3c_recurring_p11,31,fixed_beta_0.40,0.4,0.4468687732231592
s3c_recurring_p11,31,fixed_beta_0.45,0.45,0.4459382500412098
s3c_recurring_p11,31,fixed_beta_0.50,0.5,0.4477870405814809
s3c_recurring_p11,31,fixed_beta_0.55,0.55,0.4447238727927513
s3c_recurring_p11,31,fixed_beta_0.60,0.6,0.443779864164544
s3c_recurring_p11,31,fixed_beta_0.65,0.65,0.4455714455200043
s3c_recurring_p11,31,fixed_beta_0.70,0.7,0.4416706325199593
s3c_recurring_p11,31,fixed_beta_0.75,0.75,0.4420349129578841
s3c_recurring_p11,31,fixed_beta_0.80,0.8,0.4417028120635958
s3c_recurring_p11,31,fixed_beta_0.85,0.85,0.4412947550417634
s3c_recurring_p11,31,fixed_beta_0.90,0.9,0.4428891199951103
s3c_recurring_p11,31,fixed_beta_0.95,0.95,0.4463009493901478
s3c_recurring_p11,31,fixed_beta_1.00,1.0,0.4549848284803107
s3c_recurring_p11,31,amgtp_adaptive,,0.4419365426339
s3c_recurring_p11,31,m5b_smooth0.001,,0.4481233099941373
s3c_recurring_p11,31,m5b_smooth0.1,,0.438486695541761
s3c_recurring_p11,31,ensemble3,,0.4401681077484395
s3c_recurring_p11,4,fixed_beta_0.00,0.0,0.4419716090293413
s3c_recurring_p11,4,fixed_beta_0.05,0.05,0.4412410518292247
s3c_recurring_p11,4,fixed_beta_0.10,0.1,0.4416415777146104
s3c_recurring_p11,4,fixed_beta_0.15,0.15,0.4425370719362923
s3c_recurring_p11,4,fixed_beta_0.20,0.2,0.4440049488535462
s3c_recurring_p11,4,fixed_beta_0.25,0.25,0.4413803178437138
s3c_recurring_p11,4,fixed_beta_0.30,0.3,0.4414781379991808
s3c_recurring_p11,4,fixed_beta_0.35,0.35,0.4408498263791359
s3c_recurring_p11,4,fixed_beta_0.40,0.4,0.4431386419309698
s3c_recurring_p11,4,fixed_beta_0.45,0.45,0.4427460918674077
s3c_recurring_p11,4,fixed_beta_0.50,0.5,0.441484033845165
s3c_recurring_p11,4,fixed_beta_0.55,0.55,0.4390462952033591
s3c_recurring_p11,4,fixed_beta_0.60,0.6,0.4397603862028387
s3c_recurring_p11,4,fixed_beta_0.65,0.65,0.4386768465950213
s3c_recurring_p11,4,fixed_beta_0.70,0.7,0.4383200339747834
s3c_recurring_p11,4,fixed_beta_0.75,0.75,0.4377824972488959
s3c_recurring_p11,4,fixed_beta_0.80,0.8,0.4378680075846643
s3c_recurring_p11,4,fixed_beta_0.85,0.85,0.4378603579525378
s3c_recurring_p11,4,fixed_beta_0.90,0.9,0.4390155660042638
s3c_recurring_p11,4,fixed_beta_0.95,0.95,0.4430285094404202
s3c_recurring_p11,4,fixed_beta_1.00,1.0,0.4515151356300484
s3c_recurring_p11,4,amgtp_adaptive,,0.4377262655737799
s3c_recurring_p11,4,m5b_smooth0.001,,0.4425332746238023
s3c_recurring_p11,4,m5b_smooth0.1,,0.4345279061903481
s3c_recurring_p11,4,ensemble3,,0.4357054276077193
s3d_recurring_p17,0,fixed_beta_0.00,0.0,0.4248456620040499
s3d_recurring_p17,0,fixed_beta_0.05,0.05,0.4404556475155333
s3d_recurring_p17,0,fixed_beta_0.10,0.1,0.424785341121231
s3d_recurring_p17,0,fixed_beta_0.15,0.15,0.4183696062422851
s3d_recurring_p17,0,fixed_beta_0.20,0.2,0.4238983205539599
s3d_recurring_p17,0,fixed_beta_0.25,0.25,0.424396208126105
s3d_recurring_p17,0,fixed_beta_0.30,0.3,0.4296750320448572
s3d_recurring_p17,0,fixed_beta_0.35,0.35,0.4193299765241338
s3d_recurring_p17,0,fixed_beta_0.40,0.4,0.4182592759748196
s3d_recurring_p17,0,fixed_beta_0.45,0.45,0.4282836469559383
s3d_recurring_p17,0,fixed_beta_0.50,0.5,0.4210996460343674
s3d_recurring_p17,0,fixed_beta_0.55,0.55,0.4242238126376901
s3d_recurring_p17,0,fixed_beta_0.60,0.6,0.4151335364061754
s3d_recurring_p17,0,fixed_beta_0.65,0.65,0.415549186480672
s3d_recurring_p17,0,fixed_beta_0.70,0.7,0.4147365279861569
s3d_recurring_p17,0,fixed_beta_0.75,0.75,0.4161206010031783
s3d_recurring_p17,0,fixed_beta_0.80,0.8,0.4114123281649018
s3d_recurring_p17,0,fixed_beta_0.85,0.85,0.4136452388015564
s3d_recurring_p17,0,fixed_beta_0.90,0.9,0.4138587436101213
s3d_recurring_p17,0,fixed_beta_0.95,0.95,0.4190803236606614
s3d_recurring_p17,0,fixed_beta_1.00,1.0,0.4213476236470559
s3d_recurring_p17,0,amgtp_adaptive,,0.4126482533305545
s3d_recurring_p17,0,m5b_smooth0.001,,0.4283255411140927
s3d_recurring_p17,0,m5b_smooth0.1,,0.4075249181042385
s3d_recurring_p17,0,ensemble3,,0.4144573481178977
s3d_recurring_p17,1,fixed_beta_0.00,0.0,0.4435920267628377
s3d_recurring_p17,1,fixed_beta_0.05,0.05,0.4353059622625757
s3d_recurring_p17,1,fixed_beta_0.10,0.1,0.4267925977015429
s3d_recurring_p17,1,fixed_beta_0.15,0.15,0.4446040386732613
s3d_recurring_p17,1,fixed_beta_0.20,0.2,0.4449326691452114
s3d_recurring_p17,1,fixed_beta_0.25,0.25,0.4306812416772033
s3d_recurring_p17,1,fixed_beta_0.30,0.3,0.4271781088964833
s3d_recurring_p17,1,fixed_beta_0.35,0.35,0.4358191897824825
s3d_recurring_p17,1,fixed_beta_0.40,0.4,0.4246041165885493
s3d_recurring_p17,1,fixed_beta_0.45,0.45,0.4344367079470201
s3d_recurring_p17,1,fixed_beta_0.50,0.5,0.4200066629653827
s3d_recurring_p17,1,fixed_beta_0.55,0.55,0.4201342904886089
s3d_recurring_p17,1,fixed_beta_0.60,0.6,0.4167345379292939
s3d_recurring_p17,1,fixed_beta_0.65,0.65,0.4165735670847623
s3d_recurring_p17,1,fixed_beta_0.70,0.7,0.4151427065762421
s3d_recurring_p17,1,fixed_beta_0.75,0.75,0.4137906654636498
s3d_recurring_p17,1,fixed_beta_0.80,0.8,0.4135622164536525
s3d_recurring_p17,1,fixed_beta_0.85,0.85,0.4168304719755127
s3d_recurring_p17,1,fixed_beta_0.90,0.9,0.4172447920994623
s3d_recurring_p17,1,fixed_beta_0.95,0.95,0.4225542492911714
s3d_recurring_p17,1,fixed_beta_1.00,1.0,0.4240164706735537
s3d_recurring_p17,1,amgtp_adaptive,,0.4153915489710113
s3d_recurring_p17,1,m5b_smooth0.001,,0.4314038654413991
s3d_recurring_p17,1,m5b_smooth0.1,,0.4127381256975135
s3d_recurring_p17,1,ensemble3,,0.4143711997190824
s3d_recurring_p17,2,fixed_beta_0.00,0.0,0.4268318040099966
s3d_recurring_p17,2,fixed_beta_0.05,0.05,0.4316010853191478
s3d_recurring_p17,2,fixed_beta_0.10,0.1,0.4331391104295183
s3d_recurring_p17,2,fixed_beta_0.15,0.15,0.4349280227518232
s3d_recurring_p17,2,fixed_beta_0.20,0.2,0.4290186924685952
s3d_recurring_p17,2,fixed_beta_0.25,0.25,0.4393652576843918
s3d_recurring_p17,2,fixed_beta_0.30,0.3,0.4359575712243623
s3d_recurring_p17,2,fixed_beta_0.35,0.35,0.4313056311334549
s3d_recurring_p17,2,fixed_beta_0.40,0.4,0.4290914492634422
s3d_recurring_p17,2,fixed_beta_0.45,0.45,0.4384276791399564
s3d_recurring_p17,2,fixed_beta_0.50,0.5,0.4299970872857126
s3d_recurring_p17,2,fixed_beta_0.55,0.55,0.4268066440165389
s3d_recurring_p17,2,fixed_beta_0.60,0.6,0.4303105936827818
s3d_recurring_p17,2,fixed_beta_0.65,0.65,0.4224223406387689
s3d_recurring_p17,2,fixed_beta_0.70,0.7,0.4162716909086896
s3d_recurring_p17,2,fixed_beta_0.75,0.75,0.4175825058435963
s3d_recurring_p17,2,fixed_beta_0.80,0.8,0.4148659163970423
s3d_recurring_p17,2,fixed_beta_0.85,0.85,0.4175676039318301
s3d_recurring_p17,2,fixed_beta_0.90,0.9,0.416113110232812
s3d_recurring_p17,2,fixed_beta_0.95,0.95,0.420894778489315
s3d_recurring_p17,2,fixed_beta_1.00,1.0,0.4234448408111357
s3d_recurring_p17,2,amgtp_adaptive,,0.4157988257558217
s3d_recurring_p17,2,m5b_smooth0.001,,0.4294906597284227
s3d_recurring_p17,2,m5b_smooth0.1,,0.4099533954039928
s3d_recurring_p17,2,ensemble3,,0.4143493493331613
s3d_recurring_p17,20,fixed_beta_0.00,0.0,0.4102068213016803
s3d_recurring_p17,20,fixed_beta_0.05,0.05,0.3964688468060185
s3d_recurring_p17,20,fixed_beta_0.10,0.1,0.3983956875630636
s3d_recurring_p17,20,fixed_beta_0.15,0.15,0.4051621576963227
s3d_recurring_p17,20,fixed_beta_0.20,0.2,0.4001308912931377
s3d_recurring_p17,20,fixed_beta_0.25,0.25,0.4098952753163286
s3d_recurring_p17,20,fixed_beta_0.30,0.3,0.4000774933428175
s3d_recurring_p17,20,fixed_beta_0.35,0.35,0.4087598061516437
s3d_recurring_p17,20,fixed_beta_0.40,0.4,0.3957005199802425
s3d_recurring_p17,20,fixed_beta_0.45,0.45,0.3977809142001964
s3d_recurring_p17,20,fixed_beta_0.50,0.5,0.3942297530029038
s3d_recurring_p17,20,fixed_beta_0.55,0.55,0.3997304365291251
s3d_recurring_p17,20,fixed_beta_0.60,0.6,0.3922014064839512
s3d_recurring_p17,20,fixed_beta_0.65,0.65,0.3894644968500519
s3d_recurring_p17,20,fixed_beta_0.70,0.7,0.3929361191795814
s3d_recurring_p17,20,fixed_beta_0.75,0.75,0.3906962359604995
s3d_recurring_p17,20,fixed_beta_0.80,0.8,0.3903403586051716
s3d_recurring_p17,20,fixed_beta_0.85,0.85,0.3888667262658697
s3d_recurring_p17,20,fixed_beta_0.90,0.9,0.3901245269284212
s3d_recurring_p17,20,fixed_beta_0.95,0.95,0.3934912391286554
s3d_recurring_p17,20,fixed_beta_1.00,1.0,0.3963028342368019
s3d_recurring_p17,20,amgtp_adaptive,,0.3881907780996335
s3d_recurring_p17,20,m5b_smooth0.001,,0.399014462886444
s3d_recurring_p17,20,m5b_smooth0.1,,0.3829939218579168
s3d_recurring_p17,20,ensemble3,,0.3871369000381341
s3d_recurring_p17,21,fixed_beta_0.00,0.0,0.4379313881644495
s3d_recurring_p17,21,fixed_beta_0.05,0.05,0.4415530930335481
s3d_recurring_p17,21,fixed_beta_0.10,0.1,0.4395019120434024
s3d_recurring_p17,21,fixed_beta_0.15,0.15,0.4361636605871878
s3d_recurring_p17,21,fixed_beta_0.20,0.2,0.4479381513132716
s3d_recurring_p17,21,fixed_beta_0.25,0.25,0.4468361064870709
s3d_recurring_p17,21,fixed_beta_0.30,0.3,0.4397129050510732
s3d_recurring_p17,21,fixed_beta_0.35,0.35,0.443268002761935
s3d_recurring_p17,21,fixed_beta_0.40,0.4,0.4478093375338196
s3d_recurring_p17,21,fixed_beta_0.45,0.45,0.4374670657265451
s3d_recurring_p17,21,fixed_beta_0.50,0.5,0.4420672341612504
s3d_recurring_p17,21,fixed_beta_0.55,0.55,0.4349632551787912
s3d_recurring_p17,21,fixed_beta_0.60,0.6,0.4330984291336228
s3d_recurring_p17,21,fixed_beta_0.65,0.65,0.4267640098289584
s3d_recurring_p17,21,fixed_beta_0.70,0.7,0.4290540548414856
s3d_recurring_p17,21,fixed_beta_0.75,0.75,0.4266202511781108
s3d_recurring_p17,21,fixed_beta_0.80,0.8,0.4273214587231842
s3d_recurring_p17,21,fixed_beta_0.85,0.85,0.4305710921277119
s3d_recurring_p17,21,fixed_beta_0.90,0.9,0.4305646251457087
s3d_recurring_p17,21,fixed_beta_0.95,0.95,0.4353521740447265
s3d_recurring_p17,21,fixed_beta_1.00,1.0,0.4374389336493795
s3d_recurring_p17,21,amgtp_adaptive,,0.4284876754202228
s3d_recurring_p17,21,m5b_smooth0.001,,0.4403861115503779
s3d_recurring_p17,21,m5b_smooth0.1,,0.4234916837982821
s3d_recurring_p17,21,ensemble3,,0.4271881210830215
s3d_recurring_p17,22,fixed_beta_0.00,0.0,0.4483986471413084
s3d_recurring_p17,22,fixed_beta_0.05,0.05,0.4415726862030114
s3d_recurring_p17,22,fixed_beta_0.10,0.1,0.4536542999922827
s3d_recurring_p17,22,fixed_beta_0.15,0.15,0.4651140759025661
s3d_recurring_p17,22,fixed_beta_0.20,0.2,0.4504398791194671
s3d_recurring_p17,22,fixed_beta_0.25,0.25,0.4516102954074198
s3d_recurring_p17,22,fixed_beta_0.30,0.3,0.4383347731711423
s3d_recurring_p17,22,fixed_beta_0.35,0.35,0.4505497211961016
s3d_recurring_p17,22,fixed_beta_0.40,0.4,0.4504359351357024
s3d_recurring_p17,22,fixed_beta_0.45,0.45,0.4456840528140329
s3d_recurring_p17,22,fixed_beta_0.50,0.5,0.4358692652264479
s3d_recurring_p17,22,fixed_beta_0.55,0.55,0.4374597664852028
s3d_recurring_p17,22,fixed_beta_0.60,0.6,0.4439856659398029
s3d_recurring_p17,22,fixed_beta_0.65,0.65,0.429349068992844
s3d_recurring_p17,22,fixed_beta_0.70,0.7,0.4274068917360732
s3d_recurring_p17,22,fixed_beta_0.75,0.75,0.4313256739780033
s3d_recurring_p17,22,fixed_beta_0.80,0.8,0.4298785907703198
s3d_recurring_p17,22,fixed_beta_0.85,0.85,0.4300105885087624
s3d_recurring_p17,22,fixed_beta_0.90,0.9,0.4310981485037982
s3d_recurring_p17,22,fixed_beta_0.95,0.95,0.436419923097462
s3d_recurring_p17,22,fixed_beta_1.00,1.0,0.4386433441313299
s3d_recurring_p17,22,amgtp_adaptive,,0.4283249557276242
s3d_recurring_p17,22,m5b_smooth0.001,,0.4441594100915033
s3d_recurring_p17,22,m5b_smooth0.1,,0.4228261062539168
s3d_recurring_p17,22,ensemble3,,0.4254232779638588
s3d_recurring_p17,23,fixed_beta_0.00,0.0,0.4433081235655967
s3d_recurring_p17,23,fixed_beta_0.05,0.05,0.4444038819718484
s3d_recurring_p17,23,fixed_beta_0.10,0.1,0.4496273227588782
s3d_recurring_p17,23,fixed_beta_0.15,0.15,0.4402207335401717
s3d_recurring_p17,23,fixed_beta_0.20,0.2,0.4457604847832184
s3d_recurring_p17,23,fixed_beta_0.25,0.25,0.4415694842710089
s3d_recurring_p17,23,fixed_beta_0.30,0.3,0.4711219474974138
s3d_recurring_p17,23,fixed_beta_0.35,0.35,0.4519183388893432
s3d_recurring_p17,23,fixed_beta_0.40,0.4,0.442141385945714
s3d_recurring_p17,23,fixed_beta_0.45,0.45,0.4474280004247885
s3d_recurring_p17,23,fixed_beta_0.50,0.5,0.4389165102284838
s3d_recurring_p17,23,fixed_beta_0.55,0.55,0.4378983235068697
s3d_recurring_p17,23,fixed_beta_0.60,0.6,0.4379351392822279
s3d_recurring_p17,23,fixed_beta_0.65,0.65,0.4316666523794604
s3d_recurring_p17,23,fixed_beta_0.70,0.7,0.4412094742766916
s3d_recurring_p17,23,fixed_beta_0.75,0.75,0.4327948576471476
s3d_recurring_p17,23,fixed_beta_0.80,0.8,0.4334831193198147
s3d_recurring_p17,23,fixed_beta_0.85,0.85,0.4337471707703595
s3d_recurring_p17,23,fixed_beta_0.90,0.9,0.4334655015632564
s3d_recurring_p17,23,fixed_beta_0.95,0.95,0.439626333503026
s3d_recurring_p17,23,fixed_beta_1.00,1.0,0.4412531413275906
s3d_recurring_p17,23,amgtp_adaptive,,0.4320107570106175
s3d_recurring_p17,23,m5b_smooth0.001,,0.4485256461291934
s3d_recurring_p17,23,m5b_smooth0.1,,0.4281354920055472
s3d_recurring_p17,23,ensemble3,,0.4302812867201149
s3d_recurring_p17,24,fixed_beta_0.00,0.0,0.4474852203094961
s3d_recurring_p17,24,fixed_beta_0.05,0.05,0.4380606515385483
s3d_recurring_p17,24,fixed_beta_0.10,0.1,0.436242272521001
s3d_recurring_p17,24,fixed_beta_0.15,0.15,0.4509761565995004
s3d_recurring_p17,24,fixed_beta_0.20,0.2,0.4377316577831351
s3d_recurring_p17,24,fixed_beta_0.25,0.25,0.4422920287063262
s3d_recurring_p17,24,fixed_beta_0.30,0.3,0.437123181853478
s3d_recurring_p17,24,fixed_beta_0.35,0.35,0.4460847856470374
s3d_recurring_p17,24,fixed_beta_0.40,0.4,0.4339906311583226
s3d_recurring_p17,24,fixed_beta_0.45,0.45,0.442513222709217
s3d_recurring_p17,24,fixed_beta_0.50,0.5,0.4401759379840418
s3d_recurring_p17,24,fixed_beta_0.55,0.55,0.4394620617175512
s3d_recurring_p17,24,fixed_beta_0.60,0.6,0.4300796358677649
s3d_recurring_p17,24,fixed_beta_0.65,0.65,0.4301023800603444
s3d_recurring_p17,24,fixed_beta_0.70,0.7,0.4307388143825725
s3d_recurring_p17,24,fixed_beta_0.75,0.75,0.4258018642876755
s3d_recurring_p17,24,fixed_beta_0.80,0.8,0.425958866403631
s3d_recurring_p17,24,fixed_beta_0.85,0.85,0.4275207013341928
s3d_recurring_p17,24,fixed_beta_0.90,0.9,0.4287304108446043
s3d_recurring_p17,24,fixed_beta_0.95,0.95,0.4341487277165211
s3d_recurring_p17,24,fixed_beta_1.00,1.0,0.435965449351582
s3d_recurring_p17,24,amgtp_adaptive,,0.4266394100813163
s3d_recurring_p17,24,m5b_smooth0.001,,0.4503148369472742
s3d_recurring_p17,24,m5b_smooth0.1,,0.4208832579572132
s3d_recurring_p17,24,ensemble3,,0.4224981910142446
s3d_recurring_p17,25,fixed_beta_0.00,0.0,0.4543042954589171
s3d_recurring_p17,25,fixed_beta_0.05,0.05,0.4732428281837177
s3d_recurring_p17,25,fixed_beta_0.10,0.1,0.4609829817823124
s3d_recurring_p17,25,fixed_beta_0.15,0.15,0.4548793002457914
s3d_recurring_p17,25,fixed_beta_0.20,0.2,0.4598897758806427
s3d_recurring_p17,25,fixed_beta_0.25,0.25,0.4772456396523719
s3d_recurring_p17,25,fixed_beta_0.30,0.3,0.4693412051259329
s3d_recurring_p17,25,fixed_beta_0.35,0.35,0.4689583123569141
s3d_recurring_p17,25,fixed_beta_0.40,0.4,0.4676484087344156
s3d_recurring_p17,25,fixed_beta_0.45,0.45,0.4633617451684086
s3d_recurring_p17,25,fixed_beta_0.50,0.5,0.4541590416213929
s3d_recurring_p17,25,fixed_beta_0.55,0.55,0.4598215667559482
s3d_recurring_p17,25,fixed_beta_0.60,0.6,0.456395859534395
s3d_recurring_p17,25,fixed_beta_0.65,0.65,0.4452234055384699
s3d_recurring_p17,25,fixed_beta_0.70,0.7,0.4490540267854788
s3d_recurring_p17,25,fixed_beta_0.75,0.75,0.4442296925818057
s3d_recurring_p17,25,fixed_beta_0.80,0.8,0.4449356648094734
s3d_recurring_p17,25,fixed_beta_0.85,0.85,0.4430163564829126
s3d_recurring_p17,25,fixed_beta_0.90,0.9,0.4458682568272888
s3d_recurring_p17,25,fixed_beta_0.95,0.95,0.4514923251115374
s3d_recurring_p17,25,fixed_beta_1.00,1.0,0.4533939813024589
s3d_recurring_p17,25,amgtp_adaptive,,0.4434961846271719
s3d_recurring_p17,25,m5b_smooth0.001,,0.4531688846118107
s3d_recurring_p17,25,m5b_smooth0.1,,0.4404185306399246
s3d_recurring_p17,25,ensemble3,,0.447054200446476
s3d_recurring_p17,26,fixed_beta_0.00,0.0,0.4392670084624402
s3d_recurring_p17,26,fixed_beta_0.05,0.05,0.439671435787771
s3d_recurring_p17,26,fixed_beta_0.10,0.1,0.4465087111849565
s3d_recurring_p17,26,fixed_beta_0.15,0.15,0.4412138830849326
s3d_recurring_p17,26,fixed_beta_0.20,0.2,0.4600510742221605
s3d_recurring_p17,26,fixed_beta_0.25,0.25,0.4402528347036328
s3d_recurring_p17,26,fixed_beta_0.30,0.3,0.4485828592836067
s3d_recurring_p17,26,fixed_beta_0.35,0.35,0.4504419649458439
s3d_recurring_p17,26,fixed_beta_0.40,0.4,0.446467567000251
s3d_recurring_p17,26,fixed_beta_0.45,0.45,0.4397555244900644
s3d_recurring_p17,26,fixed_beta_0.50,0.5,0.4376440949930434
s3d_recurring_p17,26,fixed_beta_0.55,0.55,0.4339557960824799
s3d_recurring_p17,26,fixed_beta_0.60,0.6,0.4343969852581461
s3d_recurring_p17,26,fixed_beta_0.65,0.65,0.4308390739548899
s3d_recurring_p17,26,fixed_beta_0.70,0.7,0.4320330844735619
s3d_recurring_p17,26,fixed_beta_0.75,0.75,0.4322509643066613
s3d_recurring_p17,26,fixed_beta_0.80,0.8,0.4289260232766227
s3d_recurring_p17,26,fixed_beta_0.85,0.85,0.4303260217131775
s3d_recurring_p17,26,fixed_beta_0.90,0.9,0.4319028722292132
s3d_recurring_p17,26,fixed_beta_0.95,0.95,0.4372383342567949
s3d_recurring_p17,26,fixed_beta_1.00,1.0,0.4393356311270292
s3d_recurring_p17,26,amgtp_adaptive,,0.4294349906628553
s3d_recurring_p17,26,m5b_smooth0.001,,0.4409663203315483
s3d_recurring_p17,26,m5b_smooth0.1,,0.4237571782186927
s3d_recurring_p17,26,ensemble3,,0.4275304850375108
s3d_recurring_p17,27,fixed_beta_0.00,0.0,0.4499492314716383
s3d_recurring_p17,27,fixed_beta_0.05,0.05,0.4584485173504572
s3d_recurring_p17,27,fixed_beta_0.10,0.1,0.4801105607350359
s3d_recurring_p17,27,fixed_beta_0.15,0.15,0.465688771528947
s3d_recurring_p17,27,fixed_beta_0.20,0.2,0.4490918502256908
s3d_recurring_p17,27,fixed_beta_0.25,0.25,0.452080081618031
s3d_recurring_p17,27,fixed_beta_0.30,0.3,0.459912252413397
s3d_recurring_p17,27,fixed_beta_0.35,0.35,0.4569851350068247
s3d_recurring_p17,27,fixed_beta_0.40,0.4,0.4575386057404605
s3d_recurring_p17,27,fixed_beta_0.45,0.45,0.4447047326766802
s3d_recurring_p17,27,fixed_beta_0.50,0.5,0.4611976551640336
s3d_recurring_p17,27,fixed_beta_0.55,0.55,0.4498320715309754
s3d_recurring_p17,27,fixed_beta_0.60,0.6,0.4485239155378305
s3d_recurring_p17,27,fixed_beta_0.65,0.65,0.4405935013294777
s3d_recurring_p17,27,fixed_beta_0.70,0.7,0.4391149432042439
s3d_recurring_p17,27,fixed_beta_0.75,0.75,0.4361881254234444
s3d_recurring_p17,27,fixed_beta_0.80,0.8,0.4357571707015137
s3d_recurring_p17,27,fixed_beta_0.85,0.85,0.43818656608753
s3d_recurring_p17,27,fixed_beta_0.90,0.9,0.4409762797144261
s3d_recurring_p17,27,fixed_beta_0.95,0.95,0.4458858478086951
s3d_recurring_p17,27,fixed_beta_1.00,1.0,0.4479657348546347
s3d_recurring_p17,27,amgtp_adaptive,,0.43834419753607
s3d_recurring_p17,27,m5b_smooth0.001,,0.4700081485071214
s3d_recurring_p17,27,m5b_smooth0.1,,0.4315730500917279
s3d_recurring_p17,27,ensemble3,,0.4330980987239614
s3d_recurring_p17,28,fixed_beta_0.00,0.0,0.4487433252978454
s3d_recurring_p17,28,fixed_beta_0.05,0.05,0.4405647465350874
s3d_recurring_p17,28,fixed_beta_0.10,0.1,0.4417405112163741
s3d_recurring_p17,28,fixed_beta_0.15,0.15,0.4433216905529554
s3d_recurring_p17,28,fixed_beta_0.20,0.2,0.4383054414774803
s3d_recurring_p17,28,fixed_beta_0.25,0.25,0.4477245251771626
s3d_recurring_p17,28,fixed_beta_0.30,0.3,0.4484060685010663
s3d_recurring_p17,28,fixed_beta_0.35,0.35,0.4405448140567387
s3d_recurring_p17,28,fixed_beta_0.40,0.4,0.4396685523427585
s3d_recurring_p17,28,fixed_beta_0.45,0.45,0.4399441827018565
s3d_recurring_p17,28,fixed_beta_0.50,0.5,0.4422088126694897
s3d_recurring_p17,28,fixed_beta_0.55,0.55,0.4344817764252391
s3d_recurring_p17,28,fixed_beta_0.60,0.6,0.4342391966256508
s3d_recurring_p17,28,fixed_beta_0.65,0.65,0.4307185779564232
s3d_recurring_p17,28,fixed_beta_0.70,0.7,0.4284755560185946
s3d_recurring_p17,28,fixed_beta_0.75,0.75,0.4304177227726028
s3d_recurring_p17,28,fixed_beta_0.80,0.8,0.4271290743275525
s3d_recurring_p17,28,fixed_beta_0.85,0.85,0.4311646171210029
s3d_recurring_p17,28,fixed_beta_0.90,0.9,0.4321122684778969
s3d_recurring_p17,28,fixed_beta_0.95,0.95,0.4368440436423572
s3d_recurring_p17,28,fixed_beta_1.00,1.0,0.4385417155524559
s3d_recurring_p17,28,amgtp_adaptive,,0.4283556063451861
s3d_recurring_p17,28,m5b_smooth0.001,,0.4436211558223379
s3d_recurring_p17,28,m5b_smooth0.1,,0.4236374375785721
s3d_recurring_p17,28,ensemble3,,0.4302970266280026
s3d_recurring_p17,29,fixed_beta_0.00,0.0,0.4237179846659973
s3d_recurring_p17,29,fixed_beta_0.05,0.05,0.4377538636092021
s3d_recurring_p17,29,fixed_beta_0.10,0.1,0.4326360584958169
s3d_recurring_p17,29,fixed_beta_0.15,0.15,0.4518078914701048
s3d_recurring_p17,29,fixed_beta_0.20,0.2,0.4378171321068798
s3d_recurring_p17,29,fixed_beta_0.25,0.25,0.4416363570349416
s3d_recurring_p17,29,fixed_beta_0.30,0.3,0.4257542233752356
s3d_recurring_p17,29,fixed_beta_0.35,0.35,0.4365823823481558
s3d_recurring_p17,29,fixed_beta_0.40,0.4,0.4342386354434281
s3d_recurring_p17,29,fixed_beta_0.45,0.45,0.4304537730201397
s3d_recurring_p17,29,fixed_beta_0.50,0.5,0.4338777311704211
s3d_recurring_p17,29,fixed_beta_0.55,0.55,0.4185454194684318
s3d_recurring_p17,29,fixed_beta_0.60,0.6,0.4239670458130015
s3d_recurring_p17,29,fixed_beta_0.65,0.65,0.4146546854268845
s3d_recurring_p17,29,fixed_beta_0.70,0.7,0.4232349252851093
s3d_recurring_p17,29,fixed_beta_0.75,0.75,0.4167917791118145
s3d_recurring_p17,29,fixed_beta_0.80,0.8,0.4149979467852254
s3d_recurring_p17,29,fixed_beta_0.85,0.85,0.4167571133195865
s3d_recurring_p17,29,fixed_beta_0.90,0.9,0.4183272530452619
s3d_recurring_p17,29,fixed_beta_0.95,0.95,0.4224566246234897
s3d_recurring_p17,29,fixed_beta_1.00,1.0,0.4247042165635106
s3d_recurring_p17,29,amgtp_adaptive,,0.4162446196249496
s3d_recurring_p17,29,m5b_smooth0.001,,0.4256849046552882
s3d_recurring_p17,29,m5b_smooth0.1,,0.4111512130897534
s3d_recurring_p17,29,ensemble3,,0.416293469362277
s3d_recurring_p17,3,fixed_beta_0.00,0.0,0.4436965206814493
s3d_recurring_p17,3,fixed_beta_0.05,0.05,0.443050719487121
s3d_recurring_p17,3,fixed_beta_0.10,0.1,0.4577961788250436
s3d_recurring_p17,3,fixed_beta_0.15,0.15,0.4519780086930758
s3d_recurring_p17,3,fixed_beta_0.20,0.2,0.4495720483838541
s3d_recurring_p17,3,fixed_beta_0.25,0.25,0.4427119686705153
s3d_recurring_p17,3,fixed_beta_0.30,0.3,0.441670775116819
s3d_recurring_p17,3,fixed_beta_0.35,0.35,0.4519501457060175
s3d_recurring_p17,3,fixed_beta_0.40,0.4,0.4424768889974551
s3d_recurring_p17,3,fixed_beta_0.45,0.45,0.4442243157911504
s3d_recurring_p17,3,fixed_beta_0.50,0.5,0.4363845780261213
s3d_recurring_p17,3,fixed_beta_0.55,0.55,0.44444561049929
s3d_recurring_p17,3,fixed_beta_0.60,0.6,0.4314902806938887
s3d_recurring_p17,3,fixed_beta_0.65,0.65,0.4399721794860954
s3d_recurring_p17,3,fixed_beta_0.70,0.7,0.432739939841057
s3d_recurring_p17,3,fixed_beta_0.75,0.75,0.4303071418479931
s3d_recurring_p17,3,fixed_beta_0.80,0.8,0.4297347039549425
s3d_recurring_p17,3,fixed_beta_0.85,0.85,0.4316672876681148
s3d_recurring_p17,3,fixed_beta_0.90,0.9,0.4325055248997579
s3d_recurring_p17,3,fixed_beta_0.95,0.95,0.4388210267798765
s3d_recurring_p17,3,fixed_beta_1.00,1.0,0.4406885874578449
s3d_recurring_p17,3,amgtp_adaptive,,0.4310731317703961
s3d_recurring_p17,3,m5b_smooth0.001,,0.4594764222325856
s3d_recurring_p17,3,m5b_smooth0.1,,0.4248720712462003
s3d_recurring_p17,3,ensemble3,,0.433891721039725
s3d_recurring_p17,30,fixed_beta_0.00,0.0,0.4404143477297966
s3d_recurring_p17,30,fixed_beta_0.05,0.05,0.4606842870682031
s3d_recurring_p17,30,fixed_beta_0.10,0.1,0.4608558954254706
s3d_recurring_p17,30,fixed_beta_0.15,0.15,0.440292282749925
s3d_recurring_p17,30,fixed_beta_0.20,0.2,0.4433041583088979
s3d_recurring_p17,30,fixed_beta_0.25,0.25,0.441433777843539
s3d_recurring_p17,30,fixed_beta_0.30,0.3,0.439797125807076
s3d_recurring_p17,30,fixed_beta_0.35,0.35,0.4494678344516813
s3d_recurring_p17,30,fixed_beta_0.40,0.4,0.448859065785598
s3d_recurring_p17,30,fixed_beta_0.45,0.45,0.4413990304206515
s3d_recurring_p17,30,fixed_beta_0.50,0.5,0.4431833429299939
s3d_recurring_p17,30,fixed_beta_0.55,0.55,0.4396949497132912
s3d_recurring_p17,30,fixed_beta_0.60,0.6,0.4336091727753194
s3d_recurring_p17,30,fixed_beta_0.65,0.65,0.4280880718468614
s3d_recurring_p17,30,fixed_beta_0.70,0.7,0.4312917254211967
s3d_recurring_p17,30,fixed_beta_0.75,0.75,0.4305876261237596
s3d_recurring_p17,30,fixed_beta_0.80,0.8,0.4289606853160339
s3d_recurring_p17,30,fixed_beta_0.85,0.85,0.4310349624435673
s3d_recurring_p17,30,fixed_beta_0.90,0.9,0.4327504186811446
s3d_recurring_p17,30,fixed_beta_0.95,0.95,0.4382279908267538
s3d_recurring_p17,30,fixed_beta_1.00,1.0,0.4399961582548796
s3d_recurring_p17,30,amgtp_adaptive,,0.4290633200068204
s3d_recurring_p17,30,m5b_smooth0.001,,0.4454187831896041
s3d_recurring_p17,30,m5b_smooth0.1,,0.4252894070060385
s3d_recurring_p17,30,ensemble3,,0.4310430898024415
s3d_recurring_p17,31,fixed_beta_0.00,0.0,0.4440707696203908
s3d_recurring_p17,31,fixed_beta_0.05,0.05,0.4617287838955443
s3d_recurring_p17,31,fixed_beta_0.10,0.1,0.443324805163974
s3d_recurring_p17,31,fixed_beta_0.15,0.15,0.456642080572715
s3d_recurring_p17,31,fixed_beta_0.20,0.2,0.4569826674887917
s3d_recurring_p17,31,fixed_beta_0.25,0.25,0.4555562151063673
s3d_recurring_p17,31,fixed_beta_0.30,0.3,0.4594637576295066
s3d_recurring_p17,31,fixed_beta_0.35,0.35,0.4489241546153614
s3d_recurring_p17,31,fixed_beta_0.40,0.4,0.443813615507626
s3d_recurring_p17,31,fixed_beta_0.45,0.45,0.4424560366104299
s3d_recurring_p17,31,fixed_beta_0.50,0.5,0.4407637273928041
s3d_recurring_p17,31,fixed_beta_0.55,0.55,0.4447763722991193
s3d_recurring_p17,31,fixed_beta_0.60,0.6,0.4308037734619731
s3d_recurring_p17,31,fixed_beta_0.65,0.65,0.431941612038929
s3d_recurring_p17,31,fixed_beta_0.70,0.7,0.4284642057947205
s3d_recurring_p17,31,fixed_beta_0.75,0.75,0.4293907967855784
s3d_recurring_p17,31,fixed_beta_0.80,0.8,0.4290891683044893
s3d_recurring_p17,31,fixed_beta_0.85,0.85,0.4305795641402354
s3d_recurring_p17,31,fixed_beta_0.90,0.9,0.4314967624842865
s3d_recurring_p17,31,fixed_beta_0.95,0.95,0.437544305346115
s3d_recurring_p17,31,fixed_beta_1.00,1.0,0.4397165694905084
s3d_recurring_p17,31,amgtp_adaptive,,0.4300344692777799
s3d_recurring_p17,31,m5b_smooth0.001,,0.4440354058081369
s3d_recurring_p17,31,m5b_smooth0.1,,0.4245199037356212
s3d_recurring_p17,31,ensemble3,,0.4270355972565189
s3d_recurring_p17,4,fixed_beta_0.00,0.0,0.4375000550364929
s3d_recurring_p17,4,fixed_beta_0.05,0.05,0.4520809424205401
s3d_recurring_p17,4,fixed_beta_0.10,0.1,0.4339217825464896
s3d_recurring_p17,4,fixed_beta_0.15,0.15,0.4589913694713894
s3d_recurring_p17,4,fixed_beta_0.20,0.2,0.4545055215445191
s3d_recurring_p17,4,fixed_beta_0.25,0.25,0.4556486927976404
s3d_recurring_p17,4,fixed_beta_0.30,0.3,0.4486115750280428
s3d_recurring_p17,4,fixed_beta_0.35,0.35,0.4566404193041716
s3d_recurring_p17,4,fixed_beta_0.40,0.4,0.4461633711790332
s3d_recurring_p17,4,fixed_beta_0.45,0.45,0.4430558735014105
s3d_recurring_p17,4,fixed_beta_0.50,0.5,0.4457537896450573
s3d_recurring_p17,4,fixed_beta_0.55,0.55,0.4363389170627964
s3d_recurring_p17,4,fixed_beta_0.60,0.6,0.4360056190307725
s3d_recurring_p17,4,fixed_beta_0.65,0.65,0.4376294711689547
s3d_recurring_p17,4,fixed_beta_0.70,0.7,0.4272778927908813
s3d_recurring_p17,4,fixed_beta_0.75,0.75,0.4389147462936545
s3d_recurring_p17,4,fixed_beta_0.80,0.8,0.4287502294167512
s3d_recurring_p17,4,fixed_beta_0.85,0.85,0.429305591920217
s3d_recurring_p17,4,fixed_beta_0.90,0.9,0.4305962162503817
s3d_recurring_p17,4,fixed_beta_0.95,0.95,0.4356358121399601
s3d_recurring_p17,4,fixed_beta_1.00,1.0,0.4379601704217732
s3d_recurring_p17,4,amgtp_adaptive,,0.4290545529438622
s3d_recurring_p17,4,m5b_smooth0.001,,0.4386736864773786
s3d_recurring_p17,4,m5b_smooth0.1,,0.4223004704443517
s3d_recurring_p17,4,ensemble3,,0.425907749893228
s3e_recurring_p21,0,fixed_beta_0.00,0.0,0.4434874726107521
s3e_recurring_p21,0,fixed_beta_0.05,0.05,0.4293232755329238
s3e_recurring_p21,0,fixed_beta_0.10,0.1,0.4318064127831542
s3e_recurring_p21,0,fixed_beta_0.15,0.15,0.436874594385898
s3e_recurring_p21,0,fixed_beta_0.20,0.2,0.4274907955220438
s3e_recurring_p21,0,fixed_beta_0.25,0.25,0.4206135963234597
s3e_recurring_p21,0,fixed_beta_0.30,0.3,0.4249691518538586
s3e_recurring_p21,0,fixed_beta_0.35,0.35,0.4322252212783922
s3e_recurring_p21,0,fixed_beta_0.40,0.4,0.4410070452084034
s3e_recurring_p21,0,fixed_beta_0.45,0.45,0.4210434428309026
s3e_recurring_p21,0,fixed_beta_0.50,0.5,0.4172557140653172
s3e_recurring_p21,0,fixed_beta_0.55,0.55,0.4134146775311266
s3e_recurring_p21,0,fixed_beta_0.60,0.6,0.4232905711452456
s3e_recurring_p21,0,fixed_beta_0.65,0.65,0.4139897319287944
s3e_recurring_p21,0,fixed_beta_0.70,0.7,0.4139398324378298
s3e_recurring_p21,0,fixed_beta_0.75,0.75,0.4164873435057145
s3e_recurring_p21,0,fixed_beta_0.80,0.8,0.4116414278276966
s3e_recurring_p21,0,fixed_beta_0.85,0.85,0.4119615694484562
s3e_recurring_p21,0,fixed_beta_0.90,0.9,0.4181946259154281
s3e_recurring_p21,0,fixed_beta_0.95,0.95,0.4150652927864976
s3e_recurring_p21,0,fixed_beta_1.00,1.0,0.4225043896762004
s3e_recurring_p21,0,amgtp_adaptive,,0.4133508123671717
s3e_recurring_p21,0,m5b_smooth0.001,,0.4611163859478235
s3e_recurring_p21,0,m5b_smooth0.1,,0.4063423932308704
s3e_recurring_p21,0,ensemble3,,0.4068466045913996
s3e_recurring_p21,1,fixed_beta_0.00,0.0,0.4320960487449209
s3e_recurring_p21,1,fixed_beta_0.05,0.05,0.4316082663462112
s3e_recurring_p21,1,fixed_beta_0.10,0.1,0.4317968838405401
s3e_recurring_p21,1,fixed_beta_0.15,0.15,0.4372885673181345
s3e_recurring_p21,1,fixed_beta_0.20,0.2,0.4344407047734833
s3e_recurring_p21,1,fixed_beta_0.25,0.25,0.4391077563389604
s3e_recurring_p21,1,fixed_beta_0.30,0.3,0.4450082964134723
s3e_recurring_p21,1,fixed_beta_0.35,0.35,0.4246703872589116
s3e_recurring_p21,1,fixed_beta_0.40,0.4,0.4274170101501746
s3e_recurring_p21,1,fixed_beta_0.45,0.45,0.4228964429832375
s3e_recurring_p21,1,fixed_beta_0.50,0.5,0.428320557250834
s3e_recurring_p21,1,fixed_beta_0.55,0.55,0.4179013479986693
s3e_recurring_p21,1,fixed_beta_0.60,0.6,0.4169394697378291
s3e_recurring_p21,1,fixed_beta_0.65,0.65,0.4153755699841313
s3e_recurring_p21,1,fixed_beta_0.70,0.7,0.4161330118021474
s3e_recurring_p21,1,fixed_beta_0.75,0.75,0.4174132341800893
s3e_recurring_p21,1,fixed_beta_0.80,0.8,0.4142563156222568
s3e_recurring_p21,1,fixed_beta_0.85,0.85,0.4152620136531737
s3e_recurring_p21,1,fixed_beta_0.90,0.9,0.4192925926378613
s3e_recurring_p21,1,fixed_beta_0.95,0.95,0.4165442931787227
s3e_recurring_p21,1,fixed_beta_1.00,1.0,0.4244110753946907
s3e_recurring_p21,1,amgtp_adaptive,,0.4117938652564833
s3e_recurring_p21,1,m5b_smooth0.001,,0.4319775764943246
s3e_recurring_p21,1,m5b_smooth0.1,,0.408282336348114
s3e_recurring_p21,1,ensemble3,,0.4097061586316708
s3e_recurring_p21,2,fixed_beta_0.00,0.0,0.4328211431683214
s3e_recurring_p21,2,fixed_beta_0.05,0.05,0.4395114168252762
s3e_recurring_p21,2,fixed_beta_0.10,0.1,0.425673118730021
s3e_recurring_p21,2,fixed_beta_0.15,0.15,0.4296377358478109
s3e_recurring_p21,2,fixed_beta_0.20,0.2,0.4502494317121356
s3e_recurring_p21,2,fixed_beta_0.25,0.25,0.4471730152426575
s3e_recurring_p21,2,fixed_beta_0.30,0.3,0.433367876021923
s3e_recurring_p21,2,fixed_beta_0.35,0.35,0.4270732732553335
s3e_recurring_p21,2,fixed_beta_0.40,0.4,0.4331567634456828
s3e_recurring_p21,2,fixed_beta_0.45,0.45,0.4218263970298131
s3e_recurring_p21,2,fixed_beta_0.50,0.5,0.4321966860683189
s3e_recurring_p21,2,fixed_beta_0.55,0.55,0.421883869920969
s3e_recurring_p21,2,fixed_beta_0.60,0.6,0.4311368625961467
s3e_recurring_p21,2,fixed_beta_0.65,0.65,0.4293934567665471
s3e_recurring_p21,2,fixed_beta_0.70,0.7,0.4211083904787436
s3e_recurring_p21,2,fixed_beta_0.75,0.75,0.4197919115426755
s3e_recurring_p21,2,fixed_beta_0.80,0.8,0.4168407087554038
s3e_recurring_p21,2,fixed_beta_0.85,0.85,0.4171875529685626
s3e_recurring_p21,2,fixed_beta_0.90,0.9,0.4223749251558679
s3e_recurring_p21,2,fixed_beta_0.95,0.95,0.4204307787392724
s3e_recurring_p21,2,fixed_beta_1.00,1.0,0.4279132738635552
s3e_recurring_p21,2,amgtp_adaptive,,0.4264278131073665
s3e_recurring_p21,2,m5b_smooth0.001,,0.4604069521496767
s3e_recurring_p21,2,m5b_smooth0.1,,0.4121735894643653
s3e_recurring_p21,2,ensemble3,,0.4154800344943818
s3e_recurring_p21,20,fixed_beta_0.00,0.0,0.4036104990352671
s3e_recurring_p21,20,fixed_beta_0.05,0.05,0.4280586243376681
s3e_recurring_p21,20,fixed_beta_0.10,0.1,0.4051961097800153
s3e_recurring_p21,20,fixed_beta_0.15,0.15,0.4025402678109503
s3e_recurring_p21,20,fixed_beta_0.20,0.2,0.4083765493443401
s3e_recurring_p21,20,fixed_beta_0.25,0.25,0.4023412772054745
s3e_recurring_p21,20,fixed_beta_0.30,0.3,0.4096402646101041
s3e_recurring_p21,20,fixed_beta_0.35,0.35,0.4007993404449612
s3e_recurring_p21,20,fixed_beta_0.40,0.4,0.401219338138561
s3e_recurring_p21,20,fixed_beta_0.45,0.45,0.3987584497393121
s3e_recurring_p21,20,fixed_beta_0.50,0.5,0.3945187357316121
s3e_recurring_p21,20,fixed_beta_0.55,0.55,0.4011710997790304
s3e_recurring_p21,20,fixed_beta_0.60,0.6,0.4041312976623876
s3e_recurring_p21,20,fixed_beta_0.65,0.65,0.3906927966915248
s3e_recurring_p21,20,fixed_beta_0.70,0.7,0.3913917080880867
s3e_recurring_p21,20,fixed_beta_0.75,0.75,0.3930076175743366
s3e_recurring_p21,20,fixed_beta_0.80,0.8,0.3905670221664662
s3e_recurring_p21,20,fixed_beta_0.85,0.85,0.3911895244100727
s3e_recurring_p21,20,fixed_beta_0.90,0.9,0.3974174114343161
s3e_recurring_p21,20,fixed_beta_0.95,0.95,0.3933193276611281
s3e_recurring_p21,20,fixed_beta_1.00,1.0,0.3999991380909896
s3e_recurring_p21,20,amgtp_adaptive,,0.3901125267167016
s3e_recurring_p21,20,m5b_smooth0.001,,0.4012541237418116
s3e_recurring_p21,20,m5b_smooth0.1,,0.3880667362651559
s3e_recurring_p21,20,ensemble3,,0.3908760777216211
s3e_recurring_p21,21,fixed_beta_0.00,0.0,0.4285700574110621
s3e_recurring_p21,21,fixed_beta_0.05,0.05,0.4533033595945404
s3e_recurring_p21,21,fixed_beta_0.10,0.1,0.4478875182143513
s3e_recurring_p21,21,fixed_beta_0.15,0.15,0.4439473651566888
s3e_recurring_p21,21,fixed_beta_0.20,0.2,0.4408195777728338
s3e_recurring_p21,21,fixed_beta_0.25,0.25,0.4443244105639033
s3e_recurring_p21,21,fixed_beta_0.30,0.3,0.4435102403795951
s3e_recurring_p21,21,fixed_beta_0.35,0.35,0.4310076151005802
s3e_recurring_p21,21,fixed_beta_0.40,0.4,0.4371057513913798
s3e_recurring_p21,21,fixed_beta_0.45,0.45,0.4336584975747146
s3e_recurring_p21,21,fixed_beta_0.50,0.5,0.4288366333558525
s3e_recurring_p21,21,fixed_beta_0.55,0.55,0.4268821458664083
s3e_recurring_p21,21,fixed_beta_0.60,0.6,0.4305345143720189
s3e_recurring_p21,21,fixed_beta_0.65,0.65,0.4237752547160773
s3e_recurring_p21,21,fixed_beta_0.70,0.7,0.4253989713694727
s3e_recurring_p21,21,fixed_beta_0.75,0.75,0.4242744642762407
s3e_recurring_p21,21,fixed_beta_0.80,0.8,0.4227884589973117
s3e_recurring_p21,21,fixed_beta_0.85,0.85,0.4228546757020366
s3e_recurring_p21,21,fixed_beta_0.90,0.9,0.4298615816296987
s3e_recurring_p21,21,fixed_beta_0.95,0.95,0.4255808394499072
s3e_recurring_p21,21,fixed_beta_1.00,1.0,0.4334515438770704
s3e_recurring_p21,21,amgtp_adaptive,,0.4228491045476736
s3e_recurring_p21,21,m5b_smooth0.001,,0.4274157418293134
s3e_recurring_p21,21,m5b_smooth0.1,,0.4158127492239079
s3e_recurring_p21,21,ensemble3,,0.4185219080485096
s3e_recurring_p21,22,fixed_beta_0.00,0.0,0.4430721819404248
s3e_recurring_p21,22,fixed_beta_0.05,0.05,0.4310774753945415
s3e_recurring_p21,22,fixed_beta_0.10,0.1,0.4346129066399804
s3e_recurring_p21,22,fixed_beta_0.15,0.15,0.4452983728618423
s3e_recurring_p21,22,fixed_beta_0.20,0.2,0.4646414079197734
s3e_recurring_p21,22,fixed_beta_0.25,0.25,0.4600995708552191
s3e_recurring_p21,22,fixed_beta_0.30,0.3,0.4477977256175081
s3e_recurring_p21,22,fixed_beta_0.35,0.35,0.4530287031678641
s3e_recurring_p21,22,fixed_beta_0.40,0.4,0.4394730279939632
s3e_recurring_p21,22,fixed_beta_0.45,0.45,0.4371228225606082
s3e_recurring_p21,22,fixed_beta_0.50,0.5,0.44355709749827
s3e_recurring_p21,22,fixed_beta_0.55,0.55,0.4305307302350351
s3e_recurring_p21,22,fixed_beta_0.60,0.6,0.4289632743513332
s3e_recurring_p21,22,fixed_beta_0.65,0.65,0.4306982147878255
s3e_recurring_p21,22,fixed_beta_0.70,0.7,0.4293049181967023
s3e_recurring_p21,22,fixed_beta_0.75,0.75,0.4295614975961446
s3e_recurring_p21,22,fixed_beta_0.80,0.8,0.4264768129701892
s3e_recurring_p21,22,fixed_beta_0.85,0.85,0.4272951268045009
s3e_recurring_p21,22,fixed_beta_0.90,0.9,0.4319791668933955
s3e_recurring_p21,22,fixed_beta_0.95,0.95,0.428977831773567
s3e_recurring_p21,22,fixed_beta_1.00,1.0,0.4372438011936729
s3e_recurring_p21,22,amgtp_adaptive,,0.427608021882037
s3e_recurring_p21,22,m5b_smooth0.001,,0.4454128550025668
s3e_recurring_p21,22,m5b_smooth0.1,,0.4231713843111008
s3e_recurring_p21,22,ensemble3,,0.4266164715418424
s3e_recurring_p21,23,fixed_beta_0.00,0.0,0.4417561888729987
s3e_recurring_p21,23,fixed_beta_0.05,0.05,0.4416277665918212
s3e_recurring_p21,23,fixed_beta_0.10,0.1,0.4397246533136626
s3e_recurring_p21,23,fixed_beta_0.15,0.15,0.4420397408962894
s3e_recurring_p21,23,fixed_beta_0.20,0.2,0.4499256086912043
s3e_recurring_p21,23,fixed_beta_0.25,0.25,0.4570895832209506
s3e_recurring_p21,23,fixed_beta_0.30,0.3,0.4445142859581212
s3e_recurring_p21,23,fixed_beta_0.35,0.35,0.4595418387867518
s3e_recurring_p21,23,fixed_beta_0.40,0.4,0.4363283016083477
s3e_recurring_p21,23,fixed_beta_0.45,0.45,0.4454338647695652
s3e_recurring_p21,23,fixed_beta_0.50,0.5,0.4400176025762112
s3e_recurring_p21,23,fixed_beta_0.55,0.55,0.4324474105880567
s3e_recurring_p21,23,fixed_beta_0.60,0.6,0.4335843856663778
s3e_recurring_p21,23,fixed_beta_0.65,0.65,0.4299573334773447
s3e_recurring_p21,23,fixed_beta_0.70,0.7,0.4354101003111631
s3e_recurring_p21,23,fixed_beta_0.75,0.75,0.4353310381130963
s3e_recurring_p21,23,fixed_beta_0.80,0.8,0.4293069503402065
s3e_recurring_p21,23,fixed_beta_0.85,0.85,0.4296939122357292
s3e_recurring_p21,23,fixed_beta_0.90,0.9,0.4354943745589897
s3e_recurring_p21,23,fixed_beta_0.95,0.95,0.4325036086969185
s3e_recurring_p21,23,fixed_beta_1.00,1.0,0.4408210898045355
s3e_recurring_p21,23,amgtp_adaptive,,0.4293007115426063
s3e_recurring_p21,23,m5b_smooth0.001,,0.4564852890783111
s3e_recurring_p21,23,m5b_smooth0.1,,0.4230238676035821
s3e_recurring_p21,23,ensemble3,,0.4326749393298326
s3e_recurring_p21,24,fixed_beta_0.00,0.0,0.4466739427821475
s3e_recurring_p21,24,fixed_beta_0.05,0.05,0.4432061666049594
s3e_recurring_p21,24,fixed_beta_0.10,0.1,0.4623211754557665
s3e_recurring_p21,24,fixed_beta_0.15,0.15,0.4349800754467685
s3e_recurring_p21,24,fixed_beta_0.20,0.2,0.4379478013606992
s3e_recurring_p21,24,fixed_beta_0.25,0.25,0.4480286205986341
s3e_recurring_p21,24,fixed_beta_0.30,0.3,0.4364202705245282
s3e_recurring_p21,24,fixed_beta_0.35,0.35,0.4350396400782195
s3e_recurring_p21,24,fixed_beta_0.40,0.4,0.4299685860731846
s3e_recurring_p21,24,fixed_beta_0.45,0.45,0.4341184292001644
s3e_recurring_p21,24,fixed_beta_0.50,0.5,0.4283756327890039
s3e_recurring_p21,24,fixed_beta_0.55,0.55,0.4353423033887562
s3e_recurring_p21,24,fixed_beta_0.60,0.6,0.4280625126445775
s3e_recurring_p21,24,fixed_beta_0.65,0.65,0.426683904905841
s3e_recurring_p21,24,fixed_beta_0.70,0.7,0.4245608168861529
s3e_recurring_p21,24,fixed_beta_0.75,0.75,0.4284446000945075
s3e_recurring_p21,24,fixed_beta_0.80,0.8,0.4241958236324409
s3e_recurring_p21,24,fixed_beta_0.85,0.85,0.4228302582183132
s3e_recurring_p21,24,fixed_beta_0.90,0.9,0.4292831557655818
s3e_recurring_p21,24,fixed_beta_0.95,0.95,0.4260803984297004
s3e_recurring_p21,24,fixed_beta_1.00,1.0,0.4338993905557222
s3e_recurring_p21,24,amgtp_adaptive,,0.4280369028637482
s3e_recurring_p21,24,m5b_smooth0.001,,0.4365951389243111
s3e_recurring_p21,24,m5b_smooth0.1,,0.4169826327276437
s3e_recurring_p21,24,ensemble3,,0.4214072550877303
s3e_recurring_p21,25,fixed_beta_0.00,0.0,0.4792797411502921
s3e_recurring_p21,25,fixed_beta_0.05,0.05,0.4615598308695401
s3e_recurring_p21,25,fixed_beta_0.10,0.1,0.4593657326466603
s3e_recurring_p21,25,fixed_beta_0.15,0.15,0.4487032003303985
s3e_recurring_p21,25,fixed_beta_0.20,0.2,0.466924608635004
s3e_recurring_p21,25,fixed_beta_0.25,0.25,0.4525591953314638
s3e_recurring_p21,25,fixed_beta_0.30,0.3,0.465423617126895
s3e_recurring_p21,25,fixed_beta_0.35,0.35,0.4661190106595784
s3e_recurring_p21,25,fixed_beta_0.40,0.4,0.4443723968256014
s3e_recurring_p21,25,fixed_beta_0.45,0.45,0.4787003520390548
s3e_recurring_p21,25,fixed_beta_0.50,0.5,0.4408137818634828
s3e_recurring_p21,25,fixed_beta_0.55,0.55,0.4436885375507934
s3e_recurring_p21,25,fixed_beta_0.60,0.6,0.4419415849195859
s3e_recurring_p21,25,fixed_beta_0.65,0.65,0.4411800433114107
s3e_recurring_p21,25,fixed_beta_0.70,0.7,0.4376364285062888
s3e_recurring_p21,25,fixed_beta_0.75,0.75,0.4418007738993499
s3e_recurring_p21,25,fixed_beta_0.80,0.8,0.4413363378175173
s3e_recurring_p21,25,fixed_beta_0.85,0.85,0.438830654883432
s3e_recurring_p21,25,fixed_beta_0.90,0.9,0.4419207302758681
s3e_recurring_p21,25,fixed_beta_0.95,0.95,0.4410860478259808
s3e_recurring_p21,25,fixed_beta_1.00,1.0,0.4493766108718526
s3e_recurring_p21,25,amgtp_adaptive,,0.4380741389705338
s3e_recurring_p21,25,m5b_smooth0.001,,0.4664598075316175
s3e_recurring_p21,25,m5b_smooth0.1,,0.4330737302514674
s3e_recurring_p21,25,ensemble3,,0.4396013531655041
s3e_recurring_p21,26,fixed_beta_0.00,0.0,0.4365671091600429
s3e_recurring_p21,26,fixed_beta_0.05,0.05,0.4413996765027232
s3e_recurring_p21,26,fixed_beta_0.10,0.1,0.4501185576446094
s3e_recurring_p21,26,fixed_beta_0.15,0.15,0.4438447044396208
s3e_recurring_p21,26,fixed_beta_0.20,0.2,0.4541441547271227
s3e_recurring_p21,26,fixed_beta_0.25,0.25,0.4465808110173501
s3e_recurring_p21,26,fixed_beta_0.30,0.3,0.436886623685378
s3e_recurring_p21,26,fixed_beta_0.35,0.35,0.4371423224969469
s3e_recurring_p21,26,fixed_beta_0.40,0.4,0.4305792798669052
s3e_recurring_p21,26,fixed_beta_0.45,0.45,0.429840093738384
s3e_recurring_p21,26,fixed_beta_0.50,0.5,0.4443389225691935
s3e_recurring_p21,26,fixed_beta_0.55,0.55,0.4335865752658979
s3e_recurring_p21,26,fixed_beta_0.60,0.6,0.4356183500165223
s3e_recurring_p21,26,fixed_beta_0.65,0.65,0.4267231747767728
s3e_recurring_p21,26,fixed_beta_0.70,0.7,0.4269865937162093
s3e_recurring_p21,26,fixed_beta_0.75,0.75,0.4310613661880277
s3e_recurring_p21,26,fixed_beta_0.80,0.8,0.4270908960947515
s3e_recurring_p21,26,fixed_beta_0.85,0.85,0.4270542646290232
s3e_recurring_p21,26,fixed_beta_0.90,0.9,0.4319024344829857
s3e_recurring_p21,26,fixed_beta_0.95,0.95,0.4281101348771942
s3e_recurring_p21,26,fixed_beta_1.00,1.0,0.4361763162778692
s3e_recurring_p21,26,amgtp_adaptive,,0.4273845428666444
s3e_recurring_p21,26,m5b_smooth0.001,,0.4609579990522144
s3e_recurring_p21,26,m5b_smooth0.1,,0.4200629129757973
s3e_recurring_p21,26,ensemble3,,0.4213560343989392
s3e_recurring_p21,27,fixed_beta_0.00,0.0,0.4783955189768092
s3e_recurring_p21,27,fixed_beta_0.05,0.05,0.4592895624615015
s3e_recurring_p21,27,fixed_beta_0.10,0.1,0.4681579932666873
s3e_recurring_p21,27,fixed_beta_0.15,0.15,0.4680324531909138
s3e_recurring_p21,27,fixed_beta_0.20,0.2,0.468124694507736
s3e_recurring_p21,27,fixed_beta_0.25,0.25,0.445783660977906
s3e_recurring_p21,27,fixed_beta_0.30,0.3,0.4561541626774377
s3e_recurring_p21,27,fixed_beta_0.35,0.35,0.4519593380486686
s3e_recurring_p21,27,fixed_beta_0.40,0.4,0.451413344804222
s3e_recurring_p21,27,fixed_beta_0.45,0.45,0.4469774430347141
s3e_recurring_p21,27,fixed_beta_0.50,0.5,0.4492914386448298
s3e_recurring_p21,27,fixed_beta_0.55,0.55,0.4394185473862493
s3e_recurring_p21,27,fixed_beta_0.60,0.6,0.4375924383027194
s3e_recurring_p21,27,fixed_beta_0.65,0.65,0.4417098294529116
s3e_recurring_p21,27,fixed_beta_0.70,0.7,0.4372978932672807
s3e_recurring_p21,27,fixed_beta_0.75,0.75,0.4412548682063571
s3e_recurring_p21,27,fixed_beta_0.80,0.8,0.437028445356082
s3e_recurring_p21,27,fixed_beta_0.85,0.85,0.435763322166496
s3e_recurring_p21,27,fixed_beta_0.90,0.9,0.4397716789973303
s3e_recurring_p21,27,fixed_beta_0.95,0.95,0.4376070127997704
s3e_recurring_p21,27,fixed_beta_1.00,1.0,0.4461088820393369
s3e_recurring_p21,27,amgtp_adaptive,,0.436011218483749
s3e_recurring_p21,27,m5b_smooth0.001,,0.4586991039852351
s3e_recurring_p21,27,m5b_smooth0.1,,0.4310461235472648
s3e_recurring_p21,27,ensemble3,,0.4390693214055467
s3e_recurring_p21,28,fixed_beta_0.00,0.0,0.4316326569227667
s3e_recurring_p21,28,fixed_beta_0.05,0.05,0.4420597120589951
s3e_recurring_p21,28,fixed_beta_0.10,0.1,0.474065011350181
s3e_recurring_p21,28,fixed_beta_0.15,0.15,0.4529242879731196
s3e_recurring_p21,28,fixed_beta_0.20,0.2,0.4510795378342522
s3e_recurring_p21,28,fixed_beta_0.25,0.25,0.4576923360002334
s3e_recurring_p21,28,fixed_beta_0.30,0.3,0.4389844529231939
s3e_recurring_p21,28,fixed_beta_0.35,0.35,0.4398663851144835
s3e_recurring_p21,28,fixed_beta_0.40,0.4,0.44681018803339
s3e_recurring_p21,28,fixed_beta_0.45,0.45,0.4410041909498903
s3e_recurring_p21,28,fixed_beta_0.50,0.5,0.4437465569612008
s3e_recurring_p21,28,fixed_beta_0.55,0.55,0.4405653082358668
s3e_recurring_p21,28,fixed_beta_0.60,0.6,0.4296751193447987
s3e_recurring_p21,28,fixed_beta_0.65,0.65,0.4283953083702723
s3e_recurring_p21,28,fixed_beta_0.70,0.7,0.4265904125291837
s3e_recurring_p21,28,fixed_beta_0.75,0.75,0.4335754554349188
s3e_recurring_p21,28,fixed_beta_0.80,0.8,0.427025066625313
s3e_recurring_p21,28,fixed_beta_0.85,0.85,0.4276623848182997
s3e_recurring_p21,28,fixed_beta_0.90,0.9,0.4320780122342406
s3e_recurring_p21,28,fixed_beta_0.95,0.95,0.4298018926984699
s3e_recurring_p21,28,fixed_beta_1.00,1.0,0.437812848140966
s3e_recurring_p21,28,amgtp_adaptive,,0.4299537023665752
s3e_recurring_p21,28,m5b_smooth0.001,,0.4393205196645534
s3e_recurring_p21,28,m5b_smooth0.1,,0.4230476856599197
s3e_recurring_p21,28,ensemble3,,0.4287949151775873
s3e_recurring_p21,29,fixed_beta_0.00,0.0,0.4305314397152299
s3e_recurring_p21,29,fixed_beta_0.05,0.05,0.4318603492845617
s3e_recurring_p21,29,fixed_beta_0.10,0.1,0.4438941682719894
s3e_recurring_p21,29,fixed_beta_0.15,0.15,0.4275944376273377
s3e_recurring_p21,29,fixed_beta_0.20,0.2,0.424803603778991
s3e_recurring_p21,29,fixed_beta_0.25,0.25,0.440553616194257
s3e_recurring_p21,29,fixed_beta_0.30,0.3,0.4252521134469637
s3e_recurring_p21,29,fixed_beta_0.35,0.35,0.4345642265875871
s3e_recurring_p21,29,fixed_beta_0.40,0.4,0.4270434766526193
s3e_recurring_p21,29,fixed_beta_0.45,0.45,0.4212165922036929
s3e_recurring_p21,29,fixed_beta_0.50,0.5,0.4176298272610945
s3e_recurring_p21,29,fixed_beta_0.55,0.55,0.4180680481682191
s3e_recurring_p21,29,fixed_beta_0.60,0.6,0.4265076358740979
s3e_recurring_p21,29,fixed_beta_0.65,0.65,0.4142332916569796
s3e_recurring_p21,29,fixed_beta_0.70,0.7,0.4150766473396461
s3e_recurring_p21,29,fixed_beta_0.75,0.75,0.4143979296755287
s3e_recurring_p21,29,fixed_beta_0.80,0.8,0.4127650982451379
s3e_recurring_p21,29,fixed_beta_0.85,0.85,0.4123118202893797
s3e_recurring_p21,29,fixed_beta_0.90,0.9,0.4185249979387206
s3e_recurring_p21,29,fixed_beta_0.95,0.95,0.4151219267104953
s3e_recurring_p21,29,fixed_beta_1.00,1.0,0.4226681967544132
s3e_recurring_p21,29,amgtp_adaptive,,0.4113613557295966
s3e_recurring_p21,29,m5b_smooth0.001,,0.4299388475532067
s3e_recurring_p21,29,m5b_smooth0.1,,0.4079713349500693
s3e_recurring_p21,29,ensemble3,,0.4109157895197994
s3e_recurring_p21,3,fixed_beta_0.00,0.0,0.4423943483780408
s3e_recurring_p21,3,fixed_beta_0.05,0.05,0.4542475456068022
s3e_recurring_p21,3,fixed_beta_0.10,0.1,0.440097145631014
s3e_recurring_p21,3,fixed_beta_0.15,0.15,0.4483445616538744
s3e_recurring_p21,3,fixed_beta_0.20,0.2,0.4437022983290103
s3e_recurring_p21,3,fixed_beta_0.25,0.25,0.4396779294964963
s3e_recurring_p21,3,fixed_beta_0.30,0.3,0.4462827446992048
s3e_recurring_p21,3,fixed_beta_0.35,0.35,0.4332358327601214
s3e_recurring_p21,3,fixed_beta_0.40,0.4,0.4377856485895354
s3e_recurring_p21,3,fixed_beta_0.45,0.45,0.4301175897059547
s3e_recurring_p21,3,fixed_beta_0.50,0.5,0.435166545494435
s3e_recurring_p21,3,fixed_beta_0.55,0.55,0.4293679386774979
s3e_recurring_p21,3,fixed_beta_0.60,0.6,0.4297607726801646
s3e_recurring_p21,3,fixed_beta_0.65,0.65,0.4304713230649282
s3e_recurring_p21,3,fixed_beta_0.70,0.7,0.4282932697381321
s3e_recurring_p21,3,fixed_beta_0.75,0.75,0.432502573425408
s3e_recurring_p21,3,fixed_beta_0.80,0.8,0.4252968406887015
s3e_recurring_p21,3,fixed_beta_0.85,0.85,0.4285329823619827
s3e_recurring_p21,3,fixed_beta_0.90,0.9,0.4321713549072509
s3e_recurring_p21,3,fixed_beta_0.95,0.95,0.4291803133065629
s3e_recurring_p21,3,fixed_beta_1.00,1.0,0.4370821383498575
s3e_recurring_p21,3,amgtp_adaptive,,0.4271490361947815
s3e_recurring_p21,3,m5b_smooth0.001,,0.4494322787559531
s3e_recurring_p21,3,m5b_smooth0.1,,0.4218232468081286
s3e_recurring_p21,3,ensemble3,,0.4303453777841848
s3e_recurring_p21,30,fixed_beta_0.00,0.0,0.4483593166061715
s3e_recurring_p21,30,fixed_beta_0.05,0.05,0.4513567775709441
s3e_recurring_p21,30,fixed_beta_0.10,0.1,0.4663641184280732
s3e_recurring_p21,30,fixed_beta_0.15,0.15,0.4533482139555812
s3e_recurring_p21,30,fixed_beta_0.20,0.2,0.4456492192074024
s3e_recurring_p21,30,fixed_beta_0.25,0.25,0.4385154356369072
s3e_recurring_p21,30,fixed_beta_0.30,0.3,0.4401533943598884
s3e_recurring_p21,30,fixed_beta_0.35,0.35,0.4465683334689815
s3e_recurring_p21,30,fixed_beta_0.40,0.4,0.4392811034489421
s3e_recurring_p21,30,fixed_beta_0.45,0.45,0.4375204050515793
s3e_recurring_p21,30,fixed_beta_0.50,0.5,0.4315707398329363
s3e_recurring_p21,30,fixed_beta_0.55,0.55,0.4322129707185249
s3e_recurring_p21,30,fixed_beta_0.60,0.6,0.4297003127261787
s3e_recurring_p21,30,fixed_beta_0.65,0.65,0.4292118029071288
s3e_recurring_p21,30,fixed_beta_0.70,0.7,0.4271156197396963
s3e_recurring_p21,30,fixed_beta_0.75,0.75,0.4282699337955486
s3e_recurring_p21,30,fixed_beta_0.80,0.8,0.4250363561519352
s3e_recurring_p21,30,fixed_beta_0.85,0.85,0.4259409448850663
s3e_recurring_p21,30,fixed_beta_0.90,0.9,0.4306888906920191
s3e_recurring_p21,30,fixed_beta_0.95,0.95,0.4278671316078692
s3e_recurring_p21,30,fixed_beta_1.00,1.0,0.4358656378528115
s3e_recurring_p21,30,amgtp_adaptive,,0.4268004507356694
s3e_recurring_p21,30,m5b_smooth0.001,,0.4452671518727831
s3e_recurring_p21,30,m5b_smooth0.1,,0.4212874707444994
s3e_recurring_p21,30,ensemble3,,0.4205551432933284
s3e_recurring_p21,31,fixed_beta_0.00,0.0,0.4481229196198203
s3e_recurring_p21,31,fixed_beta_0.05,0.05,0.4487286831782555
s3e_recurring_p21,31,fixed_beta_0.10,0.1,0.4678613962516318
s3e_recurring_p21,31,fixed_beta_0.15,0.15,0.4498707434431245
s3e_recurring_p21,31,fixed_beta_0.20,0.2,0.4540494552208622
s3e_recurring_p21,31,fixed_beta_0.25,0.25,0.4546103496883643
s3e_recurring_p21,31,fixed_beta_0.30,0.3,0.4643499018751482
s3e_recurring_p21,31,fixed_beta_0.35,0.35,0.4672425555116453
s3e_recurring_p21,31,fixed_beta_0.40,0.4,0.4474212642603535
s3e_recurring_p21,31,fixed_beta_0.45,0.45,0.4416584839742271
s3e_recurring_p21,31,fixed_beta_0.50,0.5,0.4386587241833176
s3e_recurring_p21,31,fixed_beta_0.55,0.55,0.4290050455827279
s3e_recurring_p21,31,fixed_beta_0.60,0.6,0.4355621433278647
s3e_recurring_p21,31,fixed_beta_0.65,0.65,0.4272333896905339
s3e_recurring_p21,31,fixed_beta_0.70,0.7,0.4329703880860666
s3e_recurring_p21,31,fixed_beta_0.75,0.75,0.4299644300769837
s3e_recurring_p21,31,fixed_beta_0.80,0.8,0.4268507624939929
s3e_recurring_p21,31,fixed_beta_0.85,0.85,0.4258125036542405
s3e_recurring_p21,31,fixed_beta_0.90,0.9,0.4311546395165606
s3e_recurring_p21,31,fixed_beta_0.95,0.95,0.428765237318112
s3e_recurring_p21,31,fixed_beta_1.00,1.0,0.4374260119550491
s3e_recurring_p21,31,amgtp_adaptive,,0.4276801811545431
s3e_recurring_p21,31,m5b_smooth0.001,,0.4453298684211409
s3e_recurring_p21,31,m5b_smooth0.1,,0.4199301878139086
s3e_recurring_p21,31,ensemble3,,0.4210621988725529
s3e_recurring_p21,4,fixed_beta_0.00,0.0,0.441367461222545
s3e_recurring_p21,4,fixed_beta_0.05,0.05,0.4528872432742558
s3e_recurring_p21,4,fixed_beta_0.10,0.1,0.4429328452097484
s3e_recurring_p21,4,fixed_beta_0.15,0.15,0.4618052138122188
s3e_recurring_p21,4,fixed_beta_0.20,0.2,0.4604285547269069
s3e_recurring_p21,4,fixed_beta_0.25,0.25,0.4456557928271193
s3e_recurring_p21,4,fixed_beta_0.30,0.3,0.4443873418729366
s3e_recurring_p21,4,fixed_beta_0.35,0.35,0.4430780071533788
s3e_recurring_p21,4,fixed_beta_0.40,0.4,0.4345947762814788
s3e_recurring_p21,4,fixed_beta_0.45,0.45,0.4425828512140649
s3e_recurring_p21,4,fixed_beta_0.50,0.5,0.4289994200759501
s3e_recurring_p21,4,fixed_beta_0.55,0.55,0.426301016154127
s3e_recurring_p21,4,fixed_beta_0.60,0.6,0.4280601878815748
s3e_recurring_p21,4,fixed_beta_0.65,0.65,0.4275582279609261
s3e_recurring_p21,4,fixed_beta_0.70,0.7,0.4309337476577638
s3e_recurring_p21,4,fixed_beta_0.75,0.75,0.4254990655744024
s3e_recurring_p21,4,fixed_beta_0.80,0.8,0.4234359924471987
s3e_recurring_p21,4,fixed_beta_0.85,0.85,0.4252329641860636
s3e_recurring_p21,4,fixed_beta_0.90,0.9,0.4312200979072065
s3e_recurring_p21,4,fixed_beta_0.95,0.95,0.4277388541187817
s3e_recurring_p21,4,fixed_beta_1.00,1.0,0.4354720730945381
s3e_recurring_p21,4,amgtp_adaptive,,0.4251307207737298
s3e_recurring_p21,4,m5b_smooth0.001,,0.4645424484207123
s3e_recurring_p21,4,m5b_smooth0.1,,0.4207201810913655
s3e_recurring_p21,4,ensemble3,,0.4232224707893753
s4_local,0,fixed_beta_0.00,0.0,0.4478273188230913
s4_local,0,fixed_beta_0.05,0.05,0.4494000001190146
s4_local,0,fixed_beta_0.10,0.1,0.4509795100060977
s4_local,0,fixed_beta_0.15,0.15,0.4525644608894311
s4_local,0,fixed_beta_0.20,0.2,0.454155941307272
s4_local,0,fixed_beta_0.25,0.25,0.4557326312227135
s4_local,0,fixed_beta_0.30,0.3,0.4573395495195771
s4_local,0,fixed_beta_0.35,0.35,0.4588748141258996
s4_local,0,fixed_beta_0.40,0.4,0.4604756954461206
s4_local,0,fixed_beta_0.45,0.45,0.461875182098745
s4_local,0,fixed_beta_0.50,0.5,0.4634083296756247
s4_local,0,fixed_beta_0.55,0.55,0.4651241927661134
s4_local,0,fixed_beta_0.60,0.6,0.4665720603523475
s4_local,0,fixed_beta_0.65,0.65,0.4681460890553727
s4_local,0,fixed_beta_0.70,0.7,0.4695308908377493
s4_local,0,fixed_beta_0.75,0.75,0.4710381880161947
s4_local,0,fixed_beta_0.80,0.8,0.47258901675599
s4_local,0,fixed_beta_0.85,0.85,0.4743061636114
s4_local,0,fixed_beta_0.90,0.9,0.4765320179065737
s4_local,0,fixed_beta_0.95,0.95,0.4808607717097434
s4_local,0,fixed_beta_1.00,1.0,0.4920492150820637
s4_local,0,amgtp_adaptive,,0.4500019024395622
s4_local,0,m5b_smooth0.001,,0.4478508333020702
s4_local,0,m5b_smooth0.1,,0.4554792281616714
s4_local,0,ensemble3,,0.4489158002704115
s4_local,1,fixed_beta_0.00,0.0,0.4544300813697706
s4_local,1,fixed_beta_0.05,0.05,0.4560157786654102
s4_local,1,fixed_beta_0.10,0.1,0.4576466565847726
s4_local,1,fixed_beta_0.15,0.15,0.4593103526683819
s4_local,1,fixed_beta_0.20,0.2,0.4610432893735149
s4_local,1,fixed_beta_0.25,0.25,0.4626538036102366
s4_local,1,fixed_beta_0.30,0.3,0.4642244560057776
s4_local,1,fixed_beta_0.35,0.35,0.4659689183992032
s4_local,1,fixed_beta_0.40,0.4,0.467783186921056
s4_local,1,fixed_beta_0.45,0.45,0.4692609162827406
s4_local,1,fixed_beta_0.50,0.5,0.4708954730907188
s4_local,1,fixed_beta_0.55,0.55,0.4725535544821856
s4_local,1,fixed_beta_0.60,0.6,0.4741503941754105
s4_local,1,fixed_beta_0.65,0.65,0.4757640298250261
s4_local,1,fixed_beta_0.70,0.7,0.4773517438212822
s4_local,1,fixed_beta_0.75,0.75,0.4787750453840964
s4_local,1,fixed_beta_0.80,0.8,0.4805747641584145
s4_local,1,fixed_beta_0.85,0.85,0.4822611176441968
s4_local,1,fixed_beta_0.90,0.9,0.4844974031808829
s4_local,1,fixed_beta_0.95,0.95,0.488940639194473
s4_local,1,fixed_beta_1.00,1.0,0.5004704852730655
s4_local,1,amgtp_adaptive,,0.4565936219796038
s4_local,1,m5b_smooth0.001,,0.4544938462591298
s4_local,1,m5b_smooth0.1,,0.462229765963303
s4_local,1,ensemble3,,0.4555365250891313
s4_local,2,fixed_beta_0.00,0.0,0.452456051992247
s4_local,2,fixed_beta_0.05,0.05,0.4540674627047823
s4_local,2,fixed_beta_0.10,0.1,0.4556213523893903
s4_local,2,fixed_beta_0.15,0.15,0.4572176005652422
s4_local,2,fixed_beta_0.20,0.2,0.4588409523652956
s4_local,2,fixed_beta_0.25,0.25,0.4604493844663168
s4_local,2,fixed_beta_0.30,0.3,0.4621720104524915
s4_local,2,fixed_beta_0.35,0.35,0.4636666680570212
s4_local,2,fixed_beta_0.40,0.4,0.465250055149064
s4_local,2,fixed_beta_0.45,0.45,0.4668720579785195
s4_local,2,fixed_beta_0.50,0.5,0.4685635167305197
s4_local,2,fixed_beta_0.55,0.55,0.4702409845260243
s4_local,2,fixed_beta_0.60,0.6,0.4717133897156276
s4_local,2,fixed_beta_0.65,0.65,0.473546036167457
s4_local,2,fixed_beta_0.70,0.7,0.4752761651995811
s4_local,2,fixed_beta_0.75,0.75,0.476855977454436
s4_local,2,fixed_beta_0.80,0.8,0.4781908915386376
s4_local,2,fixed_beta_0.85,0.85,0.4799804580522615
s4_local,2,fixed_beta_0.90,0.9,0.4824229516779378
s4_local,2,fixed_beta_0.95,0.95,0.4869475575524353
s4_local,2,fixed_beta_1.00,1.0,0.4982034113686807
s4_local,2,amgtp_adaptive,,0.4548208213045621
s4_local,2,m5b_smooth0.001,,0.4523287536398516
s4_local,2,m5b_smooth0.1,,0.4602583948366257
s4_local,2,ensemble3,,0.4533921781615626
s4_local,20,fixed_beta_0.00,0.0,0.426301814467622
s4_local,20,fixed_beta_0.05,0.05,0.427717956470186
s4_local,20,fixed_beta_0.10,0.1,0.4291579961286877
s4_local,20,fixed_beta_0.15,0.15,0.4305352797093418
s4_local,20,fixed_beta_0.20,0.2,0.4319369458365308
s4_local,20,fixed_beta_0.25,0.25,0.4333394899634966
s4_local,20,fixed_beta_0.30,0.3,0.4347599281785069
s4_local,20,fixed_beta_0.35,0.35,0.436220926974832
s4_local,20,fixed_beta_0.40,0.4,0.4375289166563269
s4_local,20,fixed_beta_0.45,0.45,0.4389987586038211
s4_local,20,fixed_beta_0.50,0.5,0.4403870078792608
s4_local,20,fixed_beta_0.55,0.55,0.4418465576677893
s4_local,20,fixed_beta_0.60,0.6,0.4432266102771107
s4_local,20,fixed_beta_0.65,0.65,0.444713937140359
s4_local,20,fixed_beta_0.70,0.7,0.4459650927829835
s4_local,20,fixed_beta_0.75,0.75,0.4474378285301615
s4_local,20,fixed_beta_0.80,0.8,0.4490960357279978
s4_local,20,fixed_beta_0.85,0.85,0.4506266547760971
s4_local,20,fixed_beta_0.90,0.9,0.4527734169266012
s4_local,20,fixed_beta_0.95,0.95,0.4570231177691601
s4_local,20,fixed_beta_1.00,1.0,0.4673865764700355
s4_local,20,amgtp_adaptive,,0.4286206153974317
s4_local,20,m5b_smooth0.001,,0.4262148242786213
s4_local,20,m5b_smooth0.1,,0.4334069004895924
s4_local,20,ensemble3,,0.4272921920236799
s4_local,21,fixed_beta_0.00,0.0,0.4566918649288019
s4_local,21,fixed_beta_0.05,0.05,0.4582036158126854
s4_local,21,fixed_beta_0.10,0.1,0.4597197536314675
s4_local,21,fixed_beta_0.15,0.15,0.4612809833224525
s4_local,21,fixed_beta_0.20,0.2,0.462862901988993
s4_local,21,fixed_beta_0.25,0.25,0.4644406219834334
s4_local,21,fixed_beta_0.30,0.3,0.4660111028378527
s4_local,21,fixed_beta_0.35,0.35,0.4675964748462059
s4_local,21,fixed_beta_0.40,0.4,0.4691589448936842
s4_local,21,fixed_beta_0.45,0.45,0.4707778628481888
s4_local,21,fixed_beta_0.50,0.5,0.4724678642693222
s4_local,21,fixed_beta_0.55,0.55,0.4738558982724774
s4_local,21,fixed_beta_0.60,0.6,0.4752838967719835
s4_local,21,fixed_beta_0.65,0.65,0.4768517877441457
s4_local,21,fixed_beta_0.70,0.7,0.4783198733370493
s4_local,21,fixed_beta_0.75,0.75,0.4798774890630783
s4_local,21,fixed_beta_0.80,0.8,0.4813838787516941
s4_local,21,fixed_beta_0.85,0.85,0.4830645455301274
s4_local,21,fixed_beta_0.90,0.9,0.4852939018934141
s4_local,21,fixed_beta_0.95,0.95,0.4894911116432628
s4_local,21,fixed_beta_1.00,1.0,0.5005719048421736
s4_local,21,amgtp_adaptive,,0.4590419816009425
s4_local,21,m5b_smooth0.001,,0.4565902063548597
s4_local,21,m5b_smooth0.1,,0.4626402895637256
s4_local,21,ensemble3,,0.4576310673881471
s4_local,22,fixed_beta_0.00,0.0,0.4585883267268953
s4_local,22,fixed_beta_0.05,0.05,0.4601596387887147
s4_local,22,fixed_beta_0.10,0.1,0.4618050736291701
s4_local,22,fixed_beta_0.15,0.15,0.4631394252398474
s4_local,22,fixed_beta_0.20,0.2,0.4648160157102745
s4_local,22,fixed_beta_0.25,0.25,0.4666770342398471
s4_local,22,fixed_beta_0.30,0.3,0.4683450289564929
s4_local,22,fixed_beta_0.35,0.35,0.4699670974866357
s4_local,22,fixed_beta_0.40,0.4,0.471105514487397
s4_local,22,fixed_beta_0.45,0.45,0.4731221325899516
s4_local,22,fixed_beta_0.50,0.5,0.474616231024866
s4_local,22,fixed_beta_0.55,0.55,0.4760174773995991
s4_local,22,fixed_beta_0.60,0.6,0.4774602215540303
s4_local,22,fixed_beta_0.65,0.65,0.4788539851204508
s4_local,22,fixed_beta_0.70,0.7,0.4802994843657452
s4_local,22,fixed_beta_0.75,0.75,0.4818189645761653
s4_local,22,fixed_beta_0.80,0.8,0.4832584632253404
s4_local,22,fixed_beta_0.85,0.85,0.4849499549250189
s4_local,22,fixed_beta_0.90,0.9,0.487120605822862
s4_local,22,fixed_beta_0.95,0.95,0.4912894805621753
s4_local,22,fixed_beta_1.00,1.0,0.5024408579448072
s4_local,22,amgtp_adaptive,,0.4606392910214211
s4_local,22,m5b_smooth0.001,,0.4584231773532444
s4_local,22,m5b_smooth0.1,,0.4668769723745002
s4_local,22,ensemble3,,0.459474252307759
s4_local,23,fixed_beta_0.00,0.0,0.4654167603547968
s4_local,23,fixed_beta_0.05,0.05,0.4669956731926103
s4_local,23,fixed_beta_0.10,0.1,0.4686015491720706
s4_local,23,fixed_beta_0.15,0.15,0.4701931976739308
s4_local,23,fixed_beta_0.20,0.2,0.4720390046398866
s4_local,23,fixed_beta_0.25,0.25,0.4735910662943799
s4_local,23,fixed_beta_0.30,0.3,0.474906076958438
s4_local,23,fixed_beta_0.35,0.35,0.4766558545699167
s4_local,23,fixed_beta_0.40,0.4,0.4782396371115
s4_local,23,fixed_beta_0.45,0.45,0.4800418584175298
s4_local,23,fixed_beta_0.50,0.5,0.4815892767700296
s4_local,23,fixed_beta_0.55,0.55,0.4829602218938056
s4_local,23,fixed_beta_0.60,0.6,0.4848018336923831
s4_local,23,fixed_beta_0.65,0.65,0.4860867975690056
s4_local,23,fixed_beta_0.70,0.7,0.4876681409892809
s4_local,23,fixed_beta_0.75,0.75,0.4891619825653084
s4_local,23,fixed_beta_0.80,0.8,0.4907971358040482
s4_local,23,fixed_beta_0.85,0.85,0.4925005208030177
s4_local,23,fixed_beta_0.90,0.9,0.4948807950034826
s4_local,23,fixed_beta_0.95,0.95,0.4993063476681714
s4_local,23,fixed_beta_1.00,1.0,0.5108742841964747
s4_local,23,amgtp_adaptive,,0.4675912475528155
s4_local,23,m5b_smooth0.001,,0.4654627328441058
s4_local,23,m5b_smooth0.1,,0.473989159557473
s4_local,23,ensemble3,,0.4665392227671522
s4_local,24,fixed_beta_0.00,0.0,0.4647547269717549
s4_local,24,fixed_beta_0.05,0.05,0.4663399256546971
s4_local,24,fixed_beta_0.10,0.1,0.467881986894548
s4_local,24,fixed_beta_0.15,0.15,0.4694691511201506
s4_local,24,fixed_beta_0.20,0.2,0.4710802905700265
s4_local,24,fixed_beta_0.25,0.25,0.4726903358519714
s4_local,24,fixed_beta_0.30,0.3,0.4743132007959887
s4_local,24,fixed_beta_0.35,0.35,0.4759812683387697
s4_local,24,fixed_beta_0.40,0.4,0.4775445269087968
s4_local,24,fixed_beta_0.45,0.45,0.4791058788143861
s4_local,24,fixed_beta_0.50,0.5,0.4807187226968324
s4_local,24,fixed_beta_0.55,0.55,0.4822779692418575
s4_local,24,fixed_beta_0.60,0.6,0.4839759120151386
s4_local,24,fixed_beta_0.65,0.65,0.4855067435131048
s4_local,24,fixed_beta_0.70,0.7,0.486981306428888
s4_local,24,fixed_beta_0.75,0.75,0.4883582046538946
s4_local,24,fixed_beta_0.80,0.8,0.4901281324345644
s4_local,24,fixed_beta_0.85,0.85,0.4916040540305645
s4_local,24,fixed_beta_0.90,0.9,0.493708425662895
s4_local,24,fixed_beta_0.95,0.95,0.4979361927710265
s4_local,24,fixed_beta_1.00,1.0,0.5095785799822784
s4_local,24,amgtp_adaptive,,0.4669756799332055
s4_local,24,m5b_smooth0.001,,0.4647306280848876
s4_local,24,m5b_smooth0.1,,0.4730799281237021
s4_local,24,ensemble3,,0.4657934145023039
s4_local,25,fixed_beta_0.00,0.0,0.4753244328377429
s4_local,25,fixed_beta_0.05,0.05,0.4771171936364474
s4_local,25,fixed_beta_0.10,0.1,0.4788548462422797
s4_local,25,fixed_beta_0.15,0.15,0.4809372359480998
s4_local,25,fixed_beta_0.20,0.2,0.4827287660646737
s4_local,25,fixed_beta_0.25,0.25,0.4852321958047152
s4_local,25,fixed_beta_0.30,0.3,0.4864630744157709
s4_local,25,fixed_beta_0.35,0.35,0.4884920727576767
s4_local,25,fixed_beta_0.40,0.4,0.4901282272825189
s4_local,25,fixed_beta_0.45,0.45,0.4918637939978759
s4_local,25,fixed_beta_0.50,0.5,0.4937650568707423
s4_local,25,fixed_beta_0.55,0.55,0.4955818138034651
s4_local,25,fixed_beta_0.60,0.6,0.4974565212172452
s4_local,25,fixed_beta_0.65,0.65,0.4991700810298602
s4_local,25,fixed_beta_0.70,0.7,0.5008372749740343
s4_local,25,fixed_beta_0.75,0.75,0.502516856491318
s4_local,25,fixed_beta_0.80,0.8,0.5043397613229746
s4_local,25,fixed_beta_0.85,0.85,0.5062218772735421
s4_local,25,fixed_beta_0.90,0.9,0.5085748935423328
s4_local,25,fixed_beta_0.95,0.95,0.5130324361540217
s4_local,25,fixed_beta_1.00,1.0,0.5244550095636359
s4_local,25,amgtp_adaptive,,0.4781846204694528
s4_local,25,m5b_smooth0.001,,0.4756050299008146
s4_local,25,m5b_smooth0.1,,0.4842590090343706
s4_local,25,ensemble3,,0.4766530039327155
s4_local,26,fixed_beta_0.00,0.0,0.4573588227687014
s4_local,26,fixed_beta_0.05,0.05,0.4589242938415505
s4_local,26,fixed_beta_0.10,0.1,0.4604974469540384
s4_local,26,fixed_beta_0.15,0.15,0.462081437631979
s4_local,26,fixed_beta_0.20,0.2,0.4636528300409617
s4_local,26,fixed_beta_0.25,0.25,0.465198086948298
s4_local,26,fixed_beta_0.30,0.3,0.4667647096678133
s4_local,26,fixed_beta_0.35,0.35,0.4683283748428841
s4_local,26,fixed_beta_0.40,0.4,0.4698824269025856
s4_local,26,fixed_beta_0.45,0.45,0.4714985937551921
s4_local,26,fixed_beta_0.50,0.5,0.4730190175797936
s4_local,26,fixed_beta_0.55,0.55,0.474576630672532
s4_local,26,fixed_beta_0.60,0.6,0.4758816951281321
s4_local,26,fixed_beta_0.65,0.65,0.4773500829428933
s4_local,26,fixed_beta_0.70,0.7,0.4788026674480112
s4_local,26,fixed_beta_0.75,0.75,0.48036825926257
s4_local,26,fixed_beta_0.80,0.8,0.481936522152072
s4_local,26,fixed_beta_0.85,0.85,0.4836909161945132
s4_local,26,fixed_beta_0.90,0.9,0.4859405482586627
s4_local,26,fixed_beta_0.95,0.95,0.4903284366144737
s4_local,26,fixed_beta_1.00,1.0,0.5017107834076586
s4_local,26,amgtp_adaptive,,0.4595547746659141
s4_local,26,m5b_smooth0.001,,0.4573828240826095
s4_local,26,m5b_smooth0.1,,0.4649831508830557
s4_local,26,ensemble3,,0.458412501532656
s4_local,27,fixed_beta_0.00,0.0,0.4755966139639596
s4_local,27,fixed_beta_0.05,0.05,0.4772641651019248
s4_local,27,fixed_beta_0.10,0.1,0.4789777801626898
s4_local,27,fixed_beta_0.15,0.15,0.4807237568281954
s4_local,27,fixed_beta_0.20,0.2,0.4824615187641586
s4_local,27,fixed_beta_0.25,0.25,0.48407334874943
s4_local,27,fixed_beta_0.30,0.3,0.4857540502102228
s4_local,27,fixed_beta_0.35,0.35,0.4873333932411103
s4_local,27,fixed_beta_0.40,0.4,0.4889676736101032
s4_local,27,fixed_beta_0.45,0.45,0.4907293229544007
s4_local,27,fixed_beta_0.50,0.5,0.4924352101916969
s4_local,27,fixed_beta_0.55,0.55,0.4941360314193968
s4_local,27,fixed_beta_0.60,0.6,0.4956598961572043
s4_local,27,fixed_beta_0.65,0.65,0.4972732015749387
s4_local,27,fixed_beta_0.70,0.7,0.4988388347889423
s4_local,27,fixed_beta_0.75,0.75,0.5004448571448914
s4_local,27,fixed_beta_0.80,0.8,0.5021333934197543
s4_local,27,fixed_beta_0.85,0.85,0.5038430967217328
s4_local,27,fixed_beta_0.90,0.9,0.5060154074967088
s4_local,27,fixed_beta_0.95,0.95,0.510253107584761
s4_local,27,fixed_beta_1.00,1.0,0.5218585971834447
s4_local,27,amgtp_adaptive,,0.4779308019202556
s4_local,27,m5b_smooth0.001,,0.4754789902827723
s4_local,27,m5b_smooth0.1,,0.4847728727568283
s4_local,27,ensemble3,,0.4765425197825859
s4_local,28,fixed_beta_0.00,0.0,0.4598334017084587
s4_local,28,fixed_beta_0.05,0.05,0.4615063315327632
s4_local,28,fixed_beta_0.10,0.1,0.4633000190465031
s4_local,28,fixed_beta_0.15,0.15,0.4645825431352108
s4_local,28,fixed_beta_0.20,0.2,0.466172921572328
s4_local,28,fixed_beta_0.25,0.25,0.4678971871880877
s4_local,28,fixed_beta_0.30,0.3,0.4694607496016248
s4_local,28,fixed_beta_0.35,0.35,0.4709716246597067
s4_local,28,fixed_beta_0.40,0.4,0.4725999639060138
s4_local,28,fixed_beta_0.45,0.45,0.4741665177308914
s4_local,28,fixed_beta_0.50,0.5,0.4757533995694039
s4_local,28,fixed_beta_0.55,0.55,0.477204515614949
s4_local,28,fixed_beta_0.60,0.6,0.4787262401234227
s4_local,28,fixed_beta_0.65,0.65,0.4803955291509991
s4_local,28,fixed_beta_0.70,0.7,0.4821164737536141
s4_local,28,fixed_beta_0.75,0.75,0.4835338615871306
s4_local,28,fixed_beta_0.80,0.8,0.4852429225525746
s4_local,28,fixed_beta_0.85,0.85,0.4870914194393756
s4_local,28,fixed_beta_0.90,0.9,0.489412136213056
s4_local,28,fixed_beta_0.95,0.95,0.4940351857144756
s4_local,28,fixed_beta_1.00,1.0,0.5058365901169631
s4_local,28,amgtp_adaptive,,0.4618840120456841
s4_local,28,m5b_smooth0.001,,0.4598660203595641
s4_local,28,m5b_smooth0.1,,0.468393903695175
s4_local,28,ensemble3,,0.4609260951788255
s4_local,29,fixed_beta_0.00,0.0,0.4463086899478836
s4_local,29,fixed_beta_0.05,0.05,0.4478449716978895
s4_local,29,fixed_beta_0.10,0.1,0.4493857387723384
s4_local,29,fixed_beta_0.15,0.15,0.4509320714695329
s4_local,29,fixed_beta_0.20,0.2,0.4524483186809956
s4_local,29,fixed_beta_0.25,0.25,0.4540569923585636
s4_local,29,fixed_beta_0.30,0.3,0.4556696346982334
s4_local,29,fixed_beta_0.35,0.35,0.4572018619002016
s4_local,29,fixed_beta_0.40,0.4,0.4587607860318369
s4_local,29,fixed_beta_0.45,0.45,0.460338446713856
s4_local,29,fixed_beta_0.50,0.5,0.4618057334681207
s4_local,29,fixed_beta_0.55,0.55,0.4632777817349606
s4_local,29,fixed_beta_0.60,0.6,0.4648678733902084
s4_local,29,fixed_beta_0.65,0.65,0.4662690635526437
s4_local,29,fixed_beta_0.70,0.7,0.4676890198394094
s4_local,29,fixed_beta_0.75,0.75,0.4691799425182824
s4_local,29,fixed_beta_0.80,0.8,0.470731792435184
s4_local,29,fixed_beta_0.85,0.85,0.4723846831309756
s4_local,29,fixed_beta_0.90,0.9,0.4746364343793341
s4_local,29,fixed_beta_0.95,0.95,0.4789684344458247
s4_local,29,fixed_beta_1.00,1.0,0.4899763090055004
s4_local,29,amgtp_adaptive,,0.448674395545946
s4_local,29,m5b_smooth0.001,,0.446275898846656
s4_local,29,m5b_smooth0.1,,0.4534880467347414
s4_local,29,ensemble3,,0.447318394879486
s4_local,3,fixed_beta_0.00,0.0,0.4665388054378571
s4_local,3,fixed_beta_0.05,0.05,0.4681884175946698
s4_local,3,fixed_beta_0.10,0.1,0.4698852265764575
s4_local,3,fixed_beta_0.15,0.15,0.4715286413407088
s4_local,3,fixed_beta_0.20,0.2,0.4733627616336746
s4_local,3,fixed_beta_0.25,0.25,0.4749078054836086
s4_local,3,fixed_beta_0.30,0.3,0.4766364362005002
s4_local,3,fixed_beta_0.35,0.35,0.4781086142413225
s4_local,3,fixed_beta_0.40,0.4,0.4799559701646402
s4_local,3,fixed_beta_0.45,0.45,0.481459655795521
s4_local,3,fixed_beta_0.50,0.5,0.4832630974174954
s4_local,3,fixed_beta_0.55,0.55,0.4849310629593195
s4_local,3,fixed_beta_0.60,0.6,0.486313639846629
s4_local,3,fixed_beta_0.65,0.65,0.4880438691024436
s4_local,3,fixed_beta_0.70,0.7,0.4891888253926614
s4_local,3,fixed_beta_0.75,0.75,0.4906395626193328
s4_local,3,fixed_beta_0.80,0.8,0.4922100626917481
s4_local,3,fixed_beta_0.85,0.85,0.4939258819751754
s4_local,3,fixed_beta_0.90,0.9,0.4961866892664459
s4_local,3,fixed_beta_0.95,0.95,0.5005748532734993
s4_local,3,fixed_beta_1.00,1.0,0.5122747724558624
s4_local,3,amgtp_adaptive,,0.4685823413584319
s4_local,3,m5b_smooth0.001,,0.4662837774169933
s4_local,3,m5b_smooth0.1,,0.4734268090707633
s4_local,3,ensemble3,,0.4673125853872326
s4_local,30,fixed_beta_0.00,0.0,0.4553199172450943
s4_local,30,fixed_beta_0.05,0.05,0.456877878487206
s4_local,30,fixed_beta_0.10,0.1,0.4584522010207248
s4_local,30,fixed_beta_0.15,0.15,0.4600437589914707
s4_local,30,fixed_beta_0.20,0.2,0.4616343802388215
s4_local,30,fixed_beta_0.25,0.25,0.4631693535491913
s4_local,30,fixed_beta_0.30,0.3,0.4646895148549693
s4_local,30,fixed_beta_0.35,0.35,0.466319865053337
s4_local,30,fixed_beta_0.40,0.4,0.4680010294798213
s4_local,30,fixed_beta_0.45,0.45,0.469698359899744
s4_local,30,fixed_beta_0.50,0.5,0.471099982902072
s4_local,30,fixed_beta_0.55,0.55,0.4725920650570862
s4_local,30,fixed_beta_0.60,0.6,0.4739738009482115
s4_local,30,fixed_beta_0.65,0.65,0.4753056373156425
s4_local,30,fixed_beta_0.70,0.7,0.4768474553411014
s4_local,30,fixed_beta_0.75,0.75,0.4783651646544676
s4_local,30,fixed_beta_0.80,0.8,0.4798357485746015
s4_local,30,fixed_beta_0.85,0.85,0.4815977658018483
s4_local,30,fixed_beta_0.90,0.9,0.4838311023209756
s4_local,30,fixed_beta_0.95,0.95,0.4881930941545523
s4_local,30,fixed_beta_1.00,1.0,0.499919046546921
s4_local,30,amgtp_adaptive,,0.4573454543254959
s4_local,30,m5b_smooth0.001,,0.4551061487951397
s4_local,30,m5b_smooth0.1,,0.4647047388328588
s4_local,30,ensemble3,,0.456177218971397
s4_local,31,fixed_beta_0.00,0.0,0.4659821586135667
s4_local,31,fixed_beta_0.05,0.05,0.4676352109371735
s4_local,31,fixed_beta_0.10,0.1,0.4692966187686351
s4_local,31,fixed_beta_0.15,0.15,0.4709945262212061
s4_local,31,fixed_beta_0.20,0.2,0.4727208122075813
s4_local,31,fixed_beta_0.25,0.25,0.4744862955080169
s4_local,31,fixed_beta_0.30,0.3,0.476203769618081
s4_local,31,fixed_beta_0.35,0.35,0.4779398603014994
s4_local,31,fixed_beta_0.40,0.4,0.4795788623335794
s4_local,31,fixed_beta_0.45,0.45,0.4813342519089875
s4_local,31,fixed_beta_0.50,0.5,0.4829480262140698
s4_local,31,fixed_beta_0.55,0.55,0.4846875296474078
s4_local,31,fixed_beta_0.60,0.6,0.4860932091548967
s4_local,31,fixed_beta_0.65,0.65,0.4878124757222762
s4_local,31,fixed_beta_0.70,0.7,0.4894455504387713
s4_local,31,fixed_beta_0.75,0.75,0.4909377526057589
s4_local,31,fixed_beta_0.80,0.8,0.4925352017177509
s4_local,31,fixed_beta_0.85,0.85,0.4943332995146312
s4_local,31,fixed_beta_0.90,0.9,0.4966878262534714
s4_local,31,fixed_beta_0.95,0.95,0.5012092273163029
s4_local,31,fixed_beta_1.00,1.0,0.5130442214383081
s4_local,31,amgtp_adaptive,,0.4679847637008377
s4_local,31,m5b_smooth0.001,,0.4656852967459126
s4_local,31,m5b_smooth0.1,,0.4743676432184485
s4_local,31,ensemble3,,0.4667757953494536
s4_local,4,fixed_beta_0.00,0.0,0.4596488686101303
s4_local,4,fixed_beta_0.05,0.05,0.4611774481172437
s4_local,4,fixed_beta_0.10,0.1,0.4627703560962758
s4_local,4,fixed_beta_0.15,0.15,0.4643692970614957
s4_local,4,fixed_beta_0.20,0.2,0.4658436017152358
s4_local,4,fixed_beta_0.25,0.25,0.4675242367595434
s4_local,4,fixed_beta_0.30,0.3,0.4690686973187763
s4_local,4,fixed_beta_0.35,0.35,0.4705560850915526
s4_local,4,fixed_beta_0.40,0.4,0.4720528596966492
s4_local,4,fixed_beta_0.45,0.45,0.4736916534909847
s4_local,4,fixed_beta_0.50,0.5,0.4751900661248125
s4_local,4,fixed_beta_0.55,0.55,0.4766695671666203
s4_local,4,fixed_beta_0.60,0.6,0.4781830405933629
s4_local,4,fixed_beta_0.65,0.65,0.4797401809613875
s4_local,4,fixed_beta_0.70,0.7,0.4812439861210663
s4_local,4,fixed_beta_0.75,0.75,0.4827791977287485
s4_local,4,fixed_beta_0.80,0.8,0.4843528658770635
s4_local,4,fixed_beta_0.85,0.85,0.4860300067574521
s4_local,4,fixed_beta_0.90,0.9,0.4881826020811312
s4_local,4,fixed_beta_0.95,0.95,0.4924344624732373
s4_local,4,fixed_beta_1.00,1.0,0.5039195912158856
s4_local,4,amgtp_adaptive,,0.4617199853340719
s4_local,4,m5b_smooth0.001,,0.45939526588015
s4_local,4,m5b_smooth0.1,,0.4671841683731898
s4_local,4,ensemble3,,0.4604322199275089
s5_opposing_local,0,fixed_beta_0.00,0.0,0.5030364342549025
s5_opposing_local,0,fixed_beta_0.05,0.05,0.5032476881664565
s5_opposing_local,0,fixed_beta_0.10,0.1,0.5035540216719454
s5_opposing_local,0,fixed_beta_0.15,0.15,0.503864307816391
s5_opposing_local,0,fixed_beta_0.20,0.2,0.5043758585804221
s5_opposing_local,0,fixed_beta_0.25,0.25,0.5063169572626303
s5_opposing_local,0,fixed_beta_0.30,0.3,0.5070679659055685
s5_opposing_local,0,fixed_beta_0.35,0.35,0.5073098099093469
s5_opposing_local,0,fixed_beta_0.40,0.4,0.5070944409059538
s5_opposing_local,0,fixed_beta_0.45,0.45,0.5089722126823304
s5_opposing_local,0,fixed_beta_0.50,0.5,0.5090505168206524
s5_opposing_local,0,fixed_beta_0.55,0.55,0.5095420035183017
s5_opposing_local,0,fixed_beta_0.60,0.6,0.5095805019546148
s5_opposing_local,0,fixed_beta_0.65,0.65,0.5093661323250254
s5_opposing_local,0,fixed_beta_0.70,0.7,0.509093483972552
s5_opposing_local,0,fixed_beta_0.75,0.75,0.5090196765263839
s5_opposing_local,0,fixed_beta_0.80,0.8,0.5093801708198823
s5_opposing_local,0,fixed_beta_0.85,0.85,0.5106131599428351
s5_opposing_local,0,fixed_beta_0.90,0.9,0.5131916914655722
s5_opposing_local,0,fixed_beta_0.95,0.95,0.5178754962249325
s5_opposing_local,0,fixed_beta_1.00,1.0,0.5262618379769533
s5_opposing_local,0,amgtp_adaptive,,0.5031829531221406
s5_opposing_local,0,m5b_smooth0.001,,0.5019211842166985
s5_opposing_local,0,m5b_smooth0.1,,0.5064820197073157
s5_opposing_local,0,ensemble3,,0.5038321024003116
s5_opposing_local,1,fixed_beta_0.00,0.0,0.4857703477773079
s5_opposing_local,1,fixed_beta_0.05,0.05,0.486284414206775
s5_opposing_local,1,fixed_beta_0.10,0.1,0.4864946798477194
s5_opposing_local,1,fixed_beta_0.15,0.15,0.4865904330907515
s5_opposing_local,1,fixed_beta_0.20,0.2,0.486642761889302
s5_opposing_local,1,fixed_beta_0.25,0.25,0.4866819463368367
s5_opposing_local,1,fixed_beta_0.30,0.3,0.4865781676569535
s5_opposing_local,1,fixed_beta_0.35,0.35,0.4868369268605668
s5_opposing_local,1,fixed_beta_0.40,0.4,0.487611121646442
s5_opposing_local,1,fixed_beta_0.45,0.45,0.4883978528246944
s5_opposing_local,1,fixed_beta_0.50,0.5,0.4915553966938533
s5_opposing_local,1,fixed_beta_0.55,0.55,0.490439034754462
s5_opposing_local,1,fixed_beta_0.60,0.6,0.4902089845677262
s5_opposing_local,1,fixed_beta_0.65,0.65,0.490367322331273
s5_opposing_local,1,fixed_beta_0.70,0.7,0.4905590078396714
s5_opposing_local,1,fixed_beta_0.75,0.75,0.4910145622473177
s5_opposing_local,1,fixed_beta_0.80,0.8,0.4920165982662995
s5_opposing_local,1,fixed_beta_0.85,0.85,0.4936448439464481
s5_opposing_local,1,fixed_beta_0.90,0.9,0.4960661100192308
s5_opposing_local,1,fixed_beta_0.95,0.95,0.500644655777837
s5_opposing_local,1,fixed_beta_1.00,1.0,0.5083742630463001
s5_opposing_local,1,amgtp_adaptive,,0.4879617402091448
s5_opposing_local,1,m5b_smooth0.001,,0.4851878818582529
s5_opposing_local,1,m5b_smooth0.1,,0.4936543562785146
s5_opposing_local,1,ensemble3,,0.486122564043995
s5_opposing_local,2,fixed_beta_0.00,0.0,0.5228314693550838
s5_opposing_local,2,fixed_beta_0.05,0.05,0.5237405849945828
s5_opposing_local,2,fixed_beta_0.10,0.1,0.525781820463814
s5_opposing_local,2,fixed_beta_0.15,0.15,0.5260038535191506
s5_opposing_local,2,fixed_beta_0.20,0.2,0.5269936889583237
s5_opposing_local,2,fixed_beta_0.25,0.25,0.527373329072478
s5_opposing_local,2,fixed_beta_0.30,0.3,0.5268324006546903
s5_opposing_local,2,fixed_beta_0.35,0.35,0.5277342045505455
s5_opposing_local,2,fixed_beta_0.40,0.4,0.529263176215276
s5_opposing_local,2,fixed_beta_0.45,0.45,0.5307259286625807
s5_opposing_local,2,fixed_beta_0.50,0.5,0.5322432081661114
s5_opposing_local,2,fixed_beta_0.55,0.55,0.5323040932391451
s5_opposing_local,2,fixed_beta_0.60,0.6,0.5312958279736801
s5_opposing_local,2,fixed_beta_0.65,0.65,0.5313913815458643
s5_opposing_local,2,fixed_beta_0.70,0.7,0.5307761072217908
s5_opposing_local,2,fixed_beta_0.75,0.75,0.5305235380664869
s5_opposing_local,2,fixed_beta_0.80,0.8,0.5304033884574633
s5_opposing_local,2,fixed_beta_0.85,0.85,0.531176731128322
s5_opposing_local,2,fixed_beta_0.90,0.9,0.5335462499973223
s5_opposing_local,2,fixed_beta_0.95,0.95,0.5383731341129722
s5_opposing_local,2,fixed_beta_1.00,1.0,0.5473052396898153
s5_opposing_local,2,amgtp_adaptive,,0.525018429369275
s5_opposing_local,2,m5b_smooth0.001,,0.522708461179233
s5_opposing_local,2,m5b_smooth0.1,,0.528383461598358
s5_opposing_local,2,ensemble3,,0.5245847978853273
s5_opposing_local,20,fixed_beta_0.00,0.0,0.4847635355616099
s5_opposing_local,20,fixed_beta_0.05,0.05,0.4848879590541313
s5_opposing_local,20,fixed_beta_0.10,0.1,0.4850733239979726
s5_opposing_local,20,fixed_beta_0.15,0.15,0.4852150064409284
s5_opposing_local,20,fixed_beta_0.20,0.2,0.4853809149250687
s5_opposing_local,20,fixed_beta_0.25,0.25,0.486757374885355
s5_opposing_local,20,fixed_beta_0.30,0.3,0.4877776997043089
s5_opposing_local,20,fixed_beta_0.35,0.35,0.4893231175953825
s5_opposing_local,20,fixed_beta_0.40,0.4,0.488586133400484
s5_opposing_local,20,fixed_beta_0.45,0.45,0.488422635857518
s5_opposing_local,20,fixed_beta_0.50,0.5,0.4890083136653401
s5_opposing_local,20,fixed_beta_0.55,0.55,0.4899466702880078
s5_opposing_local,20,fixed_beta_0.60,0.6,0.4913381475993166
s5_opposing_local,20,fixed_beta_0.65,0.65,0.4919324021477525
s5_opposing_local,20,fixed_beta_0.70,0.7,0.4922566571639057
s5_opposing_local,20,fixed_beta_0.75,0.75,0.4923275928406573
s5_opposing_local,20,fixed_beta_0.80,0.8,0.4927811283584775
s5_opposing_local,20,fixed_beta_0.85,0.85,0.4939388636932069
s5_opposing_local,20,fixed_beta_0.90,0.9,0.4961380423200252
s5_opposing_local,20,fixed_beta_0.95,0.95,0.5007480751524553
s5_opposing_local,20,fixed_beta_1.00,1.0,0.5090872637075563
s5_opposing_local,20,amgtp_adaptive,,0.4875473231098365
s5_opposing_local,20,m5b_smooth0.001,,0.4848270214730608
s5_opposing_local,20,m5b_smooth0.1,,0.4886085572445797
s5_opposing_local,20,ensemble3,,0.4866495423967546
s5_opposing_local,21,fixed_beta_0.00,0.0,0.4853631748860813
s5_opposing_local,21,fixed_beta_0.05,0.05,0.4859147280615974
s5_opposing_local,21,fixed_beta_0.10,0.1,0.4863188110057966
s5_opposing_local,21,fixed_beta_0.15,0.15,0.4865226413339686
s5_opposing_local,21,fixed_beta_0.20,0.2,0.4867875481191523
s5_opposing_local,21,fixed_beta_0.25,0.25,0.4867326995980964
s5_opposing_local,21,fixed_beta_0.30,0.3,0.4867356040391433
s5_opposing_local,21,fixed_beta_0.35,0.35,0.4866917575546639
s5_opposing_local,21,fixed_beta_0.40,0.4,0.4868586666997646
s5_opposing_local,21,fixed_beta_0.45,0.45,0.4868933615763843
s5_opposing_local,21,fixed_beta_0.50,0.5,0.4870080526686756
s5_opposing_local,21,fixed_beta_0.55,0.55,0.4873065220661864
s5_opposing_local,21,fixed_beta_0.60,0.6,0.4883108680373557
s5_opposing_local,21,fixed_beta_0.65,0.65,0.490916238409821
s5_opposing_local,21,fixed_beta_0.70,0.7,0.4920074547467463
s5_opposing_local,21,fixed_beta_0.75,0.75,0.4921631934423849
s5_opposing_local,21,fixed_beta_0.80,0.8,0.4928309474142868
s5_opposing_local,21,fixed_beta_0.85,0.85,0.4940439991689681
s5_opposing_local,21,fixed_beta_0.90,0.9,0.4969258739017614
s5_opposing_local,21,fixed_beta_0.95,0.95,0.501719977111625
s5_opposing_local,21,fixed_beta_1.00,1.0,0.50975092926932
s5_opposing_local,21,amgtp_adaptive,,0.4859980364020436
s5_opposing_local,21,m5b_smooth0.001,,0.485491188205611
s5_opposing_local,21,m5b_smooth0.1,,0.4905596716312541
s5_opposing_local,21,ensemble3,,0.4860790160846259
s5_opposing_local,22,fixed_beta_0.00,0.0,0.4872065368265176
s5_opposing_local,22,fixed_beta_0.05,0.05,0.4877662700623759
s5_opposing_local,22,fixed_beta_0.10,0.1,0.4892106832360806
s5_opposing_local,22,fixed_beta_0.15,0.15,0.4900750673555318
s5_opposing_local,22,fixed_beta_0.20,0.2,0.4904865214271687
s5_opposing_local,22,fixed_beta_0.25,0.25,0.4910480522023541
s5_opposing_local,22,fixed_beta_0.30,0.3,0.4921957563569724
s5_opposing_local,22,fixed_beta_0.35,0.35,0.4927801597507956
s5_opposing_local,22,fixed_beta_0.40,0.4,0.4938234881909095
s5_opposing_local,22,fixed_beta_0.45,0.45,0.4943911773053924
s5_opposing_local,22,fixed_beta_0.50,0.5,0.4938973171198465
s5_opposing_local,22,fixed_beta_0.55,0.55,0.4936504140418739
s5_opposing_local,22,fixed_beta_0.60,0.6,0.4940381465749562
s5_opposing_local,22,fixed_beta_0.65,0.65,0.4940210373982891
s5_opposing_local,22,fixed_beta_0.70,0.7,0.4942955053475393
s5_opposing_local,22,fixed_beta_0.75,0.75,0.4941034883450359
s5_opposing_local,22,fixed_beta_0.80,0.8,0.4942793336749759
s5_opposing_local,22,fixed_beta_0.85,0.85,0.4957821112812109
s5_opposing_local,22,fixed_beta_0.90,0.9,0.4989949566606677
s5_opposing_local,22,fixed_beta_0.95,0.95,0.5034098002913806
s5_opposing_local,22,fixed_beta_1.00,1.0,0.51150752619839
s5_opposing_local,22,amgtp_adaptive,,0.4894539628881993
s5_opposing_local,22,m5b_smooth0.001,,0.4870064603521156
s5_opposing_local,22,m5b_smooth0.1,,0.4922593084259509
s5_opposing_local,22,ensemble3,,0.4886538222601441
s5_opposing_local,23,fixed_beta_0.00,0.0,0.4934730044500724
s5_opposing_local,23,fixed_beta_0.05,0.05,0.4936681718914032
s5_opposing_local,23,fixed_beta_0.10,0.1,0.4938126793641905
s5_opposing_local,23,fixed_beta_0.15,0.15,0.4944075297639967
s5_opposing_local,23,fixed_beta_0.20,0.2,0.4947402493858723
s5_opposing_local,23,fixed_beta_0.25,0.25,0.4962754589512795
s5_opposing_local,23,fixed_beta_0.30,0.3,0.4959318465746003
s5_opposing_local,23,fixed_beta_0.35,0.35,0.4959538781761486
s5_opposing_local,23,fixed_beta_0.40,0.4,0.4960178177490524
s5_opposing_local,23,fixed_beta_0.45,0.45,0.4958464064306804
s5_opposing_local,23,fixed_beta_0.50,0.5,0.4960498336574894
s5_opposing_local,23,fixed_beta_0.55,0.55,0.4962016356629183
s5_opposing_local,23,fixed_beta_0.60,0.6,0.4965500013256113
s5_opposing_local,23,fixed_beta_0.65,0.65,0.4968038011038845
s5_opposing_local,23,fixed_beta_0.70,0.7,0.497395584426696
s5_opposing_local,23,fixed_beta_0.75,0.75,0.4986895764229902
s5_opposing_local,23,fixed_beta_0.80,0.8,0.5002345692588923
s5_opposing_local,23,fixed_beta_0.85,0.85,0.5017937721039107
s5_opposing_local,23,fixed_beta_0.90,0.9,0.504351337155556
s5_opposing_local,23,fixed_beta_0.95,0.95,0.5087170295160318
s5_opposing_local,23,fixed_beta_1.00,1.0,0.5165311652957244
s5_opposing_local,23,amgtp_adaptive,,0.4954338436755319
s5_opposing_local,23,m5b_smooth0.001,,0.4933889926993292
s5_opposing_local,23,m5b_smooth0.1,,0.4986265288602087
s5_opposing_local,23,ensemble3,,0.4955076736201503
s5_opposing_local,24,fixed_beta_0.00,0.0,0.4933220457148283
s5_opposing_local,24,fixed_beta_0.05,0.05,0.4936666934004021
s5_opposing_local,24,fixed_beta_0.10,0.1,0.4968495038610725
s5_opposing_local,24,fixed_beta_0.15,0.15,0.4978739075183154
s5_opposing_local,24,fixed_beta_0.20,0.2,0.4992161736504824
s5_opposing_local,24,fixed_beta_0.25,0.25,0.4993705395535581
s5_opposing_local,24,fixed_beta_0.30,0.3,0.5001851928271905
s5_opposing_local,24,fixed_beta_0.35,0.35,0.5007932181401421
s5_opposing_local,24,fixed_beta_0.40,0.4,0.5010775105451822
s5_opposing_local,24,fixed_beta_0.45,0.45,0.5017541587609237
s5_opposing_local,24,fixed_beta_0.50,0.5,0.5007465084703581
s5_opposing_local,24,fixed_beta_0.55,0.55,0.50108992736693
s5_opposing_local,24,fixed_beta_0.60,0.6,0.5009278896099059
s5_opposing_local,24,fixed_beta_0.65,0.65,0.5007716821301053
s5_opposing_local,24,fixed_beta_0.70,0.7,0.5008887538284956
s5_opposing_local,24,fixed_beta_0.75,0.75,0.5009281995752377
s5_opposing_local,24,fixed_beta_0.80,0.8,0.5012151993157163
s5_opposing_local,24,fixed_beta_0.85,0.85,0.5025885943576911
s5_opposing_local,24,fixed_beta_0.90,0.9,0.50565645271572
s5_opposing_local,24,fixed_beta_0.95,0.95,0.5106617982266839
s5_opposing_local,24,fixed_beta_1.00,1.0,0.5185969739627577
s5_opposing_local,24,amgtp_adaptive,,0.4942741398491194
s5_opposing_local,24,m5b_smooth0.001,,0.4936138581910484
s5_opposing_local,24,m5b_smooth0.1,,0.4985249300416021
s5_opposing_local,24,ensemble3,,0.4945778823990473
s5_opposing_local,25,fixed_beta_0.00,0.0,0.5028244276203533
s5_opposing_local,25,fixed_beta_0.05,0.05,0.5029373243391368
s5_opposing_local,25,fixed_beta_0.10,0.1,0.502856235472736
s5_opposing_local,25,fixed_beta_0.15,0.15,0.5027367814806987
s5_opposing_local,25,fixed_beta_0.20,0.2,0.5025718655666424
s5_opposing_local,25,fixed_beta_0.25,0.25,0.5025295569291531
s5_opposing_local,25,fixed_beta_0.30,0.3,0.5025580411619412
s5_opposing_local,25,fixed_beta_0.35,0.35,0.504786069929119
s5_opposing_local,25,fixed_beta_0.40,0.4,0.5042545642652706
s5_opposing_local,25,fixed_beta_0.45,0.45,0.5037916748104998
s5_opposing_local,25,fixed_beta_0.50,0.5,0.5052232257095471
s5_opposing_local,25,fixed_beta_0.55,0.55,0.5048906365619646
s5_opposing_local,25,fixed_beta_0.60,0.6,0.5059623952723032
s5_opposing_local,25,fixed_beta_0.65,0.65,0.5060080253620123
s5_opposing_local,25,fixed_beta_0.70,0.7,0.5059490721625217
s5_opposing_local,25,fixed_beta_0.75,0.75,0.5059013904335983
s5_opposing_local,25,fixed_beta_0.80,0.8,0.5064856086865631
s5_opposing_local,25,fixed_beta_0.85,0.85,0.5079118408659249
s5_opposing_local,25,fixed_beta_0.90,0.9,0.5107665862859614
s5_opposing_local,25,fixed_beta_0.95,0.95,0.515868357262662
s5_opposing_local,25,fixed_beta_1.00,1.0,0.5238454383695793
s5_opposing_local,25,amgtp_adaptive,,0.5019293828037128
s5_opposing_local,25,m5b_smooth0.001,,0.5024645552796784
s5_opposing_local,25,m5b_smooth0.1,,0.5027379853471721
s5_opposing_local,25,ensemble3,,0.5028091278048521
s5_opposing_local,26,fixed_beta_0.00,0.0,0.5059559264315369
s5_opposing_local,26,fixed_beta_0.05,0.05,0.5060747933351901
s5_opposing_local,26,fixed_beta_0.10,0.1,0.5061867112838974
s5_opposing_local,26,fixed_beta_0.15,0.15,0.5065253155245658
s5_opposing_local,26,fixed_beta_0.20,0.2,0.5071527910299701
s5_opposing_local,26,fixed_beta_0.25,0.25,0.508127021810588
s5_opposing_local,26,fixed_beta_0.30,0.3,0.5085200602473486
s5_opposing_local,26,fixed_beta_0.35,0.35,0.5081738055579765
s5_opposing_local,26,fixed_beta_0.40,0.4,0.50896525648328
s5_opposing_local,26,fixed_beta_0.45,0.45,0.5096108936786102
s5_opposing_local,26,fixed_beta_0.50,0.5,0.5098743739664772
s5_opposing_local,26,fixed_beta_0.55,0.55,0.5109969619722641
s5_opposing_local,26,fixed_beta_0.60,0.6,0.5125192215194155
s5_opposing_local,26,fixed_beta_0.65,0.65,0.5132184963020998
s5_opposing_local,26,fixed_beta_0.70,0.7,0.5130919395905438
s5_opposing_local,26,fixed_beta_0.75,0.75,0.5131462199940232
s5_opposing_local,26,fixed_beta_0.80,0.8,0.5134953656701724
s5_opposing_local,26,fixed_beta_0.85,0.85,0.5147993515242743
s5_opposing_local,26,fixed_beta_0.90,0.9,0.5175810800045684
s5_opposing_local,26,fixed_beta_0.95,0.95,0.5222138532335231
s5_opposing_local,26,fixed_beta_1.00,1.0,0.5305570546965932
s5_opposing_local,26,amgtp_adaptive,,0.506892968365116
s5_opposing_local,26,m5b_smooth0.001,,0.5060358372252605
s5_opposing_local,26,m5b_smooth0.1,,0.5132943135140619
s5_opposing_local,26,ensemble3,,0.507226740842204
s5_opposing_local,27,fixed_beta_0.00,0.0,0.4923592876335326
s5_opposing_local,27,fixed_beta_0.05,0.05,0.4930350330077057
s5_opposing_local,27,fixed_beta_0.10,0.1,0.4931826414511532
s5_opposing_local,27,fixed_beta_0.15,0.15,0.4945012899518158
s5_opposing_local,27,fixed_beta_0.20,0.2,0.4956203274010982
s5_opposing_local,27,fixed_beta_0.25,0.25,0.495397180140635
s5_opposing_local,27,fixed_beta_0.30,0.3,0.4960057779954396
s5_opposing_local,27,fixed_beta_0.35,0.35,0.4975134525473943
s5_opposing_local,27,fixed_beta_0.40,0.4,0.4986135985032774
s5_opposing_local,27,fixed_beta_0.45,0.45,0.4988991541099181
s5_opposing_local,27,fixed_beta_0.50,0.5,0.4996121559532706
s5_opposing_local,27,fixed_beta_0.55,0.55,0.4995475821238729
s5_opposing_local,27,fixed_beta_0.60,0.6,0.4991710443629693
s5_opposing_local,27,fixed_beta_0.65,0.65,0.4986122849412747
s5_opposing_local,27,fixed_beta_0.70,0.7,0.4983892218670911
s5_opposing_local,27,fixed_beta_0.75,0.75,0.4984420098401944
s5_opposing_local,27,fixed_beta_0.80,0.8,0.4989195420929809
s5_opposing_local,27,fixed_beta_0.85,0.85,0.5003978522549716
s5_opposing_local,27,fixed_beta_0.90,0.9,0.5031752040093732
s5_opposing_local,27,fixed_beta_0.95,0.95,0.5077787095168136
s5_opposing_local,27,fixed_beta_1.00,1.0,0.5154582852361561
s5_opposing_local,27,amgtp_adaptive,,0.4942280784958587
s5_opposing_local,27,m5b_smooth0.001,,0.4924914192075952
s5_opposing_local,27,m5b_smooth0.1,,0.4956546017312918
s5_opposing_local,27,ensemble3,,0.4932067778175158
s5_opposing_local,28,fixed_beta_0.00,0.0,0.5102481669123586
s5_opposing_local,28,fixed_beta_0.05,0.05,0.510280055592228
s5_opposing_local,28,fixed_beta_0.10,0.1,0.5108311127013226
s5_opposing_local,28,fixed_beta_0.15,0.15,0.5121723947092078
s5_opposing_local,28,fixed_beta_0.20,0.2,0.5128892218922518
s5_opposing_local,28,fixed_beta_0.25,0.25,0.5129625938043083
s5_opposing_local,28,fixed_beta_0.30,0.3,0.5128785447323172
s5_opposing_local,28,fixed_beta_0.35,0.35,0.5127615821372579
s5_opposing_local,28,fixed_beta_0.40,0.4,0.5127104913745123
s5_opposing_local,28,fixed_beta_0.45,0.45,0.512833524552786
s5_opposing_local,28,fixed_beta_0.50,0.5,0.5129366068950642
s5_opposing_local,28,fixed_beta_0.55,0.55,0.5133969086314824
s5_opposing_local,28,fixed_beta_0.60,0.6,0.5140238725496623
s5_opposing_local,28,fixed_beta_0.65,0.65,0.5166376256850327
s5_opposing_local,28,fixed_beta_0.70,0.7,0.5162986574182438
s5_opposing_local,28,fixed_beta_0.75,0.75,0.5161640457964213
s5_opposing_local,28,fixed_beta_0.80,0.8,0.5168491081880424
s5_opposing_local,28,fixed_beta_0.85,0.85,0.518052714150328
s5_opposing_local,28,fixed_beta_0.90,0.9,0.5204468353623454
s5_opposing_local,28,fixed_beta_0.95,0.95,0.5248247378555397
s5_opposing_local,28,fixed_beta_1.00,1.0,0.533074243191838
s5_opposing_local,28,amgtp_adaptive,,0.5130414420339374
s5_opposing_local,28,m5b_smooth0.001,,0.5102422182993578
s5_opposing_local,28,m5b_smooth0.1,,0.5131597140270809
s5_opposing_local,28,ensemble3,,0.5110661070448476
s5_opposing_local,29,fixed_beta_0.00,0.0,0.4749803958429501
s5_opposing_local,29,fixed_beta_0.05,0.05,0.4757302022681646
s5_opposing_local,29,fixed_beta_0.10,0.1,0.4759374376161586
s5_opposing_local,29,fixed_beta_0.15,0.15,0.4763657441260492
s5_opposing_local,29,fixed_beta_0.20,0.2,0.4768613778344063
s5_opposing_local,29,fixed_beta_0.25,0.25,0.4772209000126575
s5_opposing_local,29,fixed_beta_0.30,0.3,0.4773720130239051
s5_opposing_local,29,fixed_beta_0.35,0.35,0.4776705636089215
s5_opposing_local,29,fixed_beta_0.40,0.4,0.4786267599101172
s5_opposing_local,29,fixed_beta_0.45,0.45,0.478999762933382
s5_opposing_local,29,fixed_beta_0.50,0.5,0.4793100882321728
s5_opposing_local,29,fixed_beta_0.55,0.55,0.4797256368626269
s5_opposing_local,29,fixed_beta_0.60,0.6,0.4805673545277255
s5_opposing_local,29,fixed_beta_0.65,0.65,0.4805813098682492
s5_opposing_local,29,fixed_beta_0.70,0.7,0.4806909534784768
s5_opposing_local,29,fixed_beta_0.75,0.75,0.4809616040532985
s5_opposing_local,29,fixed_beta_0.80,0.8,0.4815118501220301
s5_opposing_local,29,fixed_beta_0.85,0.85,0.4830630372636283
s5_opposing_local,29,fixed_beta_0.90,0.9,0.4858452099947668
s5_opposing_local,29,fixed_beta_0.95,0.95,0.4903977385832744
s5_opposing_local,29,fixed_beta_1.00,1.0,0.4979727898407006
s5_opposing_local,29,amgtp_adaptive,,0.4756784385906836
s5_opposing_local,29,m5b_smooth0.001,,0.4749560905940687
s5_opposing_local,29,m5b_smooth0.1,,0.4814029971560692
s5_opposing_local,29,ensemble3,,0.4758332117841728
s5_opposing_local,3,fixed_beta_0.00,0.0,0.4856464752126936
s5_opposing_local,3,fixed_beta_0.05,0.05,0.4858424245018227
s5_opposing_local,3,fixed_beta_0.10,0.1,0.485183489077636
s5_opposing_local,3,fixed_beta_0.15,0.15,0.4846709041119736
s5_opposing_local,3,fixed_beta_0.20,0.2,0.4845484131146161
s5_opposing_local,3,fixed_beta_0.25,0.25,0.4848716220448597
s5_opposing_local,3,fixed_beta_0.30,0.3,0.4849444946212241
s5_opposing_local,3,fixed_beta_0.35,0.35,0.4853177121233962
s5_opposing_local,3,fixed_beta_0.40,0.4,0.4860622388324774
s5_opposing_local,3,fixed_beta_0.45,0.45,0.4864244776656955
s5_opposing_local,3,fixed_beta_0.50,0.5,0.4865498086614068
s5_opposing_local,3,fixed_beta_0.55,0.55,0.4867290099453576
s5_opposing_local,3,fixed_beta_0.60,0.6,0.4871075253404592
s5_opposing_local,3,fixed_beta_0.65,0.65,0.4878678249961109
s5_opposing_local,3,fixed_beta_0.70,0.7,0.4888025756345449
s5_opposing_local,3,fixed_beta_0.75,0.75,0.4907094434443707
s5_opposing_local,3,fixed_beta_0.80,0.8,0.4923089305502245
s5_opposing_local,3,fixed_beta_0.85,0.85,0.4936820798881398
s5_opposing_local,3,fixed_beta_0.90,0.9,0.4965045341438811
s5_opposing_local,3,fixed_beta_0.95,0.95,0.5010741045699005
s5_opposing_local,3,fixed_beta_1.00,1.0,0.5083828152437134
s5_opposing_local,3,amgtp_adaptive,,0.4852044634808653
s5_opposing_local,3,m5b_smooth0.001,,0.4848555003006453
s5_opposing_local,3,m5b_smooth0.1,,0.4910447999256891
s5_opposing_local,3,ensemble3,,0.4862923996660598
s5_opposing_local,30,fixed_beta_0.00,0.0,0.4840464174274449
s5_opposing_local,30,fixed_beta_0.05,0.05,0.483972742489564
s5_opposing_local,30,fixed_beta_0.10,0.1,0.4837613433936031
s5_opposing_local,30,fixed_beta_0.15,0.15,0.4836948604276463
s5_opposing_local,30,fixed_beta_0.20,0.2,0.4839782812353247
s5_opposing_local,30,fixed_beta_0.25,0.25,0.4845867570748867
s5_opposing_local,30,fixed_beta_0.30,0.3,0.4851502020174762
s5_opposing_local,30,fixed_beta_0.35,0.35,0.4855968018217176
s5_opposing_local,30,fixed_beta_0.40,0.4,0.4880945136425538
s5_opposing_local,30,fixed_beta_0.45,0.45,0.4899029248332807
s5_opposing_local,30,fixed_beta_0.50,0.5,0.4903613025729503
s5_opposing_local,30,fixed_beta_0.55,0.55,0.4902589367371146
s5_opposing_local,30,fixed_beta_0.60,0.6,0.4897823088988688
s5_opposing_local,30,fixed_beta_0.65,0.65,0.4890474267183074
s5_opposing_local,30,fixed_beta_0.70,0.7,0.4888267696846334
s5_opposing_local,30,fixed_beta_0.75,0.75,0.4888557116958596
s5_opposing_local,30,fixed_beta_0.80,0.8,0.4893265280729077
s5_opposing_local,30,fixed_beta_0.85,0.85,0.4907413841675388
s5_opposing_local,30,fixed_beta_0.90,0.9,0.493255166503499
s5_opposing_local,30,fixed_beta_0.95,0.95,0.4974489728633058
s5_opposing_local,30,fixed_beta_1.00,1.0,0.5051666668534976
s5_opposing_local,30,amgtp_adaptive,,0.4831956008793772
s5_opposing_local,30,m5b_smooth0.001,,0.4839718049631922
s5_opposing_local,30,m5b_smooth0.1,,0.4869328297931964
s5_opposing_local,30,ensemble3,,0.4861983855509323
s5_opposing_local,31,fixed_beta_0.00,0.0,0.4922700075313402
s5_opposing_local,31,fixed_beta_0.05,0.05,0.492385129429412
s5_opposing_local,31,fixed_beta_0.10,0.1,0.4922464568436033
s5_opposing_local,31,fixed_beta_0.15,0.15,0.4914746845176796
s5_opposing_local,31,fixed_beta_0.20,0.2,0.4925883535567739
s5_opposing_local,31,fixed_beta_0.25,0.25,0.493637701488626
s5_opposing_local,31,fixed_beta_0.30,0.3,0.4938497558118774
s5_opposing_local,31,fixed_beta_0.35,0.35,0.4938146111686085
s5_opposing_local,31,fixed_beta_0.40,0.4,0.4929765559083348
s5_opposing_local,31,fixed_beta_0.45,0.45,0.4930875554206311
s5_opposing_local,31,fixed_beta_0.50,0.5,0.4939713639088328
s5_opposing_local,31,fixed_beta_0.55,0.55,0.4945656033265604
s5_opposing_local,31,fixed_beta_0.60,0.6,0.4952112986428647
s5_opposing_local,31,fixed_beta_0.65,0.65,0.4963057953078771
s5_opposing_local,31,fixed_beta_0.70,0.7,0.4967757594279892
s5_opposing_local,31,fixed_beta_0.75,0.75,0.4971357297683345
s5_opposing_local,31,fixed_beta_0.80,0.8,0.4978905399418172
s5_opposing_local,31,fixed_beta_0.85,0.85,0.4992649690629773
s5_opposing_local,31,fixed_beta_0.90,0.9,0.5021536991849957
s5_opposing_local,31,fixed_beta_0.95,0.95,0.5068538021153233
s5_opposing_local,31,fixed_beta_1.00,1.0,0.5145020303390769
s5_opposing_local,31,amgtp_adaptive,,0.495612649421904
s5_opposing_local,31,m5b_smooth0.001,,0.4907298680682975
s5_opposing_local,31,m5b_smooth0.1,,0.4976215283132442
s5_opposing_local,31,ensemble3,,0.4914736327217415
s5_opposing_local,4,fixed_beta_0.00,0.0,0.4904403529547389
s5_opposing_local,4,fixed_beta_0.05,0.05,0.4904381258123041
s5_opposing_local,4,fixed_beta_0.10,0.1,0.4905555640775111
s5_opposing_local,4,fixed_beta_0.15,0.15,0.491259555539255
s5_opposing_local,4,fixed_beta_0.20,0.2,0.4946753139416231
s5_opposing_local,4,fixed_beta_0.25,0.25,0.4964407473132397
s5_opposing_local,4,fixed_beta_0.30,0.3,0.4957237305783991
s5_opposing_local,4,fixed_beta_0.35,0.35,0.4960091363494913
s5_opposing_local,4,fixed_beta_0.40,0.4,0.4955382458436558
s5_opposing_local,4,fixed_beta_0.45,0.45,0.4971696386243733
s5_opposing_local,4,fixed_beta_0.50,0.5,0.4971608199573871
s5_opposing_local,4,fixed_beta_0.55,0.55,0.4967937534568241
s5_opposing_local,4,fixed_beta_0.60,0.6,0.4962565413292513
s5_opposing_local,4,fixed_beta_0.65,0.65,0.4965929777502657
s5_opposing_local,4,fixed_beta_0.70,0.7,0.4968079612158165
s5_opposing_local,4,fixed_beta_0.75,0.75,0.4971167766253256
s5_opposing_local,4,fixed_beta_0.80,0.8,0.4975385211849218
s5_opposing_local,4,fixed_beta_0.85,0.85,0.4989105333925737
s5_opposing_local,4,fixed_beta_0.90,0.9,0.5019674031305628
s5_opposing_local,4,fixed_beta_0.95,0.95,0.5067400766282849
s5_opposing_local,4,fixed_beta_1.00,1.0,0.5144386038302301
s5_opposing_local,4,amgtp_adaptive,,0.4943610944796262
s5_opposing_local,4,m5b_smooth0.001,,0.4900565756329729
s5_opposing_local,4,m5b_smooth0.1,,0.4949166916336169
s5_opposing_local,4,ensemble3,,0.4908896352582726
s6_mixed,0,fixed_beta_0.00,0.0,0.4187865944359747
s6_mixed,0,fixed_beta_0.05,0.05,0.4115419801312259
s6_mixed,0,fixed_beta_0.10,0.1,0.4090705109362192
s6_mixed,0,fixed_beta_0.15,0.15,0.4140238515796665
s6_mixed,0,fixed_beta_0.20,0.2,0.4186928926762536
s6_mixed,0,fixed_beta_0.25,0.25,0.4193172337285947
s6_mixed,0,fixed_beta_0.30,0.3,0.4114160023990726
s6_mixed,0,fixed_beta_0.35,0.35,0.4301200799104097
s6_mixed,0,fixed_beta_0.40,0.4,0.4258808526230181
s6_mixed,0,fixed_beta_0.45,0.45,0.4226008329595087
s6_mixed,0,fixed_beta_0.50,0.5,0.4202663562481182
s6_mixed,0,fixed_beta_0.55,0.55,0.4108205248735649
s6_mixed,0,fixed_beta_0.60,0.6,0.4126429216102508
s6_mixed,0,fixed_beta_0.65,0.65,0.4085803368450838
s6_mixed,0,fixed_beta_0.70,0.7,0.4042054707879554
s6_mixed,0,fixed_beta_0.75,0.75,0.404001485067602
s6_mixed,0,fixed_beta_0.80,0.8,0.4044488789756384
s6_mixed,0,fixed_beta_0.85,0.85,0.4051605298064891
s6_mixed,0,fixed_beta_0.90,0.9,0.4095284600696481
s6_mixed,0,fixed_beta_0.95,0.95,0.4113519524446421
s6_mixed,0,fixed_beta_1.00,1.0,0.4187647338079715
s6_mixed,0,amgtp_adaptive,,0.4110326662625251
s6_mixed,0,m5b_smooth0.001,,0.416963223414403
s6_mixed,0,m5b_smooth0.1,,0.3998307034487333
s6_mixed,0,ensemble3,,0.40399527208803
s6_mixed,1,fixed_beta_0.00,0.0,0.3928547093204957
s6_mixed,1,fixed_beta_0.05,0.05,0.3963026051814837
s6_mixed,1,fixed_beta_0.10,0.1,0.4049419794775602
s6_mixed,1,fixed_beta_0.15,0.15,0.4274663077913099
s6_mixed,1,fixed_beta_0.20,0.2,0.4250961902902655
s6_mixed,1,fixed_beta_0.25,0.25,0.4263586775353073
s6_mixed,1,fixed_beta_0.30,0.3,0.4268388367751721
s6_mixed,1,fixed_beta_0.35,0.35,0.4277031022824558
s6_mixed,1,fixed_beta_0.40,0.4,0.425347210637842
s6_mixed,1,fixed_beta_0.45,0.45,0.4223505890051811
s6_mixed,1,fixed_beta_0.50,0.5,0.418936734457502
s6_mixed,1,fixed_beta_0.55,0.55,0.4145857222105515
s6_mixed,1,fixed_beta_0.60,0.6,0.4107819950341347
s6_mixed,1,fixed_beta_0.65,0.65,0.4076247229229334
s6_mixed,1,fixed_beta_0.70,0.7,0.4052120774407385
s6_mixed,1,fixed_beta_0.75,0.75,0.4033228732955319
s6_mixed,1,fixed_beta_0.80,0.8,0.4021187120528204
s6_mixed,1,fixed_beta_0.85,0.85,0.4006217035813513
s6_mixed,1,fixed_beta_0.90,0.9,0.4001684816114982
s6_mixed,1,fixed_beta_0.95,0.95,0.4027475538681728
s6_mixed,1,fixed_beta_1.00,1.0,0.4115379103884182
s6_mixed,1,amgtp_adaptive,,0.3904235074418984
s6_mixed,1,m5b_smooth0.001,,0.3904502266409232
s6_mixed,1,m5b_smooth0.1,,0.3961109841740158
s6_mixed,1,ensemble3,,0.3922180382208899
s6_mixed,2,fixed_beta_0.00,0.0,0.4010697492346624
s6_mixed,2,fixed_beta_0.05,0.05,0.4043778509850637
s6_mixed,2,fixed_beta_0.10,0.1,0.4020990553984435
s6_mixed,2,fixed_beta_0.15,0.15,0.4064847714979166
s6_mixed,2,fixed_beta_0.20,0.2,0.4209856773334278
s6_mixed,2,fixed_beta_0.25,0.25,0.4221583735032552
s6_mixed,2,fixed_beta_0.30,0.3,0.4489734760173021
s6_mixed,2,fixed_beta_0.35,0.35,0.4608841041053965
s6_mixed,2,fixed_beta_0.40,0.4,0.4136334897874822
s6_mixed,2,fixed_beta_0.45,0.45,0.4223565645395569
s6_mixed,2,fixed_beta_0.50,0.5,0.4218440425998074
s6_mixed,2,fixed_beta_0.55,0.55,0.4227451248584845
s6_mixed,2,fixed_beta_0.60,0.6,0.4087156201780811
s6_mixed,2,fixed_beta_0.65,0.65,0.4112305026668137
s6_mixed,2,fixed_beta_0.70,0.7,0.4081138560949851
s6_mixed,2,fixed_beta_0.75,0.75,0.4219051194624681
s6_mixed,2,fixed_beta_0.80,0.8,0.4142703219756413
s6_mixed,2,fixed_beta_0.85,0.85,0.4211148132918177
s6_mixed,2,fixed_beta_0.90,0.9,0.416634659488847
s6_mixed,2,fixed_beta_0.95,0.95,0.4164515699970074
s6_mixed,2,fixed_beta_1.00,1.0,0.421822847023111
s6_mixed,2,amgtp_adaptive,,0.4147722917055546
s6_mixed,2,m5b_smooth0.001,,0.4210298465444075
s6_mixed,2,m5b_smooth0.1,,0.4215701998949226
s6_mixed,2,ensemble3,,0.4078346563878523
s6_mixed,20,fixed_beta_0.00,0.0,0.3797566924622052
s6_mixed,20,fixed_beta_0.05,0.05,0.3826938234909953
s6_mixed,20,fixed_beta_0.10,0.1,0.384566493796367
s6_mixed,20,fixed_beta_0.15,0.15,0.3844241118643778
s6_mixed,20,fixed_beta_0.20,0.2,0.3839156635698222
s6_mixed,20,fixed_beta_0.25,0.25,0.3845816500610812
s6_mixed,20,fixed_beta_0.30,0.3,0.3812509365592664
s6_mixed,20,fixed_beta_0.35,0.35,0.3875967216306012
s6_mixed,20,fixed_beta_0.40,0.4,0.3835338480740022
s6_mixed,20,fixed_beta_0.45,0.45,0.3835494453676332
s6_mixed,20,fixed_beta_0.50,0.5,0.3827789826883884
s6_mixed,20,fixed_beta_0.55,0.55,0.3818111051532239
s6_mixed,20,fixed_beta_0.60,0.6,0.3829933872387271
s6_mixed,20,fixed_beta_0.65,0.65,0.383335351961887
s6_mixed,20,fixed_beta_0.70,0.7,0.3835633752245164
s6_mixed,20,fixed_beta_0.75,0.75,0.3849078430699837
s6_mixed,20,fixed_beta_0.80,0.8,0.3868067668052892
s6_mixed,20,fixed_beta_0.85,0.85,0.3889420154985696
s6_mixed,20,fixed_beta_0.90,0.9,0.3906381605465234
s6_mixed,20,fixed_beta_0.95,0.95,0.3943119310106404
s6_mixed,20,fixed_beta_1.00,1.0,0.4031359575351688
s6_mixed,20,amgtp_adaptive,,0.3749461446845883
s6_mixed,20,m5b_smooth0.001,,0.3798924440063805
s6_mixed,20,m5b_smooth0.1,,0.3843504561863785
s6_mixed,20,ensemble3,,0.3795335433540246
s6_mixed,21,fixed_beta_0.00,0.0,0.4276986961635003
s6_mixed,21,fixed_beta_0.05,0.05,0.4317961639280682
s6_mixed,21,fixed_beta_0.10,0.1,0.4332014981411784
s6_mixed,21,fixed_beta_0.15,0.15,0.4333785035589709
s6_mixed,21,fixed_beta_0.20,0.2,0.4341159510243261
s6_mixed,21,fixed_beta_0.25,0.25,0.4302283871107891
s6_mixed,21,fixed_beta_0.30,0.3,0.4218248279004713
s6_mixed,21,fixed_beta_0.35,0.35,0.4154435200110069
s6_mixed,21,fixed_beta_0.40,0.4,0.4142232048098085
s6_mixed,21,fixed_beta_0.45,0.45,0.4240027533202827
s6_mixed,21,fixed_beta_0.50,0.5,0.4242790231935791
s6_mixed,21,fixed_beta_0.55,0.55,0.4217709346499126
s6_mixed,21,fixed_beta_0.60,0.6,0.4188632707368451
s6_mixed,21,fixed_beta_0.65,0.65,0.4156555435366876
s6_mixed,21,fixed_beta_0.70,0.7,0.3969016115795743
s6_mixed,21,fixed_beta_0.75,0.75,0.409007816819788
s6_mixed,21,fixed_beta_0.80,0.8,0.404441659182455
s6_mixed,21,fixed_beta_0.85,0.85,0.4031705723689582
s6_mixed,21,fixed_beta_0.90,0.9,0.4002670100661057
s6_mixed,21,fixed_beta_0.95,0.95,0.3999290911109159
s6_mixed,21,fixed_beta_1.00,1.0,0.4055431441350646
s6_mixed,21,amgtp_adaptive,,0.4285167044319845
s6_mixed,21,m5b_smooth0.001,,0.4318977809725755
s6_mixed,21,m5b_smooth0.1,,0.4126055138950662
s6_mixed,21,ensemble3,,0.4097591425545044
s6_mixed,22,fixed_beta_0.00,0.0,0.3695024140432082
s6_mixed,22,fixed_beta_0.05,0.05,0.3695254023129896
s6_mixed,22,fixed_beta_0.10,0.1,0.3696656202606834
s6_mixed,22,fixed_beta_0.15,0.15,0.3697793866729879
s6_mixed,22,fixed_beta_0.20,0.2,0.3699944427079886
s6_mixed,22,fixed_beta_0.25,0.25,0.3703568102223522
s6_mixed,22,fixed_beta_0.30,0.3,0.3710408562012583
s6_mixed,22,fixed_beta_0.35,0.35,0.3718513414516629
s6_mixed,22,fixed_beta_0.40,0.4,0.3728698078174701
s6_mixed,22,fixed_beta_0.45,0.45,0.3736930958166903
s6_mixed,22,fixed_beta_0.50,0.5,0.375901133246042
s6_mixed,22,fixed_beta_0.55,0.55,0.3768244916407359
s6_mixed,22,fixed_beta_0.60,0.6,0.3778170304120145
s6_mixed,22,fixed_beta_0.65,0.65,0.3787143885841393
s6_mixed,22,fixed_beta_0.70,0.7,0.3797793838833992
s6_mixed,22,fixed_beta_0.75,0.75,0.3800213770965435
s6_mixed,22,fixed_beta_0.80,0.8,0.3815980884681419
s6_mixed,22,fixed_beta_0.85,0.85,0.3841400506388993
s6_mixed,22,fixed_beta_0.90,0.9,0.3881401753687494
s6_mixed,22,fixed_beta_0.95,0.95,0.3961718157281934
s6_mixed,22,fixed_beta_1.00,1.0,0.4100084072651401
s6_mixed,22,amgtp_adaptive,,0.3712266648338809
s6_mixed,22,m5b_smooth0.001,,0.3696147007693114
s6_mixed,22,m5b_smooth0.1,,0.3831815596450785
s6_mixed,22,ensemble3,,0.3704807484833952
s6_mixed,23,fixed_beta_0.00,0.0,0.4598748389428152
s6_mixed,23,fixed_beta_0.05,0.05,0.4291705654339638
s6_mixed,23,fixed_beta_0.10,0.1,0.4299924197777343
s6_mixed,23,fixed_beta_0.15,0.15,0.4228609434116337
s6_mixed,23,fixed_beta_0.20,0.2,0.427914292819288
s6_mixed,23,fixed_beta_0.25,0.25,0.42653163388802
s6_mixed,23,fixed_beta_0.30,0.3,0.4298365519334554
s6_mixed,23,fixed_beta_0.35,0.35,0.4372393345093456
s6_mixed,23,fixed_beta_0.40,0.4,0.4299623355906229
s6_mixed,23,fixed_beta_0.45,0.45,0.4259727804564838
s6_mixed,23,fixed_beta_0.50,0.5,0.4388804541201218
s6_mixed,23,fixed_beta_0.55,0.55,0.4243389217023784
s6_mixed,23,fixed_beta_0.60,0.6,0.4112238578728476
s6_mixed,23,fixed_beta_0.65,0.65,0.4388723418156458
s6_mixed,23,fixed_beta_0.70,0.7,0.4210787256834766
s6_mixed,23,fixed_beta_0.75,0.75,0.4194522877037769
s6_mixed,23,fixed_beta_0.80,0.8,0.4245957214707855
s6_mixed,23,fixed_beta_0.85,0.85,0.419146780499718
s6_mixed,23,fixed_beta_0.90,0.9,0.417308816053526
s6_mixed,23,fixed_beta_0.95,0.95,0.4157377144473579
s6_mixed,23,fixed_beta_1.00,1.0,0.4210834916898398
s6_mixed,23,amgtp_adaptive,,0.4328607323237505
s6_mixed,23,m5b_smooth0.001,,0.4373798699291453
s6_mixed,23,m5b_smooth0.1,,0.425964203281418
s6_mixed,23,ensemble3,,0.4268940024713891
s6_mixed,24,fixed_beta_0.00,0.0,0.3771289646305804
s6_mixed,24,fixed_beta_0.05,0.05,0.3754854988566802
s6_mixed,24,fixed_beta_0.10,0.1,0.3781618653211129
s6_mixed,24,fixed_beta_0.15,0.15,0.3761539347820621
s6_mixed,24,fixed_beta_0.20,0.2,0.3754125435533407
s6_mixed,24,fixed_beta_0.25,0.25,0.3748786326595782
s6_mixed,24,fixed_beta_0.30,0.3,0.3737931773282619
s6_mixed,24,fixed_beta_0.35,0.35,0.3744043434575503
s6_mixed,24,fixed_beta_0.40,0.4,0.374293272753684
s6_mixed,24,fixed_beta_0.45,0.45,0.3737735025591702
s6_mixed,24,fixed_beta_0.50,0.5,0.3751784236260747
s6_mixed,24,fixed_beta_0.55,0.55,0.3745748979537092
s6_mixed,24,fixed_beta_0.60,0.6,0.3749984658878817
s6_mixed,24,fixed_beta_0.65,0.65,0.376260180084204
s6_mixed,24,fixed_beta_0.70,0.7,0.3767967563661628
s6_mixed,24,fixed_beta_0.75,0.75,0.3781349470043916
s6_mixed,24,fixed_beta_0.80,0.8,0.3798842694411862
s6_mixed,24,fixed_beta_0.85,0.85,0.382455156907846
s6_mixed,24,fixed_beta_0.90,0.9,0.3860811249681459
s6_mixed,24,fixed_beta_0.95,0.95,0.3915552750425744
s6_mixed,24,fixed_beta_1.00,1.0,0.3994575775877892
s6_mixed,24,amgtp_adaptive,,0.378324446542493
s6_mixed,24,m5b_smooth0.001,,0.3786349830886427
s6_mixed,24,m5b_smooth0.1,,0.3798728802697411
s6_mixed,24,ensemble3,,0.3783939997405273
s6_mixed,25,fixed_beta_0.00,0.0,0.371541196116907
s6_mixed,25,fixed_beta_0.05,0.05,0.3717056868561836
s6_mixed,25,fixed_beta_0.10,0.1,0.3718835454020382
s6_mixed,25,fixed_beta_0.15,0.15,0.3720496363338485
s6_mixed,25,fixed_beta_0.20,0.2,0.3723365690943698
s6_mixed,25,fixed_beta_0.25,0.25,0.3726511936223524
s6_mixed,25,fixed_beta_0.30,0.3,0.373056129050716
s6_mixed,25,fixed_beta_0.35,0.35,0.3734498734424751
s6_mixed,25,fixed_beta_0.40,0.4,0.3738672185469774
s6_mixed,25,fixed_beta_0.45,0.45,0.3745567426582271
s6_mixed,25,fixed_beta_0.50,0.5,0.3753455651557147
s6_mixed,25,fixed_beta_0.55,0.55,0.3763450493742102
s6_mixed,25,fixed_beta_0.60,0.6,0.3773458248966412
s6_mixed,25,fixed_beta_0.65,0.65,0.3784727156581633
s6_mixed,25,fixed_beta_0.70,0.7,0.3799203558435028
s6_mixed,25,fixed_beta_0.75,0.75,0.3818914618097652
s6_mixed,25,fixed_beta_0.80,0.8,0.3844714090969588
s6_mixed,25,fixed_beta_0.85,0.85,0.3880752838307313
s6_mixed,25,fixed_beta_0.90,0.9,0.3931600615096955
s6_mixed,25,fixed_beta_0.95,0.95,0.4014908580255218
s6_mixed,25,fixed_beta_1.00,1.0,0.4138849543267103
s6_mixed,25,amgtp_adaptive,,0.3724078390235255
s6_mixed,25,m5b_smooth0.001,,0.3715005843943864
s6_mixed,25,m5b_smooth0.1,,0.3851536194640771
s6_mixed,25,ensemble3,,0.372575389714161
s6_mixed,26,fixed_beta_0.00,0.0,0.3302105785006287
s6_mixed,26,fixed_beta_0.05,0.05,0.3304439162931575
s6_mixed,26,fixed_beta_0.10,0.1,0.3301832059477288
s6_mixed,26,fixed_beta_0.15,0.15,0.3299878738766116
s6_mixed,26,fixed_beta_0.20,0.2,0.3296907783400698
s6_mixed,26,fixed_beta_0.25,0.25,0.3293827565884533
s6_mixed,26,fixed_beta_0.30,0.3,0.3292136694442145
s6_mixed,26,fixed_beta_0.35,0.35,0.3291696226921213
s6_mixed,26,fixed_beta_0.40,0.4,0.3292151656192647
s6_mixed,26,fixed_beta_0.45,0.45,0.3285901291585561
s6_mixed,26,fixed_beta_0.50,0.5,0.3275790533755368
s6_mixed,26,fixed_beta_0.55,0.55,0.3280124518525716
s6_mixed,26,fixed_beta_0.60,0.6,0.3286618427296841
s6_mixed,26,fixed_beta_0.65,0.65,0.3283080757493922
s6_mixed,26,fixed_beta_0.70,0.7,0.3289753693188467
s6_mixed,26,fixed_beta_0.75,0.75,0.3303603498767119
s6_mixed,26,fixed_beta_0.80,0.8,0.3317390393419088
s6_mixed,26,fixed_beta_0.85,0.85,0.3348135289235764
s6_mixed,26,fixed_beta_0.90,0.9,0.3412890312314876
s6_mixed,26,fixed_beta_0.95,0.95,0.351219099887555
s6_mixed,26,fixed_beta_1.00,1.0,0.3654191279097824
s6_mixed,26,amgtp_adaptive,,0.3305270262912562
s6_mixed,26,m5b_smooth0.001,,0.3295095946214562
s6_mixed,26,m5b_smooth0.1,,0.3392427580364645
s6_mixed,26,ensemble3,,0.3312862202996212
s6_mixed,27,fixed_beta_0.00,0.0,0.4403267789806309
s6_mixed,27,fixed_beta_0.05,0.05,0.4533905746319331
s6_mixed,27,fixed_beta_0.10,0.1,0.4493264373596141
s6_mixed,27,fixed_beta_0.15,0.15,0.4505629492096524
s6_mixed,27,fixed_beta_0.20,0.2,0.4474909805887757
s6_mixed,27,fixed_beta_0.25,0.25,0.4476889160641001
s6_mixed,27,fixed_beta_0.30,0.3,0.4353103932443362
s6_mixed,27,fixed_beta_0.35,0.35,0.4648518467734993
s6_mixed,27,fixed_beta_0.40,0.4,0.4433555733000162
s6_mixed,27,fixed_beta_0.45,0.45,0.437647439225229
s6_mixed,27,fixed_beta_0.50,0.5,0.4436784082112103
s6_mixed,27,fixed_beta_0.55,0.55,0.4429730987613978
s6_mixed,27,fixed_beta_0.60,0.6,0.4401596978812243
s6_mixed,27,fixed_beta_0.65,0.65,0.4374253798518525
s6_mixed,27,fixed_beta_0.70,0.7,0.4345075918247753
s6_mixed,27,fixed_beta_0.75,0.75,0.4284716517324229
s6_mixed,27,fixed_beta_0.80,0.8,0.4487181400048897
s6_mixed,27,fixed_beta_0.85,0.85,0.4365240903634587
s6_mixed,27,fixed_beta_0.90,0.9,0.4308494956939525
s6_mixed,27,fixed_beta_0.95,0.95,0.4336307096839289
s6_mixed,27,fixed_beta_1.00,1.0,0.4412908033230946
s6_mixed,27,amgtp_adaptive,,0.4336113996256773
s6_mixed,27,m5b_smooth0.001,,0.4503686302846386
s6_mixed,27,m5b_smooth0.1,,0.4282663206033305
s6_mixed,27,ensemble3,,0.4302826100782179
s6_mixed,28,fixed_beta_0.00,0.0,0.4247755173731177
s6_mixed,28,fixed_beta_0.05,0.05,0.4252617887386939
s6_mixed,28,fixed_beta_0.10,0.1,0.4256812440786189
s6_mixed,28,fixed_beta_0.15,0.15,0.4256876703567568
s6_mixed,28,fixed_beta_0.20,0.2,0.4249588705777175
s6_mixed,28,fixed_beta_0.25,0.25,0.4227052252194443
s6_mixed,28,fixed_beta_0.30,0.3,0.4179439567241773
s6_mixed,28,fixed_beta_0.35,0.35,0.4146651991463399
s6_mixed,28,fixed_beta_0.40,0.4,0.4192616256122116
s6_mixed,28,fixed_beta_0.45,0.45,0.4275091936576816
s6_mixed,28,fixed_beta_0.50,0.5,0.4255267482322586
s6_mixed,28,fixed_beta_0.55,0.55,0.422086531788294
s6_mixed,28,fixed_beta_0.60,0.6,0.4306891104944464
s6_mixed,28,fixed_beta_0.65,0.65,0.4217941338828171
s6_mixed,28,fixed_beta_0.70,0.7,0.422857787551551
s6_mixed,28,fixed_beta_0.75,0.75,0.4246981905058244
s6_mixed,28,fixed_beta_0.80,0.8,0.4219577414435478
s6_mixed,28,fixed_beta_0.85,0.85,0.4146244000665394
s6_mixed,28,fixed_beta_0.90,0.9,0.4136600141988452
s6_mixed,28,fixed_beta_0.95,0.95,0.41323160854551
s6_mixed,28,fixed_beta_1.00,1.0,0.4187065654020354
s6_mixed,28,amgtp_adaptive,,0.4230910567859477
s6_mixed,28,m5b_smooth0.001,,0.4198413486059573
s6_mixed,28,m5b_smooth0.1,,0.446010842614495
s6_mixed,28,ensemble3,,0.453922326996597
s6_mixed,29,fixed_beta_0.00,0.0,0.433206866050438
s6_mixed,29,fixed_beta_0.05,0.05,0.4513017337638339
s6_mixed,29,fixed_beta_0.10,0.1,0.4829065686552275
s6_mixed,29,fixed_beta_0.15,0.15,0.4481652963530507
s6_mixed,29,fixed_beta_0.20,0.2,0.4442741975631782
s6_mixed,29,fixed_beta_0.25,0.25,0.4502845563766038
s6_mixed,29,fixed_beta_0.30,0.3,0.4612697732278453
s6_mixed,29,fixed_beta_0.35,0.35,0.4543719695018199
s6_mixed,29,fixed_beta_0.40,0.4,0.4379148197482769
s6_mixed,29,fixed_beta_0.45,0.45,0.4614134923212917
s6_mixed,29,fixed_beta_0.50,0.5,0.4627891374991139
s6_mixed,29,fixed_beta_0.55,0.55,0.4607827274434899
s6_mixed,29,fixed_beta_0.60,0.6,0.4678099611416484
s6_mixed,29,fixed_beta_0.65,0.65,0.4578196288428326
s6_mixed,29,fixed_beta_0.70,0.7,0.4574641037476291
s6_mixed,29,fixed_beta_0.75,0.75,0.434204598539065
s6_mixed,29,fixed_beta_0.80,0.8,0.4366897079473551
s6_mixed,29,fixed_beta_0.85,0.85,0.4356492252896295
s6_mixed,29,fixed_beta_0.90,0.9,0.4282649518192714
s6_mixed,29,fixed_beta_0.95,0.95,0.4291578979128563
s6_mixed,29,fixed_beta_1.00,1.0,0.4345787993301356
s6_mixed,29,amgtp_adaptive,,0.4298258205848991
s6_mixed,29,m5b_smooth0.001,,0.4336326142485713
s6_mixed,29,m5b_smooth0.1,,0.434839052774201
s6_mixed,29,ensemble3,,0.4337897978940504
s6_mixed,3,fixed_beta_0.00,0.0,0.4202014953356044
s6_mixed,3,fixed_beta_0.05,0.05,0.4250261491033164
s6_mixed,3,fixed_beta_0.10,0.1,0.4060962776181727
s6_mixed,3,fixed_beta_0.15,0.15,0.4171366132313491
s6_mixed,3,fixed_beta_0.20,0.2,0.4100672747828633
s6_mixed,3,fixed_beta_0.25,0.25,0.4177516776246534
s6_mixed,3,fixed_beta_0.30,0.3,0.4841289174752945
s6_mixed,3,fixed_beta_0.35,0.35,0.458080341768543
s6_mixed,3,fixed_beta_0.40,0.4,0.4788657753254676
s6_mixed,3,fixed_beta_0.45,0.45,0.4142830528184748
s6_mixed,3,fixed_beta_0.50,0.5,0.4732210221284536
s6_mixed,3,fixed_beta_0.55,0.55,0.4349123139781286
s6_mixed,3,fixed_beta_0.60,0.6,0.4413384184533722
s6_mixed,3,fixed_beta_0.65,0.65,0.4065176348014387
s6_mixed,3,fixed_beta_0.70,0.7,0.4061714737218107
s6_mixed,3,fixed_beta_0.75,0.75,0.4218897179840722
s6_mixed,3,fixed_beta_0.80,0.8,0.4163264109076864
s6_mixed,3,fixed_beta_0.85,0.85,0.4120815606420985
s6_mixed,3,fixed_beta_0.90,0.9,0.4112216152302762
s6_mixed,3,fixed_beta_0.95,0.95,0.4137008132419559
s6_mixed,3,fixed_beta_1.00,1.0,0.4232956941661003
s6_mixed,3,amgtp_adaptive,,0.4159530961898063
s6_mixed,3,m5b_smooth0.001,,0.4203663922753705
s6_mixed,3,m5b_smooth0.1,,0.4110905522247988
s6_mixed,3,ensemble3,,0.4112051619502222
s6_mixed,30,fixed_beta_0.00,0.0,0.3836112954325761
s6_mixed,30,fixed_beta_0.05,0.05,0.3836007031510329
s6_mixed,30,fixed_beta_0.10,0.1,0.382851912249777
s6_mixed,30,fixed_beta_0.15,0.15,0.3815280282619059
s6_mixed,30,fixed_beta_0.20,0.2,0.3804959425574421
s6_mixed,30,fixed_beta_0.25,0.25,0.3819404423446264
s6_mixed,30,fixed_beta_0.30,0.3,0.3828912660512904
s6_mixed,30,fixed_beta_0.35,0.35,0.3826801568697123
s6_mixed,30,fixed_beta_0.40,0.4,0.3822211255435505
s6_mixed,30,fixed_beta_0.45,0.45,0.3820701009179371
s6_mixed,30,fixed_beta_0.50,0.5,0.3825204715084666
s6_mixed,30,fixed_beta_0.55,0.55,0.3822989733732932
s6_mixed,30,fixed_beta_0.60,0.6,0.3808374760260317
s6_mixed,30,fixed_beta_0.65,0.65,0.3806880350277126
s6_mixed,30,fixed_beta_0.70,0.7,0.3811938648492682
s6_mixed,30,fixed_beta_0.75,0.75,0.3820868706777503
s6_mixed,30,fixed_beta_0.80,0.8,0.3840517285530483
s6_mixed,30,fixed_beta_0.85,0.85,0.3866734939959979
s6_mixed,30,fixed_beta_0.90,0.9,0.390699573305688
s6_mixed,30,fixed_beta_0.95,0.95,0.3993921205603183
s6_mixed,30,fixed_beta_1.00,1.0,0.4157143545058782
s6_mixed,30,amgtp_adaptive,,0.3754397138956351
s6_mixed,30,m5b_smooth0.001,,0.384536224217783
s6_mixed,30,m5b_smooth0.1,,0.3862541450996521
s6_mixed,30,ensemble3,,0.3827008360543878
s6_mixed,31,fixed_beta_0.00,0.0,0.4061617731331984
s6_mixed,31,fixed_beta_0.05,0.05,0.4125245635507975
s6_mixed,31,fixed_beta_0.10,0.1,0.4084891602157884
s6_mixed,31,fixed_beta_0.15,0.15,0.4114173708569108
s6_mixed,31,fixed_beta_0.20,0.2,0.4177608710663527
s6_mixed,31,fixed_beta_0.25,0.25,0.4128827876125576
s6_mixed,31,fixed_beta_0.30,0.3,0.4084494669243255
s6_mixed,31,fixed_beta_0.35,0.35,0.4084565034111125
s6_mixed,31,fixed_beta_0.40,0.4,0.4348356019999851
s6_mixed,31,fixed_beta_0.45,0.45,0.4185121556765187
s6_mixed,31,fixed_beta_0.50,0.5,0.4076570475098005
s6_mixed,31,fixed_beta_0.55,0.55,0.4217714285960832
s6_mixed,31,fixed_beta_0.60,0.6,0.4268519617840814
s6_mixed,31,fixed_beta_0.65,0.65,0.4264410168417605
s6_mixed,31,fixed_beta_0.70,0.7,0.4151340239064469
s6_mixed,31,fixed_beta_0.75,0.75,0.408289458154179
s6_mixed,31,fixed_beta_0.80,0.8,0.4067573906393486
s6_mixed,31,fixed_beta_0.85,0.85,0.4094631329411625
s6_mixed,31,fixed_beta_0.90,0.9,0.4077483609387592
s6_mixed,31,fixed_beta_0.95,0.95,0.4084529198590578
s6_mixed,31,fixed_beta_1.00,1.0,0.4160302432091216
s6_mixed,31,amgtp_adaptive,,0.4188701182321422
s6_mixed,31,m5b_smooth0.001,,0.4112881568921646
s6_mixed,31,m5b_smooth0.1,,0.4170701567986939
s6_mixed,31,ensemble3,,0.4306635228808587
s6_mixed,4,fixed_beta_0.00,0.0,0.3535935244920978
s6_mixed,4,fixed_beta_0.05,0.05,0.3536660615025482
s6_mixed,4,fixed_beta_0.10,0.1,0.3537459698442081
s6_mixed,4,fixed_beta_0.15,0.15,0.3538346792614409
s6_mixed,4,fixed_beta_0.20,0.2,0.3539328042969889
s6_mixed,4,fixed_beta_0.25,0.25,0.3540424211389045
s6_mixed,4,fixed_beta_0.30,0.3,0.3541660826881855
s6_mixed,4,fixed_beta_0.35,0.35,0.3543068040137847
s6_mixed,4,fixed_beta_0.40,0.4,0.3544688169573513
s6_mixed,4,fixed_beta_0.45,0.45,0.3546562550196737
s6_mixed,4,fixed_beta_0.50,0.5,0.3548793870603909
s6_mixed,4,fixed_beta_0.55,0.55,0.3551611708605285
s6_mixed,4,fixed_beta_0.60,0.6,0.355494176859675
s6_mixed,4,fixed_beta_0.65,0.65,0.3559078000495804
s6_mixed,4,fixed_beta_0.70,0.7,0.3564559813536416
s6_mixed,4,fixed_beta_0.75,0.75,0.3572331995299505
s6_mixed,4,fixed_beta_0.80,0.8,0.3584298732836567
s6_mixed,4,fixed_beta_0.85,0.85,0.360410508771336
s6_mixed,4,fixed_beta_0.90,0.9,0.364075937847184
s6_mixed,4,fixed_beta_0.95,0.95,0.3716610584814028
s6_mixed,4,fixed_beta_1.00,1.0,0.3830704801724438
s6_mixed,4,amgtp_adaptive,,0.3546992435970562
s6_mixed,4,m5b_smooth0.001,,0.3535761801579338
s6_mixed,4,m5b_smooth0.1,,0.3620829086718539
s6_mixed,4,ensemble3,,0.3545947823664636
s7_opposing_recurring,0,fixed_beta_0.00,0.0,0.4228925680165093
s7_opposing_recurring,0,fixed_beta_0.05,0.05,0.422815680728909
s7_opposing_recurring,0,fixed_beta_0.10,0.1,0.4230351661845616
s7_opposing_recurring,0,fixed_beta_0.15,0.15,0.423289566292675
s7_opposing_recurring,0,fixed_beta_0.20,0.2,0.4233119881803514
s7_opposing_recurring,0,fixed_beta_0.25,0.25,0.4230463045380939
s7_opposing_recurring,0,fixed_beta_0.30,0.3,0.4234003515869001
s7_opposing_recurring,0,fixed_beta_0.35,0.35,0.4233780578688499
s7_opposing_recurring,0,fixed_beta_0.40,0.4,0.4228215454224343
s7_opposing_recurring,0,fixed_beta_0.45,0.45,0.4225102307696328
s7_opposing_recurring,0,fixed_beta_0.50,0.5,0.4220985989239556
s7_opposing_recurring,0,fixed_beta_0.55,0.55,0.4217970955294398
s7_opposing_recurring,0,fixed_beta_0.60,0.6,0.4221548682268768
s7_opposing_recurring,0,fixed_beta_0.65,0.65,0.4225290926725971
s7_opposing_recurring,0,fixed_beta_0.70,0.7,0.4240588374202143
s7_opposing_recurring,0,fixed_beta_0.75,0.75,0.4259074896590142
s7_opposing_recurring,0,fixed_beta_0.80,0.8,0.4259627891006315
s7_opposing_recurring,0,fixed_beta_0.85,0.85,0.4252770132295099
s7_opposing_recurring,0,fixed_beta_0.90,0.9,0.426027074104871
s7_opposing_recurring,0,fixed_beta_0.95,0.95,0.4294480561589581
s7_opposing_recurring,0,fixed_beta_1.00,1.0,0.4370003174872807
s7_opposing_recurring,0,amgtp_adaptive,,0.4229138133842526
s7_opposing_recurring,0,m5b_smooth0.001,,0.4227884842119151
s7_opposing_recurring,0,m5b_smooth0.1,,0.4193054805029734
s7_opposing_recurring,0,ensemble3,,0.4204138470835276
s7_opposing_recurring,1,fixed_beta_0.00,0.0,0.427500769462645
s7_opposing_recurring,1,fixed_beta_0.05,0.05,0.4272785581612814
s7_opposing_recurring,1,fixed_beta_0.10,0.1,0.4278440328128119
s7_opposing_recurring,1,fixed_beta_0.15,0.15,0.4272615891220205
s7_opposing_recurring,1,fixed_beta_0.20,0.2,0.4274986662790465
s7_opposing_recurring,1,fixed_beta_0.25,0.25,0.4269588192417762
s7_opposing_recurring,1,fixed_beta_0.30,0.3,0.4277476740234141
s7_opposing_recurring,1,fixed_beta_0.35,0.35,0.4282635045136176
s7_opposing_recurring,1,fixed_beta_0.40,0.4,0.4275088336785418
s7_opposing_recurring,1,fixed_beta_0.45,0.45,0.426555756926038
s7_opposing_recurring,1,fixed_beta_0.50,0.5,0.4265419010282646
s7_opposing_recurring,1,fixed_beta_0.55,0.55,0.426467645698934
s7_opposing_recurring,1,fixed_beta_0.60,0.6,0.4267479566151013
s7_opposing_recurring,1,fixed_beta_0.65,0.65,0.4278593597214709
s7_opposing_recurring,1,fixed_beta_0.70,0.7,0.4286771157052958
s7_opposing_recurring,1,fixed_beta_0.75,0.75,0.4298821797650656
s7_opposing_recurring,1,fixed_beta_0.80,0.8,0.4307630072535187
s7_opposing_recurring,1,fixed_beta_0.85,0.85,0.4303786542851832
s7_opposing_recurring,1,fixed_beta_0.90,0.9,0.4310370964763508
s7_opposing_recurring,1,fixed_beta_0.95,0.95,0.4348617272265736
s7_opposing_recurring,1,fixed_beta_1.00,1.0,0.4425884139627241
s7_opposing_recurring,1,amgtp_adaptive,,0.4280424336535678
s7_opposing_recurring,1,m5b_smooth0.001,,0.4278127245396581
s7_opposing_recurring,1,m5b_smooth0.1,,0.4242488777158926
s7_opposing_recurring,1,ensemble3,,0.4246946365397966
s7_opposing_recurring,2,fixed_beta_0.00,0.0,0.4269098061909006
s7_opposing_recurring,2,fixed_beta_0.05,0.05,0.4278200929683544
s7_opposing_recurring,2,fixed_beta_0.10,0.1,0.4283474009883132
s7_opposing_recurring,2,fixed_beta_0.15,0.15,0.4276124146270691
s7_opposing_recurring,2,fixed_beta_0.20,0.2,0.4270298464420177
s7_opposing_recurring,2,fixed_beta_0.25,0.25,0.4274676369536557
s7_opposing_recurring,2,fixed_beta_0.30,0.3,0.4279537060077881
s7_opposing_recurring,2,fixed_beta_0.35,0.35,0.4272352141936993
s7_opposing_recurring,2,fixed_beta_0.40,0.4,0.4300064130897779
s7_opposing_recurring,2,fixed_beta_0.45,0.45,0.4272294775638247
s7_opposing_recurring,2,fixed_beta_0.50,0.5,0.4270863500983178
s7_opposing_recurring,2,fixed_beta_0.55,0.55,0.4290385459363552
s7_opposing_recurring,2,fixed_beta_0.60,0.6,0.4299503834706433
s7_opposing_recurring,2,fixed_beta_0.65,0.65,0.4285719841134918
s7_opposing_recurring,2,fixed_beta_0.70,0.7,0.4297946670141776
s7_opposing_recurring,2,fixed_beta_0.75,0.75,0.4314130685611448
s7_opposing_recurring,2,fixed_beta_0.80,0.8,0.4310714152085297
s7_opposing_recurring,2,fixed_beta_0.85,0.85,0.4311208721454377
s7_opposing_recurring,2,fixed_beta_0.90,0.9,0.4313596560918143
s7_opposing_recurring,2,fixed_beta_0.95,0.95,0.4359384762526442
s7_opposing_recurring,2,fixed_beta_1.00,1.0,0.4436786626093701
s7_opposing_recurring,2,amgtp_adaptive,,0.4277139634262011
s7_opposing_recurring,2,m5b_smooth0.001,,0.4267845605848723
s7_opposing_recurring,2,m5b_smooth0.1,,0.4238154408601558
s7_opposing_recurring,2,ensemble3,,0.4242253380478494
s7_opposing_recurring,20,fixed_beta_0.00,0.0,0.3996859585284383
s7_opposing_recurring,20,fixed_beta_0.05,0.05,0.3995473534457012
s7_opposing_recurring,20,fixed_beta_0.10,0.1,0.3991687508992925
s7_opposing_recurring,20,fixed_beta_0.15,0.15,0.399835173534728
s7_opposing_recurring,20,fixed_beta_0.20,0.2,0.3989259747544175
s7_opposing_recurring,20,fixed_beta_0.25,0.25,0.3989807719620006
s7_opposing_recurring,20,fixed_beta_0.30,0.3,0.3989323589378417
s7_opposing_recurring,20,fixed_beta_0.35,0.35,0.3987174847461406
s7_opposing_recurring,20,fixed_beta_0.40,0.4,0.3986749364934907
s7_opposing_recurring,20,fixed_beta_0.45,0.45,0.3984974906846175
s7_opposing_recurring,20,fixed_beta_0.50,0.5,0.3985476879537473
s7_opposing_recurring,20,fixed_beta_0.55,0.55,0.3989261183340639
s7_opposing_recurring,20,fixed_beta_0.60,0.6,0.4000161979347685
s7_opposing_recurring,20,fixed_beta_0.65,0.65,0.4008507350004362
s7_opposing_recurring,20,fixed_beta_0.70,0.7,0.4013874192642443
s7_opposing_recurring,20,fixed_beta_0.75,0.75,0.402078138950079
s7_opposing_recurring,20,fixed_beta_0.80,0.8,0.4026005770687114
s7_opposing_recurring,20,fixed_beta_0.85,0.85,0.4013797391428195
s7_opposing_recurring,20,fixed_beta_0.90,0.9,0.4041251293970511
s7_opposing_recurring,20,fixed_beta_0.95,0.95,0.4068074418289181
s7_opposing_recurring,20,fixed_beta_1.00,1.0,0.4141232733215944
s7_opposing_recurring,20,amgtp_adaptive,,0.400416857995536
s7_opposing_recurring,20,m5b_smooth0.001,,0.399306895359311
s7_opposing_recurring,20,m5b_smooth0.1,,0.3965807408754193
s7_opposing_recurring,20,ensemble3,,0.3969261132304505
s7_opposing_recurring,21,fixed_beta_0.00,0.0,0.4359481966692931
s7_opposing_recurring,21,fixed_beta_0.05,0.05,0.436071260001858
s7_opposing_recurring,21,fixed_beta_0.10,0.1,0.4356947202701988
s7_opposing_recurring,21,fixed_beta_0.15,0.15,0.4357164421007499
s7_opposing_recurring,21,fixed_beta_0.20,0.2,0.4357080865526953
s7_opposing_recurring,21,fixed_beta_0.25,0.25,0.4366342695097117
s7_opposing_recurring,21,fixed_beta_0.30,0.3,0.4363954870906689
s7_opposing_recurring,21,fixed_beta_0.35,0.35,0.4365083109643798
s7_opposing_recurring,21,fixed_beta_0.40,0.4,0.4364555654640247
s7_opposing_recurring,21,fixed_beta_0.45,0.45,0.4354150311124153
s7_opposing_recurring,21,fixed_beta_0.50,0.5,0.4358665012624171
s7_opposing_recurring,21,fixed_beta_0.55,0.55,0.4362411891752624
s7_opposing_recurring,21,fixed_beta_0.60,0.6,0.4360649132674331
s7_opposing_recurring,21,fixed_beta_0.65,0.65,0.4367061188102242
s7_opposing_recurring,21,fixed_beta_0.70,0.7,0.4386490351347001
s7_opposing_recurring,21,fixed_beta_0.75,0.75,0.4387619111607939
s7_opposing_recurring,21,fixed_beta_0.80,0.8,0.4395106276970174
s7_opposing_recurring,21,fixed_beta_0.85,0.85,0.4392423218607376
s7_opposing_recurring,21,fixed_beta_0.90,0.9,0.4402338984634193
s7_opposing_recurring,21,fixed_beta_0.95,0.95,0.4442617589599188
s7_opposing_recurring,21,fixed_beta_1.00,1.0,0.4523928385770642
s7_opposing_recurring,21,amgtp_adaptive,,0.436463775016182
s7_opposing_recurring,21,m5b_smooth0.001,,0.4365573032662646
s7_opposing_recurring,21,m5b_smooth0.1,,0.4330753323054901
s7_opposing_recurring,21,ensemble3,,0.4338955807931979
s7_opposing_recurring,22,fixed_beta_0.00,0.0,0.4367788311908145
s7_opposing_recurring,22,fixed_beta_0.05,0.05,0.4369522299986642
s7_opposing_recurring,22,fixed_beta_0.10,0.1,0.4372668258632631
s7_opposing_recurring,22,fixed_beta_0.15,0.15,0.4372404312092921
s7_opposing_recurring,22,fixed_beta_0.20,0.2,0.4375138981591789
s7_opposing_recurring,22,fixed_beta_0.25,0.25,0.437404043801124
s7_opposing_recurring,22,fixed_beta_0.30,0.3,0.4378955672204916
s7_opposing_recurring,22,fixed_beta_0.35,0.35,0.4376119918848807
s7_opposing_recurring,22,fixed_beta_0.40,0.4,0.4373023411150271
s7_opposing_recurring,22,fixed_beta_0.45,0.45,0.4383020100068354
s7_opposing_recurring,22,fixed_beta_0.50,0.5,0.4369765246878839
s7_opposing_recurring,22,fixed_beta_0.55,0.55,0.4373901091257861
s7_opposing_recurring,22,fixed_beta_0.60,0.6,0.4371041769604408
s7_opposing_recurring,22,fixed_beta_0.65,0.65,0.4373769829661846
s7_opposing_recurring,22,fixed_beta_0.70,0.7,0.4381483622196069
s7_opposing_recurring,22,fixed_beta_0.75,0.75,0.4396531376788645
s7_opposing_recurring,22,fixed_beta_0.80,0.8,0.4406764918262511
s7_opposing_recurring,22,fixed_beta_0.85,0.85,0.4401687191250168
s7_opposing_recurring,22,fixed_beta_0.90,0.9,0.4407574904148979
s7_opposing_recurring,22,fixed_beta_0.95,0.95,0.4452162218065032
s7_opposing_recurring,22,fixed_beta_1.00,1.0,0.4534371537996781
s7_opposing_recurring,22,amgtp_adaptive,,0.4376846557662096
s7_opposing_recurring,22,m5b_smooth0.001,,0.4367627307059616
s7_opposing_recurring,22,m5b_smooth0.1,,0.436870272279374
s7_opposing_recurring,22,ensemble3,,0.4356347261561812
s7_opposing_recurring,23,fixed_beta_0.00,0.0,0.4418724315164861
s7_opposing_recurring,23,fixed_beta_0.05,0.05,0.441444309889459
s7_opposing_recurring,23,fixed_beta_0.10,0.1,0.4411230622940818
s7_opposing_recurring,23,fixed_beta_0.15,0.15,0.4409604582752617
s7_opposing_recurring,23,fixed_beta_0.20,0.2,0.4414784679674642
s7_opposing_recurring,23,fixed_beta_0.25,0.25,0.4420541567151257
s7_opposing_recurring,23,fixed_beta_0.30,0.3,0.4412802781010833
s7_opposing_recurring,23,fixed_beta_0.35,0.35,0.4413045345311607
s7_opposing_recurring,23,fixed_beta_0.40,0.4,0.4420915980082003
s7_opposing_recurring,23,fixed_beta_0.45,0.45,0.4419046531828642
s7_opposing_recurring,23,fixed_beta_0.50,0.5,0.4416514919255672
s7_opposing_recurring,23,fixed_beta_0.55,0.55,0.44092827430972
s7_opposing_recurring,23,fixed_beta_0.60,0.6,0.4407151543057011
s7_opposing_recurring,23,fixed_beta_0.65,0.65,0.4410145656923297
s7_opposing_recurring,23,fixed_beta_0.70,0.7,0.4417121944243575
s7_opposing_recurring,23,fixed_beta_0.75,0.75,0.4433671002737028
s7_opposing_recurring,23,fixed_beta_0.80,0.8,0.4445311454244757
s7_opposing_recurring,23,fixed_beta_0.85,0.85,0.4443412656622975
s7_opposing_recurring,23,fixed_beta_0.90,0.9,0.4450914322543704
s7_opposing_recurring,23,fixed_beta_0.95,0.95,0.4489391701929998
s7_opposing_recurring,23,fixed_beta_1.00,1.0,0.4572592053043667
s7_opposing_recurring,23,amgtp_adaptive,,0.4411865387610352
s7_opposing_recurring,23,m5b_smooth0.001,,0.4408719216905622
s7_opposing_recurring,23,m5b_smooth0.1,,0.4380205192614276
s7_opposing_recurring,23,ensemble3,,0.4380873240073432
s7_opposing_recurring,24,fixed_beta_0.00,0.0,0.4350393763333515
s7_opposing_recurring,24,fixed_beta_0.05,0.05,0.4344813387739266
s7_opposing_recurring,24,fixed_beta_0.10,0.1,0.4353928486682468
s7_opposing_recurring,24,fixed_beta_0.15,0.15,0.4352556407268643
s7_opposing_recurring,24,fixed_beta_0.20,0.2,0.4348644650848557
s7_opposing_recurring,24,fixed_beta_0.25,0.25,0.4342535210013805
s7_opposing_recurring,24,fixed_beta_0.30,0.3,0.4340364404906238
s7_opposing_recurring,24,fixed_beta_0.35,0.35,0.43411980311915
s7_opposing_recurring,24,fixed_beta_0.40,0.4,0.4340753537541938
s7_opposing_recurring,24,fixed_beta_0.45,0.45,0.4341012868936565
s7_opposing_recurring,24,fixed_beta_0.50,0.5,0.4341373171706711
s7_opposing_recurring,24,fixed_beta_0.55,0.55,0.4342029402856588
s7_opposing_recurring,24,fixed_beta_0.60,0.6,0.4344745275486636
s7_opposing_recurring,24,fixed_beta_0.65,0.65,0.4348784709485928
s7_opposing_recurring,24,fixed_beta_0.70,0.7,0.4356409705663998
s7_opposing_recurring,24,fixed_beta_0.75,0.75,0.436642091199942
s7_opposing_recurring,24,fixed_beta_0.80,0.8,0.4372395782710234
s7_opposing_recurring,24,fixed_beta_0.85,0.85,0.4371402358335471
s7_opposing_recurring,24,fixed_beta_0.90,0.9,0.4384272478638796
s7_opposing_recurring,24,fixed_beta_0.95,0.95,0.4423815786494548
s7_opposing_recurring,24,fixed_beta_1.00,1.0,0.4502186223679818
s7_opposing_recurring,24,amgtp_adaptive,,0.4345433615987421
s7_opposing_recurring,24,m5b_smooth0.001,,0.4348154001463571
s7_opposing_recurring,24,m5b_smooth0.1,,0.4319546948632039
s7_opposing_recurring,24,ensemble3,,0.4324840049244041
s7_opposing_recurring,25,fixed_beta_0.00,0.0,0.4559746008772683
s7_opposing_recurring,25,fixed_beta_0.05,0.05,0.4559891602638772
s7_opposing_recurring,25,fixed_beta_0.10,0.1,0.4559214525474744
s7_opposing_recurring,25,fixed_beta_0.15,0.15,0.4556899923131674
s7_opposing_recurring,25,fixed_beta_0.20,0.2,0.4551291920993136
s7_opposing_recurring,25,fixed_beta_0.25,0.25,0.4557433270926337
s7_opposing_recurring,25,fixed_beta_0.30,0.3,0.4558388097016252
s7_opposing_recurring,25,fixed_beta_0.35,0.35,0.4557128902727141
s7_opposing_recurring,25,fixed_beta_0.40,0.4,0.456141313778219
s7_opposing_recurring,25,fixed_beta_0.45,0.45,0.4548635981325491
s7_opposing_recurring,25,fixed_beta_0.50,0.5,0.4549138491491109
s7_opposing_recurring,25,fixed_beta_0.55,0.55,0.4561401329641782
s7_opposing_recurring,25,fixed_beta_0.60,0.6,0.4565068007373937
s7_opposing_recurring,25,fixed_beta_0.65,0.65,0.4549796407590765
s7_opposing_recurring,25,fixed_beta_0.70,0.7,0.456303120821722
s7_opposing_recurring,25,fixed_beta_0.75,0.75,0.4580001040174922
s7_opposing_recurring,25,fixed_beta_0.80,0.8,0.4579699712268867
s7_opposing_recurring,25,fixed_beta_0.85,0.85,0.4580624453515297
s7_opposing_recurring,25,fixed_beta_0.90,0.9,0.4582553216641386
s7_opposing_recurring,25,fixed_beta_0.95,0.95,0.4626929242154457
s7_opposing_recurring,25,fixed_beta_1.00,1.0,0.4703787919569844
s7_opposing_recurring,25,amgtp_adaptive,,0.455517991473199
s7_opposing_recurring,25,m5b_smooth0.001,,0.4554651152321258
s7_opposing_recurring,25,m5b_smooth0.1,,0.45126441128422
s7_opposing_recurring,25,ensemble3,,0.4516280421845037
s7_opposing_recurring,26,fixed_beta_0.00,0.0,0.43550555022545
s7_opposing_recurring,26,fixed_beta_0.05,0.05,0.4356685031917216
s7_opposing_recurring,26,fixed_beta_0.10,0.1,0.4367763634550995
s7_opposing_recurring,26,fixed_beta_0.15,0.15,0.4369067220194556
s7_opposing_recurring,26,fixed_beta_0.20,0.2,0.437089019061166
s7_opposing_recurring,26,fixed_beta_0.25,0.25,0.437030385002236
s7_opposing_recurring,26,fixed_beta_0.30,0.3,0.4368649466044159
s7_opposing_recurring,26,fixed_beta_0.35,0.35,0.4365941554165017
s7_opposing_recurring,26,fixed_beta_0.40,0.4,0.4368978944536307
s7_opposing_recurring,26,fixed_beta_0.45,0.45,0.4365983692734595
s7_opposing_recurring,26,fixed_beta_0.50,0.5,0.4364974575845642
s7_opposing_recurring,26,fixed_beta_0.55,0.55,0.4359436274997463
s7_opposing_recurring,26,fixed_beta_0.60,0.6,0.436671558717778
s7_opposing_recurring,26,fixed_beta_0.65,0.65,0.4379270144948421
s7_opposing_recurring,26,fixed_beta_0.70,0.7,0.4383169018114272
s7_opposing_recurring,26,fixed_beta_0.75,0.75,0.4388986795621236
s7_opposing_recurring,26,fixed_beta_0.80,0.8,0.4396429074644905
s7_opposing_recurring,26,fixed_beta_0.85,0.85,0.439814383771185
s7_opposing_recurring,26,fixed_beta_0.90,0.9,0.4407437534277549
s7_opposing_recurring,26,fixed_beta_0.95,0.95,0.444857255406557
s7_opposing_recurring,26,fixed_beta_1.00,1.0,0.4531860009104583
s7_opposing_recurring,26,amgtp_adaptive,,0.4375827579774412
s7_opposing_recurring,26,m5b_smooth0.001,,0.436811924631842
s7_opposing_recurring,26,m5b_smooth0.1,,0.4340478640535249
s7_opposing_recurring,26,ensemble3,,0.4347321405807127
s7_opposing_recurring,27,fixed_beta_0.00,0.0,0.4508812563933593
s7_opposing_recurring,27,fixed_beta_0.05,0.05,0.4507570826388833
s7_opposing_recurring,27,fixed_beta_0.10,0.1,0.4509163744582222
s7_opposing_recurring,27,fixed_beta_0.15,0.15,0.4505822053684976
s7_opposing_recurring,27,fixed_beta_0.20,0.2,0.4503379956348991
s7_opposing_recurring,27,fixed_beta_0.25,0.25,0.451359008690422
s7_opposing_recurring,27,fixed_beta_0.30,0.3,0.4529996526551574
s7_opposing_recurring,27,fixed_beta_0.35,0.35,0.4527729950529979
s7_opposing_recurring,27,fixed_beta_0.40,0.4,0.4509762050771831
s7_opposing_recurring,27,fixed_beta_0.45,0.45,0.4500346243147629
s7_opposing_recurring,27,fixed_beta_0.50,0.5,0.4498763167635198
s7_opposing_recurring,27,fixed_beta_0.55,0.55,0.4499144178126631
s7_opposing_recurring,27,fixed_beta_0.60,0.6,0.4506528926089228
s7_opposing_recurring,27,fixed_beta_0.65,0.65,0.4503834601495551
s7_opposing_recurring,27,fixed_beta_0.70,0.7,0.4510285201736314
s7_opposing_recurring,27,fixed_beta_0.75,0.75,0.4523693657566165
s7_opposing_recurring,27,fixed_beta_0.80,0.8,0.4534875027480027
s7_opposing_recurring,27,fixed_beta_0.85,0.85,0.4533996179313409
s7_opposing_recurring,27,fixed_beta_0.90,0.9,0.4539680745901556
s7_opposing_recurring,27,fixed_beta_0.95,0.95,0.4575788567053122
s7_opposing_recurring,27,fixed_beta_1.00,1.0,0.4655202351114241
s7_opposing_recurring,27,amgtp_adaptive,,0.4507211821826055
s7_opposing_recurring,27,m5b_smooth0.001,,0.4502041478257117
s7_opposing_recurring,27,m5b_smooth0.1,,0.4465101492920198
s7_opposing_recurring,27,ensemble3,,0.4472330037756053
s7_opposing_recurring,28,fixed_beta_0.00,0.0,0.4373970463653422
s7_opposing_recurring,28,fixed_beta_0.05,0.05,0.4368375775279476
s7_opposing_recurring,28,fixed_beta_0.10,0.1,0.4367745547450524
s7_opposing_recurring,28,fixed_beta_0.15,0.15,0.4367274462856511
s7_opposing_recurring,28,fixed_beta_0.20,0.2,0.4369729456722079
s7_opposing_recurring,28,fixed_beta_0.25,0.25,0.4368745181355503
s7_opposing_recurring,28,fixed_beta_0.30,0.3,0.4372532188156459
s7_opposing_recurring,28,fixed_beta_0.35,0.35,0.437983546811976
s7_opposing_recurring,28,fixed_beta_0.40,0.4,0.4378107225107348
s7_opposing_recurring,28,fixed_beta_0.45,0.45,0.437048815447365
s7_opposing_recurring,28,fixed_beta_0.50,0.5,0.436653857427686
s7_opposing_recurring,28,fixed_beta_0.55,0.55,0.4368144437852974
s7_opposing_recurring,28,fixed_beta_0.60,0.6,0.4367419026149355
s7_opposing_recurring,28,fixed_beta_0.65,0.65,0.4367132040634089
s7_opposing_recurring,28,fixed_beta_0.70,0.7,0.4387413955279028
s7_opposing_recurring,28,fixed_beta_0.75,0.75,0.4395448100548379
s7_opposing_recurring,28,fixed_beta_0.80,0.8,0.4401109121006177
s7_opposing_recurring,28,fixed_beta_0.85,0.85,0.4398270680774651
s7_opposing_recurring,28,fixed_beta_0.90,0.9,0.4407890371861711
s7_opposing_recurring,28,fixed_beta_0.95,0.95,0.4443096569503383
s7_opposing_recurring,28,fixed_beta_1.00,1.0,0.4523914803094203
s7_opposing_recurring,28,amgtp_adaptive,,0.4370810160487755
s7_opposing_recurring,28,m5b_smooth0.001,,0.4367727913516899
s7_opposing_recurring,28,m5b_smooth0.1,,0.4348256568014078
s7_opposing_recurring,28,ensemble3,,0.434962764637006
s7_opposing_recurring,29,fixed_beta_0.00,0.0,0.422393437075605
s7_opposing_recurring,29,fixed_beta_0.05,0.05,0.4230702042222136
s7_opposing_recurring,29,fixed_beta_0.10,0.1,0.4230485866923501
s7_opposing_recurring,29,fixed_beta_0.15,0.15,0.4229405373128178
s7_opposing_recurring,29,fixed_beta_0.20,0.2,0.4231603850297997
s7_opposing_recurring,29,fixed_beta_0.25,0.25,0.4229318908191888
s7_opposing_recurring,29,fixed_beta_0.30,0.3,0.4226184971013484
s7_opposing_recurring,29,fixed_beta_0.35,0.35,0.422399913188507
s7_opposing_recurring,29,fixed_beta_0.40,0.4,0.422237193605359
s7_opposing_recurring,29,fixed_beta_0.45,0.45,0.4221272458865681
s7_opposing_recurring,29,fixed_beta_0.50,0.5,0.4222197118629286
s7_opposing_recurring,29,fixed_beta_0.55,0.55,0.422144071057384
s7_opposing_recurring,29,fixed_beta_0.60,0.6,0.4223177226682073
s7_opposing_recurring,29,fixed_beta_0.65,0.65,0.4242132765212952
s7_opposing_recurring,29,fixed_beta_0.70,0.7,0.42488898677562
s7_opposing_recurring,29,fixed_beta_0.75,0.75,0.4255289289299123
s7_opposing_recurring,29,fixed_beta_0.80,0.8,0.4259544104109002
s7_opposing_recurring,29,fixed_beta_0.85,0.85,0.4254952511815089
s7_opposing_recurring,29,fixed_beta_0.90,0.9,0.4258629130608137
s7_opposing_recurring,29,fixed_beta_0.95,0.95,0.4296277317516388
s7_opposing_recurring,29,fixed_beta_1.00,1.0,0.4373921737303455
s7_opposing_recurring,29,amgtp_adaptive,,0.4232176597487674
s7_opposing_recurring,29,m5b_smooth0.001,,0.4224693666001692
s7_opposing_recurring,29,m5b_smooth0.1,,0.4194656882167349
s7_opposing_recurring,29,ensemble3,,0.4202166240532315
s7_opposing_recurring,3,fixed_beta_0.00,0.0,0.4383168531573425
s7_opposing_recurring,3,fixed_beta_0.05,0.05,0.4388260140547047
s7_opposing_recurring,3,fixed_beta_0.10,0.1,0.4392695091323424
s7_opposing_recurring,3,fixed_beta_0.15,0.15,0.4389926018838436
s7_opposing_recurring,3,fixed_beta_0.20,0.2,0.4394145395364907
s7_opposing_recurring,3,fixed_beta_0.25,0.25,0.4389595198978523
s7_opposing_recurring,3,fixed_beta_0.30,0.3,0.4394374754986463
s7_opposing_recurring,3,fixed_beta_0.35,0.35,0.4394680743232522
s7_opposing_recurring,3,fixed_beta_0.40,0.4,0.4389247942764526
s7_opposing_recurring,3,fixed_beta_0.45,0.45,0.4392007240106184
s7_opposing_recurring,3,fixed_beta_0.50,0.5,0.4388342267482521
s7_opposing_recurring,3,fixed_beta_0.55,0.55,0.4394162218809336
s7_opposing_recurring,3,fixed_beta_0.60,0.6,0.4392292474498525
s7_opposing_recurring,3,fixed_beta_0.65,0.65,0.4384612218252107
s7_opposing_recurring,3,fixed_beta_0.70,0.7,0.439616476487815
s7_opposing_recurring,3,fixed_beta_0.75,0.75,0.44107855735041
s7_opposing_recurring,3,fixed_beta_0.80,0.8,0.4418995993765482
s7_opposing_recurring,3,fixed_beta_0.85,0.85,0.4412533092483772
s7_opposing_recurring,3,fixed_beta_0.90,0.9,0.4419860548372439
s7_opposing_recurring,3,fixed_beta_0.95,0.95,0.4463675071386774
s7_opposing_recurring,3,fixed_beta_1.00,1.0,0.4543588261270833
s7_opposing_recurring,3,amgtp_adaptive,,0.4383347509685865
s7_opposing_recurring,3,m5b_smooth0.001,,0.4380563714316575
s7_opposing_recurring,3,m5b_smooth0.1,,0.4356032311000005
s7_opposing_recurring,3,ensemble3,,0.4359264525547986
s7_opposing_recurring,30,fixed_beta_0.00,0.0,0.4364675660296929
s7_opposing_recurring,30,fixed_beta_0.05,0.05,0.4363312818204535
s7_opposing_recurring,30,fixed_beta_0.10,0.1,0.4371802321416496
s7_opposing_recurring,30,fixed_beta_0.15,0.15,0.4368569054370804
s7_opposing_recurring,30,fixed_beta_0.20,0.2,0.4376284995129392
s7_opposing_recurring,30,fixed_beta_0.25,0.25,0.4358633984940901
s7_opposing_recurring,30,fixed_beta_0.30,0.3,0.4368003463046342
s7_opposing_recurring,30,fixed_beta_0.35,0.35,0.4376812799531281
s7_opposing_recurring,30,fixed_beta_0.40,0.4,0.4368869629155227
s7_opposing_recurring,30,fixed_beta_0.45,0.45,0.4368700543116491
s7_opposing_recurring,30,fixed_beta_0.50,0.5,0.4366762709666003
s7_opposing_recurring,30,fixed_beta_0.55,0.55,0.4372949770982322
s7_opposing_recurring,30,fixed_beta_0.60,0.6,0.4375765507811691
s7_opposing_recurring,30,fixed_beta_0.65,0.65,0.4375254444943692
s7_opposing_recurring,30,fixed_beta_0.70,0.7,0.4377821335720476
s7_opposing_recurring,30,fixed_beta_0.75,0.75,0.4387400974835457
s7_opposing_recurring,30,fixed_beta_0.80,0.8,0.4392937410084352
s7_opposing_recurring,30,fixed_beta_0.85,0.85,0.4389471331508494
s7_opposing_recurring,30,fixed_beta_0.90,0.9,0.4406444675058339
s7_opposing_recurring,30,fixed_beta_0.95,0.95,0.4437809273046921
s7_opposing_recurring,30,fixed_beta_1.00,1.0,0.4515532699363739
s7_opposing_recurring,30,amgtp_adaptive,,0.4370867285895863
s7_opposing_recurring,30,m5b_smooth0.001,,0.4368061117836661
s7_opposing_recurring,30,m5b_smooth0.1,,0.4330605836316384
s7_opposing_recurring,30,ensemble3,,0.4338611231961151
s7_opposing_recurring,31,fixed_beta_0.00,0.0,0.4397911470672584
s7_opposing_recurring,31,fixed_beta_0.05,0.05,0.4400000825067199
s7_opposing_recurring,31,fixed_beta_0.10,0.1,0.4399330353537212
s7_opposing_recurring,31,fixed_beta_0.15,0.15,0.4398211258087794
s7_opposing_recurring,31,fixed_beta_0.20,0.2,0.4401056845691717
s7_opposing_recurring,31,fixed_beta_0.25,0.25,0.4404000617100106
s7_opposing_recurring,31,fixed_beta_0.30,0.3,0.439499439937739
s7_opposing_recurring,31,fixed_beta_0.35,0.35,0.4401254227730332
s7_opposing_recurring,31,fixed_beta_0.40,0.4,0.4389160342501886
s7_opposing_recurring,31,fixed_beta_0.45,0.45,0.4396667037434281
s7_opposing_recurring,31,fixed_beta_0.50,0.5,0.4394009919602083
s7_opposing_recurring,31,fixed_beta_0.55,0.55,0.4395631087986396
s7_opposing_recurring,31,fixed_beta_0.60,0.6,0.439968955925235
s7_opposing_recurring,31,fixed_beta_0.65,0.65,0.4398852317659711
s7_opposing_recurring,31,fixed_beta_0.70,0.7,0.4412324248944507
s7_opposing_recurring,31,fixed_beta_0.75,0.75,0.4415793431896719
s7_opposing_recurring,31,fixed_beta_0.80,0.8,0.4425212311849378
s7_opposing_recurring,31,fixed_beta_0.85,0.85,0.4421236067202375
s7_opposing_recurring,31,fixed_beta_0.90,0.9,0.4424972145940355
s7_opposing_recurring,31,fixed_beta_0.95,0.95,0.4466355468414726
s7_opposing_recurring,31,fixed_beta_1.00,1.0,0.4544330551199161
s7_opposing_recurring,31,amgtp_adaptive,,0.439533785607451
s7_opposing_recurring,31,m5b_smooth0.001,,0.4400029540398928
s7_opposing_recurring,31,m5b_smooth0.1,,0.4359467235908872
s7_opposing_recurring,31,ensemble3,,0.4369443725162278
s7_opposing_recurring,4,fixed_beta_0.00,0.0,0.4386516840044477
s7_opposing_recurring,4,fixed_beta_0.05,0.05,0.4392090692592351
s7_opposing_recurring,4,fixed_beta_0.10,0.1,0.4394109100601499
s7_opposing_recurring,4,fixed_beta_0.15,0.15,0.4385811108641126
s7_opposing_recurring,4,fixed_beta_0.20,0.2,0.4393321033644757
s7_opposing_recurring,4,fixed_beta_0.25,0.25,0.4383656155018719
s7_opposing_recurring,4,fixed_beta_0.30,0.3,0.4383499067727429
s7_opposing_recurring,4,fixed_beta_0.35,0.35,0.4389641523670729
s7_opposing_recurring,4,fixed_beta_0.40,0.4,0.4383100384847472
s7_opposing_recurring,4,fixed_beta_0.45,0.45,0.4378654171590187
s7_opposing_recurring,4,fixed_beta_0.50,0.5,0.4375943761945262
s7_opposing_recurring,4,fixed_beta_0.55,0.55,0.4385592228163975
s7_opposing_recurring,4,fixed_beta_0.60,0.6,0.4387175721585842
s7_opposing_recurring,4,fixed_beta_0.65,0.65,0.4380985005856088
s7_opposing_recurring,4,fixed_beta_0.70,0.7,0.4389149130836848
s7_opposing_recurring,4,fixed_beta_0.75,0.75,0.4405062096204302
s7_opposing_recurring,4,fixed_beta_0.80,0.8,0.4409098086404293
s7_opposing_recurring,4,fixed_beta_0.85,0.85,0.4413044984225679
s7_opposing_recurring,4,fixed_beta_0.90,0.9,0.4423433653250768
s7_opposing_recurring,4,fixed_beta_0.95,0.95,0.4455781413097074
s7_opposing_recurring,4,fixed_beta_1.00,1.0,0.4535766422658031
s7_opposing_recurring,4,amgtp_adaptive,,0.4384085019982909
s7_opposing_recurring,4,m5b_smooth0.001,,0.4386748071587636
s7_opposing_recurring,4,m5b_smooth0.1,,0.4352576807291521
s7_opposing_recurring,4,ensemble3,,0.4359221099082287
s8_irregular_recurring,0,fixed_beta_0.00,0.0,0.4868995254073514
s8_irregular_recurring,0,fixed_beta_0.05,0.05,0.4749330823744957
s8_irregular_recurring,0,fixed_beta_0.10,0.1,0.485727557696451
s8_irregular_recurring,0,fixed_beta_0.15,0.15,0.4691986713740188
s8_irregular_recurring,0,fixed_beta_0.20,0.2,0.4792958490599391
s8_irregular_recurring,0,fixed_beta_0.25,0.25,0.4858281117177477
s8_irregular_recurring,0,fixed_beta_0.30,0.3,0.479921633679453
s8_irregular_recurring,0,fixed_beta_0.35,0.35,0.4814223784386709
s8_irregular_recurring,0,fixed_beta_0.40,0.4,0.4784016846824413
s8_irregular_recurring,0,fixed_beta_0.45,0.45,0.4726211119158746
s8_irregular_recurring,0,fixed_beta_0.50,0.5,0.4640926784533692
s8_irregular_recurring,0,fixed_beta_0.55,0.55,0.4691784085629182
s8_irregular_recurring,0,fixed_beta_0.60,0.6,0.4720122624074541
s8_irregular_recurring,0,fixed_beta_0.65,0.65,0.4586992608211424
s8_irregular_recurring,0,fixed_beta_0.70,0.7,0.4511923558720324
s8_irregular_recurring,0,fixed_beta_0.75,0.75,0.4574480207403152
s8_irregular_recurring,0,fixed_beta_0.80,0.8,0.4521113338569342
s8_irregular_recurring,0,fixed_beta_0.85,0.85,0.4457318759703495
s8_irregular_recurring,0,fixed_beta_0.90,0.9,0.4534083401137317
s8_irregular_recurring,0,fixed_beta_0.95,0.95,0.4529199697080123
s8_irregular_recurring,0,fixed_beta_1.00,1.0,0.4540645583459351
s8_irregular_recurring,0,amgtp_adaptive,,0.4407485851603031
s8_irregular_recurring,0,m5b_smooth0.001,,0.4857934820250288
s8_irregular_recurring,0,m5b_smooth0.1,,0.4601989861875317
s8_irregular_recurring,0,ensemble3,,0.463439670321456
s8_irregular_recurring,1,fixed_beta_0.00,0.0,0.4731240040680246
s8_irregular_recurring,1,fixed_beta_0.05,0.05,0.4669651968756423
s8_irregular_recurring,1,fixed_beta_0.10,0.1,0.4813730819495502
s8_irregular_recurring,1,fixed_beta_0.15,0.15,0.4784018151646129
s8_irregular_recurring,1,fixed_beta_0.20,0.2,0.4751234282589978
s8_irregular_recurring,1,fixed_beta_0.25,0.25,0.4435105365179044
s8_irregular_recurring,1,fixed_beta_0.30,0.3,0.4589221890640421
s8_irregular_recurring,1,fixed_beta_0.35,0.35,0.445759280768782
s8_irregular_recurring,1,fixed_beta_0.40,0.4,0.4594480242116982
s8_irregular_recurring,1,fixed_beta_0.45,0.45,0.4594087973492972
s8_irregular_recurring,1,fixed_beta_0.50,0.5,0.4213831724851582
s8_irregular_recurring,1,fixed_beta_0.55,0.55,0.4478567430612951
s8_irregular_recurring,1,fixed_beta_0.60,0.6,0.4569091800511358
s8_irregular_recurring,1,fixed_beta_0.65,0.65,0.4378211144349539
s8_irregular_recurring,1,fixed_beta_0.70,0.7,0.4397731753764752
s8_irregular_recurring,1,fixed_beta_0.75,0.75,0.4340665758059535
s8_irregular_recurring,1,fixed_beta_0.80,0.8,0.4283513691422168
s8_irregular_recurring,1,fixed_beta_0.85,0.85,0.4297147768694804
s8_irregular_recurring,1,fixed_beta_0.90,0.9,0.4295130156027146
s8_irregular_recurring,1,fixed_beta_0.95,0.95,0.427020016189279
s8_irregular_recurring,1,fixed_beta_1.00,1.0,0.4281748145600873
s8_irregular_recurring,1,amgtp_adaptive,,0.4587746154536061
s8_irregular_recurring,1,m5b_smooth0.001,,0.4299752495691504
s8_irregular_recurring,1,m5b_smooth0.1,,0.4520846819101352
s8_irregular_recurring,1,ensemble3,,0.4377201563602242
s8_irregular_recurring,2,fixed_beta_0.00,0.0,0.4840064944105784
s8_irregular_recurring,2,fixed_beta_0.05,0.05,0.4644119979323461
s8_irregular_recurring,2,fixed_beta_0.10,0.1,0.4766021038810047
s8_irregular_recurring,2,fixed_beta_0.15,0.15,0.4878894771156798
s8_irregular_recurring,2,fixed_beta_0.20,0.2,0.4775319788680095
s8_irregular_recurring,2,fixed_beta_0.25,0.25,0.4705154684553556
s8_irregular_recurring,2,fixed_beta_0.30,0.3,0.4797104921971982
s8_irregular_recurring,2,fixed_beta_0.35,0.35,0.476282343079087
s8_irregular_recurring,2,fixed_beta_0.40,0.4,0.4742665947596498
s8_irregular_recurring,2,fixed_beta_0.45,0.45,0.463096204760464
s8_irregular_recurring,2,fixed_beta_0.50,0.5,0.4581390517210731
s8_irregular_recurring,2,fixed_beta_0.55,0.55,0.4587424212104686
s8_irregular_recurring,2,fixed_beta_0.60,0.6,0.4601468687901784
s8_irregular_recurring,2,fixed_beta_0.65,0.65,0.4538234528799987
s8_irregular_recurring,2,fixed_beta_0.70,0.7,0.4507414912459521
s8_irregular_recurring,2,fixed_beta_0.75,0.75,0.4513872036535349
s8_irregular_recurring,2,fixed_beta_0.80,0.8,0.4483621025359475
s8_irregular_recurring,2,fixed_beta_0.85,0.85,0.4449189177242603
s8_irregular_recurring,2,fixed_beta_0.90,0.9,0.4438434213191947
s8_irregular_recurring,2,fixed_beta_0.95,0.95,0.4411109383565057
s8_irregular_recurring,2,fixed_beta_1.00,1.0,0.4419508665436968
s8_irregular_recurring,2,amgtp_adaptive,,0.4495064278533437
s8_irregular_recurring,2,m5b_smooth0.001,,0.4787287926506837
s8_irregular_recurring,2,m5b_smooth0.1,,0.4485661000085553
s8_irregular_recurring,2,ensemble3,,0.451285254540859
s8_irregular_recurring,20,fixed_beta_0.00,0.0,0.4317323047048189
s8_irregular_recurring,20,fixed_beta_0.05,0.05,0.4371414159403534
s8_irregular_recurring,20,fixed_beta_0.10,0.1,0.4363547173383894
s8_irregular_recurring,20,fixed_beta_0.15,0.15,0.4245545795653243
s8_irregular_recurring,20,fixed_beta_0.20,0.2,0.4308822233904843
s8_irregular_recurring,20,fixed_beta_0.25,0.25,0.4260918672339713
s8_irregular_recurring,20,fixed_beta_0.30,0.3,0.4239285994220927
s8_irregular_recurring,20,fixed_beta_0.35,0.35,0.4312046401306185
s8_irregular_recurring,20,fixed_beta_0.40,0.4,0.4359269465436639
s8_irregular_recurring,20,fixed_beta_0.45,0.45,0.4380483614670377
s8_irregular_recurring,20,fixed_beta_0.50,0.5,0.4520537630421377
s8_irregular_recurring,20,fixed_beta_0.55,0.55,0.4432573330198717
s8_irregular_recurring,20,fixed_beta_0.60,0.6,0.4211052978519923
s8_irregular_recurring,20,fixed_beta_0.65,0.65,0.435088632962183
s8_irregular_recurring,20,fixed_beta_0.70,0.7,0.4237252444745671
s8_irregular_recurring,20,fixed_beta_0.75,0.75,0.4177727191989966
s8_irregular_recurring,20,fixed_beta_0.80,0.8,0.4148278705411509
s8_irregular_recurring,20,fixed_beta_0.85,0.85,0.4105203057042242
s8_irregular_recurring,20,fixed_beta_0.90,0.9,0.4073926441250166
s8_irregular_recurring,20,fixed_beta_0.95,0.95,0.406343144685192
s8_irregular_recurring,20,fixed_beta_1.00,1.0,0.4071108027609714
s8_irregular_recurring,20,amgtp_adaptive,,0.4160768058885936
s8_irregular_recurring,20,m5b_smooth0.001,,0.4340122638988808
s8_irregular_recurring,20,m5b_smooth0.1,,0.4226582850860578
s8_irregular_recurring,20,ensemble3,,0.4305710097086851
s8_irregular_recurring,21,fixed_beta_0.00,0.0,0.4909607409694118
s8_irregular_recurring,21,fixed_beta_0.05,0.05,0.4732402792238063
s8_irregular_recurring,21,fixed_beta_0.10,0.1,0.4623262494015104
s8_irregular_recurring,21,fixed_beta_0.15,0.15,0.4854193214448919
s8_irregular_recurring,21,fixed_beta_0.20,0.2,0.4571787737050909
s8_irregular_recurring,21,fixed_beta_0.25,0.25,0.4660860552416745
s8_irregular_recurring,21,fixed_beta_0.30,0.3,0.446041493553291
s8_irregular_recurring,21,fixed_beta_0.35,0.35,0.4684789239427785
s8_irregular_recurring,21,fixed_beta_0.40,0.4,0.4710810877462849
s8_irregular_recurring,21,fixed_beta_0.45,0.45,0.4525591390000922
s8_irregular_recurring,21,fixed_beta_0.50,0.5,0.4613984004228582
s8_irregular_recurring,21,fixed_beta_0.55,0.55,0.4668043550843132
s8_irregular_recurring,21,fixed_beta_0.60,0.6,0.4547069229240661
s8_irregular_recurring,21,fixed_beta_0.65,0.65,0.446352940668494
s8_irregular_recurring,21,fixed_beta_0.70,0.7,0.4490239081961594
s8_irregular_recurring,21,fixed_beta_0.75,0.75,0.450462673744488
s8_irregular_recurring,21,fixed_beta_0.80,0.8,0.4497560901922067
s8_irregular_recurring,21,fixed_beta_0.85,0.85,0.4348185725755715
s8_irregular_recurring,21,fixed_beta_0.90,0.9,0.4378178446001645
s8_irregular_recurring,21,fixed_beta_0.95,0.95,0.4390584819517791
s8_irregular_recurring,21,fixed_beta_1.00,1.0,0.4413489174319626
s8_irregular_recurring,21,amgtp_adaptive,,0.4341641087543791
s8_irregular_recurring,21,m5b_smooth0.001,,0.4877732785651501
s8_irregular_recurring,21,m5b_smooth0.1,,0.4602419594534843
s8_irregular_recurring,21,ensemble3,,0.4650694244592191
s8_irregular_recurring,22,fixed_beta_0.00,0.0,0.4873818434096442
s8_irregular_recurring,22,fixed_beta_0.05,0.05,0.4995775731274895
s8_irregular_recurring,22,fixed_beta_0.10,0.1,0.4842824442401551
s8_irregular_recurring,22,fixed_beta_0.15,0.15,0.4987377889614948
s8_irregular_recurring,22,fixed_beta_0.20,0.2,0.4776273536391305
s8_irregular_recurring,22,fixed_beta_0.25,0.25,0.4803329873361485
s8_irregular_recurring,22,fixed_beta_0.30,0.3,0.4819871369428172
s8_irregular_recurring,22,fixed_beta_0.35,0.35,0.4825278310051358
s8_irregular_recurring,22,fixed_beta_0.40,0.4,0.4948043991609315
s8_irregular_recurring,22,fixed_beta_0.45,0.45,0.4924884220003024
s8_irregular_recurring,22,fixed_beta_0.50,0.5,0.4881135041350227
s8_irregular_recurring,22,fixed_beta_0.55,0.55,0.486828551836965
s8_irregular_recurring,22,fixed_beta_0.60,0.6,0.4698340009196276
s8_irregular_recurring,22,fixed_beta_0.65,0.65,0.4770946602314198
s8_irregular_recurring,22,fixed_beta_0.70,0.7,0.4763108382277197
s8_irregular_recurring,22,fixed_beta_0.75,0.75,0.4696571242270578
s8_irregular_recurring,22,fixed_beta_0.80,0.8,0.4659972685157026
s8_irregular_recurring,22,fixed_beta_0.85,0.85,0.4673655404896432
s8_irregular_recurring,22,fixed_beta_0.90,0.9,0.4622044373875121
s8_irregular_recurring,22,fixed_beta_0.95,0.95,0.461634680022482
s8_irregular_recurring,22,fixed_beta_1.00,1.0,0.4657990414984248
s8_irregular_recurring,22,amgtp_adaptive,,0.4746724391939273
s8_irregular_recurring,22,m5b_smooth0.001,,0.48579977511912
s8_irregular_recurring,22,m5b_smooth0.1,,0.4739422486189073
s8_irregular_recurring,22,ensemble3,,0.4926463600079815
s8_irregular_recurring,23,fixed_beta_0.00,0.0,0.4756009128553987
s8_irregular_recurring,23,fixed_beta_0.05,0.05,0.4568527430411893
s8_irregular_recurring,23,fixed_beta_0.10,0.1,0.4622345431570382
s8_irregular_recurring,23,fixed_beta_0.15,0.15,0.4789730886189134
s8_irregular_recurring,23,fixed_beta_0.20,0.2,0.4834379966992695
s8_irregular_recurring,23,fixed_beta_0.25,0.25,0.4931574585968647
s8_irregular_recurring,23,fixed_beta_0.30,0.3,0.4482660162012072
s8_irregular_recurring,23,fixed_beta_0.35,0.35,0.4480594440927736
s8_irregular_recurring,23,fixed_beta_0.40,0.4,0.466875054337505
s8_irregular_recurring,23,fixed_beta_0.45,0.45,0.4779652322743083
s8_irregular_recurring,23,fixed_beta_0.50,0.5,0.4712750406175079
s8_irregular_recurring,23,fixed_beta_0.55,0.55,0.4508509062430085
s8_irregular_recurring,23,fixed_beta_0.60,0.6,0.4456181296712202
s8_irregular_recurring,23,fixed_beta_0.65,0.65,0.4411879143365687
s8_irregular_recurring,23,fixed_beta_0.70,0.7,0.4381210548240684
s8_irregular_recurring,23,fixed_beta_0.75,0.75,0.4574356192392046
s8_irregular_recurring,23,fixed_beta_0.80,0.8,0.4354162891030307
s8_irregular_recurring,23,fixed_beta_0.85,0.85,0.4318456699671151
s8_irregular_recurring,23,fixed_beta_0.90,0.9,0.4299777501284218
s8_irregular_recurring,23,fixed_beta_0.95,0.95,0.4278682402510994
s8_irregular_recurring,23,fixed_beta_1.00,1.0,0.4297386011060898
s8_irregular_recurring,23,amgtp_adaptive,,0.4384077649677167
s8_irregular_recurring,23,m5b_smooth0.001,,0.4837364627371183
s8_irregular_recurring,23,m5b_smooth0.1,,0.4502400158891159
s8_irregular_recurring,23,ensemble3,,0.4508427399780054
s8_irregular_recurring,24,fixed_beta_0.00,0.0,0.5092644727035563
s8_irregular_recurring,24,fixed_beta_0.05,0.05,0.5150959572109847
s8_irregular_recurring,24,fixed_beta_0.10,0.1,0.5303622361507725
s8_irregular_recurring,24,fixed_beta_0.15,0.15,0.5363789320502796
s8_irregular_recurring,24,fixed_beta_0.20,0.2,0.5042394792167536
s8_irregular_recurring,24,fixed_beta_0.25,0.25,0.4897460498139526
s8_irregular_recurring,24,fixed_beta_0.30,0.3,0.4948299912121339
s8_irregular_recurring,24,fixed_beta_0.35,0.35,0.492514453084575
s8_irregular_recurring,24,fixed_beta_0.40,0.4,0.4908978026026779
s8_irregular_recurring,24,fixed_beta_0.45,0.45,0.5064905712859251
s8_irregular_recurring,24,fixed_beta_0.50,0.5,0.5031169280238886
s8_irregular_recurring,24,fixed_beta_0.55,0.55,0.4908027154764721
s8_irregular_recurring,24,fixed_beta_0.60,0.6,0.4925929584114393
s8_irregular_recurring,24,fixed_beta_0.65,0.65,0.4877198333656185
s8_irregular_recurring,24,fixed_beta_0.70,0.7,0.4808236500923259
s8_irregular_recurring,24,fixed_beta_0.75,0.75,0.4769539413269828
s8_irregular_recurring,24,fixed_beta_0.80,0.8,0.4788497147910746
s8_irregular_recurring,24,fixed_beta_0.85,0.85,0.4743750846526833
s8_irregular_recurring,24,fixed_beta_0.90,0.9,0.4716758129002251
s8_irregular_recurring,24,fixed_beta_0.95,0.95,0.4717015308815976
s8_irregular_recurring,24,fixed_beta_1.00,1.0,0.4715434327683122
s8_irregular_recurring,24,amgtp_adaptive,,0.4929024875511047
s8_irregular_recurring,24,m5b_smooth0.001,,0.5576967307157856
s8_irregular_recurring,24,m5b_smooth0.1,,0.4890834091616372
s8_irregular_recurring,24,ensemble3,,0.5034091680898699
s8_irregular_recurring,25,fixed_beta_0.00,0.0,0.4903651152477097
s8_irregular_recurring,25,fixed_beta_0.05,0.05,0.5559966894409972
s8_irregular_recurring,25,fixed_beta_0.10,0.1,0.5121451524457187
s8_irregular_recurring,25,fixed_beta_0.15,0.15,0.5070355153957196
s8_irregular_recurring,25,fixed_beta_0.20,0.2,0.5271333092269018
s8_irregular_recurring,25,fixed_beta_0.25,0.25,0.4941532433880897
s8_irregular_recurring,25,fixed_beta_0.30,0.3,0.519546153156041
s8_irregular_recurring,25,fixed_beta_0.35,0.35,0.4969118095404085
s8_irregular_recurring,25,fixed_beta_0.40,0.4,0.5051415681013823
s8_irregular_recurring,25,fixed_beta_0.45,0.45,0.5122483787847264
s8_irregular_recurring,25,fixed_beta_0.50,0.5,0.483609071122836
s8_irregular_recurring,25,fixed_beta_0.55,0.55,0.4895112817048831
s8_irregular_recurring,25,fixed_beta_0.60,0.6,0.5014139592048537
s8_irregular_recurring,25,fixed_beta_0.65,0.65,0.4935647826969458
s8_irregular_recurring,25,fixed_beta_0.70,0.7,0.4822968503689908
s8_irregular_recurring,25,fixed_beta_0.75,0.75,0.4871275016850499
s8_irregular_recurring,25,fixed_beta_0.80,0.8,0.4665265190307823
s8_irregular_recurring,25,fixed_beta_0.85,0.85,0.4699557066642287
s8_irregular_recurring,25,fixed_beta_0.90,0.9,0.470635371483203
s8_irregular_recurring,25,fixed_beta_0.95,0.95,0.4726626906286898
s8_irregular_recurring,25,fixed_beta_1.00,1.0,0.4737536316150733
s8_irregular_recurring,25,amgtp_adaptive,,0.4694846100912336
s8_irregular_recurring,25,m5b_smooth0.001,,0.5340649040492771
s8_irregular_recurring,25,m5b_smooth0.1,,0.4936655285583304
s8_irregular_recurring,25,ensemble3,,0.503554233674111
s8_irregular_recurring,26,fixed_beta_0.00,0.0,0.5122915255800597
s8_irregular_recurring,26,fixed_beta_0.05,0.05,0.5080948981158908
s8_irregular_recurring,26,fixed_beta_0.10,0.1,0.4983649683457666
s8_irregular_recurring,26,fixed_beta_0.15,0.15,0.5297305461118625
s8_irregular_recurring,26,fixed_beta_0.20,0.2,0.5041891684663373
s8_irregular_recurring,26,fixed_beta_0.25,0.25,0.503225276597637
s8_irregular_recurring,26,fixed_beta_0.30,0.3,0.4995149981978771
s8_irregular_recurring,26,fixed_beta_0.35,0.35,0.5014089604184098
s8_irregular_recurring,26,fixed_beta_0.40,0.4,0.4714485878074913
s8_irregular_recurring,26,fixed_beta_0.45,0.45,0.4827266245271067
s8_irregular_recurring,26,fixed_beta_0.50,0.5,0.4782904654980728
s8_irregular_recurring,26,fixed_beta_0.55,0.55,0.4707306206589668
s8_irregular_recurring,26,fixed_beta_0.60,0.6,0.4677904727199892
s8_irregular_recurring,26,fixed_beta_0.65,0.65,0.4793573165696853
s8_irregular_recurring,26,fixed_beta_0.70,0.7,0.4620303265102949
s8_irregular_recurring,26,fixed_beta_0.75,0.75,0.456356712489354
s8_irregular_recurring,26,fixed_beta_0.80,0.8,0.4617204182846211
s8_irregular_recurring,26,fixed_beta_0.85,0.85,0.4570683861131229
s8_irregular_recurring,26,fixed_beta_0.90,0.9,0.4550910755665718
s8_irregular_recurring,26,fixed_beta_0.95,0.95,0.4580586956001116
s8_irregular_recurring,26,fixed_beta_1.00,1.0,0.457962637188248
s8_irregular_recurring,26,amgtp_adaptive,,0.4601868520327555
s8_irregular_recurring,26,m5b_smooth0.001,,0.5348870821036357
s8_irregular_recurring,26,m5b_smooth0.1,,0.4901294853646649
s8_irregular_recurring,26,ensemble3,,0.4840925201134239
s8_irregular_recurring,27,fixed_beta_0.00,0.0,0.5075395670647167
s8_irregular_recurring,27,fixed_beta_0.05,0.05,0.518353091249347
s8_irregular_recurring,27,fixed_beta_0.10,0.1,0.5094297980190797
s8_irregular_recurring,27,fixed_beta_0.15,0.15,0.5043480930643361
s8_irregular_recurring,27,fixed_beta_0.20,0.2,0.4963674325051359
s8_irregular_recurring,27,fixed_beta_0.25,0.25,0.5183143908803209
s8_irregular_recurring,27,fixed_beta_0.30,0.3,0.4894321316310787
s8_irregular_recurring,27,fixed_beta_0.35,0.35,0.4893404125494469
s8_irregular_recurring,27,fixed_beta_0.40,0.4,0.5071710463596079
s8_irregular_recurring,27,fixed_beta_0.45,0.45,0.4966392461826138
s8_irregular_recurring,27,fixed_beta_0.50,0.5,0.4834408179964212
s8_irregular_recurring,27,fixed_beta_0.55,0.55,0.4790840000280981
s8_irregular_recurring,27,fixed_beta_0.60,0.6,0.4671963612715934
s8_irregular_recurring,27,fixed_beta_0.65,0.65,0.4799560545754449
s8_irregular_recurring,27,fixed_beta_0.70,0.7,0.4904923035950299
s8_irregular_recurring,27,fixed_beta_0.75,0.75,0.4834574435633363
s8_irregular_recurring,27,fixed_beta_0.80,0.8,0.473613465686413
s8_irregular_recurring,27,fixed_beta_0.85,0.85,0.4692130567332628
s8_irregular_recurring,27,fixed_beta_0.90,0.9,0.4689767040784759
s8_irregular_recurring,27,fixed_beta_0.95,0.95,0.4679388009518073
s8_irregular_recurring,27,fixed_beta_1.00,1.0,0.4697695304754816
s8_irregular_recurring,27,amgtp_adaptive,,0.4835568292420089
s8_irregular_recurring,27,m5b_smooth0.001,,0.5072519902343703
s8_irregular_recurring,27,m5b_smooth0.1,,0.4879796992060538
s8_irregular_recurring,27,ensemble3,,0.4967357008950828
s8_irregular_recurring,28,fixed_beta_0.00,0.0,0.505578168480597
s8_irregular_recurring,28,fixed_beta_0.05,0.05,0.5197824501154157
s8_irregular_recurring,28,fixed_beta_0.10,0.1,0.5005993712311703
s8_irregular_recurring,28,fixed_beta_0.15,0.15,0.5029056723498402
s8_irregular_recurring,28,fixed_beta_0.20,0.2,0.4945536897307838
s8_irregular_recurring,28,fixed_beta_0.25,0.25,0.4957271329337906
s8_irregular_recurring,28,fixed_beta_0.30,0.3,0.4900686768903847
s8_irregular_recurring,28,fixed_beta_0.35,0.35,0.4921781302377067
s8_irregular_recurring,28,fixed_beta_0.40,0.4,0.492744532466688
s8_irregular_recurring,28,fixed_beta_0.45,0.45,0.5111151536833894
s8_irregular_recurring,28,fixed_beta_0.50,0.5,0.4863727258547459
s8_irregular_recurring,28,fixed_beta_0.55,0.55,0.4893833758433998
s8_irregular_recurring,28,fixed_beta_0.60,0.6,0.4754104514430875
s8_irregular_recurring,28,fixed_beta_0.65,0.65,0.4726536938754241
s8_irregular_recurring,28,fixed_beta_0.70,0.7,0.4725205957368211
s8_irregular_recurring,28,fixed_beta_0.75,0.75,0.4669964798913846
s8_irregular_recurring,28,fixed_beta_0.80,0.8,0.4656090653523622
s8_irregular_recurring,28,fixed_beta_0.85,0.85,0.461531994757946
s8_irregular_recurring,28,fixed_beta_0.90,0.9,0.4574262651443272
s8_irregular_recurring,28,fixed_beta_0.95,0.95,0.4609682943606828
s8_irregular_recurring,28,fixed_beta_1.00,1.0,0.4615783551560886
s8_irregular_recurring,28,amgtp_adaptive,,0.4717822907736986
s8_irregular_recurring,28,m5b_smooth0.001,,0.5004961637679358
s8_irregular_recurring,28,m5b_smooth0.1,,0.4749900719979295
s8_irregular_recurring,28,ensemble3,,0.4938320516524129
s8_irregular_recurring,29,fixed_beta_0.00,0.0,0.4655587979018588
s8_irregular_recurring,29,fixed_beta_0.05,0.05,0.4671064661278025
s8_irregular_recurring,29,fixed_beta_0.10,0.1,0.4709680799168393
s8_irregular_recurring,29,fixed_beta_0.15,0.15,0.4496402187170524
s8_irregular_recurring,29,fixed_beta_0.20,0.2,0.4474141508575847
s8_irregular_recurring,29,fixed_beta_0.25,0.25,0.4429194671309807
s8_irregular_recurring,29,fixed_beta_0.30,0.3,0.4442971794599397
s8_irregular_recurring,29,fixed_beta_0.35,0.35,0.4714065535265261
s8_irregular_recurring,29,fixed_beta_0.40,0.4,0.4702922468929615
s8_irregular_recurring,29,fixed_beta_0.45,0.45,0.4611267833047159
s8_irregular_recurring,29,fixed_beta_0.50,0.5,0.453233316108738
s8_irregular_recurring,29,fixed_beta_0.55,0.55,0.4500391507849933
s8_irregular_recurring,29,fixed_beta_0.60,0.6,0.4470638254936414
s8_irregular_recurring,29,fixed_beta_0.65,0.65,0.4606467448067235
s8_irregular_recurring,29,fixed_beta_0.70,0.7,0.435042872308564
s8_irregular_recurring,29,fixed_beta_0.75,0.75,0.4388945698759381
s8_irregular_recurring,29,fixed_beta_0.80,0.8,0.4356400548046753
s8_irregular_recurring,29,fixed_beta_0.85,0.85,0.4335957489652167
s8_irregular_recurring,29,fixed_beta_0.90,0.9,0.428160723144393
s8_irregular_recurring,29,fixed_beta_0.95,0.95,0.4294377428364923
s8_irregular_recurring,29,fixed_beta_1.00,1.0,0.42982075251751
s8_irregular_recurring,29,amgtp_adaptive,,0.4613323169006909
s8_irregular_recurring,29,m5b_smooth0.001,,0.4706846268066709
s8_irregular_recurring,29,m5b_smooth0.1,,0.4496008199870893
s8_irregular_recurring,29,ensemble3,,0.4436998423216475
s8_irregular_recurring,3,fixed_beta_0.00,0.0,0.5023998648553931
s8_irregular_recurring,3,fixed_beta_0.05,0.05,0.5050734929214472
s8_irregular_recurring,3,fixed_beta_0.10,0.1,0.4838028100033524
s8_irregular_recurring,3,fixed_beta_0.15,0.15,0.4831628032850372
s8_irregular_recurring,3,fixed_beta_0.20,0.2,0.4856449720848298
s8_irregular_recurring,3,fixed_beta_0.25,0.25,0.4810294919825894
s8_irregular_recurring,3,fixed_beta_0.30,0.3,0.4783683005691249
s8_irregular_recurring,3,fixed_beta_0.35,0.35,0.4775277833456492
s8_irregular_recurring,3,fixed_beta_0.40,0.4,0.4795123178742386
s8_irregular_recurring,3,fixed_beta_0.45,0.45,0.4792537318570974
s8_irregular_recurring,3,fixed_beta_0.50,0.5,0.4762171353293686
s8_irregular_recurring,3,fixed_beta_0.55,0.55,0.4929717449226811
s8_irregular_recurring,3,fixed_beta_0.60,0.6,0.4685673349300895
s8_irregular_recurring,3,fixed_beta_0.65,0.65,0.4826112717102949
s8_irregular_recurring,3,fixed_beta_0.70,0.7,0.4754154709220186
s8_irregular_recurring,3,fixed_beta_0.75,0.75,0.4629213580293069
s8_irregular_recurring,3,fixed_beta_0.80,0.8,0.4627537292388724
s8_irregular_recurring,3,fixed_beta_0.85,0.85,0.4619248146948553
s8_irregular_recurring,3,fixed_beta_0.90,0.9,0.4624071914959334
s8_irregular_recurring,3,fixed_beta_0.95,0.95,0.4638981416239341
s8_irregular_recurring,3,fixed_beta_1.00,1.0,0.4659559072999044
s8_irregular_recurring,3,amgtp_adaptive,,0.4605783604364545
s8_irregular_recurring,3,m5b_smooth0.001,,0.4874912994840998
s8_irregular_recurring,3,m5b_smooth0.1,,0.4782622190289761
s8_irregular_recurring,3,ensemble3,,0.4866343339895487
s8_irregular_recurring,30,fixed_beta_0.00,0.0,0.4993798102675281
s8_irregular_recurring,30,fixed_beta_0.05,0.05,0.4998086395280915
s8_irregular_recurring,30,fixed_beta_0.10,0.1,0.471066799225922
s8_irregular_recurring,30,fixed_beta_0.15,0.15,0.4738144197342068
s8_irregular_recurring,30,fixed_beta_0.20,0.2,0.4779978311260808
s8_irregular_recurring,30,fixed_beta_0.25,0.25,0.4629977180314197
s8_irregular_recurring,30,fixed_beta_0.30,0.3,0.466095513489985
s8_irregular_recurring,30,fixed_beta_0.35,0.35,0.4611548812710249
s8_irregular_recurring,30,fixed_beta_0.40,0.4,0.4526529999137011
s8_irregular_recurring,30,fixed_beta_0.45,0.45,0.4540412164111311
s8_irregular_recurring,30,fixed_beta_0.50,0.5,0.4818214242686742
s8_irregular_recurring,30,fixed_beta_0.55,0.55,0.4687366800922691
s8_irregular_recurring,30,fixed_beta_0.60,0.6,0.4613855570221461
s8_irregular_recurring,30,fixed_beta_0.65,0.65,0.4481124711669974
s8_irregular_recurring,30,fixed_beta_0.70,0.7,0.4537621467193417
s8_irregular_recurring,30,fixed_beta_0.75,0.75,0.4468144945646619
s8_irregular_recurring,30,fixed_beta_0.80,0.8,0.4416986746644263
s8_irregular_recurring,30,fixed_beta_0.85,0.85,0.4404184690297681
s8_irregular_recurring,30,fixed_beta_0.90,0.9,0.4414807208822779
s8_irregular_recurring,30,fixed_beta_0.95,0.95,0.4404901104118533
s8_irregular_recurring,30,fixed_beta_1.00,1.0,0.4397865777132707
s8_irregular_recurring,30,amgtp_adaptive,,0.4677675146838013
s8_irregular_recurring,30,m5b_smooth0.001,,0.4820235145620224
s8_irregular_recurring,30,m5b_smooth0.1,,0.4540970468769624
s8_irregular_recurring,30,ensemble3,,0.4558187842452078
s8_irregular_recurring,31,fixed_beta_0.00,0.0,0.4953555861191321
s8_irregular_recurring,31,fixed_beta_0.05,0.05,0.4809180490789356
s8_irregular_recurring,31,fixed_beta_0.10,0.1,0.4677183437991937
s8_irregular_recurring,31,fixed_beta_0.15,0.15,0.4787514854303197
s8_irregular_recurring,31,fixed_beta_0.20,0.2,0.4656075443801252
s8_irregular_recurring,31,fixed_beta_0.25,0.25,0.4683497563870756
s8_irregular_recurring,31,fixed_beta_0.30,0.3,0.4689268302849915
s8_irregular_recurring,31,fixed_beta_0.35,0.35,0.4700341319880286
s8_irregular_recurring,31,fixed_beta_0.40,0.4,0.4521459707063417
s8_irregular_recurring,31,fixed_beta_0.45,0.45,0.4772023621804258
s8_irregular_recurring,31,fixed_beta_0.50,0.5,0.4727575985774547
s8_irregular_recurring,31,fixed_beta_0.55,0.55,0.4795241010599857
s8_irregular_recurring,31,fixed_beta_0.60,0.6,0.469808601284884
s8_irregular_recurring,31,fixed_beta_0.65,0.65,0.457641876660569
s8_irregular_recurring,31,fixed_beta_0.70,0.7,0.4495141984164507
s8_irregular_recurring,31,fixed_beta_0.75,0.75,0.4482851221893965
s8_irregular_recurring,31,fixed_beta_0.80,0.8,0.4453179800074828
s8_irregular_recurring,31,fixed_beta_0.85,0.85,0.4393555052078052
s8_irregular_recurring,31,fixed_beta_0.90,0.9,0.4401433752737429
s8_irregular_recurring,31,fixed_beta_0.95,0.95,0.439021626624323
s8_irregular_recurring,31,fixed_beta_1.00,1.0,0.4406874575690288
s8_irregular_recurring,31,amgtp_adaptive,,0.4595288221264306
s8_irregular_recurring,31,m5b_smooth0.001,,0.5030962987030495
s8_irregular_recurring,31,m5b_smooth0.1,,0.4701680497270974
s8_irregular_recurring,31,ensemble3,,0.4844478175292294
s8_irregular_recurring,4,fixed_beta_0.00,0.0,0.5113965140270486
s8_irregular_recurring,4,fixed_beta_0.05,0.05,0.4977191851218617
s8_irregular_recurring,4,fixed_beta_0.10,0.1,0.4879640443175531
s8_irregular_recurring,4,fixed_beta_0.15,0.15,0.4883963492904682
s8_irregular_recurring,4,fixed_beta_0.20,0.2,0.4899037577130604
s8_irregular_recurring,4,fixed_beta_0.25,0.25,0.4909161097788562
s8_irregular_recurring,4,fixed_beta_0.30,0.3,0.5187285058095044
s8_irregular_recurring,4,fixed_beta_0.35,0.35,0.4947780819681786
s8_irregular_recurring,4,fixed_beta_0.40,0.4,0.4868087948456597
s8_irregular_recurring,4,fixed_beta_0.45,0.45,0.4855893791421572
s8_irregular_recurring,4,fixed_beta_0.50,0.5,0.4904936731603251
s8_irregular_recurring,4,fixed_beta_0.55,0.55,0.4980374734893534
s8_irregular_recurring,4,fixed_beta_0.60,0.6,0.4913070506288583
s8_irregular_recurring,4,fixed_beta_0.65,0.65,0.4812973285484739
s8_irregular_recurring,4,fixed_beta_0.70,0.7,0.4815239092443205
s8_irregular_recurring,4,fixed_beta_0.75,0.75,0.4836723090933102
s8_irregular_recurring,4,fixed_beta_0.80,0.8,0.4726669240997403
s8_irregular_recurring,4,fixed_beta_0.85,0.85,0.4749140650519694
s8_irregular_recurring,4,fixed_beta_0.90,0.9,0.4743577188934656
s8_irregular_recurring,4,fixed_beta_0.95,0.95,0.4784982607526973
s8_irregular_recurring,4,fixed_beta_1.00,1.0,0.4793168781559738
s8_irregular_recurring,4,amgtp_adaptive,,0.4826081555212591
s8_irregular_recurring,4,m5b_smooth0.001,,0.4891693428429409
s8_irregular_recurring,4,m5b_smooth0.1,,0.4849366614118819
s8_irregular_recurring,4,ensemble3,,0.4849231031130003
s9_heterogeneous,0,fixed_beta_0.00,0.0,0.443700536472844
s9_heterogeneous,0,fixed_beta_0.05,0.05,0.4397933758436549
s9_heterogeneous,0,fixed_beta_0.10,0.1,0.4381053605470938
s9_heterogeneous,0,fixed_beta_0.15,0.15,0.4436625985827321
s9_heterogeneous,0,fixed_beta_0.20,0.2,0.4393287033856584
s9_heterogeneous,0,fixed_beta_0.25,0.25,0.438871322695279
s9_heterogeneous,0,fixed_beta_0.30,0.3,0.4465849488378545
s9_heterogeneous,0,fixed_beta_0.35,0.35,0.4353409492780591
s9_heterogeneous,0,fixed_beta_0.40,0.4,0.4364120658596404
s9_heterogeneous,0,fixed_beta_0.45,0.45,0.4322328810265086
s9_heterogeneous,0,fixed_beta_0.50,0.5,0.4332628960516119
s9_heterogeneous,0,fixed_beta_0.55,0.55,0.4318893197936209
s9_heterogeneous,0,fixed_beta_0.60,0.6,0.4299635154477177
s9_heterogeneous,0,fixed_beta_0.65,0.65,0.4357485377556215
s9_heterogeneous,0,fixed_beta_0.70,0.7,0.431001637176216
s9_heterogeneous,0,fixed_beta_0.75,0.75,0.4320339637223599
s9_heterogeneous,0,fixed_beta_0.80,0.8,0.4277901440027333
s9_heterogeneous,0,fixed_beta_0.85,0.85,0.4255857955462702
s9_heterogeneous,0,fixed_beta_0.90,0.9,0.4267447640085485
s9_heterogeneous,0,fixed_beta_0.95,0.95,0.4277197242823077
s9_heterogeneous,0,fixed_beta_1.00,1.0,0.4296311997826769
s9_heterogeneous,0,amgtp_adaptive,,0.4296681608395968
s9_heterogeneous,0,m5b_smooth0.001,,0.4422152748288643
s9_heterogeneous,0,m5b_smooth0.1,,0.430651471412792
s9_heterogeneous,0,ensemble3,,0.4335723683292642
s9_heterogeneous,1,fixed_beta_0.00,0.0,0.4498906770968618
s9_heterogeneous,1,fixed_beta_0.05,0.05,0.4505195211189925
s9_heterogeneous,1,fixed_beta_0.10,0.1,0.4502805935840229
s9_heterogeneous,1,fixed_beta_0.15,0.15,0.4496196827053292
s9_heterogeneous,1,fixed_beta_0.20,0.2,0.4498862579911217
s9_heterogeneous,1,fixed_beta_0.25,0.25,0.4495320075500103
s9_heterogeneous,1,fixed_beta_0.30,0.3,0.4490765377645078
s9_heterogeneous,1,fixed_beta_0.35,0.35,0.4504498904179221
s9_heterogeneous,1,fixed_beta_0.40,0.4,0.4433075019310126
s9_heterogeneous,1,fixed_beta_0.45,0.45,0.4410413153944506
s9_heterogeneous,1,fixed_beta_0.50,0.5,0.4451459430993884
s9_heterogeneous,1,fixed_beta_0.55,0.55,0.4436413812538631
s9_heterogeneous,1,fixed_beta_0.60,0.6,0.4386918411466071
s9_heterogeneous,1,fixed_beta_0.65,0.65,0.4354972980141891
s9_heterogeneous,1,fixed_beta_0.70,0.7,0.4329004134552863
s9_heterogeneous,1,fixed_beta_0.75,0.75,0.4370590584885447
s9_heterogeneous,1,fixed_beta_0.80,0.8,0.4346419806960486
s9_heterogeneous,1,fixed_beta_0.85,0.85,0.4288835180073047
s9_heterogeneous,1,fixed_beta_0.90,0.9,0.4305571905224669
s9_heterogeneous,1,fixed_beta_0.95,0.95,0.4314747445839986
s9_heterogeneous,1,fixed_beta_1.00,1.0,0.4329460275117304
s9_heterogeneous,1,amgtp_adaptive,,0.4386525094206521
s9_heterogeneous,1,m5b_smooth0.001,,0.4505589054369521
s9_heterogeneous,1,m5b_smooth0.1,,0.4350140903195855
s9_heterogeneous,1,ensemble3,,0.4384407621277653
s9_heterogeneous,2,fixed_beta_0.00,0.0,0.4006194103078568
s9_heterogeneous,2,fixed_beta_0.05,0.05,0.3994478983130168
s9_heterogeneous,2,fixed_beta_0.10,0.1,0.3966745053087582
s9_heterogeneous,2,fixed_beta_0.15,0.15,0.3945291412815799
s9_heterogeneous,2,fixed_beta_0.20,0.2,0.3953774847456755
s9_heterogeneous,2,fixed_beta_0.25,0.25,0.3966972414633855
s9_heterogeneous,2,fixed_beta_0.30,0.3,0.3966453747197067
s9_heterogeneous,2,fixed_beta_0.35,0.35,0.3959836820835866
s9_heterogeneous,2,fixed_beta_0.40,0.4,0.4015908832067875
s9_heterogeneous,2,fixed_beta_0.45,0.45,0.4028844441044291
s9_heterogeneous,2,fixed_beta_0.50,0.5,0.3917834996430837
s9_heterogeneous,2,fixed_beta_0.55,0.55,0.3944101737237785
s9_heterogeneous,2,fixed_beta_0.60,0.6,0.39439579445248
s9_heterogeneous,2,fixed_beta_0.65,0.65,0.3963293080066304
s9_heterogeneous,2,fixed_beta_0.70,0.7,0.3932079354505859
s9_heterogeneous,2,fixed_beta_0.75,0.75,0.3940051668623823
s9_heterogeneous,2,fixed_beta_0.80,0.8,0.3941440758576049
s9_heterogeneous,2,fixed_beta_0.85,0.85,0.3913551451556613
s9_heterogeneous,2,fixed_beta_0.90,0.9,0.3905139305472589
s9_heterogeneous,2,fixed_beta_0.95,0.95,0.3915913896094432
s9_heterogeneous,2,fixed_beta_1.00,1.0,0.393968990315113
s9_heterogeneous,2,amgtp_adaptive,,0.3907282555944998
s9_heterogeneous,2,m5b_smooth0.001,,0.4000383013367535
s9_heterogeneous,2,m5b_smooth0.1,,0.4021343765404567
s9_heterogeneous,2,ensemble3,,0.4148993336009338
s9_heterogeneous,20,fixed_beta_0.00,0.0,0.4158269101244118
s9_heterogeneous,20,fixed_beta_0.05,0.05,0.4162875810613474
s9_heterogeneous,20,fixed_beta_0.10,0.1,0.41673826597261
s9_heterogeneous,20,fixed_beta_0.15,0.15,0.4234099334413779
s9_heterogeneous,20,fixed_beta_0.20,0.2,0.4184409718142614
s9_heterogeneous,20,fixed_beta_0.25,0.25,0.4089652242263772
s9_heterogeneous,20,fixed_beta_0.30,0.3,0.4086308258189965
s9_heterogeneous,20,fixed_beta_0.35,0.35,0.416593986778817
s9_heterogeneous,20,fixed_beta_0.40,0.4,0.4119543833872496
s9_heterogeneous,20,fixed_beta_0.45,0.45,0.4108621826342435
s9_heterogeneous,20,fixed_beta_0.50,0.5,0.410196528774833
s9_heterogeneous,20,fixed_beta_0.55,0.55,0.4125214663930373
s9_heterogeneous,20,fixed_beta_0.60,0.6,0.4098815517857466
s9_heterogeneous,20,fixed_beta_0.65,0.65,0.4091437040419176
s9_heterogeneous,20,fixed_beta_0.70,0.7,0.4065518491670256
s9_heterogeneous,20,fixed_beta_0.75,0.75,0.4064451795480648
s9_heterogeneous,20,fixed_beta_0.80,0.8,0.4028694164325311
s9_heterogeneous,20,fixed_beta_0.85,0.85,0.4006863281192891
s9_heterogeneous,20,fixed_beta_0.90,0.9,0.4009338477030562
s9_heterogeneous,20,fixed_beta_0.95,0.95,0.4012192977664451
s9_heterogeneous,20,fixed_beta_1.00,1.0,0.4033353677571215
s9_heterogeneous,20,amgtp_adaptive,,0.4039809535164518
s9_heterogeneous,20,m5b_smooth0.001,,0.4164478537936411
s9_heterogeneous,20,m5b_smooth0.1,,0.4032066417359189
s9_heterogeneous,20,ensemble3,,0.4070808821949356
s9_heterogeneous,21,fixed_beta_0.00,0.0,0.471154656802975
s9_heterogeneous,21,fixed_beta_0.05,0.05,0.4694130747622971
s9_heterogeneous,21,fixed_beta_0.10,0.1,0.4737669169468559
s9_heterogeneous,21,fixed_beta_0.15,0.15,0.4717156860132698
s9_heterogeneous,21,fixed_beta_0.20,0.2,0.4718471312686118
s9_heterogeneous,21,fixed_beta_0.25,0.25,0.4676972276817474
s9_heterogeneous,21,fixed_beta_0.30,0.3,0.4738020391293279
s9_heterogeneous,21,fixed_beta_0.35,0.35,0.4729625209864281
s9_heterogeneous,21,fixed_beta_0.40,0.4,0.4695167242845156
s9_heterogeneous,21,fixed_beta_0.45,0.45,0.4679559668102116
s9_heterogeneous,21,fixed_beta_0.50,0.5,0.4659805150954984
s9_heterogeneous,21,fixed_beta_0.55,0.55,0.4640822123276925
s9_heterogeneous,21,fixed_beta_0.60,0.6,0.4621913055945743
s9_heterogeneous,21,fixed_beta_0.65,0.65,0.4620370328130916
s9_heterogeneous,21,fixed_beta_0.70,0.7,0.4614939544042577
s9_heterogeneous,21,fixed_beta_0.75,0.75,0.4576300071670965
s9_heterogeneous,21,fixed_beta_0.80,0.8,0.4496633128116434
s9_heterogeneous,21,fixed_beta_0.85,0.85,0.4508964505475414
s9_heterogeneous,21,fixed_beta_0.90,0.9,0.4520677428747404
s9_heterogeneous,21,fixed_beta_0.95,0.95,0.4519044324800754
s9_heterogeneous,21,fixed_beta_1.00,1.0,0.453881729739187
s9_heterogeneous,21,amgtp_adaptive,,0.4707354812796867
s9_heterogeneous,21,m5b_smooth0.001,,0.4627546893053044
s9_heterogeneous,21,m5b_smooth0.1,,0.4506859355488413
s9_heterogeneous,21,ensemble3,,0.4543483066100565
s9_heterogeneous,22,fixed_beta_0.00,0.0,0.4481623571047579
s9_heterogeneous,22,fixed_beta_0.05,0.05,0.452463342149985
s9_heterogeneous,22,fixed_beta_0.10,0.1,0.4455004925846644
s9_heterogeneous,22,fixed_beta_0.15,0.15,0.4640921935177808
s9_heterogeneous,22,fixed_beta_0.20,0.2,0.4456796956739475
s9_heterogeneous,22,fixed_beta_0.25,0.25,0.4449157953408061
s9_heterogeneous,22,fixed_beta_0.30,0.3,0.4416527900660824
s9_heterogeneous,22,fixed_beta_0.35,0.35,0.4502581969501068
s9_heterogeneous,22,fixed_beta_0.40,0.4,0.4499759997285419
s9_heterogeneous,22,fixed_beta_0.45,0.45,0.4548837863771132
s9_heterogeneous,22,fixed_beta_0.50,0.5,0.4432720361424163
s9_heterogeneous,22,fixed_beta_0.55,0.55,0.4467240842923847
s9_heterogeneous,22,fixed_beta_0.60,0.6,0.4422490853752762
s9_heterogeneous,22,fixed_beta_0.65,0.65,0.4475507701473781
s9_heterogeneous,22,fixed_beta_0.70,0.7,0.449896111266948
s9_heterogeneous,22,fixed_beta_0.75,0.75,0.4431554999478
s9_heterogeneous,22,fixed_beta_0.80,0.8,0.4416453756241671
s9_heterogeneous,22,fixed_beta_0.85,0.85,0.4371715424885963
s9_heterogeneous,22,fixed_beta_0.90,0.9,0.4363881217783267
s9_heterogeneous,22,fixed_beta_0.95,0.95,0.4369522542669596
s9_heterogeneous,22,fixed_beta_1.00,1.0,0.4394186247387059
s9_heterogeneous,22,amgtp_adaptive,,0.4432626803609477
s9_heterogeneous,22,m5b_smooth0.001,,0.4492648438666553
s9_heterogeneous,22,m5b_smooth0.1,,0.4375141438817032
s9_heterogeneous,22,ensemble3,,0.4450420077640517
s9_heterogeneous,23,fixed_beta_0.00,0.0,0.4299535566384967
s9_heterogeneous,23,fixed_beta_0.05,0.05,0.4290190495369735
s9_heterogeneous,23,fixed_beta_0.10,0.1,0.4185001868106447
s9_heterogeneous,23,fixed_beta_0.15,0.15,0.421829260096825
s9_heterogeneous,23,fixed_beta_0.20,0.2,0.4188205794731948
s9_heterogeneous,23,fixed_beta_0.25,0.25,0.4190092724354316
s9_heterogeneous,23,fixed_beta_0.30,0.3,0.4165126358974456
s9_heterogeneous,23,fixed_beta_0.35,0.35,0.4265023609629412
s9_heterogeneous,23,fixed_beta_0.40,0.4,0.4254760298405435
s9_heterogeneous,23,fixed_beta_0.45,0.45,0.4154041283595184
s9_heterogeneous,23,fixed_beta_0.50,0.5,0.414025013644997
s9_heterogeneous,23,fixed_beta_0.55,0.55,0.4142029225124392
s9_heterogeneous,23,fixed_beta_0.60,0.6,0.4147450261344574
s9_heterogeneous,23,fixed_beta_0.65,0.65,0.4143572688395396
s9_heterogeneous,23,fixed_beta_0.70,0.7,0.415707399682544
s9_heterogeneous,23,fixed_beta_0.75,0.75,0.421547590857129
s9_heterogeneous,23,fixed_beta_0.80,0.8,0.4181511072907171
s9_heterogeneous,23,fixed_beta_0.85,0.85,0.413650977918481
s9_heterogeneous,23,fixed_beta_0.90,0.9,0.4132870722306752
s9_heterogeneous,23,fixed_beta_0.95,0.95,0.4142891091003138
s9_heterogeneous,23,fixed_beta_1.00,1.0,0.4172697144684658
s9_heterogeneous,23,amgtp_adaptive,,0.4170195176990509
s9_heterogeneous,23,m5b_smooth0.001,,0.4314734129830675
s9_heterogeneous,23,m5b_smooth0.1,,0.4249561019609436
s9_heterogeneous,23,ensemble3,,0.4305453692829515
s9_heterogeneous,24,fixed_beta_0.00,0.0,0.4494106866005404
s9_heterogeneous,24,fixed_beta_0.05,0.05,0.4487288195876542
s9_heterogeneous,24,fixed_beta_0.10,0.1,0.4460627409513749
s9_heterogeneous,24,fixed_beta_0.15,0.15,0.4463263150555263
s9_heterogeneous,24,fixed_beta_0.20,0.2,0.4406800614211198
s9_heterogeneous,24,fixed_beta_0.25,0.25,0.4414265737871592
s9_heterogeneous,24,fixed_beta_0.30,0.3,0.4435212865492848
s9_heterogeneous,24,fixed_beta_0.35,0.35,0.4415622826702553
s9_heterogeneous,24,fixed_beta_0.40,0.4,0.4403883611918899
s9_heterogeneous,24,fixed_beta_0.45,0.45,0.4366175978763016
s9_heterogeneous,24,fixed_beta_0.50,0.5,0.4328444798613017
s9_heterogeneous,24,fixed_beta_0.55,0.55,0.4370598954672551
s9_heterogeneous,24,fixed_beta_0.60,0.6,0.4341513185001144
s9_heterogeneous,24,fixed_beta_0.65,0.65,0.4347707647317507
s9_heterogeneous,24,fixed_beta_0.70,0.7,0.4310495342094405
s9_heterogeneous,24,fixed_beta_0.75,0.75,0.4290186460262785
s9_heterogeneous,24,fixed_beta_0.80,0.8,0.4255600950554685
s9_heterogeneous,24,fixed_beta_0.85,0.85,0.424029906501507
s9_heterogeneous,24,fixed_beta_0.90,0.9,0.4240311483298249
s9_heterogeneous,24,fixed_beta_0.95,0.95,0.4257113373936714
s9_heterogeneous,24,fixed_beta_1.00,1.0,0.4297597693781075
s9_heterogeneous,24,amgtp_adaptive,,0.4284487983815572
s9_heterogeneous,24,m5b_smooth0.001,,0.4475175536480153
s9_heterogeneous,24,m5b_smooth0.1,,0.4351438094076853
s9_heterogeneous,24,ensemble3,,0.4392719281528827
s9_heterogeneous,25,fixed_beta_0.00,0.0,0.4778165172512625
s9_heterogeneous,25,fixed_beta_0.05,0.05,0.48532775131173
s9_heterogeneous,25,fixed_beta_0.10,0.1,0.4862596083187239
s9_heterogeneous,25,fixed_beta_0.15,0.15,0.4856222071429933
s9_heterogeneous,25,fixed_beta_0.20,0.2,0.4853521444660905
s9_heterogeneous,25,fixed_beta_0.25,0.25,0.4845153513446832
s9_heterogeneous,25,fixed_beta_0.30,0.3,0.482160589279884
s9_heterogeneous,25,fixed_beta_0.35,0.35,0.4844790414509906
s9_heterogeneous,25,fixed_beta_0.40,0.4,0.4793023496128394
s9_heterogeneous,25,fixed_beta_0.45,0.45,0.4836003625428074
s9_heterogeneous,25,fixed_beta_0.50,0.5,0.4868363741461921
s9_heterogeneous,25,fixed_beta_0.55,0.55,0.4800626718865245
s9_heterogeneous,25,fixed_beta_0.60,0.6,0.4768057446096493
s9_heterogeneous,25,fixed_beta_0.65,0.65,0.4771489800102563
s9_heterogeneous,25,fixed_beta_0.70,0.7,0.4807986356290564
s9_heterogeneous,25,fixed_beta_0.75,0.75,0.4756351748014837
s9_heterogeneous,25,fixed_beta_0.80,0.8,0.4718015925237392
s9_heterogeneous,25,fixed_beta_0.85,0.85,0.4701941339477728
s9_heterogeneous,25,fixed_beta_0.90,0.9,0.4697564183608702
s9_heterogeneous,25,fixed_beta_0.95,0.95,0.4709533492623579
s9_heterogeneous,25,fixed_beta_1.00,1.0,0.4724055609297779
s9_heterogeneous,25,amgtp_adaptive,,0.4805467935645464
s9_heterogeneous,25,m5b_smooth0.001,,0.4862619356190072
s9_heterogeneous,25,m5b_smooth0.1,,0.4740735264722417
s9_heterogeneous,25,ensemble3,,0.4780236184964273
s9_heterogeneous,26,fixed_beta_0.00,0.0,0.4532604722738851
s9_heterogeneous,26,fixed_beta_0.05,0.05,0.4557369005855841
s9_heterogeneous,26,fixed_beta_0.10,0.1,0.4552838094144477
s9_heterogeneous,26,fixed_beta_0.15,0.15,0.456614889088951
s9_heterogeneous,26,fixed_beta_0.20,0.2,0.4569584125929395
s9_heterogeneous,26,fixed_beta_0.25,0.25,0.4489543353458604
s9_heterogeneous,26,fixed_beta_0.30,0.3,0.454515791447344
s9_heterogeneous,26,fixed_beta_0.35,0.35,0.4499394799057377
s9_heterogeneous,26,fixed_beta_0.40,0.4,0.4514819833886766
s9_heterogeneous,26,fixed_beta_0.45,0.45,0.4494903666617998
s9_heterogeneous,26,fixed_beta_0.50,0.5,0.4446167520107671
s9_heterogeneous,26,fixed_beta_0.55,0.55,0.4435804797673155
s9_heterogeneous,26,fixed_beta_0.60,0.6,0.444531587834478
s9_heterogeneous,26,fixed_beta_0.65,0.65,0.4428483053386786
s9_heterogeneous,26,fixed_beta_0.70,0.7,0.4464484359508499
s9_heterogeneous,26,fixed_beta_0.75,0.75,0.4411649466915214
s9_heterogeneous,26,fixed_beta_0.80,0.8,0.4393422756643269
s9_heterogeneous,26,fixed_beta_0.85,0.85,0.4386523449567321
s9_heterogeneous,26,fixed_beta_0.90,0.9,0.4399240807840996
s9_heterogeneous,26,fixed_beta_0.95,0.95,0.4411665809788549
s9_heterogeneous,26,fixed_beta_1.00,1.0,0.4434479272305447
s9_heterogeneous,26,amgtp_adaptive,,0.4413301785440237
s9_heterogeneous,26,m5b_smooth0.001,,0.4540699156236467
s9_heterogeneous,26,m5b_smooth0.1,,0.4459577458907013
s9_heterogeneous,26,ensemble3,,0.4510211485814155
s9_heterogeneous,27,fixed_beta_0.00,0.0,0.4642187467745771
s9_heterogeneous,27,fixed_beta_0.05,0.05,0.4517802706764527
s9_heterogeneous,27,fixed_beta_0.10,0.1,0.4587467346111906
s9_heterogeneous,27,fixed_beta_0.15,0.15,0.4695132226098701
s9_heterogeneous,27,fixed_beta_0.20,0.2,0.4665902798147299
s9_heterogeneous,27,fixed_beta_0.25,0.25,0.4709799056170014
s9_heterogeneous,27,fixed_beta_0.30,0.3,0.4616625468549896
s9_heterogeneous,27,fixed_beta_0.35,0.35,0.4545020628780793
s9_heterogeneous,27,fixed_beta_0.40,0.4,0.4610687934236969
s9_heterogeneous,27,fixed_beta_0.45,0.45,0.4588133622094797
s9_heterogeneous,27,fixed_beta_0.50,0.5,0.4578211389268995
s9_heterogeneous,27,fixed_beta_0.55,0.55,0.4596042547484315
s9_heterogeneous,27,fixed_beta_0.60,0.6,0.4566609441159567
s9_heterogeneous,27,fixed_beta_0.65,0.65,0.4549251517303103
s9_heterogeneous,27,fixed_beta_0.70,0.7,0.4540226663498665
s9_heterogeneous,27,fixed_beta_0.75,0.75,0.4512541393642483
s9_heterogeneous,27,fixed_beta_0.80,0.8,0.4503624394458984
s9_heterogeneous,27,fixed_beta_0.85,0.85,0.4459391067761495
s9_heterogeneous,27,fixed_beta_0.90,0.9,0.4453954026095165
s9_heterogeneous,27,fixed_beta_0.95,0.95,0.4452701038743141
s9_heterogeneous,27,fixed_beta_1.00,1.0,0.448227112735351
s9_heterogeneous,27,amgtp_adaptive,,0.4486074814063237
s9_heterogeneous,27,m5b_smooth0.001,,0.4584749497132363
s9_heterogeneous,27,m5b_smooth0.1,,0.4550868467943281
s9_heterogeneous,27,ensemble3,,0.4602657645015555
s9_heterogeneous,28,fixed_beta_0.00,0.0,0.4549773159926068
s9_heterogeneous,28,fixed_beta_0.05,0.05,0.4581264775905053
s9_heterogeneous,28,fixed_beta_0.10,0.1,0.4530363225347687
s9_heterogeneous,28,fixed_beta_0.15,0.15,0.4565702711902384
s9_heterogeneous,28,fixed_beta_0.20,0.2,0.4502489101357015
s9_heterogeneous,28,fixed_beta_0.25,0.25,0.4551332901745686
s9_heterogeneous,28,fixed_beta_0.30,0.3,0.449687084029822
s9_heterogeneous,28,fixed_beta_0.35,0.35,0.4522268600682821
s9_heterogeneous,28,fixed_beta_0.40,0.4,0.4477166408159883
s9_heterogeneous,28,fixed_beta_0.45,0.45,0.4486134702664369
s9_heterogeneous,28,fixed_beta_0.50,0.5,0.4442677081938345
s9_heterogeneous,28,fixed_beta_0.55,0.55,0.4447226828157425
s9_heterogeneous,28,fixed_beta_0.60,0.6,0.4519070949960447
s9_heterogeneous,28,fixed_beta_0.65,0.65,0.4473268735045947
s9_heterogeneous,28,fixed_beta_0.70,0.7,0.4452522179649203
s9_heterogeneous,28,fixed_beta_0.75,0.75,0.4464977233532041
s9_heterogeneous,28,fixed_beta_0.80,0.8,0.443044882888625
s9_heterogeneous,28,fixed_beta_0.85,0.85,0.4418347723992615
s9_heterogeneous,28,fixed_beta_0.90,0.9,0.4426046884275912
s9_heterogeneous,28,fixed_beta_0.95,0.95,0.4433114526226106
s9_heterogeneous,28,fixed_beta_1.00,1.0,0.4452736020309444
s9_heterogeneous,28,amgtp_adaptive,,0.450854331487512
s9_heterogeneous,28,m5b_smooth0.001,,0.4553178976099495
s9_heterogeneous,28,m5b_smooth0.1,,0.4413748719298619
s9_heterogeneous,28,ensemble3,,0.4439136183677251
s9_heterogeneous,29,fixed_beta_0.00,0.0,0.4603111309424521
s9_heterogeneous,29,fixed_beta_0.05,0.05,0.4581775202579337
s9_heterogeneous,29,fixed_beta_0.10,0.1,0.4516103147166398
s9_heterogeneous,29,fixed_beta_0.15,0.15,0.4588931357503076
s9_heterogeneous,29,fixed_beta_0.20,0.2,0.4585034702206517
s9_heterogeneous,29,fixed_beta_0.25,0.25,0.4558487848230226
s9_heterogeneous,29,fixed_beta_0.30,0.3,0.4567499337013269
s9_heterogeneous,29,fixed_beta_0.35,0.35,0.4576601262336219
s9_heterogeneous,29,fixed_beta_0.40,0.4,0.456953809349002
s9_heterogeneous,29,fixed_beta_0.45,0.45,0.4523529602386346
s9_heterogeneous,29,fixed_beta_0.50,0.5,0.4535633431834768
s9_heterogeneous,29,fixed_beta_0.55,0.55,0.4525611789884982
s9_heterogeneous,29,fixed_beta_0.60,0.6,0.4496675449232178
s9_heterogeneous,29,fixed_beta_0.65,0.65,0.4483042005108312
s9_heterogeneous,29,fixed_beta_0.70,0.7,0.4478233466021967
s9_heterogeneous,29,fixed_beta_0.75,0.75,0.4402482656228194
s9_heterogeneous,29,fixed_beta_0.80,0.8,0.4397481184687523
s9_heterogeneous,29,fixed_beta_0.85,0.85,0.4340853173912695
s9_heterogeneous,29,fixed_beta_0.90,0.9,0.4349342534723643
s9_heterogeneous,29,fixed_beta_0.95,0.95,0.4350838918806916
s9_heterogeneous,29,fixed_beta_1.00,1.0,0.4367707869831503
s9_heterogeneous,29,amgtp_adaptive,,0.4490551019450519
s9_heterogeneous,29,m5b_smooth0.001,,0.454313906310415
s9_heterogeneous,29,m5b_smooth0.1,,0.4417566417938635
s9_heterogeneous,29,ensemble3,,0.4450921226727654
s9_heterogeneous,3,fixed_beta_0.00,0.0,0.4556117334512038
s9_heterogeneous,3,fixed_beta_0.05,0.05,0.454516527976278
s9_heterogeneous,3,fixed_beta_0.10,0.1,0.4528367913304222
s9_heterogeneous,3,fixed_beta_0.15,0.15,0.454740252744717
s9_heterogeneous,3,fixed_beta_0.20,0.2,0.4572126273461404
s9_heterogeneous,3,fixed_beta_0.25,0.25,0.4647097229392621
s9_heterogeneous,3,fixed_beta_0.30,0.3,0.4653404955384538
s9_heterogeneous,3,fixed_beta_0.35,0.35,0.4506960121518167
s9_heterogeneous,3,fixed_beta_0.40,0.4,0.4555953259810843
s9_heterogeneous,3,fixed_beta_0.45,0.45,0.4534284521204733
s9_heterogeneous,3,fixed_beta_0.50,0.5,0.4531457834262162
s9_heterogeneous,3,fixed_beta_0.55,0.55,0.4525317522668604
s9_heterogeneous,3,fixed_beta_0.60,0.6,0.4512357840862096
s9_heterogeneous,3,fixed_beta_0.65,0.65,0.4518139982295573
s9_heterogeneous,3,fixed_beta_0.70,0.7,0.4513964866849029
s9_heterogeneous,3,fixed_beta_0.75,0.75,0.4500530009677096
s9_heterogeneous,3,fixed_beta_0.80,0.8,0.4433902150692147
s9_heterogeneous,3,fixed_beta_0.85,0.85,0.4414259977891589
s9_heterogeneous,3,fixed_beta_0.90,0.9,0.4408026870562108
s9_heterogeneous,3,fixed_beta_0.95,0.95,0.4415323247791698
s9_heterogeneous,3,fixed_beta_1.00,1.0,0.4444157178080123
s9_heterogeneous,3,amgtp_adaptive,,0.4606308540500898
s9_heterogeneous,3,m5b_smooth0.001,,0.4551729626503308
s9_heterogeneous,3,m5b_smooth0.1,,0.4453841385083669
s9_heterogeneous,3,ensemble3,,0.4498537863098641
s9_heterogeneous,30,fixed_beta_0.00,0.0,0.4477789822442728
s9_heterogeneous,30,fixed_beta_0.05,0.05,0.4478278459602818
s9_heterogeneous,30,fixed_beta_0.10,0.1,0.4488926744773118
s9_heterogeneous,30,fixed_beta_0.15,0.15,0.4441300147416464
s9_heterogeneous,30,fixed_beta_0.20,0.2,0.4445908227897144
s9_heterogeneous,30,fixed_beta_0.25,0.25,0.4399797918169969
s9_heterogeneous,30,fixed_beta_0.30,0.3,0.4384890098586445
s9_heterogeneous,30,fixed_beta_0.35,0.35,0.434339341316864
s9_heterogeneous,30,fixed_beta_0.40,0.4,0.4349663510773484
s9_heterogeneous,30,fixed_beta_0.45,0.45,0.4354928383120141
s9_heterogeneous,30,fixed_beta_0.50,0.5,0.4323948273482239
s9_heterogeneous,30,fixed_beta_0.55,0.55,0.4331965698668144
s9_heterogeneous,30,fixed_beta_0.60,0.6,0.4376585107569926
s9_heterogeneous,30,fixed_beta_0.65,0.65,0.4357479816952213
s9_heterogeneous,30,fixed_beta_0.70,0.7,0.4339712625119778
s9_heterogeneous,30,fixed_beta_0.75,0.75,0.4328477859468893
s9_heterogeneous,30,fixed_beta_0.80,0.8,0.4288111277109595
s9_heterogeneous,30,fixed_beta_0.85,0.85,0.4268305445721759
s9_heterogeneous,30,fixed_beta_0.90,0.9,0.4261759329121488
s9_heterogeneous,30,fixed_beta_0.95,0.95,0.4272565890581736
s9_heterogeneous,30,fixed_beta_1.00,1.0,0.4312207835280957
s9_heterogeneous,30,amgtp_adaptive,,0.4310409164093147
s9_heterogeneous,30,m5b_smooth0.001,,0.4466025494443866
s9_heterogeneous,30,m5b_smooth0.1,,0.4387593577422041
s9_heterogeneous,30,ensemble3,,0.437184843231609
s9_heterogeneous,31,fixed_beta_0.00,0.0,0.4559503189183359
s9_heterogeneous,31,fixed_beta_0.05,0.05,0.448458461072901
s9_heterogeneous,31,fixed_beta_0.10,0.1,0.448269845093678
s9_heterogeneous,31,fixed_beta_0.15,0.15,0.453493728743326
s9_heterogeneous,31,fixed_beta_0.20,0.2,0.4772774589726396
s9_heterogeneous,31,fixed_beta_0.25,0.25,0.4517042373993285
s9_heterogeneous,31,fixed_beta_0.30,0.3,0.4480145186597134
s9_heterogeneous,31,fixed_beta_0.35,0.35,0.4442538949959755
s9_heterogeneous,31,fixed_beta_0.40,0.4,0.4628760412259796
s9_heterogeneous,31,fixed_beta_0.45,0.45,0.45816975505461
s9_heterogeneous,31,fixed_beta_0.50,0.5,0.4499820836104226
s9_heterogeneous,31,fixed_beta_0.55,0.55,0.4494520916275738
s9_heterogeneous,31,fixed_beta_0.60,0.6,0.4561179521037959
s9_heterogeneous,31,fixed_beta_0.65,0.65,0.4544809283193629
s9_heterogeneous,31,fixed_beta_0.70,0.7,0.449781661743973
s9_heterogeneous,31,fixed_beta_0.75,0.75,0.4499421119087356
s9_heterogeneous,31,fixed_beta_0.80,0.8,0.4463840180660658
s9_heterogeneous,31,fixed_beta_0.85,0.85,0.4410305056039874
s9_heterogeneous,31,fixed_beta_0.90,0.9,0.4407191447963081
s9_heterogeneous,31,fixed_beta_0.95,0.95,0.4409855083421001
s9_heterogeneous,31,fixed_beta_1.00,1.0,0.4433857878461353
s9_heterogeneous,31,amgtp_adaptive,,0.4512654674831167
s9_heterogeneous,31,m5b_smooth0.001,,0.4566648674471708
s9_heterogeneous,31,m5b_smooth0.1,,0.44686472864272
s9_heterogeneous,31,ensemble3,,0.4511697855772076
s9_heterogeneous,4,fixed_beta_0.00,0.0,0.463053892560805
s9_heterogeneous,4,fixed_beta_0.05,0.05,0.4639307507540098
s9_heterogeneous,4,fixed_beta_0.10,0.1,0.4657459838018158
s9_heterogeneous,4,fixed_beta_0.15,0.15,0.4646278822155015
s9_heterogeneous,4,fixed_beta_0.20,0.2,0.4678358246168139
s9_heterogeneous,4,fixed_beta_0.25,0.25,0.4667414790926777
s9_heterogeneous,4,fixed_beta_0.30,0.3,0.4574082321543575
s9_heterogeneous,4,fixed_beta_0.35,0.35,0.4592199356217378
s9_heterogeneous,4,fixed_beta_0.40,0.4,0.4619002196751178
s9_heterogeneous,4,fixed_beta_0.45,0.45,0.4545991562192661
s9_heterogeneous,4,fixed_beta_0.50,0.5,0.4614038713925603
s9_heterogeneous,4,fixed_beta_0.55,0.55,0.4568316718244987
s9_heterogeneous,4,fixed_beta_0.60,0.6,0.4547638005962313
s9_heterogeneous,4,fixed_beta_0.65,0.65,0.4550917372071104
s9_heterogeneous,4,fixed_beta_0.70,0.7,0.4530818814803772
s9_heterogeneous,4,fixed_beta_0.75,0.75,0.4495840484265196
s9_heterogeneous,4,fixed_beta_0.80,0.8,0.4424394101051006
s9_heterogeneous,4,fixed_beta_0.85,0.85,0.4439904551536658
s9_heterogeneous,4,fixed_beta_0.90,0.9,0.444389066563522
s9_heterogeneous,4,fixed_beta_0.95,0.95,0.445712407770209
s9_heterogeneous,4,fixed_beta_1.00,1.0,0.4473945124620391
s9_heterogeneous,4,amgtp_adaptive,,0.4525626319667961
s9_heterogeneous,4,m5b_smooth0.001,,0.4636377339431393
s9_heterogeneous,4,m5b_smooth0.1,,0.4561312354775672
s9_heterogeneous,4,ensemble3,,0.4610893789933946
