method,day,gate_move_l1,pi_expanding,pi_rolling_1,pi_rolling_3,pi_rolling_7,pi_rolling_14,h_eff,pi_m2,pi_m5b,pi_m5b_hs
adamoe,4,,0.2,0.2,0.2,0.2,0.2,17.0,,,
adamoe,5,0.011310001374565282,0.20188500022909417,0.1945393872961742,0.199805612016543,0.20188500022909417,0.20188500022909417,17.146641241902433,,,
adamoe,6,0.007747807457158695,0.20293508869352003,0.19066548356759483,0.20052925035184474,0.20293508869352003,0.20293508869352003,17.22999541879825,,,
adamoe,7,0.008096969837463303,0.2042845836664306,0.18744708958909523,0.19969915941161273,0.2042845836664306,0.2042845836664306,17.33359584480481,,,
adamoe,8,0.004674525715780753,0.2050636712857275,0.1852985053914639,0.19951048075135402,0.2050636712857275,0.2050636712857275,17.393987321789453,,,
adamoe,9,0.0024123920848578284,0.20566676930694178,0.18411149143167085,0.1994951882031964,0.2050597817512489,0.20566676930694178,17.437356457013696,,,
adamoe,10,0.0027729595917209693,0.20620472923243663,0.18392691697577043,0.1982932828632365,0.20537034169611984,0.20620472923243663,17.47554912063863,,,
adamoe,11,0.0017917108170768803,0.2064425772607594,0.1843470763276635,0.19787041359280305,0.20489735555801503,0.2064425772607594,17.488990523308374,,,
adamoe,12,0.0015452181201768278,0.20660580549264548,0.18401533168450124,0.1983165661891194,0.20445649114108896,0.20660580549264548,17.498990074695246,,,
adamoe,13,0.0017633256983640155,0.20677072559914322,0.18456715432068757,0.1975488362120124,0.20434255826901374,0.20677072559914322,17.50864526517642,,,
adamoe,14,0.0024183562722205343,0.20722046569511932,0.183567428609067,0.1973393837875227,0.2046522562131718,0.20722046569511932,17.542465834902668,,,
adamoe,15,0.0014356688383349026,0.20750580846330807,0.18311718703185792,0.19748653267031246,0.20438466337121325,0.20750580846330807,17.561699254926086,,,
adamoe,16,0.0012181715035617657,0.20731873782608962,0.18310677036153045,0.1977334721487445,0.20474680964456232,0.20709421001907335,17.547978064152105,,,
adamoe,17,0.002870212133880029,0.20793604598011706,0.18333862104170906,0.1971672150939865,0.20387796063238028,0.20768015725180727,17.585670951082655,,,
adamoe,18,0.009097428894350279,0.20824647517605374,0.18757690629294768,0.1951756729537551,0.20180745623436086,0.20719348934288312,17.581253480158328,,,
adamoe,19,0.07804448932913555,0.19286694745583946,0.22473711947880576,0.19703770443246446,0.19253033251596952,0.19282789611692064,16.435169953375244,,,
adamoe,20,0.03656629154279786,0.18415126347172384,0.23116495359715553,0.2088930160855137,0.1903769537719249,0.18541381307368202,15.835351869592149,,,
adamoe,21,0.03135828442590752,0.1802979499000239,0.22199996535168004,0.22245426408686675,0.19249484798352573,0.1827529726779038,15.613245304989048,,,
adamoe,22,0.020128913156669564,0.17685862367697228,0.216815300635179,0.2280537918811802,0.19695977676754722,0.18131250703912183,15.429587632817592,,,
adamoe,23,0.016593048704576896,0.17757103528033785,0.21095920073720306,0.2256133674268671,0.20246665514270984,0.1833897414128815,15.526784385617386,,,
adamoe,24,0.017355147008370098,0.1776766484074484,0.20470514169614612,0.22318985296373914,0.20911881098551965,0.18530954594714633,15.593038925192953,,,
adamoe,25,0.01745750864598794,0.17796490926042147,0.2008088500216328,0.21835739031525866,0.2151440484007066,0.18772480200198044,15.667931143425369,,,
adamoe,26,0.012830677945560837,0.17949078412702468,0.19830871710415582,0.21444218425995526,0.21654993398876715,0.19120838052009714,15.803849182708232,,,
adamoe,27,0.012116323864891088,0.18101610834737875,0.19515492867284379,0.211537810758822,0.2174910208433884,0.19480013137756763,15.9403738469817,,,
adamoe,28,0.012320103297277146,0.18329784311872374,0.19315048920832195,0.20880163817634856,0.2160715812417452,0.1986784482548613,16.111425335121066,,,
adamoe,29,0.005536901703644792,0.18367644980889664,0.19186765802011885,0.2084958992996076,0.21489170045486652,0.20106829241651047,16.157140341467954,,,
adamoe,30,0.11808106134928048,0.24271698048353688,0.18009028447577127,0.18737839668038145,0.19139424349478368,0.1984200948655268,19.42288533610999,,,
adamoe,31,0.05377822076434041,0.23582298591702752,0.20687666753838227,0.1874811239999406,0.18247618973691718,0.1873430328077324,18.81883498202653,,,
adamoe,32,0.03048687301300615,0.22730239583609751,0.21167809112960356,0.1979231369152224,0.18246444518753785,0.18063193093153868,18.24968940139543,,,
adamoe,33,0.03275133208369649,0.21717159076581027,0.2094415601986871,0.21232208064150537,0.184441167503103,0.17662360089089402,17.640521833066057,,,
adamoe,34,0.01828176648459659,0.2115927925787563,0.20587947514344263,0.21370127890943813,0.18999591636724034,0.17883053700112206,17.376149799183526,,,
adamoe,35,0.09775788695315504,0.21514476130627275,0.18193892674883197,0.18876288382747153,0.1948472616213553,0.21930616649606843,18.091130418902058,,,
adamoe,36,0.04110311428392019,0.2056377982179363,0.20249048389079188,0.1849800928383395,0.1883024113161087,0.21858921373682325,17.474064527010274,,,
adamoe,37,0.024473073250870503,0.20037181172271157,0.2058297965388804,0.19387731681568604,0.1837981842613402,0.21612289066138102,17.122078209437348,,,
adamoe,38,0.026602002434370747,0.19407055452407085,0.20616174631654274,0.2068463682552094,0.1837889555732642,0.20913237533091272,16.68531006617205,,,
adamoe,39,0.021279464391313063,0.19129217017835992,0.20282964077022708,0.21295751056106088,0.18831754546306909,0.2046031330272826,16.501899063778446,,,
adamoe,40,0.01441980614942065,0.18951953781142636,0.20032219533775397,0.21386957925167993,0.1946153798471605,0.20167330775197911,16.398837169236206,,,
adamoe,41,0.013572393026561935,0.18880510095414252,0.19797799090901985,0.21278529398463708,0.20140157636044143,0.1990300377917589,16.360871493719195,,,
adamoe,42,0.01534747194432512,0.18904676745444543,0.193917438906543,0.21053312378376848,0.20883364583230107,0.19766902402294179,16.397524714671867,,,
adamoe,43,0.00576005302786084,0.18877784867607983,0.1945943375813117,0.2094484568424264,0.21103677367146267,0.19614258322871891,16.372864209575685,,,
adamoe,44,0.005224714810010744,0.18973337207369756,0.19373837786273537,0.20817738565444852,0.2126936076788505,0.19565725673026796,16.43032970722364,,,
adamoe,45,0.004996447946447435,0.18970439049911975,0.19229501398809556,0.20715150713044228,0.21334713167425987,0.19750195670808218,16.454470280959576,,,
adamoe,46,0.004355660619723922,0.18945359592141986,0.19165092121701371,0.2062051677169704,0.21301052812665158,0.1996797870179442,16.464072894790895,,,
adamoe,47,0.09575795532632392,0.23659479821984322,0.18255952148973303,0.1878310785358181,0.1925970393719229,0.2004175623826831,19.095765799248802,,,
adamoe,48,0.0520791429015145,0.23047970946401317,0.20859909294049045,0.1868377980757044,0.18404955265330347,0.19003384686648922,18.54671577971237,,,
adamoe,49,0.03838341181140295,0.22081757525255716,0.21632722246092567,0.19830137446097057,0.18302117691041178,0.18153265091513537,17.882891212182045,,,
adamoe,50,0.035487658344117684,0.211135635323845,0.21140951621093218,0.212936632614209,0.18612974792923176,0.17838846792178176,17.318704319893826,,,
adamoe,51,0.021543217235652445,0.20454980113003912,0.20722374178691194,0.21829525625090998,0.19115844614142286,0.17877275469071602,16.976025267001972,,,
adamoe,52,0.01482384443232887,0.2012112359204733,0.20355842890723513,0.21788721212398843,0.19680287755497966,0.1805402454933239,16.83507780029899,,,
adamoe,53,0.019437237326013268,0.1985317311880716,0.1998990183901347,0.21450750871048388,0.202923095110355,0.18413864660095514,16.75372813399174,,,
adamoe,54,0.016107632023957347,0.19673718045177646,0.19695727055582418,0.21118999126911092,0.2087051455105116,0.18641041221277727,16.705439861022207,,,
adamoe,55,0.013186000942836312,0.1961522372789547,0.1929864959846022,0.2091527085417362,0.21222212257623158,0.18948643561847517,16.727943815039367,,,
adamoe,56,0.005888342701951987,0.1953732038601249,0.19276888099851194,0.20730192104146983,0.21212538713044193,0.19243060696945108,16.715973083215825,,,
adamoe,57,0.0070438443445701715,0.19424079141211625,0.19143628526956022,0.20624500704614557,0.21230908043344732,0.19576883583873123,16.691546055911342,,,
adamoe,58,0.005100157742026101,0.19368342186194593,0.1910533520041686,0.20547677406367387,0.21146753736046792,0.19831891470974428,16.685226553371642,,,
adamoe,59,0.00641212076917963,0.19370305498794033,0.18943937676497974,0.20434654699684068,0.2110056792819003,0.20150534196833986,16.722776859561982,,,
adamoe,60,0.0074088636954803555,0.194415945337622,0.1886967815522313,0.20282493372809907,0.20956545591564998,0.20449688346639816,16.792042862932973,,,
adamoe,61,0.007280166818473849,0.19323628281638314,0.1875445000560439,0.2019020446033444,0.209180205648594,0.2081369668756351,16.765606578648114,,,
adamoe,62,0.004851228313163619,0.19398947611536493,0.1877637780212282,0.200727704680858,0.20792893141449845,0.20959010976805065,16.819079515639896,,,
adamoe,63,0.003350856769036792,0.1941416750939809,0.18608834963670967,0.20133606455182596,0.20835059617682827,0.21008331454065515,16.83821762573801,,,
adamoe,64,0.0918742065957586,0.24007877839186,0.1826032678582235,0.18721863282097687,0.19377353233607272,0.19632578859286648,19.253961636485396,,,
adamoe,65,0.06843575583649261,0.22735100670623598,0.21544652227417538,0.1885932563232714,0.18449338142652222,0.1841158332697948,18.29136202938093,,,
adamoe,66,0.04113262789580255,0.2143204229445974,0.22379660788684363,0.20080948465850465,0.1830897624447953,0.17798372206525925,17.458850884565397,,,
adamoe,67,0.03525375267963268,0.20428726862419994,0.21717510137344231,0.21560388717483447,0.18592223626828175,0.17701150655924164,16.900839626057298,,,
adamoe,68,0.026054992109867475,0.1984869750704858,0.20994789887222282,0.22179982743811794,0.19155680632724698,0.17820849229192678,16.62038242179343,,,
adamoe,69,0.10850890167001306,0.21842278014433814,0.18581163963363068,0.1916816358417035,0.1928096496902414,0.21127429469008652,18.17373102931193,,,
adamoe,70,0.03353371562343682,0.21632066641532027,0.20060343006316217,0.18420928098009598,0.18561726046914795,0.21324936207227302,18.017283150218525,,,
adamoe,71,0.023793199073019272,0.21178687399044965,0.20586979631175883,0.19083951426800902,0.18097304661877456,0.21053076881100746,17.69984286822829,,,
adamoe,72,0.028338099128329575,0.20647187055780225,0.20166112579728085,0.2042597329416563,0.18172187750929214,0.20588539319396815,17.357201205370984,,,
adamoe,73,0.017158950489415792,0.20378466142368468,0.19921555928880785,0.2086288174071166,0.18593226828853993,0.20243869359185102,17.187849285236933,,,
adamoe,74,0.01493651051545622,0.20153038475377885,0.19634139514115523,0.20966823696635795,0.19236110398702672,0.20009887915168137,17.065081227299686,,,
adamoe,75,0.013552278547425273,0.20044545517348816,0.19297631337016646,0.20897914691502997,0.19913724326073934,0.19846184128057615,17.01906754527779,,,
adamoe,76,0.01293180307715519,0.1978737022498825,0.19279937201967268,0.20740702240219938,0.2056031447993171,0.19631675852892877,16.875099207219442,,,
adamoe,77,0.0060846534593344825,0.19746830540321933,0.19087553778867888,0.20732868461692996,0.2086454715289846,0.19568200066218816,16.861026225806153,,,
adamoe,78,0.005237785103241993,0.1971784234695094,0.1892254266182091,0.20702108433068855,0.21126436408060528,0.19531070150098798,16.854194457358908,,,
adamoe,79,0.00553802058753794,0.19800722459661996,0.18923197344809256,0.20493616365378292,0.21058027446374175,0.19724436383776273,16.919956955181508,,,
adamoe,80,0.005890797034381279,0.19829716162405553,0.18721033165791579,0.20401240692676928,0.21061978670042167,0.1998603130908381,16.969460140056242,,,
adamoe,81,0.004339501121601502,0.19663038732242724,0.18740663028891266,0.2039934856964551,0.21013573167156335,0.20183376502064193,16.893833158713843,,,
adamoe,82,0.006966291214284076,0.19639460523733426,0.18846432742023794,0.20215800794009575,0.20872384590587356,0.20425921349645862,16.899310575772116,,,
adamoe,83,0.0058505511747218575,0.19651977366697992,0.1877067629826038,0.200961892234445,0.2077522504617978,0.20705932065417415,16.93487510209576,,,
adamoe,84,0.003818019715631532,0.196668729716743,0.1865137438576634,0.20071921362585976,0.20727893833750763,0.2088193744622268,16.96321897857355,,,
adamoe,85,0.002190094303078177,0.19625906885971056,0.18688884497718122,0.2002433602708351,0.20706940539802532,0.20953932049424773,16.946199382077967,,,
adamoe,86,0.0039109540084125705,0.19740093513681822,0.18505887434940482,0.20011785389440548,0.2074300943706257,0.2099922422487462,17.02137059631854,,,
adamoe,87,0.0037529951809699147,0.19786457422809584,0.18647173284861202,0.19980922269994206,0.20633001381072494,0.2095244564126253,17.035426341086016,,,
adamoe,88,0.07545607165146581,0.2355926100538288,0.1852461474757705,0.1878173541099511,0.19418975501590552,0.19715413334454435,19.003740964970312,,,
adamoe,89,0.06099503205000678,0.22471111132107596,0.2139988102634059,0.18956220734731896,0.18633448423766552,0.18539338683053366,18.16520091686105,,,
adamoe,90,0.03940998951838373,0.2123327437347879,0.2216670875998871,0.2015989247700296,0.18469796651486173,0.17970327738043365,17.375160134927352,,,
adamoe,91,0.03482124454655264,0.2015484336672993,0.217011151527558,0.21644076220655412,0.18726675135161353,0.177732901246975,16.758367335104122,,,
adamoe,92,0.02495214804293172,0.19592940432952877,0.21015410684386276,0.22102574435665456,0.19359438330134673,0.17929636116860728,16.49430533915548,,,
adamoe,93,0.017737124233480506,0.19210366400110948,0.20565820335009843,0.22047882606209795,0.1999929628144427,0.1817663437722516,16.33799407411558,,,
adamoe,94,0.016978233732252795,0.18894109815933813,0.20314673216989226,0.21766374621794918,0.2066583473490214,0.1835900761037994,16.20947335728037,,,
adamoe,95,0.017642520235639753,0.18678748617392893,0.19948114948500562,0.21466168077042508,0.2124566883821616,0.186612995188479,16.150494113545854,,,
adamoe,96,0.012072277553294708,0.18546434823717367,0.19613951494065374,0.21329031447488495,0.21517235222168718,0.18993347012560086,16.12914639990595,,,
adamoe,97,0.006272850936405505,0.18480492533487353,0.19547285889828914,0.21147996795134696,0.21531315124883443,0.19292909656665638,16.126407693519774,,,
adamoe,98,0.007945463179092116,0.1852409811125563,0.19325166055272427,0.2100456025390237,0.21499598341717624,0.19646577237851942,16.19334003214268,,,
adamoe,99,0.0067259882122367165,0.1847265434149536,0.19281465557084237,0.20834058539324074,0.2142894491363254,0.1998287664846377,16.199057891386985,,,
adamoe,100,0.007785843358954686,0.18503702888274692,0.1922439968373109,0.206344495972673,0.2129632756109473,0.20341120269632174,16.25199898474528,,,
adamoe,101,0.007123468136091271,0.1855097754766532,0.19014031992011104,0.20624535498041435,0.21160435945236017,0.20650019017046112,16.311696092013523,,,
adamoe,102,0.12122189979592113,0.2461207253746138,0.18283117336669122,0.18729715373907319,0.19241539967809335,0.1913355478415284,19.53757162458879,,,
adamoe,103,0.05032169524464819,0.24106483134710394,0.2079350363665478,0.18735413836154055,0.18289218635019178,0.1807538075746156,19.044685942773366,,,
adamoe,104,0.0333901098211592,0.22942799712247536,0.21348770681494622,0.19849652282372188,0.18230729873381113,0.17628047450504536,18.318734836841944,,,
adamoe,105,0.03263520047771007,0.2175320816518317,0.2100290063738448,0.2126267616807297,0.18449466011565835,0.1753174901779354,17.645741673826638,,,
adamoe,106,0.02172563894257823,0.211076697036132,0.20562157151825544,0.21609524682472483,0.18985233520839023,0.17735414941249755,17.330433572394046,,,
adamoe,107,0.016377918380022505,0.20661668481779902,0.2021980989652043,0.2157897724060978,0.19571784897717806,0.1796775948337211,17.13207977576378,,,
adamoe,108,0.019844955293676247,0.2031895175346961,0.19722123806131803,0.21427132294624895,0.20277858785924174,0.1825393335984956,17.00640704437546,,,
adamoe,109,0.0186682091943792,0.20103310146261727,0.1943513850414328,0.209963487441023,0.20794461040314863,0.1867074156517779,16.95574402706847,,,
adamoe,110,0.011706232687273332,0.19904560120732673,0.1921372996730064,0.20831195672110303,0.21141968501269315,0.18908545738586982,16.88694344076695,,,
adamoe,111,0.008918804386668838,0.19819111895014493,0.18992734028467878,0.20691699617327808,0.21251398752830503,0.1924505570635924,16.884051177401638,,,
adamoe,112,0.00576902813784691,0.1975630907603954,0.18899239446465516,0.20585592171296052,0.2122535219294725,0.19533507113251608,16.880811254588792,,,
adamoe,113,0.007162115801509938,0.19595316606063662,0.19025138221298293,0.20485894659785248,0.2112793638435847,0.1976571412849436,16.80817371053904,,,
adamoe,114,0.0059279500776428795,0.19537955992063538,0.18999342342491365,0.2040445526476758,0.2099613476830102,0.20062111632376478,16.803325738919842,,,
adamoe,115,0.007834466900028203,0.19573188700987504,0.18825597533581098,0.20302079441326792,0.20880532055650697,0.20418602268453956,16.86147314064722,,,
adamoe,116,0.006958681694580443,0.19609596865887552,0.18613029774973533,0.20212010099121988,0.20835235071734032,0.20730128188282917,16.91893312163692,,,
adamoe,117,0.005511465569254054,0.1970494004318467,0.1847173369222337,0.20116584625551195,0.20796383349592273,0.20910358289448489,16.99437589659382,,,
adamoe,118,0.08163712615189098,0.23786796350779224,0.18461661862383225,0.18795029479656444,0.1933887003453656,0.19617642272644553,19.120736134068856,,,
adamoe,119,0.05949804543650433,0.22668536987242877,0.2128341684670529,0.18948176767159605,0.18590878485066797,0.18508990913825454,18.275021885717806,,,
fixed_share,4,,0.2,0.2,0.2,0.2,0.2,17.0,,,
fixed_share,5,0.1331018454781099,0.2197479583840254,0.1334490772609451,0.20730704758697888,0.2197479583840254,0.2197479583840254,18.554954849127938,,,
fixed_share,6,0.09068165116533167,0.2338284332106972,0.08810825167827921,0.21040644868962918,0.2338284332106972,0.2338284332106972,19.659430687813643,,,
fixed_share,7,0.07783511505261369,0.2468009523861328,0.05687147116016948,0.20272567168143202,0.2468009523861328,0.2468009523861328,20.655925629481224,,,
fixed_share,8,0.056692361632612535,0.25624967932490156,0.038393429182738935,0.19285753284255627,0.25624967932490156,0.25624967932490156,21.373190053027432,,,
fixed_share,9,0.04158185879298556,0.2641786794866331,0.028911497143596088,0.18154853548520636,0.2611826083979313,0.2641786794866331,21.951057644395583,,,
fixed_share,10,0.03716100433810991,0.271170458318059,0.024976905339487026,0.1669026251202605,0.2657795529041344,0.271170458318059,22.45275556656558,,,
fixed_share,11,0.03036967815251557,0.2781210420710746,0.02328590110028609,0.1534087902832037,0.26706322447436115,0.2781210420710746,22.933911956529943,,,
fixed_share,12,0.02473818044919201,0.28430558718337257,0.021648636123502332,0.1435676379025332,0.26617255160721937,0.28430558718337257,23.354172862651208,,,
fixed_share,13,0.023130216691652314,0.29008814135628563,0.021394421014872378,0.13246758313810203,0.2659617131344543,0.29008814135628563,23.747051622735494,,,
fixed_share,14,0.022723766240292726,0.2957690829163588,0.020472817685189337,0.12277649129737436,0.2652125251847186,0.2957690829163588,24.132202103680893,,,
fixed_share,15,0.02141121384949576,0.3011218863787327,0.02028302521068763,0.11482932101055951,0.2626438810212873,0.3011218863787327,24.4862977474176,,,
fixed_share,16,0.01399253878012461,0.3047311908578136,0.020260502230700937,0.10785557460048391,0.26284157005170294,0.3043111622592985,24.72794593949307,,,
fixed_share,17,0.025680763699882304,0.31105255371690305,0.020204806904031983,0.10062066766774146,0.2572917904611733,0.3108301812501503,25.137885103651758,,,
fixed_share,18,0.04309114415875909,0.32350445256953464,0.018099110403843228,0.08934827221570202,0.24912431033402196,0.31992385447689825,25.919215216237756,,,
fixed_share,19,0.10708645063875594,0.2924157022902259,0.03392258586316106,0.11552408811774764,0.2606682442920364,0.29746937943682894,23.91468600978982,,,
fixed_share,20,0.1721876190528225,0.24089000024441984,0.047348441041165354,0.16777383469277513,0.2810864520654158,0.2629012719562237,20.652292931629724,,,
fixed_share,21,0.18627673353761495,0.1867504083231242,0.049184352623698004,0.2378324380815098,0.3023303038629561,0.22390249710871202,17.218653252818342,,,
fixed_share,22,0.19238307642460334,0.133143341066552,0.04882778028625258,0.30886755843507546,0.3274867217216921,0.1816745984904279,13.799882350502434,,,
fixed_share,23,0.13932380449026427,0.09804407375566541,0.043699027184538206,0.35321682619761613,0.3527993562042835,0.15224071665789668,11.58695945775785,,,
fixed_share,24,0.11834153058272284,0.07141359085405247,0.035743172413158546,0.3793878205725557,0.38579912712070535,0.1276562890395279,9.946504021772302,,,
fixed_share,25,0.08064339640592805,0.05451830102303021,0.0319568043482761,0.37679042661382334,0.4261208253236694,0.11061364269120097,8.964862920514058,,,
fixed_share,26,0.06361356528338163,0.04542837736654339,0.028703432299818282,0.3650448336233026,0.4579276079653602,0.10289574874497551,8.495574313349508,,,
fixed_share,27,0.05930104028247919,0.04005607178264218,0.0257739482767992,0.3461887856618729,0.48757812810659984,0.10040306617208596,8.286394435376351,,,
fixed_share,28,0.052012946263640364,0.03800110705635395,0.024261882526923226,0.3237493430062168,0.5106762542459959,0.10331141316450995,8.296669898951922,,,
fixed_share,29,0.03204519416542466,0.035888712287665867,0.023304572604527375,0.3107964506145885,0.5241084298656994,0.1059018346275189,8.260401355553405,,,
fixed_share,30,0.26578039291751426,0.11262722851820024,0.019805243994455327,0.24099366756579021,0.4645203450658125,0.1620535148557416,13.02081158122491,,,
fixed_share,31,0.19050968655867875,0.19047208006320648,0.030690723698449572,0.24751817959612918,0.3849771363419817,0.1463418803002331,16.94519634487636,,,
fixed_share,32,0.19307348715197425,0.2499654119195181,0.03395969153785667,0.28129262347639755,0.32785665806523867,0.10692561500098897,19.667717493608652,,,
fixed_share,33,0.15892946251270523,0.2751602276478354,0.033480561643907045,0.33556253900443295,0.28031739420938584,0.07547927749443888,20.568713481915175,,,
fixed_share,34,0.06226770664878071,0.2890630206310487,0.030811552629416726,0.3527935993456099,0.26452543265569484,0.06280639473822977,21.163941143454252,,,
fixed_share,35,0.36341027982802027,0.3865153721924825,0.017278310632170054,0.18462170142884643,0.2954599802584673,0.11612463548803369,27.456030505109403,,,
fixed_share,36,0.134481742862668,0.4036576832893082,0.025124134504139948,0.15478562454282135,0.2580551857131584,0.1583773719505721,28.732611512791213,,,
fixed_share,37,0.1087818375566799,0.39960892385220126,0.028901009522324786,0.1657955312162272,0.20771302637192537,0.1979815090373214,28.728555345429058,,,
fixed_share,38,0.1290512031497144,0.3591356485015586,0.03190318634188682,0.20369287576624173,0.1836607001477108,0.22160758924260202,26.579251874164534,,,
fixed_share,39,0.09695115412817412,0.31536582669083707,0.031142629335614985,0.2400053550219466,0.17971550190061714,0.23377068705098425,24.203906427869775,,,
fixed_share,40,0.08753730038708046,0.2720147542832447,0.03072505154966714,0.26708617895822767,0.19054346571611597,0.23963054949274457,21.84150079833027,,,
fixed_share,41,0.08808565138167387,0.23238987736907887,0.029705033104843924,0.28776347835998317,0.21390899200519742,0.23623261916089666,19.64100772261846,,,
fixed_share,42,0.0890831168965295,0.1987244456705334,0.02718677190760003,0.2958653539317495,0.2503486748816958,0.22787475360842127,17.780936848624624,,,
fixed_share,43,0.08100699478321616,0.1696892127859345,0.027204291184734733,0.3045110898702575,0.2821889170576612,0.21640648910141208,16.127103594774972,,,
fixed_share,44,0.06674896487111055,0.14933252458090177,0.026405918638033238,0.30561628625708936,0.31445820310638456,0.204187067417591,14.963032617854374,,,
fixed_share,45,0.06041138159404656,0.1293341765638428,0.02535525799155415,0.3002523617623843,0.3446638939034079,0.2003943097788109,13.904330531336484,,,
fixed_share,46,0.0520937911725051,0.11242858734771334,0.024302806530039654,0.2921635068537756,0.37029032011428425,0.20081477915418702,13.049947716912776,,,
fixed_share,47,0.3651441991517068,0.24064222677288474,0.019470794647396095,0.19527289061846992,0.28944084865638015,0.25517323930486907,20.64233436373872,,,
fixed_share,48,0.22823539369200743,0.34684559371537205,0.02738512455091246,0.18032546984446884,0.23088275758739213,0.2145610543018544,25.99913122034435,,,
fixed_share,49,0.19676062990911927,0.41210616046528137,0.03274162268935044,0.20808871991068126,0.1969337933385212,0.15012970359616576,28.863729814054246,,,
fixed_share,50,0.11400313100132252,0.42091613767857405,0.032888056069851214,0.25613387481754896,0.1806759518532686,0.109385979580757,28.852393318340418,,,
fixed_share,51,0.08338887638401597,0.4061199775055239,0.03174106396776354,0.2978283130095571,0.17870925499818083,0.08560139051897474,27.741808905580783,,,
fixed_share,52,0.06912419201488512,0.38605781483217405,0.030040013087170768,0.32439353702953244,0.18670612698564795,0.07280250806547474,26.49286751592239,,,
fixed_share,53,0.06692850029169797,0.3580819934167613,0.029247975771465706,0.3381916345822164,0.206372279578813,0.0681061166507436,24.926834074685893,,,
fixed_share,54,0.07149633640039148,0.3265390676755043,0.027347677484486556,0.3446208298039429,0.23569125255728227,0.06580117247878403,23.224609410030524,,,
fixed_share,55,0.06499003207406413,0.29784968994621075,0.02543600264079636,0.34272686633989446,0.26736100875451974,0.06662643231857855,21.728895112174865,,,
fixed_share,56,0.061991297622473435,0.27035502600628414,0.025601422149251096,0.3392258814685844,0.2948215143928809,0.06999615598299941,20.308277411444212,,,
fixed_share,57,0.0694611213169364,0.24198095688046692,0.02508610339629557,0.33338470868888886,0.3238210876085799,0.07572714342576851,18.871025263511797,,,
fixed_share,58,0.06575355195274002,0.21690236081343325,0.023998287955465672,0.32667434422038255,0.3495399702943294,0.08288503671638915,17.625333275512364,,,
fixed_share,59,0.07113023680507825,0.19360936295233827,0.023433453097511655,0.31496705853689244,0.37523352377624475,0.09275660163701298,16.51012349520038,,,
fixed_share,60,0.06704496773570767,0.17557335696694798,0.023039010556600757,0.2998750231953397,0.39616922543186023,0.10534338384925125,15.705057450072038,,,
fixed_share,61,0.07521292142458594,0.15518656767502192,0.022290257534875776,0.2834041047966978,0.41785769332207656,0.12126137667132793,14.80635975907941,,,
fixed_share,62,0.06396712764943711,0.14190532192895583,0.022859756278894403,0.26470178671804534,0.43271968904546837,0.13781344602863604,14.289710499889564,,,
fixed_share,63,0.05668203052821217,0.12882383420359755,0.021983931726407953,0.25031808373178394,0.4471534014292151,0.15172074890899534,13.756532529868053,,,
fixed_share,64,0.2768798739730267,0.26726377119011097,0.01865926573515516,0.18220700663673375,0.3862522260524414,0.14561773038555872,21.34352036481693,,,
fixed_share,65,0.20848601216639767,0.3597757384267664,0.03039030458169848,0.18220256959039322,0.313960104570796,0.11367128283034582,25.952661010579273,,,
fixed_share,66,0.1461496871827216,0.39072101303595075,0.03869375763187088,0.21602868552239737,0.26895073377797096,0.08560581003181013,27.211177073247246,,,
fixed_share,67,0.10867909379079746,0.3746758864217717,0.03893243772280393,0.270129552326863,0.24751888155451698,0.06874324197404437,26.024911838527935,,,
fixed_share,68,0.10841251815753397,0.3378046486859157,0.034738442543746674,0.32433581140563006,0.24452673112307372,0.05859436624163399,23.80803304315997,,,
fixed_share,69,0.38573400686706594,0.4917635970977424,0.018443202405025214,0.1477640481108185,0.2455436380611164,0.09648551432529748,33.03715383958401,,,
fixed_share,70,0.20342835639291074,0.5645294718178931,0.023340949904978224,0.10604256019049442,0.18555094778498504,0.12053607030164908,37.19959855826803,,,
fixed_share,71,0.10529393255876461,0.5967622863502114,0.026989907547936676,0.10453770970144112,0.1344088319946561,0.1373012644057547,39.00941974330811,,,
fixed_share,72,0.054771146201692385,0.5920012010146681,0.026974735284261954,0.12313795882105925,0.1117995164930279,0.1460865883869827,38.744269525496485,,,
fixed_share,73,0.033821992696131516,0.581555563012495,0.026439888267728875,0.1359404975296585,0.10586900516366839,0.15019504602644926,38.171408842122375,,,
fixed_share,74,0.040751915571607525,0.5615978234690315,0.026021670025388494,0.14777350163336395,0.11199675966500165,0.15261024520721422,37.085732333623376,,,
fixed_share,75,0.04589155708992779,0.5401032150271248,0.024570499922331443,0.1566248052242352,0.12600835711954866,0.15269312270675994,35.920400034954,,,
fixed_share,76,0.06767779879301353,0.508313918039657,0.025112948798491373,0.16602851563373,0.14990109723040074,0.15064352029772102,34.18035054286,,,
fixed_share,77,0.06642076685456237,0.4786853931383193,0.02444884710783713,0.17649283425796275,0.1726471620334491,0.14772576346243166,32.55174176088907,,,
fixed_share,78,0.06972139966639716,0.44899459651116785,0.02328236614625494,0.18427702086124015,0.19972367526337031,0.14372234121796676,30.925967723295177,,,
fixed_share,79,0.04834968479418686,0.42577494394391274,0.023472565589451395,0.18332183103140184,0.22082953517851273,0.14660112425672134,29.71815718116211,,,
fixed_share,80,0.05747703496892461,0.39941615721498097,0.022040600791685124,0.18237406507363757,0.24259736847524963,0.15357180844444673,28.38231912646046,,,
fixed_share,81,0.07156031540117905,0.36363599951439146,0.02239471884803475,0.18538243713677768,0.26489871486453836,0.16368812963625778,26.54262682008123,,,
fixed_share,82,0.06727391082176257,0.3346023162615872,0.023453915285796254,0.18077916497870064,0.2827474649194338,0.1784171385544821,25.119002580115918,,,
fixed_share,83,0.07313408223959246,0.3050139478961369,0.022966170787383666,0.17428823672276728,0.29943691939460815,0.19829472519910396,23.71885234327361,,,
fixed_share,84,0.0683502772640652,0.2781076933525901,0.02184064280139178,0.16814488062027338,0.3132592909084392,0.21864749231730557,22.466616814618973,,,
fixed_share,85,0.06673109912187507,0.25090809743931336,0.022314968749042253,0.16197892697261254,0.326721246175901,0.23807676066313077,21.18286096854082,,,
fixed_share,86,0.0594796365476724,0.2300109831099891,0.0212699530453094,0.15418123873183345,0.33854896031471104,0.2559888647981569,20.23815948521733,,,
fixed_share,87,0.047601745647729565,0.21292838231016814,0.021842373143610594,0.14746296670778972,0.3448662928228158,0.27289998501561585,19.4745980518554,,,
fixed_share,88,0.2990766142736716,0.36246668944700383,0.01889322251839516,0.10600853358793576,0.2783998105637112,0.23423174388295395,27.312963278409764,,,
fixed_share,89,0.2098416944367158,0.45742925773261095,0.028183591973021713,0.10667644306606,0.2313376262369167,0.17637308099139057,31.882554902665746,,,
fixed_share,90,0.12891804857007613,0.4886434342107206,0.03569728300874251,0.13240759983726766,0.20912324943792557,0.13412843350534367,33.09318695030407,,,
fixed_share,91,0.10277078405775945,0.46585904821045565,0.03844304043939941,0.18104723443549045,0.20693048545816967,0.10772019145648476,31.489723714971184,,,
fixed_share,92,0.11971193723669242,0.4231666416415203,0.036064139524586404,0.22564288859633552,0.2221907999156709,0.092935530321887,28.959424327720924,,,
fixed_share,93,0.13127402187520615,0.3670821254236011,0.034702800033325834,0.2625089678193888,0.2509617316302207,0.0847443750934637,25.790310601627592,,,
fixed_share,94,0.14279363297594322,0.3028850530464104,0.0332931794613667,0.29171948167242706,0.293148034265154,0.0789542515546419,22.238950568884334,,,
fixed_share,95,0.13401462526620467,0.24069323475618404,0.030995853707561374,0.30993265412861526,0.34194217444206815,0.07643608296557124,18.866088284076923,,,
fixed_share,96,0.11676560644782669,0.18546927145995187,0.028167688152286756,0.32224534942931166,0.38801228236528507,0.07610540859316466,15.904621720898636,,,
fixed_share,97,0.0827334341517473,0.14458357546146786,0.027686667074897087,0.3254082483110595,0.42480183832806334,0.07751967082451212,13.73781419953576,,,
fixed_share,98,0.07221884099269707,0.11460608290579392,0.02515517836234496,0.3218078090829371,0.4569039877206425,0.08152694192828155,12.20664868099923,,,
fixed_share,99,0.06757188601938549,0.09107793394356226,0.02451185095476176,0.3121933424430592,0.48455391717845336,0.0876629554801634,11.044926711869136,,,
fixed_share,100,0.06631058460114486,0.07495871800844277,0.024353901361290023,0.295315215671078,0.508196031769693,0.09717613318949624,10.325660715921888,,,
fixed_share,101,0.04951834879028879,0.06278887772388798,0.02317316968993858,0.2839066132318398,0.5220424459162871,0.10808889343804645,9.809767302365398,,,
fixed_share,102,0.23845751063021536,0.17736481082896868,0.0205659896402684,0.21492000934527936,0.4744074745374101,0.11274171564807348,16.206451008249125,,,
fixed_share,103,0.2545797063429579,0.2950253719605905,0.030195281680125502,0.21205877927762998,0.3758555429169151,0.08686502416473889,22.214993075873195,,,
fixed_share,104,0.19060421136040426,0.36282384601302897,0.03330112750510995,0.23645656508040924,0.30341708070577084,0.06400138069568108,25.532040478208007,,,
fixed_share,105,0.12329140881653394,0.3794350570683493,0.032702508838697526,0.28149105843335587,0.2563867841883904,0.04998459147120694,26.137770878155354,,,
fixed_share,106,0.05141840251488056,0.3818362175628849,0.03059711451012271,0.3047990991962606,0.23916090784303495,0.04360666088769695,26.139787073201,,,
fixed_share,107,0.03189898809418349,0.3702332393686999,0.028993411323504678,0.32074859324335225,0.23884018540618746,0.04118457065825565,25.45369884023445,,,
fixed_share,108,0.0492071573906776,0.348956300315556,0.025966012111828668,0.32921538013425317,0.25497697721062534,0.04088533022773673,24.308223635110643,,,
fixed_share,109,0.058978443203974586,0.3307300838978173,0.02490239199987622,0.3190159950619571,0.28175142163981637,0.04360010740053303,23.40841686614096,,,
fixed_share,110,0.06138021592573141,0.30487709946881536,0.024014706918015813,0.3150665566099537,0.309550508193698,0.04649112880951708,22.079569705565923,,,
fixed_share,111,0.0668580803887143,0.28011377024412526,0.02269576942956133,0.30771978312874115,0.33847670782745903,0.05099396937011322,20.835933859437098,,,
fixed_share,112,0.06242049953878524,0.25717403294553576,0.02229660345398011,0.2998484366335191,0.36382029990824566,0.05686062705871908,19.69507476826647,,,
fixed_share,113,0.06872179864227639,0.23168721073336682,0.02385081171557909,0.29097435952455,0.38959140723574776,0.0638962107907563,18.41969333601206,,,
fixed_share,114,0.06175944011858067,0.20984742352458463,0.023620276174421757,0.28216496221519916,0.4113351301262664,0.07303220795952801,17.362757396612356,,,
fixed_share,115,0.06116340304083328,0.19293006477299576,0.022930584466892556,0.2691903111539006,0.4300369680157947,0.0849120715904163,16.60533318268473,,,
fixed_share,116,0.06222548098447839,0.17663080163984432,0.02193125642621307,0.25537616183549233,0.447626933224596,0.09843484687385423,15.89738422912948,,,
fixed_share,117,0.059941964572766175,0.16410252259615007,0.02128889727398613,0.23857581774503042,0.46313940219833843,0.11289336018649489,15.405650564277378,,,
fixed_share,118,0.30177672752338497,0.3149908863578426,0.01844308558768125,0.17324756237001657,0.38563883505091884,0.10767963063354076,23.644625628394287,,,
fixed_share,119,0.1932448842396465,0.40164705642749604,0.02840935763785099,0.16941773447390748,0.31426971649193197,0.08625613496881339,28.042959851716247,,,
learn_alpha,4,,0.2,0.2,0.2,0.2,0.2,17.0,,,
learn_alpha,5,0.12487555096810962,0.2185274454673586,0.13756222451594535,0.20685543908197918,0.2185274454673586,0.2185274454673586,18.45885162461793,,,
learn_alpha,6,0.08199648888538355,0.23123697616109087,0.09656398007325345,0.20972509144347404,0.23123697616109087,0.23123697616109087,19.455934323452034,,,
learn_alpha,7,0.07024499493561631,0.24294447531702687,0.06849717788669607,0.20266939616222315,0.24294447531702687,0.24294447531702693,20.355007867052542,,,
learn_alpha,8,0.05078851274487858,0.25140922744117333,0.05184297469680632,0.19392934297967365,0.25140922744117333,0.25140922744117333,20.997778426370868,,,
learn_alpha,9,0.037081022392073726,0.25852114534103976,0.04328626076253192,0.18394554571791127,0.2557259028374775,0.2585211453410397,21.51576897301555,,,
learn_alpha,10,0.03318141670934248,0.26476716681409745,0.03990773689934489,0.17073336122642702,0.2598245682460333,0.2647671668140974,21.96365014254407,,,
learn_alpha,11,0.02715961346904966,0.27101809319536635,0.03844503001677267,0.15861626137447438,0.26090252221802024,0.27101809319536635,22.395950366123447,,,
learn_alpha,12,0.022632773201401044,0.27667628649571663,0.036526120023851916,0.1499630078278517,0.26015829915686317,0.27667628649571663,22.78156843828848,,,
learn_alpha,13,0.02107184400499247,0.28194424749696473,0.036250193163563274,0.13976091517436304,0.2601003966681442,0.28194424749696473,23.140110030139052,,,
learn_alpha,14,0.0214991216523749,0.2873190279100585,0.034837325983360506,0.1308216339321398,0.2597029842643828,0.2873190279100585,23.50683118297479,,,
learn_alpha,15,0.020203618321073945,0.29236993249032694,0.03439902997013306,0.12332323738683382,0.25753786766237924,0.29236993249032694,23.842508820051485,,,
learn_alpha,16,0.013974035768995509,0.29583344515151266,0.03414466605098139,0.11659058342148772,0.25799074033099195,0.29544056504502625,24.076026218353515,,,
learn_alpha,17,0.024954518987517896,0.30197518144776725,0.033803603086266384,0.1094460207068457,0.25299910651658997,0.30177608824253055,24.476511533084395,,,
learn_alpha,18,0.04023399332703031,0.31360477625032795,0.031318802897762586,0.09915076832345798,0.2456621624249664,0.3102634901034851,25.20838168131137,,,
learn_alpha,19,0.12094877134524437,0.2793579736428208,0.05649842644802015,0.12704536727529814,0.2530623255954908,0.28403590703837,22.947051924548777,,,
learn_alpha,20,0.16833673387797837,0.22988416420615843,0.07529964166631026,0.1775014934979867,0.2679733510935014,0.24934134953604326,19.76744632568889,,,
learn_alpha,21,0.16121373968737873,0.18327070037309434,0.07711484060778927,0.23937278707406104,0.2848937284196374,0.21534794352541797,16.800602532508947,,,
learn_alpha,22,0.15604317514268629,0.1394636774636671,0.07701311761217472,0.2957015485431282,0.3065865545219134,0.18123510185911665,14.015335718742612,,,
learn_alpha,23,0.10770321737275988,0.1126335005219712,0.0713472689586519,0.32577563799846154,0.3303640737529599,0.15987951876795534,12.357545993294403,,,
learn_alpha,24,0.09543799794179766,0.09168670663034455,0.06224476183095539,0.3413442916300258,0.3625144190922946,0.14220982081637976,11.116018459617084,,,
learn_alpha,25,0.0764700668944921,0.07784792438786979,0.058374061394633275,0.3331147408679238,0.40074945253954053,0.12991382081003244,10.352633406387831,,,
learn_alpha,26,0.05882865483891077,0.07059658156780242,0.054521376143848985,0.3191119472102942,0.430163779958996,0.12560631511905845,10.017286983222666,,,
learn_alpha,27,0.05416967842199465,0.06600114079601094,0.05048671232472899,0.3008780385848197,0.4572486191699933,0.12538548912444705,9.869326457772056,,,
learn_alpha,28,0.04849161477723331,0.06444983365641882,0.04824332985598417,0.28042692080454,0.47725814165123986,0.12962177403181718,9.912025939658854,,,
learn_alpha,29,0.030992394728964,0.06181518097166923,0.046511579094976316,0.26929712688581553,0.4899580118596375,0.13241810118790162,9.84687331770066,,,
learn_alpha,30,0.3147348601252955,0.16627449648976642,0.044023229227259625,0.20127173097903256,0.40310432757148934,0.18532621573245206,16.0406055248051,,,
learn_alpha,31,0.20429070498672047,0.24284356209753638,0.06693387864752307,0.20393736844435933,0.32405215559677547,0.16223303521380564,19.78898729200349,,,
learn_alpha,32,0.15797622932221345,0.28624991342447614,0.07437687938761751,0.2320761310384319,0.2813438696618609,0.1259532064876135,21.6783520564311,,,
learn_alpha,33,0.1063916829904133,0.2934129054453704,0.07500648833736097,0.27747937156300095,0.25306718454156496,0.10103405011270294,21.698165923117386,,,
learn_alpha,34,0.02946475490602897,0.29212245385674834,0.07149016454081417,0.29221174901601527,0.24963518089258568,0.09454045169383643,21.54648523295557,,,
learn_alpha,35,0.30787469759295466,0.35233483670482924,0.04827251330847729,0.1614920514518749,0.2751547504752653,0.16274584805955336,25.87736399611446,,,
learn_alpha,36,0.12343057552681362,0.33928068507309134,0.06848724314941558,0.14564699401702924,0.24233867177844196,0.20424640598202182,25.418089715783385,,,
learn_alpha,37,0.11746352516078805,0.31880309303228627,0.07701972581035552,0.16311273684617134,0.20408450123885302,0.23697994307233383,24.44085422997069,,,
learn_alpha,38,0.10911094984831102,0.27872941872326573,0.08305073493015366,0.19998841244078616,0.18960270062371806,0.24862873328207638,22.21480226596355,,,
learn_alpha,39,0.07191000232156586,0.24458074913245895,0.08124440336017755,0.23122576769982034,0.19294167258954698,0.25000740721799625,20.300462063585954,,,
learn_alpha,40,0.06838009564327055,0.21469589343093598,0.08050644799853765,0.2504358947775115,0.2079215933334911,0.24644017045952385,18.619181277955,,,
learn_alpha,41,0.07289083312385106,0.1900529114437201,0.07862310554103497,0.2624978329323321,0.23230507174059595,0.23652107834231678,17.206721889937842,,,
learn_alpha,42,0.07119174218154248,0.17094006055207614,0.07376502776928731,0.2641541082788855,0.2662446674848138,0.2248961359149372,16.13488956093333,,,
learn_alpha,43,0.0568222169824613,0.1550755988800321,0.0743584820093642,0.26649298853815495,0.29172344147669815,0.2123494890957506,15.19333031810315,,,
learn_alpha,44,0.04871949369056815,0.14568742210665492,0.07279028456785386,0.2641021660035655,0.31608318832198223,0.2013369389999435,14.63764157323093,,,
learn_alpha,45,0.04243760761916354,0.13554182093206524,0.07058102328138066,0.2579008852165105,0.337301992131564,0.1986742784384796,14.119346777914489,,,
learn_alpha,46,0.035373701727146434,0.1270657865130424,0.06836631720310951,0.25090477485023127,0.3539506518329275,0.19971246960068928,13.71865696977649,,,
learn_alpha,47,0.32986526586510245,0.2492257755492035,0.05983772551775282,0.17560778302309527,0.27284360241286904,0.24248511349707944,20.844904413388445,,,
learn_alpha,48,0.1923482405777624,0.3236653683376055,0.08157225301823194,0.17011576372291937,0.22168845707933077,0.20295815784191232,24.405075053785406,,,
learn_alpha,49,0.1438558228836943,0.35350139737048847,0.09397105481943073,0.1998088443306848,0.19890817918347237,0.1538105242959236,25.44918602446803,,,
learn_alpha,50,0.08732624565844634,0.34159625467589394,0.09336063882910384,0.243471967159908,0.19334113763825,0.12823000169684423,24.468159808086035,,,
learn_alpha,51,0.07718344659360195,0.31806151439332075,0.09048385290651262,0.27619845135277815,0.19920637674218084,0.11604980460520768,23.021911972232264,,,
learn_alpha,52,0.05931938791383423,0.2962234646536757,0.0867932495303684,0.2927648061373119,0.2122997159145642,0.11191876376407979,21.791456251261913,,,
learn_alpha,53,0.05267033121517385,0.27163144194929667,0.08505010662716055,0.296426104493805,0.23314516581878944,0.11374718111094835,20.496691633351176,,,
learn_alpha,54,0.058447620610907594,0.24824761550281244,0.08087233486220483,0.2947638923997912,0.2600281016180959,0.11608805561709572,19.305450432196338,,,
learn_alpha,55,0.05988499040893809,0.2292797897975959,0.0767830733659598,0.2878784843967837,0.2854075149868709,0.12065113745278974,18.384174443659216,,,
learn_alpha,56,0.048914839187803066,0.21216125354659626,0.07743168472306852,0.2805396010538818,0.3030241484512646,0.12684331222518888,17.54570111099199,,,
learn_alpha,57,0.0509417370409536,0.19567729258199457,0.07607095620513278,0.2729134220159424,0.320468617738876,0.13486971145805415,16.766905061757523,,,
learn_alpha,58,0.044799560216487205,0.18252347620024978,0.07354146302593521,0.2661969514686412,0.334185409907141,0.14355269939803283,16.172576550369293,,,
learn_alpha,59,0.046237957183134504,0.17049624164746396,0.07223885428561015,0.2564078161701849,0.3467768907498403,0.15408019714690085,15.655797796949498,,,
learn_alpha,60,0.04072226533315641,0.1622447919690955,0.07134798696973502,0.2451890004978502,0.35490542217878573,0.16631279838453356,15.354319639243986,,,
learn_alpha,61,0.04669984626787049,0.15177396407747015,0.06959895636531593,0.23405893585995946,0.3639331929735544,0.1806349507237002,14.954635269540088,,,
learn_alpha,62,0.034558145693981884,0.14659054795210036,0.0710408180126687,0.22196327913833827,0.36743965721044514,0.1929656976864476,14.805960900637087,,,
learn_alpha,63,0.029016775616710844,0.14139245893980582,0.06885553483712264,0.21483826351782337,0.37354855491715844,0.20136518778808965,14.630870375232305,,,
learn_alpha,64,0.25408103413514105,0.26843297600737637,0.06266366728509586,0.16641861053752025,0.3161874041263036,0.1862973420437039,21.48937267683622,,,
learn_alpha,65,0.19044110548646184,0.3249783769063465,0.09469238284622952,0.17306504682064738,0.2580970896160136,0.149167103810763,24.00760921835174,,,
learn_alpha,66,0.10651705636288673,0.32707020009755156,0.11243202104288422,0.20649211361423103,0.22966006878013398,0.12434559646519926,23.7045791997124,,,
learn_alpha,67,0.09302506957872841,0.3013453998001666,0.10983690254466637,0.25300464840359527,0.22218968251601884,0.11362336673555301,22.09562974767532,,,
learn_alpha,68,0.09417727170412286,0.26912972667023605,0.09934080383220423,0.29382551952736274,0.22845744724431277,0.10924650272588426,20.257254131501025,,,
learn_alpha,69,0.35296258235041555,0.37313391471620705,0.06441130807693457,0.1522737241074246,0.2372670340125656,0.17291401908686818,26.990932868675745,,,
learn_alpha,70,0.1418057504963262,0.40007159621699395,0.08117490996821008,0.1277933679590778,0.19084451491274929,0.20011561094296887,28.606380944455893,,,
learn_alpha,71,0.0708684336905216,0.4009590243544585,0.09130633660517097,0.13924560011299772,0.15541029806748846,0.2130787408598843,28.637559056722477,,,
learn_alpha,72,0.060130572852295686,0.38189777889575105,0.09050499157810671,0.16803927800233653,0.1452076021271123,0.21435034939669328,27.52584766577367,,,
learn_alpha,73,0.04317772010929555,0.36470259828899615,0.0891152919610165,0.185262981120919,0.1495727590631777,0.2113463695658907,26.532918620028255,,,
learn_alpha,74,0.052447912502637944,0.34399408844523016,0.08807486530946512,0.19729324704821372,0.16376644938720192,0.20687134980988905,25.362163956216776,,,
learn_alpha,75,0.0536741174617697,0.3260014817221444,0.08463100717375852,0.20409342074096248,0.18380333442533797,0.20147075593779656,24.364214096831827,,,
learn_alpha,76,0.06349855740233197,0.3021854044063318,0.08628267210201969,0.20853954411983316,0.20945482481937214,0.1935375545524432,23.018735106311237,,,
learn_alpha,77,0.05142031461053158,0.2841428573870054,0.0847375839541962,0.2143411084428581,0.22936341780161293,0.18741503241432725,22.005686730914967,,,
learn_alpha,78,0.04771844456449183,0.26853190592919884,0.0821379607348386,0.2170636535460239,0.25050009498069314,0.18176638480924556,21.143473329319132,,,
learn_alpha,79,0.030874123411224114,0.25830660352423485,0.08323552066006838,0.21185189424537582,0.2623319671277463,0.18427401444257466,20.633347386940557,,,
learn_alpha,80,0.03562433269667163,0.24747335588156436,0.07969933132136356,0.2084091648784154,0.2738553071317925,0.19056284078686436,20.13819509978912,,,
learn_alpha,81,0.0338723680449029,0.23083515286447776,0.08093195314415516,0.20811118387305044,0.2826959184862468,0.1974257916320698,19.298207188884675,,,
learn_alpha,82,0.03569708779477529,0.21950907650288082,0.08378207111619507,0.20158871633725972,0.28737152036793223,0.2077486156757321,18.7791740723366,,,
learn_alpha,83,0.037062638551125154,0.20881374914830797,0.08226534062032323,0.19526945491214187,0.29205595472551305,0.2215955005937139,18.343627345645814,,,
learn_alpha,84,0.03171494045868389,0.20021669136659478,0.07947731923897247,0.19079706384586376,0.2954628292267879,0.2340460963217809,18.0097551458647,,,
learn_alpha,85,0.027654217413628793,0.1907454215003057,0.08107689045041651,0.18644122500533858,0.29853899389949523,0.24319746914444407,17.57966338080346,,,
learn_alpha,86,0.024370023949057296,0.18581525507130164,0.07833127701113075,0.1819319928990997,0.30258012517837046,0.2513413498400974,17.409882333996485,,,
learn_alpha,87,0.015669354750843925,0.18205369766671464,0.08015870431319971,0.1783161556902917,0.3021228424163435,0.25734859991345044,17.256069327089666,,,
learn_alpha,88,0.23959670733932126,0.30185205133637527,0.07326122248810644,0.1444379335223282,0.2542645783208371,0.22618421433235297,23.56412915213641,,,
learn_alpha,89,0.17030348672874213,0.35068557845797177,0.10135907766628768,0.1526582945869215,0.21704917501474202,0.17824787427407698,25.61528313384563,,,
learn_alpha,90,0.09832398993819397,0.3458803634989318,0.11792176970765791,0.18525759751464832,0.2020804027796429,0.14885986649911914,24.92511732263268,,,
learn_alpha,91,0.10079255597546936,0.31006798028294263,0.11929681042433914,0.23363256904341717,0.20272666852192747,0.1342759717273736,22.72322361836787,,,
learn_alpha,92,0.09551906006633583,0.27482796231680606,0.11071040459439821,0.2666664428324149,0.21745232476609766,0.1303428654902832,20.747353862326655,,,
learn_alpha,93,0.07779287665919396,0.2397162017858045,0.10692572679580276,0.283552734302646,0.23921210259404546,0.13059323452170127,18.843346038314145,,,
learn_alpha,94,0.0719658569754131,0.2066262557053774,0.10403274438852333,0.2906314975687714,0.2673300114717267,0.13137949086560125,17.084125531837987,,,
learn_alpha,95,0.06543551617059158,0.17907999934187205,0.09968327919875648,0.28980946103674776,0.296637515998692,0.1347897444239317,15.67743065674721,,,
learn_alpha,96,0.05896808011490723,0.15687079722213554,0.09447428086298985,0.2877436214347973,0.3211186141592044,0.13979268632087294,14.574880886102166,,,
learn_alpha,97,0.04308296259978987,0.1421227644380388,0.0948980241064124,0.2809501729189991,0.3365391650795914,0.1454898734569583,13.857746793100295,,,
learn_alpha,98,0.04458066044445924,0.13273853892861448,0.08949511270145602,0.27344697961115016,0.35003398677204733,0.15428538198673197,13.484381642470355,,,
learn_alpha,99,0.038627615604226506,0.1243692526894134,0.08883121130355662,0.2631663594461374,0.3596193645473451,0.16401381201354748,13.154014371027854,,,
learn_alpha,100,0.03799673049883712,0.1192224829489267,0.08879033924506557,0.24935563599569666,0.3660492672909462,0.17658227451936498,13.02470293847549,,,
learn_alpha,101,0.02915161745403902,0.11500813772037441,0.08565573984821845,0.24212877189407644,0.36788679743049957,0.18932055310683102,12.938225644262044,,,
learn_alpha,102,0.29696817426876687,0.26349222485475793,0.07801874509446576,0.18028439666236873,0.30033242532841414,0.17787220805999351,21.020943316505857,,,
learn_alpha,103,0.22534003340769765,0.3494667229182242,0.10471426373484827,0.17706229936379936,0.23019432607209267,0.1385623879110355,25.155138250178844,,,
learn_alpha,104,0.10282450067374872,0.3707169786478519,0.1120113748601124,0.19992718284578187,0.19918308312674027,0.11816138051951351,26.003352551428943,,,
learn_alpha,105,0.07396671654059223,0.3540659515990848,0.11097722952663963,0.23691054111607807,0.18765582755628962,0.11039045020190798,24.924723044540702,,,
learn_alpha,106,0.045020925540853365,0.3357834810851893,0.10674923727010843,0.2543808089902721,0.19233638158421656,0.11075009107021364,23.913756475424787,,,
learn_alpha,107,0.050893202650849706,0.3132368871874618,0.10384922984241113,0.26422959823007,0.2045760855436545,0.11410819919640272,22.720298643335546,,,
learn_alpha,108,0.05969091042260653,0.2903497715456166,0.09689089027295303,0.268495208923334,0.22545521613224268,0.11880891312585375,21.564874106467602,,,
learn_alpha,109,0.061871318065461256,0.2719126180215414,0.09496195893338304,0.25792563475424857,0.24822738912543874,0.1269723991653883,20.69870125668212,,,
learn_alpha,110,0.052215171123000795,0.2518303916325706,0.09306836039905261,0.25379387411604937,0.26794059218235966,0.13336678166996777,19.706992569357503,,,
learn_alpha,111,0.05130499252978281,0.23533453767273702,0.08963022122338425,0.24807537098665983,0.28513650243147104,0.14182336768574771,18.93541125916835,,,
learn_alpha,112,0.041336771604554845,0.22138092025634212,0.0887497786175115,0.24224104520665007,0.2965338371000474,0.15109441881944882,18.289386852790603,,,
learn_alpha,113,0.04454147811604632,0.2059400172969703,0.09311093806924323,0.23541120910799884,0.30532890550187014,0.16020893002391762,17.535972962059397,,,
learn_alpha,114,0.035550910542919395,0.19487137285043482,0.09171280483618677,0.23010253151613103,0.311253101335739,0.17206018946150836,17.061917132221957,,,
learn_alpha,115,0.03489077656571771,0.18755761493410117,0.0893405766878698,0.22234312929792277,0.31455406914024775,0.18620460993985846,16.818569883767463,,,
learn_alpha,116,0.03400747047802109,0.18064467435278692,0.08650907310173221,0.21508383822636412,0.317562005443948,0.2002004088751688,16.596180811308038,,,
learn_alpha,117,0.02885852667596145,0.17645071441489288,0.08490427784920708,0.20645333007880246,0.31957692979527497,0.21261474786182247,16.504952111611626,,,
learn_alpha,118,0.25659315375213865,0.3047472912909623,0.0772542427708495,0.1631514097042243,0.2629751547654743,0.19187190146848962,23.378578653258437,,,
learn_alpha,119,0.1568850858450558,0.3455405549342141,0.10904537509194354,0.1690095566624063,0.22042590155607658,0.15597861175535938,25.075189216599576,,,
m5b_smooth0,4,,0.20000606775283813,0.20000606775283813,0.20000606775283813,0.20000606775283813,0.20000606775283813,17.00051575899124,,,
m5b_smooth0,5,0.6153420321643353,0.3025578260421753,0.043363239616155624,0.04896213859319687,0.3025578260421753,0.3025578260421753,24.697433564811945,,,
m5b_smooth0,6,0.06303778290748596,0.31306424736976624,0.015669550746679306,0.04513730853796005,0.31306424736976624,0.31306424736976624,25.509285513311625,,,
m5b_smooth0,7,0.011462172493338585,0.31389930844306946,0.009938878938555717,0.04836362600326538,0.31389930844306946,0.31389930844306946,25.580873740836978,,,
m5b_smooth0,8,0.018205007538199425,0.31086504459381104,0.0110110342502594,0.056393686681985855,0.31086504459381104,0.31086504459381104,25.36026070639491,,,
m5b_smooth0,9,0.24422036670148373,0.37021583318710327,0.013979392126202583,0.056833840906620026,0.18875476717948914,0.37021583318710327,28.90173594094813,,,
m5b_smooth0,10,0.16024758853018284,0.40935418009757996,0.015826519578695297,0.03916596621274948,0.12629887461662292,0.40935418009757996,31.30962586775422,,,
m5b_smooth0,11,0.054375965148210526,0.42139607667922974,0.01893116533756256,0.03500445932149887,0.10327285528182983,0.42139607667922974,32.03016420453787,,,
m5b_smooth0,12,0.03215363062918186,0.4217143654823303,0.02287205494940281,0.04650289565324783,0.08719512820243835,0.4217143654823303,31.97960968501866,,,
m5b_smooth0,13,0.02745749242603779,0.42708301544189453,0.024200383573770523,0.04816697537899017,0.07346734404563904,0.42708301544189453,32.28711586073041,,,
m5b_smooth0,14,0.06177188828587532,0.4425256848335266,0.020448189228773117,0.033348433673381805,0.06115153059363365,0.4425256848335266,33.29545488208532,,,
m5b_smooth0,15,0.014331385493278503,0.4461084306240082,0.01876150071620941,0.029918178915977478,0.059102579951286316,0.4461084306240082,33.53425796329975,,,
m5b_smooth0,16,0.13748641684651375,0.46472665667533875,0.022696182131767273,0.045334722846746445,0.08987637609243393,0.37736526131629944,33.95454804226756,,,
m5b_smooth0,17,0.09789005480706692,0.5130871534347534,0.0226131584495306,0.045920342206954956,0.08301196992397308,0.3353687524795532,36.22184971533716,,,
m5b_smooth0,18,0.2841083239763975,0.55362468957901,0.06504404544830322,0.10500561445951462,0.05741475895047188,0.2189113348722458,37.06420426443219,,,
m5b_smooth0,19,1.2533185053616762,0.12578055262565613,0.43911221623420715,0.35759639739990234,0.025896115228533745,0.051614563912153244,9.962611267343163,,,
m5b_smooth0,20,0.40676219249144197,0.01387015264481306,0.6424935460090637,0.33173099160194397,0.005852194968611002,0.00605342723429203,2.5956090255640447,,,
m5b_smooth0,21,0.9335000390419737,0.002753834007307887,0.1940440684556961,0.7984811067581177,0.0033500418066978455,0.0013714527012780309,2.7973680596332997,,,
m5b_smooth0,22,0.3342692999285646,0.00047574948985129595,0.03197813034057617,0.96561598777771,0.0016458600293844938,0.0002852382021956146,2.972885418101214,,,
m5b_smooth0,23,0.04790226466138847,0.0001491827715653926,0.008858734741806984,0.9895667433738708,0.001313952263444662,0.00011159921996295452,2.997269986080937,,,
m5b_smooth0,24,0.010765277271275409,6.411849608412012e-05,0.0036393250338733196,0.9949483871459961,0.0012850899947807193,6.130197289166972e-05,3.002185453820857,,,
m5b_smooth0,25,0.0028505899936135393,4.941352744936012e-05,0.002229581819847226,0.9959333539009094,0.001725536771118641,6.20302525931038e-05,3.005941636103671,,,
m5b_smooth0,26,0.0012619618682947475,3.854676469927654e-05,0.001609344151802361,0.9961347579956055,0.0021531633101403713,6.385705637512729e-05,3.0082925659808097,,,
m5b_smooth0,27,0.0015458796551683918,3.963436029152945e-05,0.0014466369757428765,0.9955251216888428,0.002903066575527191,8.64023677422665e-05,3.011931162836845,,,
m5b_smooth0,28,0.002628765989356907,5.085827797302045e-05,0.0015328861773014069,0.9942105412483215,0.004063709173351526,0.00014247219951357692,3.017656581607298,,,
m5b_smooth0,29,0.003694020375405671,7.004125654930249e-05,0.0017285007052123547,0.9923633337020874,0.005588197614997625,0.0002499990805517882,3.025638347637141,,,
m5b_smooth0,30,0.0070803447961225174,5.93992808717303e-06,0.000700138509273529,0.995903491973877,0.0033549393992871046,3.5534296330297366e-05,3.0127490660597687,,,
m5b_smooth0,31,0.021939300153462682,4.456238093553111e-05,0.0017626277403905988,0.9849341511726379,0.012955880723893642,0.000303440639982,3.05417815814144,,,
m5b_smooth0,32,0.023463126795832068,0.0001141265602200292,0.0030453221406787634,0.9732027053833008,0.022762173786759377,0.0008765700040385127,3.1011082284676377,,,
m5b_smooth0,33,0.03390861780644627,0.0002646059438120574,0.005147239193320274,0.9562484622001648,0.03614368662238121,0.0021970353554934263,3.1735332837561145,,,
m5b_smooth0,34,0.17875202270806767,0.0005208078073337674,0.008295604959130287,0.8668714165687561,0.11967924982309341,0.0046318816021084785,3.5427594142965972,,,
m5b_smooth0,35,1.5537554113689112,0.00017366900283377618,0.00543611403554678,0.09372003376483917,0.8965569734573364,0.004112206399440765,6.630486059293617,,,
m5b_smooth0,36,0.18581002636346966,0.0001454828743590042,0.0017612790688872337,0.004518765024840832,0.9884769916534424,0.00509792473167181,7.014756434422452,,,
m5b_smooth0,37,0.011884164996445179,7.318313873838633e-05,0.0007099167560227215,0.0005253054550848901,0.9944186806678772,0.004272570367902517,7.027423571271356,,,
m5b_smooth0,38,0.00121840388601413,6.438272976083681e-05,0.00047779048327356577,0.00015744174015708268,0.9944766163825989,0.004824248142540455,7.0336888681631535,,,
m5b_smooth0,39,0.0004271912985132076,5.612122913589701e-05,0.0003669600118882954,6.537246372317895e-05,0.9946895241737366,0.0048211258836090565,7.0342527827378944,,,
m5b_smooth0,40,0.00010660692714736797,6.119753379607573e-05,0.0003470251976978034,4.076987170265056e-05,0.9947378635406494,0.0048124720342457294,7.034680840104556,,,
m5b_smooth0,41,0.0004908481132588349,7.651909254491329e-05,0.0003771721385419369,3.403713708394207e-05,0.9949378371238708,0.00457379873842001,7.033668471307465,,,
m5b_smooth0,42,0.0010409170208731666,9.875069372355938e-05,0.00044550630263984203,3.335783912916668e-05,0.9953684210777283,0.0040547107346355915,7.030815519272437,,,
m5b_smooth0,43,0.0008161652986018453,0.00013703599688597023,0.0005436939536593854,3.666575503302738e-05,0.9956364035606384,0.0036463087890297174,7.029378999002802,,,
m5b_smooth0,44,0.0008906425500754267,0.00018206136883236468,0.0006787009187974036,4.238748078932986e-05,0.995895266532898,0.0032002832740545273,7.027800377058156,,,
m5b_smooth0,45,0.0006074151788197923,0.0002606938942335546,0.0008927276358008385,5.394064282882027e-05,0.9958213567733765,0.0029709902592003345,7.0290395442607405,,,
m5b_smooth0,46,0.0010144524967472535,0.00039153097895905375,0.0012395585654303432,7.747697964077815e-05,0.995313823223114,0.002976704854518175,7.0338344787669485,,,
m5b_smooth0,47,0.0063825625848039635,6.561014743056148e-05,0.00046497222501784563,1.102292208088329e-05,0.9985055923461914,0.0009528726222924888,7.007314012972529,,,
m5b_smooth0,48,0.00560516891800944,0.0003404029703233391,0.0013574447948485613,5.245542706688866e-05,0.9957023859024048,0.002546137198805809,7.027501611395564,,,
m5b_smooth0,49,0.008049687567108776,0.0009017238626256585,0.0028217299841344357,0.00013172703620512038,0.9916775822639465,0.004466143436729908,7.061589426812134,,,
m5b_smooth0,50,0.014394909594557248,0.002150606596842408,0.005741311237215996,0.0003111797268502414,0.9844799637794495,0.007315517868846655,7.129488242848311,,,
m5b_smooth0,51,0.01794525230070576,0.003926183562725782,0.010159479454159737,0.0005663809133693576,0.9755077362060547,0.009839596226811409,7.213738136575557,,,
m5b_smooth0,52,0.026830223039723933,0.006943501997739077,0.017669998109340668,0.00101917190477252,0.9620922803878784,0.012273735366761684,7.343815891537815,,,
m5b_smooth0,53,0.03576942486688495,0.011383188888430595,0.028639577329158783,0.0017345226369798183,0.9442078471183777,0.014034110121428967,7.522766950074583,,,
m5b_smooth0,54,0.03411035751923919,0.01585606299340725,0.040296684950590134,0.002492832951247692,0.9271527528762817,0.014201081357896328,7.688023372553289,,,
m5b_smooth0,55,0.02784008765593171,0.020101817324757576,0.04897868260741234,0.0034854053519666195,0.913491427898407,0.013942643068730831,7.855180936399847,,,
m5b_smooth0,56,0.01502253906801343,0.02325449325144291,0.052326589822769165,0.00449632853269577,0.9065213203430176,0.013401717878878117,7.994358463212848,,,
m5b_smooth0,57,0.0049137393943965435,0.024205556139349937,0.05017726123332977,0.005417847540229559,0.9071058034896851,0.013094372116029263,8.05182600626722,,,
m5b_smooth0,58,0.014665763359516859,0.022784767672419548,0.04458662495017052,0.005939490161836147,0.913916826248169,0.012772698886692524,8.00572672393173,,,
m5b_smooth0,59,0.015618260949850082,0.020990632474422455,0.03857116401195526,0.006432713940739632,0.9206520318984985,0.013352934271097183,7.948812557384372,,,
m5b_smooth0,60,0.008497161790728569,0.020742591470479965,0.034570787101984024,0.007403004914522171,0.921180009841919,0.016103409230709076,7.975043088197708,,,
m5b_smooth0,61,0.012858899310231209,0.020597731694579124,0.030974434688687325,0.008536135777831078,0.9184918403625488,0.02139979600906372,8.021486770361662,,,
m5b_smooth0,62,0.02123576868325472,0.020111778751015663,0.028279002755880356,0.009584699757397175,0.9110549092292786,0.03096868470311165,8.074685777537525,,,
m5b_smooth0,63,0.03723462391644716,0.019773753359913826,0.026254115626215935,0.01068500429391861,0.8948013782501221,0.048486560583114624,8.18715582601726,,,
m5b_smooth0,64,0.2249373896047473,0.06912695616483688,0.041084446012973785,0.010285054333508015,0.7827324271202087,0.09677151590585709,11.053485191427171,,,
m5b_smooth0,65,1.6391759188845754,0.811972439289093,0.11489515006542206,0.013216516003012657,0.034971777349710464,0.024943895637989044,49.46690803579986,,,
m5b_smooth0,66,0.2956963615724817,0.7287040948867798,0.262743204832077,0.0053930277936160564,0.0014499586541205645,0.0017092401394620538,44.035247053951025,,,
m5b_smooth0,67,0.9283644616079982,0.2698473334312439,0.7269256114959717,0.002783319214358926,0.00016318177222274244,0.0002804321120493114,16.931183896987932,,,
m5b_smooth0,68,0.6256556980370078,0.5826753973960876,0.41520270705223083,0.0019781156443059444,4.2190040403511375e-05,0.00010189778549829498,35.38338279703021,,,
m5b_smooth0,69,0.8066561430671868,0.9860020875930786,0.013816377148032188,0.00017419915820937604,9.429674605598848e-07,3.938378540624399e-06,59.17452596827917,,,
m5b_smooth0,70,0.026072661669019226,0.9990399479866028,0.0008857977227307856,7.19907766324468e-05,4.566873315070552e-07,2.411190052953316e-06,59.94353560272086,,,
m5b_smooth0,71,0.001552988164419844,0.9998199939727783,0.00015063874889165163,3.519111487548798e-05,2.3813932159555407e-07,1.6461954146507196e-06,59.989480564171274,,,
m5b_smooth0,72,0.0002497081978845017,0.999945878982544,4.233391155139543e-05,2.0078216039109975e-05,1.4142979409825784e-07,1.3374529999055085e-06,59.99687502186286,,,
m5b_smooth0,73,5.204031788963448e-05,0.999971330165863,2.0474679331528023e-05,1.5497264030273072e-05,1.0516061621501649e-07,1.450134163860639e-06,59.99836781442581,,,
m5b_smooth0,74,1.623403124995093e-05,0.9999786019325256,1.3222925190348178e-05,1.4337881111714523e-05,1.0524997406946568e-07,2.0011723336210707e-06,59.99880110568255,,,
m5b_smooth0,75,4.296347391630206e-06,0.9999791383743286,1.0942702829197515e-05,1.481893559684977e-05,1.2178587383004924e-07,2.9832651762262685e-06,59.99884632018292,,,
m5b_smooth0,76,2.204044606912703e-05,0.9999683499336243,1.2566130862978753e-05,2.0894000044791028e-05,2.3407116600537847e-07,6.4244927671097685e-06,59.998267825545355,,,
m5b_smooth0,77,8.418069683102658e-06,0.999965250492096,1.1977322174061555e-05,2.265874354634434e-05,2.55978164886983e-07,9.36766173254e-06,59.99812792218998,,,
m5b_smooth0,78,5.052426328688853e-05,0.9999398589134216,1.6142221284098923e-05,3.381445640115999e-05,4.5770678980261437e-07,1.8978005755343474e-05,59.99677801642389,,,
m5b_smooth0,79,8.833648718109544e-05,0.9998955726623535,2.4005565137485974e-05,5.1799586799461395e-05,8.855029136611847e-07,3.675197149277665e-05,59.99443449018804,,,
m5b_smooth0,80,0.00010496097866052878,0.999841570854187,3.124172872048803e-05,7.077131158439443e-05,1.368723360428703e-06,6.102003317209892e-05,59.99160166844263,,,
m5b_smooth0,81,0.00023601855764354696,0.9997239708900452,4.827475640922785e-05,0.00011465157149359584,2.8031824967911234e-06,0.00011709087993949652,59.98548937747023,,,
m5b_smooth0,82,0.000374388332829767,0.9995351433753967,7.567885768366978e-05,0.0001809193636290729,5.526891072804574e-06,0.0002062560961348936,59.97565331305577,,,
m5b_smooth0,83,0.00037532196802203543,0.9993470907211304,0.00010377715079812333,0.0002456407237332314,8.492836968798656e-06,0.00029773981077596545,59.965893949799465,,,
m5b_smooth0,84,0.0006773580453227623,0.9990074634552002,0.00015698907373007387,0.00036351894959807396,1.485049506300129e-05,0.0004580227832775563,59.94821162566586,,,
m5b_smooth0,85,0.0011721124683390372,0.9984212517738342,0.0002434483903925866,0.0005682650371454656,2.818200664478354e-05,0.00073938665445894,59.91777203714082,,,
m5b_smooth0,86,0.0013748902456427459,0.9977332353591919,0.000354799150954932,0.0008067204034887254,4.5562643208540976e-05,0.0010590737219899893,59.881915052523254,,,
m5b_smooth0,87,0.002647618966875598,0.9964096546173096,0.0005630161613225937,0.0012647986877709627,8.745315426494926e-05,0.0016749261412769556,59.81299782732094,,,
m5b_smooth0,88,0.005153397883987054,0.9989858269691467,0.00019735917157959193,0.00035028543788939714,9.948416845872998e-06,0.00045537558617070317,59.94684273075836,,,
m5b_smooth0,89,0.004228375357342884,0.996872067451477,0.0005579288117587566,0.0011103381402790546,6.196308822836727e-05,0.001397354411892593,59.836209693705314,,,
m5b_smooth0,90,0.0048197359865298495,0.9944620728492737,0.0009949952363967896,0.0020230927038937807,0.0001563076802995056,0.002362930215895176,59.70896382108913,,,
m5b_smooth0,91,0.007761690590996295,0.9905806183815002,0.0017385740065947175,0.0035977154038846493,0.00035193146322853863,0.003729341086000204,59.502043118554866,,,
m5b_smooth0,92,0.011751987534807995,0.9847056269645691,0.0029258362483233213,0.006245199125260115,0.0006711799069307745,0.005452342797070742,59.185030110005755,,,
m5b_smooth0,93,0.02457655518082902,0.9724172353744507,0.00520758330821991,0.012466865591704845,0.0013331732479855418,0.008575099520385265,58.51702590857167,,,
m5b_smooth0,94,0.07410389219876379,0.9353649020195007,0.011105355806648731,0.03435295820236206,0.00295269419439137,0.016223272308707237,56.48385302326642,,,
m5b_smooth0,95,0.5317051762249321,0.6695130467414856,0.035700276494026184,0.2354082614183426,0.009854543954133987,0.049524519592523575,41.67503294721246,,,
m5b_smooth0,96,1.2898579118773341,0.050944406539201736,0.027340911328792572,0.8803365230560303,0.007731814868748188,0.03364560380578041,6.250176030211151,,,
m5b_smooth0,97,0.18171688192524016,0.003429439151659608,0.009794642217457294,0.9711960554122925,0.002990925218909979,0.012590380385518074,3.326350959483534,,,
m5b_smooth0,98,0.029348974989261478,0.0005402318784035742,0.004835049621760845,0.9858704209327698,0.0015075716655701399,0.007247924339026213,3.1068841675296426,,,
m5b_smooth0,99,0.00595396853168495,0.00017690032836981118,0.0034423195756971836,0.9888464212417603,0.001185089349746704,0.006348500028252602,3.07777022884693,,,
m5b_smooth0,100,0.001243335398612544,8.977745892480016e-05,0.0029999695252627134,0.9888644814491272,0.0010934313759207726,0.0069526443257927895,3.0799711016006768,,,
m5b_smooth0,101,0.004085565167770255,6.0545971791725606e-05,0.0029900011140853167,0.9868609309196472,0.0011460051173344254,0.00894288532435894,3.1004279825428966,,,
m5b_smooth0,102,0.004526102567069756,1.0951763215416577e-05,0.0016180011443793774,0.9886004328727722,0.00030495517421513796,0.00946684181690216,3.1027468772117572,,,
m5b_smooth0,103,0.10021125450748514,3.3034422813216224e-05,0.004325862042605877,0.9384939670562744,0.0012193841394037008,0.05592725798487663,3.613307129344321,,,
m5b_smooth0,104,0.0867903827711416,6.310557364486158e-05,0.008044518530368805,0.8950992226600647,0.0025089289993047714,0.09428462386131287,4.034675757982768,,,
m5b_smooth0,105,0.0846820452134125,0.00010000288602896035,0.012131145223975182,0.9318972229957581,0.003928191494196653,0.05194336548447609,3.568527444615029,,,
m5b_smooth0,106,0.034553765814052895,0.00016723742010071874,0.01831653155386448,0.9408645033836365,0.0059852623380720615,0.03466657176613808,3.3781731280032545,,,
m5b_smooth0,107,0.026940965879475698,0.0002806411648634821,0.028149256482720375,0.9294694066047668,0.009509740397334099,0.032591309398412704,3.3562424605479464,,,
m5b_smooth0,108,0.06475181397399865,0.0004960251972079277,0.043310560286045074,0.8970938324928284,0.015590149909257889,0.043510451912879944,3.4826309457421303,,,
m5b_smooth0,109,0.24846305907703936,0.0009580955374985933,0.07252626866102219,0.7728614807128906,0.03010856918990612,0.12354496121406555,4.38898588437587,,,
m5b_smooth0,110,0.43727474205661565,0.0014354217564687133,0.0926852598786354,0.5542244911193848,0.0520198829472065,0.2996350824832916,6.400514374021441,,,
m5b_smooth0,111,0.11766832892317325,0.0022172206081449986,0.10144554823637009,0.5024679899215698,0.10131148248910904,0.2925569415092468,6.546860313042998,,,
m5b_smooth0,112,0.285717231919989,0.003367960685864091,0.09351108968257904,0.45094266533851624,0.24301965534687042,0.20915840566158295,6.277771993540227,,,
m5b_smooth0,113,0.6684473084751517,0.004056741017848253,0.061237882822752,0.241703063249588,0.5765543580055237,0.11644738912582397,6.695895487442613,,,
m5b_smooth0,114,0.5107452603988349,0.003321290947496891,0.028410203754901886,0.08467593044042587,0.8319270610809326,0.05166509374976158,7.028516191989183,,,
m5b_smooth0,115,0.1836093026213348,0.0024070260114967823,0.013298586942255497,0.0322854146361351,0.9237325191497803,0.028277646750211716,7.116591080091894,,,
m5b_smooth0,116,0.05189118185080588,0.0021421790588647127,0.008365267887711525,0.017353540286421776,0.949677586555481,0.022461572661995888,7.151161755435169,,,
m5b_smooth0,117,0.015414242632687092,0.002148536266759038,0.006345849484205246,0.011799684725701809,0.9573780298233032,0.022327404469251633,7.184886950999498,,,
m5b_smooth0,118,0.01457729481626302,0.001413812511600554,0.004413133952766657,0.007179412059485912,0.9624543190002441,0.024540698155760765,7.191530128009617,,,
m5b_smooth0,119,0.10791207465808839,0.004812533967196941,0.011372065171599388,0.015612244606018066,0.9084970951080322,0.059705063700675964,7.542311394587159,,,
m5b_smooth0.001,4,,0.20000606775283813,0.20000606775283813,0.20000606775283813,0.20000606775283813,0.20000606775283813,17.00051575899124,,,
m5b_smooth0.001,5,0.6103805229067802,0.30173107981681824,0.04405350610613823,0.050753142684698105,0.30173107981681824,0.30173107981681824,24.63653039932251,,,
m5b_smooth0.001,6,0.054167959839105606,0.30807754397392273,0.01696987822651863,0.058798082172870636,0.30807754397392273,0.30807754397392273,25.14764518663287,,,
m5b_smooth0.001,7,0.016378991305828094,0.31080713868141174,0.01021793857216835,0.05735984444618225,0.31080713868141174,0.31080716848373413,25.35767612233758,,,
m5b_smooth0.001,8,0.008385277353227139,0.3094097673892975,0.011234412901103497,0.06053650379180908,0.3094097673892975,0.3094097673892975,25.255035082809627,,,
m5b_smooth0.001,9,0.20622245594859123,0.3591684103012085,0.014828360639512539,0.05744220316410065,0.20939284563064575,0.3591684103012085,28.231367251835763,,,
m5b_smooth0.001,10,0.09148595947772264,0.3806745707988739,0.017558757215738297,0.041437819600105286,0.17965398728847504,0.3806745707988739,29.569368366152048,,,
m5b_smooth0.001,11,0.09574181400239468,0.4037752151489258,0.019228758290410042,0.03379756957292557,0.13942371308803558,0.4037752151489258,30.975953379645944,,,
m5b_smooth0.001,12,0.0879980456084013,0.42141690850257874,0.02116565778851509,0.040575992316007614,0.09542437642812729,0.42141690850257874,31.995715498924255,,,
m5b_smooth0.001,13,0.028882257640361786,0.4222724139690399,0.024729330092668533,0.04974258318543434,0.08098345249891281,0.4222724735736847,31.989000715315342,,,
m5b_smooth0.001,14,0.054485248401761055,0.4358941316604614,0.021808603778481483,0.03770161047577858,0.06870327889919281,0.4358941316604614,32.87200213037431,,,
m5b_smooth0.001,15,0.010482894256711006,0.4371642768383026,0.01974453032016754,0.03452363237738609,0.07140383124351501,0.4371642768383026,32.973298732191324,,,
m5b_smooth0.001,16,0.0889752209186554,0.4323456883430481,0.021659448742866516,0.04474334791302681,0.1037563756108284,0.3974948227405548,32.3878529407084,,,
m5b_smooth0.001,17,0.044077660888433456,0.4467271864414215,0.020999133586883545,0.04099361598491669,0.08612781763076782,0.4051523804664612,33.222639217972755,,,
m5b_smooth0.001,18,0.3438319005072117,0.5488706827163696,0.05326869338750839,0.07849644124507904,0.053082335740327835,0.2662818431854248,37.320521134883165,,,
m5b_smooth0.001,19,1.270118709653616,0.1351548582315445,0.4049111306667328,0.3619137406349182,0.03301699459552765,0.06500403583049774,10.741119310259819,,,
m5b_smooth0.001,20,0.41801660554483533,0.012176135554909706,0.5875198245048523,0.38831236958503723,0.005913375411182642,0.0060770949348807335,2.609498023521155,,,
m5b_smooth0.001,21,0.8630130471428856,0.0018910719081759453,0.17488421499729156,0.8198198080062866,0.002367317909374833,0.0010382168693467975,2.778914215043187,,,
m5b_smooth0.001,22,0.292351612879429,0.0003044351760763675,0.03253037482500076,0.9659953713417053,0.0009784364374354482,0.00019152570166625082,2.9583130143000744,,,
m5b_smooth0.001,23,0.04615695077518467,9.368210885440931e-05,0.01004680898040533,0.9890735149383545,0.0007156031206250191,6.987075175857171e-05,2.9888756926957285,,,
m5b_smooth0.001,24,0.011306480151688447,4.0156264731194824e-05,0.004520602989941835,0.9947266578674316,0.0006755959475412965,3.627253681770526e-05,2.9963469396243454,,,
m5b_smooth0.001,25,0.003074225187447155,3.195711906300858e-05,0.0029919890221208334,0.9960024952888489,0.0009368564933538437,3.595843008952215e-05,2.999978315507178,,,
m5b_smooth0.001,26,0.0013582577994384337,2.5702491257106885e-05,0.0023190195206552744,0.9963962435722351,0.0012218151241540909,3.628518607001752e-05,3.002110598186846,,,
m5b_smooth0.001,27,0.0010979096587107051,2.7519934519659728e-05,0.0022159316577017307,0.995951235294342,0.0017571344505995512,4.89619342260994e-05,3.0047062418452697,,,
m5b_smooth0.001,28,0.0023514269159932155,3.7247769796522334e-05,0.0024769692681729794,0.9947752952575684,0.0026285420171916485,8.227580110542476e-05,3.008589376564487,,,
m5b_smooth0.001,29,0.003475485704257153,5.4123596783028916e-05,0.0029408277478069067,0.9930374622344971,0.0038195683155208826,0.00014816787734162062,3.0141119587497087,,,
m5b_smooth0.001,30,0.007559267849501339,4.42127202404663e-06,0.0013764447066932917,0.996817409992218,0.0017844076501205564,1.8093816834152676e-05,3.004838117991312,,,
m5b_smooth0.001,31,0.01666274785566202,3.870816362905316e-05,0.0037864611949771643,0.988486647605896,0.00750892935320735,0.00018125420319847763,3.0266689581476385,,,
m5b_smooth0.001,32,0.021343442418583436,0.00011045109567930922,0.007287980522960424,0.9778143763542175,0.014200203120708466,0.0005878893425688148,3.0549900479672942,,,
m5b_smooth0.001,33,0.03582890358666191,0.00028127955738455057,0.013453933410346508,0.9598994255065918,0.02471601776778698,0.001649246085435152,3.106130552943796,,,
m5b_smooth0.001,34,0.13350259693106636,0.0006158403703011572,0.024124201387166977,0.8931483626365662,0.07816407084465027,0.003947898279875517,3.342938783345744,,,
m5b_smooth0.001,35,1.5003310948086437,0.0003172822471242398,0.027356022968888283,0.14328141510486603,0.82401442527771,0.005031311418861151,6.314776539918967,,,
m5b_smooth0.001,36,0.30315294582396746,0.00032789233955554664,0.01135739404708147,0.007703125476837158,0.9723045229911804,0.00830663088709116,6.976564804208465,,,
m5b_smooth0.001,37,0.019691814959514886,0.000234948965953663,0.00809890404343605,0.0012086898786947131,0.9789343476295471,0.011522752232849598,7.039680876303464,,,
m5b_smooth0.001,38,0.02725354497670196,0.0002834575134329498,0.00910515058785677,0.0004786974168382585,0.9660384654998779,0.024095667526125908,7.127157297509257,,,
m5b_smooth0.001,39,0.05664060704293661,0.00034281390253454447,0.011825043708086014,0.0002654000709298998,0.9379306435585022,0.049635905772447586,7.29360726379673,,,
m5b_smooth0.001,40,0.09244559280341491,0.0004705913015641272,0.0163723137229681,0.00020236303680576384,0.891770601272583,0.0911833718419075,7.564176295622019,,,
m5b_smooth0.001,41,0.02974742275546305,0.0006555463187396526,0.021886935457587242,0.00018413702491670847,0.8769153356552124,0.10035772621631622,7.6051876422716305,,,
m5b_smooth0.001,42,0.07504287068150006,0.0008430244633927941,0.026392970234155655,0.00018073982209898531,0.9097433090209961,0.06283973902463913,7.325476166995941,,,
m5b_smooth0.001,43,0.0575538305711234,0.0010716274846345186,0.02899215742945671,0.0001833683782024309,0.9356899261474609,0.0340629443526268,7.120550615611137,,,
m5b_smooth0.001,44,0.030250410287408158,0.0012835361994802952,0.031480561941862106,0.00019341871666256338,0.9481053948402405,0.018938366323709488,7.010947882474284,,,
m5b_smooth0.001,45,0.01405616695410572,0.0016030820552259684,0.033696144819259644,0.0002200346061727032,0.9525710344314575,0.01190958358347416,6.965272583140177,,,
m5b_smooth0.001,46,0.0063460961246164516,0.0020555956289172173,0.03636186942458153,0.00027556944405660033,0.9525445699691772,0.008763724938035011,6.951028454408515,,,
m5b_smooth0.001,47,0.028468761323892977,0.0009015402174554765,0.05059542506933212,7.908073166618124e-05,0.9425309300422668,0.0058927033096551895,6.7851394369427,,,
m5b_smooth0.001,48,1.1484585647049244,0.007279013749212027,0.5998876690864563,0.0004657304671127349,0.368302583694458,0.024066554382443428,3.95307553265593,,,
m5b_smooth0.001,49,0.644361872371519,0.008549242280423641,0.9207978248596191,0.00044452922884374857,0.049767278134822845,0.02044157311320305,2.0696389199001715,,,
m5b_smooth0.001,50,0.2590925155673176,0.029387984424829483,0.7912514805793762,0.0009184916270896792,0.0612432099878788,0.11719910800457001,4.626776002929546,,,
m5b_smooth0.001,51,1.0735780477989465,0.07658448070287704,0.25446203351020813,0.0011165087344124913,0.0734935775399208,0.594342827796936,13.688135033822618,,,
m5b_smooth0.001,52,0.6662052673054859,0.31444859504699707,0.2684045732021332,0.0020017074421048164,0.15390467643737793,0.26124051213264465,23.876025303266943,,,
m5b_smooth0.001,53,0.5368085459340364,0.47909560799598694,0.21912550926208496,0.0024067426566034555,0.25725725293159485,0.04211565479636192,31.362502154661343,,,
m5b_smooth0.001,54,0.6978021047543734,0.2198639065027237,0.16223329305648804,0.002490660175681114,0.6060736775398254,0.00933780986815691,17.734784744679928,,,
m5b_smooth0.001,55,0.5735940973972902,0.04216241091489792,0.061226699501276016,0.0016886087832972407,0.8928706049919128,0.0020507804583758116,8.874842342105694,,,
m5b_smooth0.001,56,0.14692748128436506,0.009789136238396168,0.02227613516151905,0.0010223961435258389,0.9663342833518982,0.0005770291900262237,7.385109890019521,,,
m5b_smooth0.001,57,0.036310507653979585,0.0034726380836218596,0.011038007214665413,0.0007461283239535987,0.984490156173706,0.00025328827905468643,7.116611806326546,,,
m5b_smooth0.001,58,0.013034597679506987,0.0016233861679211259,0.006639690604060888,0.0005868272273801267,0.9910069108009338,0.0001423148496542126,7.044844125863165,,,
m5b_smooth0.001,59,0.005120957903272938,0.0009846732718870044,0.004824207164347172,0.0005223769112490118,0.9935683012008667,0.00010139399819308892,7.021869358592085,,,
m5b_smooth0.001,60,0.0013719442067667842,0.0008147430489771068,0.0043075657449662685,0.0005781886866316199,0.994194746017456,0.00010450997069710866,7.015753076455439,,,
m5b_smooth0.001,61,0.000501190428622067,0.0007682816940359771,0.004103891551494598,0.0006692716269753873,0.994340717792511,0.00011851013550767675,7.014252774519264,,,
m5b_smooth0.001,62,0.0002968121480080299,0.0007763435714878142,0.0041145142167806625,0.0007748943753540516,0.9941918849945068,0.0001421821943949908,7.014353557315189,,,
m5b_smooth0.001,63,0.0007850387046346441,0.0008204398909583688,0.0043119750916957855,0.0008962974534370005,0.9937991499900818,0.00017152562213595957,7.015222669549985,,,
m5b_smooth0.001,64,0.00369546470392379,0.0002877629885915667,0.003729927120730281,0.000292929180432111,0.9956470727920532,4.207686652080156e-05,6.991993079653184,,,
m5b_smooth0.001,65,0.005860370056325337,0.0008625395130366087,0.005396550986915827,0.000858805316966027,0.9927179217338562,0.00016601933748461306,7.011075060581788,,,
m5b_smooth0.001,66,0.013855001365300268,0.0017909531015902758,0.010327705182135105,0.001700537046417594,0.9857885837554932,0.00039038321119733155,7.028871953662019,,,
m5b_smooth0.001,67,0.03075153674581088,0.0036323366221040487,0.021751830354332924,0.003329361556097865,0.9704139828681946,0.000872985867317766,7.05479979456868,,,
m5b_smooth0.001,68,0.07463808968896046,0.007488567382097244,0.050695475190877914,0.0067446911707520485,0.933094322681427,0.001976210158318281,7.079570792615414,,,
m5b_smooth0.001,69,0.19555680151097476,0.01195891946554184,0.1414143145084381,0.008632376790046692,0.8353159427642822,0.002677754731848836,6.769546778406948,,,
m5b_smooth0.001,70,0.8371492463629693,0.046971630305051804,0.5048790574073792,0.021930618211627007,0.41674160957336426,0.009476972743868828,6.438837615773082,,,
m5b_smooth0.001,71,0.6764978310093284,0.11462970077991486,0.7723116278648376,0.021818500012159348,0.07860513031482697,0.012635565362870693,8.442683001980186,,,
m5b_smooth0.001,72,1.2369229020550847,0.7328707575798035,0.21292224526405334,0.018454015254974365,0.02289726957678795,0.012855682522058487,44.58079018816352,,,
m5b_smooth0.001,73,0.4558383778203279,0.9607900977134705,0.025089304894208908,0.006180513184517622,0.00322578358463943,0.0047145732678473,57.77962121809833,,,
m5b_smooth0.001,74,0.05294086650246754,0.9872601628303528,0.006250954233109951,0.0031224219128489494,0.0008859051740728319,0.0024800922255963087,59.29215061716968,,,
m5b_smooth0.001,75,0.011188557633431628,0.9928545951843262,0.0027893981896340847,0.0021889563649892807,0.0003947440127376467,0.0017721496988087893,59.60820528221666,,,
m5b_smooth0.001,76,0.0024032832006923854,0.9940566420555115,0.00178533757571131,0.002124713035300374,0.00029842808726243675,0.001735533238388598,59.67794446196058,,,
m5b_smooth0.001,77,0.000863514156662859,0.9944660663604736,0.0014188982313498855,0.0021412193309515715,0.00023188530758488923,0.0017401346703991294,59.701791620391305,,,
m5b_smooth0.001,78,0.0027989763621008024,0.9930667877197266,0.001553584123030305,0.0028271693736314774,0.00027224718360230327,0.002278834581375122,59.627851769851986,,,
m5b_smooth0.001,79,0.004588092095218599,0.9907730221748352,0.0018909560749307275,0.003899573115631938,0.0003440691507421434,0.00309156347066164,59.5056613785564,,,
m5b_smooth0.001,80,0.007397310342639685,0.9870743155479431,0.0024871372152119875,0.005623741075396538,0.0004575653583742678,0.004356321878731251,59.308008757128846,,,
m5b_smooth0.001,81,0.015908724686596543,0.979120671749115,0.003642499912530184,0.0093768872320652,0.000766871846280992,0.007093587424606085,58.88369179342408,,,
m5b_smooth0.001,82,0.03087760671041906,0.9636814594268799,0.005855850875377655,0.016726583242416382,0.0013281741412356496,0.012407632544636726,58.05992724082898,,,
m5b_smooth0.001,83,0.0723130771657452,0.9275248050689697,0.010765329003334045,0.03408205881714821,0.0023621763102710247,0.025265099480748177,56.134746436495334,,,
m5b_smooth0.001,84,0.27410608204081655,0.7904718518257141,0.025149695575237274,0.09998872876167297,0.005513662472367287,0.07887570559978485,48.89628250710666,,,
m5b_smooth0.001,85,1.0397406257689,0.27060166001319885,0.047648992389440536,0.31328117847442627,0.011545518413186073,0.35692253708839417,22.30132627673447,,,
m5b_smooth0.001,86,0.8013919433578849,0.026051819324493408,0.02600620500743389,0.18362393975257874,0.006699630059301853,0.7576187252998352,12.79354674834758,,,
m5b_smooth0.001,87,0.34118197904899716,0.002955290488898754,0.009103690274059772,0.0569261871278286,0.0028052651323378086,0.9282095432281494,13.371770142111927,,,
m5b_smooth0.001,88,0.10673397549544461,0.00028080277843400836,0.003057482186704874,0.014772158116102219,0.0003131523553747684,0.981576681137085,13.808487725647865,,,
m5b_smooth0.001,89,0.03865299149765633,0.0003587121027521789,0.0051992363296449184,0.03110368177294731,0.0010883294744417071,0.9622500538825989,13.599152068491094,,,
m5b_smooth0.001,90,0.8135723146260716,0.0010443084174767137,0.026977414265275,0.4106993079185486,0.00581509992480278,0.5554639101028442,9.138934283982962,,,
m5b_smooth0.001,91,1.1431607313279528,0.0002838017826434225,0.009843891486525536,0.9822800159454346,0.0019785556942224503,0.0056144604459404945,3.0661643823841587,,,
m5b_smooth0.001,92,0.02781727818364743,7.454369915649295e-05,0.003037675516679883,0.9961881637573242,0.0005406765849329531,0.0001586832368047908,3.00208109014784,,,
m5b_smooth0.001,93,0.0043142438280483475,3.2232306693913415e-05,0.0013703900622203946,0.9983447790145874,0.0002360390790272504,1.528901884739753e-05,3.0002049853246717,,,
m5b_smooth0.001,94,0.0012345494290002534,2.124062848452013e-05,0.0008678858866915107,0.99896240234375,0.0001444915251340717,3.4063266411976656e-06,3.000088659875928,,,
m5b_smooth0.001,95,0.00017030970161613368,2.2647833247901872e-05,0.0007894043228588998,0.9990466237068176,0.00013974911416880786,1.94916765394737e-06,3.000293677584523,,,
m5b_smooth0.001,96,9.096482460790867e-05,2.3287211661227047e-05,0.0007502911030314863,0.999091386795044,0.00013406011566985399,1.1890280120496755e-06,3.0003767513896946,,,
m5b_smooth0.001,97,0.0001829744936685529,3.0356419301824644e-05,0.0008147128392010927,0.9990000128746033,0.00015412058564834297,1.1398685728636337e-06,3.000730938880679,,,
m5b_smooth0.001,98,0.0002367814036006166,3.812981958617456e-05,0.000912484887521714,0.9988811612129211,0.0001664489827817306,1.0839723927347222e-06,3.001024076194426,,,
m5b_smooth0.001,99,0.0007703198994022387,6.2621729739476e-05,0.0011997208930552006,0.9984971284866333,0.00024038125411607325,1.7109584860008908e-06,3.00215503233494,,,
m5b_smooth0.001,100,0.00095233804563577,9.651172877056524e-05,0.0015562563203275204,0.9980204105377197,0.0003247765125706792,2.5103704501816537e-06,3.003716772434018,,,
m5b_smooth0.001,101,0.0012543241803086858,0.0001455264282412827,0.002023153705522418,0.9973936080932617,0.00043517659651115537,3.719937694768305e-06,3.0060338789830894,,,
m5b_smooth0.001,102,0.0035377928982995854,2.733610563154798e-05,0.000755155982915312,0.9991613030433655,5.486910595209338e-05,1.1752527484532038e-07,3.000264960546417,,,
m5b_smooth0.001,103,0.00344100673382286,0.0001618418755242601,0.002086072228848934,0.9974416494369507,0.00030942843295633793,1.489309852331644e-06,3.0063083824397836,,,
m5b_smooth0.001,104,0.006365604717757378,0.00047830530093051493,0.004438075702637434,0.9942577481269836,0.0008173708920367062,6.783359367545927e-06,3.021726201414822,,,
m5b_smooth0.001,105,0.009905970254749263,0.00108246726449579,0.007955272682011127,0.9893054962158203,0.0016363037284463644,2.020992360485252e-05,3.052556862228812,,,
m5b_smooth0.001,106,0.016267256289211218,0.00222132820636034,0.013629200868308544,0.9811719655990601,0.002925492823123932,5.1957373216282576e-05,3.1116306430340046,,,
m5b_smooth0.001,107,0.026344168312789407,0.004365561064332724,0.0223823394626379,0.9680003523826599,0.005128118209540844,0.00012451563088689,3.2259571067697834,,,
m5b_smooth0.001,108,0.04173943317437079,0.008331134915351868,0.03564874082803726,0.9471303820610046,0.008615276776254177,0.00027484470047056675,3.4410627451725304,,,
m5b_smooth0.001,109,0.08439087157603353,0.01819055713713169,0.060159992426633835,0.9049347043037415,0.016068147495388985,0.000646493979729712,3.9879254817496985,,,
m5b_smooth0.001,110,0.15483644185587764,0.042868319898843765,0.09752197563648224,0.8275164365768433,0.03074636496603489,0.0013467046665027738,5.386248899390921,,,
m5b_smooth0.001,111,0.28776422108057886,0.11701243370771408,0.13418151438236237,0.6836344599723816,0.062454935163259506,0.002716726390644908,9.681049632374197,,,
m5b_smooth0.001,112,0.4853411631193012,0.2985242009162903,0.1199738085269928,0.4551719129085541,0.12179069221019745,0.0045401123352348804,20.313038020394742,,,
m5b_smooth0.001,113,0.3030017944984138,0.31559818983078003,0.08493659645318985,0.33870774507522583,0.25401949882507324,0.006737731397151947,21.90941595286131,,,
m5b_smooth0.001,114,0.5752859488129616,0.13402479887008667,0.055312108248472214,0.2622629702091217,0.5405287742614746,0.007871750742197037,12.777494881302118,,,
m5b_smooth0.001,115,0.5185920102521777,0.04052375629544258,0.025459427386522293,0.1280640810728073,0.799824059009552,0.0061276378110051155,8.525632390752435,,,
m5b_smooth0.001,116,0.2077480494044721,0.015197367407381535,0.012838033027946949,0.06360947340726852,0.9036983847618103,0.004656305070966482,7.5065854620188475,,,
m5b_smooth0.001,117,0.08244779566302896,0.007467138115316629,0.00750028807669878,0.03620528802275658,0.9449220895767212,0.003904373850673437,7.233260300010443,,,
m5b_smooth0.001,118,0.014732855488546193,0.005896826274693012,0.005948665086179972,0.034030474722385406,0.9522890448570251,0.0018352217739447951,7.15356608456932,,,
m5b_smooth0.001,119,0.1535614855820313,0.025089874863624573,0.013448896817862988,0.07889298349618912,0.8755085468292236,0.007060420233756304,7.982926050201058,,,
m5b_smooth0.01,4,,0.20000606775283813,0.20000606775283813,0.20000606775283813,0.20000606775283813,0.20000606775283813,17.00051575899124,,,
m5b_smooth0.01,5,0.4089692570269108,0.26816248893737793,0.04833834990859032,0.14717379212379456,0.26816248893737793,0.26816248893737793,22.211021330207586,,,
m5b_smooth0.01,6,0.0614482369273901,0.27840369939804077,0.022464653477072716,0.14232288300991058,0.27840369939804077,0.27840369939804077,23.000132953748107,,,
m5b_smooth0.01,7,0.16815801803022623,0.30643025040626526,0.01284297276288271,0.06786619871854782,0.30643025040626526,0.30643025040626526,25.037291851826012,,,
m5b_smooth0.01,8,0.014429345726966858,0.30402544140815735,0.014952589757740498,0.07297150045633316,0.30402544140815735,0.30402544140815735,24.859927845187485,,,
m5b_smooth0.01,9,0.056978256441652775,0.3173280954360962,0.016836104914546013,0.06740830838680267,0.28109920024871826,0.3173280954360962,25.6690344940871,,,
m5b_smooth0.01,10,0.19539188407361507,0.3661762773990631,0.016672030091285706,0.05334850400686264,0.19762755930423737,0.3661762773990631,28.657154984772205,,,
m5b_smooth0.01,11,0.04781016707420349,0.37714579701423645,0.018638234585523605,0.046756017953157425,0.1803150624036789,0.3771457374095917,29.32989986985922,,,
m5b_smooth0.01,12,0.0075774360448122025,0.37738996744155884,0.02111894078552723,0.047575488686561584,0.17652620375156403,0.37738996744155884,29.326386423781514,,,
m5b_smooth0.01,13,0.00864938274025917,0.3774403929710388,0.023866424337029457,0.049051906913518906,0.17220145463943481,0.37744027376174927,29.30701973848045,,,
m5b_smooth0.01,14,0.16645118407905102,0.419053316116333,0.019831039011478424,0.035161785781383514,0.10690165311098099,0.41905322670936584,31.883572109043598,,,
m5b_smooth0.01,15,0.006344757974147797,0.4175710082054138,0.021411623805761337,0.03675355389714241,0.10669377446174622,0.4175710082054138,31.778783313930035,,,
m5b_smooth0.01,16,0.07511000707745552,0.3828769028186798,0.021041668951511383,0.03792411461472511,0.10420249402523041,0.45395511388778687,30.192217234522104,,,
m5b_smooth0.01,17,0.0752040185034275,0.4035167098045349,0.023938942700624466,0.044524017721414566,0.11166737228631973,0.4163529574871063,30.97912659496069,,,
m5b_smooth0.01,18,0.26159926503896713,0.5192384719848633,0.03901657089591026,0.0371067188680172,0.06847628951072693,0.33616146445274353,36.49023957550526,,,
m5b_smooth0.01,19,1.190113939344883,0.15031687915325165,0.3926612138748169,0.2654709815979004,0.08152422308921814,0.11002595722675323,12.31911987066269,,,
m5b_smooth0.01,20,0.6248635435476899,0.009950638748705387,0.5263940095901489,0.4441700577735901,0.011664243414998055,0.007820505648851395,2.6470792908221483,,,
m5b_smooth0.01,21,0.7708919015713036,0.0011319536715745926,0.16574184596538544,0.8296163082122803,0.0025412263348698616,0.0009687202982604504,2.753858659416437,,,
m5b_smooth0.01,22,0.26553458598209545,0.0001612217165529728,0.03670044615864754,0.9623832106590271,0.0006040882435627282,0.00015030661597847939,2.939856291457545,,,
m5b_smooth0.01,23,0.047012613405968295,4.9087731895269826e-05,0.013732931576669216,0.9858895540237427,0.0002773963497020304,5.0377035222481936e-05,2.9769939105026424,,,
m5b_smooth0.01,24,0.012912341155242757,2.1787827790831216e-05,0.007427488919347525,0.992345929145813,0.0001797464065020904,2.4803506676107645e-05,2.9873780199632165,,,
m5b_smooth0.01,25,0.0030948658095439896,1.9156235794071108e-05,0.005883089266717434,0.9938690662384033,0.00020402441441547126,2.438404226268176e-05,2.9904092096221575,,,
m5b_smooth0.01,26,0.0009821152852964588,1.7071510228561237e-05,0.005394577048718929,0.9943267703056335,0.00023774287546984851,2.4479855710524134e-05,2.9914060966875695,,,
m5b_smooth0.01,27,0.001531232974230079,2.0724664864246733e-05,0.006031053606420755,0.9935616254806519,0.00035458256024867296,3.359860784257762e-05,2.990911868371768,,,
m5b_smooth0.01,28,0.004041963473355281,3.218133497284725e-05,0.007749715354293585,0.9915397763252258,0.0006197452894411981,5.843177859787829e-05,2.9894561863548006,,,
m5b_smooth0.01,29,0.006542545888805762,5.3408020903589204e-05,0.010438110679388046,0.988269031047821,0.0011313071008771658,0.000109048567537684,2.9878955147287343,,,
m5b_smooth0.01,30,0.008584041625908867,4.86035605717916e-06,0.0071252817288041115,0.9925603270530701,0.0002964691666420549,1.2517496543296147e-05,2.9873484133695456,,,
m5b_smooth0.01,31,0.06711904116764345,7.394615386147052e-05,0.03760974481701851,0.9590012431144714,0.00311293569393456,0.00020245931227691472,2.9436752236215398,,,
m5b_smooth0.01,32,0.3094297487841686,0.0003775922523345798,0.1800236850976944,0.8042864799499512,0.01418762095272541,0.0011251732939854264,2.7306044328724965,,,
m5b_smooth0.01,33,0.2180107238527853,0.0008880763780325651,0.2721273601055145,0.6952812671661377,0.028914324939250946,0.0027898212429136038,2.6527135162614286,,,
m5b_smooth0.01,34,0.20312107494100928,0.0012004957534372807,0.17056602239608765,0.7773804664611816,0.04694458842277527,0.003907676320523024,2.9580567544326186,,,
m5b_smooth0.01,35,0.9493985039880499,0.0009825291344895959,0.17201979458332062,0.30289942026138306,0.5177510380744934,0.006346945650875568,4.852784309070557,,,
m5b_smooth0.01,36,0.605581134208478,0.0020239625591784716,0.1341472566127777,0.03798070177435875,0.8043638467788696,0.02148258127272129,6.300830180756748,,,
m5b_smooth0.01,37,0.8679024379234761,0.0033279256895184517,0.5037168860435486,0.014820261858403683,0.39357420802116394,0.08456134796142578,4.686731540597975,,,
m5b_smooth0.01,38,0.6300497374031693,0.0031526542734354734,0.6108726263046265,0.005014159716665745,0.08853024989366531,0.29243001341819763,5.528806298971176,,,
m5b_smooth0.01,39,1.050569957587868,0.0014658794971182942,0.1633959412574768,0.0011994718806818128,0.016223356127738953,0.8177149295806885,11.816519633750431,,,
m5b_smooth0.01,40,0.23220335625228472,0.0007773266406729817,0.06058863177895546,0.0004017044266220182,0.004415431059896946,0.9338167309761047,13.212775594583945,,,
m5b_smooth0.01,41,0.027659316721837968,0.0007300045690499246,0.04876743629574776,0.00027040913118980825,0.0025853372644633055,0.9476461410522461,13.378522273415001,,,
m5b_smooth0.01,42,0.030054839531658217,0.0009638390620239079,0.0635446235537529,0.00028654158813878894,0.0024048113264143467,0.9327989816665649,13.198254014656413,,,
m5b_smooth0.01,43,0.08392944623483345,0.0015775831416249275,0.10413836687803268,0.0003895351546816528,0.0030594244599342346,0.890834629535675,12.693062745558564,,,
m5b_smooth0.01,44,0.2973720860318281,0.0029990749899297953,0.24938414990901947,0.0006517441943287849,0.004816392436623573,0.7421489953994751,10.85508456453681,,,
m5b_smooth0.01,45,0.18146300606895238,0.004269005730748177,0.33753502368927,0.0008694155840203166,0.005909063387662172,0.6514171361923218,9.757486964692362,,,
m5b_smooth0.01,46,0.15556697838474065,0.004676732234656811,0.2598084509372711,0.0009789052419364452,0.005852388218045235,0.7286836504936218,10.785886925179511,,,
m5b_smooth0.01,47,0.33799043187173083,0.0007615343201905489,0.10067419707775116,0.00012702023377642035,0.0007582562975585461,0.8976786136627197,12.7195557023515,,,
m5b_smooth0.01,48,0.44264833972556517,0.004386985674500465,0.3148918151855469,0.0006637979531660676,0.0037026030477136374,0.6763544678688049,10.074983121012338,,,
m5b_smooth0.01,49,1.2077500364976004,0.006464043166488409,0.9157229065895081,0.0008775088936090469,0.004455597139894962,0.07247928529977798,2.3520971974357963,,,
m5b_smooth0.01,50,0.04805187205784023,0.013122272677719593,0.9307911992073059,0.0013677000533789396,0.0062651182524859905,0.04845364764332771,2.4444375548046082,,,
m5b_smooth0.01,51,0.30897480179555714,0.0647284984588623,0.7763041257858276,0.0030669481493532658,0.014254530891776085,0.14164648950099945,6.752047447022051,,,
m5b_smooth0.01,52,1.0361901368014514,0.37118086218833923,0.258208692073822,0.004647264257073402,0.022197933867573738,0.34376510977745056,27.51109929010272,,,
m5b_smooth0.01,53,0.6287885871715844,0.6855754256248474,0.07370904833078384,0.0037401276640594006,0.01782466098666191,0.21915113925933838,44.41234354535118,,,
m5b_smooth0.01,54,0.242453140206635,0.8068019151687622,0.03769489377737045,0.00336063327267766,0.017278200015425682,0.13486459851264954,50.46494348300621,,,
m5b_smooth0.01,55,0.046664959751069546,0.7834694981575012,0.03842692822217941,0.0050233579240739346,0.02895267680287361,0.14412790536880493,49.28212630422786,,,
m5b_smooth0.01,56,0.26358540495857596,0.6516768932342529,0.05441480502486229,0.009591548703610897,0.06876939535140991,0.21554791927337646,42.68285968247801,,,
m5b_smooth0.01,57,0.6648762291297317,0.31923821568489075,0.09079410135746002,0.019868167117238045,0.21847231686115265,0.3516266345977783,25.756770646199584,,,
m5b_smooth0.01,58,0.6535344049334526,0.06031261757016182,0.08729784190654755,0.02339187078177929,0.5417159199714661,0.2872813940048218,11.590181464329362,,,
m5b_smooth0.01,59,0.42532534897327423,0.011249322444200516,0.05639876797795296,0.018449554219841957,0.7543789148330688,0.15952372550964355,8.300691338256001,,,
m5b_smooth0.01,60,0.1418394821230322,0.0036427041050046682,0.04035137593746185,0.016178308054804802,0.8252983689308167,0.11452895402908325,7.687942485325038,,,
m5b_smooth0.01,61,0.0350414706626907,0.0018281779484823346,0.032484021037817,0.01606951840221882,0.842819094657898,0.10679887980222702,7.5853012329898775,,,
m5b_smooth0.01,62,0.014209163375198841,0.0012283717514947057,0.029849475249648094,0.016781669110059738,0.838948667049408,0.11319111287593842,7.611213037278503,,,
m5b_smooth0.01,63,0.040492858621291816,0.0010146612767130136,0.02987578511238098,0.018390879034996033,0.8189160227775574,0.13180209696292877,7.723569615744054,,,
m5b_smooth0.01,64,0.07896235535736196,0.0004351816896814853,0.06935720890760422,0.013670828193426132,0.798362135887146,0.11817458271980286,7.379459704156034,,,
m5b_smooth0.01,65,0.9120931116340216,0.0018143263878300786,0.2647460699081421,0.04902578890323639,0.34231555461883545,0.3420981466770172,7.706265955697745,,,
m5b_smooth0.01,66,1.154442357365042,0.0015869062626734376,0.8419674634933472,0.048339106142520905,0.028325442224740982,0.07978139817714691,2.3974168277345598,,,
m5b_smooth0.01,67,0.1190420298371464,0.0015419487608596683,0.842283308506012,0.10754400491714478,0.006028598640114069,0.04260191321372986,1.8960592243820429,,,
m5b_smooth0.01,68,1.2747956172097474,0.0014206449268385768,0.21932822465896606,0.7449418306350708,0.0018273892346769571,0.03248171880841255,3.0069282001350075,,,
m5b_smooth0.01,69,0.1837446459539933,0.0007241362472996116,0.12973745167255402,0.8291053771972656,0.00024224766821134835,0.04019039496779442,3.224863021328929,,,
m5b_smooth0.01,70,1.282923380829743,0.002513670828193426,0.0986216813325882,0.21875952184200287,0.0005378241767175496,0.6795670390129089,10.42342381196795,,,
m5b_smooth0.01,71,0.5667093060910702,0.001222851686179638,0.02555827423930168,0.010110290721058846,0.00018679426284506917,0.9629218578338623,13.611473817087244,,,
m5b_smooth0.01,72,0.05213629500212846,0.0006177190807648003,0.009194549173116684,0.0011243214830756187,7.34771674615331e-05,0.9889900088310242,13.8960051222748,,,
m5b_smooth0.01,73,0.009413404546648962,0.0004400862380862236,0.005548842716962099,0.0002721287601161748,4.2046998714795336e-05,0.9936964511871338,13.94481504889336,,,
m5b_smooth0.01,74,0.003949066165660042,0.0003633654851000756,0.003830308560281992,0.00010422904597362503,3.0718128982698545e-05,0.9956710338592529,13.965554425736627,,,
m5b_smooth0.01,75,0.0010892618956859224,0.00034080466139130294,0.0033623925410211086,5.47307645319961e-05,2.6038997020805255e-05,0.9962156414985657,13.97117611847716,,,
m5b_smooth0.01,76,0.0007047135186439846,0.0003894612018484622,0.003020437201485038,4.513890962698497e-05,3.121425470453687e-05,0.9965149760246277,13.977951690168993,,,
m5b_smooth0.01,77,0.00011124881348223425,0.00040094050928018987,0.0030631835106760263,3.3461165003245696e-05,2.9916634957771748e-05,0.9964709281921387,13.978022408697143,,,
m5b_smooth0.01,78,0.001154585221229354,0.0005126133910380304,0.003516822587698698,3.581913188099861e-05,4.0276201616507024e-05,0.9958943724632263,13.977184231342108,,,
m5b_smooth0.01,79,0.001876634982181713,0.0006597835454158485,0.0042864177376031876,4.256493775756098e-05,5.5163360229926184e-05,0.9949561357498169,13.973773169294873,,,
m5b_smooth0.01,80,0.0017586403555469587,0.00079217558959499,0.005015977192670107,4.602558328770101e-05,6.916345591889694e-05,0.9940769076347351,13.970245440395956,,,
m5b_smooth0.01,81,0.0020728200106532313,0.0010494418675079942,0.005744271446019411,6.239409412955865e-05,0.00010364886111347005,0.9930405020713806,13.97219053680601,,,
m5b_smooth0.01,82,0.003150318982079625,0.0013677476672455668,0.0069304537028074265,8.488268940709531e-05,0.00015092517423909158,0.9914644360542297,13.970808542784653,,,
m5b_smooth0.01,83,0.0036575474296114407,0.0016106533585116267,0.008465951308608055,9.914443216985092e-05,0.00018767350411508232,0.9896363019943237,13.961624528565153,,,
m5b_smooth0.01,84,0.004787626407050993,0.001989656360819936,0.010383752174675465,0.00012859352864325047,0.00025556283071637154,0.9872428178787231,13.95333730452694,,,
m5b_smooth0.01,85,0.004206689292914234,0.002505765063688159,0.011808709241449833,0.00017959608521778136,0.0003669146972242743,0.9851395487785339,13.957215487098438,,,
m5b_smooth0.01,86,0.005811904353322461,0.0029468215070664883,0.014126922935247421,0.00022230161994230002,0.00047064010868780315,0.9822333455085754,13.946164436099934,,,
m5b_smooth0.01,87,0.0052390085911611095,0.003637474961578846,0.015764089301228523,0.00031511925044469535,0.0006698639481328428,0.9796141982078552,13.954245767294196,,,
m5b_smooth0.01,88,0.02621758752502501,0.001999187981709838,0.028873734176158905,6.920273881405592e-05,0.00014903282863087952,0.9689112901687622,13.714833913458278,,,
m5b_smooth0.01,89,0.2149266593332868,0.013239999301731586,0.1234980896115303,0.0005982236471027136,0.0012175486190244555,0.8614473342895508,12.988478239043616,,,
m5b_smooth0.01,90,1.489840219845064,0.033474940806627274,0.8460256457328796,0.0012926184572279453,0.002680018777027726,0.11652647703886032,4.5085307594854385,,,
m5b_smooth0.01,91,0.19648746401071548,0.0802822858095169,0.8974622488021851,0.0011613396927714348,0.0024317612405866385,0.018662497401237488,5.996180708752945,,,
m5b_smooth0.01,92,1.2521605044603348,0.7063623070716858,0.2868156135082245,0.0007521389052271843,0.0016142509412020445,0.00445536058396101,42.74448525928892,,,
m5b_smooth0.01,93,0.40910910701495595,0.9109164476394653,0.08690765500068665,0.0003633200249169022,0.0007794248522259295,0.0010319976136088371,54.76288841399946,,,
m5b_smooth0.01,94,0.13012822307064198,0.8459776043891907,0.151410311460495,0.0005368756828829646,0.001167449401691556,0.0009068544604815543,50.93254531011917,,,
m5b_smooth0.01,95,0.8173528317711316,0.43730175495147705,0.5568861365318298,0.0013302384177222848,0.002959555946290493,0.00152254244312644,26.841014634701423,,,
m5b_smooth0.01,96,0.31280278123449534,0.28099876642227173,0.7121320962905884,0.0016583555843681097,0.0037865866906940937,0.001423857407644391,17.623473258921877,,,
m5b_smooth0.01,97,0.554782842984423,0.5575549602508545,0.43486982583999634,0.0018771943869069219,0.004403041675686836,0.001294772489927709,33.94274713064078,,,
m5b_smooth0.01,98,0.04731155920308083,0.5804080963134766,0.4113093316555023,0.0020369277335703373,0.005045827478170395,0.001199362683109939,35.29401776357554,,,
m5b_smooth0.01,99,0.2639510156586766,0.44843316078186035,0.5385487675666809,0.0031469843816012144,0.008246228098869324,0.0016255496302619576,27.53446065913886,,,
m5b_smooth0.01,100,0.11124379723332822,0.3928113579750061,0.5891456007957458,0.004157455638051033,0.011947284452617168,0.0019391832174733281,24.281079002423212,,,
m5b_smooth0.01,101,0.24364087113644928,0.508485734462738,0.4673241674900055,0.0050910781137645245,0.01689232513308525,0.0022055814042687416,31.14086588518694,,,
m5b_smooth0.01,102,0.7879945356253302,0.9024840593338013,0.095591239631176,0.00036569885560311377,0.001460357685573399,9.964521450456232e-05,54.25734943302814,,,
m5b_smooth0.01,103,0.18321966946678003,0.994093120098114,0.004878492560237646,0.00021893410303164274,0.0007425180519931018,6.638796912739053e-05,59.65724955868791,,,
m5b_smooth0.01,104,0.0088795934098016,0.9985327124595642,0.0008858143701218069,0.00012685557885561138,0.0004093240131624043,4.4337673898553476e-05,59.91671512420726,,,
m5b_smooth0.01,105,0.0015296395031327847,0.9992989301681519,0.00030333231552504003,8.950181654654443e-05,0.00027623618370853364,3.3839525713119656e-05,59.96091505450022,,,
m5b_smooth0.01,106,0.0003602994438551832,0.999480128288269,0.00017910379392560571,7.946968253236264e-05,0.00023301506007555872,3.221998122171499e-05,59.9713073952953,,,
m5b_smooth0.01,107,0.00011763682778109796,0.9995355606079102,0.00012632933794520795,8.088163303909823e-05,0.000227031487156637,3.425450995564461e-05,59.97457139426115,,,
m5b_smooth0.01,108,7.249513146234676e-05,0.9995097517967224,0.00011524013825692236,9.126049553742632e-05,0.00024578903685323894,4.071521834703162e-05,59.973264665743045,,,
m5b_smooth0.01,109,0.00022300272394204512,0.9993992447853088,0.00012636283645406365,0.00011946253653150052,0.000304098823107779,5.5576405429746956e-05,59.96734619900235,,,
m5b_smooth0.01,110,0.00012677095946855843,0.9993371367454529,0.00012379152758512646,0.00013754160318057984,0.000339073856594041,6.461391603806987e-05,59.96404273288499,,,
m5b_smooth0.01,111,0.0003451857264735736,0.9991642236709595,0.00015132145199459046,0.00017849833238869905,0.00042111994116567075,8.635382982902229e-05,59.954697029912495,,,
m5b_smooth0.01,112,0.0005469080497277901,0.9988904595375061,0.00019008373783435673,0.00024493690580129623,0.0005551821086555719,0.00012023471936117858,59.93992202753725,,,
m5b_smooth0.01,113,0.0010904699302045628,0.9983442425727844,0.0002557198458816856,0.00038236205000430346,0.0008232623804360628,0.00019334616081323475,59.9105270432774,,,
m5b_smooth0.01,114,0.0014361821085913107,0.9976258277893066,0.00036940976860933006,0.0005565680330619216,0.0011568511836230755,0.00028962877695448697,59.87174154238892,,,
m5b_smooth0.01,115,0.001529086584923789,0.9968624711036682,0.00048539304407313466,0.0007473159348592162,0.0015108612133190036,0.0003946174692828208,59.830576280131936,,,
m5b_smooth0.01,116,0.0026826999674085528,0.9955205321311951,0.0007094342727214098,0.0010746711632236838,0.0021175481379032135,0.0005772950826212764,59.75807034375612,,,
m5b_smooth0.01,117,0.003954994201194495,0.9935436248779297,0.0009983193594962358,0.0015710717998445034,0.003030860796570778,0.0008567836484871805,59.65154002408963,,,
m5b_smooth0.01,118,0.00696681636327412,0.9970268607139587,0.0009700318914838135,0.0005705413641408086,0.0012060869485139847,0.00022679487301502377,59.83591103568324,,,
m5b_smooth0.01,119,0.0093391763366526,0.9923571944236755,0.001488132169470191,0.0018812090856954455,0.0034157736226916313,0.0008578502456657588,59.58448374364525,,,
m5b_smooth0.1,4,,0.20000606775283813,0.20000606775283813,0.20000606775283813,0.20000606775283813,0.20000606775283813,17.00051575899124,,,
m5b_smooth0.1,5,0.17655150592327118,0.18327441811561584,0.1619098037481308,0.2882663607597351,0.18327441811561584,0.18327441811561584,15.87193675339222,,,
m5b_smooth0.1,6,0.09624935686588287,0.1993160843849182,0.128091961145401,0.27395984530448914,0.1993160843849182,0.1993160843849182,17.094574332237244,,,
m5b_smooth0.1,7,0.3205941803753376,0.25274857878685,0.0510534904897213,0.19070161879062653,0.25274857878685,0.25274857878685,21.09579322859645,,,
m5b_smooth0.1,8,0.027366742491722107,0.2555239796638489,0.037369679659605026,0.19605834782123566,0.2555239796638489,0.2555239796638489,21.32298707589507,,,
m5b_smooth0.1,9,0.0842081680893898,0.2734255790710449,0.029397789388895035,0.16192640364170074,0.2618251144886017,0.2734255790710449,22.581445652991533,,,
m5b_smooth0.1,10,0.030658183619379997,0.28109002113342285,0.02840382419526577,0.161637544631958,0.24777863919734955,0.28109002113342285,23.048428496345878,,,
m5b_smooth0.1,11,0.11229191534221172,0.29118308424949646,0.02375328540802002,0.11014208942651749,0.2837384343147278,0.29118308424949646,23.887896828353405,,,
m5b_smooth0.1,12,0.122760696336627,0.3218733072280884,0.02294577844440937,0.09953684359788895,0.2337709367275238,0.3218733072280884,25.776577601209283,,,
m5b_smooth0.1,13,0.10771858505904675,0.3421650826931,0.025262020528316498,0.11049601435661316,0.1799113154411316,0.3421650826931,26.936345390975475,,,
m5b_smooth0.1,14,0.020416714251041412,0.3373003602027893,0.02478354424238205,0.11143263429403305,0.18918348848819733,0.3373003602027893,26.64359252154827,,,
m5b_smooth0.1,15,0.07466238550841808,0.3186437487602234,0.024765165522694588,0.11198611557483673,0.22596082091331482,0.3186437785625458,25.522087084129453,,,
m5b_smooth0.1,16,0.05410945601761341,0.319419264793396,0.021515756845474243,0.09025625884532928,0.25224044919013977,0.3165687322616577,25.65508581697941,,,
m5b_smooth0.1,17,0.03601793944835663,0.3309246003627777,0.02133965492248535,0.08735346794128418,0.23731008172035217,0.32307207584381104,26.32305571436882,,,
m5b_smooth0.1,18,0.34007495222613215,0.4337920844554901,0.0069550019688904285,0.03782011568546295,0.13119085133075714,0.3902423083782196,32.52966869296506,,,
m5b_smooth0.1,19,0.44152991799637675,0.3047618567943573,0.03726770728826523,0.15198224782943726,0.20748093724250793,0.29850754141807556,24.41039799898863,,,
m5b_smooth0.1,20,0.7290849462151527,0.12236522138118744,0.15712764859199524,0.3966643214225769,0.18195120990276337,0.1418909728527069,11.949165984988213,,,
m5b_smooth0.1,21,0.5802266784012318,0.02890728786587715,0.2246168851852417,0.6192885041236877,0.09007212519645691,0.03711473196744919,4.967030793428421,,,
m5b_smooth0.1,22,0.16075740288943052,0.009495318867266178,0.22884754836559296,0.6954370737075806,0.0530141144990921,0.013206541538238525,3.4408682845532894,,,
m5b_smooth0.1,23,0.0567018766887486,0.005132913589477539,0.21855735778808594,0.7237878441810608,0.04494468867778778,0.007577456999570131,3.118592924438417,,,
m5b_smooth0.1,24,0.03742050449363887,0.0034839657600969076,0.20366013050079346,0.7415055632591248,0.04593675583600998,0.0054129138588905334,3.0345528507605195,,,
m5b_smooth0.1,25,0.012116600293666124,0.003163642482832074,0.20064876973628998,0.7391321063041687,0.05199553817510605,0.005060236901044846,3.0426757214590907,,,
m5b_smooth0.1,26,0.009398025926202536,0.002813584404066205,0.19874729216098785,0.7371061444282532,0.05669436231255531,0.004638532642275095,3.040680782869458,,,
m5b_smooth0.1,27,0.052134704077616334,0.0028201211243867874,0.17267991602420807,0.7530927062034607,0.06667886674404144,0.004728257656097412,3.1341129764914513,,,
m5b_smooth0.1,28,0.15432917163707316,0.002759602153673768,0.09566006809473038,0.8245755434036255,0.07236141711473465,0.004644840490072966,3.306520514190197,,,
m5b_smooth0.1,29,0.05066985893063247,0.0029534799978137016,0.07032425701618195,0.8366057276725769,0.08512717485427856,0.004989068489521742,3.423087422735989,,,
m5b_smooth0.1,30,0.06431547953980044,0.000881558342371136,0.05492623522877693,0.8687633275985718,0.07397020608186722,0.0014581010909751058,3.2523145764134824,,,
m5b_smooth0.1,31,0.49025087227346376,0.004574510734528303,0.19378282129764557,0.6236385703086853,0.1725032478570938,0.00550163583829999,3.623714813031256,,,
m5b_smooth0.1,32,0.2943263556808233,0.008465194143354893,0.33449965715408325,0.5069338083267212,0.14204475283622742,0.008057215251028538,3.470327014103532,,,
m5b_smooth0.1,33,0.11464369669556618,0.013039493933320045,0.30076271295547485,0.5575934648513794,0.11845912784337997,0.010144386440515518,3.727148048579693,,,
m5b_smooth0.1,34,0.09398086182773113,0.01756061613559723,0.2625327408313751,0.5987319350242615,0.10969925671815872,0.011475812643766403,4.040921688079834,,,
m5b_smooth0.1,35,0.3052333667874336,0.021910637617111206,0.2921144962310791,0.44611507654190063,0.22648882865905762,0.013370972126722336,4.717713393270969,,,
m5b_smooth0.1,36,0.36822763085365295,0.059716854244470596,0.21913471817970276,0.33498111367225647,0.3458738327026367,0.04029364138841629,7.792317122220993,,,
m5b_smooth0.1,37,0.28461645916104317,0.08307759463787079,0.3063059151172638,0.2614409625530243,0.27710556983947754,0.07206974923610687,9.023999959230423,,,
m5b_smooth0.1,38,0.20300272852182388,0.08247483521699905,0.3403974175453186,0.3019941747188568,0.17620711028575897,0.09892654418945312,8.813291445374489,,,
m5b_smooth0.1,39,0.12638945877552032,0.06875567883253098,0.37580928206443787,0.32977721095085144,0.13011077046394348,0.09554748237133026,7.738921791315079,,,
m5b_smooth0.1,40,0.11607365682721138,0.06058512255549431,0.3392358124256134,0.38781389594078064,0.12107601016759872,0.09128929674625397,7.26336707919836,,,
m5b_smooth0.1,41,0.01440950483083725,0.05998338386416435,0.3333492875099182,0.39368730783462524,0.12035923451185226,0.092620350420475,7.252613790333271,,,
m5b_smooth0.1,42,0.020930934697389603,0.059039920568466187,0.3396705389022827,0.38416504859924316,0.12342413514852524,0.09369941055774689,7.2103216126561165,,,
m5b_smooth0.1,43,0.09046689793467522,0.06143229827284813,0.2944377362728119,0.38492754101753235,0.16232159733772278,0.09688117355108261,7.627745866775513,,,
m5b_smooth0.1,44,0.045668911188840866,0.05841682851314545,0.29147785902023315,0.3708963692188263,0.18515586853027344,0.09405305236577988,7.522010490298271,,,
m5b_smooth0.1,45,0.17159221693873405,0.05857827886939049,0.20568197965621948,0.40049803256988525,0.2297176867723465,0.1055244579911232,8.007239028811455,,,
m5b_smooth0.1,46,0.029214050620794296,0.057185955345630646,0.2142610251903534,0.39545053243637085,0.23574548959732056,0.09735707938671112,7.844987481832504,,,
m5b_smooth0.1,47,0.26391664892435074,0.132497176527977,0.2709081768989563,0.3539105951786041,0.15463441610336304,0.08804981410503387,11.597608864307404,,,
m5b_smooth0.1,48,0.9486679211258888,0.6068307757377625,0.12183568626642227,0.11005336791276932,0.08806125074625015,0.07321837544441223,38.503328345716,,,
m5b_smooth0.1,49,0.48767232708632946,0.8506671786308289,0.06411000341176987,0.03098260425031185,0.027830256149172783,0.026409892365336418,51.761638820171356,,,
m5b_smooth0.1,50,0.056214308366179466,0.8649579882621765,0.07792680710554123,0.02107435092329979,0.018224788829684258,0.017816917970776558,52.41563952900469,,,
m5b_smooth0.1,51,0.06852210406213999,0.8423038125038147,0.11218756437301636,0.01815304346382618,0.014116989448666573,0.01323885377496481,50.98903832398355,,,
m5b_smooth0.1,52,0.016373571939766407,0.8428033590316772,0.11987480521202087,0.016153480857610703,0.011335202492773533,0.009833418764173985,50.95355106983334,,,
m5b_smooth0.1,53,0.05409715045243502,0.8169251084327698,0.14581628143787384,0.017260566353797913,0.011135498993098736,0.008862784132361412,49.415131957270205,,,
m5b_smooth0.1,54,0.053460268303751945,0.791240394115448,0.17184747755527496,0.0179593488574028,0.0110169081017375,0.007935799658298492,47.888368722982705,,,
m5b_smooth0.1,55,0.019442073069512844,0.7818460464477539,0.17951442301273346,0.019383765757083893,0.011647267267107964,0.007609795778989792,47.33649651892483,,,
m5b_smooth0.1,56,0.030482689384371042,0.7666038274765015,0.19057200849056244,0.021991632878780365,0.013073384761810303,0.007758696097880602,46.45291199441999,,,
m5b_smooth0.1,57,0.048787358682602644,0.7422106266021729,0.2085142582654953,0.025510113686323166,0.01538810320198536,0.008377404883503914,45.04268258623779,,,
m5b_smooth0.1,58,0.050457424484193325,0.7659059166908264,0.18359936773777008,0.02625620737671852,0.016175035387277603,0.008063186891376972,46.44283285550773,,,
m5b_smooth0.1,59,0.032784259878098965,0.7495141625404358,0.19095489382743835,0.030987273901700974,0.019603505730628967,0.008940629661083221,45.51715982332826,,,
m5b_smooth0.1,60,0.03571378253400326,0.7337517142295837,0.18886038661003113,0.03980105742812157,0.02639823965728283,0.011188939213752747,44.67479923926294,,,
m5b_smooth0.1,61,0.057581014931201935,0.739810049533844,0.16006940603256226,0.05013974383473396,0.03572188690304756,0.014258304610848427,45.148761082440615,,,
m5b_smooth0.1,62,0.193955535069108,0.64283287525177,0.20780974626541138,0.07262800633907318,0.05579931661486626,0.020930632948875427,39.67929035797715,,,
m5b_smooth0.1,63,0.09864136204123497,0.6145220994949341,0.18679942190647125,0.08641386032104492,0.08362266421318054,0.02864169329404831,38.30370932817459,,,
m5b_smooth0.1,64,0.3696906641125679,0.7993672490119934,0.1256009340286255,0.033293504267930984,0.031646519899368286,0.010091166943311691,48.550318364053965,,,
m5b_smooth0.1,65,0.058091094717383385,0.7774193286895752,0.11850346624851227,0.04446405544877052,0.04281071573495865,0.016802126541733742,47.43196013569832,,,
m5b_smooth0.1,66,0.11845593713223934,0.7261430025100708,0.17750494182109833,0.04469114542007446,0.03503429517149925,0.01662750169634819,44.35818361863494,,,
m5b_smooth0.1,67,0.2363605685532093,0.6195244789123535,0.29260921478271484,0.04776637628674507,0.02588673122227192,0.014212524518370628,37.98755954019725,,,
m5b_smooth0.1,68,0.1641618860885501,0.545735239982605,0.3692269027233124,0.05322975665330887,0.020297810435295105,0.011509866453707218,33.576253375038505,,,
m5b_smooth0.1,69,0.3787953807041049,0.7351329922676086,0.22152554988861084,0.030289171263575554,0.00798127893358469,0.005070707760751247,44.547231460921466,,,
m5b_smooth0.1,70,0.3023274587467313,0.8861077427864075,0.07286828756332397,0.02840784378349781,0.0073567945510149,0.005260341800749302,53.44969873316586,,,
m5b_smooth0.1,71,0.03467545611783862,0.9029329419136047,0.05685007572174072,0.02731054089963436,0.0071336799301207066,0.005771969445049763,54.44550154497847,,,
m5b_smooth0.1,72,0.008062854409217834,0.8989021182060242,0.058624256402254105,0.028733504936099052,0.007204238325357437,0.006536297034472227,54.220889690332115,,,
m5b_smooth0.1,73,0.03937625652179122,0.8792135119438171,0.07170852273702621,0.03381252661347389,0.007628070656210184,0.007636826951056719,53.08626889111474,,,
m5b_smooth0.1,74,0.01153141725808382,0.884979248046875,0.0674629807472229,0.03302950784564018,0.007111676502972841,0.007416100706905127,53.418913532514125,,,
m5b_smooth0.1,75,0.0068885828368365765,0.8819108009338379,0.06932006031274796,0.03461672365665436,0.006941208615899086,0.007210728246718645,53.23735694307834,,,
m5b_smooth0.1,76,0.015631682705134153,0.8776862621307373,0.06572863459587097,0.04071831330657005,0.007864011451601982,0.008002053946256638,53.016136137768626,,,
m5b_smooth0.1,77,0.02414607908576727,0.8656137585639954,0.07177629321813583,0.04599696770310402,0.008431504480540752,0.008181823417544365,52.320158769376576,,,
m5b_smooth0.1,78,0.022860591299831867,0.8577689528465271,0.06819140166044235,0.055021993815898895,0.009876258671283722,0.009142937138676643,51.896529484540224,,,
m5b_smooth0.1,79,0.026703047566115856,0.8463119864463806,0.06629510223865509,0.06642445921897888,0.01119792927056551,0.009768582880496979,51.259433331899345,,,
m5b_smooth0.1,80,0.012665004469454288,0.8471276164054871,0.060130901634693146,0.07130593061447144,0.011834295466542244,0.009601246565580368,51.31896319799125,,,
m5b_smooth0.1,81,0.04517055209726095,0.8248029947280884,0.05986975505948067,0.08993301540613174,0.014424111694097519,0.010969129391014576,50.072385078296065,,,
m5b_smooth0.1,82,0.023965160362422466,0.812820553779602,0.062041137367486954,0.0970381498336792,0.016309821978211403,0.011789621785283089,49.40161227248609,,,
m5b_smooth0.1,83,0.008443097583949566,0.8119144439697266,0.06577204912900925,0.09372307360172272,0.016797833144664764,0.01179261039942503,49.344489285722375,,,
m5b_smooth0.1,84,0.09115346986800432,0.7663378715515137,0.07064122706651688,0.12795612215995789,0.020561568439006805,0.014503546059131622,46.7817625105381,,,
m5b_smooth0.1,85,0.10883588157594204,0.717648983001709,0.06491176038980484,0.17338478565216064,0.025491414591670036,0.01856256276369095,44.08232087828219,,,
m5b_smooth0.1,86,0.01786057837307453,0.7100374102592468,0.06359301507472992,0.17896287143230438,0.026972172781825066,0.020433979108929634,43.67760716192424,,,
m5b_smooth0.1,87,0.09433389268815517,0.6657369136810303,0.06072676554322243,0.21650362014770508,0.03158607333898544,0.02544647641479969,41.23180563002825,,,
m5b_smooth0.1,88,0.4818076714873314,0.9066402912139893,0.037035442888736725,0.04066834971308708,0.008515541441738605,0.007139307446777821,54.71701705921441,,,
m5b_smooth0.1,89,0.047088732942938805,0.9286695122718811,0.030895913019776344,0.02326344884932041,0.009265310131013393,0.00790461990982294,55.99637884553522,,,
m5b_smooth0.1,90,0.015591206960380077,0.9275110960006714,0.03861955180764198,0.01682858355343342,0.0093378946185112,0.007702917791903019,55.912977173924446,,,
m5b_smooth0.1,91,0.05873362347483635,0.8981436491012573,0.06537698954343796,0.017338933423161507,0.010841809213161469,0.008297392167150974,54.198068890720606,,,
m5b_smooth0.1,92,0.18028549198061228,0.8080015182495117,0.14643847942352295,0.022493090480566025,0.013716286979615688,0.009350628592073917,48.92093165498227,,,
m5b_smooth0.1,93,0.41731247678399086,0.5993455648422241,0.34012946486473083,0.032835546880960464,0.01753298193216324,0.010157015174627304,36.664299082010984,,,
m5b_smooth0.1,94,0.3233190309256315,0.438565194606781,0.49184319376945496,0.04092870652675629,0.019384698942303658,0.009276960045099258,27.1941113229841,,,
m5b_smooth0.1,95,0.08639807906001806,0.45049789547920227,0.4486449360847473,0.06324334442615509,0.026890447363257408,0.01072369422763586,28.006613548845053,,,
m5b_smooth0.1,96,0.11275947000831366,0.4257580637931824,0.41700485348701477,0.10406426340341568,0.040718644857406616,0.012454133480787277,26.734069854021072,,,
m5b_smooth0.1,97,0.20015988405793905,0.3389202654361725,0.4037625789642334,0.18228362500667572,0.06119179725646973,0.01384143065661192,21.907951990142465,,,
m5b_smooth0.1,98,0.25799985881894827,0.2166382223367691,0.39785343408584595,0.2939505875110626,0.07852514833211899,0.013033073395490646,15.010137602686882,,,
m5b_smooth0.1,99,0.3238819343969226,0.19653408229351044,0.25601649284362793,0.41380590200424194,0.11898767203092575,0.014656088314950466,14.327578077092767,,,
m5b_smooth0.1,100,0.06776283960789442,0.17146550118923187,0.24720361828804016,0.42138898372650146,0.14363539218902588,0.016306670382618904,13.033041771501303,,,
m5b_smooth0.1,101,0.11764753982424736,0.15440182387828827,0.20544329285621643,0.44260892271995544,0.17935237288475037,0.018193287774920464,12.307552132755518,,,
m5b_smooth0.1,102,0.6586358528584242,0.3707270920276642,0.3184359073638916,0.21570999920368195,0.08369769155979156,0.011428922414779663,23.955080181360245,,,
m5b_smooth0.1,103,1.0736717777326703,0.9075629115104675,0.04748266190290451,0.022514887154102325,0.016692640259861946,0.005746372975409031,54.76609971746802,,,
m5b_smooth0.1,104,0.14112869603559375,0.9781280159950256,0.012447040528059006,0.0035658031702041626,0.00357008702121675,0.002290040021762252,58.7678765791934,,,
m5b_smooth0.1,105,0.0251828336622566,0.9907188415527344,0.005600661505013704,0.0010937716579064727,0.0013039225013926625,0.0012826069723814726,59.479096424765885,,,
m5b_smooth0.1,106,0.006915805337484926,0.99417644739151,0.003642712952569127,0.0005253596464172006,0.0007067346014082432,0.00094795593759045,59.674024160718545,,,
m5b_smooth0.1,107,0.0029279951995704323,0.9956402778625488,0.0027296741027384996,0.00032820168416947126,0.00048570564831607044,0.0008150169742293656,59.7569411280856,,,
m5b_smooth0.1,108,0.0011205144692212343,0.996200442314148,0.0023746793158352375,0.0002468308084644377,0.00039602667675353587,0.0007807115907780826,59.78884385959827,,,
m5b_smooth0.1,109,0.0002256368170492351,0.9962530732154846,0.0022970556747168303,0.00022502010688185692,0.00038368182140402496,0.0008419383084401488,59.79262941799243,,,
m5b_smooth0.1,110,0.0006290238670771942,0.9965673685073853,0.0020660231821238995,0.00018960390298161656,0.00034786653122864664,0.0008294737199321389,59.810724643131834,,,
m5b_smooth0.1,111,0.00020096494699828327,0.9964708685874939,0.002080228878185153,0.0001854714791988954,0.00035989799653179944,0.0009035691618919373,59.806058012807625,,,
m5b_smooth0.1,112,0.0006568324461113662,0.9961420893669128,0.0022162904497236013,0.0001951102021848783,0.00040060223545879126,0.0010452178539708257,59.78876424867485,,,
m5b_smooth0.1,113,0.0012096734280930832,0.9955381751060486,0.00244233594276011,0.0002321264473721385,0.0004946787958033383,0.0012938387226313353,59.757005715335254,,,
m5b_smooth0.1,114,0.0012776693038176745,0.994899332523346,0.0027252158615738153,0.0002650733513291925,0.0005883373669348657,0.0015231800498440862,59.72292326958268,,,
m5b_smooth0.1,115,0.0004377590084914118,0.9946799874305725,0.0027635269798338413,0.00027703383238986135,0.0006428702035918832,0.0016367895295843482,59.71180901915068,,,
m5b_smooth0.1,116,0.001642338465899229,0.9938591122627258,0.0031195972114801407,0.000317952421028167,0.0007672929205000401,0.0019368412904441357,59.66810701874783,,,
m5b_smooth0.1,117,0.0016813214169815183,0.9930170178413391,0.00340251880697906,0.0003667784039862454,0.0009189393604174256,0.0022926742676645517,59.62405393976951,,,
m5b_smooth0.1,118,0.006822696101153269,0.9964295029640198,0.0022513382136821747,9.900654549710453e-05,0.000309636234305799,0.0009107188670895994,59.803236053470755,,,
m5b_smooth0.1,119,0.006033194047631696,0.993413507938385,0.003453851444646716,0.0002911798073910177,0.0008124656742438674,0.0020304019562900066,59.64325075427769,,,
m5b_smooth0.3,4,,0.20000606775283813,0.20000606775283813,0.20000606775283813,0.20000606775283813,0.20000606775283813,17.00051575899124,,,
m5b_smooth0.3,5,0.22476574778556824,0.1625400334596634,0.22132275998592377,0.2910570204257965,0.1625400334596634,0.1625400334596634,14.260236531496048,,,
m5b_smooth0.3,6,0.10615558922290802,0.18023264408111572,0.1888524442911148,0.27044957876205444,0.18023264408111572,0.18023264408111572,15.599045351147652,,,
m5b_smooth0.3,7,0.2406533733010292,0.22034157812595367,0.0783955380320549,0.260579913854599,0.22034157812595367,0.22034157812595367,18.7078031077981,,,
m5b_smooth0.3,8,0.0920933187007904,0.21194463968276978,0.05753948539495468,0.3066263496875763,0.21194463968276978,0.21194462478160858,18.14493414014578,,,
m5b_smooth0.3,9,0.19182270020246506,0.2448783814907074,0.043454885482788086,0.22479964792728424,0.24198853969573975,0.2448783814907074,20.532773837447166,,,
m5b_smooth0.3,10,0.013577844947576523,0.24827276170253754,0.04102683439850807,0.22300224006175995,0.2394248992204666,0.24827274680137634,20.758192006498575,,,
m5b_smooth0.3,11,0.14396918565034866,0.2763044834136963,0.03446495160460472,0.15757961571216583,0.2553461194038391,0.2763044834136963,22.7411584071815,,,
m5b_smooth0.3,12,0.058271363377571106,0.266686350107193,0.033519189804792404,0.14862607419490814,0.2844819128513336,0.266686350107193,22.205560710281134,,,
m5b_smooth0.3,13,0.07870973646640778,0.2857930064201355,0.03466064855456352,0.14458458125591278,0.24916847050189972,0.2857930362224579,23.36127657815814,,,
m5b_smooth0.3,14,0.10257275030016899,0.31143632531166077,0.03186355531215668,0.12799511849880219,0.21726888418197632,0.31143632531166077,24.983019173145294,,,
m5b_smooth0.3,15,0.06475677341222763,0.3246597349643707,0.03281029313802719,0.1329795867204666,0.18489013612270355,0.3246597349643707,25.750800393521786,,,
m5b_smooth0.3,16,0.106844088062644,0.35192054510116577,0.029125208035111427,0.11145270615816116,0.15668034553527832,0.35082125663757324,27.486976044252515,,,
m5b_smooth0.3,17,0.022747572511434555,0.34774327278137207,0.02950105629861355,0.10993897169828415,0.16767776012420654,0.34513795375823975,27.229590011760592,,,
m5b_smooth0.3,18,0.17804253939539194,0.39733627438545227,0.008752965368330479,0.04205479845404625,0.16728943586349487,0.38456690311431885,30.530056518502533,,,
m5b_smooth0.3,19,0.48090102430433035,0.2720200717449188,0.02773800864815712,0.12238583713769913,0.30842363834381104,0.2694323658943176,22.647118415683508,,,
m5b_smooth0.3,20,0.15491614118218422,0.2250472754240036,0.048482730984687805,0.17726735770702362,0.31025561690330505,0.23894724249839783,19.60017204284668,,,
m5b_smooth0.3,21,0.1263149306178093,0.20217038691043854,0.06129571050405502,0.18688765168190002,0.3509797751903534,0.19866663217544556,17.99037315696478,,,
m5b_smooth0.3,22,0.08394189551472664,0.16979745030403137,0.05620234087109566,0.1846921741962433,0.39295080304145813,0.19635754823684692,16.29778717830777,,,
m5b_smooth0.3,23,0.06851041689515114,0.14439387619495392,0.053893059492111206,0.1999657154083252,0.4119318723678589,0.18981459736824036,14.858350247144699,,,
m5b_smooth0.3,24,0.08409995585680008,0.11792296171188354,0.054028771817684174,0.21103380620479584,0.4427783489227295,0.17423583567142487,13.301258035004139,,,
m5b_smooth0.3,25,0.03392666578292847,0.10527230054140091,0.05964158475399017,0.21608872711658478,0.4384658634662628,0.18053162097930908,12.620949536561966,,,
m5b_smooth0.3,26,0.052180830389261246,0.1003732904791832,0.05514506623148918,0.2025766670703888,0.43528255820274353,0.20662155747413635,12.624952208250761,,,
m5b_smooth0.3,27,0.05913528427481651,0.1024508848786354,0.05562236160039902,0.22959010303020477,0.4158395230770111,0.19649763405323029,12.55328930169344,,,
m5b_smooth0.3,28,0.15707170218229294,0.08392550051212311,0.04854259639978409,0.2500814199447632,0.47388383746147156,0.14356671273708344,11.161437727510929,,,
m5b_smooth0.3,29,0.05875742807984352,0.07634695619344711,0.04776554927229881,0.26884424686431885,0.4528604745864868,0.15418235957622528,10.763692017644644,,,
m5b_smooth0.3,30,0.31767200119793415,0.10097359120845795,0.02282571978867054,0.13494807481765747,0.5760813355445862,0.16517086327075958,12.831046851351857,,,
m5b_smooth0.3,31,0.5082992818206549,0.2481565922498703,0.04730594903230667,0.21743462979793549,0.32712239027023315,0.15998031198978424,20.118586473166943,,,
m5b_smooth0.3,32,0.2635530084371567,0.35925090312957764,0.058631815016269684,0.18764658272266388,0.22513413429260254,0.16933684051036835,26.123280458152294,,,
m5b_smooth0.3,33,0.11182332783937454,0.4114343225955963,0.0623597651720047,0.17498864233493805,0.18337315320968628,0.1678438037633896,28.906810373067856,,,
m5b_smooth0.3,34,0.041272878646850586,0.393690824508667,0.06341151893138885,0.182336688041687,0.180480495095253,0.18008072674274445,28.016364693641663,,,
m5b_smooth0.3,35,0.2637087143957615,0.4521234631538391,0.037396837025880814,0.10426611453294754,0.15271122753620148,0.2535022795200348,32.09561347588897,,,
m5b_smooth0.3,36,0.29241708666086197,0.30591511726379395,0.061224792152643204,0.13756896555423737,0.23755356669425964,0.2577378749847412,24.100043941289186,,,
m5b_smooth0.3,37,0.1795523501932621,0.35922500491142273,0.0644320473074913,0.11310119926929474,0.17224536836147308,0.29099711775779724,27.236913166940212,,,
m5b_smooth0.3,38,0.12728247046470642,0.40058454871177673,0.07776568830013275,0.09674245119094849,0.12496244162321091,0.2999447286128998,29.477029256522655,,,
m5b_smooth0.3,39,0.04323415458202362,0.4104946255683899,0.08235990256071091,0.09570399671792984,0.10438371449708939,0.3070574104785919,30.028639174997807,,,
m5b_smooth0.3,40,0.1297108307480812,0.34706854820251465,0.08156255632638931,0.10037262737751007,0.10375150293111801,0.3672439754009247,27.07446950674057,,,
m5b_smooth0.3,41,0.048860251903533936,0.33253854513168335,0.07166257500648499,0.10448963195085526,0.11037274450063705,0.38093599677085876,26.443157345056534,,,
m5b_smooth0.3,42,0.06889425218105316,0.3020205497741699,0.06938550621271133,0.1055302768945694,0.10872117429971695,0.4143429696559906,25.069059118628502,,,
m5b_smooth0.3,43,0.05832476168870926,0.2855132818222046,0.07737717032432556,0.11949152499437332,0.11593025922775269,0.40168747305870056,24.001785092055798,,,
m5b_smooth0.3,44,0.07128296792507172,0.25817567110061646,0.0773625299334526,0.11269734799861908,0.11443553864955902,0.4373292922973633,22.829653702676296,,,
m5b_smooth0.3,45,0.14977194368839264,0.2108519971370697,0.1014632061123848,0.13429827988147736,0.14361979067325592,0.40976688265800476,19.897552765905857,,,
m5b_smooth0.3,46,0.04309678077697754,0.19849489629268646,0.09970534592866898,0.1405264288187027,0.15894010663032532,0.402333527803421,19.176228545606136,,,
m5b_smooth0.3,47,0.17079011350870132,0.22902880609035492,0.0899280309677124,0.11177641898393631,0.11207196861505508,0.4571942687034607,21.352209195494652,,,
m5b_smooth0.3,48,0.39181284606456757,0.2641642987728119,0.17548227310180664,0.13956601917743683,0.15949901938438416,0.2612878084182739,21.218560710549355,,,
m5b_smooth0.3,49,0.3034482002258301,0.2969675064086914,0.29440316557884216,0.13937771320343018,0.1346019208431244,0.1346491128206253,21.357887715101242,,,
m5b_smooth0.3,50,0.1706954762339592,0.36910855770111084,0.29099610447883606,0.15258486568927765,0.10110528767108917,0.08620553463697433,24.809878662228584,,,
m5b_smooth0.3,51,0.1018863394856453,0.35714367032051086,0.33925560116767883,0.15526863932609558,0.08554236590862274,0.06279027462005615,23.711542144417763,,,
m5b_smooth0.3,52,0.0427863635122776,0.34269627928733826,0.34139153361320496,0.17068509757518768,0.08938305824995041,0.05584438517689705,22.822726383805275,,,
m5b_smooth0.3,53,0.2462712563574314,0.4554237425327301,0.21825596690177917,0.1732778251171112,0.09658368676900864,0.05645925551652908,29.530029378831387,,,
m5b_smooth0.3,54,0.014084506779909134,0.4597136676311493,0.21353121101856232,0.17451070249080658,0.0981030985713005,0.05414171889424324,29.76458913087845,,,
m5b_smooth0.3,55,0.0590619221329689,0.445366770029068,0.1983470320701599,0.18361642956733704,0.1146232932806015,0.05804664269089699,29.08621857315302,,,
m5b_smooth0.3,56,0.02178328111767769,0.4354874789714813,0.20674635469913483,0.18574729561805725,0.11361128091812134,0.058408431708812714,28.506233990192413,,,
m5b_smooth0.3,57,0.114679504185915,0.3789518177509308,0.23465900123119354,0.2140078991651535,0.1147768646478653,0.05760342255234718,25.22367773205042,,,
m5b_smooth0.3,58,0.09224879741668701,0.40213751792907715,0.18853498995304108,0.23612336814403534,0.11545064300298691,0.05775326117873192,26.64185632765293,,,
m5b_smooth0.3,59,0.03614208102226257,0.4075329899787903,0.17046430706977844,0.2367095798254013,0.12429219484329224,0.06100142374634743,27.05663774162531,,,
m5b_smooth0.3,60,0.0787610374391079,0.3681524991989136,0.17866581678390503,0.2596917748451233,0.12981778383255005,0.06367267668247223,24.84703305363655,,,
m5b_smooth0.3,61,0.019642390310764313,0.3698345422744751,0.16964973509311676,0.26102975010871887,0.13661879301071167,0.06286739557981491,24.97928661108017,,,
m5b_smooth0.3,62,0.026653267443180084,0.3690720200538635,0.173955500125885,0.24846544861793518,0.14551787078380585,0.0629889965057373,24.964144095778465,,,
m5b_smooth0.3,63,0.15501073002815247,0.2915668189525604,0.17520616948604584,0.2885098457336426,0.17747719585895538,0.06724013388156891,20.71844708919525,,,
m5b_smooth0.3,64,0.3071286268532276,0.4451313614845276,0.15656134486198425,0.2225111871957779,0.1385190486907959,0.03727767989039421,29.023497454822063,,,
m5b_smooth0.3,65,0.21349025145173073,0.3764614164829254,0.14729894697666168,0.19369807839393616,0.22801482677459717,0.05452670156955719,25.675555780529976,,,
m5b_smooth0.3,66,0.0983818992972374,0.37253710627555847,0.1964900642633438,0.19229935109615326,0.19041113555431366,0.04826264828443527,25.1341695189476,,,
m5b_smooth0.3,67,0.11345076933503151,0.39622464776039124,0.21848055720329285,0.20334658026695251,0.14386026561260223,0.03808801248669624,26.142253197729588,,,
m5b_smooth0.3,68,0.07339628413319588,0.4000151455402374,0.215192973613739,0.23625457286834717,0.11702267825603485,0.03151538968086243,26.185239627957344,,,
m5b_smooth0.3,69,0.11603427864611149,0.43229639530181885,0.19210872054100037,0.26199010014533997,0.09498777985572815,0.018617039546370506,27.841415751725435,,,
m5b_smooth0.3,70,0.2761864401400089,0.5295922756195068,0.13073153793811798,0.18527427315711975,0.1274101287126541,0.02699224092066288,33.73185316845775,,,
m5b_smooth0.3,71,0.013252915814518929,0.5296404957771301,0.12875375151634216,0.1878545880317688,0.12276098877191544,0.030989695340394974,33.763929918408394,,,
m5b_smooth0.3,72,0.08083804324269295,0.526680052280426,0.13022024929523468,0.22680702805519104,0.08747030794620514,0.028821714222431183,33.42724062502384,,,
m5b_smooth0.3,73,0.18779108487069607,0.44863152503967285,0.15657156705856323,0.2943515181541443,0.07388157397508621,0.026563698425889015,28.846580419689417,,,
m5b_smooth0.3,74,0.05205848254263401,0.46229857206344604,0.1404379904270172,0.3067132830619812,0.06602469086647034,0.024524487555027008,29.604007825255394,,,
m5b_smooth0.3,75,0.05882901884615421,0.43658944964408875,0.15355029702186584,0.32301560044288635,0.06342431902885437,0.023419586941599846,28.089808527380228,,,
m5b_smooth0.3,76,0.05802471749484539,0.4597718119621277,0.14254723489284515,0.30500680208206177,0.06725414097309113,0.025420259684324265,29.47053898125887,,,
m5b_smooth0.3,77,0.04613577388226986,0.4694317579269409,0.1545868068933487,0.28224384784698486,0.06862236559391022,0.025115182623267174,29.99919294193387,,,
m5b_smooth0.3,78,0.06310571543872356,0.4378787577152252,0.16211111843585968,0.29576587677001953,0.07642287015914917,0.027821052819490433,28.24658904224634,,,
m5b_smooth0.3,79,0.03392980061471462,0.4261244237422943,0.15962323546409607,0.3127307593822479,0.07505935430526733,0.02646186761558056,27.561162564903498,,,
m5b_smooth0.3,80,0.10868937522172928,0.4668842852115631,0.16693148016929626,0.2584112882614136,0.081336110830307,0.026436826214194298,29.894690800458193,,,
m5b_smooth0.3,81,0.012045158073306084,0.4624744951725006,0.16875141859054565,0.25679811835289,0.08355090767145157,0.02842428907752037,29.6704118847847,,,
m5b_smooth0.3,82,0.02471725083887577,0.47453027963638306,0.1690545678138733,0.24735155701637268,0.08158161491155624,0.02748182602226734,30.33874288573861,,,
m5b_smooth0.3,83,0.03315002843737602,0.4755037724971771,0.1818525642156601,0.23180752992630005,0.08438543230295181,0.02645113132894039,30.368515368551016,,,
m5b_smooth0.3,84,0.06322847120463848,0.48514509201049805,0.15023788809776306,0.24074065685272217,0.09503811597824097,0.028837796300649643,31.050161339342594,,,
m5b_smooth0.3,85,0.07741758972406387,0.46429532766342163,0.13237905502319336,0.27393555641174316,0.09691638499498367,0.032473620027303696,29.944950759410858,,,
m5b_smooth0.3,86,0.031077876687049866,0.44992879033088684,0.1313074678182602,0.2862960696220398,0.10009490698575974,0.03237290307879448,29.13980808854103,,,
m5b_smooth0.3,87,0.07221975922584534,0.41401493549346924,0.13265414535999298,0.32054710388183594,0.09989877045154572,0.03288495913147926,27.094872407615185,,,
m5b_smooth0.3,88,0.31730420608073473,0.5726672410964966,0.12916900217533112,0.20895326137542725,0.0736754834651947,0.015535331331193447,35.84928627498448,,,
m5b_smooth0.3,89,0.12650179211050272,0.5377513766288757,0.1519111692905426,0.18061800301074982,0.1063871681690216,0.023332148790359497,34.03020803630352,,,
m5b_smooth0.3,90,0.23439548537135124,0.4205537438392639,0.22741486132144928,0.21241043508052826,0.11323951929807663,0.02638152614235878,27.25988879799843,,,
m5b_smooth0.3,91,0.08862138539552689,0.39540666341781616,0.2549773156642914,0.2291584461927414,0.09594624489545822,0.024510961025953293,25.68162962794304,,,
m5b_smooth0.3,92,0.03669374994933605,0.3987670838832855,0.24650439620018005,0.2441449761390686,0.08975975215435028,0.02082357369363308,25.824812654405832,,,
m5b_smooth0.3,93,0.041549379006028175,0.41438373923301697,0.22816045582294464,0.2468729317188263,0.09218992292881012,0.01839291676878929,26.734633900225163,,,
m5b_smooth0.3,94,0.04335744120180607,0.43606266379356384,0.22308634221553802,0.23562756180763245,0.08848343044519424,0.016740376129746437,27.947478134185076,,,
m5b_smooth0.3,95,0.020013311877846718,0.4418904483318329,0.21452347934246063,0.23418335616588593,0.09221263974905014,0.017189625650644302,28.316643685102463,,,
m5b_smooth0.3,96,0.07718816958367825,0.42152824997901917,0.1962915062904358,0.26387500762939453,0.10109683126211166,0.017207780852913857,27.228198278695345,,,
m5b_smooth0.3,97,0.07308196276426315,0.4170346260070801,0.16477800905704498,0.30041590332984924,0.10105987638235092,0.016710789874196053,27.0294734723866,,,
m5b_smooth0.3,98,0.12887350469827652,0.35348930954933167,0.17448502779006958,0.3391154110431671,0.11709065735340118,0.015819909051060677,23.44230316206813,,,
m5b_smooth0.3,99,0.05682920105755329,0.3435938358306885,0.1559656709432602,0.3502611815929413,0.13310667872428894,0.017072487622499466,22.993140943348408,,,
m5b_smooth0.3,100,0.1994727309793234,0.24410048127174377,0.15789487957954407,0.4413291811943054,0.13984553515911102,0.016829175874590874,17.342438507825136,,,
m5b_smooth0.3,101,0.08742882497608662,0.2219475358724594,0.13636858761310577,0.45244914293289185,0.17244023084640503,0.016794245690107346,16.252769224345684,,,
m5b_smooth0.3,102,0.14588685147464275,0.2045428454875946,0.13747157156467438,0.5242900848388672,0.12655062973499298,0.007145611569285393,14.968805525451899,,,
m5b_smooth0.3,103,0.7104004165157676,0.530194103717804,0.09470853954553604,0.21185240149497986,0.15241487324237823,0.010829810984432697,33.76043343357742,,,
m5b_smooth0.3,104,0.08716303762048483,0.5353351831436157,0.11637774854898453,0.16827048361301422,0.1679305136203766,0.012085001915693283,34.08600381016731,,,
m5b_smooth0.3,105,0.13692237623035908,0.47392162680625916,0.15959219634532928,0.1931367665529251,0.16088378429412842,0.012466361746191978,30.47501565888524,,,
m5b_smooth0.3,106,0.022225734777748585,0.48503410816192627,0.1570286899805069,0.19238992035388947,0.15399709343910217,0.011550151742994785,31.075926719233394,,,
m5b_smooth0.3,107,0.08524949848651886,0.514367401599884,0.11564909666776657,0.20568180084228516,0.15368250012397766,0.010620013810694218,32.81919628940523,,,
m5b_smooth0.3,108,0.07777830772101879,0.48097705841064453,0.11320893466472626,0.24457058310508728,0.1510697305202484,0.010173763148486614,30.90546498633921,,,
m5b_smooth0.3,109,0.045735317282378674,0.4906512498855591,0.09930247813463211,0.25776407122612,0.14255282282829285,0.00972948968410492,31.445752300322056,,,
m5b_smooth0.3,110,0.020263968966901302,0.48103636503219604,0.10044223070144653,0.25881046056747437,0.15049850940704346,0.009212234057486057,30.92151635698974,,,
m5b_smooth0.3,111,0.22644662111997604,0.36781319975852966,0.11173973232507706,0.32558339834213257,0.18557637929916382,0.009287380613386631,24.586339896544814,,,
m5b_smooth0.3,112,0.0325697660446167,0.35653311014175415,0.10673461854457855,0.3387622833251953,0.1884211003780365,0.009548337198793888,23.967632500454783,,,
m5b_smooth0.3,113,0.1712210113182664,0.2879440188407898,0.08971312642097473,0.41640546917915344,0.1959814727306366,0.009955206885933876,20.126813869923353,,,
m5b_smooth0.3,114,0.02908677700906992,0.2858229875564575,0.10197287797927856,0.40398356318473816,0.19777384400367737,0.010446923784911633,19.99397666193545,,,
m5b_smooth0.3,115,0.039622580632567406,0.29254990816116333,0.09804762899875641,0.3883870840072632,0.2108585685491562,0.01015771646052599,20.434421380981803,,,
m5b_smooth0.3,116,0.19407631736248732,0.3143059015274048,0.09854532033205032,0.29134851694107056,0.28526633977890015,0.010534010827541351,21.97528549283743,,,
m5b_smooth0.3,117,0.03957024682313204,0.3030569553375244,0.09000910073518753,0.29914823174476624,0.2966150641441345,0.011170652695000172,21.403565702959895,,,
m5b_smooth0.3,118,0.2630794085562229,0.4118928909301758,0.11271312087774277,0.2231108397245407,0.246821790933609,0.005461865104734898,27.299837743863463,,,
m5b_smooth0.3,119,0.34990205988287926,0.5843279361724854,0.07618613541126251,0.15785646438598633,0.17365151643753052,0.007977244444191456,36.93667373619974,,,
ensemble3,4,,,,,,,,0.33332547545433044,0.33332547545433044,0.33332547545433044
ensemble3,5,0.3248840570449829,,,,,,,0.49577924609184265,0.2521103322505951,0.2521103322505951
ensemble3,6,0.30599404871463776,,,,,,,0.4532458782196045,0.4051071107387543,0.14164642989635468
ensemble3,7,0.1547294780611992,,,,,,,0.44766494631767273,0.48247230052948,0.06986307352781296
ensemble3,8,0.06443823128938675,,,,,,,0.41544556617736816,0.4889311194419861,0.09562310576438904
ensemble3,9,0.16259357333183289,,,,,,,0.4302707612514496,0.407634437084198,0.16209480166435242
ensemble3,10,0.06302633881568909,,,,,,,0.4310571551322937,0.37612149119377136,0.19282180070877075
ensemble3,11,0.023959621787071228,,,,,,,0.4430364668369293,0.3699788451194763,0.1869841367006302
ensemble3,12,0.052433133125305176,,,,,,,0.4692530930042267,0.3606915771961212,0.17005489766597748
ensemble3,13,0.03132757544517517,,,,,,,0.453960657119751,0.36032071709632874,0.18571917712688446
ensemble3,14,0.02804538607597351,,,,,,,0.44150033593177795,0.3587583005428314,0.19974182546138763
ensemble3,15,0.056813403964042664,,,,,,,0.4130937457084656,0.3781629204750061,0.20874401926994324
ensemble3,16,0.02428208291530609,,,,,,,0.40095284581184387,0.38414517045021057,0.21490295231342316
ensemble3,17,0.04397974908351898,,,,,,,0.42294180393218994,0.3730115294456482,0.20404580235481262
ensemble3,18,0.03907546401023865,,,,,,,0.43862468004226685,0.37686648964881897,0.18450817465782166
ensemble3,19,0.9796802811324596,,,,,,,0.08853862434625626,0.8667067885398865,0.04475424811244011
ensemble3,20,0.23660088377073407,,,,,,,0.009242075495421886,0.9850069880485535,0.005750112701207399
ensemble3,21,0.018388913245871663,,,,,,,0.0030833554919809103,0.9942028522491455,0.0027157836593687534
ensemble3,22,0.0024272229056805372,,,,,,,0.001953297993168235,0.995415210723877,0.002630976727232337
ensemble3,23,0.0021848377073183656,,,,,,,0.0017630901420488954,0.9945132732391357,0.003723669098690152
ensemble3,24,0.00917028624098748,,,,,,,0.0023959691170603037,0.9899286031723022,0.007676406297832727
ensemble3,25,0.027858961140736938,,,,,,,0.004389219451695681,0.9759989380836487,0.019612452015280724
ensemble3,26,0.07751883054152131,,,,,,,0.009031013585627079,0.9372393488883972,0.05372989922761917
ensemble3,27,0.24057733174413443,,,,,,,0.020392268896102905,0.8169503808021545,0.1626570075750351
ensemble3,28,0.6800608746707439,,,,,,,0.037643130868673325,0.47691982984542847,0.48543646931648254
ensemble3,29,0.616449136286974,,,,,,,0.04314295947551727,0.1686955690383911,0.7881615161895752
ensemble3,30,0.33896199986338615,,,,,,,0.010239917784929276,0.03211693465709686,0.9576418399810791
ensemble3,31,0.04972507245838642,,,,,,,0.010539854876697063,0.007254873402416706,0.9822049140930176
ensemble3,32,0.010367169976234436,,,,,,,0.01572355069220066,0.004762131720781326,0.9795141816139221
ensemble3,33,0.05393962934613228,,,,,,,0.04032709077000618,0.007127894088625908,0.9525438547134399
ensemble3,34,0.2064344584941864,,,,,,,0.13499297201633453,0.015680061653256416,0.8493274450302124
ensemble3,35,0.12144794967025518,,,,,,,0.07727885991334915,0.012669826857745647,0.9100510478019714
ensemble3,36,0.10737176053225994,,,,,,,0.02477281726896763,0.011490429751574993,0.9637373685836792
ensemble3,37,0.033240205608308315,,,,,,,0.01015873346477747,0.009484347887337208,0.9803574085235596
ensemble3,38,0.004750539548695087,,,,,,,0.007782415486872196,0.01051710732281208,0.9816988706588745
ensemble3,39,0.009220583364367485,,,,,,,0.00875584501773119,0.014154914766550064,0.977089524269104
ensemble3,40,0.037105957977473736,,,,,,,0.014924854040145874,0.026538904756307602,0.9585365653038025
ensemble3,41,0.15132374316453934,,,,,,,0.038189832121133804,0.07893511652946472,0.8828740119934082
ensemble3,42,0.9809268452227116,,,,,,,0.11176875978708267,0.4958201050758362,0.39241108298301697
ensemble3,43,0.8225279320031404,,,,,,,0.0617685504257679,0.9070842862129211,0.031147541478276253
ensemble3,44,0.11655903095379472,,,,,,,0.03024403564631939,0.9653630256652832,0.004391764756292105
ensemble3,45,0.024207514943554997,,,,,,,0.0210855845361948,0.9774675369262695,0.0014472121838480234
ensemble3,46,0.0025820675655268133,,,,,,,0.020265405997633934,0.9787583947181702,0.0009761809487827122
ensemble3,47,0.014090254378970712,,,,,,,0.027310246601700783,0.9722365140914917,0.00045264780055731535
ensemble3,48,0.49903761979658157,,,,,,,0.2753964364528656,0.7227184772491455,0.0018860409036278725
ensemble3,49,1.2838464614469558,,,,,,,0.9168656468391418,0.08079459518194199,0.0023394098971039057
ensemble3,50,0.13798994955141097,,,,,,,0.9858612418174744,0.01220111083239317,0.0019385396735742688
ensemble3,51,0.01565699849743396,,,,,,,0.9932121634483337,0.004372244235128164,0.002415749942883849
ensemble3,52,0.0033004358410835266,,,,,,,0.9931732416152954,0.002760635456070304,0.004065655171871185
ensemble3,53,0.008020614506676793,,,,,,,0.9892482161521912,0.0026763244532048702,0.008076933212578297
ensemble3,54,0.0198863809928298,,,,,,,0.9793042540550232,0.0034874710254371166,0.01720820553600788
ensemble3,55,0.04706331202760339,,,,,,,0.9557726979255676,0.006100181490182877,0.03812725096940994
ensemble3,56,0.10067266318947077,,,,,,,0.9054358005523682,0.012368191964924335,0.08219500631093979
ensemble3,57,0.2074164180085063,,,,,,,0.8017280101776123,0.030083194375038147,0.16818863153457642
ensemble3,58,0.22483475506305695,,,,,,,0.6893103718757629,0.08553114533424377,0.22515779733657837
ensemble3,59,0.5725828409194946,,,,,,,0.47873303294181824,0.3718228042125702,0.14944395422935486
ensemble3,60,1.0438932422548532,,,,,,,0.07517517358064651,0.8937692642211914,0.031055031344294548
ensemble3,61,0.17978345975279808,,,,,,,0.010538528673350811,0.9836603999137878,0.005799352191388607
ensemble3,62,0.02222139877267182,,,,,,,0.0031023758929222822,0.9947719573974609,0.0021256636828184128
ensemble3,63,0.004279452376067638,,,,,,,0.0016774684190750122,0.9969117641448975,0.0014109255280345678
ensemble3,64,0.0016553960740566254,,,,,,,0.0011634076945483685,0.9977390766143799,0.001096902647987008
ensemble3,65,0.008336096536368132,,,,,,,0.002725783735513687,0.9935712218284607,0.0037027683574706316
ensemble3,66,0.033484546234831214,,,,,,,0.007994160987436771,0.9768287539482117,0.015176469460129738
ensemble3,67,0.20869928319007158,,,,,,,0.03133360296487808,0.8724797368049622,0.0961872935295105
ensemble3,68,1.0722546949982643,,,,,,,0.07404975593090057,0.33635213971138,0.5895982384681702
ensemble3,69,0.6125229950994253,,,,,,,0.14674797654151917,0.03009031154215336,0.8231611847877502
ensemble3,70,0.41481466265395284,,,,,,,0.35415562987327576,0.004982618149369955,0.6408618688583374
ensemble3,71,0.18636569136288017,,,,,,,0.44733861088752747,0.0014353991718962789,0.5512263774871826
ensemble3,72,0.10807775595458224,,,,,,,0.39400702714920044,0.0007281092111952603,0.6052652597427368
ensemble3,73,0.116294389590621,,,,,,,0.33592432737350464,0.0006637306069023907,0.6634125709533691
ensemble3,74,0.16621720051625744,,,,,,,0.2528156042098999,0.0007170693716034293,0.7464677095413208
ensemble3,75,0.11066214181482792,,,,,,,0.19748400151729584,0.0010059376945719123,0.8015093803405762
ensemble3,76,0.06188933737576008,,,,,,,0.16653910279273987,0.0018472293158993125,0.8316125273704529
ensemble3,77,0.04491791420150548,,,,,,,0.1440809965133667,0.0035094269551336765,0.8524101376533508
ensemble3,78,0.011132776271551847,,,,,,,0.14525127410888672,0.00790497101843357,0.8468431830406189
ensemble3,79,0.024975422769784927,,,,,,,0.14873424172401428,0.016910193488001823,0.8343559503555298
ensemble3,80,0.04497724957764149,,,,,,,0.15467698872089386,0.03345586359500885,0.8118671178817749
ensemble3,81,0.09829610586166382,,,,,,,0.17667600512504578,0.06060516834259033,0.7627193331718445
ensemble3,82,0.16968006640672684,,,,,,,0.22643575072288513,0.09568560868501663,0.6778794527053833
ensemble3,83,0.3393775671720505,,,,,,,0.37290316820144653,0.11890598386526108,0.5081896781921387
ensemble3,84,0.711033433675766,,,,,,,0.7284204959869385,0.09012291580438614,0.18145664036273956
ensemble3,85,0.34768594056367874,,,,,,,0.9022628664970398,0.0485479012131691,0.04918808490037918
ensemble3,86,0.060192834585905075,,,,,,,0.9323602914810181,0.042207539081573486,0.02543303743004799
ensemble3,87,0.06962426751852036,,,,,,,0.8975478410720825,0.07482930272817612,0.027623090893030167
ensemble3,88,0.2387598417699337,,,,,,,0.7781683802604675,0.13189217448234558,0.08994060009717941
ensemble3,89,0.9930898565798998,,,,,,,0.3847064673900604,0.028808718547225,0.5864850878715515
ensemble3,90,0.5809636691119522,,,,,,,0.12054924666881561,0.002484493190422654,0.8769673109054565
ensemble3,91,0.06038058263948187,,,,,,,0.09211887419223785,0.0007243336294777691,0.9071573615074158
ensemble3,92,0.02422391207073815,,,,,,,0.10423073172569275,0.0004467813123483211,0.895322859287262
ensemble3,93,0.008860850997734815,,,,,,,0.10866021364927292,0.00038663807208649814,0.8909516334533691
ensemble3,94,0.021257586078718305,,,,,,,0.09803248941898346,0.00046236507478170097,0.9015057682991028
ensemble3,95,0.14967212107148953,,,,,,,0.17231789231300354,0.0010131271556019783,0.8266698122024536
ensemble3,96,1.1688683649990708,,,,,,,0.7555858492851257,0.0021785639692097902,0.24223484098911285
ensemble3,97,0.4563614334911108,,,,,,,0.9837666749954224,0.0013024837244302034,0.01493031345307827
ensemble3,98,0.026207806367892772,,,,,,,0.9968705177307129,0.0009592503192834556,0.002169583225622773
ensemble3,99,0.0027751998277381063,,,,,,,0.9980949759483337,0.0011227605864405632,0.0007823518826626241
ensemble3,100,0.0009100344323087484,,,,,,,0.9979370832443237,0.0015774653293192387,0.000484914897242561
ensemble3,101,0.0024810796312522143,,,,,,,0.9966965317726135,0.002810026053339243,0.0004928823327645659
ensemble3,102,0.0026716274151112884,,,,,,,0.9980326890945435,0.0017772048013284802,0.00019023349159397185
ensemble3,103,0.012876453896751627,,,,,,,0.9915943145751953,0.007600041106343269,0.0008054765639826655
ensemble3,104,0.03201443224679679,,,,,,,0.9755868911743164,0.02182806096971035,0.0025844655465334654
ensemble3,105,0.06689428980462253,,,,,,,0.9421396255493164,0.05042136460542679,0.007438186090439558
ensemble3,106,0.11970176221802831,,,,,,,0.8822891712188721,0.09667874872684479,0.02103210985660553
ensemble3,107,0.2085062600672245,,,,,,,0.7780357003211975,0.15949192643165588,0.062471721321344376
ensemble3,108,0.29746538028120995,,,,,,,0.6293030381202698,0.21041853725910187,0.1602778285741806
ensemble3,109,0.3230859339237213,,,,,,,0.4677600562572479,0.22974085807800293,0.302498459815979
ensemble3,110,0.25377845764160156,,,,,,,0.4304931163787842,0.35663041472435,0.21287649869918823
ensemble3,111,0.3847935199737549,,,,,,,0.3587428331375122,0.5490275621414185,0.0922304093837738
ensemble3,112,0.1585373878479004,,,,,,,0.32174795866012573,0.6282958388328552,0.049956172704696655
ensemble3,113,0.1466403268277645,,,,,,,0.26711395382881165,0.7016162276268005,0.031270239502191544
ensemble3,114,0.17474195174872875,,,,,,,0.18993662297725677,0.7889869213104248,0.02107631228864193
ensemble3,115,0.1934770978987217,,,,,,,0.10022569447755814,0.8857259154319763,0.014049137011170387
ensemble3,116,0.09965306334197521,,,,,,,0.053306110203266144,0.9355517625808716,0.011141505092382431
ensemble3,117,0.03829065151512623,,,,,,,0.03455684334039688,0.954697847366333,0.010746205225586891
ensemble3,118,0.6516982521861792,,,,,,,0.259869784116745,0.6288480758666992,0.11128174513578415
ensemble3,119,1.247884455602616,,,,,,,0.6057699918746948,0.004905615467578173,0.38932353258132935
amgtp,4,,0.20000606775283813,0.20000606775283813,0.20000606775283813,0.20000606775283813,0.20000606775283813,17.00051575899124,,,
amgtp,5,0.4752492532134056,0.2792091965675354,0.0785355418920517,0.08383672684431076,0.2792091965675354,0.2792091965675354,22.94599064439535,,,
amgtp,6,0.1066434234380722,0.296983003616333,0.04416758567094803,0.06488268077373505,0.296983003616333,0.296983003616333,24.294438920915127,,,
amgtp,7,0.03770432434976101,0.30326712131500244,0.029361071065068245,0.06083722412586212,0.30326712131500244,0.30326712131500244,24.776509569957852,,,
amgtp,8,0.019975323230028152,0.30091193318367004,0.026438726112246513,0.07082463800907135,0.30091193318367004,0.30091193318367004,24.612779228016734,,,
amgtp,9,0.19813203625380993,0.3492623269557953,0.02831040695309639,0.07131891697645187,0.201846644282341,0.3492623269557953,27.50060586258769,,,
amgtp,10,0.13605657033622265,0.3822450041770935,0.030372997745871544,0.05167628452181816,0.15346065163612366,0.3822450041770935,29.54575672186911,,,
amgtp,11,0.04036843217909336,0.39096522331237793,0.03311671316623688,0.04889152571558952,0.13606113195419312,0.39096522331237793,30.063645739108324,,,
amgtp,12,0.026914183050394058,0.3908996284008026,0.0352565161883831,0.06020817533135414,0.12273465096950531,0.39089956879615784,30.00159526616335,,,
amgtp,13,0.0234793983399868,0.3948477506637573,0.03539955988526344,0.06390868872404099,0.11099511384963989,0.3948477506637573,30.222824972122908,,,
amgtp,14,0.05420783534646034,0.40839990973472595,0.03198596090078354,0.051632873713970184,0.09958101063966751,0.40839990973472595,31.105544976890087,,,
amgtp,15,0.025070952251553535,0.4146675169467926,0.029831456020474434,0.04639207944273949,0.09444057196378708,0.4146675169467926,31.515487952157855,,,
amgtp,16,0.07680513523519039,0.42158451676368713,0.03187958896160126,0.055628564208745956,0.11464215815067291,0.37626558542251587,31.564049590379,,,
amgtp,17,0.05792548507452011,0.44808557629585266,0.03202385827898979,0.05794595927000046,0.11191828548908234,0.3500266969203949,32.774798069149256,,,
amgtp,18,0.19987568631768227,0.48138412833213806,0.06682448089122772,0.08978427946567535,0.08586753159761429,0.2761392593383789,33.68624737113714,,,
amgtp,19,1.03686049208045,0.1741034984588623,0.43346914649009705,0.24157030880451202,0.04188581183552742,0.10897181183099747,13.423196028918028,,,
amgtp,20,0.6041836086660624,0.04141154885292053,0.7355608940124512,0.18042826652526855,0.012406446039676666,0.030193308368325233,4.271090064197779,,,
amgtp,21,0.8032039310783148,0.02827530726790428,0.35770392417907715,0.5820298790931702,0.009782817214727402,0.022207830101251602,4.179701339453459,,,
amgtp,22,0.5901728221215308,0.0216068048030138,0.07668740302324295,0.8771162629127502,0.007163485046476126,0.017425747588276863,4.298549341503531,,,
amgtp,23,0.09528287779539824,0.01699681021273136,0.03888365998864174,0.9247581958770752,0.005604928825050592,0.013757096603512764,4.064800714608282,,,
amgtp,24,0.04037943249568343,0.013040891848504543,0.02697535790503025,0.9449476599693298,0.00447176955640316,0.01056450791656971,3.8234773464500904,,,
amgtp,25,0.015283024404197931,0.011301036924123764,0.02269509807229042,0.952588677406311,0.0042493888176977634,0.009164996445178986,3.7165790176950395,,,
amgtp,26,0.012626453768461943,0.009748763404786587,0.019372552633285522,0.9589023590087891,0.00405972171574831,0.007916710339486599,3.6202574307098985,,,
amgtp,27,0.007771001197397709,0.008731656707823277,0.017309946939349174,0.9627222418785095,0.004125388339161873,0.00711097102612257,3.5578073877841234,,,
amgtp,28,0.004733792506158352,0.008091495372354984,0.01606389507651329,0.9648680686950684,0.004345831461250782,0.0066296616569161415,3.519393906928599,,,
amgtp,29,0.0039269812405109406,0.007543282117694616,0.015022984705865383,0.9666641354560852,0.004513668827712536,0.006255708169192076,3.486787914298475,,,
amgtp,30,0.02231197478249669,0.005182285327464342,0.0102308951318264,0.9778209924697876,0.0025215763598680496,0.00424576923251152,3.3317227959632874,,,
amgtp,31,0.03262765519320965,0.009010342881083488,0.017765993252396584,0.9615066051483154,0.004266676492989063,0.007450781296938658,3.577084055170417,,,
amgtp,32,0.017051089089363813,0.011063527315855026,0.02178359217941761,0.9529808163642883,0.004965823143720627,0.009206151589751244,3.708184564486146,,,
amgtp,33,0.00546558341011405,0.01167747750878334,0.023014500737190247,0.9502481818199158,0.005219531711190939,0.009840533137321472,3.748711882624775,,,
amgtp,34,0.0014144261367619038,0.011766067706048489,0.02323736995458603,0.9495401978492737,0.005347135476768017,0.010107912123203278,3.7567627439275384,,,
amgtp,35,0.0038522034883499146,0.012272167019546032,0.02421012707054615,0.9476146697998047,0.005428716540336609,0.010474150069057941,3.7880232743918896,,,
amgtp,36,0.0016156714409589767,0.012042742222547531,0.023862622678279877,0.9473837614059448,0.005809851922094822,0.010900848545134068,3.781859283335507,,,
amgtp,37,0.002841029316186905,0.011868367902934551,0.023621274158358574,0.9463785886764526,0.006390385329723358,0.011740448884665966,3.7839580960571766,,,
amgtp,38,0.005618259310722351,0.011787796393036842,0.02353598363697529,0.9437354207038879,0.0074545470997691154,0.013485516421496868,3.8029890889301896,,,
amgtp,39,0.00913941115140915,0.011820172891020775,0.023628946393728256,0.9391655325889587,0.009108142927289009,0.016276104375720024,3.8419583793729544,,,
amgtp,40,0.018216370604932308,0.01211617887020111,0.024059003219008446,0.9300578832626343,0.01239208597689867,0.021374819800257683,3.927195464260876,,,
amgtp,41,0.03884810023009777,0.012917120940983295,0.025060556828975677,0.9106336832046509,0.02021867409348488,0.03116963617503643,4.10989448800683,,,
amgtp,42,0.08852460235357285,0.014056011103093624,0.026272237300872803,0.8663716912269592,0.04548881575465202,0.04781153425574303,4.4565311670303345,,,
amgtp,43,0.1879817545413971,0.014232958666980267,0.02541162446141243,0.7732414603233337,0.1275199055671692,0.05959440767765045,4.92607457190752,,,
amgtp,44,0.33360804338008165,0.011866729706525803,0.020926708355545998,0.6255698204040527,0.2943238615989685,0.047313105314970016,5.332290457561612,,,
amgtp,45,0.4963116031140089,0.009060744196176529,0.014999963343143463,0.39610153436660767,0.5424796342849731,0.03735829144716263,6.067322738468647,,,
amgtp,46,0.39182864408940077,0.008753028698265553,0.012284908443689346,0.20353364944458008,0.7383939623832703,0.03703463077545166,6.835310146212578,,,
amgtp,47,0.7681762063875794,0.026948777958750725,0.026401784271001816,0.13788898289203644,0.4199507236480713,0.38881030678749084,10.439994771033525,,,
amgtp,48,0.7216598447412252,0.2992769181728363,0.07672811299562454,0.1201363354921341,0.0768730416893959,0.42698535323143005,24.909658446907997,,,
amgtp,49,1.0095057487487793,0.8040292263031006,0.07207302004098892,0.05754813179373741,0.03153563290834427,0.03481261804699898,49.19459707662463,,,
amgtp,50,0.13154008518904448,0.8620825409889221,0.07979020476341248,0.02932819537818432,0.015622013248503208,0.013176588341593742,52.18655357975513,,,
amgtp,51,0.2202463811263442,0.751960039138794,0.18242010474205017,0.032722536474466324,0.018221905454993248,0.014676334336400032,45.73121208138764,,,
amgtp,52,0.5452080955728889,0.47936558723449707,0.4528748095035553,0.03476192057132721,0.01833139732480049,0.014666271395981312,29.652743386104703,,,
amgtp,53,0.0038791410624980927,0.4780188798904419,0.4522816240787506,0.03604887053370476,0.01871294528245926,0.014937021769583225,29.58166995085776,,,
amgtp,54,0.3425456127151847,0.640418529510498,0.2810089588165283,0.039461877197027206,0.021761992946267128,0.017348265275359154,39.21971602551639,,,
amgtp,55,0.14857995882630348,0.7025374174118042,0.20671895146369934,0.044191550463438034,0.025907646864652634,0.02064400166273117,42.96190819889307,,,
amgtp,56,0.03264126181602478,0.7151918411254883,0.19039876759052277,0.04614738002419472,0.026861324906349182,0.021401148289442062,43.72799672558904,,,
amgtp,57,0.013370610773563385,0.7085067629814148,0.19186697900295258,0.04924554005265236,0.028041908517479897,0.022339725866913795,43.35905889980495,,,
amgtp,58,0.02217201143503189,0.6974198222160339,0.1979532688856125,0.05250729247927666,0.029010633006691933,0.02310802973806858,42.72725132666528,,,
amgtp,59,0.022037111222743988,0.6864022016525269,0.2046835720539093,0.05594047158956528,0.029490560293197632,0.023484110832214355,42.0918485596776,,,
amgtp,60,0.021598922088742256,0.6759270429611206,0.21123503148555756,0.060187872499227524,0.029317716136574745,0.023332051932811737,41.479293966665864,,,
amgtp,61,0.028268935158848763,0.6629471778869629,0.218711256980896,0.06684648990631104,0.02869553305208683,0.022800007835030556,40.71615024097264,,,
amgtp,62,0.039008308202028275,0.6447557806968689,0.22782008349895477,0.0772414356470108,0.028008759021759033,0.022173643112182617,39.65138354897499,,,
amgtp,63,0.046532392501831055,0.6227693557739258,0.23488010466098785,0.09344768524169922,0.027378922328352928,0.02152378298342228,38.374369924888015,,,
amgtp,64,0.03029683418571949,0.6355926394462585,0.22935372591018677,0.08382561802864075,0.02863752283155918,0.022590287029743195,39.13311562500894,,,
amgtp,65,0.010223794728517532,0.6322885751724243,0.2289348691701889,0.0889376699924469,0.027962230145931244,0.021876757964491844,38.93507261201739,,,
amgtp,66,0.013722768053412437,0.6264402270317078,0.230831578373909,0.09390238672494888,0.027604395523667336,0.021221598610281944,38.58928550966084,,,
amgtp,67,0.03704954870045185,0.6086868643760681,0.23640885949134827,0.10682030022144318,0.027634458616375923,0.020450670272111893,37.55783221684396,,,
amgtp,68,0.08277555927634239,0.5682348012924194,0.24234792590141296,0.14167249202728271,0.028230205178260803,0.0195141788572073,35.232263419777155,,,
amgtp,69,0.008717361837625504,0.5724961757659912,0.24044564366340637,0.13921624422073364,0.02825482375919819,0.019587017595767975,35.47986693494022,,,
amgtp,70,0.0069226715713739395,0.5736134052276611,0.23834657669067383,0.13785387575626373,0.030384525656700134,0.019801322370767593,35.55862271040678,,,
amgtp,71,0.012022092938423157,0.5771937370300293,0.23777075111865997,0.13241837918758392,0.032345205545425415,0.02027108147740364,35.7768616899848,,,
amgtp,72,0.004887863993644714,0.5766001343727112,0.2366139143705368,0.13172565400600433,0.03415050357580185,0.020910482853651047,35.75959922373295,,,
amgtp,73,0.01216881163418293,0.5717275738716125,0.23540212213993073,0.1349632740020752,0.036083053797483444,0.021824771538376808,35.50207455456257,,,
amgtp,74,0.024845145642757416,0.5614609122276306,0.23324590921401978,0.14327357709407806,0.038718417286872864,0.023301376029849052,34.94796955958009,,,
amgtp,75,0.03976286016404629,0.5453768968582153,0.22944825887680054,0.15818242728710175,0.04197358712553978,0.02501855045557022,34.07068416848779,,,
amgtp,76,0.07871873863041401,0.5143259167671204,0.22114022076129913,0.1881818026304245,0.04839317500591278,0.0279593076556921,32.37542316690087,,,
amgtp,77,0.11949174292385578,0.4688876271247864,0.206832155585289,0.23749257624149323,0.056817855685949326,0.029969241470098495,29.869861882179976,,,
amgtp,78,0.2002713792026043,0.3955526053905487,0.1800316423177719,0.3200820982456207,0.0723976269364357,0.03193579241633415,25.827318742871284,,,
amgtp,79,0.2633790783584118,0.3008604347705841,0.14303432404994965,0.41765454411506653,0.10517533123493195,0.03327523171901703,20.649704605340958,,,
amgtp,80,0.2695854492485523,0.20537546277046204,0.10372655093669891,0.44959285855293274,0.20575101673603058,0.035553935915231705,15.713045112788677,,,
amgtp,81,0.564162477850914,0.12251056730747223,0.06543830037117004,0.2901114225387573,0.4878321886062622,0.03410721197724342,12.17873289436102,,,
amgtp,82,0.5618761125952005,0.06221335008740425,0.03387132287025452,0.11260019987821579,0.7687700986862183,0.02254442684352398,9.80148559436202,,,
amgtp,83,0.24668717570602894,0.03068544529378414,0.017153609544038773,0.045976780354976654,0.8921139240264893,0.014070114120841026,8.437989734113216,,,
amgtp,84,0.07812864519655704,0.01995958760380745,0.011437361128628254,0.026170764118433,0.9311777949333191,0.011253462173044682,7.963317944668233,,,
amgtp,85,0.026140568777918816,0.01591808907687664,0.00940271932631731,0.01917668990790844,0.9440187811851501,0.01148283015936613,7.790909224189818,,,
amgtp,86,0.011487046256661415,0.014106998220086098,0.00880342535674572,0.01584380306303501,0.9478790760040283,0.01336630992591381,7.725036598742008,,,
amgtp,87,0.015375793911516666,0.015117762610316277,0.009947516955435276,0.015772581100463867,0.9402624368667603,0.01889938674867153,7.810759489424527,,,
amgtp,88,0.05170424468815327,0.02719472534954548,0.014375659637153149,0.015667153522372246,0.9145164489746094,0.028247110545635223,8.490135331638157,,,
amgtp,89,1.48276895750314,0.5185787081718445,0.13000233471393585,0.06670946627855301,0.17313149571418762,0.11157814413309097,34.21886771172285,,,
amgtp,90,0.6217820588499308,0.45005786418914795,0.4408940076828003,0.04824637994170189,0.041512198746204376,0.01929098553955555,28.14976418763399,,,
amgtp,91,0.5327943828888237,0.197478249669075,0.7036473751068115,0.051889125257730484,0.040742915123701096,0.006241613533347845,13.080592726357281,,,
amgtp,92,0.7616504258476198,0.43886637687683105,0.3238065540790558,0.18307161331176758,0.04899775609374046,0.005257464945316315,27.621592808514833,,,
amgtp,93,0.9206066271290183,0.18868863582611084,0.11368066072463989,0.6275568008422852,0.06441391259431839,0.005659113638103008,13.847794191911817,,,
amgtp,94,0.25908983359113336,0.09115654230117798,0.08429422229528427,0.7571019530296326,0.06217644736170769,0.0052704294212162495,8.334013762883842,,,
amgtp,95,0.09895003400743008,0.06985999643802643,0.06809554994106293,0.8065776228904724,0.0511460155248642,0.0043217153288424015,7.097954328171909,,,
amgtp,96,0.03230672236531973,0.06350523233413696,0.06260047852993011,0.8227296471595764,0.047180213034152985,0.0039826552383601665,6.72712202463299,,,
amgtp,97,0.022296840324997902,0.05940750613808632,0.05870450288057327,0.8338807225227356,0.04427369311451912,0.0037371120415627956,6.487032459117472,,,
amgtp,98,0.015039246995002031,0.056690845638513565,0.05605720356106758,0.841397225856781,0.042282480746507645,0.0035695405676960945,6.327650552615523,,,
amgtp,99,0.008340468863025308,0.05521772429347038,0.05457688495516777,0.8455682992935181,0.0411590151488781,0.0034770506899803877,6.241137056145817,,,
amgtp,100,0.003964758710935712,0.05454099178314209,0.053866367787122726,0.8475508689880371,0.04060656577348709,0.003434560727328062,6.201308292336762,,,
amgtp,101,0.0038507708813995123,0.05390198901295662,0.053168345242738724,0.8494773507118225,0.04005875065922737,0.0033951119985431433,6.163662560749799,,,
amgtp,102,0.06897193077020347,0.06612921506166458,0.06539230793714523,0.8149880170822144,0.04931607469916344,0.004169196356087923,6.881690534763038,,,
amgtp,103,0.022837845142930746,0.07021970301866531,0.069427490234375,0.8035712242126465,0.052353013306856155,0.00442763976752758,7.1217813938856125,,,
amgtp,104,0.005444919224828482,0.07120423763990402,0.07038500159978867,0.8008486032485962,0.05306975916028023,0.004491146188229322,7.179549430496991,,,
amgtp,105,0.0013687149621546268,0.07147148996591568,0.07061997801065445,0.8001662492752075,0.053233422338962555,0.004511615261435509,7.195204693824053,,,
amgtp,106,0.00018847640603780746,0.07148735225200653,0.07058006525039673,0.8002318739891052,0.05317695438861847,0.004522223956882954,7.196066638454795,,,
amgtp,107,0.001004810445010662,0.07139673829078674,0.0703781321644783,0.8007133603096008,0.052967846393585205,0.004543893039226532,7.190711937844753,,,
amgtp,108,0.0010642488487064838,0.07137740403413773,0.07014913111925125,0.8011788129806519,0.052684321999549866,0.004610829520970583,7.189671679399908,,,
amgtp,109,0.001275384332984686,0.07157633453607559,0.06991975009441376,0.8014230728149414,0.0522758923470974,0.004805212840437889,7.201973266899586,,,
amgtp,110,0.002290091011673212,0.07228545099496841,0.06986114382743835,0.8007940053939819,0.05181874707341194,0.005241368431597948,7.245480607263744,,,
amgtp,111,0.0058933645486831665,0.07398370653390884,0.07020090520381927,0.7982968091964722,0.05136840417981148,0.006149176973849535,7.34978103172034,,,
amgtp,112,0.01209876174107194,0.07727822661399841,0.07124252617359161,0.7925277352333069,0.05108783021569252,0.007862149737775326,7.553204236552119,,,
amgtp,113,0.021811545826494694,0.08289048820734024,0.07325490564107895,0.781623125076294,0.05122667923569679,0.011005595326423645,7.904218662530184,,,
amgtp,114,0.030749517492949963,0.09042377024888992,0.07604291290044785,0.7662478685379028,0.05189887061715126,0.015386375598609447,8.378914086148143,,,
amgtp,115,0.044905892573297024,0.10117693990468979,0.07949472963809967,0.7437947392463684,0.05327443405985832,0.022258589044213295,9.066036626696587,,,
amgtp,116,0.0640754085034132,0.11591783910989761,0.0832442194223404,0.7117567658424377,0.05562625452876091,0.033453814685344696,10.031322050839663,,,
amgtp,117,0.11105627194046974,0.139346644282341,0.08707959204912186,0.6562289595603943,0.060336291790008545,0.05700806528329849,11.637032084167004,,,
amgtp,118,0.4287913106381893,0.35374268889427185,0.07452024519443512,0.47663170099258423,0.04734363779425621,0.047762058675289154,23.72905096784234,,,
amgtp,119,0.9837416019290686,0.8456133008003235,0.02801094576716423,0.09354675561189651,0.016713663935661316,0.016115287318825722,51.38805893063545,,,
amgtp_global_q,4,,0.20000606775283813,0.20000606775283813,0.20000606775283813,0.20000606775283813,0.20000606775283813,17.00051575899124,,,
amgtp_global_q,5,0.24081292748451233,0.2401365488767624,0.13655754923820496,0.14303310215473175,0.2401365488767624,0.2401365488767624,20.016717314720154,,,
amgtp_global_q,6,0.17051281034946442,0.26855528354644775,0.08023509383201599,0.11409895122051239,0.26855528354644775,0.26855528354644775,22.17550991475582,,,
amgtp_global_q,7,0.1361035853624344,0.29123929142951965,0.04832307994365692,0.07795940339565277,0.29123929142951965,0.29123929142951965,23.872583895921707,,,
amgtp_global_q,8,0.04051980376243591,0.2979925274848938,0.037443675100803375,0.06857871264219284,0.2979925274848938,0.2979925274848938,24.38057453930378,,,
amgtp_global_q,9,0.08151683583855629,0.3146253824234009,0.03543194755911827,0.07607148587703705,0.259245902299881,0.3146253824234009,25.36064602062106,,,
amgtp_global_q,10,0.08472972735762596,0.3339179754257202,0.039211831986904144,0.07496149837970734,0.21799123287200928,0.3339179754257202,26.499965138733387,,,
amgtp_global_q,11,0.09683309122920036,0.3561418950557709,0.04318021610379219,0.06749393045902252,0.1770419329404831,0.3561418950557709,27.839455772191286,,,
amgtp_global_q,12,0.06674852222204208,0.3715525269508362,0.045382384210824966,0.06784436851739883,0.1436673104763031,0.37155255675315857,28.749474074691534,,,
amgtp_global_q,13,0.029850751161575317,0.37552088499069214,0.04804069176316261,0.07217522710561752,0.12874241173267365,0.37552088499069214,28.95430874451995,,,
amgtp_global_q,14,0.024165812879800797,0.3815622627735138,0.04666350781917572,0.06990116089582443,0.12031060457229614,0.3815622627735138,29.334148667752743,,,
amgtp_global_q,15,0.014196734875440598,0.385111540555954,0.04406372085213661,0.06774135679006577,0.11797204613685608,0.38511157035827637,29.571346532553434,,,
amgtp_global_q,16,0.04078410193324089,0.39006689190864563,0.04284078627824783,0.0722891166806221,0.12886080145835876,0.3659422695636749,29.688939034938812,,,
amgtp_global_q,17,0.0335545651614666,0.40551358461380005,0.041693296283483505,0.07101485878229141,0.13019168376922607,0.3515870273113251,30.419113118201494,,,
amgtp_global_q,18,0.1643259897828102,0.4876761734485626,0.0391719825565815,0.06645612418651581,0.11068402975797653,0.2960113286972046,34.418057572096586,,,
amgtp_global_q,19,0.44746163859963417,0.3274412453174591,0.11760355532169342,0.19340349733829498,0.12903602421283722,0.23251555860042572,24.502758756279945,,,
amgtp_global_q,20,0.7571081295609474,0.14229008555412292,0.27780261635780334,0.41175830364227295,0.06113291531801224,0.10701556503772736,11.976630978286266,,,
amgtp_global_q,21,0.44204542972147465,0.04695848003029823,0.26267218589782715,0.6327813267707825,0.021727709099650383,0.03586040064692497,5.632664540782571,,,
amgtp_global_q,22,0.3905484387651086,0.018259791657328606,0.130251944065094,0.8280555605888367,0.009024253115057945,0.014408581890165806,3.9748960435390472,,,
amgtp_global_q,23,0.16078070271760225,0.009480268694460392,0.06907452642917633,0.9084456562995911,0.0053176963701844215,0.007681472226977348,3.507992102764547,,,
amgtp_global_q,24,0.06471585854887962,0.006107701454311609,0.04404290392994881,0.9408034086227417,0.003955236170440912,0.0050900159403681755,3.3318620934151113,,,
amgtp_global_q,25,0.016123748384416103,0.005049983970820904,0.03773379698395729,0.948428213596344,0.0043931822292506695,0.004395843017846346,3.278311553876847,,,
amgtp_global_q,26,0.010330219054594636,0.004074566066265106,0.03417559340596199,0.9529915452003479,0.004994890186935663,0.003764285007491708,3.2252884143963456,,,
amgtp_global_q,27,0.011080190306529403,0.0036848033778369427,0.03718317672610283,0.9478414058685303,0.007477486506104469,0.0038143936544656754,3.207539513707161,,,
amgtp_global_q,28,0.028512078104540706,0.003797057783231139,0.04465090110898018,0.9335846900939941,0.013288198038935661,0.00467906566336751,3.2317527439445257,,,
amgtp_global_q,29,0.05656839092262089,0.004444505553692579,0.0563073493540287,0.9053004384040833,0.027080705389380455,0.006866801530122757,3.324579156935215,,,
amgtp_global_q,30,0.03701285645365715,0.0007134949555620551,0.046805474907159805,0.9220582842826843,0.02882886677980423,0.0015928373904898763,3.079891816014424,,,
amgtp_global_q,31,0.8834528150036931,0.004521307069808245,0.31229883432388306,0.4803326725959778,0.1865531951189041,0.016294540837407112,3.5585712138563395,,,
amgtp_global_q,32,0.6263810186646879,0.008435986936092377,0.6078485250473022,0.21478745341300964,0.13890795409679413,0.030020728707313538,3.151015982031822,,,
amgtp_global_q,33,0.21921931765973568,0.013401487842202187,0.5073176026344299,0.2057083398103714,0.22683314979076385,0.04673931375145912,4.17071433365345,,,
amgtp_global_q,34,0.42952463310211897,0.01487011555582285,0.2925555408000946,0.21828360855579376,0.42632201313972473,0.04796912521123886,5.495435144752264,,,
amgtp_global_q,35,0.5592617746442556,0.006452335976064205,0.13011568784713745,0.11993347108364105,0.7059522867202759,0.03754539415240288,6.344357784837484,,,
amgtp_global_q,36,0.20140691846609116,0.011235195212066174,0.11410069465637207,0.1266152262687683,0.6212644577026367,0.12678487598896027,7.291897553950548,,,
amgtp_global_q,37,0.5833459962159395,0.012153287418186665,0.11328980326652527,0.13176867365837097,0.3304027020931244,0.4123866856098175,9.324025582522154,,,
amgtp_global_q,38,0.1821946818381548,0.0095360754057765,0.12242110073566437,0.1440751999616623,0.24192190170288086,0.4820455312728882,9.568901974707842,,,
amgtp_global_q,39,0.06559210829436779,0.00821774173527956,0.11683563888072968,0.13742846250534058,0.22267664968967438,0.5148418545722961,9.788708042353392,,,
amgtp_global_q,40,0.004057176411151886,0.007933405227959156,0.11763626337051392,0.13832783699035645,0.22300486266613007,0.5130972266197205,9.75301929935813,,,
amgtp_global_q,41,0.022211233153939247,0.008015952073037624,0.1204078197479248,0.1415744423866272,0.22800996899604797,0.5019918084144592,9.650043372064829,,,
amgtp_global_q,42,0.03403341583907604,0.008189682848751545,0.12456877529621124,0.1464288830757141,0.2358378767967224,0.4849754273891449,9.495757516473532,,,
amgtp_global_q,43,0.016860616393387318,0.008387522771954536,0.1265973299741745,0.1488582193851471,0.23961147665977478,0.4765441417694092,9.42532167583704,,,
amgtp_global_q,44,0.007170007564127445,0.008539858274161816,0.12746001780033112,0.14991120994091034,0.24112896621227264,0.47295963764190674,9.398922834545374,,,
amgtp_global_q,45,0.0012934869155287743,0.008727947250008583,0.12732864916324615,0.1498335301876068,0.24069195985794067,0.4734189808368683,9.413215525448322,,,
amgtp_global_q,46,0.005884924903512001,0.009010974317789078,0.12665285170078278,0.1491619050502777,0.239096537232399,0.4760780334472656,9.453565254807472,,,
amgtp_global_q,47,0.02137218415737152,0.008835513144731522,0.1292397826910019,0.1520598828792572,0.2442973405122757,0.465567022562027,9.343569919466972,,,
amgtp_global_q,48,0.016033015213906765,0.008965338580310345,0.12730973958969116,0.1499074399471283,0.24036334455013275,0.47345373034477234,9.425848010927439,,,
amgtp_global_q,49,0.01965687144547701,0.00967048853635788,0.12497184425592422,0.14758054912090302,0.23520003259181976,0.4825773537158966,9.550425983965397,,,
amgtp_global_q,50,0.013136458583176136,0.011435744352638721,0.1235126256942749,0.14669355750083923,0.2309780716896057,0.48738038539886475,9.689909856766462,,,
amgtp_global_q,51,0.007779096253216267,0.01414528675377369,0.1229131668806076,0.14716629683971405,0.2276880443096161,0.4880877137184143,9.840173564851284,,,
amgtp_global_q,52,0.013728667050600052,0.018590187653899193,0.12311214208602905,0.1493864357471466,0.22472988069057465,0.4841812252998352,10.038329027593136,,,
amgtp_global_q,53,0.02463214099407196,0.02559692971408367,0.12402120977640152,0.15378709137439728,0.22124874591827393,0.4753466844558716,10.324793070554733,,,
amgtp_global_q,54,0.03169540874660015,0.03339080885052681,0.1256549209356308,0.16020695865154266,0.21848201751708984,0.4622654616832733,10.610814914107323,,,
amgtp_global_q,55,0.0232439786195755,0.03771114721894264,0.12730275094509125,0.16586054861545563,0.21814438700675964,0.45098087191581726,10.728296145796776,,,
amgtp_global_q,56,0.022367291152477264,0.04164760932326317,0.12855841219425201,0.1718522608280182,0.21750478446483612,0.4404370188713074,10.831623509526253,,,
amgtp_global_q,57,0.022898171097040176,0.04537877440452576,0.1297559142112732,0.1783730536699295,0.2168603092432022,0.4296327829360962,10.92048266530037,,,
amgtp_global_q,58,0.023349467664957047,0.04872313514351845,0.13082900643348694,0.18562990427017212,0.21660101413726807,0.41821691393852234,10.9823507219553,,,
amgtp_global_q,59,0.02255157008767128,0.051686741411685944,0.1317208707332611,0.1926506608724594,0.21700064837932587,0.4069412052631378,11.027058750391006,,,
amgtp_global_q,60,0.024091731756925583,0.05499233677983284,0.13242630660533905,0.1994423270225525,0.21824385225772858,0.39489537477493286,11.086535707116127,,,
amgtp_global_q,61,0.023833010345697403,0.058342091739177704,0.1327640414237976,0.20513096451759338,0.2207842767238617,0.3829789161682129,11.155877202749252,,,
amgtp_global_q,62,0.02022482082247734,0.061106059700250626,0.13254185020923615,0.20890885591506958,0.2243545800447464,0.37308844923973083,11.219352349638939,,,
amgtp_global_q,63,0.016773607581853867,0.06335227191448212,0.13176503777503967,0.2105759084224701,0.22882796823978424,0.3654783070087433,11.283121153712273,,,
amgtp_global_q,64,0.0207081139087677,0.06717182695865631,0.13118930160999298,0.20379242300987244,0.22583380341529846,0.37201347947120667,11.561901524662971,,,
amgtp_global_q,65,0.07631964236497879,0.10533116012811661,0.1295747309923172,0.19988659024238586,0.2193153351545334,0.3458920419216156,13.426800042390823,,,
amgtp_global_q,66,0.15373945981264114,0.18220095336437225,0.1288086324930191,0.18888704478740692,0.19704332947731018,0.30306002497673035,17.24967062473297,,,
amgtp_global_q,67,0.15891893208026886,0.2510550618171692,0.1378006935119629,0.1904999166727066,0.16912810504436493,0.25151535868644714,20.47771590948105,,,
amgtp_global_q,68,0.19217683374881744,0.2407529056072235,0.17070791125297546,0.25368165969848633,0.1408567875623703,0.1940009593963623,19.07893817126751,,,
amgtp_global_q,69,0.27664656937122345,0.3790760934352875,0.15437081456184387,0.20546405017375946,0.10712441802024841,0.15396465361118317,26.420704647898674,,,
amgtp_global_q,70,0.41797466576099396,0.5880633592605591,0.10309744626283646,0.11820858716964722,0.07639385759830475,0.11423664540052414,37.875594802200794,,,
amgtp_global_q,71,0.23922693729400635,0.7076765894889832,0.07546531409025192,0.0761396512389183,0.054609037935733795,0.08610882610082626,44.3522664681077,,,
amgtp_global_q,72,0.11768849566578865,0.7665213346481323,0.06274581700563431,0.05698379874229431,0.0426977165043354,0.07105174660682678,47.51858576014638,,,
amgtp_global_q,73,0.04583192616701126,0.789437472820282,0.05919588357210159,0.048673976212739944,0.03734084963798523,0.06535258144140244,48.74778826907277,,,
amgtp_global_q,74,0.007942158728837967,0.7901829481124878,0.06174154579639435,0.0460132397711277,0.03603047505021095,0.06603249162435532,48.787426359951496,,,
amgtp_global_q,75,0.022236477583646774,0.7790645360946655,0.06824895739555359,0.046018924564123154,0.036758773028850555,0.06990916281938553,48.186217587441206,,,
amgtp_global_q,76,0.05583227798342705,0.7511483430862427,0.0808352380990982,0.04882477968931198,0.04033464938402176,0.07885723561048508,46.68255400657654,,,
amgtp_global_q,77,0.06302176788449287,0.719637393951416,0.0967085063457489,0.051618341356515884,0.04439295828342438,0.08764291554689407,44.967558693140745,,,
amgtp_global_q,78,0.0852581299841404,0.6770088076591492,0.11772381514310837,0.05560782551765442,0.05116880685091019,0.09849181771278381,42.64214284718037,,,
amgtp_global_q,79,0.09080510959029198,0.6316055059432983,0.1401420682668686,0.05958235636353493,0.060082510113716125,0.10858713835477829,40.15601700171828,,,
amgtp_global_q,80,0.08361850306391716,0.5897965431213379,0.15524286031723022,0.06365416198968887,0.07245927304029465,0.1188473179936409,37.905075296759605,,,
amgtp_global_q,81,0.09229853004217148,0.5436469316482544,0.16221559047698975,0.06863384693861008,0.09297623485326767,0.13252685964107513,35.49314270913601,,,
amgtp_global_q,82,0.10940477252006531,0.4900320768356323,0.16112805902957916,0.0735456645488739,0.12487094104290009,0.15042272210121155,32.7637043595314,,,
amgtp_global_q,83,0.16200360655784607,0.41912394762039185,0.1510346382856369,0.07700340449810028,0.17399953305721283,0.17883844673633575,29.25121669471264,,,
amgtp_global_q,84,0.23692625015974045,0.3223976790904999,0.1292976588010788,0.07826442271471024,0.24181944131851196,0.22822052240371704,24.595775075256824,,,
amgtp_global_q,85,0.2928232252597809,0.21036411821842194,0.09773115068674088,0.07545292377471924,0.30773627758026123,0.3087153434753418,19.42210576683283,,,
amgtp_global_q,86,0.26154308021068573,0.11993831396102905,0.06654687970876694,0.06629140675067902,0.3256068229675293,0.4216162860393524,15.643595702946186,,,
amgtp_global_q,87,0.27028925716876984,0.06925249844789505,0.044282421469688416,0.05578586459159851,0.2739180624485016,0.5567609667778015,14.07886989414692,,,
amgtp_global_q,88,0.30415526032447815,0.03865192085504532,0.024863125756382942,0.03115108422935009,0.1964947134256363,0.7088382244110107,13.736629765480757,,,
amgtp_global_q,89,0.6355998367071152,0.09864957630634308,0.0644591748714447,0.08509757369756699,0.36075466871261597,0.39103853702545166,14.238548673689365,,,
amgtp_global_q,90,0.41745179146528244,0.16276271641254425,0.12963493168354034,0.16453492641448975,0.29051417112350464,0.2525534927845001,15.958350792527199,,,
amgtp_global_q,91,0.3897032290697098,0.15060509741306305,0.18751899898052216,0.30150219798088074,0.17050185799598694,0.18987153470516205,13.980045929551125,,,
amgtp_global_q,92,0.46238962560892105,0.09643560647964478,0.17680524289608002,0.5326972603797913,0.08902809768915176,0.1050339788198471,9.654705800116062,,,
amgtp_global_q,93,0.4352200925350189,0.05004739761352539,0.11273663491010666,0.7503076791763306,0.03964169695973396,0.047267522662878036,6.305740725249052,,,
amgtp_global_q,94,0.21178291365504265,0.02862737514078617,0.07069053500890732,0.8561989068984985,0.020259374752640724,0.024224281311035156,4.83788532577455,,,
amgtp_global_q,95,0.07226400449872017,0.021968815475702286,0.053907785564661026,0.8923306465148926,0.01451859064400196,0.01727410964667797,4.392496323212981,,,
amgtp_global_q,96,0.03779852297157049,0.018536753952503204,0.04515962675213814,0.9112299680709839,0.011500075459480286,0.013573643751442432,4.161586308851838,,,
amgtp_global_q,97,0.016478498466312885,0.017325816676020622,0.04227116331458092,0.9194692969322205,0.009716657921671867,0.01121729239821434,4.0652867536991835,,,
amgtp_global_q,98,0.011232251301407814,0.016373571008443832,0.040750760585069656,0.9250848889350891,0.008363552391529083,0.009426387026906013,3.9889339730143547,,,
amgtp_global_q,99,0.010211477987468243,0.018006276339292526,0.04422412067651749,0.9213460087776184,0.007970483973622322,0.00845292303711176,4.062773037701845,,,
amgtp_global_q,100,0.01789370086044073,0.020806122571229935,0.05029711499810219,0.9130012392997742,0.008044492453336716,0.00785084068775177,4.203891403973103,,,
amgtp_global_q,101,0.024823556654155254,0.025102894753217697,0.057908326387405396,0.9009910225868225,0.008549212478101254,0.0074502043426036835,4.431202427484095,,,
amgtp_global_q,102,0.12189177190884948,0.05929102748632431,0.084665447473526,0.8446215987205505,0.005994287319481373,0.005428035277873278,6.293944397941232,,,
amgtp_global_q,103,1.2504979902878404,0.5953795909881592,0.173213928937912,0.22081199288368225,0.0066063422709703445,0.003988750744611025,36.660512273199856,,,
amgtp_global_q,104,0.46645767672453076,0.8286081552505493,0.10092461109161377,0.06520568579435349,0.003398519940674305,0.0018630855483934283,50.06290382076986,,,
amgtp_global_q,105,0.03854123270139098,0.8478787541389465,0.08643176406621933,0.061129357665777206,0.0027862300630658865,0.0017739167669788003,51.18688353057951,,,
amgtp_global_q,106,0.024342056596651673,0.8358033299446106,0.09817841649055481,0.061518993228673935,0.0026904293335974216,0.001808460452593863,50.47508664452471,,,
amgtp_global_q,107,0.08032478264067322,0.795640766620636,0.13499602675437927,0.06434501707553864,0.0029977017547935247,0.0020197732374072075,48.11573781282641,,,
amgtp_global_q,108,0.1152705205604434,0.7380057573318481,0.18707647919654846,0.06920326501131058,0.0034140488132834435,0.0023002370726317167,44.7311333748512,,,
amgtp_global_q,109,0.11280087055638433,0.6816050410270691,0.2379424273967743,0.07385799288749695,0.003945649601519108,0.0026481144595891237,41.42051201732829,,,
amgtp_global_q,110,0.04465404478833079,0.6592782735824585,0.2555360198020935,0.07787241786718369,0.0043742540292441845,0.002938769990578294,40.11761224642396,,,
amgtp_global_q,111,0.023186612641438842,0.6670746207237244,0.24394282698631287,0.08108440041542053,0.004722109064459801,0.0031760050915181637,40.58919210638851,,,
amgtp_global_q,112,0.028814648743718863,0.6793308854103088,0.22953572869300842,0.08251939713954926,0.0051645878702402115,0.0034498153254389763,41.321396574378014,,,
amgtp_global_q,113,0.007472486700862646,0.6817995309829712,0.22671853005886078,0.08159986138343811,0.005956860724836588,0.003924649208784103,41.47613308718428,,,
amgtp_global_q,114,0.0026652757078409195,0.6818143129348755,0.22684729099273682,0.08026754856109619,0.00670789135619998,0.004363038577139378,41.484546492341906,,,
amgtp_global_q,115,0.0067843287251889706,0.6803325414657593,0.22879581153392792,0.07835675776004791,0.007615930400788784,0.004898245446383953,41.405705521814525,,,
amgtp_global_q,116,0.004412258975207806,0.6801031231880188,0.2292240560054779,0.07638029754161835,0.008735878393054008,0.0055564334616065025,41.40349355712533,,,
amgtp_global_q,117,0.005730530247092247,0.6802493929862976,0.22900685667991638,0.07373224198818207,0.01043315976858139,0.006578157655894756,41.430293487384915,,,
amgtp_global_q,118,0.03320489265024662,0.696056067943573,0.2154311090707779,0.0745270624756813,0.008570602163672447,0.005413065664470196,42.33815350756049,,,
amgtp_global_q,119,0.01693900814279914,0.7018058896064758,0.2108473777770996,0.07064232230186462,0.010256634093821049,0.006447748746722937,42.69319264218211,,,
amgtp_uniform_q,4,,0.20000606775283813,0.20000606775283813,0.20000606775283813,0.20000606775283813,0.20000606775283813,17.00051575899124,,,
amgtp_uniform_q,5,0.0,0.20000606775283813,0.20000606775283813,0.20000606775283813,0.20000606775283813,0.20000606775283813,17.00051575899124,,,
amgtp_uniform_q,6,0.0,0.20000606775283813,0.20000606775283813,0.20000606775283813,0.20000606775283813,0.20000606775283813,17.00051575899124,,,
amgtp_uniform_q,7,0.0,0.20000606775283813,0.20000606775283813,0.20000606775283813,0.20000606775283813,0.20000606775283813,17.00051575899124,,,
amgtp_uniform_q,8,0.0,0.20000606775283813,0.20000606775283813,0.20000606775283813,0.20000606775283813,0.20000606775283813,17.00051575899124,,,
amgtp_uniform_q,9,0.0,0.20000606775283813,0.20000606775283813,0.20000606775283813,0.20000606775283813,0.20000606775283813,17.00051575899124,,,
amgtp_uniform_q,10,0.0,0.20000606775283813,0.20000606775283813,0.20000606775283813,0.20000606775283813,0.20000606775283813,17.00051575899124,,,
amgtp_uniform_q,11,0.0,0.20000606775283813,0.20000606775283813,0.20000606775283813,0.20000606775283813,0.20000606775283813,17.00051575899124,,,
amgtp_uniform_q,12,0.0,0.20000606775283813,0.20000606775283813,0.20000606775283813,0.20000606775283813,0.20000606775283813,17.00051575899124,,,
amgtp_uniform_q,13,0.0,0.20000606775283813,0.20000606775283813,0.20000606775283813,0.20000606775283813,0.20000606775283813,17.00051575899124,,,
amgtp_uniform_q,14,0.0,0.20000606775283813,0.20000606775283813,0.20000606775283813,0.20000606775283813,0.20000606775283813,17.00051575899124,,,
amgtp_uniform_q,15,0.0,0.20000606775283813,0.20000606775283813,0.20000606775283813,0.20000606775283813,0.20000606775283813,17.00051575899124,,,
amgtp_uniform_q,16,0.0,0.20000606775283813,0.20000606775283813,0.20000606775283813,0.20000606775283813,0.20000606775283813,17.00051575899124,,,
amgtp_uniform_q,17,0.0,0.20000606775283813,0.20000606775283813,0.20000606775283813,0.20000606775283813,0.20000606775283813,17.00051575899124,,,
amgtp_uniform_q,18,0.0,0.20000606775283813,0.20000606775283813,0.20000606775283813,0.20000606775283813,0.20000606775283813,17.00051575899124,,,
amgtp_uniform_q,19,0.0,0.20000606775283813,0.20000606775283813,0.20000606775283813,0.20000606775283813,0.20000606775283813,17.00051575899124,,,
amgtp_uniform_q,20,0.0,0.20000606775283813,0.20000606775283813,0.20000606775283813,0.20000606775283813,0.20000606775283813,17.00051575899124,,,
amgtp_uniform_q,21,0.0,0.20000606775283813,0.20000606775283813,0.20000606775283813,0.20000606775283813,0.20000606775283813,17.00051575899124,,,
amgtp_uniform_q,22,0.0,0.20000606775283813,0.20000606775283813,0.20000606775283813,0.20000606775283813,0.20000606775283813,17.00051575899124,,,
amgtp_uniform_q,23,0.0,0.20000606775283813,0.20000606775283813,0.20000606775283813,0.20000606775283813,0.20000606775283813,17.00051575899124,,,
amgtp_uniform_q,24,0.0,0.20000606775283813,0.20000606775283813,0.20000606775283813,0.20000606775283813,0.20000606775283813,17.00051575899124,,,
amgtp_uniform_q,25,0.0,0.20000606775283813,0.20000606775283813,0.20000606775283813,0.20000606775283813,0.20000606775283813,17.00051575899124,,,
amgtp_uniform_q,26,0.0,0.20000606775283813,0.20000606775283813,0.20000606775283813,0.20000606775283813,0.20000606775283813,17.00051575899124,,,
amgtp_uniform_q,27,0.0,0.20000606775283813,0.20000606775283813,0.20000606775283813,0.20000606775283813,0.20000606775283813,17.00051575899124,,,
amgtp_uniform_q,28,0.0,0.20000606775283813,0.20000606775283813,0.20000606775283813,0.20000606775283813,0.20000606775283813,17.00051575899124,,,
amgtp_uniform_q,29,0.0,0.20000606775283813,0.20000606775283813,0.20000606775283813,0.20000606775283813,0.20000606775283813,17.00051575899124,,,
amgtp_uniform_q,30,0.0,0.20000606775283813,0.20000606775283813,0.20000606775283813,0.20000606775283813,0.20000606775283813,17.00051575899124,,,
amgtp_uniform_q,31,0.0,0.20000606775283813,0.20000606775283813,0.20000606775283813,0.20000606775283813,0.20000606775283813,17.00051575899124,,,
amgtp_uniform_q,32,0.0,0.20000606775283813,0.20000606775283813,0.20000606775283813,0.20000606775283813,0.20000606775283813,17.00051575899124,,,
amgtp_uniform_q,33,0.0,0.20000606775283813,0.20000606775283813,0.20000606775283813,0.20000606775283813,0.20000606775283813,17.00051575899124,,,
amgtp_uniform_q,34,0.0,0.20000606775283813,0.20000606775283813,0.20000606775283813,0.20000606775283813,0.20000606775283813,17.00051575899124,,,
amgtp_uniform_q,35,0.0,0.20000606775283813,0.20000606775283813,0.20000606775283813,0.20000606775283813,0.20000606775283813,17.00051575899124,,,
amgtp_uniform_q,36,0.0,0.20000606775283813,0.20000606775283813,0.20000606775283813,0.20000606775283813,0.20000606775283813,17.00051575899124,,,
amgtp_uniform_q,37,0.0,0.20000606775283813,0.20000606775283813,0.20000606775283813,0.20000606775283813,0.20000606775283813,17.00051575899124,,,
amgtp_uniform_q,38,0.0,0.20000606775283813,0.20000606775283813,0.20000606775283813,0.20000606775283813,0.20000606775283813,17.00051575899124,,,
amgtp_uniform_q,39,0.0,0.20000606775283813,0.20000606775283813,0.20000606775283813,0.20000606775283813,0.20000606775283813,17.00051575899124,,,
amgtp_uniform_q,40,0.0,0.20000606775283813,0.20000606775283813,0.20000606775283813,0.20000606775283813,0.20000606775283813,17.00051575899124,,,
amgtp_uniform_q,41,0.0,0.20000606775283813,0.20000606775283813,0.20000606775283813,0.20000606775283813,0.20000606775283813,17.00051575899124,,,
amgtp_uniform_q,42,0.0,0.20000606775283813,0.20000606775283813,0.20000606775283813,0.20000606775283813,0.20000606775283813,17.00051575899124,,,
amgtp_uniform_q,43,0.0,0.20000606775283813,0.20000606775283813,0.20000606775283813,0.20000606775283813,0.20000606775283813,17.00051575899124,,,
amgtp_uniform_q,44,0.0,0.20000606775283813,0.20000606775283813,0.20000606775283813,0.20000606775283813,0.20000606775283813,17.00051575899124,,,
amgtp_uniform_q,45,0.0,0.20000606775283813,0.20000606775283813,0.20000606775283813,0.20000606775283813,0.20000606775283813,17.00051575899124,,,
amgtp_uniform_q,46,0.0,0.20000606775283813,0.20000606775283813,0.20000606775283813,0.20000606775283813,0.20000606775283813,17.00051575899124,,,
amgtp_uniform_q,47,0.0,0.20000606775283813,0.20000606775283813,0.20000606775283813,0.20000606775283813,0.20000606775283813,17.00051575899124,,,
amgtp_uniform_q,48,0.0,0.20000606775283813,0.20000606775283813,0.20000606775283813,0.20000606775283813,0.20000606775283813,17.00051575899124,,,
amgtp_uniform_q,49,0.0,0.20000606775283813,0.20000606775283813,0.20000606775283813,0.20000606775283813,0.20000606775283813,17.00051575899124,,,
amgtp_uniform_q,50,0.0,0.20000606775283813,0.20000606775283813,0.20000606775283813,0.20000606775283813,0.20000606775283813,17.00051575899124,,,
amgtp_uniform_q,51,0.0,0.20000606775283813,0.20000606775283813,0.20000606775283813,0.20000606775283813,0.20000606775283813,17.00051575899124,,,
amgtp_uniform_q,52,0.0,0.20000606775283813,0.20000606775283813,0.20000606775283813,0.20000606775283813,0.20000606775283813,17.00051575899124,,,
amgtp_uniform_q,53,0.0,0.20000606775283813,0.20000606775283813,0.20000606775283813,0.20000606775283813,0.20000606775283813,17.00051575899124,,,
amgtp_uniform_q,54,0.0,0.20000606775283813,0.20000606775283813,0.20000606775283813,0.20000606775283813,0.20000606775283813,17.00051575899124,,,
amgtp_uniform_q,55,0.0,0.20000606775283813,0.20000606775283813,0.20000606775283813,0.20000606775283813,0.20000606775283813,17.00051575899124,,,
amgtp_uniform_q,56,0.0,0.20000606775283813,0.20000606775283813,0.20000606775283813,0.20000606775283813,0.20000606775283813,17.00051575899124,,,
amgtp_uniform_q,57,0.0,0.20000606775283813,0.20000606775283813,0.20000606775283813,0.20000606775283813,0.20000606775283813,17.00051575899124,,,
amgtp_uniform_q,58,0.0,0.20000606775283813,0.20000606775283813,0.20000606775283813,0.20000606775283813,0.20000606775283813,17.00051575899124,,,
amgtp_uniform_q,59,0.0,0.20000606775283813,0.20000606775283813,0.20000606775283813,0.20000606775283813,0.20000606775283813,17.00051575899124,,,
amgtp_uniform_q,60,0.0,0.20000606775283813,0.20000606775283813,0.20000606775283813,0.20000606775283813,0.20000606775283813,17.00051575899124,,,
amgtp_uniform_q,61,0.0,0.20000606775283813,0.20000606775283813,0.20000606775283813,0.20000606775283813,0.20000606775283813,17.00051575899124,,,
amgtp_uniform_q,62,0.0,0.20000606775283813,0.20000606775283813,0.20000606775283813,0.20000606775283813,0.20000606775283813,17.00051575899124,,,
amgtp_uniform_q,63,0.0,0.20000606775283813,0.20000606775283813,0.20000606775283813,0.20000606775283813,0.20000606775283813,17.00051575899124,,,
amgtp_uniform_q,64,0.0,0.20000606775283813,0.20000606775283813,0.20000606775283813,0.20000606775283813,0.20000606775283813,17.00051575899124,,,
amgtp_uniform_q,65,0.0,0.20000606775283813,0.20000606775283813,0.20000606775283813,0.20000606775283813,0.20000606775283813,17.00051575899124,,,
amgtp_uniform_q,66,0.0,0.20000606775283813,0.20000606775283813,0.20000606775283813,0.20000606775283813,0.20000606775283813,17.00051575899124,,,
amgtp_uniform_q,67,0.0,0.20000606775283813,0.20000606775283813,0.20000606775283813,0.20000606775283813,0.20000606775283813,17.00051575899124,,,
amgtp_uniform_q,68,0.0,0.20000606775283813,0.20000606775283813,0.20000606775283813,0.20000606775283813,0.20000606775283813,17.00051575899124,,,
amgtp_uniform_q,69,0.0,0.20000606775283813,0.20000606775283813,0.20000606775283813,0.20000606775283813,0.20000606775283813,17.00051575899124,,,
amgtp_uniform_q,70,0.0,0.20000606775283813,0.20000606775283813,0.20000606775283813,0.20000606775283813,0.20000606775283813,17.00051575899124,,,
amgtp_uniform_q,71,0.0,0.20000606775283813,0.20000606775283813,0.20000606775283813,0.20000606775283813,0.20000606775283813,17.00051575899124,,,
amgtp_uniform_q,72,0.0,0.20000606775283813,0.20000606775283813,0.20000606775283813,0.20000606775283813,0.20000606775283813,17.00051575899124,,,
amgtp_uniform_q,73,0.0,0.20000606775283813,0.20000606775283813,0.20000606775283813,0.20000606775283813,0.20000606775283813,17.00051575899124,,,
amgtp_uniform_q,74,0.0,0.20000606775283813,0.20000606775283813,0.20000606775283813,0.20000606775283813,0.20000606775283813,17.00051575899124,,,
amgtp_uniform_q,75,0.0,0.20000606775283813,0.20000606775283813,0.20000606775283813,0.20000606775283813,0.20000606775283813,17.00051575899124,,,
amgtp_uniform_q,76,0.0,0.20000606775283813,0.20000606775283813,0.20000606775283813,0.20000606775283813,0.20000606775283813,17.00051575899124,,,
amgtp_uniform_q,77,0.0,0.20000606775283813,0.20000606775283813,0.20000606775283813,0.20000606775283813,0.20000606775283813,17.00051575899124,,,
amgtp_uniform_q,78,0.0,0.20000606775283813,0.20000606775283813,0.20000606775283813,0.20000606775283813,0.20000606775283813,17.00051575899124,,,
amgtp_uniform_q,79,0.0,0.20000606775283813,0.20000606775283813,0.20000606775283813,0.20000606775283813,0.20000606775283813,17.00051575899124,,,
amgtp_uniform_q,80,0.0,0.20000606775283813,0.20000606775283813,0.20000606775283813,0.20000606775283813,0.20000606775283813,17.00051575899124,,,
amgtp_uniform_q,81,0.0,0.20000606775283813,0.20000606775283813,0.20000606775283813,0.20000606775283813,0.20000606775283813,17.00051575899124,,,
amgtp_uniform_q,82,0.0,0.20000606775283813,0.20000606775283813,0.20000606775283813,0.20000606775283813,0.20000606775283813,17.00051575899124,,,
amgtp_uniform_q,83,0.0,0.20000606775283813,0.20000606775283813,0.20000606775283813,0.20000606775283813,0.20000606775283813,17.00051575899124,,,
amgtp_uniform_q,84,0.0,0.20000606775283813,0.20000606775283813,0.20000606775283813,0.20000606775283813,0.20000606775283813,17.00051575899124,,,
amgtp_uniform_q,85,0.0,0.20000606775283813,0.20000606775283813,0.20000606775283813,0.20000606775283813,0.20000606775283813,17.00051575899124,,,
amgtp_uniform_q,86,0.0,0.20000606775283813,0.20000606775283813,0.20000606775283813,0.20000606775283813,0.20000606775283813,17.00051575899124,,,
amgtp_uniform_q,87,0.0,0.20000606775283813,0.20000606775283813,0.20000606775283813,0.20000606775283813,0.20000606775283813,17.00051575899124,,,
amgtp_uniform_q,88,0.0,0.20000606775283813,0.20000606775283813,0.20000606775283813,0.20000606775283813,0.20000606775283813,17.00051575899124,,,
amgtp_uniform_q,89,0.0,0.20000606775283813,0.20000606775283813,0.20000606775283813,0.20000606775283813,0.20000606775283813,17.00051575899124,,,
amgtp_uniform_q,90,0.0,0.20000606775283813,0.20000606775283813,0.20000606775283813,0.20000606775283813,0.20000606775283813,17.00051575899124,,,
amgtp_uniform_q,91,0.0,0.20000606775283813,0.20000606775283813,0.20000606775283813,0.20000606775283813,0.20000606775283813,17.00051575899124,,,
amgtp_uniform_q,92,0.0,0.20000606775283813,0.20000606775283813,0.20000606775283813,0.20000606775283813,0.20000606775283813,17.00051575899124,,,
amgtp_uniform_q,93,0.0,0.20000606775283813,0.20000606775283813,0.20000606775283813,0.20000606775283813,0.20000606775283813,17.00051575899124,,,
amgtp_uniform_q,94,0.0,0.20000606775283813,0.20000606775283813,0.20000606775283813,0.20000606775283813,0.20000606775283813,17.00051575899124,,,
amgtp_uniform_q,95,0.0,0.20000606775283813,0.20000606775283813,0.20000606775283813,0.20000606775283813,0.20000606775283813,17.00051575899124,,,
amgtp_uniform_q,96,0.0,0.20000606775283813,0.20000606775283813,0.20000606775283813,0.20000606775283813,0.20000606775283813,17.00051575899124,,,
amgtp_uniform_q,97,0.0,0.20000606775283813,0.20000606775283813,0.20000606775283813,0.20000606775283813,0.20000606775283813,17.00051575899124,,,
amgtp_uniform_q,98,0.0,0.20000606775283813,0.20000606775283813,0.20000606775283813,0.20000606775283813,0.20000606775283813,17.00051575899124,,,
amgtp_uniform_q,99,0.0,0.20000606775283813,0.20000606775283813,0.20000606775283813,0.20000606775283813,0.20000606775283813,17.00051575899124,,,
amgtp_uniform_q,100,0.0,0.20000606775283813,0.20000606775283813,0.20000606775283813,0.20000606775283813,0.20000606775283813,17.00051575899124,,,
amgtp_uniform_q,101,0.0,0.20000606775283813,0.20000606775283813,0.20000606775283813,0.20000606775283813,0.20000606775283813,17.00051575899124,,,
amgtp_uniform_q,102,0.0,0.20000606775283813,0.20000606775283813,0.20000606775283813,0.20000606775283813,0.20000606775283813,17.00051575899124,,,
amgtp_uniform_q,103,0.0,0.20000606775283813,0.20000606775283813,0.20000606775283813,0.20000606775283813,0.20000606775283813,17.00051575899124,,,
amgtp_uniform_q,104,0.0,0.20000606775283813,0.20000606775283813,0.20000606775283813,0.20000606775283813,0.20000606775283813,17.00051575899124,,,
amgtp_uniform_q,105,0.0,0.20000606775283813,0.20000606775283813,0.20000606775283813,0.20000606775283813,0.20000606775283813,17.00051575899124,,,
amgtp_uniform_q,106,0.0,0.20000606775283813,0.20000606775283813,0.20000606775283813,0.20000606775283813,0.20000606775283813,17.00051575899124,,,
amgtp_uniform_q,107,0.0,0.20000606775283813,0.20000606775283813,0.20000606775283813,0.20000606775283813,0.20000606775283813,17.00051575899124,,,
amgtp_uniform_q,108,0.0,0.20000606775283813,0.20000606775283813,0.20000606775283813,0.20000606775283813,0.20000606775283813,17.00051575899124,,,
amgtp_uniform_q,109,0.0,0.20000606775283813,0.20000606775283813,0.20000606775283813,0.20000606775283813,0.20000606775283813,17.00051575899124,,,
amgtp_uniform_q,110,0.0,0.20000606775283813,0.20000606775283813,0.20000606775283813,0.20000606775283813,0.20000606775283813,17.00051575899124,,,
amgtp_uniform_q,111,0.0,0.20000606775283813,0.20000606775283813,0.20000606775283813,0.20000606775283813,0.20000606775283813,17.00051575899124,,,
amgtp_uniform_q,112,0.0,0.20000606775283813,0.20000606775283813,0.20000606775283813,0.20000606775283813,0.20000606775283813,17.00051575899124,,,
amgtp_uniform_q,113,0.0,0.20000606775283813,0.20000606775283813,0.20000606775283813,0.20000606775283813,0.20000606775283813,17.00051575899124,,,
amgtp_uniform_q,114,0.0,0.20000606775283813,0.20000606775283813,0.20000606775283813,0.20000606775283813,0.20000606775283813,17.00051575899124,,,
amgtp_uniform_q,115,0.0,0.20000606775283813,0.20000606775283813,0.20000606775283813,0.20000606775283813,0.20000606775283813,17.00051575899124,,,
amgtp_uniform_q,116,0.0,0.20000606775283813,0.20000606775283813,0.20000606775283813,0.20000606775283813,0.20000606775283813,17.00051575899124,,,
amgtp_uniform_q,117,0.0,0.20000606775283813,0.20000606775283813,0.20000606775283813,0.20000606775283813,0.20000606775283813,17.00051575899124,,,
amgtp_uniform_q,118,0.0,0.20000606775283813,0.20000606775283813,0.20000606775283813,0.20000606775283813,0.20000606775283813,17.00051575899124,,,
amgtp_uniform_q,119,0.0,0.20000606775283813,0.20000606775283813,0.20000606775283813,0.20000606775283813,0.20000606775283813,17.00051575899124,,,
amgtp_no_state,4,,0.20000606775283813,0.20000606775283813,0.20000606775283813,0.20000606775283813,0.20000606775283813,17.00051575899124,,,
amgtp_no_state,5,0.4754495844244957,0.27924272418022156,0.07848505675792694,0.0837874636054039,0.27924272418022156,0.27924272418022156,22.948508106172085,,,
amgtp_no_state,6,0.07717792689800262,0.29210537672042847,0.052283354103565216,0.07139919698238373,0.29210537672042847,0.29210537672042847,23.927016459405422,,,
amgtp_no_state,7,0.01780230924487114,0.2950724959373474,0.04353069141507149,0.07125090807676315,0.2950724959373474,0.2950724959373474,24.1581555865705,,,
amgtp_no_state,8,0.015640772879123688,0.2937372326850891,0.03971670940518379,0.07907190918922424,0.2937372326850891,0.2937372326850891,24.069648284465075,,,
amgtp_no_state,9,0.1591344103217125,0.33306506276130676,0.03855132684111595,0.07998302578926086,0.21533498167991638,0.33306506276130676,26.432659920305014,,,
amgtp_no_state,10,0.1274065375328064,0.3649170696735382,0.03791293874382973,0.060622893273830414,0.17163097858428955,0.3649170696735382,28.425061624497175,,,
amgtp_no_state,11,0.05721232295036316,0.378925085067749,0.03850304335355759,0.05460148677229881,0.14904619753360748,0.378925085067749,29.286087181419134,,,
amgtp_no_state,12,0.04167252406477928,0.38518592715263367,0.038573794066905975,0.06284505873918533,0.1282096803188324,0.38518592715263367,29.62833534181118,,,
amgtp_no_state,13,0.036839134991168976,0.3936309814453125,0.03700247406959534,0.06437390297651291,0.11136078834533691,0.3936309516429901,30.138341911137104,,,
amgtp_no_state,14,0.05341718718409538,0.40698546171188354,0.03351377323269844,0.05276744067668915,0.09974775463342667,0.40698546171188354,31.006974544376135,,,
amgtp_no_state,15,0.014719367027282715,0.4106651544570923,0.03225931152701378,0.04919673502445221,0.09721300005912781,0.41066521406173706,31.24956278130412,,,
amgtp_no_state,16,0.07661210373044014,0.4149985611438751,0.034658968448638916,0.05928897112607956,0.1186937764286995,0.37235918641090393,31.156324595212936,,,
amgtp_no_state,17,0.05578484386205673,0.4424178898334503,0.034116972237825394,0.05976220592856407,0.11498084664344788,0.34872183203697205,32.44544855505228,,,
amgtp_no_state,18,0.1868373230099678,0.4816141426563263,0.06347671151161194,0.08462508022785187,0.08902879804372787,0.28125542402267456,33.774978034198284,,,
amgtp_no_state,19,0.8053732365369797,0.22783127427101135,0.3430612087249756,0.2077270895242691,0.06021174043416977,0.16116861999034882,17.313961796462536,,,
amgtp_no_state,20,0.5631527155637741,0.12428790330886841,0.6246377229690552,0.1147661879658699,0.0360727533698082,0.10023567825555801,10.082019254565239,,,
amgtp_no_state,21,0.16814985685050488,0.09025795757770538,0.6103032827377319,0.19884100556373596,0.02669142372906208,0.07390635460615158,7.8438326846808195,,,
amgtp_no_state,22,0.8060117773711681,0.06840930879116058,0.2530488073825836,0.6018471121788025,0.020463643595576286,0.05623158812522888,7.0936364103108644,,,
amgtp_no_state,23,0.3741379762068391,0.05085254833102226,0.10327048599720001,0.7889159321784973,0.01512244064360857,0.041838716715574265,6.212770300917327,,,
amgtp_no_state,24,0.1263867048546672,0.03755795583128929,0.06823059916496277,0.8521091938018799,0.011197535321116447,0.030904658138751984,5.389083491638303,,,
amgtp_no_state,25,0.07568391133099794,0.028162777423858643,0.05013211444020271,0.8899513483047485,0.008575123734772205,0.02317897602915764,4.794284335337579,,,
amgtp_no_state,26,0.05011011613532901,0.021752923727035522,0.03850211575627327,0.9150063395500183,0.0068300398997962475,0.017908787354826927,4.38722986029461,,,
amgtp_no_state,27,0.034069525077939034,0.017313092947006226,0.030651628971099854,0.932041347026825,0.005729250144213438,0.014265377074480057,4.105381276924163,,,
amgtp_no_state,28,0.023739004973322153,0.01416014600545168,0.02517123334109783,0.943910539150238,0.005063544027507305,0.01169461291283369,3.9056810000911355,,,
amgtp_no_state,29,0.01777967857196927,0.011758045293390751,0.02105484902858734,0.9528009295463562,0.00461588567122817,0.009771468117833138,3.754052108619362,,,
amgtp_no_state,30,0.01030666846781969,0.010667717084288597,0.018912967294454575,0.9579533934593201,0.0036463425494730473,0.008819016627967358,3.681826803367585,,,
amgtp_no_state,31,0.0032245514448732138,0.01011474896222353,0.018199559301137924,0.9593448042869568,0.003867235267534852,0.008473144844174385,3.6488135845866054,,,
amgtp_no_state,32,0.003001584904268384,0.009531334042549133,0.017493806779384613,0.9606871604919434,0.004026384558528662,0.00826223287731409,3.6152912830002606,,,
amgtp_no_state,33,0.002615859266370535,0.008861199952661991,0.016855847090482712,0.9615539312362671,0.0043646423146128654,0.008364969864487648,3.5808517122641206,,,
amgtp_no_state,34,0.003139401786029339,0.008211481384932995,0.01659335196018219,0.9608958959579468,0.005151055753231049,0.009147709235548973,3.556095242500305,,,
amgtp_no_state,35,0.025855327490717173,0.007675296161323786,0.017894353717565536,0.9485047459602356,0.01072556059807539,0.015200194902718067,3.61180801410228,,,
amgtp_no_state,36,0.5272694057784975,0.008127737790346146,0.02515692636370659,0.6848701238632202,0.08676211535930634,0.1950834095478058,5.905934106558561,,,
amgtp_no_state,37,0.5889787147752941,0.006668482441455126,0.01678331568837166,0.4638887047767639,0.023086652159690857,0.4895723760128021,8.824178205803037,,,
amgtp_no_state,38,0.14470646856352687,0.0056932177394628525,0.013114859350025654,0.40447917580604553,0.014787482097744942,0.5619264245033264,9.538627768866718,,,
amgtp_no_state,39,0.08129088021814823,0.0051366593688726425,0.011635607108473778,0.3676203191280365,0.013036332093179226,0.6025714874267578,9.949951275251806,,,
amgtp_no_state,40,0.05622917413711548,0.004782579839229584,0.010802091099321842,0.34165963530540466,0.01206790842115879,0.630683958530426,10.236786565743387,,,
amgtp_no_state,41,0.04105343343690038,0.004552572499960661,0.01030033640563488,0.3225336968898773,0.01140096876770258,0.651212751865387,10.447841084562242,,,
amgtp_no_state,42,0.032249944284558296,0.004414172377437353,0.010042976588010788,0.30729806423187256,0.010906188748776913,0.6673365235328674,10.615842162631452,,,
amgtp_no_state,43,0.02621429180726409,0.004394635558128357,0.010059659369289875,0.29454851150512695,0.010568100959062576,0.6804269552230835,10.75733740720898,,,
amgtp_no_state,44,0.022941422183066607,0.004549040924757719,0.01051847543567419,0.2831881642341614,0.010459081269800663,0.6912857890129089,10.884240038692951,,,
amgtp_no_state,45,0.02294987067580223,0.005083353724330664,0.011833795346319675,0.2717130184173584,0.010894865728914738,0.7004750967025757,11.014889487996697,,,
amgtp_no_state,46,0.02417286764830351,0.006426880601793528,0.014908883720636368,0.25962603092193604,0.012894265353679657,0.7061429619789124,11.155661137774587,,,
amgtp_no_state,47,0.03251802735030651,0.006449003238230944,0.016751375049352646,0.2433677613735199,0.013365048915147781,0.7200673222541809,11.308292707428336,,,
amgtp_no_state,48,0.1104295696131885,0.017037836834788322,0.047625478357076645,0.2276546061038971,0.027116620913147926,0.6805654168128967,11.470591688528657,,,
amgtp_no_state,49,0.37568090856075287,0.04614143446087837,0.19861476123332977,0.21170198917388916,0.0348641574382782,0.5086775422096252,10.9677414894104,,,
amgtp_no_state,50,0.23005662485957146,0.0444176159799099,0.3136431574821472,0.18837839365005493,0.020012345165014267,0.43354853987693787,9.753601271659136,,,
amgtp_no_state,51,0.17528729420155287,0.042164597660303116,0.40128690004348755,0.16462792456150055,0.015582607127726078,0.3763382136821747,8.802859774790704,,,
amgtp_no_state,52,0.13979210052639246,0.04586245119571686,0.4674850404262543,0.14480207860469818,0.01374862715601921,0.3281019330024719,8.343305800110102,,,
amgtp_no_state,53,0.09777798410505056,0.05863414332270622,0.5036033391952515,0.13130606710910797,0.013373509980738163,0.2930850684642792,8.612375668250024,,,
amgtp_no_state,54,0.07136693969368935,0.09285148233175278,0.49824246764183044,0.12381435185670853,0.01483884546905756,0.27025339007377625,10.328193842433393,,,
amgtp_no_state,55,0.2236810429021716,0.19927091896533966,0.40497419238090515,0.12032235413789749,0.020260442048311234,0.2551736533641815,16.436450634151697,,,
amgtp_no_state,56,0.24158615805208683,0.31223806738853455,0.30396389961242676,0.11436594277620316,0.02808518521487713,0.2413460910320282,22.956787342205644,,,
amgtp_no_state,57,0.11433556489646435,0.34848925471305847,0.2662423849105835,0.10846246033906937,0.049001824110746384,0.22780334949493408,25.0332447104156,,,
amgtp_no_state,58,0.20865803584456444,0.2850055694580078,0.24470536410808563,0.10252626240253448,0.15333054959774017,0.21443094313144684,21.727965369820595,,,
amgtp_no_state,59,0.32972561568021774,0.16875328123569489,0.222014918923378,0.09255633503198624,0.31819435954093933,0.19848179817199707,15.630986489355564,,,
amgtp_no_state,60,0.15282585471868515,0.14303207397460938,0.1999269276857376,0.08312951028347015,0.3946072459220886,0.17930485308170319,14.303758561611176,,,
amgtp_no_state,61,0.14406151324510574,0.1255914866924286,0.17625291645526886,0.07346246391534805,0.46663737297058105,0.1580551117658615,13.411362685263157,,,
amgtp_no_state,62,0.142019584774971,0.10927565395832062,0.15242645144462585,0.06419258564710617,0.5376474261283875,0.13645775616168976,12.57548401504755,,,
amgtp_no_state,63,0.13011499494314194,0.09506439417600632,0.1297348290681839,0.05702131986618042,0.6027049422264099,0.11547442525625229,11.840238988399506,,,
amgtp_no_state,64,0.0425267219543457,0.09557399153709412,0.12008608132600784,0.05894622951745987,0.621533215045929,0.10385923087596893,11.836125999689102,,,
amgtp_no_state,65,0.5606658384203911,0.25765153765678406,0.15396946668624878,0.13567617535591125,0.34120097756385803,0.11150195449590683,19.969524458050728,,,
amgtp_no_state,66,0.15571993589401245,0.295381098985672,0.17036020755767822,0.15941573679447174,0.26786094903945923,0.10698191076517105,21.744246751070023,,,
amgtp_no_state,67,0.2990777865052223,0.18711523711681366,0.1872793734073639,0.2920357882976532,0.2380029559135437,0.09556719660758972,15.294262409210205,,,
amgtp_no_state,68,0.32345355302095413,0.12337203323841095,0.14299947023391724,0.4537612199783325,0.20235855877399445,0.07750657945871353,11.408207148313522,,,
amgtp_no_state,69,0.11028534173965454,0.10951939225196838,0.12315429002046585,0.5089051723480225,0.18817220628261566,0.07024936378002167,10.52172987908125,,,
amgtp_no_state,70,0.006690226495265961,0.10821814090013504,0.1265014111995697,0.5087657570838928,0.1864584982395172,0.07006063312292099,10.431945487856865,,,
amgtp_no_state,71,0.028001412749290466,0.1070769652724266,0.14050047099590302,0.49839451909065247,0.18402591347694397,0.07000327855348587,10.328529238700867,,,
amgtp_no_state,72,0.029718488454818726,0.10399386286735535,0.15535968542099,0.493722528219223,0.17802345752716064,0.06890155375003815,10.086944997310638,,,
amgtp_no_state,73,0.026683352887630463,0.10000745952129364,0.1656150072813034,0.49680832028388977,0.17018213868141174,0.06738703697919846,9.791181027889252,,,
amgtp_no_state,74,0.027682900428771973,0.09585222601890564,0.16710488498210907,0.509160041809082,0.16193273663520813,0.06595037132501602,9.502552926540375,,,
amgtp_no_state,75,0.03688179701566696,0.09192170947790146,0.16181927919387817,0.5276006460189819,0.15398919582366943,0.06466884166002274,9.243211939930916,,,
amgtp_no_state,76,0.036490872502326965,0.0884833037853241,0.15468496084213257,0.5458463430404663,0.14685121178627014,0.0641343742609024,9.027061939239502,,,
amgtp_no_state,77,0.03305871784687042,0.08538113534450531,0.14783957600593567,0.562376081943512,0.1406547874212265,0.06374937295913696,8.834910675883293,,,
amgtp_no_state,78,0.02553415298461914,0.0831204429268837,0.14164984226226807,0.5744379162788391,0.13633762300014496,0.0644541010260582,8.708910942077637,,,
amgtp_no_state,79,0.014502964913845062,0.0819002315402031,0.13679291307926178,0.5794877409934998,0.13516336679458618,0.06665584444999695,8.668595418334007,,,
amgtp_no_state,80,0.02239406853914261,0.08248145878314972,0.13297055661678314,0.572113037109375,0.14039286971092224,0.07204212248325348,8.789536997675896,,,
amgtp_no_state,81,0.0621771439909935,0.08480549603700638,0.12883491814136505,0.5451600551605225,0.15949979424476624,0.0816996842622757,9.112938985228539,,,
amgtp_no_state,82,0.11397907137870789,0.08697488158941269,0.12314248830080032,0.49386298656463623,0.20118291676044464,0.0948367491364479,9.559219248592854,,,
amgtp_no_state,83,0.13123229146003723,0.08545837551355362,0.1147807240486145,0.43812495470046997,0.25421422719955444,0.10742142796516418,9.840057700872421,,,
amgtp_no_state,84,0.1137796938419342,0.08194240182638168,0.10578759014606476,0.39374446868896484,0.2946821451187134,0.12384361028671265,10.000150665640831,,,
amgtp_no_state,85,0.10101860761642456,0.07869568467140198,0.09716770797967911,0.35510149598121643,0.3133431077003479,0.15569168329238892,10.257298596203327,,,
amgtp_no_state,86,0.11975860595703125,0.07581163197755814,0.0888143926858902,0.3172592520713806,0.30254361033439636,0.21557117998600006,10.725091859698296,,,
amgtp_no_state,87,0.18932956457138062,0.07197696715593338,0.08012360334396362,0.2792627513408661,0.2584007680416107,0.3102359473705292,11.388638526201248,,,
amgtp_no_state,88,0.16922099143266678,0.09804267436265945,0.07446830719709396,0.24468587338924408,0.2140224426984787,0.3687807321548462,13.352173738181591,,,
amgtp_no_state,89,0.5679788142442703,0.3820323050022125,0.07208937406539917,0.2181606888771057,0.16490840911865234,0.16280969977378845,27.082204401493073,,,
amgtp_no_state,90,0.22470242157578468,0.49438366293907166,0.05884043499827385,0.1893022656440735,0.1345130056142807,0.12296140193939209,32.95281767472625,,,
amgtp_no_state,91,0.08914574608206749,0.5389564037322998,0.053154632449150085,0.17310699820518494,0.12258459627628326,0.1121978759765625,35.33872228860855,,,
amgtp_no_state,92,0.037958547472953796,0.557934582233429,0.05105914920568466,0.16596172749996185,0.1174698919057846,0.10757296532392502,36.35333002358675,,,
amgtp_no_state,93,0.009759873151779175,0.5628153681755066,0.05091498792171478,0.16399610042572021,0.11602240800857544,0.10625115036964417,36.61149834096432,,,
amgtp_no_state,94,0.004277527332305908,0.5606769323348999,0.05193573981523514,0.16455800831317902,0.11632545292377472,0.10650453716516495,36.4915673956275,,,
amgtp_no_state,95,0.009408451616764069,0.5559720993041992,0.05387457460165024,0.16590552031993866,0.11710377782583237,0.10714348405599594,36.22965231537819,,,
amgtp_no_state,96,0.00988059863448143,0.5510320067405701,0.05655614659190178,0.16711841523647308,0.11772339791059494,0.10756990313529968,35.949874226003885,,,
amgtp_no_state,97,0.011240813881158829,0.5454151630401611,0.060856059193611145,0.16810013353824615,0.11806235462427139,0.10756652057170868,35.62243401259184,,,
amgtp_no_state,98,0.017056770622730255,0.5372828841209412,0.06807312369346619,0.16912716627120972,0.11834671348333359,0.1071704849600792,35.14124145358801,,,
amgtp_no_state,99,0.03156629949808121,0.5221328735351562,0.08095042407512665,0.1710841804742813,0.11929517984390259,0.10653697699308395,34.24875931441784,,,
amgtp_no_state,100,0.03955356031656265,0.5031782984733582,0.09667854011058807,0.17334596812725067,0.12108215689659119,0.10571487247943878,33.13499766588211,,,
amgtp_no_state,101,0.030872993171215057,0.4887312352657318,0.10778684169054031,0.17515714466571808,0.12359873205423355,0.10472499579191208,32.28847345709801,,,
amgtp_no_state,102,0.01773221045732498,0.48184046149253845,0.11649419367313385,0.17453007400035858,0.12375779449939728,0.10337704420089722,31.86409528553486,,,
amgtp_no_state,103,0.01672223210334778,0.4743420481681824,0.1234341561794281,0.1748569905757904,0.12485171854496002,0.10251402854919434,31.417686447501183,,,
amgtp_no_state,104,0.022513657808303833,0.4664885699748993,0.13469119369983673,0.17393341660499573,0.12320336699485779,0.10168281197547913,30.931788578629494,,,
amgtp_no_state,105,0.023674793541431427,0.4579223692417145,0.14652928709983826,0.1736210137605667,0.12092746049165726,0.10100062191486359,30.403235413134098,,,
amgtp_no_state,106,0.023036949336528778,0.4488925337791443,0.15685690939426422,0.17481160163879395,0.11885061860084534,0.10058856010437012,29.855037912726402,,,
amgtp_no_state,107,0.022315576672554016,0.4394475817680359,0.16427664458751678,0.1785488724708557,0.11715299636125565,0.10057256370782852,29.294865034520626,,,
amgtp_no_state,108,0.021225154399871826,0.42995238304138184,0.16650597751140594,0.18676349520683289,0.11603593826293945,0.10074150562286377,28.746572092175484,,,
amgtp_no_state,109,0.026962384581565857,0.42010921239852905,0.1631108969449997,0.20015311241149902,0.11579341441392899,0.10083349794149399,28.19234585016966,,,
amgtp_no_state,110,0.03755003213882446,0.40908747911453247,0.15615776181221008,0.21814994513988495,0.11657116562128067,0.10003291815519333,27.572315357625484,,,
amgtp_no_state,111,0.04479144513607025,0.3963713049888611,0.1482267677783966,0.238104447722435,0.11901271343231201,0.09828469157218933,26.8538930863142,,,
amgtp_no_state,112,0.0476476326584816,0.3819188177585602,0.14098888635635376,0.25603118538856506,0.12491000443696976,0.0961514562368393,26.044701926410198,,,
amgtp_no_state,113,0.050255186855793,0.3655810058116913,0.13430313766002655,0.2681506276130676,0.13791777193546295,0.09404703974723816,25.15569832921028,,,
amgtp_no_state,114,0.05476634204387665,0.3471672236919403,0.12762698531150818,0.2702544629573822,0.16319744288921356,0.09175413846969604,24.195363834500313,,,
amgtp_no_state,115,0.08805197477340698,0.3257307708263397,0.11994800716638565,0.25818759202957153,0.2072233259677887,0.08891034871339798,23.133665196597576,,,
amgtp_no_state,116,0.12351645529270172,0.3008619546890259,0.1111532524228096,0.23373740911483765,0.26898154616355896,0.0852658674120903,21.940675728023052,,,
amgtp_no_state,117,0.13865943253040314,0.2727206349372864,0.10117416083812714,0.20692533254623413,0.3383112847805023,0.080868661403656,20.585528507828712,,,
amgtp_no_state,118,0.057259753346443176,0.26070401072502136,0.09649873524904251,0.19537964463233948,0.3669414520263672,0.08047681301832199,20.02014385908842,,,
amgtp_no_state,119,0.16247711330652237,0.29129987955093384,0.10542991012334824,0.21570630371570587,0.28570252656936646,0.10186129808425903,21.656517453491688,,,
amgtp_fixed_beta0,4,,0.20000606775283813,0.20000606775283813,0.20000606775283813,0.20000606775283813,0.20000606775283813,17.00051575899124,,,
amgtp_fixed_beta0,5,0.6153420321643353,0.3025578260421753,0.043363239616155624,0.04896213859319687,0.3025578260421753,0.3025578260421753,24.697433564811945,,,
amgtp_fixed_beta0,6,0.06303778290748596,0.31306424736976624,0.015669550746679306,0.04513730853796005,0.31306424736976624,0.31306424736976624,25.509285513311625,,,
amgtp_fixed_beta0,7,0.011462172493338585,0.31389930844306946,0.009938878938555717,0.04836362600326538,0.31389930844306946,0.31389930844306946,25.580873740836978,,,
amgtp_fixed_beta0,8,0.018205007538199425,0.31086504459381104,0.0110110342502594,0.056393686681985855,0.31086504459381104,0.31086504459381104,25.36026070639491,,,
amgtp_fixed_beta0,9,0.24422036670148373,0.37021583318710327,0.013979392126202583,0.056833840906620026,0.18875476717948914,0.37021583318710327,28.90173594094813,,,
amgtp_fixed_beta0,10,0.16024758853018284,0.40935418009757996,0.015826519578695297,0.03916596621274948,0.12629887461662292,0.40935418009757996,31.30962586775422,,,
amgtp_fixed_beta0,11,0.054375965148210526,0.42139607667922974,0.01893116533756256,0.03500445932149887,0.10327285528182983,0.42139607667922974,32.03016420453787,,,
amgtp_fixed_beta0,12,0.03215363062918186,0.4217143654823303,0.02287205494940281,0.04650289565324783,0.08719512820243835,0.4217143654823303,31.97960968501866,,,
amgtp_fixed_beta0,13,0.02745749242603779,0.42708301544189453,0.024200383573770523,0.04816697537899017,0.07346734404563904,0.42708301544189453,32.28711586073041,,,
amgtp_fixed_beta0,14,0.06177188828587532,0.4425256848335266,0.020448189228773117,0.033348433673381805,0.06115153059363365,0.4425256848335266,33.29545488208532,,,
amgtp_fixed_beta0,15,0.014331385493278503,0.4461084306240082,0.01876150071620941,0.029918178915977478,0.059102579951286316,0.4461084306240082,33.53425796329975,,,
amgtp_fixed_beta0,16,0.13748641684651375,0.46472665667533875,0.022696182131767273,0.045334722846746445,0.08987637609243393,0.37736526131629944,33.95454804226756,,,
amgtp_fixed_beta0,17,0.09789005480706692,0.5130871534347534,0.0226131584495306,0.045920342206954956,0.08301196992397308,0.3353687524795532,36.22184971533716,,,
amgtp_fixed_beta0,18,0.2841083239763975,0.55362468957901,0.06504404544830322,0.10500561445951462,0.05741475895047188,0.2189113348722458,37.06420426443219,,,
amgtp_fixed_beta0,19,1.2533185053616762,0.12578055262565613,0.43911221623420715,0.35759639739990234,0.025896115228533745,0.051614563912153244,9.962611267343163,,,
amgtp_fixed_beta0,20,0.40676219249144197,0.01387015264481306,0.6424935460090637,0.33173099160194397,0.005852194968611002,0.00605342723429203,2.5956090255640447,,,
amgtp_fixed_beta0,21,0.9335000390419737,0.002753834007307887,0.1940440684556961,0.7984811067581177,0.0033500418066978455,0.0013714527012780309,2.7973680596332997,,,
amgtp_fixed_beta0,22,0.3342692999285646,0.00047574948985129595,0.03197813034057617,0.96561598777771,0.0016458600293844938,0.0002852382021956146,2.972885418101214,,,
amgtp_fixed_beta0,23,0.04790226466138847,0.0001491827715653926,0.008858734741806984,0.9895667433738708,0.001313952263444662,0.00011159921996295452,2.997269986080937,,,
amgtp_fixed_beta0,24,0.010765277271275409,6.411849608412012e-05,0.0036393250338733196,0.9949483871459961,0.0012850899947807193,6.130197289166972e-05,3.002185453820857,,,
amgtp_fixed_beta0,25,0.0028505899936135393,4.941352744936012e-05,0.002229581819847226,0.9959333539009094,0.001725536771118641,6.20302525931038e-05,3.005941636103671,,,
amgtp_fixed_beta0,26,0.0012619618682947475,3.854676469927654e-05,0.001609344151802361,0.9961347579956055,0.0021531633101403713,6.385705637512729e-05,3.0082925659808097,,,
amgtp_fixed_beta0,27,0.0015458796551683918,3.963436029152945e-05,0.0014466369757428765,0.9955251216888428,0.002903066575527191,8.64023677422665e-05,3.011931162836845,,,
amgtp_fixed_beta0,28,0.002628765989356907,5.085827797302045e-05,0.0015328861773014069,0.9942105412483215,0.004063709173351526,0.00014247219951357692,3.017656581607298,,,
amgtp_fixed_beta0,29,0.003694020375405671,7.004125654930249e-05,0.0017285007052123547,0.9923633337020874,0.005588197614997625,0.0002499990805517882,3.025638347637141,,,
amgtp_fixed_beta0,30,0.0070803447961225174,5.93992808717303e-06,0.000700138509273529,0.995903491973877,0.0033549393992871046,3.5534296330297366e-05,3.0127490660597687,,,
amgtp_fixed_beta0,31,0.021939300153462682,4.456238093553111e-05,0.0017626277403905988,0.9849341511726379,0.012955880723893642,0.000303440639982,3.05417815814144,,,
amgtp_fixed_beta0,32,0.023463126795832068,0.0001141265602200292,0.0030453221406787634,0.9732027053833008,0.022762173786759377,0.0008765700040385127,3.1011082284676377,,,
amgtp_fixed_beta0,33,0.03390861780644627,0.0002646059438120574,0.005147239193320274,0.9562484622001648,0.03614368662238121,0.0021970353554934263,3.1735332837561145,,,
amgtp_fixed_beta0,34,0.17875202270806767,0.0005208078073337674,0.008295604959130287,0.8668714165687561,0.11967924982309341,0.0046318816021084785,3.5427594142965972,,,
amgtp_fixed_beta0,35,1.5537554113689112,0.00017366900283377618,0.00543611403554678,0.09372003376483917,0.8965569734573364,0.004112206399440765,6.630486059293617,,,
amgtp_fixed_beta0,36,0.18581002636346966,0.0001454828743590042,0.0017612790688872337,0.004518765024840832,0.9884769916534424,0.00509792473167181,7.014756434422452,,,
amgtp_fixed_beta0,37,0.011884164996445179,7.318313873838633e-05,0.0007099167560227215,0.0005253054550848901,0.9944186806678772,0.004272570367902517,7.027423571271356,,,
amgtp_fixed_beta0,38,0.00121840388601413,6.438272976083681e-05,0.00047779048327356577,0.00015744174015708268,0.9944766163825989,0.004824248142540455,7.0336888681631535,,,
amgtp_fixed_beta0,39,0.0004271912985132076,5.612122913589701e-05,0.0003669600118882954,6.537246372317895e-05,0.9946895241737366,0.0048211258836090565,7.0342527827378944,,,
amgtp_fixed_beta0,40,0.00010660692714736797,6.119753379607573e-05,0.0003470251976978034,4.076987170265056e-05,0.9947378635406494,0.0048124720342457294,7.034680840104556,,,
amgtp_fixed_beta0,41,0.0004908481132588349,7.651909254491329e-05,0.0003771721385419369,3.403713708394207e-05,0.9949378371238708,0.00457379873842001,7.033668471307465,,,
amgtp_fixed_beta0,42,0.0010409170208731666,9.875069372355938e-05,0.00044550630263984203,3.335783912916668e-05,0.9953684210777283,0.0040547107346355915,7.030815519272437,,,
amgtp_fixed_beta0,43,0.0008161652986018453,0.00013703599688597023,0.0005436939536593854,3.666575503302738e-05,0.9956364035606384,0.0036463087890297174,7.029378999002802,,,
amgtp_fixed_beta0,44,0.0008906425500754267,0.00018206136883236468,0.0006787009187974036,4.238748078932986e-05,0.995895266532898,0.0032002832740545273,7.027800377058156,,,
amgtp_fixed_beta0,45,0.0006074151788197923,0.0002606938942335546,0.0008927276358008385,5.394064282882027e-05,0.9958213567733765,0.0029709902592003345,7.0290395442607405,,,
amgtp_fixed_beta0,46,0.0010144524967472535,0.00039153097895905375,0.0012395585654303432,7.747697964077815e-05,0.995313823223114,0.002976704854518175,7.0338344787669485,,,
amgtp_fixed_beta0,47,0.0063825625848039635,6.561014743056148e-05,0.00046497222501784563,1.102292208088329e-05,0.9985055923461914,0.0009528726222924888,7.007314012972529,,,
amgtp_fixed_beta0,48,0.00560516891800944,0.0003404029703233391,0.0013574447948485613,5.245542706688866e-05,0.9957023859024048,0.002546137198805809,7.027501611395564,,,
amgtp_fixed_beta0,49,0.008049687567108776,0.0009017238626256585,0.0028217299841344357,0.00013172703620512038,0.9916775822639465,0.004466143436729908,7.061589426812134,,,
amgtp_fixed_beta0,50,0.014394909594557248,0.002150606596842408,0.005741311237215996,0.0003111797268502414,0.9844799637794495,0.007315517868846655,7.129488242848311,,,
amgtp_fixed_beta0,51,0.01794525230070576,0.003926183562725782,0.010159479454159737,0.0005663809133693576,0.9755077362060547,0.009839596226811409,7.213738136575557,,,
amgtp_fixed_beta0,52,0.026830223039723933,0.006943501997739077,0.017669998109340668,0.00101917190477252,0.9620922803878784,0.012273735366761684,7.343815891537815,,,
amgtp_fixed_beta0,53,0.03576942486688495,0.011383188888430595,0.028639577329158783,0.0017345226369798183,0.9442078471183777,0.014034110121428967,7.522766950074583,,,
amgtp_fixed_beta0,54,0.03411035751923919,0.01585606299340725,0.040296684950590134,0.002492832951247692,0.9271527528762817,0.014201081357896328,7.688023372553289,,,
amgtp_fixed_beta0,55,0.02784008765593171,0.020101817324757576,0.04897868260741234,0.0034854053519666195,0.913491427898407,0.013942643068730831,7.855180936399847,,,
amgtp_fixed_beta0,56,0.01502253906801343,0.02325449325144291,0.052326589822769165,0.00449632853269577,0.9065213203430176,0.013401717878878117,7.994358463212848,,,
amgtp_fixed_beta0,57,0.0049137393943965435,0.024205556139349937,0.05017726123332977,0.005417847540229559,0.9071058034896851,0.013094372116029263,8.05182600626722,,,
amgtp_fixed_beta0,58,0.014665763359516859,0.022784767672419548,0.04458662495017052,0.005939490161836147,0.913916826248169,0.012772698886692524,8.00572672393173,,,
amgtp_fixed_beta0,59,0.015618260949850082,0.020990632474422455,0.03857116401195526,0.006432713940739632,0.9206520318984985,0.013352934271097183,7.948812557384372,,,
amgtp_fixed_beta0,60,0.008497161790728569,0.020742591470479965,0.034570787101984024,0.007403004914522171,0.921180009841919,0.016103409230709076,7.975043088197708,,,
amgtp_fixed_beta0,61,0.012858899310231209,0.020597731694579124,0.030974434688687325,0.008536135777831078,0.9184918403625488,0.02139979600906372,8.021486770361662,,,
amgtp_fixed_beta0,62,0.02123576868325472,0.020111778751015663,0.028279002755880356,0.009584699757397175,0.9110549092292786,0.03096868470311165,8.074685777537525,,,
amgtp_fixed_beta0,63,0.03723462391644716,0.019773753359913826,0.026254115626215935,0.01068500429391861,0.8948013782501221,0.048486560583114624,8.18715582601726,,,
amgtp_fixed_beta0,64,0.2249373896047473,0.06912695616483688,0.041084446012973785,0.010285054333508015,0.7827324271202087,0.09677151590585709,11.053485191427171,,,
amgtp_fixed_beta0,65,1.6391759188845754,0.811972439289093,0.11489515006542206,0.013216516003012657,0.034971777349710464,0.024943895637989044,49.46690803579986,,,
amgtp_fixed_beta0,66,0.2956963615724817,0.7287040948867798,0.262743204832077,0.0053930277936160564,0.0014499586541205645,0.0017092401394620538,44.035247053951025,,,
amgtp_fixed_beta0,67,0.9283644616079982,0.2698473334312439,0.7269256114959717,0.002783319214358926,0.00016318177222274244,0.0002804321120493114,16.931183896987932,,,
amgtp_fixed_beta0,68,0.6256556980370078,0.5826753973960876,0.41520270705223083,0.0019781156443059444,4.2190040403511375e-05,0.00010189778549829498,35.38338279703021,,,
amgtp_fixed_beta0,69,0.8066561430671868,0.9860020875930786,0.013816377148032188,0.00017419915820937604,9.429674605598848e-07,3.938378540624399e-06,59.17452596827917,,,
amgtp_fixed_beta0,70,0.026072661669019226,0.9990399479866028,0.0008857977227307856,7.19907766324468e-05,4.566873315070552e-07,2.411190052953316e-06,59.94353560272086,,,
amgtp_fixed_beta0,71,0.001552988164419844,0.9998199939727783,0.00015063874889165163,3.519111487548798e-05,2.3813932159555407e-07,1.6461954146507196e-06,59.989480564171274,,,
amgtp_fixed_beta0,72,0.0002497081978845017,0.999945878982544,4.233391155139543e-05,2.0078216039109975e-05,1.4142979409825784e-07,1.3374529999055085e-06,59.99687502186286,,,
amgtp_fixed_beta0,73,5.204031788963448e-05,0.999971330165863,2.0474679331528023e-05,1.5497264030273072e-05,1.0516061621501649e-07,1.450134163860639e-06,59.99836781442581,,,
amgtp_fixed_beta0,74,1.623403124995093e-05,0.9999786019325256,1.3222925190348178e-05,1.4337881111714523e-05,1.0524997406946568e-07,2.0011723336210707e-06,59.99880110568255,,,
amgtp_fixed_beta0,75,4.296347391630206e-06,0.9999791383743286,1.0942702829197515e-05,1.481893559684977e-05,1.2178587383004924e-07,2.9832651762262685e-06,59.99884632018292,,,
amgtp_fixed_beta0,76,2.204044606912703e-05,0.9999683499336243,1.2566130862978753e-05,2.0894000044791028e-05,2.3407116600537847e-07,6.4244927671097685e-06,59.998267825545355,,,
amgtp_fixed_beta0,77,8.418069683102658e-06,0.999965250492096,1.1977322174061555e-05,2.265874354634434e-05,2.55978164886983e-07,9.36766173254e-06,59.99812792218998,,,
amgtp_fixed_beta0,78,5.052426328688853e-05,0.9999398589134216,1.6142221284098923e-05,3.381445640115999e-05,4.5770678980261437e-07,1.8978005755343474e-05,59.99677801642389,,,
amgtp_fixed_beta0,79,8.833648718109544e-05,0.9998955726623535,2.4005565137485974e-05,5.1799586799461395e-05,8.855029136611847e-07,3.675197149277665e-05,59.99443449018804,,,
amgtp_fixed_beta0,80,0.00010496097866052878,0.999841570854187,3.124172872048803e-05,7.077131158439443e-05,1.368723360428703e-06,6.102003317209892e-05,59.99160166844263,,,
amgtp_fixed_beta0,81,0.00023601855764354696,0.9997239708900452,4.827475640922785e-05,0.00011465157149359584,2.8031824967911234e-06,0.00011709087993949652,59.98548937747023,,,
amgtp_fixed_beta0,82,0.000374388332829767,0.9995351433753967,7.567885768366978e-05,0.0001809193636290729,5.526891072804574e-06,0.0002062560961348936,59.97565331305577,,,
amgtp_fixed_beta0,83,0.00037532196802203543,0.9993470907211304,0.00010377715079812333,0.0002456407237332314,8.492836968798656e-06,0.00029773981077596545,59.965893949799465,,,
amgtp_fixed_beta0,84,0.0006773580453227623,0.9990074634552002,0.00015698907373007387,0.00036351894959807396,1.485049506300129e-05,0.0004580227832775563,59.94821162566586,,,
amgtp_fixed_beta0,85,0.0011721124683390372,0.9984212517738342,0.0002434483903925866,0.0005682650371454656,2.818200664478354e-05,0.00073938665445894,59.91777203714082,,,
amgtp_fixed_beta0,86,0.0013748902456427459,0.9977332353591919,0.000354799150954932,0.0008067204034887254,4.5562643208540976e-05,0.0010590737219899893,59.881915052523254,,,
amgtp_fixed_beta0,87,0.002647618966875598,0.9964096546173096,0.0005630161613225937,0.0012647986877709627,8.745315426494926e-05,0.0016749261412769556,59.81299782732094,,,
amgtp_fixed_beta0,88,0.005153397883987054,0.9989858269691467,0.00019735917157959193,0.00035028543788939714,9.948416845872998e-06,0.00045537558617070317,59.94684273075836,,,
amgtp_fixed_beta0,89,0.004228375357342884,0.996872067451477,0.0005579288117587566,0.0011103381402790546,6.196308822836727e-05,0.001397354411892593,59.836209693705314,,,
amgtp_fixed_beta0,90,0.0048197359865298495,0.9944620728492737,0.0009949952363967896,0.0020230927038937807,0.0001563076802995056,0.002362930215895176,59.70896382108913,,,
amgtp_fixed_beta0,91,0.007761690590996295,0.9905806183815002,0.0017385740065947175,0.0035977154038846493,0.00035193146322853863,0.003729341086000204,59.502043118554866,,,
amgtp_fixed_beta0,92,0.011751987534807995,0.9847056269645691,0.0029258362483233213,0.006245199125260115,0.0006711799069307745,0.005452342797070742,59.185030110005755,,,
amgtp_fixed_beta0,93,0.02457655518082902,0.9724172353744507,0.00520758330821991,0.012466865591704845,0.0013331732479855418,0.008575099520385265,58.51702590857167,,,
amgtp_fixed_beta0,94,0.07410389219876379,0.9353649020195007,0.011105355806648731,0.03435295820236206,0.00295269419439137,0.016223272308707237,56.48385302326642,,,
amgtp_fixed_beta0,95,0.5317051762249321,0.6695130467414856,0.035700276494026184,0.2354082614183426,0.009854543954133987,0.049524519592523575,41.67503294721246,,,
amgtp_fixed_beta0,96,1.2898579118773341,0.050944406539201736,0.027340911328792572,0.8803365230560303,0.007731814868748188,0.03364560380578041,6.250176030211151,,,
amgtp_fixed_beta0,97,0.18171688192524016,0.003429439151659608,0.009794642217457294,0.9711960554122925,0.002990925218909979,0.012590380385518074,3.326350959483534,,,
amgtp_fixed_beta0,98,0.029348974989261478,0.0005402318784035742,0.004835049621760845,0.9858704209327698,0.0015075716655701399,0.007247924339026213,3.1068841675296426,,,
amgtp_fixed_beta0,99,0.00595396853168495,0.00017690032836981118,0.0034423195756971836,0.9888464212417603,0.001185089349746704,0.006348500028252602,3.07777022884693,,,
amgtp_fixed_beta0,100,0.001243335398612544,8.977745892480016e-05,0.0029999695252627134,0.9888644814491272,0.0010934313759207726,0.0069526443257927895,3.0799711016006768,,,
amgtp_fixed_beta0,101,0.004085565167770255,6.0545971791725606e-05,0.0029900011140853167,0.9868609309196472,0.0011460051173344254,0.00894288532435894,3.1004279825428966,,,
amgtp_fixed_beta0,102,0.004526102567069756,1.0951763215416577e-05,0.0016180011443793774,0.9886004328727722,0.00030495517421513796,0.00946684181690216,3.1027468772117572,,,
amgtp_fixed_beta0,103,0.10021125450748514,3.3034422813216224e-05,0.004325862042605877,0.9384939670562744,0.0012193841394037008,0.05592725798487663,3.613307129344321,,,
amgtp_fixed_beta0,104,0.0867903827711416,6.310557364486158e-05,0.008044518530368805,0.8950992226600647,0.0025089289993047714,0.09428462386131287,4.034675757982768,,,
amgtp_fixed_beta0,105,0.0846820452134125,0.00010000288602896035,0.012131145223975182,0.9318972229957581,0.003928191494196653,0.05194336548447609,3.568527444615029,,,
amgtp_fixed_beta0,106,0.034553765814052895,0.00016723742010071874,0.01831653155386448,0.9408645033836365,0.0059852623380720615,0.03466657176613808,3.3781731280032545,,,
amgtp_fixed_beta0,107,0.026940965879475698,0.0002806411648634821,0.028149256482720375,0.9294694066047668,0.009509740397334099,0.032591309398412704,3.3562424605479464,,,
amgtp_fixed_beta0,108,0.06475181397399865,0.0004960251972079277,0.043310560286045074,0.8970938324928284,0.015590149909257889,0.043510451912879944,3.4826309457421303,,,
amgtp_fixed_beta0,109,0.24846305907703936,0.0009580955374985933,0.07252626866102219,0.7728614807128906,0.03010856918990612,0.12354496121406555,4.38898588437587,,,
amgtp_fixed_beta0,110,0.43727474205661565,0.0014354217564687133,0.0926852598786354,0.5542244911193848,0.0520198829472065,0.2996350824832916,6.400514374021441,,,
amgtp_fixed_beta0,111,0.11766832892317325,0.0022172206081449986,0.10144554823637009,0.5024679899215698,0.10131148248910904,0.2925569415092468,6.546860313042998,,,
amgtp_fixed_beta0,112,0.285717231919989,0.003367960685864091,0.09351108968257904,0.45094266533851624,0.24301965534687042,0.20915840566158295,6.277771993540227,,,
amgtp_fixed_beta0,113,0.6684473084751517,0.004056741017848253,0.061237882822752,0.241703063249588,0.5765543580055237,0.11644738912582397,6.695895487442613,,,
amgtp_fixed_beta0,114,0.5107452603988349,0.003321290947496891,0.028410203754901886,0.08467593044042587,0.8319270610809326,0.05166509374976158,7.028516191989183,,,
amgtp_fixed_beta0,115,0.1836093026213348,0.0024070260114967823,0.013298586942255497,0.0322854146361351,0.9237325191497803,0.028277646750211716,7.116591080091894,,,
amgtp_fixed_beta0,116,0.05189118185080588,0.0021421790588647127,0.008365267887711525,0.017353540286421776,0.949677586555481,0.022461572661995888,7.151161755435169,,,
amgtp_fixed_beta0,117,0.015414242632687092,0.002148536266759038,0.006345849484205246,0.011799684725701809,0.9573780298233032,0.022327404469251633,7.184886950999498,,,
amgtp_fixed_beta0,118,0.01457729481626302,0.001413812511600554,0.004413133952766657,0.007179412059485912,0.9624543190002441,0.024540698155760765,7.191530128009617,,,
amgtp_fixed_beta0,119,0.10791207465808839,0.004812533967196941,0.011372065171599388,0.015612244606018066,0.9084970951080322,0.059705063700675964,7.542311394587159,,,
amgtp_fixed_beta_hi,4,,0.20000606775283813,0.20000606775283813,0.20000606775283813,0.20000606775283813,0.20000606775283813,17.00051575899124,,,
amgtp_fixed_beta_hi,5,0.21744634211063385,0.23624178767204285,0.14236292243003845,0.1489100307226181,0.23624178767204285,0.23624178767204285,19.724677816033363,,,
amgtp_fixed_beta_hi,6,0.04472307860851288,0.24369576573371887,0.12438169121742249,0.14453011751174927,0.24369576573371887,0.24369576573371887,20.2973290681839,,,
amgtp_fixed_beta_hi,7,0.028218813240528107,0.24839895963668823,0.1151701882481575,0.13963238894939423,0.24839895963668823,0.24839895963668823,20.654383085668087,,,
amgtp_fixed_beta_hi,8,0.01976105570793152,0.25169262290000916,0.1103907898068428,0.13453172147274017,0.25169262290000916,0.25169262290000916,20.901088409125805,,,
amgtp_fixed_beta_hi,9,0.09016036987304688,0.2742326259613037,0.10585445910692215,0.12812814116477966,0.21755217015743256,0.2742326259613037,22.306318394839764,,,
amgtp_fixed_beta_hi,10,0.08027653396129608,0.29430195689201355,0.09840128570795059,0.11475168168544769,0.19824393093585968,0.29430195689201355,23.608708657324314,,,
amgtp_fixed_beta_hi,11,0.0472816526889801,0.3061222732067108,0.09241235256195068,0.10921665281057358,0.18612687289714813,0.3061222732067108,24.37599863857031,,,
amgtp_fixed_beta_hi,12,0.039851702749729156,0.31512778997421265,0.08752074092626572,0.11113101989030838,0.1710921823978424,0.31512778997421265,24.938015535473824,,,
amgtp_fixed_beta_hi,13,0.0394105538725853,0.3249804973602295,0.08328333497047424,0.10537227243185043,0.16138319671154022,0.3249804973602295,25.57763933390379,,,
amgtp_fixed_beta_hi,14,0.030615895986557007,0.3326343297958374,0.07881651073694229,0.09569655358791351,0.1602175086736679,0.3326343297958374,26.102369137108326,,,
amgtp_fixed_beta_hi,15,0.014290884137153625,0.33584359288215637,0.07457967102527618,0.09278830140829086,0.16094477474689484,0.33584359288215637,26.331983871757984,,,
amgtp_fixed_beta_hi,16,0.04654688388109207,0.3402238190174103,0.07156506180763245,0.09818276762962341,0.17444369196891785,0.3155849277973175,26.41883733868599,,,
amgtp_fixed_beta_hi,17,0.0741722583770752,0.3773098886013031,0.0670543909072876,0.09057115018367767,0.15101294219493866,0.3140517771244049,28.431176632642746,,,
amgtp_fixed_beta_hi,18,0.1296071633696556,0.437386691570282,0.07178094238042831,0.08539611101150513,0.12337836623191833,0.28205758333206177,31.383625499904156,,,
amgtp_fixed_beta_hi,19,0.44454731047153473,0.28591278195381165,0.21423107385635376,0.16521967947483063,0.11665091663599014,0.2179853320121765,21.733008094131947,,,
amgtp_fixed_beta_hi,20,0.3181888833642006,0.21658246219158173,0.37332555651664734,0.13114269077777863,0.09693452715873718,0.18201462924480438,16.98844785988331,,,
amgtp_fixed_beta_hi,21,0.0966927632689476,0.1948370337486267,0.3960420787334442,0.15677237510681152,0.08759965747594833,0.16474837064743042,15.476256020367146,,,
amgtp_fixed_beta_hi,22,0.3392883315682411,0.17704126238822937,0.26693832874298096,0.3264172077178955,0.07979658246040344,0.14980746805667877,14.524546325206757,,,
amgtp_fixed_beta_hi,23,0.2676507458090782,0.1610507369041443,0.16989897191524506,0.46024227142333984,0.07252383977174759,0.13628441095352173,13.62931863218546,,,
amgtp_fixed_beta_hi,24,0.11380298435688019,0.14654739201068878,0.14629605412483215,0.5171442031860352,0.06600052118301392,0.12401293963193893,12.688756987452507,,,
amgtp_fixed_beta_hi,25,0.08835606276988983,0.13335971534252167,0.1322420984506607,0.5613230466842651,0.060215458273887634,0.11286241561174393,11.819376185536385,,,
amgtp_fixed_beta_hi,26,0.07839244604110718,0.12135810405015945,0.12039174139499664,0.6005182266235352,0.055002450942993164,0.10273012518882751,11.026671573519707,,,
amgtp_fixed_beta_hi,27,0.06992871686816216,0.11044201999902725,0.11010530591011047,0.6354826092720032,0.050395313650369644,0.09357544779777527,10.305897798389196,,,
amgtp_fixed_beta_hi,28,0.06104094162583351,0.10052138566970825,0.10149355977773666,0.6660023927688599,0.04647566378116608,0.08550631999969482,9.653202004730701,,,
amgtp_fixed_beta_hi,29,0.04939166083931923,0.09154235571622849,0.09512200951576233,0.6906992197036743,0.043496597558259964,0.07914113253355026,9.072213049978018,,,
amgtp_fixed_beta_hi,30,0.04576290026307106,0.08331473916769028,0.08992644399404526,0.7135800719261169,0.040047407150268555,0.07313145697116852,8.533723257482052,,,
amgtp_fixed_beta_hi,31,0.06469658389687538,0.07629267126321793,0.10788039863109589,0.6882538795471191,0.04405158385634422,0.08352164924144745,8.227866489440203,,,
amgtp_fixed_beta_hi,32,0.22585829347372055,0.07177319377660751,0.18779964745044708,0.5798439383506775,0.052540477365255356,0.10804238170385361,8.114099774509668,,,
amgtp_fixed_beta_hi,33,0.14297490939497948,0.06979191303253174,0.2592869699001312,0.5391312837600708,0.04691363126039505,0.08487557619810104,7.580849088728428,,,
amgtp_fixed_beta_hi,34,0.07391088083386421,0.06927932798862457,0.23883658647537231,0.5760866403579712,0.04623878374695778,0.06955786794424057,7.421337824314833,,,
amgtp_fixed_beta_hi,35,0.19669867679476738,0.07608526945114136,0.2135738730430603,0.503000020980835,0.1316394805908203,0.07570057362318039,8.268974497914314,,,
amgtp_fixed_beta_hi,36,0.28508464246988297,0.11654417216777802,0.1870921403169632,0.3869399428367615,0.1514403522014618,0.15798363089561462,11.612415596842766,,,
amgtp_fixed_beta_hi,37,0.4002961590886116,0.09380203485488892,0.14706172049045563,0.3362770080566406,0.06472764164209366,0.3581315875053406,12.250950552523136,,,
amgtp_fixed_beta_hi,38,0.18860016018152237,0.06796444952487946,0.1217498704791069,0.30436134338378906,0.05349234491586685,0.4524313509464264,11.821186199784279,,,
amgtp_fixed_beta_hi,39,0.11041500046849251,0.05840153619647026,0.10885680466890335,0.27679625153541565,0.048306532204151154,0.507639467716217,11.888436004519463,,,
amgtp_fixed_beta_hi,40,0.08869455382227898,0.0529923141002655,0.09922227263450623,0.25187253952026367,0.04392726719379425,0.5519872903823853,12.06969167292118,,,
amgtp_fixed_beta_hi,41,0.07600534334778786,0.04926363751292229,0.09151431173086166,0.2292322963476181,0.04000111669301987,0.5899896025657654,12.274891704320908,,,
amgtp_fixed_beta_hi,42,0.063572708517313,0.04701223224401474,0.08604654669761658,0.20867885649204254,0.03648656606674194,0.6217751502990723,12.493075117468834,,,
amgtp_fixed_beta_hi,43,0.046083297580480576,0.047558609396219254,0.08458279818296432,0.19012033939361572,0.03346753865480423,0.6442707777023315,12.762524038553238,,,
amgtp_fixed_beta_hi,44,0.03734133020043373,0.05282623693346977,0.09229428321123123,0.17363551259040833,0.031281616538763046,0.6499622464179993,13.101217802613974,,,
amgtp_fixed_beta_hi,45,0.07016869075596333,0.0639258399605751,0.11627887189388275,0.159733384847641,0.03104586713016033,0.6290156245231628,13.454569237306714,,,
amgtp_fixed_beta_hi,46,0.08797026611864567,0.07192238420248032,0.14876070618629456,0.14895112812519073,0.03455284982919693,0.595812976360321,13.494208760559559,,,
amgtp_fixed_beta_hi,47,0.1809925176203251,0.1547803431749344,0.15622812509536743,0.13701695203781128,0.03472379222512245,0.5172509551048279,17.338679488748312,,,
amgtp_fixed_beta_hi,48,0.43007645197212696,0.36981892585754395,0.11504349112510681,0.12530963122844696,0.030982108786702156,0.3588467240333557,27.92083683423698,,,
amgtp_fixed_beta_hi,49,0.13730625249445438,0.43847209215164185,0.09891442954540253,0.11344513297080994,0.02640225738286972,0.322767049074173,31.451129846274853,,,
amgtp_fixed_beta_hi,50,0.08799002692103386,0.48246634006500244,0.09593412280082703,0.10394279658794403,0.02414233610033989,0.29351383447647095,33.63393295183778,,,
amgtp_fixed_beta_hi,51,0.07068531587719917,0.5092838406562805,0.10445957630872726,0.09633336216211319,0.022845350205898285,0.26707789301872253,34.8494980558753,,,
amgtp_fixed_beta_hi,52,0.07791874557733536,0.4986208379268646,0.14320558309555054,0.09204310923814774,0.02305857092142105,0.24307163059711456,33.90099801123142,,,
amgtp_fixed_beta_hi,53,0.20749034732580185,0.4166804552078247,0.24392907321453094,0.09273278713226318,0.025391168892383575,0.221267431974411,28.798436976969242,,,
amgtp_fixed_beta_hi,54,0.20930324867367744,0.3318426012992859,0.33988407254219055,0.0973743200302124,0.029445629566907883,0.20145303010940552,23.569024939090014,,,
amgtp_fixed_beta_hi,55,0.10154539719223976,0.29896077513694763,0.3477647304534912,0.12439388781785965,0.04531846195459366,0.1835625171661377,21.54569737613201,,,
amgtp_fixed_beta_hi,56,0.2874976024031639,0.26946747303009033,0.24962085485458374,0.2123195379972458,0.10114123672246933,0.16745051741600037,20.10692375153303,,,
amgtp_fixed_beta_hi,57,0.2682410106062889,0.22899946570396423,0.1708754003047943,0.24638250470161438,0.2011989951133728,0.15254369378089905,18.193995535373688,,,
amgtp_fixed_beta_hi,58,0.25336578488349915,0.2014504373073578,0.14491257071495056,0.18696337938308716,0.32788199186325073,0.13879188895225525,17.031089335680008,,,
amgtp_fixed_beta_hi,59,0.18573106825351715,0.18156030774116516,0.13016152381896973,0.1412283182144165,0.4207475483417511,0.12630261480808258,16.160934388637543,,,
amgtp_fixed_beta_hi,60,0.11895180493593216,0.16500288248062134,0.11821974813938141,0.12147337943315506,0.4802233874797821,0.11508078873157501,15.355507589876652,,,
amgtp_fixed_beta_hi,61,0.09108316898345947,0.1504039317369461,0.10764089971780777,0.11108609288930893,0.5257649421691895,0.10510426014661789,14.616949319839478,,,
amgtp_fixed_beta_hi,62,0.07415912300348282,0.13750965893268585,0.09819014370441437,0.10492506623268127,0.5628441572189331,0.09653040766716003,13.954879686236382,,,
amgtp_fixed_beta_hi,63,0.05565518140792847,0.1265442967414856,0.0898761972784996,0.10283006727695465,0.5906723141670227,0.09007769078016281,13.386818073689938,,,
amgtp_fixed_beta_hi,64,0.04975609481334686,0.11675958335399628,0.08234334737062454,0.10157191753387451,0.6155499815940857,0.08377497643232346,12.874333642423153,,,
amgtp_fixed_beta_hi,65,0.20718864351511002,0.12629669904708862,0.08055873960256577,0.1773374080657959,0.5137400031089783,0.10206642746925354,13.215482912957668,,,
amgtp_fixed_beta_hi,66,0.4128156304359436,0.12669974565505981,0.07607897371053696,0.3833422064781189,0.3241405785083771,0.08973783254623413,12.3534040376544,,,
amgtp_fixed_beta_hi,67,0.1817241832613945,0.10214035958051682,0.06626537442207336,0.4742047190666199,0.2877424359321594,0.06964728981256485,10.606560215353966,,,
amgtp_fixed_beta_hi,68,0.10639762878417969,0.08956383168697357,0.0595259964466095,0.5274043679237366,0.26161909103393555,0.06188856065273285,9.713342487812042,,,
amgtp_fixed_beta_hi,69,0.08859174326062202,0.0804881677031517,0.05380673334002495,0.5716972947120667,0.23804104328155518,0.05596271902322769,9.047954048961401,,,
amgtp_fixed_beta_hi,70,0.07248939573764801,0.07465837150812149,0.049691323190927505,0.6079424023628235,0.21662253141403198,0.051082149147987366,8.584528628736734,,,
amgtp_fixed_beta_hi,71,0.06116078048944473,0.07079906016588211,0.04673175513744354,0.638525128364563,0.1971455067396164,0.046799998730421066,8.245469279587269,,,
amgtp_fixed_beta_hi,72,0.04686238616704941,0.06986606866121292,0.045488737523555756,0.6619557738304138,0.17944464087486267,0.04324513301253319,8.084864526987076,,,
amgtp_fixed_beta_hi,73,0.03683431074023247,0.07409604638814926,0.04727897047996521,0.6743530631065369,0.16344021260738373,0.040832750499248505,8.231840938329697,,,
amgtp_fixed_beta_hi,74,0.04242478683590889,0.08845885097980499,0.05412782356142998,0.6676114201545715,0.1492612510919571,0.04054022580385208,8.976885061711073,,,
amgtp_fixed_beta_hi,75,0.10330961272120476,0.12404309958219528,0.06677709519863129,0.6276390552520752,0.137579083442688,0.0439617857336998,10.970798820257187,,,
amgtp_fixed_beta_hi,76,0.16602269187569618,0.18378758430480957,0.0813629999756813,0.551654040813446,0.13055284321308136,0.052642833441495895,14.414449751377106,,,
amgtp_fixed_beta_hi,77,0.12072163075208664,0.23166672885417938,0.08507218211889267,0.4922875165939331,0.12955856323242188,0.061415333300828934,17.228663071990013,,,
amgtp_fixed_beta_hi,78,0.07474086806178093,0.2469153106212616,0.08190853148698807,0.45808079838752747,0.14302247762680054,0.07007333636283875,18.253253616392612,,,
amgtp_fixed_beta_hi,79,0.10742079466581345,0.23452907800674438,0.07486700266599655,0.42379793524742126,0.19050268828868866,0.07630329579114914,17.819770447909832,,,
amgtp_fixed_beta_hi,80,0.22681225091218948,0.1875961571931839,0.06307261437177658,0.37269166111946106,0.3039085268974304,0.07273046672344208,15.582503251731396,,,
amgtp_fixed_beta_hi,81,0.24183978140354156,0.1413843184709549,0.05185762047767639,0.3223803639411926,0.42482876777648926,0.059549055993556976,13.30954597890377,,,
amgtp_fixed_beta_hi,82,0.1412254422903061,0.12025580555200577,0.04534878581762314,0.2877008318901062,0.49544161558151245,0.051253341138362885,12.309437699615955,,,
amgtp_fixed_beta_hi,83,0.09479896351695061,0.10787743330001831,0.04108329862356186,0.26092034578323364,0.5428410768508911,0.047278184443712234,11.75827245414257,,,
amgtp_fixed_beta_hi,84,0.07092218473553658,0.09871058166027069,0.03803941234946251,0.2385348528623581,0.5783018469810486,0.04641300067305565,11.374173808842897,,,
amgtp_fixed_beta_hi,85,0.05557450279593468,0.09163134545087814,0.03610249236226082,0.21976377069950104,0.6030704975128174,0.04943161457777023,11.106810618191957,,,
amgtp_fixed_beta_hi,86,0.04024212062358856,0.08678752928972244,0.035645440220832825,0.2049436867237091,0.6135752201080322,0.059048060327768326,10.979427643120289,,,
amgtp_fixed_beta_hi,87,0.056468844413757324,0.08553079515695572,0.03792135789990425,0.1957693099975586,0.5957719683647156,0.08500662446022034,11.117573518306017,,,
amgtp_fixed_beta_hi,88,0.23039484024047852,0.11672528088092804,0.04609489068388939,0.19335810840129852,0.48298555612564087,0.16083583235740662,13.262286614626646,,,
amgtp_fixed_beta_hi,89,0.5040713660418987,0.34095802903175354,0.07389841228723526,0.17759059369564056,0.3328132629394531,0.07474054396152496,24.44021239131689,,,
amgtp_fixed_beta_hi,90,0.16205985844135284,0.3377457559108734,0.1549277901649475,0.15511327981948853,0.29764264822006226,0.054570265114307404,23.732495233416557,,,
amgtp_fixed_beta_hi,91,0.4336725138127804,0.1709311306476593,0.3717634975910187,0.13804487884044647,0.27055832743644714,0.04870080575346947,13.617485545575619,,,
amgtp_fixed_beta_hi,92,0.16044097766280174,0.13376042246818542,0.4519825577735901,0.12388443201780319,0.24617008864879608,0.044198282063007355,11.1912277713418,,,
amgtp_fixed_beta_hi,93,0.1040474995970726,0.1193184107542038,0.5040059685707092,0.11245335638523102,0.22401031851768494,0.04020705074071884,10.131441622972488,,,
amgtp_fixed_beta_hi,94,0.08976137265563011,0.10821150988340378,0.5488908290863037,0.10245400667190552,0.20385785400867462,0.036589253693819046,9.288197971880436,,,
amgtp_fixed_beta_hi,95,0.08008437603712082,0.09854819625616074,0.5889320969581604,0.09369923174381256,0.1855156272649765,0.033306460827589035,8.547821410000324,,,
amgtp_fixed_beta_hi,96,0.07199824042618275,0.08988027274608612,0.6249308586120605,0.08602498471736908,0.1688338667154312,0.03033091314136982,7.882292028516531,,,
amgtp_fixed_beta_hi,97,0.06361941993236542,0.08220051974058151,0.6567403674125671,0.07971091568470001,0.1536863148212433,0.027662375941872597,7.290981765836477,,,
amgtp_fixed_beta_hi,98,0.05443939007818699,0.07552032917737961,0.6839597821235657,0.07519343495368958,0.1399981528520584,0.02532823383808136,6.775342181324959,,,
amgtp_fixed_beta_hi,99,0.03775888681411743,0.07040072977542877,0.7026429176330566,0.07538998126983643,0.1279679238796234,0.02359885722398758,6.379016116261482,,,
amgtp_fixed_beta_hi,100,0.03620053641498089,0.06824293732643127,0.6960995197296143,0.09349001944065094,0.11873028427362442,0.02343718893826008,6.230378452688456,,,
amgtp_fixed_beta_hi,101,0.389265026897192,0.07039310038089752,0.504889726638794,0.2825087904930115,0.11530707776546478,0.026900282129645348,6.759755615144968,,,
amgtp_fixed_beta_hi,102,0.24845710583031178,0.08568400144577026,0.3919020891189575,0.3914467394351959,0.1065356582403183,0.024431083351373672,7.795067168772221,,,
amgtp_fixed_beta_hi,103,0.5621385220438242,0.3648122251033783,0.3466368317604065,0.15955549478530884,0.10262320190668106,0.026372423395514488,23.801613163203,,,
amgtp_fixed_beta_hi,104,0.19260160066187382,0.46111321449279785,0.31378740072250366,0.11982335150241852,0.08604113757610321,0.01923545077443123,29.21163459867239,,,
amgtp_fixed_beta_hi,105,0.10091358423233032,0.5115686058998108,0.2854725420475006,0.10860314220190048,0.0774640291929245,0.016889434307813644,32.08409860730171,,,
amgtp_fixed_beta_hi,106,0.08841758128255606,0.555776059627533,0.2597716152667999,0.09880241006612778,0.07036933302879333,0.015275661833584309,34.609187019988894,,,
amgtp_fixed_beta_hi,107,0.07994784414768219,0.5957502722740173,0.2363923341035843,0.08990740776062012,0.06403707712888718,0.01390856970101595,36.89411040954292,,,
amgtp_fixed_beta_hi,108,0.07256550900638103,0.6320357918739319,0.21512159705162048,0.08181750029325485,0.05832041800022125,0.01270588394254446,38.96884691156447,,,
amgtp_fixed_beta_hi,109,0.06578462477773428,0.6649278402328491,0.19576671719551086,0.07445584982633591,0.053178802132606506,0.011671453714370728,40.8504566475749,,,
amgtp_fixed_beta_hi,110,0.05958110000938177,0.6947178840637207,0.1781567633152008,0.06776280701160431,0.04856571555137634,0.010796480812132359,42.55562896840274,,,
amgtp_fixed_beta_hi,111,0.05351828411221504,0.7214763164520264,0.16214632987976074,0.061683058738708496,0.04453081265091896,0.01016171369701624,44.08975417353213,,,
amgtp_fixed_beta_hi,112,0.04713238589465618,0.7450433969497681,0.14761801064014435,0.056183330714702606,0.041219692677259445,0.009935575537383556,45.44640772603452,,,
amgtp_fixed_beta_hi,113,0.04004350025206804,0.7643592357635498,0.13453224301338196,0.051299482583999634,0.03916732966899872,0.010641258209943771,46.57313375920057,,,
amgtp_fixed_beta_hi,114,0.03134729992598295,0.7774489521980286,0.12298267334699631,0.04717596620321274,0.03932718560099602,0.013065899722278118,47.369660599157214,,,
amgtp_fixed_beta_hi,115,0.026477818377315998,0.7765295505523682,0.11346247047185898,0.044376906007528305,0.04544811323285103,0.020184125751256943,47.43908077478409,,,
amgtp_fixed_beta_hi,116,0.12829949706792831,0.7177820801734924,0.10805956274271011,0.04517625272274017,0.08030253648757935,0.048679474741220474,44.55414353311062,,,
amgtp_fixed_beta_hi,117,0.3916703723371029,0.525978147983551,0.10402803868055344,0.04784996062517166,0.19718603789806366,0.12495718151330948,34.93596960604191,,,
amgtp_fixed_beta_hi,118,0.11947459727525711,0.4770718216896057,0.09647078812122345,0.04457627236843109,0.20942999422550201,0.17245055735111237,32.73482666909695,,,
amgtp_fixed_beta_hi,119,0.1378302425146103,0.5064553618431091,0.11585681885480881,0.06472166627645493,0.174608051776886,0.1383572220802307,33.85660099983215,,,
amgtp_hidden8,4,,0.20000606775283813,0.20000606775283813,0.20000606775283813,0.20000606775283813,0.20000606775283813,17.00051575899124,,,
amgtp_hidden8,5,0.4775511100888252,0.2795928716659546,0.07795501500368118,0.08326642215251923,0.2795928716659546,0.2795928716659546,22.97477688640356,,,
amgtp_hidden8,6,0.07780522480607033,0.29256051778793335,0.05149475112557411,0.07082439959049225,0.29256051778793335,0.29256051778793335,23.961369890719652,,,
amgtp_hidden8,7,0.01724546030163765,0.29543375968933105,0.042872004210948944,0.07082738727331161,0.29543375968933105,0.29543375968933105,24.1854887008667,,,
amgtp_hidden8,8,0.015416167676448822,0.29413682222366333,0.0390540286898613,0.07853473722934723,0.29413682222366333,0.29413679242134094,24.09974042326212,,,
amgtp_hidden8,9,0.1628073900938034,0.33451300859451294,0.03753212094306946,0.07918589562177658,0.21425490081310272,0.33451300859451294,26.528836749494076,,,
amgtp_hidden8,10,0.12947546318173409,0.36688223481178284,0.036992207169532776,0.05957109108567238,0.16967260837554932,0.36688223481178284,28.552699115127325,,,
amgtp_hidden8,11,0.054413825273513794,0.3799741268157959,0.0380156971514225,0.05401095002889633,0.14802619814872742,0.3799741268157959,29.3543173186481,,,
amgtp_hidden8,12,0.03916676715016365,0.38525012135505676,0.03844894468784332,0.06260928511619568,0.12844297289848328,0.3852500915527344,29.6338861733675,,,
amgtp_hidden8,13,0.035805318504571915,0.3931810259819031,0.03707421198487282,0.06465008109807968,0.11191502213478088,0.3931810259819031,30.109825532883406,,,
amgtp_hidden8,14,0.054245300590991974,0.40674176812171936,0.03351621329784393,0.05293816700577736,0.10006117820739746,0.40674182772636414,30.991650637239218,,,
amgtp_hidden8,15,0.01623145118355751,0.41080012917518616,0.032112736254930496,0.0490565188229084,0.09723151475191116,0.41080012917518616,31.25911245495081,,,
amgtp_hidden8,16,0.07560906931757927,0.41520723700523376,0.034479618072509766,0.05890413001179695,0.11841372400522232,0.37299486994743347,31.17445047572255,,,
amgtp_hidden8,17,0.05481124669313431,0.44165125489234924,0.03413422778248787,0.059865742921829224,0.11519932001829147,0.34914904832839966,32.407288666814566,,,
amgtp_hidden8,18,0.1882258541882038,0.4796847403049469,0.06448608636856079,0.08559347689151764,0.0892745852470398,0.2809610068798065,33.6607271283865,,,
amgtp_hidden8,19,0.898976992815733,0.20658519864082336,0.37952348589897156,0.220044806599617,0.05343474820256233,0.1404121220111847,15.774582769721746,,,
amgtp_hidden8,20,0.7239843122661114,0.04614095017313957,0.7415151596069336,0.16357719898223877,0.014115974307060242,0.03465011343359947,4.5846171751618385,,,
amgtp_hidden8,21,0.7015160862356424,0.043381642550230026,0.393516480922699,0.5139698386192322,0.014201229438185692,0.03493031859397888,5.126757616177201,,,
amgtp_hidden8,22,0.5816805167123675,0.04094613716006279,0.1079554557800293,0.8048105239868164,0.012815258465707302,0.03347298875451088,5.537483909167349,,,
amgtp_hidden8,23,0.13331850990653038,0.03125845640897751,0.061897002160549164,0.8714697360992432,0.009782127104699612,0.025592956691980362,4.9785898784175515,,,
amgtp_hidden8,24,0.0650023752823472,0.023963915184140205,0.04478662461042404,0.9039707779884338,0.007650384679436684,0.019628284499049187,4.522882545366883,,,
amgtp_hidden8,25,0.017784705851227045,0.0218471959233284,0.04014120250940323,0.9128636121749878,0.007246493827551603,0.017902445048093796,4.390923481900245,,,
amgtp_hidden8,26,0.004297906998544931,0.02242855913937092,0.04089765250682831,0.9107134342193604,0.007574684917926788,0.018384169787168503,4.429152674973011,,,
amgtp_hidden8,27,0.0028560571372509003,0.02275819331407547,0.04140984266996384,0.9092863202095032,0.007878681644797325,0.01866729184985161,4.451253259554505,,,
amgtp_hidden8,28,0.0064426930621266365,0.021871328353881836,0.039804648607969284,0.9125075936317444,0.007846432738006115,0.01797018013894558,4.3961146818473935,,,
amgtp_hidden8,29,0.014895957428961992,0.019900236278772354,0.036269914358854294,0.9199561476707458,0.007459581363946199,0.01641545444726944,4.272185965906829,,,
amgtp_hidden8,30,0.0652265758253634,0.02842734567821026,0.05155133083462715,0.8873450756072998,0.009344476275146008,0.023337537422776222,4.811364156194031,,,
amgtp_hidden8,31,0.031121988780796528,0.03236403316259384,0.05868048593401909,0.871780514717102,0.010597562417387962,0.02657603658735752,5.062111468985677,,,
amgtp_hidden8,32,0.006888355128467083,0.03324190154671669,0.0602673701941967,0.868342936038971,0.010859892703592777,0.027299730107188225,5.1180257415398955,,,
amgtp_hidden8,33,0.0004914235323667526,0.03329852223396301,0.06037330627441406,0.8680968284606934,0.010883665643632412,0.02735871635377407,5.121782814152539,,,
amgtp_hidden8,34,0.0035951444879174232,0.03281062841415405,0.05950857698917389,0.8698880076408386,0.010774334892630577,0.02701670490205288,5.091464517638087,,,
amgtp_hidden8,35,0.00219164602458477,0.03251732513308525,0.05899255722761154,0.8709886074066162,0.010700376704335213,0.02680893987417221,5.073225682601333,,,
amgtp_hidden8,36,0.004724753089249134,0.03179478272795677,0.05774197354912758,0.8733468651771545,0.010649270378053188,0.026466676965355873,5.030547902919352,,,
amgtp_hidden8,37,0.0026495838537812233,0.031314510852098465,0.056927572935819626,0.8745480179786682,0.010772893205285072,0.026436541229486465,5.004964107647538,,,
amgtp_hidden8,38,0.006246129982173443,0.030168352648615837,0.05495094135403633,0.8769440054893494,0.011325285769999027,0.02661150135099888,4.947722136043012,,,
amgtp_hidden8,39,0.013797016814351082,0.027660759165883064,0.05055999383330345,0.8802430033683777,0.013586041517555714,0.0279502235352993,4.837339974008501,,,
amgtp_hidden8,40,0.03297607693821192,0.02393144555389881,0.04352384805679321,0.8745208382606506,0.023097345605492592,0.0349273718893528,4.753637721762061,,,
amgtp_hidden8,41,0.16424987092614174,0.021843306720256805,0.037051692605018616,0.8009552955627441,0.07828019559383392,0.06186855584383011,5.164637133479118,,,
amgtp_hidden8,42,1.0669313250109553,0.014695671387016773,0.021609872579574585,0.2900795340538025,0.5990944504737854,0.07452040910720825,7.010535638779402,,,
amgtp_hidden8,43,0.6687452460173517,0.00355066847987473,0.004929952789098024,0.04335002601146698,0.9334670305252075,0.014702173881232738,7.088119787629694,,,
amgtp_hidden8,44,0.07029233244247735,0.001683373935520649,0.0023850086145102978,0.021892504766583443,0.9686142802238464,0.005426851101219654,7.0253408360295,,,
amgtp_hidden8,45,0.0019083598162978888,0.001676630461588502,0.0023477040231227875,0.022147763520479202,0.9693124890327454,0.004516006913036108,7.0178003422915936,,,
amgtp_hidden8,46,0.023038079496473074,0.0026077411603182554,0.00350305438041687,0.029901685193181038,0.9577926993370056,0.006193913985043764,7.040936270728707,,,
amgtp_hidden8,47,0.07962598302401602,0.00496394420042634,0.0070313699543476105,0.0561019629240036,0.9179801344871521,0.013922535814344883,7.093950353562832,,,
amgtp_hidden8,48,0.32805635826662183,0.024150986224412918,0.022322773933410645,0.14470133185386658,0.7539520859718323,0.0548730306327343,7.951372973620892,,,
amgtp_hidden8,49,0.22350728139281273,0.09473098069429398,0.05161561444401741,0.14796069264411926,0.6421982049942017,0.0634942352771759,11.563663262873888,,,
amgtp_hidden8,50,0.5196904800832272,0.27173912525177,0.13445280492305756,0.13706035912036896,0.4208003878593445,0.03594724088907242,20.29884548485279,,,
amgtp_hidden8,51,0.4821075089275837,0.3106706440448761,0.306112140417099,0.16752322018146515,0.1986791342496872,0.017014700919389725,21.077880196273327,,,
amgtp_hidden8,52,0.3218928026035428,0.21584418416023254,0.2864075005054474,0.328469455242157,0.1578598916530609,0.011418475769460201,15.48734481818974,,,
amgtp_hidden8,53,0.4323300523683429,0.14206156134605408,0.14402519166469574,0.45172119140625,0.2474047988653183,0.01478695310652256,11.961733382195234,,,
amgtp_hidden8,54,0.14962377585470676,0.13838982582092285,0.13633210957050323,0.3882756233215332,0.31861621141433716,0.018388930708169937,12.092307038605213,,,
amgtp_hidden8,55,0.031050099059939384,0.13959382474422455,0.13795916736125946,0.3727479577064514,0.3306621313095093,0.019034387543797493,12.212948869913816,,,
amgtp_hidden8,56,0.016357924789190292,0.13748164474964142,0.1359201818704605,0.3809305727481842,0.32683950662612915,0.018832867965102196,12.079147282987833,,,
amgtp_hidden8,57,0.04695018380880356,0.13243727385997772,0.13074488937854767,0.4044044613838196,0.3142286539077759,0.018187088891863823,11.744414526969194,,,
amgtp_hidden8,58,0.09231902286410332,0.12265864759683609,0.12063489109277725,0.4505625069141388,0.2891696095466614,0.01697378046810627,11.093661461025476,,,
amgtp_hidden8,59,0.10472970455884933,0.11162413656711578,0.1090928316116333,0.5029272437095642,0.26049110293388367,0.015863889828324318,10.360854934900999,,,
amgtp_hidden8,60,0.017504869028925896,0.10997239500284195,0.10707376152276993,0.5112119913101196,0.2554101347923279,0.0163322314620018,10.255575619637966,,,
amgtp_hidden8,61,0.016034405678510666,0.11170844733715057,0.10850615799427032,0.5031942129135132,0.25906839966773987,0.017522145062685013,10.379384465515614,,,
amgtp_hidden8,62,0.006568374112248421,0.11233233660459518,0.10874030739068985,0.4999105632305145,0.26001638174057007,0.01900084875524044,10.434538748115301,,,
amgtp_hidden8,63,0.013939909636974335,0.1111813336610794,0.10681643337011337,0.5042468905448914,0.25612103939056396,0.021634211763739586,10.386163365095854,,,
amgtp_hidden8,64,0.029694749042391777,0.11421123147010803,0.11018171161413193,0.4901030957698822,0.26457327604293823,0.020930670201778412,10.578207202255726,,,
amgtp_hidden8,65,0.01520536094903946,0.11605566740036011,0.1108715608716011,0.4825006425380707,0.267253041267395,0.023319527506828308,10.718958206474781,,,
amgtp_hidden8,66,0.008340880274772644,0.11752640455961227,0.11033809185028076,0.47897204756736755,0.26714444160461426,0.026019006967544556,10.833115696907043,,,
amgtp_hidden8,67,0.016321562230587006,0.12091090530157089,0.10844342410564423,0.47564956545829773,0.26420101523399353,0.030795492231845856,11.070590436458588,,,
amgtp_hidden8,68,0.026540879160165787,0.12873534858226776,0.10549980401992798,0.47262492775917053,0.256898432970047,0.036241088062524796,11.553159765899181,,,
amgtp_hidden8,69,0.8695382513105869,0.3789535462856293,0.061707936227321625,0.20449617505073547,0.1340501308441162,0.22079221904277802,27.44185122102499,,,
amgtp_hidden8,70,0.7042916743084788,0.445762574672699,0.01569732464849949,0.018542421981692314,0.013868299312889576,0.5061286687850952,33.999958529137075,,,
amgtp_hidden8,71,0.37079875636845827,0.2891603112220764,0.006107937078922987,0.008097353391349316,0.005105973687022924,0.6915283799171448,27.097157805226743,,,
amgtp_hidden8,72,0.1707072618883103,0.21012933552265167,0.0036502431612461805,0.005832765717059374,0.0035054031759500504,0.7768818140029907,23.529791889945045,,,
amgtp_hidden8,73,0.08820060477592051,0.254229336977005,0.0034951153211295605,0.005226695444434881,0.003126939758658409,0.7339208722114563,25.56971620954573,,,
amgtp_hidden8,74,0.3217243205290288,0.4138449728488922,0.0044122361578047276,0.005409910809248686,0.0032733192201703787,0.5730589032173157,32.897078219102696,,,
amgtp_hidden8,75,0.42896451405249536,0.6253111362457275,0.006044417154043913,0.0062244064174592495,0.003842864651232958,0.35857677459716797,42.590360708069056,,,
amgtp_hidden8,76,0.22109543532133102,0.7298583984375,0.008874320425093174,0.008063463494181633,0.0051744007505476475,0.24802909791469574,47.33319679321721,,,
amgtp_hidden8,77,0.04628566978499293,0.7444413900375366,0.01276401150971651,0.010713527910411358,0.007194657810032368,0.2248864322900772,47.910160654224455,,,
amgtp_hidden8,78,0.03045425098389387,0.7292141318321228,0.01964377611875534,0.012971182353794575,0.009844507090747356,0.22832615673542023,47.07688297703862,,,
amgtp_hidden8,79,0.060582876205444336,0.698922872543335,0.0328771248459816,0.013233664445579052,0.013827946968376637,0.2411385029554367,45.48068514093757,,,
amgtp_hidden8,80,0.20972836203873158,0.5950244069099426,0.06372928619384766,0.012268271297216415,0.02677951753139496,0.30219927430152893,40.220244977623224,,,
amgtp_hidden8,81,0.49593358393758535,0.34835538268089294,0.08606968075037003,0.010970045812427998,0.05868717283010483,0.49591755867004395,28.37395881023258,,,
amgtp_hidden8,82,0.38712765742093325,0.1839829981327057,0.0600828193128109,0.0077654533088207245,0.08339288085699081,0.6647756695747375,21.012968607246876,,,
amgtp_hidden8,83,0.2509735133498907,0.08736125379800797,0.03437383472919464,0.004609765484929085,0.08992519974708557,0.7837304472923279,16.89158101938665,,,
amgtp_hidden8,84,0.1431882679462433,0.039521489292383194,0.020409759134054184,0.0029635000973939896,0.08178038150072098,0.8553237915039062,14.947585368528962,,,
amgtp_hidden8,85,0.0624698088504374,0.020261341705918312,0.014933367259800434,0.002590660471469164,0.07565540820360184,0.886559247970581,14.179803180042654,,,
amgtp_hidden8,86,0.02334043080918491,0.012007339857518673,0.013337664306163788,0.0028837781865149736,0.07383501529693604,0.8979364633560181,13.830384984379634,,,
amgtp_hidden8,87,0.013906666310504079,0.009177998639643192,0.0149843106046319,0.004286605399101973,0.07773900032043457,0.8938125967979431,13.636073402594775,,,
amgtp_hidden8,88,0.03017091192305088,0.008267498575150967,0.018330182880163193,0.003875835333019495,0.08947856724262238,0.880048394203186,13.47303509293124,,,
amgtp_hidden8,89,1.2013554223813117,0.02332148514688015,0.4082854390144348,0.028741469606757164,0.2602810561656952,0.27937033772468567,7.626951077952981,,,
amgtp_hidden8,90,0.7083636783063412,0.017653699964284897,0.7624675035476685,0.012080971151590347,0.04053308069705963,0.16726498305797577,4.4833737425506115,,,
amgtp_hidden8,91,0.30302752181887627,0.027528811246156693,0.6140839457511902,0.008948605507612228,0.06034829840064049,0.289086252450943,6.762304060161114,,,
amgtp_hidden8,92,0.05858050566166639,0.029421843588352203,0.5852558016777039,0.008492306806147099,0.0648384690284729,0.31199911236763,7.197900193743408,,,
amgtp_hidden8,93,0.07361197844147682,0.03195668011903763,0.5484420657157898,0.008719210512936115,0.07066042721271515,0.3402136564254761,7.749614684842527,,,
amgtp_hidden8,94,0.06328350212424994,0.03415802866220474,0.5168018937110901,0.009052809327840805,0.07565685361623764,0.364325612783432,8.223598595708609,,,
amgtp_hidden8,95,0.02880591433495283,0.03516877070069313,0.502398669719696,0.00924630742520094,0.07792631536722183,0.3752546012401581,8.439312458969653,,,
amgtp_hidden8,96,0.01022852212190628,0.03552928939461708,0.4972899556159973,0.009316745214164257,0.07872959971427917,0.379140168428421,8.516067110933363,,,
amgtp_hidden8,97,0.00012418534606695175,0.03554529696702957,0.4972260594367981,0.009345432743430138,0.0787351205945015,0.37915024161338806,8.517229402437806,,,
amgtp_hidden8,98,0.004925771616399288,0.0353933684527874,0.4996809959411621,0.009357736445963383,0.0783400684595108,0.3772386908531189,8.481078463606536,,,
amgtp_hidden8,99,0.011055880226194859,0.0350644588470459,0.5051559805870056,0.009409269317984581,0.07745654135942459,0.37292176485061646,8.400351816788316,,,
amgtp_hidden8,100,0.010943901725113392,0.034773118793964386,0.510516345500946,0.009514267556369305,0.0765899047255516,0.3686012029647827,8.321992450393736,,,
amgtp_hidden8,101,0.0013481266796588898,0.034794311970472336,0.5110752582550049,0.009617726318538189,0.07649838179349899,0.3680281639099121,8.315470122732222,,,
amgtp_hidden8,102,0.008949946612119675,0.03501424565911293,0.5067269206047058,0.009487046860158443,0.07720865309238434,0.371568888425827,8.378467810340226,,,
amgtp_hidden8,103,0.005008063279092312,0.03490470349788666,0.5091491937637329,0.00956794060766697,0.07682221382856369,0.36955997347831726,8.34373035095632,,,
amgtp_hidden8,104,0.011716512963175774,0.034717027097940445,0.5147321224212646,0.00983983650803566,0.07596127688884735,0.36474689841270447,8.265458773821592,,,
amgtp_hidden8,105,0.031910574063658714,0.03449627012014389,0.5295565724372864,0.010971775278449059,0.07380444556474686,0.35117030143737793,8.065263444557786,,,
amgtp_hidden8,106,0.07501172740012407,0.035311125218868256,0.5617616772651672,0.015458243899047375,0.06970430165529251,0.31776514649391174,7.663446084596217,,,
amgtp_hidden8,107,0.0776239512488246,0.04127776250243187,0.5825413465499878,0.027523646131157875,0.06937037408351898,0.27928683161735535,7.537386296316981,,,
amgtp_hidden8,108,0.1221983302384615,0.05855408310890198,0.541424036026001,0.056958913803100586,0.08375806361436844,0.25930508971214294,8.442123465240002,,,
amgtp_hidden8,109,0.5458094552159309,0.11487969756126404,0.3580182194709778,0.1820281445980072,0.17526791989803314,0.16980615258216858,11.401046082377434,,,
amgtp_hidden8,110,0.8713682554662228,0.0871482864022255,0.07835599035024643,0.21625646948814392,0.5767237544059753,0.04151569679379463,10.57430861890316,,,
amgtp_hidden8,111,0.6189691452309489,0.019671021029353142,0.022680489346385002,0.05732900649309158,0.8862085938453674,0.014111620374023914,7.775951612740755,,,
amgtp_hidden8,112,0.14005701383575797,0.006538960617035627,0.010609178803861141,0.01982438750565052,0.9562368392944336,0.006790841929614544,7.251149640418589,,,
amgtp_hidden8,113,0.03645639540627599,0.00365091348066926,0.006344902794808149,0.011282192543148994,0.9744645953178406,0.004256720654666424,7.140092545654625,,,
amgtp_hidden8,114,0.011003355029970407,0.0029222045559436083,0.004470386076718569,0.009372356347739697,0.9799668788909912,0.0032687110360711813,7.113449835218489,,,
amgtp_hidden8,115,0.0019727430772036314,0.002974390983581543,0.0036678409669548273,0.009804805740714073,0.9804686903953552,0.0030849603936076164,7.118015995481983,,,
amgtp_hidden8,116,0.011142266914248466,0.004091106820851564,0.003533633193001151,0.01355233509093523,0.9750317931175232,0.003791877068579197,7.167965878499672,,,
amgtp_hidden8,117,0.02744267671369016,0.006823600735515356,0.004076717887073755,0.021796351298689842,0.9613102078437805,0.005993373692035675,7.291960502509028,,,
amgtp_hidden8,118,0.15788962924852967,0.03999365121126175,0.0049555315636098385,0.062281277030706406,0.8823650479316711,0.010404053144156933,8.913630514871329,,,
amgtp_hidden8,119,1.4629314080812037,0.740084707736969,0.006118281744420528,0.08835501223802567,0.15089961886405945,0.014542490243911743,45.93615797813982,,,
amgtp_hidden16,4,,0.20000606775283813,0.20000606775283813,0.20000606775283813,0.20000606775283813,0.20000606775283813,17.00051575899124,,,
amgtp_hidden16,5,0.48004624247550964,0.28000855445861816,0.0773281529545784,0.08264520019292831,0.28000855445861816,0.28000855445861816,23.005956664681435,,,
amgtp_hidden16,6,0.07726630195975304,0.2928864359855652,0.05092630907893181,0.07041438668966293,0.2928864359855652,0.2928864359855652,23.9859707839787,,,
amgtp_hidden16,7,0.02001361921429634,0.29622212052345276,0.04149241745471954,0.06984171271324158,0.29622212052345276,0.29622212052345276,24.245009317994118,,,
amgtp_hidden16,8,0.01557714119553566,0.29484784603118896,0.03782607987523079,0.0776296928524971,0.29484784603118896,0.29484784603118896,24.15339068695903,,,
amgtp_hidden16,9,0.1644945740699768,0.335513710975647,0.03683844581246376,0.07854557782411575,0.21358852088451385,0.335513710975647,26.595609437674284,,,
amgtp_hidden16,10,0.12766647711396217,0.3674304187297821,0.0366685651242733,0.05935777351260185,0.1691131442785263,0.3674304187297821,28.58838488161564,,,
amgtp_hidden16,11,0.052836474031209946,0.3800399899482727,0.03786724433302879,0.05405658483505249,0.14799568057060242,0.3800399899482727,29.358966019004583,,,
amgtp_hidden16,12,0.03812036290764809,0.38496068120002747,0.03842080384492874,0.06272243708372116,0.12893611192703247,0.38496068120002747,29.616231307387352,,,
amgtp_hidden16,13,0.03535355255007744,0.39281249046325684,0.037108469754457474,0.06469516456127167,0.11257123947143555,0.39281249046325684,30.087316934019327,,,
amgtp_hidden16,14,0.054550714790821075,0.40645018219947815,0.03353073075413704,0.05296202749013901,0.10060678422451019,0.40645018219947815,30.97397778555751,,,
amgtp_hidden16,15,0.016982708126306534,0.410695880651474,0.03205689415335655,0.04904821142554283,0.09750309586524963,0.4106958508491516,31.253217950463295,,,
amgtp_hidden16,16,0.07526171207427979,0.41522976756095886,0.03437994047999382,0.05889883264899254,0.11842618882656097,0.373064786195755,31.176752820611,,,
amgtp_hidden16,17,0.054799698293209076,0.44168204069137573,0.034049633890390396,0.05984700843691826,0.11522071063518524,0.3492013216018677,32.40987657755613,,,
amgtp_hidden16,18,0.18839973211288452,0.47960197925567627,0.06454166769981384,0.0856345146894455,0.08937405049800873,0.2808477282524109,33.65505051612854,,,
amgtp_hidden16,19,0.9539161846041679,0.19478446245193481,0.39890581369400024,0.22822844982147217,0.04966745525598526,0.12841373682022095,14.916123412549496,,,
amgtp_hidden16,20,0.6763391066342592,0.029164304956793785,0.7370755076408386,0.20402060449123383,0.00960591621696949,0.020133865997195244,3.448111156001687,,,
amgtp_hidden16,21,0.9002500213682652,0.03568746894598007,0.28695082664489746,0.6364297866821289,0.012459974735975266,0.02847280167043209,4.823327369987965,,,
amgtp_hidden16,22,0.40277848578989506,0.03625786304473877,0.08633539825677872,0.8362056612968445,0.01168622076511383,0.029515836387872696,5.265449419617653,,,
amgtp_hidden16,23,0.11244399193674326,0.026561982929706573,0.050678521394729614,0.8924272656440735,0.008669213391840458,0.021663213148713112,4.685648771934211,,,
amgtp_hidden16,24,0.04486665688455105,0.021522410213947296,0.038856007158756256,0.9148601293563843,0.007198291830718517,0.01756242848932743,4.3710430497303605,,,
amgtp_hidden16,25,0.003499623853713274,0.022094203159213066,0.03914804384112358,0.9131106734275818,0.0076099480502307415,0.018037110567092896,4.409921437967569,,,
amgtp_hidden16,26,0.01971307536587119,0.024683179333806038,0.04339655488729477,0.9032548666000366,0.00851233396679163,0.020154505968093872,4.5759013360366225,,,
amgtp_hidden16,27,0.007660740986466408,0.025641564279794693,0.0449952594935894,0.8994234204292297,0.008988081477582455,0.020950963720679283,4.637989440001547,,,
amgtp_hidden16,28,0.0003734081983566284,0.025615273043513298,0.044941287487745285,0.8993178009986877,0.009166841395199299,0.020959729328751564,4.637415173463523,,,
amgtp_hidden16,29,0.012601137161254883,0.02391766384243965,0.04200015589594841,0.9056189060211182,0.008828938938677311,0.01963634043931961,4.530628043226898,,,
amgtp_hidden16,30,0.09053103905171156,0.03586028143763542,0.06272618472576141,0.8603489398956299,0.011753974482417107,0.02930373139679432,5.287919951602817,,,
amgtp_hidden16,31,0.010829188860952854,0.03726185858249664,0.06517093628644943,0.8549489974975586,0.012192691676318645,0.030447931960225105,5.377349332906306,,,
amgtp_hidden16,32,0.0010357564315199852,0.037391792982816696,0.06539935618638992,0.854417622089386,0.012231579050421715,0.03055507130920887,5.385551853105426,,,
amgtp_hidden16,33,0.00032554008066654205,0.03734767064452171,0.06532341241836548,0.8545790314674377,0.012220567092299461,0.030522018671035767,5.3827729765325785,,,
amgtp_hidden16,34,0.004195354878902435,0.036782342940568924,0.06434696167707443,0.8566785454750061,0.01208081841468811,0.030107704922556877,5.347396772354841,,,
amgtp_hidden16,35,0.0035322140902280807,0.036303143948316574,0.06352560967206955,0.8584426045417786,0.01195911131799221,0.02976180799305439,5.317421151325107,,,
amgtp_hidden16,36,0.0008489657193422318,0.03615252673625946,0.06327521055936813,0.8588449954986572,0.011985117569565773,0.029742255806922913,5.309249205514789,,,
amgtp_hidden16,37,0.0015559801831841469,0.03588459640741348,0.06282234936952591,0.8595808744430542,0.0120273781940341,0.029685206711292267,5.294425298459828,,,
amgtp_hidden16,38,0.006597177125513554,0.034741368144750595,0.060857951641082764,0.8626102805137634,0.012296220287680626,0.0294939037412405,5.23215907625854,,,
amgtp_hidden16,39,0.019188636913895607,0.031253352761268616,0.05475212261080742,0.8701303601264954,0.014106709510087967,0.02975812740623951,5.055705118924379,,,
amgtp_hidden16,40,0.03378569707274437,0.025379231199622154,0.0437326543033123,0.87363201379776,0.022784952074289322,0.0344703383743763,4.829461969435215,,,
amgtp_hidden16,41,0.12354036793112755,0.022297615185379982,0.03519105166196823,0.823485255241394,0.06561281532049179,0.05341286584734917,5.05057355761528,,,
amgtp_hidden16,42,0.9210467897355556,0.016461824998259544,0.022155601531267166,0.3818330466747284,0.5083292126655579,0.07121980935335159,6.710746061056852,,,
amgtp_hidden16,43,0.8074045744724572,0.004279470536857843,0.005545205436646938,0.06173306703567505,0.9120318293571472,0.01641058176755905,7.061483589001,,,
amgtp_hidden16,44,0.09006929607130587,0.0020685268100351095,0.0028091315180063248,0.03183269500732422,0.9570661783218384,0.00622302433475852,7.0090044140815735,,,
amgtp_hidden16,45,0.008059233194217086,0.0021697371266782284,0.002989223226904869,0.0355810709297657,0.9537760615348816,0.005483585875481367,6.993119296617806,,,
amgtp_hidden16,46,0.03376748226583004,0.003223688341677189,0.0043025207705795765,0.04812522977590561,0.9368923306465149,0.007455929648131132,7.004728840198368,,,
amgtp_hidden16,47,0.10877648508176208,0.005769341718405485,0.007968547753989697,0.08872348815202713,0.8825046420097351,0.015034787356853485,7.008319032378495,,,
amgtp_hidden16,48,0.3117843861691654,0.026144815608859062,0.022937599569559097,0.15747366845607758,0.7266114354133606,0.06683126091957092,8.085965242236853,,,
amgtp_hidden16,49,0.44426740519702435,0.1605527400970459,0.07572247087955475,0.16845092177391052,0.5044777393341064,0.09079492092132568,15.016712710261345,,,
amgtp_hidden16,50,0.8798734918236732,0.43132689595222473,0.2185491919517517,0.1947874128818512,0.128553107380867,0.026783429086208344,27.957364946603775,,,
amgtp_hidden16,51,0.6837882162071764,0.21497483551502228,0.2607570290565491,0.4944734573364258,0.02445046789944172,0.005343794357031584,14.888633928261697,,,
amgtp_hidden16,52,0.6825515097007155,0.06365319341421127,0.07931940257549286,0.8357493281364441,0.019183851778507233,0.002094040159136057,6.569362516514957,,,
amgtp_hidden16,53,0.4464158392511308,0.10052323341369629,0.08722372353076935,0.6125425100326538,0.18562979996204376,0.014082752168178558,9.452812388539314,,,
amgtp_hidden16,54,0.2406226247549057,0.12727738916873932,0.10951294004917145,0.49222859740257263,0.2519533932209015,0.019024498760700226,11.252858817577362,,,
amgtp_hidden16,55,0.002608826383948326,0.12757787108421326,0.10977234691381454,0.4909241497516632,0.2526451647281647,0.01907721720635891,11.272814255207777,,,
amgtp_hidden16,56,0.0027591977268457413,0.12724417448043823,0.10947617888450623,0.49230602383613586,0.25195059180259705,0.019024331122636795,11.251039497554302,,,
amgtp_hidden16,57,0.013627080246806145,0.1256212741136551,0.10803108662366867,0.49912041425704956,0.2484627515077591,0.018767474219202995,11.144652675837278,,,
amgtp_hidden16,58,0.07337672635912895,0.11690758168697357,0.10023760795593262,0.5358073711395264,0.22963623702526093,0.01741139031946659,10.573327746242285,,,
amgtp_hidden16,59,0.1298381257802248,0.10160809010267258,0.08639713376760483,0.6007262468338013,0.1961076855659485,0.015160657465457916,9.570064283907413,,,
amgtp_hidden16,60,0.03309375420212746,0.10566119104623795,0.08984728902578354,0.5841790437698364,0.2043120563030243,0.015999581664800644,9.836234420537949,,,
amgtp_hidden16,61,0.02854163385927677,0.10906247049570084,0.09278165549039841,0.5699089169502258,0.21146944165229797,0.01677805744111538,10.061435531824827,,,
amgtp_hidden16,62,0.0049433633685112,0.10857980698347092,0.09212172776460648,0.571839451789856,0.21014003455638885,0.017318887636065483,10.035873170942068,,,
amgtp_hidden16,63,0.02273142710328102,0.10604538023471832,0.08926095813512802,0.5817379355430603,0.20416943728923798,0.01878603734076023,9.889388162642717,,,
amgtp_hidden16,64,0.01996994949877262,0.1083197146654129,0.09148234128952026,0.5721227526664734,0.20965878665447235,0.01841633766889572,10.032473713159561,,,
amgtp_hidden16,65,0.009711241349577904,0.10960017144680023,0.09189760684967041,0.5672672390937805,0.211496502161026,0.01973862759768963,10.126525912433863,,,
amgtp_hidden16,66,0.007954001426696777,0.11081087589263916,0.09113963693380356,0.564200758934021,0.21134376525878906,0.022504737600684166,10.226867150515318,,,
amgtp_hidden16,67,0.02389596216380596,0.11525548994541168,0.08911888301372528,0.5563557744026184,0.2092614769935608,0.03000805899500847,10.558458767831326,,,
amgtp_hidden16,68,0.03344760090112686,0.12420228868722916,0.0875309556722641,0.5468068718910217,0.20367459952831268,0.03778515383601189,11.134803242981434,,,
amgtp_hidden16,69,1.1287279576063156,0.4267626106739044,0.047784674912691116,0.13583697378635406,0.09002687782049179,0.2995888888835907,30.88548482581973,,,
amgtp_hidden16,70,0.5387543896213174,0.4082476794719696,0.009487492963671684,0.007444039452821016,0.005854856688529253,0.5689662098884583,32.53319131489843,,,
amgtp_hidden16,71,0.3009885847568512,0.2737973630428314,0.003037879941985011,0.002368876012042165,0.0013355230912566185,0.7194603681564331,26.519780106376857,,,
amgtp_hidden16,72,0.13415203162003309,0.20922964811325073,0.0015991791151463985,0.0017936894437298179,0.0008410019800066948,0.7865362763404846,23.57815401686821,,,
amgtp_hidden16,73,0.07382017537020147,0.24552159011363983,0.0015285081462934613,0.0022556509356945753,0.000996938906610012,0.7496966123580933,25.242322013131343,,,
amgtp_hidden16,74,0.2664473580662161,0.37604039907455444,0.002058920217677951,0.0037875378038734198,0.0016399534652009606,0.616473376750946,31.217952426872216,,,
amgtp_hidden16,75,0.38652552745770663,0.5632172226905823,0.0031659603118896484,0.007287199608981609,0.0031191399320960045,0.4232105612754822,39.76484275795519,,,
amgtp_hidden16,76,0.19118278892710805,0.6455957293510437,0.00524316867813468,0.015112531371414661,0.006429336965084076,0.3276190161705017,43.41799610899761,,,
amgtp_hidden16,77,0.022375111002475023,0.6398908495903015,0.006933495402336121,0.021754425019025803,0.00928479339927435,0.32213646173477173,43.04055176395923,,,
amgtp_hidden16,78,0.05275149643421173,0.6650174856185913,0.008059521205723286,0.02077181451022625,0.009407829493284225,0.2967432737350464,44.19168474059552,,,
amgtp_hidden16,79,0.07254452910274267,0.6989706754684448,0.010290357284247875,0.017125966027379036,0.009496123529970646,0.26411691308021545,45.764018431305885,,,
amgtp_hidden16,80,0.04007201362401247,0.6801691651344299,0.015240183100104332,0.015891358256340027,0.012995914556086063,0.27570319175720215,44.82388025242835,,,
amgtp_hidden16,81,0.20779854897409678,0.5762696862220764,0.02315487712621689,0.016749819740653038,0.02314053662121296,0.36068448424339294,39.86115204542875,,,
amgtp_hidden16,82,0.3545261761173606,0.4012700319290161,0.027872495353221893,0.01448655966669321,0.0377386100590229,0.5186320543289185,31.672553121112287,,,
amgtp_hidden16,83,0.5272951647639275,0.14877253770828247,0.024967839941382408,0.006241309456527233,0.04886795952916145,0.7711504697799683,20.108226324431598,,,
amgtp_hidden16,84,0.23121097614057362,0.0508362278342247,0.016809294000267982,0.0028728318866342306,0.042725373059511185,0.8867555260658264,15.7892564360518,,,
amgtp_hidden16,85,0.06975202728062868,0.024670522660017014,0.01310544554144144,0.0020790768321603537,0.0385127030313015,0.9216315746307373,14.672005001688376,,,
amgtp_hidden16,86,0.026773357531055808,0.01428454089909792,0.01180325448513031,0.0019345860928297043,0.0369592122733593,0.93501877784729,14.22365684248507,,,
amgtp_hidden16,87,0.010271756909787655,0.010945696383714676,0.013136121444404125,0.0025141099467873573,0.04018241539597511,0.9332214593887329,14.023797573521733,,,
amgtp_hidden16,88,0.013152348576113582,0.01724294386804104,0.013415667228400707,0.0021244625095278025,0.03960566222667694,0.9276123046875,14.318177588051185,,,
amgtp_hidden16,89,0.7138646289240569,0.05075849965214729,0.1753026396036148,0.011961443349719048,0.19129766523838043,0.5706791877746582,12.585289234295487,,,
amgtp_hidden16,90,1.08138267416507,0.026889320462942123,0.7159938812255859,0.008134794421494007,0.035624098032712936,0.21335715055465698,5.590126286260784,,,
amgtp_hidden16,91,0.04256597347557545,0.027171578258275986,0.7072328925132751,0.004563932307064533,0.02667299099266529,0.23435790836811066,5.818941039033234,,,
amgtp_hidden16,92,0.4621838228777051,0.04755176976323128,0.4761480391025543,0.0053856633603572845,0.04686658829450607,0.4240613579750061,9.61033634468913,,,
amgtp_hidden16,93,0.1158456769771874,0.05271965637803078,0.41822493076324463,0.005760644096881151,0.05203783139586449,0.471269816160202,10.560728491749614,,,
amgtp_hidden16,94,0.006017024163156748,0.05298888310790062,0.4152146875858307,0.005778676830232143,0.052307840436697006,0.4737193286418915,10.610109188593924,,,
amgtp_hidden16,95,0.011790374759584665,0.05246509239077568,0.4211009442806244,0.005738545674830675,0.05177896097302437,0.46890801191329956,10.513387018349022,,,
amgtp_hidden16,96,0.01772963348776102,0.051679592579603195,0.42996513843536377,0.005681626033037901,0.050985030829906464,0.4616789221763611,10.36818569758907,,,
amgtp_hidden16,97,0.020323703531175852,0.05078912526369095,0.44013044238090515,0.005632580257952213,0.050075776875019073,0.45336928963661194,10.20207619201392,,,
amgtp_hidden16,98,0.0020473687909543514,0.05071600526571274,0.4411451816558838,0.005648134741932154,0.04998917505145073,0.4525119364261627,10.186141237150878,,,
amgtp_hidden16,99,0.003001471981406212,0.05087337642908096,0.43963414430618286,0.005691078025847673,0.050132621079683304,0.4536586105823517,10.21125885983929,,,
amgtp_hidden16,100,0.0017378483898937702,0.050972070544958115,0.4387722611427307,0.005727031268179417,0.05022341385483742,0.4543091356754303,10.226169384084642,,,
amgtp_hidden16,101,0.0002037188969552517,0.05100396275520325,0.43870285153388977,0.005761879030615091,0.05025101825594902,0.4542691707611084,10.22775177238509,,,
amgtp_hidden16,102,0.004012695979326963,0.05115259438753128,0.43673092126846313,0.005735299549996853,0.0504186749458313,0.4559670686721802,10.259562169201672,,,
amgtp_hidden16,103,0.011568629182875156,0.050695016980171204,0.44247716665267944,0.0057658180594444275,0.049955517053604126,0.45109593868255615,10.1665074005723,,,
amgtp_hidden16,104,0.08602594677358866,0.04761354625225067,0.48488664627075195,0.0063711898401379585,0.04692131653428078,0.4142005145549774,9.488069410435855,,,
amgtp_hidden16,105,0.5213068248704076,0.03351714462041855,0.7364963293075562,0.01541837863624096,0.03415689617395401,0.18041138350963593,5.558637784793973,,,
amgtp_hidden16,106,0.32421716675162315,0.04771977290511131,0.5743876695632935,0.015911167487502098,0.049682535231113434,0.31229883432388306,8.205268973484635,,,
amgtp_hidden16,107,0.07469874992966652,0.05595601722598076,0.5370385646820068,0.022021876648068428,0.06382544338703156,0.32115861773490906,8.903463980183005,,,
amgtp_hidden16,108,0.24015984497964382,0.07845646888017654,0.46200841665267944,0.04591306671500206,0.13751338422298431,0.2761085033416748,10.135248485952616,,,
amgtp_hidden16,109,0.7197785191237926,0.08165661990642548,0.2359391450881958,0.06817430257797241,0.4719409644603729,0.1422882229089737,10.635481119155884,,,
amgtp_hidden16,110,0.7414679136127234,0.03022506646811962,0.05724432319402695,0.03367761895060539,0.8426761627197266,0.03617856651544571,8.377014238387346,,,
amgtp_hidden16,111,0.24331923481076956,0.009683026000857353,0.0062984502874314785,0.014938904903829098,0.964335024356842,0.004744820762425661,7.4488693862222135,,,
amgtp_hidden16,112,0.028663009637966752,0.006002302747219801,0.0019215333741158247,0.01121210865676403,0.9786664247512817,0.0021976479329168797,7.2771280684974045,,,
amgtp_hidden16,113,0.006182707496918738,0.006410319823771715,0.0016208948800340295,0.013396051712334156,0.9758762121200562,0.0026975441724061966,7.295327342697419,,,
amgtp_hidden16,114,0.02476760500576347,0.00917112734168768,0.0021646199747920036,0.020641829818487167,0.9634924530982971,0.004531079437583685,7.422240033745766,,,
amgtp_hidden16,115,0.0560555683914572,0.015406375750899315,0.0037268425803631544,0.036359045654535294,0.935464084148407,0.009043592028319836,7.7120454020332545,,,
amgtp_hidden16,116,0.1266076706815511,0.029780680313706398,0.00732812937349081,0.07046548277139664,0.8721598982810974,0.02026504836976528,8.39439536165446,,,
amgtp_hidden16,117,0.19618144631385803,0.053270548582077026,0.012874818406999111,0.11687366664409637,0.7740698456764221,0.042911700904369354,9.578981465660036,,,
amgtp_hidden16,118,1.7070514550432563,0.9067953824996948,0.006737286224961281,0.04201741889119148,0.022878680378198624,0.021570025011897087,55.002643605694175,,,
amgtp_hidden16,119,0.18096692085964605,0.9972783327102661,0.0005790123832412064,0.0008421152597293258,0.0003074111882597208,0.000990901025943458,59.85582981345942,,,
