method,day,gate_move_l1,pi_expanding,pi_rolling_1,pi_rolling_3,pi_rolling_7,pi_rolling_14,h_eff,pi_m2,pi_m5b,pi_m5b_hs
adamoe,4,,0.2,0.2,0.2,0.2,0.2,17.0,,,
adamoe,5,0.0103085830399475,0.20133335412820155,0.1948457084800268,0.20115422913536968,0.20133335412820155,0.20133335412820155,17.10631008027046,,,
adamoe,6,0.010108765426856348,0.20301814836601084,0.19022117349295015,0.20072438140901785,0.20301814836601084,0.20301814836601084,17.23686433536688,,,
adamoe,7,0.006032533839395698,0.20402357067257665,0.18791956661225168,0.20000972137001805,0.20402357067257665,0.20402357067257665,17.313857955201016,,,
adamoe,8,0.006577740365116325,0.2051198607334294,0.18548421874482995,0.19915619905488166,0.2051198607334294,0.2051198607334294,17.397661535317255,,,
adamoe,9,0.0011082401277574816,0.20537850257413265,0.1851560387528211,0.19893025898301211,0.20515669711590195,0.20537850257413265,17.416052885998987,,,
adamoe,10,0.0026735292086104423,0.20604688487628514,0.18508634708556926,0.19770040908140968,0.20511947408045078,0.20604688487628514,17.461493373738055,,,
adamoe,11,0.0009318483533595212,0.2061901029478395,0.18519256123777877,0.19777368296277137,0.20465354990377116,0.2061901029478395,17.469156077592615,,,
adamoe,12,0.0015696207513337945,0.20619960464260728,0.18542454776202089,0.19830750342466064,0.20386873952810433,0.20619960464260728,17.46619897828567,,,
adamoe,13,0.0005745183991553715,0.20614553507056782,0.1852777936780547,0.19859476262423847,0.20383637355657191,0.20614553507056782,17.462686291668792,,,
adamoe,14,0.0025905100576250617,0.2063165064963426,0.18623110585531777,0.1976303388601946,0.20350554229180334,0.2063165064963426,17.471082399207877,,,
adamoe,15,0.001930220421769574,0.20679906160178493,0.1858527714602029,0.1972829910761464,0.2032661142600815,0.20679906160178493,17.5036951030413,,,
adamoe,16,0.0014384533459337878,0.2069164399773062,0.18582534225148634,0.19659119361189573,0.20367961901147436,0.20698740514783737,17.51416632687559,,,
adamoe,17,0.003557035201473574,0.20735130953376052,0.1840468246507499,0.19696927507900308,0.2043348217392706,0.20729776899721658,17.548545740049317,,,
adamoe,18,0.001201857992211397,0.2078915429500406,0.1836706951534608,0.19702997065882843,0.20423985141163908,0.2071679398260312,17.578283301578292,,,
adamoe,19,0.002013715600898275,0.2082929149444337,0.18367350794988796,0.1962211513053856,0.20404181296463286,0.20777061283566015,17.60699312898374,,,
adamoe,20,0.00415197281660995,0.20778464235160252,0.1849528764053267,0.19701776925825215,0.20357964759607722,0.20666506438874233,17.56145315989117,,,
adamoe,21,0.0018570970510595752,0.20798558351992144,0.18414034082108044,0.19690175631696832,0.2041401604458234,0.2068321588962067,17.578611968634927,,,
adamoe,22,0.0019551567261824054,0.208278541475706,0.18316276245798907,0.19737821603051608,0.20415414265888068,0.20702633737690812,17.599457620980775,,,
adamoe,23,0.0006028626227322087,0.20830989935770933,0.18290486360658037,0.19764828945987878,0.2041303696609139,0.2070065779149174,17.601448371884015,,,
adamoe,24,0.0024310996822498043,0.20827878089138502,0.18393604129670144,0.19783266161088292,0.20342070807966672,0.2065318081213643,17.58955114986922,,,
adamoe,25,0.002459127617561979,0.20776739920766796,0.18499038575043553,0.1980078809659292,0.2032677607062148,0.20596657336975166,17.551464333228328,,,
adamoe,26,0.0011700328415018557,0.2078773710950163,0.18544382178760122,0.19744344085453358,0.2032471843968599,0.20598818186598897,17.556981246954045,,,
adamoe,27,0.0019244889853899938,0.20792056078649787,0.18452012324424447,0.19811388986978345,0.20320863844752146,0.20623678765195233,17.56387093630345,,,
adamoe,28,0.0027501353105288673,0.20808544329174056,0.185374683407716,0.19692996865979998,0.2030174920022405,0.20659241263850253,17.57470740784627,,,
adamoe,29,0.0016305430406700072,0.208018557051073,0.18468793907302866,0.19751080293964857,0.20325192924272717,0.20653077169352269,17.572528079364762,,,
adamoe,30,0.003812608040814597,0.20787885076772594,0.1865942430934358,0.19671169038149405,0.2028012171016817,0.20601399865566228,17.553264861192517,,,
adamoe,31,0.002203074254098325,0.2082627436974711,0.18703234367484547,0.19595345648593937,0.20245791387018747,0.20629354227155686,17.575972323874037,,,
adamoe,32,0.004322306066543741,0.20912347207000131,0.18504350774187847,0.19578113938563452,0.2032756317805982,0.2067762490218878,17.637592158869477,,,
adamoe,33,0.0028298313121712937,0.20840085826125526,0.18458699687099853,0.19671654639833341,0.20375514042398468,0.20654045804542787,17.596640527345198,,,
adamoe,34,0.0009353747472486407,0.20832732708198515,0.18479717364821255,0.19697405699474388,0.20344079404554224,0.20646064822951626,17.589893603083578,,,
adamoe,35,0.0030667363031944006,0.20788198706088087,0.18633054179981007,0.19674742623913127,0.20260629395701601,0.2064337509431625,17.557808615073444,,,
adamoe,36,0.0013162678113416149,0.20826141788607627,0.18593995277701417,0.1965340846396952,0.2025520906735767,0.20671245402363744,17.583066270906638,,,
adamoe,37,0.003419222333696792,0.2077236777251511,0.18696604089813135,0.1972176076854263,0.2023378801433547,0.2057547935479361,17.538971798138064,,,
adamoe,38,0.0029957623381003107,0.207846627148181,0.18625677031041174,0.19642899710409595,0.20305771047744242,0.20640989495986883,17.55748389329382,,,
adamoe,39,0.002655886519291689,0.2085250063345711,0.18492882705076605,0.19645507675735058,0.20345979263972652,0.206631297217586,17.602851146921374,,,
adamoe,40,0.0016633293376373814,0.2079590399040438,0.1851110880597251,0.19710448041721007,0.20324019775259172,0.20658519386642926,17.568841021952135,,,
adamoe,41,0.0016804665766159133,0.20834750375879602,0.1855628574932808,0.19690268383455345,0.2028432232386243,0.20634373167474532,17.585835940641505,,,
adamoe,42,0.0018929392654724042,0.20794866581140797,0.18501522580793267,0.19746433827439214,0.20315526692170022,0.20641650318456695,17.56624610235143,,,
adamoe,43,0.0010270499191220306,0.20788702188151614,0.1854399720618266,0.19701245724472277,0.20316472064532903,0.20649582816660503,17.56279329553674,,,
adamoe,44,0.000805590514019211,0.20799149007693463,0.18516544388566952,0.19688419016387024,0.20339514073060752,0.20656373514291765,17.57096569610846,,,
adamoe,45,0.0023695068097803196,0.20784844645899048,0.18634992239284093,0.19624636348931235,0.20299125761821962,0.20656401004063663,17.558830744296657,,,
adamoe,46,0.0030158867470022332,0.20804538349082924,0.1848419790193397,0.19693771341292948,0.20354985396110564,0.20662507011579573,17.57597808805676,,,
adamoe,47,0.002033893001107845,0.20784165360556833,0.18575125840866585,0.1970453805241571,0.20310964548059035,0.20625206198101784,17.556683002413617,,,
adamoe,48,0.002064312472900981,0.20745409902106296,0.18678341464511639,0.19698286829357822,0.20310135173349392,0.20567826630674807,17.526183151218557,,,
adamoe,49,0.004901017534221258,0.20785544056132552,0.1844578639611516,0.19685791021043264,0.2040823657336145,0.20674641953347583,17.569384461875945,,,
adamoe,50,0.0005898001001706232,0.20776476097054167,0.18447731989121524,0.19702576224538682,0.20387814527431286,0.20685401161854317,17.56454344443967,,,
adamoe,51,0.004901237059599273,0.20630532549583394,0.18627010174496375,0.1976835989214382,0.2034706842835579,0.20627028955420645,17.46971927200311,,,
adamoe,52,0.00354290065370344,0.20707194419688751,0.18449865141811195,0.19780752366060173,0.2039861042948077,0.2066357764295912,17.523041474291098,,,
adamoe,53,0.0015916880606240968,0.20673994595496448,0.18520651744818417,0.1974879003392688,0.20384188182775176,0.20672375442983115,17.503092710575757,,,
adamoe,54,0.002088305314591643,0.20670660950614136,0.1862506701054801,0.1968724203447613,0.20345976917814962,0.2067105308654682,17.49743031787185,,,
adamoe,55,0.001013525951630484,0.20705411136009544,0.18640993122734134,0.19651103164764488,0.20341316976800167,0.2066117559969174,17.515646480108856,,,
adamoe,56,0.002024431118379022,0.20658325741502603,0.18610897619459948,0.19752324720683415,0.20323205716601808,0.20655246201752248,17.488033031124104,,,
adamoe,57,0.001879234617847031,0.20660427730698772,0.18516935888567582,0.19760326515964272,0.20375728543984603,0.20686581320784764,17.496658175772655,,,
adamoe,58,0.002981719961525825,0.20582719852755815,0.1863623632348398,0.19790112079124156,0.20341711635007775,0.20649220109628247,17.444508267060552,,,
adamoe,59,0.0018061958030558267,0.20538395582777869,0.1872018780663871,0.19788477222833034,0.2034806994200584,0.20604869445744528,17.41294016276274,,,
adamoe,60,0.0016166603817645564,0.20530647279023517,0.1880102082572696,0.19761548590023253,0.20340044888122352,0.2056673841710394,17.402391553935193,,,
adamoe,61,0.003582936603981901,0.2049909487663924,0.18653426397912143,0.19795221187015785,0.2041119873812955,0.20641058800303308,17.39837996928467,,,
adamoe,62,0.002607405868362306,0.20410479466934361,0.18611671514198896,0.19891173128267797,0.20444552560648083,0.20642123329950868,17.350155534589128,,,
adamoe,63,0.0015578584900301784,0.2034401274880159,0.18656409224398524,0.19879746921899025,0.2045432184045838,0.20665509264442417,17.314337975035937,,,
adamoe,64,0.0028022950517593015,0.20384981509064298,0.18755555216723768,0.19828754207409527,0.20427687324603822,0.20603021742198496,17.32776824045816,,,
adamoe,65,0.002813724719909677,0.20415412114852538,0.18658110002288786,0.1978551318584906,0.20429765459847904,0.20711199237161693,17.359045239901874,,,
adamoe,66,0.0022564137228490155,0.2052823280099501,0.18554862898145308,0.1977883161148699,0.20427544527112995,0.2071052816225972,17.42525531753734,,,
adamoe,67,0.003028567595744547,0.20477575904290246,0.18674030682214712,0.1968219374315333,0.20423410912364182,0.20742788757977532,17.39738085167324,,,
adamoe,68,0.0016812359860528259,0.20418150292097526,0.1870408329714432,0.1965755755604346,0.20464785336360686,0.2075542351835411,17.365952001026084,,,
adamoe,69,0.00231059796176053,0.20404503110119515,0.18611262564116937,0.19771139871621857,0.20466732918870284,0.20746361535271446,17.359110607120456,,,
adamoe,70,0.001274694039336055,0.20416033373144737,0.18634640740957004,0.1979996613372338,0.20450852580111195,0.2069850717206374,17.359316100004822,,,
adamoe,71,0.00198681923643082,0.20351279708383907,0.18733462959161304,0.19786603054585836,0.20429628362188,0.20699025915680952,17.319638159808026,,,
adamoe,72,0.0019963209801107107,0.20300641829963406,0.1878487983099329,0.19737424884000793,0.20450987654714742,0.2072606580032775,17.29357499068392,,,
adamoe,73,0.002449646950136941,0.20229125712316975,0.18733913601132884,0.19773217437053617,0.2051668239186401,0.20747060857632516,17.258767374012155,,,
adamoe,74,0.002371282463390967,0.2028266780992921,0.186596687707971,0.19758196886091456,0.20487383649992408,0.20812082883189828,17.296751739394285,,,
adamoe,75,0.002093309868469867,0.20243257589389607,0.18655549636400037,0.19862862379514942,0.20451116047461082,0.2078721434723432,17.270184053318292,,,
adamoe,76,0.0020319331828556053,0.20266022939860906,0.18600746141383023,0.19918615901545123,0.204741938341024,0.2074042118310857,17.280032236399094,,,
adamoe,77,0.0033649978104592637,0.20154182082688238,0.1863826328924309,0.19862206868194826,0.20548951983705332,0.20796395776168533,17.224680136074188,,,
adamoe,78,0.004276005998252841,0.20304365866465082,0.18700800075856175,0.19722033148192686,0.20475325403794817,0.20797475505691232,17.3062078641458,,,
adamoe,79,0.0032929162672885592,0.20196666582524966,0.1879980194925528,0.19787677088157998,0.20453370119809833,0.20762484260251893,17.238111986474227,,,
adamoe,80,0.0049310296984278745,0.20159227673303748,0.18590689373555128,0.19876089306134598,0.2056812678911089,0.20805866857895652,17.230316412244992,,,
adamoe,81,0.003689745232292291,0.20049884416292957,0.18775176635169716,0.19834509334161007,0.2053998011989729,0.20800449494478995,17.16257923377217,,,
adamoe,82,0.003003411914461157,0.20011777782458606,0.18663112673280996,0.19880492541320824,0.2059730151866662,0.20847315484272894,17.150547846552467,,,
adamoe,83,0.002510655369195036,0.19974612139382397,0.186996300548174,0.19969507928244176,0.20551695069646692,0.20804554807909284,17.122105150007506,,,
adamoe,84,0.0018425091004840022,0.19923041948063885,0.18659074791111724,0.2000206379350746,0.20583770599911236,0.20832048867405667,17.097828613985254,,,
adamoe,85,0.0009201860375366855,0.19921409300701526,0.18691212618723424,0.19980612272005044,0.2056084546689919,0.20845920341670815,17.096864105285157,,,
adamoe,86,0.002316646748658585,0.19819668987176767,0.18736374873422387,0.1998294329170442,0.20629184529933803,0.20831828317762666,17.039152321373557,,,
adamoe,87,0.0010581485326200957,0.1985695735379588,0.18751993933434263,0.1995747538377758,0.20610624212429285,0.20822949116563003,17.058375184314066,,,
adamoe,88,0.00465406294633397,0.19997475159938716,0.1856462646780523,0.19912139702089943,0.20630456698849842,0.20895301971316335,17.150969796607754,,,
adamoe,89,0.003062669947734409,0.19944259779573809,0.1854668382192271,0.20065273199476638,0.2059854349012148,0.20845239708905378,17.11421250550307,,,
adamoe,90,0.004292525830179306,0.1972963348806488,0.18663127040797778,0.20106160108764268,0.20617852830189703,0.20883226532183458,16.994497579128797,,,
adamoe,91,0.001611737333725105,0.19747166288231696,0.1872618110731716,0.20061533527212957,0.2061721225419445,0.2084790682304371,16.99931940284831,,,
adamoe,92,0.0006249848177761752,0.19745576717505342,0.18751541661024956,0.2004091770757338,0.20623100941375494,0.20838862972520864,16.99714686038986,,,
adamoe,93,0.0035847513388168606,0.1961438675136225,0.18724966524071934,0.20202832635225315,0.20640423580664383,0.20817390508676115,16.92123101697599,,,
adamoe,94,0.003722489488818481,0.19651119621489574,0.1869137943140286,0.20050295253453432,0.20682627700894213,0.20924577992759852,16.95631928286035,,,
adamoe,95,0.0013203261404974298,0.1969622815073817,0.18666969576038706,0.20071203031229706,0.20666859517184946,0.20898739724808402,16.9790464048163,,,
adamoe,96,0.0034191029979905585,0.1965338520268642,0.18566407625558318,0.20043652779862342,0.20761728262680362,0.20974826129212537,16.968801417740686,,,
adamoe,97,0.0019410559050409837,0.196433185052935,0.18585338793074857,0.20121774407597862,0.20709610366029002,0.20939957928004777,16.956764558877484,,,
adamoe,98,0.003115512191142228,0.19487542895736382,0.18606495780891508,0.20122017733245018,0.20783934357030648,0.21000009233096428,16.87712792487374,,,
adamoe,99,0.004340619599820628,0.19589551199612004,0.18721518457006914,0.2010100479017204,0.20688776296981426,0.20899149256227595,16.918071284702997,,,
adamoe,100,0.0028114073739468337,0.19516352729890507,0.18654146558031065,0.2011924993052871,0.20753410226714164,0.20956840554835524,16.88662699497744,,,
adamoe,101,0.002053869760311411,0.1941365924187496,0.1867909056614117,0.20145708430825549,0.20769929193487002,0.20991612567671333,16.832078506729232,,,
adamoe,102,0.0019306844754877484,0.19362731882840145,0.18749296904583435,0.20102302122358262,0.20767728637214716,0.21017940453003459,16.804453830446185,,,
adamoe,103,0.003481707748324292,0.19373454311839136,0.18876798939482747,0.20138163045876184,0.20701478518896355,0.20910105183905617,16.793503689944128,,,
adamoe,104,0.004182801178446494,0.19465143547188718,0.18667658880560423,0.20142626166811137,0.2073476806019029,0.20989803345249472,16.860047734671415,,,
adamoe,105,0.002364189214498824,0.19440883008878163,0.1857370995814603,0.20226613672161753,0.20758646652210574,0.21000146708603507,16.85019111993244,,,
adamoe,106,0.002815456300203384,0.19343180029406914,0.1868797158546856,0.20253124859849403,0.2074842406265326,0.2096729946262191,16.788193088447112,,,
adamoe,107,0.0022290819986306443,0.19449852770800088,0.18636291470268473,0.2019335087511797,0.20752673887853818,0.20967830995959724,16.850258615020405,,,
adamoe,108,0.0029411028145433504,0.193998496811148,0.18539239419226552,0.20224867540329788,0.20794309173353154,0.21041734185975697,16.833492657242356,,,
adamoe,109,0.0022172449557883722,0.19318538950337438,0.18558725099410048,0.20199900154753803,0.20885685740959078,0.21037150054539627,16.78990663534186,,,
adamoe,110,0.0019837733467458762,0.19292682997801927,0.18657913766747333,0.2019799884051091,0.20828064750287562,0.21023339644652245,16.7693609843354,,,
adamoe,111,0.0015315212822927526,0.1934379579734393,0.1868337703131998,0.2019264196906272,0.2076285977712566,0.21017325425147712,16.794716251710916,,,
adamoe,112,0.004021017621937711,0.19183388211755234,0.1880057077741674,0.20151998673554528,0.20809171015590566,0.21054871321682933,16.706922551160893,,,
adamoe,113,0.002403557120609301,0.19258379958237679,0.1871361891506238,0.20151292169120433,0.20776651526348544,0.21100057431230942,16.755076576383573,,,
adamoe,114,0.004916529923636559,0.19195104377627856,0.18531067999490397,0.20272641779371722,0.20876378975907461,0.21124806867602586,16.729372049730653,,,
adamoe,115,0.0022911842047218522,0.19137374835902038,0.1849362042206616,0.2034595170139874,0.209176282641165,0.21105424776516513,16.696733104004313,,,
adamoe,116,0.0033926863444893596,0.19216299642712892,0.18584329932479776,0.2027546647534118,0.20850955505083774,0.21072948444382333,16.73366674678216,,,
adamoe,117,0.0022117139734602886,0.1915850195852642,0.18694853719021207,0.20233941480117867,0.2083969248582055,0.21073010356513922,16.698067880628987,,,
adamoe,118,0.0014128442957816179,0.19178112074501413,0.18723529821651552,0.20180469865571293,0.20862048482004303,0.21055839756271427,16.7076775985028,,,
adamoe,119,0.0036228801776967134,0.1917138107916168,0.1857082319911121,0.2015876347456652,0.20910886160778047,0.2118814608638251,16.72340226707313,,,
m5b_smooth0,4,,0.20000606775283813,0.20000606775283813,0.20000606775283813,0.20000606775283813,0.20000606775283813,17.00051575899124,,,
m5b_smooth0,5,0.3192080371081829,0.240618035197258,0.04038620367646217,0.2377583384513855,0.240618035197258,0.240618035197258,20.243722070008516,,,
m5b_smooth0,6,0.3709964705631137,0.302450954914093,0.012492687441408634,0.08015414327383041,0.302450954914093,0.302450954914093,24.751482465304434,,,
m5b_smooth0,7,0.08968535903841257,0.3173984885215759,0.00825265422463417,0.03955141827464104,0.3173984885215759,0.3173984885215759,25.836184479296207,,,
m5b_smooth0,8,0.013132174499332905,0.31886744499206543,0.010412470437586308,0.032985929399728775,0.31886744499206543,0.31886744499206543,25.937633302994072,,,
m5b_smooth0,9,0.06423464696854353,0.3283136785030365,0.017589975148439407,0.03903264179825783,0.2867494821548462,0.3283136785030365,26.437146484851837,,,
m5b_smooth0,10,0.22825584933161736,0.378592312335968,0.0263422392308712,0.04385111480951309,0.1726216971874237,0.3785923719406128,29.382079411298037,,,
m5b_smooth0,11,0.18031978979706764,0.42290303111076355,0.02788098156452179,0.04194901883602142,0.08436418324708939,0.4229030907154083,32.03910245746374,,,
m5b_smooth0,12,0.06056416407227516,0.43240657448768616,0.028269663453102112,0.05283557251095772,0.05408231168985367,0.43240660429000854,32.56343949213624,,,
m5b_smooth0,13,0.05232320725917816,0.4194928705692291,0.029125887900590897,0.07814068347215652,0.05374787747859955,0.4194928705692291,31.682255502790213,,,
m5b_smooth0,14,0.013464534655213356,0.4188690185546875,0.02709394134581089,0.07468806952238083,0.06048014760017395,0.4188690185546875,31.670826556161046,,,
m5b_smooth0,15,0.06692282110452652,0.43557462096214294,0.02258783020079136,0.04573224484920502,0.06052976846694946,0.4355746805667877,32.81601572968066,,,
m5b_smooth0,16,0.13280419632792473,0.383443683385849,0.02341814897954464,0.03146197646856308,0.07293256372213364,0.4887445569038391,30.477376824244857,,,
m5b_smooth0,17,0.16472945734858513,0.30357712507247925,0.025392470881342888,0.028963644057512283,0.10938011854887009,0.532687246799469,26.55019319243729,,,
m5b_smooth0,18,0.3669217899441719,0.4675951600074768,0.023908035829663277,0.030957110226154327,0.12682899832725525,0.35071027278900146,33.97023577429354,,,
m5b_smooth0,19,0.4254808574914932,0.6803358197212219,0.01756230555474758,0.02588985487818718,0.06615356355905533,0.21005849540233612,44.31927493400872,,,
m5b_smooth0,20,0.17852423340082169,0.766291081905365,0.017783500254154205,0.02897554077208042,0.04529355466365814,0.14165641367435455,48.382419710978866,,,
m5b_smooth0,21,0.10683244653046131,0.7128747701644897,0.02903551235795021,0.05299750715494156,0.062405310571193695,0.14268681406974792,45.39496681466699,,,
m5b_smooth0,22,0.10244429297745228,0.661652684211731,0.030541060492396355,0.07276074588298798,0.08634863048791885,0.1486969143152237,42.63418156467378,,,
m5b_smooth0,23,0.06959103420376778,0.6918481588363647,0.01948375441133976,0.05383199453353882,0.09094878286123276,0.14388756453990936,44.3429366517812,,,
m5b_smooth0,24,0.03799409605562687,0.7108452320098877,0.016651462763547897,0.04651692882180214,0.08851832896471024,0.1374683529138565,45.35110141336918,,,
m5b_smooth0,25,0.12966360710561275,0.6460131406784058,0.024502141401171684,0.06739996373653412,0.1123528778553009,0.1497316062450409,41.8702031057328,,,
m5b_smooth0,26,0.0734651256352663,0.6092807054519653,0.03472250699996948,0.07449987530708313,0.12736010551452637,0.1541367918252945,39.864500284194946,,,
m5b_smooth0,27,0.03974613547325134,0.6205371618270874,0.033361487090587616,0.07314230501651764,0.1102052852511406,0.16275306046009064,40.53499795496464,,,
m5b_smooth0,28,0.12503390945494175,0.6331972479820251,0.024648254737257957,0.049024082720279694,0.08052019029855728,0.21261033415794373,41.70374139212072,,,
m5b_smooth0,29,0.22724651917815208,0.5296541452407837,0.0233889389783144,0.04264985769987106,0.07807357609272003,0.3262335956096649,37.0443725977093,,,
m5b_smooth0,30,0.10022840648889542,0.5693054795265198,0.029991457238793373,0.04517146199941635,0.07941168546676636,0.27611875534057617,38.74537898786366,,,
m5b_smooth0,31,0.209838492795825,0.6674202084541321,0.03679652884602547,0.039204057306051254,0.0632159486413002,0.19336320459842682,43.34921771287918,,,
m5b_smooth0,32,0.1048550084233284,0.7198479771614075,0.030132632702589035,0.030325978994369507,0.053269464522600174,0.16642442345619202,46.014817379415035,,,
m5b_smooth0,33,0.49660687893629074,0.47154417634010315,0.03544528782367706,0.04968582093715668,0.1103631779551506,0.3329612910747528,33.91115365177393,,,
m5b_smooth0,34,0.30368212051689625,0.32509732246398926,0.030051345005631447,0.06080067530274391,0.13939924538135529,0.44465169310569763,26.919211139902472,,,
m5b_smooth0,35,0.1570259016007185,0.3961808979511261,0.024159088730812073,0.050650984048843384,0.07692793011665344,0.45208075642585754,30.814592018723488,,,
m5b_smooth0,36,0.3010506648570299,0.5467061996459961,0.021569794043898582,0.0373711995780468,0.038052793592214584,0.35629960894584656,38.19061945192516,,,
m5b_smooth0,37,0.24820060841739178,0.6485382318496704,0.031798020005226135,0.049411289393901825,0.03789900615811348,0.23235313594341278,42.61056274548173,,,
m5b_smooth0,38,0.5085085369646549,0.3942840099334717,0.050785958766937256,0.07031705975532532,0.0725712925195694,0.41204145550727844,30.195357158780098,,,
m5b_smooth0,39,0.3618251383304596,0.2713581919670105,0.025670155882835388,0.03744637966156006,0.09779098629951477,0.5677345991134644,25.05232210457325,,,
m5b_smooth0,40,0.08927914500236511,0.3021535575389862,0.014755627140402794,0.026854680851101875,0.11163496226072311,0.5446010231971741,26.63039218261838,,,
m5b_smooth0,41,0.5431111380457878,0.5648728013038635,0.015560999512672424,0.034885890781879425,0.09844054281711578,0.2862401306629181,38.709032379090786,,,
m5b_smooth0,42,0.16585698910057545,0.481943815946579,0.02504696138203144,0.07251454889774323,0.11925289779901505,0.3012411594390869,34.21136608161032,,,
m5b_smooth0,43,0.4451241549104452,0.25938189029693604,0.032841458916664124,0.08240161836147308,0.12698738276958466,0.49838733673095703,23.709294125437737,,,
m5b_smooth0,44,0.24776783771812916,0.2080463469028473,0.02950683794915676,0.04451214522123337,0.09566338360309601,0.6222715377807617,22.02726930193603,,,
m5b_smooth0,45,0.16158615238964558,0.28459587693214417,0.03375060856342316,0.032681457698345184,0.08207947760820389,0.5668932795524597,25.718609854578972,,,
m5b_smooth0,46,0.2849816232919693,0.4116309881210327,0.03281218186020851,0.03706859424710274,0.09314744174480438,0.42534029483795166,31.448673471808434,,,
m5b_smooth0,47,0.13271872140467167,0.3473444879055023,0.030739614740014076,0.05537882819771767,0.13024787604808807,0.4362892806529999,28.05733043514192,,,
m5b_smooth0,48,0.18719221465289593,0.3064359426498413,0.03336631879210472,0.08289803564548492,0.19369828701019287,0.38360193371772766,25.394532065838575,,,
m5b_smooth0,49,0.1530911698937416,0.26584744453430176,0.0234571173787117,0.05684969946742058,0.1990402489900589,0.4548051059246063,23.90540611371398,,,
m5b_smooth0,50,0.36614210717380047,0.2032596617937088,0.017017750069499016,0.03328927606344223,0.10855706036090851,0.6378764510154724,22.002635022625327,,,
m5b_smooth0,51,0.18338654935359955,0.13809973001480103,0.01986365206539631,0.03509463742375374,0.08202427625656128,0.7249190211296082,19.134167594835162,,,
m5b_smooth0,52,0.22403577156364918,0.1640113741159439,0.03473679721355438,0.06843019276857376,0.11992093920707703,0.6129002571105957,19.50075999647379,,,
m5b_smooth0,53,0.10626018419861794,0.18792586028575897,0.037913549691438675,0.07324317842721939,0.1411469280719757,0.5597702860832214,20.358007203787565,,,
m5b_smooth0,54,0.19291825219988823,0.17020593583583832,0.030870512127876282,0.04163400083780289,0.10106044262647629,0.6562299132347107,20.262770548462868,,,
m5b_smooth0,55,0.0587352029979229,0.1995730847120285,0.03031621128320694,0.03268611058592796,0.08583074808120728,0.6515937447547913,21.82588728889823,,,
m5b_smooth0,56,0.09030608832836151,0.21840326488018036,0.03359632194042206,0.04432542994618416,0.0972343236207962,0.6064408421516418,22.441580560058355,,,
m5b_smooth0,57,0.17359969206154346,0.1404857039451599,0.02471446804702282,0.05850465968251228,0.1104554682970047,0.665840744972229,18.724329391494393,,,
m5b_smooth0,58,0.07536519132554531,0.10280222445726395,0.024985626339912415,0.08511752635240555,0.11918314546346664,0.6679107546806335,16.633504256606102,,,
m5b_smooth0,59,0.13340893760323524,0.10935945808887482,0.03577972576022148,0.10322239995002747,0.15043208003044128,0.6012069582939148,16.37693638727069,,,
m5b_smooth0,60,0.24661661311984062,0.17064517736434937,0.05830865353345871,0.08420853316783905,0.18992513418197632,0.4969119131565094,18.835887618362904,,,
m5b_smooth0,61,0.2154158279299736,0.12886451184749603,0.03306801989674568,0.04352230951189995,0.22940325736999512,0.5651420950889587,17.413317792117596,,,
m5b_smooth0,62,0.2247675834223628,0.05020638927817345,0.013587682507932186,0.029277058318257332,0.2512381374835968,0.6556910872459412,14.052144397981465,,,
m5b_smooth0,63,0.14911527279764414,0.025309232994914055,0.009651323780417442,0.03421761468052864,0.2055133730173111,0.7253075242042542,13.223757097497582,,,
m5b_smooth0,64,0.1000208780169487,0.029513878747820854,0.016288625076413155,0.07024270296096802,0.2086574286222458,0.675297737121582,12.912619778886437,,,
m5b_smooth0,65,0.31790374405682087,0.031683068722486496,0.022258417680859566,0.04922421649098396,0.07072318345308304,0.826109766960144,14.131514212116599,,,
m5b_smooth0,66,0.12187794782221317,0.040398240089416504,0.023766281083226204,0.027944743633270264,0.03106497786939144,0.8768270015716553,15.024527784436941,,,
m5b_smooth0,67,0.061829207465052605,0.06646107882261276,0.02861751802265644,0.024869227781891823,0.030399596318602562,0.8496527671813965,16.198825845494866,,,
m5b_smooth0,68,0.07361198961734772,0.08110016584396362,0.03241010755300522,0.026969073340296745,0.04667419567704201,0.8128468990325928,16.685903234407306,,,
m5b_smooth0,69,0.11268238350749016,0.07032299786806107,0.02985239215195179,0.039488598704338074,0.0904955118894577,0.7698402404785156,15.778930010274053,,,
m5b_smooth0,70,0.24332012236118317,0.07017865031957626,0.027867602184414864,0.07054714858531952,0.18109703063964844,0.6503093242645264,14.822237821295857,,,
m5b_smooth0,71,0.038790447637438774,0.06842410564422607,0.032185062766075134,0.08562503010034561,0.1801794469356537,0.6335863471031189,14.525971479713917,,,
m5b_smooth0,72,0.2947903461754322,0.04785224050283432,0.03477758541703224,0.04005236178636551,0.09892866760492325,0.7783888578414917,14.616013783961535,,,
m5b_smooth0,73,0.10015796683728695,0.03218243271112442,0.0318455845117569,0.02148311398923397,0.08602116256952286,0.8284682631492615,14.227944711223245,,,
m5b_smooth0,74,0.0295731108635664,0.02617383562028408,0.025425661355257034,0.019124945625662804,0.08769819885492325,0.8415776491165161,14.049205115064979,,,
m5b_smooth0,75,0.027333706617355347,0.028501344844698906,0.022014310583472252,0.030465051531791687,0.08556369692087173,0.8334574103355408,14.090839779004455,,,
m5b_smooth0,76,0.24475348554551601,0.04867638275027275,0.02768389694392681,0.08385912328958511,0.12870073318481445,0.7110796570777893,14.055864563211799,,,
m5b_smooth0,77,0.06401294097304344,0.04559929296374321,0.02515767700970173,0.083230160176754,0.16070686280727386,0.685305118560791,13.730025434866548,,,
m5b_smooth0,78,0.3968811696395278,0.02490691840648651,0.013042687438428402,0.016517799347639084,0.061786387115716934,0.8837460875511169,14.361961125396192,,,
m5b_smooth0,79,0.08726852992549539,0.02110709436237812,0.01238232385367155,0.007283210288733244,0.031847406178712845,0.9273808598518372,14.506921497639269,,,
m5b_smooth0,80,0.031204091850668192,0.026503898203372955,0.01828102208673954,0.008727316744625568,0.034709420055150986,0.9117783904075623,14.642560270614922,,,
m5b_smooth0,81,0.1934685157611966,0.041931215673685074,0.04363340139389038,0.025123771280050278,0.0742681547999382,0.8150447607040405,14.56538138911128,,,
m5b_smooth0,82,0.1552861798554659,0.029665322974324226,0.032710641622543335,0.04811616614460945,0.12891830503940582,0.7605897784233093,13.507663551717997,,,
m5b_smooth0,83,0.09386761859059334,0.01826050877571106,0.017780305817723274,0.06976994127035141,0.15419834852218628,0.7399911284446716,12.761984894052148,,,
m5b_smooth0,84,0.08102914690971375,0.014668990857899189,0.013385024853050709,0.06879451870918274,0.12264583259820938,0.7805055379867554,12.885506392456591,,,
m5b_smooth0,85,0.1391997542232275,0.015527300536632538,0.013501014560461044,0.04629908874630928,0.07554131746292114,0.8491310477256775,13.500660203397274,,,
m5b_smooth0,86,0.025969671085476875,0.02124270796775818,0.02077062986791134,0.041691649705171585,0.07538948953151703,0.8409056663513184,13.720813812687993,,,
m5b_smooth0,87,0.08921018429100513,0.02838604524731636,0.031108461320400238,0.041501954197883606,0.10251327604055405,0.7964901328086853,13.727231830358505,,,
m5b_smooth0,88,0.12008368410170078,0.02282489463686943,0.019465556368231773,0.025037109851837158,0.076140396296978,0.8565320372581482,13.98850185982883,,,
m5b_smooth0,89,0.02122385334223509,0.02292156033217907,0.014531216584146023,0.027480194345116615,0.07046294957399368,0.8646043539047241,14.069967021234334,,,
m5b_smooth0,90,0.10669853445142508,0.022740496322512627,0.017562467604875565,0.05565189942717552,0.09260928630828857,0.8114361763000488,13.557319417595863,,,
m5b_smooth0,91,0.23284108936786652,0.02151917852461338,0.025642763823270798,0.10163190960884094,0.15496966242790222,0.6962370872497559,12.453796062618494,,,
m5b_smooth0,92,0.06544818542897701,0.018889369443058968,0.027299964800477028,0.07153713703155518,0.18592216074466705,0.6963509917259216,12.425642551854253,,,
m5b_smooth0,93,0.15510301291942596,0.01947026140987873,0.026348086073994637,0.07572980970144272,0.25870048999786377,0.6197517514228821,11.909181149676442,,,
m5b_smooth0,94,0.4588487921282649,0.01280963234603405,0.013023591600358486,0.032003600150346756,0.09298720955848694,0.8491759300231934,13.416985820047557,,,
m5b_smooth0,95,0.16250358801335096,0.010478290729224682,0.008355097845196724,0.015554928220808506,0.03518321365118027,0.9304270148277283,13.95597802940756,,,
m5b_smooth0,96,0.01939623709768057,0.012363721616566181,0.008663583546876907,0.013666072860360146,0.027374450117349625,0.9379317164421082,14.11415028013289,,,
m5b_smooth0,97,0.09001053590327501,0.021697858348488808,0.01630624756217003,0.025236455723643303,0.04383254051208496,0.8929264545440674,14.201685262843966,,,
m5b_smooth0,98,0.10317897610366344,0.021003372967243195,0.022835681214928627,0.04170743003487587,0.07242188602685928,0.842031717300415,13.703557593747973,,,
m5b_smooth0,99,0.13584289140999317,0.017373105511069298,0.025139598175883293,0.06019853800535202,0.11954854428768158,0.7777407765388489,12.973332224413753,,,
m5b_smooth0,100,0.135167321190238,0.013144426047801971,0.01804404892027378,0.05573068931698799,0.1871318221092224,0.7259488105773926,12.447107782587409,,,
m5b_smooth0,101,0.05283545609563589,0.011626827530562878,0.013413384556770325,0.047062601894140244,0.21354977786540985,0.7143476605415344,12.347926534712315,,,
m5b_smooth0,102,0.21897677797824144,0.011443688534200191,0.012963241897523403,0.03316635265946388,0.11859066039323807,0.8238357901573181,13.162919296883047,,,
m5b_smooth0,103,0.05098229460418224,0.016284624114632607,0.02057134173810482,0.035973720252513885,0.09309930354356766,0.8340703248977661,13.434249622747302,,,
m5b_smooth0,104,0.05370139330625534,0.01809532754123211,0.022478697821497917,0.03598508611321449,0.0662488117814064,0.857191801071167,13.68058050610125,,,
m5b_smooth0,105,0.05323749501258135,0.014368994161486626,0.01535408291965723,0.038437824696302414,0.05048134922981262,0.8813581466674805,13.685190704651177,,,
m5b_smooth0,106,0.056658050045371056,0.012606478296220303,0.013773215934634209,0.058383241295814514,0.05886445194482803,0.8563719987869263,13.34657078422606,,,
m5b_smooth0,107,0.11228449083864689,0.013538402505218983,0.015483768656849861,0.08164943754673004,0.08909817785024643,0.8002299070358276,12.89964217506349,,,
m5b_smooth0,108,0.03387417644262314,0.013097289949655533,0.01472655963152647,0.06983756273984909,0.10603564232587814,0.796303391456604,12.900573621504009,,,
m5b_smooth0,109,0.17128352262079716,0.0133670624345541,0.015276036225259304,0.048550043255090714,0.1908579170703888,0.7319489121437073,12.5462401015684,,,
m5b_smooth0,110,0.046450802125036716,0.01280246116220951,0.01598603092133999,0.030902808532118797,0.18584424257278442,0.7544642090797424,12.740250751376152,,,
m5b_smooth0,111,0.28245543874800205,0.010783998295664787,0.014054089784622192,0.018744995817542076,0.060724325478076935,0.8956915140151978,13.682080449536443,,,
m5b_smooth0,112,0.06776082515716553,0.010749392211437225,0.01630690135061741,0.017419129610061646,0.028205273672938347,0.9273200035095215,13.893444787710905,,,
m5b_smooth0,113,0.016311505809426308,0.011719446629285812,0.01799071952700615,0.020428920164704323,0.020049382001161575,0.929811954498291,13.940157314762473,,,
m5b_smooth0,114,0.015875663608312607,0.011304513551294804,0.013776176609098911,0.027315618470311165,0.02109968103468418,0.9265027642250061,13.892730311490595,,,
m5b_smooth0,115,0.08141139429062605,0.012327462434768677,0.01188346091657877,0.049800120294094086,0.038298748433589935,0.8876906037330627,13.59669125918299,,,
m5b_smooth0,116,0.08271853160113096,0.012198731303215027,0.011461609974503517,0.061395127326250076,0.06806319206953049,0.8468821048736572,13.26036268286407,,,
m5b_smooth0,117,0.057323419488966465,0.009750225581228733,0.011280640959739685,0.035363126546144485,0.08528855443000793,0.8583186864852905,13.31586504727602,,,
m5b_smooth0,118,0.09311947505921125,0.009802913293242455,0.0147370845079422,0.02225327305495739,0.12833862006664276,0.8248682618141174,13.116197707131505,,,
m5b_smooth0,119,0.08448486216366291,0.00895837415009737,0.012524890713393688,0.013723978772759438,0.09768237173557281,0.8671108484268188,13.414527756161988,,,
m5b_smooth0.001,4,,0.20000606775283813,0.20000606775283813,0.20000606775283813,0.20000606775283813,0.20000606775283813,17.00051575899124,,,
m5b_smooth0.001,5,0.3179984614253044,0.2405754178762436,0.04099222272634506,0.2372826337814331,0.2405754178762436,0.2405754178762436,20.239448972046375,,,
m5b_smooth0.001,6,0.35752466320991516,0.30016273260116577,0.013202190399169922,0.08630994707345963,0.30016273260116577,0.30016273260116577,24.585313372313976,,,
m5b_smooth0.001,7,0.09381007961928844,0.31579750776290894,0.00893128477036953,0.04367512837052345,0.31579750776290894,0.3157975375652313,25.719555215910077,,,
m5b_smooth0.001,8,0.015058271586894989,0.3175254166126251,0.01127718947827816,0.036146488040685654,0.3175254166126251,0.3175254464149475,25.839275816455483,,,
m5b_smooth0.001,9,0.024608127772808075,0.3141794800758362,0.018537072464823723,0.041190724819898605,0.31191331148147583,0.3141794800758362,25.574783952906728,,,
m5b_smooth0.001,10,0.19105408899486065,0.35575050115585327,0.027298294007778168,0.044814079999923706,0.2163858413696289,0.35575050115585327,28.001978509128094,,,
m5b_smooth0.001,11,0.22978536784648895,0.4130401611328125,0.02761213481426239,0.0408422127366066,0.10546550154685974,0.4130401611328125,31.453369207680225,,,
m5b_smooth0.001,12,0.07663355208933353,0.4262043535709381,0.028085390105843544,0.05235665291547775,0.06714802980422974,0.4262043535709381,32.194313721731305,,,
m5b_smooth0.001,13,0.0441555492579937,0.41813555359840393,0.028257684782147408,0.07426196336746216,0.06120768561959267,0.41813555359840393,31.621528340503573,,,
m5b_smooth0.001,14,0.019027715548872948,0.42289280891418457,0.025750841945409775,0.06736037880182266,0.06110287830233574,0.4228927791118622,31.949619568884373,,,
m5b_smooth0.001,15,0.04309002496302128,0.4329947829246521,0.023870592936873436,0.04769617319107056,0.06244441121816635,0.4329948425292969,32.64568476192653,,,
m5b_smooth0.001,16,0.03593355417251587,0.4259851574897766,0.026452908292412758,0.03702741488814354,0.07782824337482452,0.432705819606781,32.299323780462146,,,
m5b_smooth0.001,17,0.08106870949268341,0.38887691497802734,0.02632247842848301,0.03373176231980324,0.11200328916311264,0.439065158367157,30.39106790535152,,,
m5b_smooth0.001,18,0.29688069224357605,0.5373173356056213,0.020073464140295982,0.029904380440711975,0.10199321806430817,0.3107113540172577,37.41273822449148,,,
m5b_smooth0.001,19,0.09466748312115669,0.5846505761146545,0.01764286495745182,0.028201721608638763,0.0679158866405487,0.30158770084381104,39.878921614959836,,,
m5b_smooth0.001,20,0.10367084480822086,0.6246913075447083,0.021593928337097168,0.03604600578546524,0.05961271747946739,0.258056104183197,41.64128487929702,,,
m5b_smooth0.001,21,0.09661472961306572,0.5991553664207458,0.031434640288352966,0.05637606978416443,0.07774880528450012,0.23528417944908142,39.98810498416424,,,
m5b_smooth0.001,22,0.08449121378362179,0.6329116225242615,0.02613183669745922,0.05831466242671013,0.08430016785860062,0.1983419805765152,41.542662078514695,,,
m5b_smooth0.001,23,0.03392769768834114,0.6373279094696045,0.018516073003411293,0.048966553062200546,0.08907902985811234,0.2061106562614441,41.914192697033286,,,
m5b_smooth0.001,24,0.014092495664954185,0.639732301235199,0.01860048621892929,0.053417567163705826,0.08918542414903641,0.19906437397003174,41.973990466445684,,,
m5b_smooth0.001,25,0.0828209426254034,0.6301104426383972,0.026505308225750923,0.0773230791091919,0.09878537803888321,0.1672755777835846,41.098456839099526,,,
m5b_smooth0.001,26,0.07513195835053921,0.6609926819801331,0.033189378678798676,0.07053034752607346,0.0986834317445755,0.13660460710525513,42.5075898617506,,,
m5b_smooth0.001,27,0.02783668041229248,0.6471867561340332,0.03307688236236572,0.07287345081567764,0.10154513269662857,0.14531806111335754,41.8281713873148,,,
m5b_smooth0.001,28,0.07466702535748482,0.6465904116630554,0.025675270706415176,0.05276535451412201,0.09231735020875931,0.18265125155448914,42.18273500725627,,,
m5b_smooth0.001,29,0.17467416636645794,0.5661606192588806,0.024699272587895393,0.04683445766568184,0.09776826947927475,0.2645378112792969,38.52274704538286,,,
m5b_smooth0.001,30,0.06748249754309654,0.5948953032493591,0.029705485329031944,0.04566532000899315,0.08580989390611649,0.24392372369766235,39.87602102942765,,,
m5b_smooth0.001,31,0.07597737945616245,0.6253713965415955,0.0372183658182621,0.04004153609275818,0.06393886357545853,0.23343013226985931,41.395220663398504,,,
m5b_smooth0.001,32,0.053221963346004486,0.6468751430511475,0.030033953487873077,0.03126055374741554,0.05329287797212601,0.23853696882724762,42.648891907185316,,,
m5b_smooth0.001,33,0.3624916784465313,0.46562910079956055,0.03152163699269295,0.04627853259444237,0.0972231924533844,0.3593466281890869,33.81951842457056,,,
m5b_smooth0.001,34,0.0803585946559906,0.4631192088127136,0.0293755903840065,0.05949989706277847,0.12418157607316971,0.3238237202167511,33.39783092588186,,,
m5b_smooth0.001,35,0.09544419124722481,0.4915160834789276,0.026616591960191727,0.0556209459900856,0.08309779316186905,0.3431493043899536,35.07021925225854,,,
m5b_smooth0.001,36,0.08455139212310314,0.498991459608078,0.025575431063771248,0.04535894840955734,0.05212528631091118,0.37794965505599976,35.7573120277375,,,
m5b_smooth0.001,37,0.1401530485600233,0.539280116558075,0.036569710820913315,0.0589391365647316,0.05733850598335266,0.3078729510307312,37.28178497031331,,,
m5b_smooth0.001,38,0.290953665971756,0.3949449956417084,0.044513896107673645,0.05779704824090004,0.09295014292001724,0.40979358553886414,30.302365977317095,,,
m5b_smooth0.001,39,0.129265908151865,0.4411458373069763,0.024045392870903015,0.031208761036396027,0.11138229072093964,0.3922174572944641,32.857142351567745,,,
m5b_smooth0.001,40,0.13908187858760357,0.38400694727897644,0.015646476298570633,0.02720559947192669,0.11918831616640091,0.4539523422718048,30.32733111642301,,,
m5b_smooth0.001,41,0.19634064100682735,0.4636809229850769,0.01854659616947174,0.04280250519514084,0.10174568742513657,0.3732253313064575,33.90518394112587,,,
m5b_smooth0.001,42,0.16966628283262253,0.37884756922721863,0.028603896498680115,0.08266648650169373,0.10352704674005508,0.406355619430542,29.421125508844852,,,
m5b_smooth0.001,43,0.1507125161588192,0.32306426763534546,0.03282911702990532,0.07059625536203384,0.09602391719818115,0.477486252784729,26.98544890061021,,,
m5b_smooth0.001,44,0.05714543163776398,0.3397134244441986,0.030903097242116928,0.04394959658384323,0.1020568460226059,0.4833769202232361,28.02723215892911,,,
m5b_smooth0.001,45,0.09255040809512138,0.3016664981842041,0.03306368365883827,0.035721343010663986,0.10426197201013565,0.5252864360809326,26.324061512947083,,,
m5b_smooth0.001,46,0.0473913848400116,0.3062739372253418,0.030979402363300323,0.04308658838272095,0.11598523706197739,0.5036752820014954,26.400026008486748,,,
m5b_smooth0.001,47,0.03156815096735954,0.30486100912094116,0.02886589616537094,0.05887087062001228,0.11510221660137177,0.4923008680343628,26.19506672397256,,,
m5b_smooth0.001,48,0.15839814022183418,0.34701240062713623,0.03276059031486511,0.07693113386631012,0.13019445538520813,0.41310131549835205,27.779077634215355,,,
m5b_smooth0.001,49,0.19047486409544945,0.28196844458580017,0.024426419287919998,0.05507171154022217,0.15541595220565796,0.48311713337898254,24.959299761801958,,,
m5b_smooth0.001,50,0.22012257762253284,0.20284920930862427,0.0198026355355978,0.040111105889081955,0.1440587341785431,0.5931788682937622,21.624003807082772,,,
m5b_smooth0.001,51,0.12013021297752857,0.1427840292453766,0.025057855993509293,0.0492367148399353,0.14819081127643585,0.6347309947013855,18.66337935999036,,,
m5b_smooth0.001,52,0.18322142958641052,0.16745920479297638,0.03411281481385231,0.07403770089149475,0.18127062916755676,0.5431205034255981,19.17635965719819,,,
m5b_smooth0.001,53,0.15057194232940674,0.18660524487495422,0.029314767569303513,0.05520720034837723,0.12961304187774658,0.5992602705955505,20.688186142593622,,,
m5b_smooth0.001,54,0.09883683361113071,0.1907227337360382,0.029910435900092125,0.04083247482776642,0.09456930309534073,0.643965482711792,21.273273764178157,,,
m5b_smooth0.001,55,0.03836713545024395,0.20503006875514984,0.03471364080905914,0.040905293077230453,0.08969946205615997,0.6296515464782715,21.90225153043866,,,
m5b_smooth0.001,56,0.04934640973806381,0.18709944188594818,0.035293277353048325,0.056831419467926025,0.09786706417798996,0.6229091286659241,20.837551299482584,,,
m5b_smooth0.001,57,0.1299894768744707,0.1345687061548233,0.022829467430710793,0.06376942992210388,0.09895052760839462,0.6798825860023499,18.49927002377808,,,
m5b_smooth0.001,58,0.060342324897646904,0.130777969956398,0.024237431585788727,0.08259662240743637,0.10888630151748657,0.6535019278526306,18.029936596751213,,,
m5b_smooth0.001,59,0.049221187829971313,0.12982401251792908,0.033884696662425995,0.08459947258234024,0.1218467503786087,0.6298452615737915,17.747884780168533,,,
m5b_smooth0.001,60,0.1856066845357418,0.17066200077533722,0.0574113093316555,0.07931891083717346,0.1502852886915207,0.5423222780227661,19.17959700152278,,,
m5b_smooth0.001,61,0.2230771854519844,0.10632004588842392,0.03475189581513405,0.054781682789325714,0.2069939225912094,0.5971522331237793,16.387388419359922,,,
m5b_smooth0.001,62,0.16948867589235306,0.04737876355648041,0.015451434999704361,0.04827912896871567,0.26823267340660095,0.6206578612327576,13.569853406399488,,,
m5b_smooth0.001,63,0.19719901122152805,0.02725282311439514,0.01097136177122593,0.05670063942670822,0.19423919916152954,0.710835874080658,13.127619298174977,,,
m5b_smooth0.001,64,0.0871434435248375,0.03617134690284729,0.0177310798317194,0.08459414541721344,0.18800504505634308,0.6734983325004578,13.186806300655007,,,
m5b_smooth0.001,65,0.3267085403203964,0.04117576777935028,0.022433700039982796,0.0381096675992012,0.07113586366176605,0.8271461725234985,14.685306230559945,,,
m5b_smooth0.001,66,0.09202053770422935,0.05982024967670441,0.02502717636525631,0.02142026275396347,0.04181431978940964,0.8519178032875061,15.898052429780364,,,
m5b_smooth0.001,67,0.09380914643406868,0.09210505336523056,0.030071953311562538,0.0228012315928936,0.05000877007842064,0.8050136566162109,17.245031433179975,,,
m5b_smooth0.001,68,0.05225037783384323,0.06785343587398529,0.028197580948472023,0.025786280632019043,0.06732640415430069,0.8108353614807129,15.999742465093732,,,
m5b_smooth0.001,69,0.13222861662507057,0.05025302991271019,0.027890419587492943,0.044192586094141006,0.11503434181213379,0.7626285552978516,14.657690139487386,,,
m5b_smooth0.001,70,0.12773100100457668,0.04985988885164261,0.02734069526195526,0.07478301227092743,0.1483098715543747,0.6997063755989075,14.077341422438622,,,
m5b_smooth0.001,71,0.045526113361120224,0.05884635075926781,0.03473866730928421,0.08116130530834198,0.1269414722919464,0.6983113884925842,14.473953373730183,,,
m5b_smooth0.001,72,0.1326478123664856,0.056586507707834244,0.042878784239292145,0.04112156480550766,0.10291750729084015,0.7564955353736877,14.87279398739338,,,
m5b_smooth0.001,73,0.08298545889556408,0.04167451709508896,0.03462853655219078,0.022791432216763496,0.1250523179769516,0.7758538126945496,14.340793462470174,,,
m5b_smooth0.001,74,0.049667442217469215,0.03170250728726387,0.022317880764603615,0.02023988775908947,0.12662072479724884,0.7991186380386353,14.05919398739934,,,
m5b_smooth0.001,75,0.05507516860961914,0.03318922221660614,0.019002944231033325,0.03463960438966751,0.10239808261394501,0.81076979637146,14.181838817894459,,,
m5b_smooth0.001,76,0.1919609922915697,0.0520494170486927,0.024879833683371544,0.09387335181236267,0.11440783739089966,0.7147893905639648,14.237371241673827,,,
m5b_smooth0.001,77,0.07328804582357407,0.0400642529129982,0.023517446592450142,0.07332299649715424,0.11166215687990189,0.7514338493347168,13.949050599709153,,,
m5b_smooth0.001,78,0.28027001302689314,0.022033220157027245,0.014628211036324501,0.015445574186742306,0.05632482469081879,0.8915688395500183,14.259195669554174,,,
m5b_smooth0.001,79,0.022455940954387188,0.024970296770334244,0.018996188417077065,0.009522082284092903,0.05101989209651947,0.8954913020133972,14.439797714352608,,,
m5b_smooth0.001,80,0.08300061337649822,0.03304273635149002,0.025543149560689926,0.01324486918747425,0.07417822629213333,0.8539912104606628,14.522966468706727,,,
m5b_smooth0.001,81,0.21454072557389736,0.039910390973091125,0.0408407598733902,0.03403598442673683,0.13849209249019623,0.7467207312583923,13.961107056587934,,,
m5b_smooth0.001,82,0.07726636156439781,0.021456480026245117,0.02357722818851471,0.046783387660980225,0.13557609915733337,0.7726062536239624,13.21683643758297,,,
m5b_smooth0.001,83,0.06089101731777191,0.015156179666519165,0.01621931418776512,0.06146474555134773,0.1187889501452446,0.7883705496788025,12.978694677352905,,,
m5b_smooth0.001,84,0.023618174716830254,0.016953231766819954,0.017701420933008194,0.0699947327375412,0.11143608391284943,0.7839143872261047,12.999733533710241,,,
m5b_smooth0.001,85,0.11717699281871319,0.020553169772028923,0.019158026203513145,0.04657713323831558,0.0762655958533287,0.8374467492103577,13.650193272158504,,,
m5b_smooth0.001,86,0.03234607167541981,0.024551745504140854,0.024398894980549812,0.03945073485374451,0.08319873362779617,0.828399658203125,13.795842180028558,,,
m5b_smooth0.001,87,0.06401601247489452,0.025283994153141975,0.0269716065376997,0.03697561100125313,0.11190205067396164,0.7988670468330383,13.622391099110246,,,
m5b_smooth0.001,88,0.10313805937767029,0.019859937950968742,0.017024582251906395,0.025985680520534515,0.08669398725032806,0.8504360318183899,13.79954025708139,,,
m5b_smooth0.001,89,0.06416626274585724,0.02522427961230278,0.016780082136392593,0.03990781307220459,0.09949091821908951,0.818597674369812,13.806764166802168,,,
m5b_smooth0.001,90,0.08156867697834969,0.022256050258874893,0.019578352570533752,0.0778936967253685,0.0966513454914093,0.7836209535598755,13.235875226557255,,,
m5b_smooth0.001,91,0.049664175137877464,0.01715228520333767,0.023130975663661957,0.0900430977344513,0.105781190097332,0.763892412185669,12.757359482347965,,,
m5b_smooth0.001,92,0.061891695484519005,0.01651930995285511,0.02528567425906658,0.05973029509186745,0.12345083802938461,0.7750139832496643,12.909986788406968,,,
m5b_smooth0.001,93,0.3680906295776367,0.022591758519411087,0.030356481671333313,0.09320894628763199,0.2628745436668396,0.5909689664840698,11.77917616814375,,,
m5b_smooth0.001,94,0.508401045575738,0.014015642926096916,0.012620717287063599,0.03226238116621971,0.09593234211206436,0.8451693654060364,13.454243946820498,,,
m5b_smooth0.001,95,0.14835415687412024,0.011605711653828621,0.007938608527183533,0.014802427031099796,0.04630666971206665,0.9193458557128906,13.943677256815135,,,
m5b_smooth0.001,96,0.006828802637755871,0.013858631253242493,0.008749622851610184,0.013470396399497986,0.044224902987480164,0.9196969270706177,14.066009987145662,,,
m5b_smooth0.001,97,0.12055183947086334,0.0228152796626091,0.017210500314831734,0.026005322113633156,0.07454802095890045,0.859420657157898,14.017868593335152,,,
m5b_smooth0.001,98,0.07086789608001709,0.017666779458522797,0.0215025432407856,0.03863011300563812,0.093065045773983,0.8291351199150085,13.456746648997068,,,
m5b_smooth0.001,99,0.07291267905384302,0.014204063452780247,0.022922078147530556,0.05337066575884819,0.11336124688386917,0.7961414456367493,12.974786849692464,,,
m5b_smooth0.001,100,0.024100420996546745,0.012043005786836147,0.017180325463414192,0.04922422766685486,0.12383575737476349,0.7977181077003479,12.922337165102363,,,
m5b_smooth0.001,101,0.05393498204648495,0.013516509905457497,0.015222101472318172,0.05147174000740051,0.14708156883716583,0.7727081775665283,12.828113383613527,,,
m5b_smooth0.001,102,0.029907580465078354,0.015018775127828121,0.016818450763821602,0.044161271303892136,0.13943813741207123,0.7845632433891296,13.010381141677499,,,
m5b_smooth0.001,103,0.04267492797225714,0.019025461748242378,0.02476857788860798,0.046121127903461456,0.14685900509357452,0.7632258534431458,13.017834650352597,,,
m5b_smooth0.001,104,0.143464470282197,0.015983430668711662,0.01982540637254715,0.036068130284547806,0.09316466003656387,0.8349577784538269,13.428597155958414,,,
m5b_smooth0.001,105,0.06064840964972973,0.01268305629491806,0.01340273767709732,0.03731434419751167,0.07256411015987396,0.8640363812446594,13.490787256509066,,,
m5b_smooth0.001,106,0.05766622629016638,0.012657665647566319,0.013776302337646484,0.05686858668923378,0.08146920055150986,0.835228443145752,13.207324609160423,,,
m5b_smooth0.001,107,0.047345658764243126,0.013961288146674633,0.015900015830993652,0.0690847635269165,0.08949894458055496,0.8115560412406921,13.049108784645796,,,
m5b_smooth0.001,108,0.016652747988700867,0.013893713243305683,0.015594882890582085,0.06269201636314392,0.08793704956769943,0.8198814392089844,13.131193222478032,,,
m5b_smooth0.001,109,0.14053518325090408,0.014239286072552204,0.016482854261994362,0.0540466271340847,0.15697115659713745,0.7582592964172363,12.747408146038651,,,
m5b_smooth0.001,110,0.07742513623088598,0.012186519801616669,0.015612397342920303,0.03545933961868286,0.13976962864398956,0.796972393989563,12.989182520657778,,,
m5b_smooth0.001,111,0.20067010167986155,0.010479292832314968,0.013907091692090034,0.022365311160683632,0.05594132840633392,0.8973076343536377,13.663656774908304,,,
m5b_smooth0.001,112,0.031814852729439735,0.012227884493768215,0.018774546682834625,0.023458389565348625,0.04003326594829559,0.9055052995681763,13.78012984059751,,,
m5b_smooth0.001,113,0.010995754972100258,0.012946235947310925,0.019293222576379776,0.025198813527822495,0.03453677520155907,0.9080271124839783,13.825800821185112,,,
m5b_smooth0.001,114,0.017087332904338837,0.011129964143037796,0.012734916992485523,0.02933766134083271,0.03894098848104477,0.9078574180603027,13.751136521808803,,,
m5b_smooth0.001,115,0.12419056054204702,0.012101639062166214,0.011234123259782791,0.051242269575595856,0.07815878093242645,0.8472617268562317,13.299834918230772,,,
m5b_smooth0.001,116,0.038296062499284744,0.0111410953104496,0.010585092008113861,0.05061478167772293,0.0973074659705162,0.8303514122962952,13.136967189610004,,,
m5b_smooth0.001,117,0.08826978877186775,0.009309014305472374,0.011195186525583267,0.028665004298090935,0.0769546702504158,0.8738764524459839,13.428684083744884,,,
m5b_smooth0.001,118,0.04548901226371527,0.010626914910972118,0.01644539088010788,0.021902814507484436,0.09313081949949265,0.8578938841819763,13.382198844105005,,,
m5b_smooth0.001,119,0.0652518030256033,0.009910345077514648,0.013413623906672001,0.015784557908773422,0.0703711062669754,0.890519380569458,13.615257074125111,,,
m5b_smooth0.01,4,,0.20000606775283813,0.20000606775283813,0.20000606775283813,0.20000606775283813,0.20000606775283813,17.00051575899124,,,
m5b_smooth0.01,5,0.30471277981996536,0.2398986667394638,0.047633878886699677,0.23266886174678802,0.2398986667394638,0.2398986667394638,20.177432470023632,,,
m5b_smooth0.01,6,0.22158212028443813,0.2768293023109436,0.020026089623570442,0.14948643743991852,0.2768293023109436,0.2768293023109436,22.891658889129758,,,
m5b_smooth0.01,7,0.17521073017269373,0.30603107810020447,0.012173757888376713,0.06973336637020111,0.30603107810020447,0.30603107810020447,25.009891183115542,,,
m5b_smooth0.01,8,0.04422886110842228,0.31329047679901123,0.01251052226871252,0.04761946573853493,0.31329047679901123,0.31329047679901123,25.531897540204227,,,
m5b_smooth0.01,9,0.07829812448471785,0.2969271242618561,0.015793683007359505,0.04119669273495674,0.3491559624671936,0.2969271242618561,24.556082693859935,,,
m5b_smooth0.01,10,0.05924433842301369,0.2821158766746521,0.0222229715436697,0.04425131157040596,0.36929386854171753,0.2821158468723297,23.616608442738652,,,
m5b_smooth0.01,11,0.051756514236330986,0.2936704754829407,0.024991989135742188,0.04135310649871826,0.34631380438804626,0.2936704754829407,24.30486312508583,,,
m5b_smooth0.01,12,0.3782619759440422,0.38823601603507996,0.024617347866296768,0.03864612057805061,0.1602645367383957,0.38823601603507996,29.991872653365135,,,
m5b_smooth0.01,13,0.12630461156368256,0.41740408539772034,0.025896642357110977,0.042182620614767075,0.09711191803216934,0.4174041450023651,31.72013108432293,,,
m5b_smooth0.01,14,0.041985753923654556,0.42477160692214966,0.02833682671189308,0.04600082337856293,0.07611950486898422,0.42477157711982727,32.13227432593703,,,
m5b_smooth0.01,15,0.01261536031961441,0.426187664270401,0.028923925012350082,0.048888616263866425,0.06981121003627777,0.4261876940727234,32.20215581730008,,,
m5b_smooth0.01,16,0.06664812006056309,0.4563920795917511,0.029333023354411125,0.04828021675348282,0.0725221261382103,0.3934724032878876,33.573966978117824,,,
m5b_smooth0.01,17,0.02088717184960842,0.44960421323776245,0.027668341994285583,0.04872316122055054,0.0825231596827507,0.39148175716400146,33.20849733799696,,,
m5b_smooth0.01,18,0.125299334526062,0.5122536420822144,0.021162133663892746,0.039057496935129166,0.077274851500988,0.35025203227996826,36.31800556182861,,,
m5b_smooth0.01,19,0.057935766875743866,0.4835684299468994,0.022798210382461548,0.03877515345811844,0.08392554521560669,0.370933473110199,34.933776907622814,,,
m5b_smooth0.01,20,0.0662961658090353,0.5158681273460388,0.02364618517458439,0.03767871484160423,0.07785664498806,0.3449503183364868,36.46307094208896,,,
m5b_smooth0.01,21,0.065106600522995,0.5381060242652893,0.025718403980135918,0.04153813421726227,0.08224045485258102,0.3123970627784729,37.38593632541597,,,
m5b_smooth0.01,22,0.030851585790514946,0.5238164663314819,0.02458178997039795,0.04586084932088852,0.08551795780658722,0.32022225856781006,36.67288964241743,,,
m5b_smooth0.01,23,0.04840920493006706,0.5042052268981934,0.02229035273194313,0.04604780673980713,0.08321637660264969,0.3442402482032776,35.8146254979074,,,
m5b_smooth0.01,24,0.056353773921728134,0.5217021703720093,0.02459236979484558,0.04987829923629761,0.08776364475488663,0.31606319546699524,36.515587739646435,,,
m5b_smooth0.01,25,0.04981699213385582,0.5448120832443237,0.026075899600982666,0.05019335821270943,0.08582860231399536,0.29308974742889404,37.56943764910102,,,
m5b_smooth0.01,26,0.053252240642905235,0.5709194540977478,0.025813089683651924,0.04807354882359505,0.08634773641824722,0.26884663105010986,38.793487971648574,,,
m5b_smooth0.01,27,0.05987164191901684,0.5410993099212646,0.025697048753499985,0.05588943138718605,0.08979460597038269,0.28751933574676514,37.31315688043833,,,
m5b_smooth0.01,28,0.059742869809269905,0.5112278461456299,0.027525754645466805,0.059313781559467316,0.09869947284460068,0.3032328188419342,35.815293641760945,,,
m5b_smooth0.01,29,0.12416929006576538,0.44914376735687256,0.029210666194558144,0.06028362363576889,0.10377514362335205,0.357587605714798,32.891340063884854,,,
m5b_smooth0.01,30,0.1612771451473236,0.5290759801864624,0.02991667203605175,0.054683465510606766,0.0898328647017479,0.2964911162853241,36.71823156066239,,,
m5b_smooth0.01,31,0.038358764722943306,0.5288887619972229,0.03144395351409912,0.04669324681162834,0.07883106172084808,0.3141433596611023,36.85467388108373,,,
m5b_smooth0.01,32,0.049165407195687294,0.5117493271827698,0.027368085458874702,0.04409144073724747,0.07806500047445297,0.33872559666633606,36.15321539528668,,,
m5b_smooth0.01,33,0.04699457250535488,0.4912051558494568,0.029279939830303192,0.051412105560302734,0.09233003854751587,0.3357727527618408,35.002954415977,,,
m5b_smooth0.01,34,0.0091025959700346,0.48828428983688354,0.028324266895651817,0.05154239758849144,0.09165523946285248,0.3401937186717987,34.88430758751929,,,
m5b_smooth0.01,35,0.022483399137854576,0.497036874294281,0.02934902533888817,0.05300655588507652,0.08950945734977722,0.3310976028442383,35.272513791918755,,,
m5b_smooth0.01,36,0.03128788620233536,0.5061203241348267,0.03158695623278618,0.05574521794915199,0.09109406173229218,0.315454363822937,35.620061583817005,,,
m5b_smooth0.01,37,0.049926843494176865,0.4811569154262543,0.0354406014084816,0.05891725793480873,0.09765718877315521,0.3268289864063263,34.34081343188882,,,
m5b_smooth0.01,38,0.05180193856358528,0.4643295109272003,0.03491710498929024,0.050490137189626694,0.09753381460905075,0.35272952914237976,33.66710828244686,,,
m5b_smooth0.01,39,0.03230714984238148,0.4714292287826538,0.02788318134844303,0.0436924584209919,0.09521207958459854,0.36178362369537354,34.17616957239807,,,
m5b_smooth0.01,40,0.07610630057752132,0.4345278739929199,0.026731029152870178,0.0471060648560524,0.09620608389377594,0.3954288065433502,32.44916754215956,,,
m5b_smooth0.01,41,0.04664359241724014,0.4505445063114166,0.030064646154642105,0.05107768252491951,0.09607503563165665,0.3722381293773651,33.099827133119106,,,
m5b_smooth0.01,42,0.05044906586408615,0.425320029258728,0.03267737478017807,0.06094682216644287,0.10421591997146606,0.3768399655818939,31.739990554749966,,,
m5b_smooth0.01,43,0.07186632789671421,0.40168964862823486,0.028878742828965187,0.058720383793115616,0.0979381799697876,0.41277310252189636,30.770809506997466,,,
m5b_smooth0.01,44,0.042479170486330986,0.41622570157051086,0.027873750776052475,0.05815694108605385,0.10464169085025787,0.39310193061828613,31.411805532872677,,,
m5b_smooth0.01,45,0.0674697533249855,0.3828340768814087,0.032463714480400085,0.057813696563243866,0.11147456616163254,0.4154139757156372,29.772067040205002,,,
m5b_smooth0.01,46,0.04932057484984398,0.405398428440094,0.03143102675676346,0.059902582317590714,0.1114816665649414,0.3917864263057709,30.800426114350557,,,
m5b_smooth0.01,47,0.06957346946001053,0.435455858707428,0.031569916754961014,0.0630849227309227,0.11288938671350479,0.35699933767318726,32.13639264181256,,,
m5b_smooth0.01,48,0.035581644624471664,0.4524564743041992,0.03236011415719986,0.06135934591293335,0.10940440744161606,0.34441906213760376,32.95152433216572,,,
m5b_smooth0.01,49,0.08193242736160755,0.4221537709236145,0.026515120640397072,0.056541237980127335,0.11391164362430573,0.3808784484863281,31.655044874176383,,,
m5b_smooth0.01,50,0.2601854298263788,0.2920611500740051,0.02930818498134613,0.06631674617528915,0.15427319705486298,0.45804113149642944,25.244415648281574,,,
m5b_smooth0.01,51,0.058511268347501755,0.26280537247657776,0.03346799686551094,0.06874069571495056,0.15950937569141388,0.4754766821861267,23.7812516130507,,,
m5b_smooth0.01,52,0.033744052052497864,0.27110886573791504,0.0296001099050045,0.06734398752450943,0.1680779606103897,0.4638693034648895,24.168879989534616,,,
m5b_smooth0.01,53,0.04100198671221733,0.2559743821620941,0.027609534561634064,0.06834380328655243,0.1647016704082489,0.4833701252937317,23.511197321116924,,,
m5b_smooth0.01,54,0.0562254935503006,0.24941599369049072,0.03408658504486084,0.0645919069647789,0.14689922332763672,0.5050058364868164,23.291198201477528,,,
m5b_smooth0.01,55,0.19269441068172455,0.19818757474422455,0.03533400595188141,0.045778192579746246,0.12059447169303894,0.6001059412956238,21.3095675483346,,,
m5b_smooth0.01,56,0.012274924665689468,0.2039354294538498,0.03520567715167999,0.04616755619645119,0.11569993942975998,0.5989910960197449,21.60560903325677,,,
m5b_smooth0.01,57,0.06624496355652809,0.18030908703804016,0.02570965886116028,0.050888337194919586,0.11873503774404526,0.6243578195571899,20.569074630737305,,,
m5b_smooth0.01,58,0.07322400994598866,0.17580103874206543,0.0280014518648386,0.06571384519338608,0.13822932541370392,0.5922534465789795,20.032358841970563,,,
m5b_smooth0.01,59,0.08877727948129177,0.13914933800697327,0.03178148716688156,0.07348726689815521,0.1304926872253418,0.6250889301300049,18.265897400677204,,,
m5b_smooth0.01,60,0.021237168461084366,0.14189790189266205,0.03965162858366966,0.07061371207237244,0.1251620650291443,0.6226746439933777,18.358946349471807,,,
m5b_smooth0.01,61,0.04180550202727318,0.13102558255195618,0.0339508131146431,0.06628412753343582,0.14145687222480774,0.6272826194763184,17.866492927074432,,,
m5b_smooth0.01,62,0.057203032076358795,0.11197828501462936,0.024396821856498718,0.07520455121994019,0.16059519350528717,0.6278256177902222,16.8824325799942,,,
m5b_smooth0.01,63,0.07503930851817131,0.08368057012557983,0.018697064369916916,0.0744657814502716,0.15781164169311523,0.6653451323509216,15.682441961020231,,,
m5b_smooth0.01,64,0.0970490574836731,0.08397357910871506,0.022256504744291306,0.08153877407312393,0.1954105794429779,0.6168204545974731,15.308647993952036,,,
m5b_smooth0.01,65,0.039239199832081795,0.08813774585723877,0.027271857485175133,0.06729058176279068,0.19003890454769135,0.6272602677345276,15.629324434325099,,,
m5b_smooth0.01,66,0.05260111764073372,0.09370054304599762,0.02575460635125637,0.05208684876561165,0.18045969307422638,0.6479983925819397,16.13924308307469,,,
m5b_smooth0.01,67,0.028123822063207626,0.10387628525495529,0.025454772636294365,0.04677850753068924,0.17200547456741333,0.6518840789794922,16.728782838210464,,,
m5b_smooth0.01,68,0.2136776577681303,0.08141909539699554,0.022210929542779922,0.033944886177778244,0.10370171070098877,0.7587233185768127,16.357229746878147,,,
m5b_smooth0.01,69,0.033070700243115425,0.085355244576931,0.027375532314181328,0.03948340192437172,0.10559762269258499,0.7421877980232239,16.396952943876386,,,
m5b_smooth0.01,70,0.006747612729668617,0.08474918454885483,0.02670973166823387,0.042857009917497635,0.1047472357749939,0.7409360408782959,16.346567057073116,,,
m5b_smooth0.01,71,0.021416738629341125,0.08051884174346924,0.03189618140459061,0.04837945103645325,0.10064300894737244,0.7385627627372742,16.05254478007555,,,
m5b_smooth0.01,72,0.019813790917396545,0.07637165486812592,0.039247822016477585,0.047121163457632065,0.1031978651881218,0.7340609431266785,15.76214886456728,,,
m5b_smooth0.01,73,0.05830159783363342,0.062121644616127014,0.0315304733812809,0.039938490837812424,0.11265599727630615,0.7537543773651123,15.219797886908054,,,
m5b_smooth0.01,74,0.03654466010630131,0.05761341750621796,0.027833612635731697,0.038997311145067215,0.13092772662639618,0.7446277141571045,14.942912681028247,,,
m5b_smooth0.01,75,0.014486514031887054,0.058365434408187866,0.027143115177750587,0.04548901692032814,0.12947311997413635,0.7395300269126892,14.92526844702661,,,
m5b_smooth0.01,76,0.010059135034680367,0.05877885967493057,0.026981331408023834,0.05010480806231499,0.1287921518087387,0.7353428602218628,14.900372441858053,,,
m5b_smooth0.01,77,0.06585797108709812,0.05674079805612564,0.030076054856181145,0.05388689041137695,0.15484437346458435,0.7044519782066345,14.542422918602824,,,
m5b_smooth0.01,78,0.01433342881500721,0.05650130659341812,0.03185686096549034,0.04695957526564598,0.15549173951148987,0.7091904282569885,14.579922154545784,,,
m5b_smooth0.01,79,0.0246947780251503,0.058287810534238815,0.034943003207445145,0.044881150126457214,0.14522287249565125,0.7166652679443359,14.716728944331408,,,
m5b_smooth0.01,80,0.1685109082609415,0.04357201233506203,0.01983017288148403,0.03803905472159386,0.09763742983341217,0.8009200096130371,14.644610220566392,,,
m5b_smooth0.01,81,0.017059409990906715,0.03979497775435448,0.02128615230321884,0.04511290416121483,0.09519080817699432,0.7986140847206116,14.391256373375654,,,
m5b_smooth0.01,82,0.04844721034169197,0.03221549466252327,0.02288243919610977,0.042792826890945435,0.08086727559566498,0.8212419152259827,14.147648341953754,,,
m5b_smooth0.01,83,0.01215948723256588,0.027613621205091476,0.02451239712536335,0.043333712965250015,0.07938919961452484,0.8251506090164185,13.919163731858134,,,
m5b_smooth0.01,84,0.015101848170161247,0.025005895644426346,0.023622218519449234,0.041996780782938004,0.07667308300733566,0.8327015042304993,13.844498939812183,,,
m5b_smooth0.01,85,0.06028617173433304,0.021752657368779182,0.0184690710157156,0.03434447571635246,0.06258874386548996,0.8628446459770203,13.944608191028237,,,
m5b_smooth0.01,86,0.012021761387586594,0.020985538139939308,0.019913198426365852,0.03583492711186409,0.0656646117568016,0.8576004505157471,13.852608857676387,,,
m5b_smooth0.01,87,0.002455824986100197,0.019966421648859978,0.02053666114807129,0.03562665358185768,0.06615663319826126,0.8577134013175964,13.796485971659422,,,
m5b_smooth0.01,88,0.005086444318294525,0.019749697297811508,0.01998949609696865,0.03405439108610153,0.06870009750127792,0.8575065732002258,13.79312721453607,,,
m5b_smooth0.01,89,0.018547629937529564,0.021351132541894913,0.020071957260370255,0.039230696856975555,0.07111399620771408,0.8482330441474915,13.79189259186387,,,
m5b_smooth0.01,90,0.014962369576096535,0.020209327340126038,0.020179996266961098,0.04639348387718201,0.06477418541908264,0.8484429717063904,13.703540990129113,,,
m5b_smooth0.01,91,0.06974868290126324,0.021201740950345993,0.02532779425382614,0.06189226731657982,0.07800907641649246,0.8135681748390198,13.41912703588605,,,
m5b_smooth0.01,92,0.014613870531320572,0.020680801942944527,0.02615060843527317,0.061261702328920364,0.08449367433786392,0.8074132204055786,13.346024638041854,,,
m5b_smooth0.01,93,0.17187661305069923,0.022788332775235176,0.027790898457169533,0.10521767288446426,0.12272863835096359,0.72147536277771,12.670499430969357,,,
m5b_smooth0.01,94,0.14001735113561153,0.018807608634233475,0.016054918989539146,0.06024736538529396,0.11340687423944473,0.7914839386940002,13.199876794591546,,,
m5b_smooth0.01,95,0.0292293643578887,0.018990421667695045,0.013964124955236912,0.04772268235683441,0.12054543942213058,0.7987764477729797,13.323245816864073,,,
m5b_smooth0.01,96,0.11183862946927547,0.01587022840976715,0.010939252562820911,0.02911142259836197,0.0893833190202713,0.8546966314315796,13.64192329812795,,,
m5b_smooth0.01,97,0.022581959143280983,0.017340773716568947,0.0136485630646348,0.031768713146448135,0.09383704513311386,0.843405544757843,13.613938068039715,,,
m5b_smooth0.01,98,0.029150242917239666,0.016568278893828392,0.015250720083713531,0.033579643815755844,0.08003365248441696,0.8545668125152588,13.634257327765226,,,
m5b_smooth0.01,99,0.04130617156624794,0.017650175839662552,0.019778458401560783,0.04112079367041588,0.08753668516874313,0.8339144587516785,13.489710608497262,,,
m5b_smooth0.01,100,0.012152498587965965,0.01652965508401394,0.01908889226615429,0.041691992431879044,0.08327043801546097,0.839419424533844,13.47070918418467,,,
m5b_smooth0.01,101,0.05580459348857403,0.016696352511644363,0.019381040707230568,0.052449584007263184,0.09995575249195099,0.8115165829658508,13.23943337239325,,,
m5b_smooth0.01,102,0.009195860475301743,0.015894094482064247,0.019833724945783615,0.04972590506076813,0.09888443350791931,0.8156625032424927,13.234123189002275,,,
m5b_smooth0.01,103,0.00664922222495079,0.015605906024575233,0.022045087069272995,0.050838764756917953,0.0978061705827713,0.8137039542198181,13.187414295971394,,,
m5b_smooth0.01,104,0.009837129153311253,0.015235482715070248,0.018980825319886208,0.0493551641702652,0.10122363269329071,0.8152053356170654,13.202615408226848,,,
m5b_smooth0.01,105,0.04825932998210192,0.015960603952407837,0.015798864886164665,0.058527134358882904,0.1154550239443779,0.7942564487457275,13.076791955158114,,,
m5b_smooth0.01,106,0.008555653505027294,0.01593364030122757,0.01554915588349104,0.062136709690093994,0.11612400412559509,0.7902560234069824,13.034430059604347,,,
m5b_smooth0.01,107,0.039044239558279514,0.01510084792971611,0.0160825178027153,0.05289074033498764,0.10668163001537323,0.809245765209198,13.15701773762703,,,
m5b_smooth0.01,108,0.017268681898713112,0.014985278248786926,0.016381407156586647,0.054321300238370895,0.11358582228422165,0.8007262945175171,13.083730882033706,,,
m5b_smooth0.01,109,0.01593281887471676,0.014909647405147552,0.01682734489440918,0.05690046027302742,0.11852721124887466,0.7928355932235718,13.011496353894472,,,
m5b_smooth0.01,110,0.010652780532836914,0.014878060668706894,0.018408313393592834,0.06064534932374954,0.11838898807764053,0.7876784801483154,12.949249640107155,,,
m5b_smooth0.01,111,0.013292130082845688,0.014884833246469498,0.018944986164569855,0.060510504990816116,0.12449245154857635,0.7811681032180786,12.901367101818323,,,
m5b_smooth0.01,112,0.023478325456380844,0.014441873878240585,0.019923731684684753,0.05124618858098984,0.13525289297103882,0.7791362404823303,12.894852347671986,,,
m5b_smooth0.01,113,0.03159806411713362,0.013388034887611866,0.018926963210105896,0.03832424059510231,0.13442589342594147,0.7949347496032715,13.007249526679516,,,
m5b_smooth0.01,114,0.021234873682260513,0.012977574951946735,0.01609739288687706,0.03655083104968071,0.1288219541311264,0.8055522441864014,13.083889480680227,,,
m5b_smooth0.01,115,0.012176054529845715,0.01329167652875185,0.013961506076157093,0.04059414565563202,0.13055279850959778,0.8016003370285034,13.069518842734396,,,
m5b_smooth0.01,116,0.020995555445551872,0.013613133691251278,0.014068790711462498,0.042365752160549164,0.13884972035884857,0.7911020517349243,13.005330835469067,,,
m5b_smooth0.01,117,0.0090626310557127,0.01297507993876934,0.014503555372357368,0.038472775369882584,0.1404951959848404,0.7935534119606018,13.001640817150474,,,
m5b_smooth0.01,118,0.02733832411468029,0.012455586344003677,0.015745515003800392,0.03494555503129959,0.1529219150543213,0.7839304804801941,12.913397492840886,,,
m5b_smooth0.01,119,0.01837333757430315,0.011495677754282951,0.014528813771903515,0.02956698089838028,0.15129145979881287,0.7931181788444519,12.955665144138038,,,
m5b_smooth0.1,4,,0.20000606775283813,0.20000606775283813,0.20000606775283813,0.20000606775283813,0.20000606775283813,17.00051575899124,,,
m5b_smooth0.1,5,0.06378376483917236,0.21063163876533508,0.1698397397994995,0.19826534390449524,0.21063163876533508,0.21063163876533508,17.825798511505127,,,
m5b_smooth0.1,6,0.009166628122329712,0.2109021544456482,0.16525709629058838,0.2020377814769745,0.2109021544456482,0.2109021544456482,17.854444950819016,,,
m5b_smooth0.1,7,0.41656434535980225,0.28032931685447693,0.06477374583482742,0.09423830360174179,0.28032931685447693,0.2803293466567993,23.054163739085197,,,
m5b_smooth0.1,8,0.11882100999355316,0.3001330494880676,0.03527625650167465,0.06432595103979111,0.3001330494880676,0.3001330494880676,24.539031118154526,,,
m5b_smooth0.1,9,0.03948104567825794,0.3080960810184479,0.024134280160069466,0.055726658552885056,0.30394676327705383,0.3080960810184479,25.118051594123244,,,
m5b_smooth0.1,10,0.08388647250831127,0.28776684403419495,0.022849321365356445,0.06334928423166275,0.33826717734336853,0.28776684403419495,23.87551387399435,,,
m5b_smooth0.1,11,0.010925225913524628,0.2901816666126251,0.020991381257772446,0.05974464491009712,0.3389001786708832,0.2901816666126251,24.045969896018505,,,
m5b_smooth0.1,12,0.04390859417617321,0.2792046368122101,0.023038005456328392,0.06649760156869888,0.3520551323890686,0.2792046368122101,23.34805986098945,,,
m5b_smooth0.1,13,0.03956628777086735,0.2890962064266205,0.02247060090303421,0.05972745642066002,0.3396095335483551,0.2890962064266205,23.972038980573416,,,
m5b_smooth0.1,14,0.07039196603000164,0.30669426918029785,0.020648537203669548,0.053512685000896454,0.31245049834251404,0.30669423937797546,25.063715582713485,,,
m5b_smooth0.1,15,0.042727552354335785,0.2960623800754547,0.020548345521092415,0.05369265750050545,0.3336341083049774,0.2960623502731323,24.425680784508586,,,
m5b_smooth0.1,16,0.08576199784874916,0.31646373867988586,0.020732225850224495,0.052860841155052185,0.29158520698547363,0.3183583915233612,25.665253000333905,,,
m5b_smooth0.1,17,0.0782551746815443,0.33175739645957947,0.022456079721450806,0.05669568479061127,0.25245770812034607,0.33663371205329895,26.57806284725666,,,
m5b_smooth0.1,18,0.05011669918894768,0.3239571452140808,0.022247880697250366,0.05733412131667137,0.27687713503837585,0.31958332657814026,26.043985474854708,,,
m5b_smooth0.1,19,0.12380868755280972,0.29927560687065125,0.024425188079476357,0.06452899426221848,0.3294094204902649,0.28236064314842224,24.433463530614972,,,
m5b_smooth0.1,20,0.056133074685931206,0.29840975999832153,0.022279683500528336,0.05723915994167328,0.35747581720352173,0.2645951509475708,24.305245596915483,,,
m5b_smooth0.1,21,0.15329251252114773,0.26735278964042664,0.022280657663941383,0.05653756856918335,0.4341212511062622,0.21970760822296143,22.347816014662385,,,
m5b_smooth0.1,22,0.10162405669689178,0.3067082464694977,0.022952010855078697,0.05950534716248512,0.38330915570259094,0.22752498090267181,24.472476663067937,,,
m5b_smooth0.1,23,0.03714488446712494,0.3191851079463959,0.02317189611494541,0.06538146734237671,0.37973859906196594,0.21252351999282837,25.003922248259187,,,
m5b_smooth0.1,24,0.023893553763628006,0.30723807215690613,0.025327591225504875,0.06885956227779388,0.37977054715156555,0.21880429983139038,24.38784463517368,,,
m5b_smooth0.1,25,0.09261688590049744,0.2611018717288971,0.02616238407790661,0.06868776679039001,0.4231334328651428,0.2209155112504959,21.953089175745845,,,
m5b_smooth0.1,26,0.014596564695239067,0.26839977502822876,0.02286515384912491,0.06620871275663376,0.4222894310951233,0.220237135887146,22.36482371389866,,,
m5b_smooth0.1,27,0.028652438893914223,0.26801756024360657,0.022823071107268333,0.0719078779220581,0.40838733315467834,0.22886401414871216,22.382407849654555,,,
m5b_smooth0.1,28,0.16910877637565136,0.34156787395477295,0.024894457310438156,0.07409781962633133,0.32383307814598083,0.23560689389705658,26.306588415056467,,,
m5b_smooth0.1,29,0.025404030457139015,0.33587411046028137,0.028788981959223747,0.08282390236854553,0.3239142894744873,0.2285984456539154,25.89748558215797,,,
m5b_smooth0.1,30,0.10117077454924583,0.3472549319267273,0.02772836573421955,0.07902936637401581,0.27818426489830017,0.26780322194099426,26.796647341921926,,,
m5b_smooth0.1,31,0.02005772292613983,0.3390408754348755,0.026814529672265053,0.0781281366944313,0.28049805760383606,0.2755180299282074,26.424390288069844,,,
m5b_smooth0.1,32,0.01924409344792366,0.3371599018573761,0.027504531666636467,0.07690341025590897,0.27398228645324707,0.2844506502151489,26.387993982061744,,,
m5b_smooth0.1,33,0.04282349534332752,0.35734784603118896,0.02872815728187561,0.07470843940973282,0.2672865688800812,0.27192941308021545,27.371742002665997,,,
m5b_smooth0.1,34,0.05810047872364521,0.38639751076698303,0.02707635797560215,0.05919116362929344,0.2575671970844269,0.26976704597473145,28.968209518119693,,,
m5b_smooth0.1,35,0.06562702544033527,0.41921108961105347,0.026431217789649963,0.05749017372727394,0.24241949617862701,0.25444743037223816,30.610767614096403,,,
m5b_smooth0.1,36,0.12001131847500801,0.46913671493530273,0.02733975648880005,0.05571930110454559,0.184184730052948,0.26361894607543945,33.32265891134739,,,
m5b_smooth0.1,37,0.12241187691688538,0.4127984941005707,0.0314415879547596,0.06140756234526634,0.17931720614433289,0.31503498554229736,30.649284161627293,,,
m5b_smooth0.1,38,0.06609676778316498,0.4452939033508301,0.03199462220072746,0.060352910310029984,0.1791309267282486,0.2832275927066803,32.149790339171886,,,
m5b_smooth0.1,39,0.03839227184653282,0.46449002623558044,0.030335720628499985,0.05826988071203232,0.16381755471229553,0.28308674693107605,33.18448427692056,,,
m5b_smooth0.1,40,0.06368418782949448,0.4963321387767792,0.029886972159147263,0.05734318494796753,0.16054074466228485,0.2558969259262085,34.68818702921271,,,
m5b_smooth0.1,41,0.027860386297106743,0.4824017882347107,0.030969345942139626,0.05973923206329346,0.1670253425836563,0.259863942861557,33.961566934362054,,,
m5b_smooth0.1,42,0.03182866610586643,0.4664876163005829,0.033279258757829666,0.06275849044322968,0.17189165949821472,0.26558294892311096,33.13221460953355,,,
m5b_smooth0.1,43,0.08004557713866234,0.44206759333610535,0.03157311677932739,0.05693551152944565,0.1638178676366806,0.30560559034347534,32.151638589799404,,,
m5b_smooth0.1,44,0.05275077000260353,0.42178988456726074,0.033575981855392456,0.06106946989893913,0.18405652046203613,0.2995080053806305,31.005685184150934,,,
m5b_smooth0.1,45,0.031043320894241333,0.4070005714893341,0.034216444939374924,0.06033698469400406,0.1903313845396042,0.3081142008304596,30.281180191785097,,,
m5b_smooth0.1,46,0.04542090743780136,0.4086135923862457,0.03362439572811127,0.06189999356865883,0.20986609160900116,0.28599607944488525,30.209147673100233,,,
m5b_smooth0.1,47,0.1258859895169735,0.47135022282600403,0.03383054956793785,0.06179385259747505,0.20421181619167328,0.2288132905960083,33.133094258606434,,,
m5b_smooth0.1,48,0.053762950003147125,0.44446906447410583,0.03458496555685997,0.06241437420248985,0.2165679782629013,0.24196398258209229,31.79344356060028,,,
m5b_smooth0.1,49,0.020819004625082016,0.4548781216144562,0.03291608393192291,0.061907943338155746,0.21633435785770416,0.23396296799182892,32.301149267703295,,,
m5b_smooth0.1,50,0.033086080104112625,0.43833568692207336,0.037051573395729065,0.06480693817138672,0.2191876769065857,0.24061881005764008,31.434590682387352,,,
m5b_smooth0.1,51,0.04523028805851936,0.42174333333969116,0.03651689365506172,0.06498884409666061,0.21369926631450653,0.26305174827575684,30.714702766388655,,,
m5b_smooth0.1,52,0.10397044941782951,0.38255032896995544,0.037789806723594666,0.07621704787015915,0.2531833350658417,0.25025948882102966,28.495376877486706,,,
m5b_smooth0.1,53,0.02728557586669922,0.3956839144229889,0.0382990837097168,0.07228454202413559,0.24665337800979614,0.24707923829555511,29.1818705573678,,,
m5b_smooth0.1,54,0.07339882850646973,0.3801584541797638,0.03956420719623566,0.07474731653928757,0.2796245813369751,0.22590497136116028,28.193355076014996,,,
m5b_smooth0.1,55,0.026715710759162903,0.38751542568206787,0.03728308528661728,0.07319521903991699,0.2701004147529602,0.23190632462501526,28.645185731351376,,,
m5b_smooth0.1,56,0.08226929232478142,0.35212191939353943,0.035608720034360886,0.07324184477329254,0.31118783354759216,0.22783894836902618,26.750709529966116,,,
m5b_smooth0.1,57,0.03403386473655701,0.36913949251174927,0.033825915306806564,0.0699034333229065,0.3009372055530548,0.22619450092315674,27.66518921777606,,,
m5b_smooth0.1,58,0.14067665487527847,0.2988007962703705,0.03562576696276665,0.0770505741238594,0.3291783630847931,0.25934430956840515,24.129894141107798,,,
m5b_smooth0.1,59,0.019980359822511673,0.2993740141391754,0.036336749792099,0.07725528627634048,0.31918829679489136,0.26784569025039673,24.21470119804144,,,
m5b_smooth0.1,60,0.017388738691806793,0.30806824564933777,0.03602667897939682,0.07344619184732437,0.31857290863990784,0.2638857364654541,24.66487066447735,,,
m5b_smooth0.1,61,0.021797019988298416,0.2993484437465668,0.03664619103074074,0.08031158149242401,0.3163943290710449,0.26729947328567505,24.195440489798784,,,
m5b_smooth0.1,62,0.07282807305455208,0.3201650083065033,0.039777807891368866,0.08161677420139313,0.27998027205467224,0.2784601151943207,25.35283214598894,,,
m5b_smooth0.1,63,0.02623932436108589,0.31851741671562195,0.03823428228497505,0.0716884434223175,0.2918318212032318,0.2797284424304962,25.323365557938814,,,
m5b_smooth0.1,64,0.06169125437736511,0.31320419907569885,0.03968534991145134,0.07338861376047134,0.26629939675331116,0.30742281675338745,25.2201183475554,,,
m5b_smooth0.1,65,0.05330714210867882,0.29989948868751526,0.03855932503938675,0.07040642201900482,0.257058709859848,0.3340763449668884,24.72022771090269,,,
m5b_smooth0.1,66,0.14284181967377663,0.25088265538215637,0.03133823722600937,0.05702173337340355,0.2552601993083954,0.4054970443248749,22.71914277598262,,,
m5b_smooth0.1,67,0.05927168019115925,0.24884743988513947,0.030012423172593117,0.055394209921360016,0.23061276972293854,0.4351327419281006,22.83318922109902,,,
m5b_smooth0.1,68,0.04971502535045147,0.2288225144147873,0.02861826866865158,0.05195615813136101,0.2516566812992096,0.4389467239379883,21.820688512176275,,,
m5b_smooth0.1,69,0.08648716658353806,0.24115630984306335,0.03189382702112198,0.05825606361031532,0.2729909121990204,0.3957030475139618,22.126819659024477,,,
m5b_smooth0.1,70,0.12412406131625175,0.20877297222614288,0.03042726218700409,0.05602964758872986,0.2470051646232605,0.45776504278182983,20.862641289830208,,,
m5b_smooth0.1,71,0.05847394838929176,0.20666179060935974,0.03337619826197624,0.06195136159658432,0.2673713266849518,0.4306390881538391,20.519484240561724,,,
m5b_smooth0.1,72,0.01706322282552719,0.21162553131580353,0.03607744351029396,0.06281856447458267,0.2628716230392456,0.42660775780677795,20.734674986451864,,,
m5b_smooth0.1,73,0.08645927160978317,0.18360412120819092,0.032015446573495865,0.051672160625457764,0.28268125653266907,0.45002758502960205,19.482434187084436,,,
m5b_smooth0.1,74,0.0076854899525642395,0.1827363520860672,0.03260297328233719,0.0514703206717968,0.27990803122520447,0.4532827138900757,19.45650927349925,,,
m5b_smooth0.1,75,0.03659670799970627,0.1986609250307083,0.03322039172053337,0.05322664976119995,0.2711319923400879,0.44376036524772644,20.223124902695417,,,
m5b_smooth0.1,76,0.015523606911301613,0.19693493843078613,0.029909556731581688,0.050501611083745956,0.2783242166042328,0.4443298876285553,20.16639863885939,,,
m5b_smooth0.1,77,0.00968441553413868,0.1987905204296112,0.029876787215471268,0.05348778888583183,0.27734968066215515,0.4404945373535156,20.226142667233944,,,
m5b_smooth0.1,78,0.04567415080964565,0.19819007813930511,0.030745206400752068,0.05292895436286926,0.2993183732032776,0.41881677508354187,20.039600221440196,,,
m5b_smooth0.1,79,0.1451005656272173,0.17495621740818024,0.03427833691239357,0.056669559329748154,0.25000232458114624,0.48409369587898254,19.22898807376623,,,
m5b_smooth0.1,80,0.04097351059317589,0.16174137592315674,0.03261970356106758,0.05465884506702423,0.24639980494976044,0.5045804977416992,18.690004397183657,,,
m5b_smooth0.1,81,0.019144218415021896,0.16457942128181458,0.03753841295838356,0.05646131560206413,0.23682738840579987,0.5045930743217468,18.803782396018505,,,
m5b_smooth0.1,82,0.022844277322292328,0.16264061629772186,0.03500286489725113,0.04951350390911102,0.23835542798042297,0.5144871473312378,18.813288412988186,,,
m5b_smooth0.1,83,0.14838958159089088,0.1482292264699936,0.032806217670440674,0.045531485229730606,0.18475086987018585,0.5886821150779724,18.597959961742163,,,
m5b_smooth0.1,84,0.013452436774969101,0.14759039878845215,0.035225093364715576,0.04983842372894287,0.18260693550109863,0.5847382545471191,18.50474840402603,,,
m5b_smooth0.1,85,0.1867926437407732,0.10977485030889511,0.02870282717049122,0.042858485132455826,0.14052876830101013,0.6781349778175354,17.221360368654132,,,
m5b_smooth0.1,86,0.01985841989517212,0.10168629139661789,0.028710203245282173,0.04538824036717415,0.1386878490447998,0.6855267882347107,16.834242386743426,,,
m5b_smooth0.1,87,0.12795237451791763,0.08100996911525726,0.022504741325974464,0.037355538457632065,0.10962660610675812,0.7495034337043762,16.25560381822288,,,
m5b_smooth0.1,88,0.025663502514362335,0.0745261162519455,0.021156443282961845,0.036894939839839935,0.10508795827627182,0.7623355388641357,16.011721489951015,,,
m5b_smooth0.1,89,0.02236197143793106,0.0757467970252037,0.022240811958909035,0.041219789534807205,0.10963813960552216,0.7511536478996277,15.974326049908996,,,
m5b_smooth0.1,90,0.035034775733947754,0.07150183618068695,0.01952659897506237,0.03731243312358856,0.10298769921064377,0.768671452999115,15.903888305649161,,,
m5b_smooth0.1,91,0.010100336745381355,0.06998388469219208,0.021028440445661545,0.03820456936955452,0.10564375668764114,0.765139102935791,15.786128968000412,,,
m5b_smooth0.1,92,0.03560659848153591,0.06228029727935791,0.020971810445189476,0.03442874178290367,0.09937615692615509,0.7829420566558838,15.517897764220834,,,
m5b_smooth0.1,93,0.03882085904479027,0.062472935765981674,0.024650825187563896,0.03914966061711311,0.11019466817378998,0.763532280921936,15.351290563121438,,,
m5b_smooth0.1,94,0.03071204572916031,0.053239818662405014,0.0224550049751997,0.0352226160466671,0.11432300508022308,0.7747600078582764,14.969413118436933,,,
m5b_smooth0.1,95,0.05557839386165142,0.0526333712041378,0.024687007069587708,0.039391376078128815,0.13571155071258545,0.7475773692131042,14.7169274315238,,,
m5b_smooth0.1,96,0.08476440608501434,0.0411091223359108,0.018863722681999207,0.03166600689291954,0.11840175092220306,0.7899590730667114,14.468648362904787,,,
m5b_smooth0.1,97,0.030706927180290222,0.042035121470689774,0.01918308064341545,0.03403714671730995,0.13013915717601776,0.7746060490608215,14.398860596120358,,,
m5b_smooth0.1,98,0.06447950191795826,0.03759531304240227,0.015881793573498726,0.029120992869138718,0.1105566993355751,0.8068458437919617,14.42870226316154,,,
m5b_smooth0.1,99,0.014235472306609154,0.03812985494732857,0.016264472156763077,0.030649639666080475,0.1152285560965538,0.7997280955314636,14.398797918111086,,,
m5b_smooth0.1,100,0.0628911480307579,0.03290197625756264,0.01387551985681057,0.026112264022231102,0.09593646228313446,0.8311729431152344,14.374307326972485,,,
m5b_smooth0.1,101,0.003011363558471203,0.031396567821502686,0.014084500260651112,0.02693423442542553,0.09594780206680298,0.8316366076469421,14.2932283943519,,,
m5b_smooth0.1,102,0.03557701874524355,0.03307594731450081,0.016352318227291107,0.031064007431268692,0.10565932095050812,0.813848078250885,14.227589521557093,,,
m5b_smooth0.1,103,0.002976398915052414,0.03246474638581276,0.016730334609746933,0.03217506781220436,0.10505696386098862,0.8135743141174316,14.186579465866089,,,
m5b_smooth0.1,104,0.037955142557621,0.03353580832481384,0.017614558339118958,0.03683970496058464,0.11741382628679276,0.7945959568023682,14.086522351950407,,,
m5b_smooth0.1,105,0.016554605215787888,0.03422645851969719,0.01917949691414833,0.03975128382444382,0.12052349001169205,0.7863181829452515,14.044139850884676,,,
m5b_smooth0.1,106,0.014004433527588844,0.03510434553027153,0.01932014711201191,0.03777100518345833,0.1265077143907547,0.7812967896461487,14.062602950260043,,,
m5b_smooth0.1,107,0.08700285293161869,0.029848365113139153,0.015516979619860649,0.02839561179280281,0.10144101828336716,0.8247984051704407,14.148870522156358,,,
m5b_smooth0.1,108,0.006710389629006386,0.028689363971352577,0.015037884935736656,0.02728906087577343,0.10083000361919403,0.828153133392334,14.118220798671246,,,
m5b_smooth0.1,109,0.018832745030522346,0.028534553945064545,0.01581616885960102,0.02896835096180439,0.1077885776758194,0.8188913464546204,14.033793352544308,,,
m5b_smooth0.1,110,0.019737016409635544,0.02702648751437664,0.014615258201956749,0.026244211941957474,0.10335347801446915,0.8287601470947266,14.041053550317883,,,
m5b_smooth0.1,111,0.06784031074494123,0.02296452596783638,0.01239920686930418,0.02171272598206997,0.08024360984563828,0.8626810908317566,14.094649483449757,,,
m5b_smooth0.1,112,0.008480091579258442,0.022077511996030807,0.012916356325149536,0.021975984796881676,0.07688997685909271,0.8661401271820068,14.067686649039388,,,
m5b_smooth0.1,113,0.006777542643249035,0.020974833518266678,0.01280313078314066,0.02108013816177845,0.0756131261587143,0.8695290684700012,14.037232398055494,,,
m5b_smooth0.1,114,0.002954365685582161,0.020961210131645203,0.013390650041401386,0.021969813853502274,0.07549986243247986,0.8681787848472595,14.019974724389613,,,
m5b_smooth0.1,115,0.004477928392589092,0.021282723173499107,0.013918723911046982,0.02325635589659214,0.07326022535562515,0.8682809472084045,14.02940602041781,,,
m5b_smooth0.1,116,0.03918113932013512,0.01905844919383526,0.012229615822434425,0.020690765231847763,0.06014992669224739,0.8878728151321411,14.0690777618438,,,
m5b_smooth0.1,117,0.003444182686507702,0.019099483266472816,0.01300461869686842,0.02159547246992588,0.059944380074739456,0.886354923248291,14.052339618094265,,,
m5b_smooth0.1,118,0.0016401642933487892,0.01845473051071167,0.01319783367216587,0.021610593423247337,0.0605570524930954,0.8861805200576782,14.015740092843771,,,
m5b_smooth0.1,119,0.007328292354941368,0.017858238890767097,0.013197751715779305,0.02235259674489498,0.06347879767417908,0.8831125497817993,13.959677156060934,,,
m5b_smooth0.3,4,,0.20000606775283813,0.20000606775283813,0.20000606775283813,0.20000606775283813,0.20000606775283813,17.00051575899124,,,
m5b_smooth0.3,5,0.09547547996044159,0.18898321688175201,0.24772827327251434,0.18532134592533112,0.18898321688175201,0.18898321688175201,16.11133287847042,,,
m5b_smooth0.3,6,0.1050916314125061,0.17146806418895721,0.26124337315559387,0.2243524193763733,0.17146806418895721,0.17146806418895721,14.823213830590248,,,
m5b_smooth0.3,7,0.043676525354385376,0.17785009741783142,0.23940512537956238,0.22704459726810455,0.17785009741783142,0.17785009741783142,15.326396808028221,,,
m5b_smooth0.3,8,0.05632469058036804,0.17329107224941254,0.22491991519927979,0.25520700216293335,0.17329107224941254,0.17329107224941254,15.027117773890495,,,
m5b_smooth0.3,9,0.09551486372947693,0.18955230712890625,0.18383371829986572,0.2485358715057373,0.18852613866329193,0.18955230712890625,16.275995030999184,,,
m5b_smooth0.3,10,0.07898464798927307,0.19954192638397217,0.19801326096057892,0.20904359221458435,0.19385972619056702,0.19954192638397217,16.94826467335224,,,
m5b_smooth0.3,11,0.04328419268131256,0.20552542805671692,0.18067309260368347,0.21871864795684814,0.1895577609539032,0.20552542805671692,17.372615039348602,,,
m5b_smooth0.3,12,0.04123494029045105,0.2012854367494583,0.17748522758483887,0.2097688466310501,0.21017508208751678,0.2012854665517807,17.173140078783035,,,
m5b_smooth0.3,13,0.07048475742340088,0.21443046629428864,0.14224281907081604,0.21074700355529785,0.21814924478530884,0.21443046629428864,18.16938304901123,,,
m5b_smooth0.3,14,0.05328778922557831,0.21901445090770721,0.1263130158185959,0.22822313010692596,0.20743536949157715,0.2190144658088684,18.470099568367004,,,
m5b_smooth0.3,15,0.09832435846328735,0.2306123673915863,0.1267467886209488,0.1790608912706375,0.23296783864498138,0.23061242699623108,19.360020354390144,,,
m5b_smooth0.3,16,0.05989682674407959,0.23789148032665253,0.14179188013076782,0.17487795650959015,0.2072022706270218,0.23823654651641846,19.7256421148777,,,
m5b_smooth0.3,17,0.08024097979068756,0.24876010417938232,0.14538943767547607,0.13475753366947174,0.2216935157775879,0.24939967691898346,20.518718376755714,,,
m5b_smooth0.3,18,0.04690425097942352,0.2620011866092682,0.14150185883045197,0.11698323488235474,0.2199033796787262,0.2596108317375183,21.386398062109947,,,
m5b_smooth0.3,19,0.05593833327293396,0.24959981441497803,0.1532713919878006,0.12606889009475708,0.22701697051525116,0.24404264986515045,20.513182818889618,,,
m5b_smooth0.3,20,0.08904431760311127,0.24604640901088715,0.12603849172592163,0.11233292520046234,0.23345372080802917,0.2821279466152191,20.80978910624981,,,
m5b_smooth0.3,21,0.06443554162979126,0.269471675157547,0.13039645552635193,0.11676797270774841,0.22135958075523376,0.2620048224925995,21.866585463285446,,,
m5b_smooth0.3,22,0.05230861157178879,0.2887055575847626,0.12060572952032089,0.10316069424152374,0.21860292553901672,0.26892489194869995,23.047590233385563,,,
m5b_smooth0.3,23,0.03032885491847992,0.29213398694992065,0.1292407065629959,0.10626182705163956,0.20989850163459778,0.2624650001525879,23.11986491829157,,,
m5b_smooth0.3,24,0.020512402057647705,0.2861718535423279,0.13230176270008087,0.10835269838571548,0.20560434460639954,0.2675691843032837,22.81287006288767,,,
m5b_smooth0.3,25,0.043386466801166534,0.3011111915111542,0.11472705006599426,0.11379200220108032,0.20148611068725586,0.2688840627670288,23.69755420088768,,,
m5b_smooth0.3,26,0.06447362154722214,0.3152157664299011,0.0949288010597229,0.10135341435670853,0.20241686701774597,0.2860855162143707,24.734050326049328,,,
m5b_smooth0.3,27,0.031072668731212616,0.3211577832698822,0.10245437920093536,0.1034221202135086,0.19488275051116943,0.27808326482772827,24.939532697200775,,,
m5b_smooth0.3,28,0.019069120287895203,0.31596559286117554,0.10931209474802017,0.10325277596712112,0.19070951640605927,0.28075990080833435,24.64261122047901,,,
m5b_smooth0.3,29,0.0802919939160347,0.2758196294307709,0.11319256573915482,0.10646215081214905,0.2226789891719818,0.2818466126918793,22.486362285912037,,,
m5b_smooth0.3,30,0.04503178596496582,0.2803502082824707,0.09836045652627945,0.10459290444850922,0.24066422879695892,0.2760320007801056,22.78224927932024,,,
m5b_smooth0.3,31,0.0387435257434845,0.26383519172668457,0.09550383687019348,0.11080444604158401,0.24573783576488495,0.28411874175071716,21.955855913460255,,,
m5b_smooth0.3,32,0.034528180956840515,0.2501988112926483,0.10189516097307205,0.11318403482437134,0.24211010336875916,0.29261189699172974,21.244713224470615,,,
m5b_smooth0.3,33,0.03311219811439514,0.24689680337905884,0.10701149702072144,0.11385821551084518,0.2288563996553421,0.3033778667449951,21.111679278314114,,,
m5b_smooth0.3,34,0.059386469423770905,0.2649083137512207,0.09544132649898529,0.11773011088371277,0.2366659939289093,0.285254567861557,21.99335639178753,,,
m5b_smooth0.3,35,0.021714098751544952,0.26110637187957764,0.08838619291782379,0.12091479450464249,0.24093890190124512,0.28865399956703186,21.84524119645357,,,
m5b_smooth0.3,36,0.12880417704582214,0.252664178609848,0.0857551246881485,0.1102699562907219,0.1982547789812088,0.3530559539794922,21.906982518732548,,,
m5b_smooth0.3,37,0.041717253625392914,0.23180557787418365,0.09174330532550812,0.1143961250782013,0.20291461050510406,0.35914042592048645,20.79163458943367,,,
m5b_smooth0.3,38,0.04930636286735535,0.22678790986537933,0.0854937732219696,0.10101006925106049,0.21588502824306488,0.37082311511039734,20.698517382144928,,,
m5b_smooth0.3,39,0.07119004428386688,0.22464784979820251,0.07749778032302856,0.08931450545787811,0.2021215409040451,0.4064180552959442,20.92901584506035,,,
m5b_smooth0.3,40,0.02032972127199173,0.2228139489889145,0.08028683811426163,0.09298555552959442,0.2058263123035431,0.39808711409568787,20.742084227502346,,,
m5b_smooth0.3,41,0.013716630637645721,0.21595582365989685,0.08094419538974762,0.09574456512928009,0.20625624060630798,0.4010993242263794,20.384711533784866,,,
m5b_smooth0.3,42,0.017709597945213318,0.2177695333957672,0.08264049887657166,0.09926939010620117,0.20807643234729767,0.39224475622177124,20.39458228647709,,,
m5b_smooth0.3,43,0.062438927590847015,0.19921401143074036,0.07710693031549454,0.10313253104686737,0.23543229699134827,0.385113924741745,19.378966234624386,,,
m5b_smooth0.3,44,0.07018303126096725,0.19332492351531982,0.07513463497161865,0.10026600956916809,0.2110687792301178,0.4202055335044861,19.335786998271942,,,
m5b_smooth0.3,45,0.06185218691825867,0.20937111973762512,0.08106613904237747,0.10921453684568405,0.1868436336517334,0.4135047197341919,20.067948445677757,,,
m5b_smooth0.3,46,0.07384072989225388,0.19947922229766846,0.0876319482922554,0.11878524720668793,0.20762738585472107,0.38647615909576416,19.276798956096172,,,
m5b_smooth0.3,47,0.08176876604557037,0.21229581534862518,0.08186577260494232,0.10915102809667587,0.18214355409145355,0.41454410552978516,20.225690133869648,,,
m5b_smooth0.3,48,0.019303619861602783,0.2125312089920044,0.08281083405017853,0.11178838461637497,0.1879776418209076,0.4048923850059509,20.154385410249233,,,
m5b_smooth0.3,49,0.06935355067253113,0.23145103454589844,0.07971445471048355,0.11428165435791016,0.2012411504983902,0.3733118176460266,20.944674991071224,,,
m5b_smooth0.3,50,0.16386669129133224,0.22132106125354767,0.09006603062152863,0.13374264538288116,0.2533617913722992,0.3015083074569702,19.76520648598671,,,
m5b_smooth0.3,51,0.05042971670627594,0.24653588235378265,0.08550065755844116,0.12923093140125275,0.2405998706817627,0.29813241958618164,21.12339936196804,,,
m5b_smooth0.3,52,0.04860012233257294,0.24055925011634827,0.08952471613883972,0.14542335271835327,0.244683638215065,0.2798091769218445,20.589463725686073,,,
m5b_smooth0.3,53,0.03148755431175232,0.24002042412757874,0.09072539210319519,0.1555754691362381,0.24907445907592773,0.2646040618419647,20.406655326485634,,,
m5b_smooth0.3,54,0.01603739708662033,0.23920871317386627,0.09420108050107956,0.15018925070762634,0.2536173462867737,0.2627831697463989,20.351577423512936,,,
m5b_smooth0.3,55,0.050552286207675934,0.22351191937923431,0.08952410519123077,0.14528721570968628,0.2641996145248413,0.2774773836135864,19.670181587338448,,,
m5b_smooth0.3,56,0.06705111265182495,0.19082871079444885,0.09333589673042297,0.16087788343429565,0.26335740089416504,0.29160061478614807,17.95160260796547,,,
m5b_smooth0.3,57,0.06537474691867828,0.20430433750152588,0.08809264004230499,0.15952084958553314,0.23727001249790192,0.3108120560646057,18.83717431128025,,,
m5b_smooth0.3,58,0.07858750224113464,0.19314393401145935,0.09238016605377197,0.17693622410297394,0.2548607289791107,0.2826785743236542,17.95335002243519,,,
m5b_smooth0.3,59,0.08712862432003021,0.20966510474681854,0.08742322027683258,0.16511979699134827,0.2280702292919159,0.3097221553325653,19.095290675759315,,,
m5b_smooth0.3,60,0.05158844590187073,0.19297939538955688,0.08861465752124786,0.1560109406709671,0.24368816614151,0.3187066614627838,18.303121626377106,,,
m5b_smooth0.3,61,0.09197055548429489,0.14699429273605347,0.09024802595376968,0.16115818917751312,0.2705601155757904,0.33103954792022705,15.921854637563229,,,
m5b_smooth0.3,62,0.10754775255918503,0.15309160947799683,0.09295214712619781,0.14949098229408264,0.2284533679485321,0.3760119080543518,16.590261951088905,,,
m5b_smooth0.3,63,0.06076227128505707,0.138173907995224,0.08204734325408936,0.14493264257907867,0.23762376606464386,0.39722293615341187,16.03176721930504,,,
m5b_smooth0.3,64,0.06057393550872803,0.14141613245010376,0.07969681173563004,0.12299283593893051,0.2646680772304535,0.3912258744239807,16.26348204910755,,,
m5b_smooth0.3,65,0.02120468020439148,0.14317403733730316,0.08154624700546265,0.12998835742473602,0.26073259115219116,0.3845595419406891,16.270915284752846,,,
m5b_smooth0.3,66,0.05520886182785034,0.11951203644275665,0.07760347425937653,0.13940733671188354,0.2744312882423401,0.38904595375061035,15.034210041165352,,,
m5b_smooth0.3,67,0.0248921737074852,0.11926107853651047,0.07716698944568634,0.12764853239059448,0.27464085817337036,0.40128231048583984,15.156215652823448,,,
m5b_smooth0.3,68,0.0373837947845459,0.11675551533699036,0.08090510964393616,0.12270373851060867,0.26339951157569885,0.4162362813949585,15.125451765954494,,,
m5b_smooth0.3,69,0.050444595515728,0.11402617394924164,0.08888135850429535,0.12568128108978271,0.27766814827919006,0.39374345541000366,14.763581052422523,,,
m5b_smooth0.3,70,0.03664577752351761,0.10259778797626495,0.08911419659852982,0.12212084233760834,0.2743339240550995,0.41183334589004517,14.29734831303358,,,
m5b_smooth0.3,71,0.11991801857948303,0.10386782884597778,0.09507784992456436,0.13080176711082458,0.31837815046310425,0.3518741726875305,13.874438352882862,,,
m5b_smooth0.3,72,0.0396183505654335,0.1026427298784256,0.09781838953495026,0.12989939749240875,0.33544689416885376,0.33419257402420044,13.672904670238495,,,
m5b_smooth0.3,73,0.13019678741693497,0.08606263995170593,0.07757209986448288,0.10162745416164398,0.37233665585517883,0.3624012768268585,13.226187326014042,,,
m5b_smooth0.3,74,0.04904167354106903,0.08779533952474594,0.07699596881866455,0.10193409025669098,0.3948180675506592,0.33845648169517517,13.15263582766056,,,
m5b_smooth0.3,75,0.05947154760360718,0.08569315820932388,0.08181114494800568,0.10255460441112518,0.36718493700027466,0.36275702714920044,13.179957389831543,,,
m5b_smooth0.3,76,0.027021154761314392,0.07702726870775223,0.07696637511253357,0.10369817912578583,0.37680989503860474,0.36549898982048035,12.764352157711983,,,
m5b_smooth0.3,77,0.040966615080833435,0.07871600240468979,0.08226232975721359,0.11719658225774765,0.35832202434539795,0.3635033369064331,12.754113107919693,,,
m5b_smooth0.3,78,0.038064517080783844,0.07862824201583862,0.0830748900771141,0.11312992125749588,0.37654122710227966,0.3486250042915344,12.656697824597359,,,
m5b_smooth0.3,79,0.05550932139158249,0.08264978975057602,0.08179553598165512,0.0993976965546608,0.3637983798980713,0.3723583519458771,13.098581597208977,,,
m5b_smooth0.3,80,0.12645617127418518,0.07696101069450378,0.07289420068264008,0.10287333279848099,0.42355111241340637,0.32372066378593445,12.496121920645237,,,
m5b_smooth0.3,81,0.11286596208810806,0.0812775045633316,0.0757896676659584,0.11215845495462418,0.3671180307865143,0.3636564612388611,12.949931979179382,,,
m5b_smooth0.3,82,0.06817428022623062,0.07810232788324356,0.07887877523899078,0.1141589879989624,0.39611515402793884,0.33274412155151367,12.538719192147255,,,
m5b_smooth0.3,83,0.01994827389717102,0.07699375599622726,0.07252304255962372,0.11164958775043488,0.3994421362876892,0.33939170837402344,12.574676036834717,,,
m5b_smooth0.3,84,0.0510946661233902,0.08314324915409088,0.07645175606012344,0.1262412816286087,0.40031930804252625,0.31384411454200745,12.63982331007719,,,
m5b_smooth0.3,85,0.11306973546743393,0.08474376052618027,0.07385271042585373,0.1284954994916916,0.3463837802410126,0.3665245473384857,13.099994964897633,,,
m5b_smooth0.3,86,0.068160280585289,0.08489757031202316,0.07545091956853867,0.14082738757133484,0.3663800358772278,0.332444429397583,12.81066956371069,,,
m5b_smooth0.3,87,0.09636064618825912,0.08280903846025467,0.0700957179069519,0.13628442585468292,0.3301863968372345,0.3806247413158417,13.087542459368706,,,
m5b_smooth0.3,88,0.058945029973983765,0.08117811381816864,0.07094214111566544,0.14954297244548798,0.3023446202278137,0.39599210023880005,13.050559632480145,,,
m5b_smooth0.3,89,0.025379076600074768,0.08337835222482681,0.07370296120643616,0.13685356080532074,0.3096297085285187,0.39643561840057373,13.20447139441967,,,
m5b_smooth0.3,90,0.0399455726146698,0.07331360131502151,0.06717884540557861,0.1373835653066635,0.32907217741012573,0.3930513858795166,12.684370264410973,,,
m5b_smooth0.3,91,0.1304684728384018,0.07670067995786667,0.06791141629219055,0.13968218863010406,0.2638382315635681,0.45186764001846313,13.262013360857964,,,
m5b_smooth0.3,92,0.03401820361614227,0.07825057953596115,0.06283223628997803,0.13912227749824524,0.2792970836162567,0.4404972791671753,13.297275334596634,,,
m5b_smooth0.3,93,0.16190457344055176,0.0846453383564949,0.06392300128936768,0.1569739431142807,0.3349124491214752,0.3595452606678009,12.991585925221443,,,
m5b_smooth0.3,94,0.05110238492488861,0.08110743016004562,0.05882912874221802,0.14857487380504608,0.32639193534851074,0.3850962817668915,13.04709105193615,,,
m5b_smooth0.3,95,0.19440115988254547,0.08375447243452072,0.060166001319885254,0.12063944339752197,0.2571268677711487,0.47831302881240845,13.943623155355453,,,
m5b_smooth0.3,96,0.04053456336259842,0.0768662840127945,0.05254308134317398,0.11488314718008041,0.26066115498542786,0.49504590034484863,13.76444025337696,,,
m5b_smooth0.3,97,0.0495014525949955,0.08162154257297516,0.0552704818546772,0.13215135037899017,0.2501600682735443,0.4807963967323303,13.831287119537592,,,
m5b_smooth0.3,98,0.15832887589931488,0.07232485711574554,0.049127448350191116,0.12129603326320648,0.19729091227054596,0.5599610805511475,13.97299848869443,,,
m5b_smooth0.3,99,0.02312074601650238,0.0728137269616127,0.049952637404203415,0.13154219090938568,0.1961817592382431,0.5495097041130066,13.879811000078917,,,
m5b_smooth0.3,100,0.14130686596035957,0.061756230890750885,0.04366977512836456,0.11292710155248642,0.16148383915424347,0.6201632022857666,13.900496639311314,,,
m5b_smooth0.3,101,0.03801063820719719,0.06577904522418976,0.04704921320080757,0.11982875317335129,0.16618521511554718,0.6011578440666199,13.932784508913755,,,
m5b_smooth0.3,102,0.12996839359402657,0.07035979628562927,0.052452459931373596,0.14538677036762238,0.19562727212905884,0.5361735224723816,13.586020767688751,,,
m5b_smooth0.3,103,0.07043728977441788,0.06259109079837799,0.04847490042448044,0.13331347703933716,0.1842278391122818,0.5713918209075928,13.492961145937443,,,
m5b_smooth0.3,104,0.05825342610478401,0.06163069233298302,0.04905376583337784,0.1434720903635025,0.2026175707578659,0.5432260036468506,13.200798623263836,,,
m5b_smooth0.3,105,0.010935962200164795,0.06317151337862015,0.052358951419591904,0.13807721436023712,0.202544704079628,0.5438482165336609,13.28856935724616,,,
m5b_smooth0.3,106,0.05536174029111862,0.0676230788230896,0.05908673629164696,0.141982764005661,0.21514031291007996,0.5161669850349426,13.274739738553762,,,
m5b_smooth0.3,107,0.13322485983371735,0.06136912479996681,0.054947204887866974,0.11593720316886902,0.1849672794342041,0.5827797651290894,13.538593970239162,,,
m5b_smooth0.3,108,0.02491725981235504,0.061683978885412216,0.05697118490934372,0.11707358807325363,0.19395063817501068,0.5703210830688477,13.45138031244278,,,
m5b_smooth0.3,109,0.109449103474617,0.06059357523918152,0.05833319202065468,0.0942770391702652,0.16311298310756683,0.6236835718154907,13.85013971105218,,,
m5b_smooth0.3,110,0.03991315886378288,0.06544103473424911,0.06670888513326645,0.09441868960857391,0.16970457136631012,0.6037268042564392,13.916534297168255,,,
m5b_smooth0.3,111,0.11303937807679176,0.05801971256732941,0.06028531864285469,0.07787532359361649,0.14357295632362366,0.6602463126182556,14.023553114384413,,,
m5b_smooth0.3,112,0.008945528417825699,0.057779595255851746,0.06257603317499161,0.07653940469026566,0.14575500786304474,0.6573495864868164,13.982149228453636,,,
m5b_smooth0.3,113,0.02668142318725586,0.057291362434625626,0.05790506675839424,0.07809183746576309,0.137573704123497,0.6691380739212036,14.06061128899455,,,
m5b_smooth0.3,114,0.017380226403474808,0.05719964951276779,0.05905744060873985,0.07720933109521866,0.12985773384571075,0.6766757369041443,14.105128858238459,,,
m5b_smooth0.3,115,0.010823540389537811,0.057821501046419144,0.06359060853719711,0.07237780839204788,0.13011501729488373,0.6760960221290588,14.1261635273695,,,
m5b_smooth0.3,116,0.1077890507876873,0.04877781495451927,0.05453118309378624,0.058112211525440216,0.10858847945928574,0.7299898266792297,14.13551364466548,,,
m5b_smooth0.3,117,0.01255936548113823,0.04838934168219566,0.05684996396303177,0.05759085714817047,0.11254999041557312,0.7246205806732178,14.065521098673344,,,
m5b_smooth0.3,118,0.04136810824275017,0.04649686813354492,0.05168592929840088,0.05197550356388092,0.10453762859106064,0.7453044652938843,14.163450442254543,,,
m5b_smooth0.3,119,0.012963835150003433,0.04652262479066849,0.048588499426841736,0.04966982081532478,0.10345885902643204,0.7517606616020203,14.237816724926233,,,
ensemble3,4,,,,,,,,0.33332547545433044,0.33332547545433044,0.33332547545433044
ensemble3,5,0.7356722354888916,,,,,,,0.7011732459068298,0.14941324293613434,0.14941324293613434
ensemble3,6,0.0922030434012413,,,,,,,0.7200198769569397,0.1766684204339981,0.10331200808286667
ensemble3,7,0.3101339712738991,,,,,,,0.5649526119232178,0.32659026980400085,0.10845686495304108
ensemble3,8,0.23668360710144043,,,,,,,0.44661039113998413,0.42863786220550537,0.12475065886974335
ensemble3,9,0.11482301354408264,,,,,,,0.4133985936641693,0.40443846583366394,0.18216247856616974
ensemble3,10,0.13332684338092804,,,,,,,0.373247891664505,0.3779258728027344,0.2488260269165039
ensemble3,11,0.10131016373634338,,,,,,,0.42117932438850403,0.3272709250450134,0.2515498101711273
ensemble3,12,0.02003881335258484,,,,,,,0.4267447590827942,0.3317249119281769,0.2415304183959961
ensemble3,13,0.02333885431289673,,,,,,,0.4169274866580963,0.3298729360103607,0.2532000243663788
ensemble3,14,0.16358432173728943,,,,,,,0.3380908668041229,0.41166508197784424,0.25024446845054626
ensemble3,15,0.026029780507087708,,,,,,,0.3511057198047638,0.4100783169269562,0.2388163059949875
ensemble3,16,0.061553969979286194,,,,,,,0.3245324492454529,0.40587446093559265,0.26959314942359924
ensemble3,17,0.02738434076309204,,,,,,,0.3108401596546173,0.41203388571739197,0.2771257758140564
ensemble3,18,0.18358781933784485,,,,,,,0.40263423323631287,0.36961042881011963,0.22775548696517944
ensemble3,19,0.023116081953048706,,,,,,,0.4141921401023865,0.3681411147117615,0.2176666259765625
ensemble3,20,0.021548748016357422,,,,,,,0.4249666631221771,0.3578629195690155,0.2171705961227417
ensemble3,21,0.0874457061290741,,,,,,,0.4158626198768616,0.3232440650463104,0.26089340448379517
ensemble3,22,0.07653658092021942,,,,,,,0.45413097739219666,0.3210093379020691,0.22485990822315216
ensemble3,23,0.029676571488380432,,,,,,,0.4480191767215729,0.31228241324424744,0.23969775438308716
ensemble3,24,0.057415708899497986,,,,,,,0.4767274558544159,0.3044995665550232,0.21877317130565643
ensemble3,25,0.058365389704704285,,,,,,,0.5050178170204163,0.30539172887802124,0.18959030508995056
ensemble3,26,0.014541476964950562,,,,,,,0.503445029258728,0.31266269087791443,0.18389257788658142
ensemble3,27,0.02552098035812378,,,,,,,0.4987427890300751,0.30460426211357117,0.19665288925170898
ensemble3,28,0.15995852649211884,,,,,,,0.4187634587287903,0.35018566250801086,0.23105068504810333
ensemble3,29,0.08903805911540985,,,,,,,0.3795340955257416,0.3448963761329651,0.2755700945854187
ensemble3,30,0.08126039803028107,,,,,,,0.40354737639427185,0.3615136444568634,0.23494024574756622
ensemble3,31,0.01736539602279663,,,,,,,0.41192904114723206,0.3618139922618866,0.226256862282753
ensemble3,32,0.01886792480945587,,,,,,,0.4213627576828003,0.352765291929245,0.22587135434150696
ensemble3,33,0.21572533249855042,,,,,,,0.3333822190761566,0.3328836262226105,0.3337344825267792
ensemble3,34,0.0533483624458313,,,,,,,0.3431754410266876,0.34976449608802795,0.30706021189689636
ensemble3,35,0.05167922377586365,,,,,,,0.317335844039917,0.3696867823600769,0.31297755241394043
ensemble3,36,0.019601434469223022,,,,,,,0.3112789988517761,0.37948739528656006,0.30923357605934143
ensemble3,37,0.047207027673721313,,,,,,,0.33210283517837524,0.3558841645717621,0.31201353669166565
ensemble3,38,0.2137751579284668,,,,,,,0.26001283526420593,0.32108643651008606,0.4189009666442871
ensemble3,39,0.09845989942550659,,,,,,,0.21078303456306458,0.3368411958217621,0.4523763060569763
ensemble3,40,0.19044968485832214,,,,,,,0.20604494214057922,0.43206608295440674,0.3618896007537842
ensemble3,41,0.06158870458602905,,,,,,,0.23683884739875793,0.4123048484325409,0.3508560359477997
ensemble3,42,0.04368388652801514,,,,,,,0.22430604696273804,0.43414628505706787,0.3415463864803314
ensemble3,43,0.07742699980735779,,,,,,,0.18559294939041138,0.47020357847213745,0.34420299530029297
ensemble3,44,0.08617432415485382,,,,,,,0.1835421770811081,0.4291671812534332,0.3872901499271393
ensemble3,45,0.08139193058013916,,,,,,,0.17600946128368378,0.4698634147644043,0.3541271686553955
ensemble3,46,0.01946072280406952,,,,,,,0.1814345121383667,0.460132896900177,0.3584323227405548
ensemble3,47,0.03853926062583923,,,,,,,0.1816052496433258,0.4408634901046753,0.3775314390659332
ensemble3,48,0.02522246539592743,,,,,,,0.18121539056301117,0.4534744322299957,0.36530977487564087
ensemble3,49,0.0381690114736557,,,,,,,0.16385918855667114,0.45174646377563477,0.3843946158885956
ensemble3,50,0.03372578322887421,,,,,,,0.15929795801639557,0.4686095118522644,0.3720931112766266
ensemble3,51,0.36676546186208725,,,,,,,0.11830823868513107,0.6519925594329834,0.22970041632652283
ensemble3,52,0.0744275227189064,,,,,,,0.13256388902664185,0.6147781014442444,0.25265783071517944
ensemble3,53,0.03660184144973755,,,,,,,0.12605546414852142,0.6330791115760803,0.24086542427539825
ensemble3,54,0.07763715833425522,,,,,,,0.11356749385595322,0.6718977093696594,0.21453483402729034
ensemble3,55,0.017815612256526947,,,,,,,0.12145678699016571,0.6629894375801086,0.21555288136005402
ensemble3,56,0.02773173153400421,,,,,,,0.12955716252326965,0.6491239666938782,0.22131876647472382
ensemble3,57,0.026219606399536133,,,,,,,0.11644692718982697,0.6544163227081299,0.22913578152656555
ensemble3,58,0.028819076716899872,,,,,,,0.11683658510446548,0.6684361100196838,0.21472615003585815
ensemble3,59,0.011211946606636047,,,,,,,0.11655745655298233,0.6631096005439758,0.22033245861530304
ensemble3,60,0.052501529455184937,,,,,,,0.12138811498880386,0.6368591785430908,0.24175290763378143
ensemble3,61,0.06653625518083572,,,,,,,0.10133455693721771,0.6236445307731628,0.275020956993103
ensemble3,62,0.16140633821487427,,,,,,,0.07358987629413605,0.7043474316596985,0.22206220030784607
ensemble3,63,0.21599102765321732,,,,,,,0.06012103706598282,0.8123431205749512,0.12753570079803467
ensemble3,64,0.12463492900133133,,,,,,,0.09925597906112671,0.7500261068344116,0.15071867406368256
ensemble3,65,0.06598086655139923,,,,,,,0.08286020159721375,0.7830164432525635,0.13412392139434814
ensemble3,66,0.022648625075817108,,,,,,,0.07604014128446579,0.7785123586654663,0.14544840157032013
ensemble3,67,0.05856725573539734,,,,,,,0.07019997388124466,0.7550686001777649,0.17473173141479492
ensemble3,68,0.0390140600502491,,,,,,,0.05069299414753914,0.7699100971221924,0.179397314786911
ensemble3,69,0.05836338922381401,,,,,,,0.05935037136077881,0.7407283782958984,0.1999216079711914
ensemble3,70,0.06621004641056061,,,,,,,0.09245556592941284,0.7144768834114075,0.1930682510137558
ensemble3,71,0.010348357260227203,,,,,,,0.0976288840174675,0.7101526856422424,0.1922174096107483
ensemble3,72,0.0861872173845768,,,,,,,0.054536063224077225,0.7516798377037048,0.1937846541404724
ensemble3,73,0.034962236881256104,,,,,,,0.03705476596951485,0.7605984807014465,0.20234695076942444
ensemble3,74,0.03273541480302811,,,,,,,0.043051090091466904,0.7709704041481018,0.18597978353500366
ensemble3,75,0.059740547090768814,,,,,,,0.07292081415653229,0.7630408406257629,0.1640385240316391
ensemble3,76,0.1064237654209137,,,,,,,0.12613247334957123,0.7125810384750366,0.16128621995449066
ensemble3,77,0.16696937382221222,,,,,,,0.058180853724479675,0.796066403388977,0.14575383067131042
ensemble3,78,0.05899931490421295,,,,,,,0.028680309653282166,0.8038913011550903,0.16742770373821259
ensemble3,79,0.010047473013401031,,,,,,,0.03187260776758194,0.7988681793212891,0.16925975680351257
ensemble3,80,0.059754643589258194,,,,,,,0.05386277660727501,0.8067542314529419,0.13938133418560028
ensemble3,81,0.048453014343976974,,,,,,,0.07809021323919296,0.7895015478134155,0.13240844011306763
ensemble3,82,0.07732571288943291,,,,,,,0.048494141548871994,0.8281641602516174,0.12334141135215759
ensemble3,83,0.0266612246632576,,,,,,,0.035163361579179764,0.835553765296936,0.12928225100040436
ensemble3,84,0.03788270428776741,,,,,,,0.04172974079847336,0.8166130185127258,0.14165782928466797
ensemble3,85,0.027059871703386307,,,,,,,0.05180894955992699,0.8200637102127075,0.12812785804271698
ensemble3,86,0.006184250116348267,,,,,,,0.04928657039999962,0.8231553435325623,0.12755762040615082
ensemble3,87,0.031057946383953094,,,,,,,0.04294756427407265,0.8139655590057373,0.143086776137352
ensemble3,88,0.10224290937185287,,,,,,,0.04278404638171196,0.7630083560943604,0.19420896470546722
ensemble3,89,0.19993410632014275,,,,,,,0.06598681956529617,0.6630403399467468,0.27097228169441223
ensemble3,90,0.10415755212306976,,,,,,,0.05842258781194687,0.7151199579238892,0.2264585793018341
ensemble3,91,0.027931075543165207,,,,,,,0.0452764593064785,0.7143001556396484,0.24042372405529022
ensemble3,92,0.08675211295485497,,,,,,,0.049175865948200226,0.6709232330322266,0.2798995077610016
ensemble3,93,0.08957625925540924,,,,,,,0.054624445736408234,0.710263729095459,0.23511232435703278
ensemble3,94,0.2026803269982338,,,,,,,0.04292662441730499,0.6206209659576416,0.33645206689834595
ensemble3,95,0.12126915529370308,,,,,,,0.04058447107672691,0.5623288154602051,0.3970869183540344
ensemble3,96,0.34099194034934044,,,,,,,0.03520609438419342,0.7328250408172607,0.23196958005428314
ensemble3,97,0.04891493543982506,,,,,,,0.04561322554945946,0.7083669304847717,0.24601927399635315
ensemble3,98,0.028802841901779175,,,,,,,0.04362788423895836,0.7227685451507568,0.23360338807106018
ensemble3,99,0.06292514130473137,,,,,,,0.049512334167957306,0.6913060545921326,0.25918158888816833
ensemble3,100,0.249360840767622,,,,,,,0.053192246705293655,0.5666257739067078,0.3801822364330292
ensemble3,101,0.04993237927556038,,,,,,,0.04197600483894348,0.5528764128684998,0.40514901280403137
ensemble3,102,0.05461820214986801,,,,,,,0.03190571814775467,0.5356363654136658,0.4324568808078766
ensemble3,103,0.032234881073236465,,,,,,,0.04032791778445244,0.5433322191238403,0.41634005308151245
ensemble3,104,0.05351908132433891,,,,,,,0.05347862094640732,0.5165722370147705,0.42994844913482666
ensemble3,105,0.06363122165203094,,,,,,,0.050820596516132355,0.5483881235122681,0.40079113841056824
ensemble3,106,0.25016064941883087,,,,,,,0.044196926057338715,0.6734688878059387,0.28233492374420166
ensemble3,107,0.02371268719434738,,,,,,,0.048639461398124695,0.6808820962905884,0.2704779803752899
ensemble3,108,0.0071339234709739685,,,,,,,0.052206851541996,0.6789307594299316,0.268862783908844
ensemble3,109,0.02303459867835045,,,,,,,0.040689241141080856,0.6836703419685364,0.27564018964767456
ensemble3,110,0.0436832569539547,,,,,,,0.03468434512615204,0.6678334474563599,0.2974816560745239
ensemble3,111,0.04036549851298332,,,,,,,0.03857555612921715,0.6476510167121887,0.313773512840271
ensemble3,112,0.05116722732782364,,,,,,,0.04298583045601845,0.6220672726631165,0.33494672179222107
ensemble3,113,0.024136509746313095,,,,,,,0.03798765689134598,0.6341354846954346,0.32787659764289856
ensemble3,114,0.18984145671129227,,,,,,,0.03916157782077789,0.5392143130302429,0.42162296175956726
ensemble3,115,0.02850855514407158,,,,,,,0.05341633781790733,0.5343170762062073,0.41226640343666077
ensemble3,116,0.012080065906047821,,,,,,,0.05137378349900246,0.5403578877449036,0.4082697033882141
ensemble3,117,0.04966381937265396,,,,,,,0.03340810164809227,0.5334913730621338,0.4331013262271881
ensemble3,118,0.06897442601621151,,,,,,,0.02526516281068325,0.5071465373039246,0.46758797764778137
ensemble3,119,0.010413363575935364,,,,,,,0.026677271351218224,0.5019399523735046,0.47138264775276184
