day,block,R,S,L,L_R,L_S,L_L
16,3,0.49293388011642897,0.25353305994178554,0.25353305994178554,0.618102673543891,0.618102673543891,0.618102673543891
16,4,0.4861673405341119,0.2569163297329441,0.2569163297329441,0.6160156266113016,0.6160156266113016,0.6160156266113016
16,5,0.7496341061446224,0.1251829469276887,0.1251829469276887,0.5968438226431457,0.6093714600357224,0.6093714600357224
16,6,0.8771427975670482,0.06182174085218525,0.061035461580766615,0.6339887978214683,0.6450478645008796,0.6452141135223783
16,7,0.8832783004900608,0.059169501101218214,0.05755219840872082,0.6092728017456901,0.6123488648016228,0.6125865738135007
16,8,0.8600383194893122,0.07151889371999885,0.06844278679068895,0.6042416394748672,0.6041152641529102,0.6043890584719039
16,9,0.8429398722929997,0.08094499903965374,0.07611512866734646,0.6255900987430527,0.6259008860234437,0.6262116081455946
16,10,0.8298783819724806,0.08782718137774204,0.08229443664977727,0.6265629243083367,0.6271733574542022,0.6273385693925012
16,11,0.7725337997715467,0.11761902359508455,0.10984717663336868,0.6033659749899262,0.6008245846814052,0.6009546048517723
16,12,0.7304575731912759,0.139529205132957,0.13001322167576698,0.6045891624310926,0.6031934128097355,0.6032990137172092
16,13,0.6773014706241415,0.1685148016923534,0.1541837276835052,0.6241220452404029,0.6221440382627638,0.6224118960610131
16,14,0.6336480738239799,0.19116874192386232,0.1751831842521578,0.6086211932411253,0.6072360875836624,0.6072936529465768
16,15,0.5669360221709843,0.22743160362277892,0.20563237420623678,0.6265122573576984,0.6240519499926207,0.6242567882169935
16,16,0.551507690490881,0.23432117404320804,0.21417113546591082,0.6140315840604442,0.6138197253773438,0.6137718711507167
16,17,0.5218502600998709,0.24965772386307675,0.22849201603705227,0.619788730682521,0.6189101709296669,0.6189526309331455
16,18,0.4809984419483547,0.2707822067315544,0.2482193513200909,0.6175235754830046,0.6161339728621565,0.6161682752256022
16,19,0.44411421287736214,0.2901419833516677,0.2657438037709703,0.6298315920317572,0.6285191712171112,0.628574648078191
16,20,0.4128301412589901,0.30638459706570587,0.2807852616753041,0.6205798724711798,0.6194286220712908,0.6194669390364844
16,21,0.3863441936059332,0.31954259401581875,0.2941132123782481,0.6093886017733794,0.6083847227944855,0.60838155947584
16,22,0.33414065269159815,0.3481929054575409,0.31766644185086096,0.622587755895636,0.6202596217922716,0.6203886468295731
16,23,0.34277803000909257,0.34121656539606865,0.3160054045948388,0.6116946167102885,0.6121541883426305,0.6120387515837038
16,24,0.31480526207663584,0.3554132421900511,0.32978149573331306,0.6183619788099294,0.6170494932869193,0.617062658247439
16,25,0.28405197983610314,0.37143002614821335,0.3445179940156835,0.6154372953952983,0.6138461156869633,0.6138806934028764
16,26,0.287566070081324,0.369923729812918,0.342510200105758,0.6116257746231444,0.6116749550356196,0.6117246092748045
16,27,0.28660644903354343,0.369791648572362,0.3436019023940945,0.6115976407727783,0.6114517869187573,0.6114467255901482
16,28,0.2612548558915922,0.3835346573685922,0.35521048673981565,0.6253444056424164,0.6238726830489706,0.6239358699477145
16,29,0.25736694292246404,0.38540884653252855,0.3572242105450074,0.6148279661758266,0.6144380969349418,0.6144603904769796
16,30,0.25412593411102524,0.38593799303763116,0.3599360728513436,0.6194555272637617,0.6191159567637292,0.619081544832797
16,31,0.2534460966538668,0.3844881317001315,0.3620657716460016,0.6144291127326784,0.6142406952802588,0.6141677220377607
16,32,0.25971711633256567,0.38089364338710235,0.359389240280332,0.6154285902300197,0.6155855188730459,0.615588872921485
16,33,0.27014499499221906,0.3754987838860894,0.3543562211216915,0.6137791411825148,0.6141617574606041,0.61418350228482
16,34,0.26784686794131546,0.3777515356102998,0.35440159644838487,0.6043368872460877,0.6040308781832093,0.6041150516758093
16,35,0.26320192991429997,0.38014621177557134,0.3566518583101288,0.6087242359229489,0.6083130605951699,0.6083384268767452
16,36,0.26353340169391803,0.38295322280662636,0.3535133754994556,0.6059649791506039,0.6057288363629797,0.6059227542439709
16,37,0.2571828859643323,0.3883495209582302,0.3544675930774375,0.604007082666806,0.6034287424086131,0.6035778784446599
16,38,0.24841037683366377,0.39319608145573925,0.35839354171059695,0.6016970724169467,0.601006299435023,0.6010564477902808
16,39,0.24257534540358947,0.39600886365811433,0.3614157909382962,0.6037843660029908,0.6032385250521308,0.6032613172964771
16,40,0.23726917652246618,0.3991695853572713,0.36356123812026264,0.6040650213657472,0.6035107168378885,0.6035670410295659
16,41,0.23185448324018015,0.40196096089078776,0.3661845558690322,0.6007950465110544,0.6002235207724872,0.6002569748740227
16,42,0.2218606935031672,0.4074258001047556,0.3707135063920771,0.5976611488468052,0.5967803531890994,0.5968281193968122
16,43,0.21965993146096197,0.40838031781984835,0.37195975071918974,0.6018322270564338,0.601396322846874,0.6014213229212042
16,44,0.21287612873611145,0.41226006814378546,0.37486380312010315,0.5973366387988465,0.5965902606247961,0.5966425186280029
16,45,0.21288652321350007,0.41072830700679,0.37638516977971,0.6009761593286854,0.6006771088050724,0.6006319489557209
16,46,0.2162264004313472,0.40826899174227793,0.3755046078263749,0.603394246022232,0.6032863307112091,0.6032810315363102
16,47,0.21782579368845628,0.4075360113934886,0.3746381949180551,0.599659730786903,0.5994335350504433,0.599470260141304
16,48,0.21209389673983567,0.40989583741127933,0.37801026584888514,0.5968176201897551,0.5961545199040235,0.5961528177584358
16,49,0.21865051727701812,0.40594034379530436,0.3754091389276776,0.6059940700289146,0.6060816614812559,0.6060831192077262
16,50,0.22591857323344658,0.400891929767833,0.3731894969987205,0.6060138718100682,0.6061789311105944,0.6061402504450054
16,51,0.23707405617311106,0.39252314694411233,0.3704027968827766,0.6095481881228325,0.6099931907972761,0.6098795088918352
16,52,0.23061725119076118,0.3954104303564031,0.37397231845283574,0.5917788819045848,0.5911610317944739,0.5911596828541836
16,53,0.23370739712426672,0.3936349061319995,0.37265769674373384,0.6062348230930974,0.6061548013753492,0.6061659958332637
16,54,0.2394978552749744,0.3902603552607232,0.37024178946430236,0.6126465624101136,0.6127380441642203,0.6127373227676052
16,55,0.2484841514162862,0.38289397535330244,0.36862187323041135,0.6098107711515355,0.6101601989644693,0.6100283370933122
16,56,0.2553363093876089,0.3790899579470177,0.3655737326653734,0.6119445541791115,0.6121269630633973,0.6121244782575005
16,57,0.2585849773418231,0.37699957932969624,0.36441544332848075,0.6013738499809613,0.6013756167066269,0.6013655145887857
16,58,0.26144616777859375,0.37731870138152573,0.36123513083988057,0.612329789004469,0.6122574072217154,0.6123708631389047
16,59,0.2684584088841839,0.3726060518580276,0.35893553925778854,0.6087897680880634,0.6090260056273413,0.6089792094970146
16,60,0.27268910728129186,0.3704511641339794,0.3568597285847288,0.6017341048830509,0.6018052566372476,0.6018203732606265
16,61,0.28289752721778566,0.36133573255716134,0.35576674022505306,0.5984928165661264,0.5989959835561237,0.5987838910684984
16,62,0.2877147367011992,0.3588326421746765,0.3534526211241244,0.6001166108949354,0.6002531145485883,0.6002551011575411
16,63,0.28708971521368637,0.3596425779689697,0.35326770681734393,0.5979021237410646,0.5977539243467013,0.5977890871089997
16,64,0.29358992890164076,0.35300847963316107,0.3534015914651983,0.6105607896112958,0.6108861083093519,0.6106956690432241
16,65,0.3044859497231475,0.34324444138198085,0.3522696088948716,0.612298212270125,0.6128883044953409,0.6126288993495074
16,66,0.3058557383437562,0.34225382328892945,0.3518904383673144,0.6004879774855932,0.6005103786483839,0.6004804580163622
16,67,0.3082084271133559,0.33989765601501215,0.35189391687163213,0.6017456547434847,0.6018466589614849,0.6017627012433143
16,68,0.31024819302076456,0.33774621227483925,0.35200559470439635,0.6038845945337931,0.6039752749743995,0.6038909292136383
16,69,0.3099931985555664,0.33843250607690717,0.35157429536752643,0.6068112018948308,0.6067426212752415,0.6067589046088097
16,70,0.3116838205219055,0.3363432846811981,0.3519728947968965,0.6043487800674583,0.6044303317172266,0.604337619463341
16,71,0.312317244820316,0.3361303072027298,0.35155244797695423,0.6075044720794364,0.6074975882115901,0.6074839715290438
16,72,0.3101473206421168,0.33912839390132976,0.3507242854565535,0.6149238515746918,0.614724616328779,0.6148226333973784
16,73,0.3086795037343763,0.34097182688163397,0.35034866938398984,0.6089275623598137,0.6087805759007354,0.6088339361748617
16,74,0.309935583993608,0.3397966146680304,0.35026780133836155,0.6054998604557671,0.6055330989616216,0.6054879168879909
16,75,0.30352266745688283,0.3442119012988163,0.352265431244301,0.6124005650236124,0.6120048197985277,0.612067268903947
16,76,0.2987452904530578,0.34732767545353604,0.35392703409340626,0.6141254780991464,0.6138075030430249,0.6138426512436971
16,77,0.2990895040501688,0.3468728514840012,0.3540376444658299,0.6103442332421083,0.6103007660578262,0.6102759462048742
16,78,0.3007028184662326,0.3457908960413353,0.35350628549243224,0.608076540500418,0.6080974802490215,0.6080719639955628
16,79,0.29266962904189964,0.35186839136558007,0.35546197959252035,0.6241019811863049,0.6235719722994695,0.6236868023525257
16,80,0.2957300080018482,0.35054742752915835,0.3537225644689935,0.6061228647637626,0.6061863289091276,0.6061940007906192
16,81,0.2941935481124573,0.3505603144603794,0.3552461374271634,0.6156650837444669,0.6155318163942007,0.6154836646650825
16,82,0.28543655235504994,0.35693581299541866,0.3576276346495314,0.616674432651503,0.6160882166559797,0.6162008369202215
16,83,0.28483273427086736,0.355462468480935,0.3597047972481977,0.6207373725522581,0.6206543605639601,0.620550201977134
16,84,0.28486528585163806,0.35554396973672947,0.3595907444116326,0.6143844500039047,0.6142800665686128,0.6142808730904199
16,85,0.2845960758277777,0.35520843892463205,0.3601954852475904,0.6182284942236117,0.6181251444702089,0.6180931644641663
16,86,0.28872257990739614,0.35224645908156027,0.3590309610110436,0.6134019852071574,0.6135372894202226,0.6134780402464289
16,87,0.28728183787773154,0.35302271568114807,0.3596954464411204,0.612361045197786,0.6121931197049914,0.6121889090538607
16,88,0.28270608339471265,0.3552506821770319,0.36204323442825553,0.6247763640612086,0.624446012074819,0.6244360956437212
16,89,0.2789693314352075,0.35540711575657025,0.3656235528082223,0.6275099603376849,0.6272583858565691,0.6271528177875995
16,90,0.2754343739329108,0.3580146168237639,0.36655100924332534,0.6272921013731548,0.6269674989029607,0.6270056973004562
16,91,0.2723701746128074,0.3602480761851365,0.3673817492020562,0.6157613343013161,0.6154546573338876,0.6154862848324836
16,92,0.2810957762392407,0.35211303133252814,0.36679119242823127,0.6234969437547186,0.6239344821035108,0.6237054442573295
16,93,0.2785006311039683,0.35342641898174687,0.36807294991428485,0.6253254427277107,0.6250827709240847,0.6250685568751075
16,94,0.2732225544341999,0.356037025334882,0.37074042023091813,0.6308475273440812,0.6304565213531647,0.6304415262180754
16,95,0.27367480105050496,0.35472030454970255,0.37160489439979255,0.6248921719970069,0.624822122240489,0.6247429449384958
17,0,0.2733632302194516,0.3549638987144224,0.371672871066126,0.6287191865862255,0.628576385516675,0.6285627980219393
17,1,0.27972613051586276,0.3515093793881698,0.3687644900959675,0.6140495174640027,0.6142693341483577,0.6142305148813835
17,2,0.29612491102687377,0.3431003890330135,0.36077469994011285,0.601291727313275,0.6020351825372582,0.601991071217279
17,3,0.30010300974702797,0.34336130127769293,0.35653568897527915,0.6183608759019906,0.6184246517054744,0.6185345977668126
17,4,0.23122270881687684,0.3739397924057217,0.39483749877740143,0.6404634784542549,0.6367575017536463,0.6365694510542869
17,5,0.29970106393927326,0.3456686721313053,0.35463026392942154,0.6222747849084305,0.6255893729923273,0.6258664516472369
17,6,0.33180165329315303,0.3344040652283423,0.3337942814785046,0.6236157239497345,0.624961087640748,0.6252360955119249
17,7,0.3755892092286097,0.31839729462302785,0.3060134961483623,0.6208575141726399,0.6226580788334849,0.623055348741001
17,8,0.4096330789824001,0.3077226584760471,0.2826442625415529,0.6336517157477317,0.6349794276115469,0.6354756198192517
17,9,0.4601423729424612,0.2903888952702847,0.24946873178725407,0.6234577999605859,0.6253872841120799,0.6261403255143492
17,10,0.48282713525538523,0.28815195391416754,0.22902091083044712,0.6002567031991044,0.6010210737555103,0.6019329988483001
17,11,0.49070053657731594,0.28856789303745084,0.2207315703852332,0.618561914834571,0.6189191497444526,0.619461758312126
17,12,0.4934020622191132,0.29039171257205104,0.2162062252088357,0.6245346133970819,0.6247348089206576,0.6251820450032157
17,13,0.4985566143205648,0.2944152140491441,0.20702817163029116,0.6196240880543552,0.6197947678051294,0.6205812761942255
17,14,0.4629425171370777,0.31326919422637645,0.22378828863654587,0.6101071830559571,0.6088969096038929,0.6089298796031509
17,15,0.4625229586015602,0.32081522567675896,0.21666181572168086,0.6160309325786991,0.6159240362860291,0.6167096989205497
17,16,0.45269976617892765,0.3351662693923784,0.2121339644286939,0.6036544091589799,0.6031157672165911,0.604023204579375
17,17,0.4280787478554394,0.3538274138423084,0.21809383830225212,0.6066573844275032,0.6056282412937924,0.6061553231190853
17,18,0.38502717109545165,0.3827363778394506,0.23223645106509783,0.6067134705475736,0.6048704469541639,0.6052791114336914
17,19,0.3724297952709217,0.38606933174417885,0.2415008729848995,0.63156067432044,0.631127390390658,0.6310530073084538
17,20,0.3760436703364122,0.37846060277713783,0.24549572688645002,0.6298450834233713,0.6301382071838517,0.6299874238311386
17,21,0.36082138941791253,0.3834828160153012,0.2556957945667862,0.622022915153373,0.621453805058492,0.6213716172628881
17,22,0.3113285131120172,0.4100945864396254,0.2785769004483575,0.6115323345598467,0.6092721884871866,0.6092559958817669
17,23,0.2826598241486944,0.42783111886387637,0.2895090569874293,0.6135565239535796,0.6119900683994576,0.6121931111299445
17,24,0.2832021753934306,0.4219716787896882,0.29482614581688127,0.6323018580140357,0.6322876796162401,0.6321183479930235
17,25,0.29387440920359803,0.41293014114403187,0.2931954496523702,0.6276502397892252,0.6280921471535026,0.6280767882267794
17,26,0.3052005828706709,0.4047791165736859,0.29002030055564315,0.6253573691448253,0.625816169189477,0.6258698675730725
17,27,0.29890496058423366,0.4053817955426395,0.29571324387312686,0.6256819378233481,0.6253291188512466,0.6252844672187765
17,28,0.30318933789497093,0.40124704525432736,0.2955636168507018,0.623517852827787,0.6236439188150833,0.6236778542957168
17,29,0.31083674062481403,0.39434115043115653,0.2948221089440294,0.6299470075433545,0.6302693640735181,0.6302471367103992
17,30,0.30627396945349805,0.3947317125277006,0.2989943180188013,0.6276695019574279,0.6274039026042341,0.6273928845805353
17,31,0.30415720931074225,0.3954272093712874,0.30041558131797047,0.6189534482768128,0.6187546487374822,0.6188427436723981
17,32,0.3038443374176152,0.3946861521553452,0.3014695104270397,0.6197452817766731,0.6196421000480643,0.6197038123939685
17,33,0.3093493078930993,0.3905328918276369,0.3001178002792639,0.6224030373096961,0.6225893587608492,0.6226422668153254
17,34,0.30815229954381407,0.3914291029939655,0.30041859746222055,0.6197806339623597,0.6196172018966626,0.6197442281169465
17,35,0.30434232607910666,0.39550556751106436,0.3001521064098291,0.6147806117135852,0.6144409777794355,0.6146718768259943
17,36,0.29187862502275996,0.4058027329928212,0.3023186419844189,0.607658841669873,0.6068418339700434,0.607151213073868
17,37,0.28793036147146817,0.4100024153239512,0.3020672232045806,0.613021074094716,0.6126294125827285,0.6128690727843084
17,38,0.2906854796978705,0.40907547268618266,0.3002390476159468,0.6193618820730813,0.6193329391903304,0.6195015729963949
17,39,0.29169923795294606,0.4143365373909863,0.2939642246560676,0.6143023932492655,0.6140598431503064,0.6145444942064773
17,40,0.291966076450923,0.41783088859512735,0.2902030349539497,0.6137394357097034,0.6135125338672801,0.6138804426972023
17,41,0.2837399484797101,0.4252317437676019,0.291028307752688,0.6083169943180304,0.6076827127513766,0.6079896835318827
17,42,0.27779195185006716,0.434906595392775,0.2873014527571579,0.6090590680451164,0.6084304554468601,0.6089583707149909
17,43,0.2744631043959583,0.4403228395427903,0.2852140560612515,0.6131529218628476,0.6127061772694855,0.6130848444777165
17,44,0.276447807920929,0.4347726831441296,0.2887795089349414,0.6170145401619381,0.6170191518114426,0.6169393776754548
17,45,0.269467384870878,0.4455084516731644,0.28502416345595766,0.6065236852852527,0.6058076619811492,0.6063686697821454
17,46,0.27505593778758686,0.43528740579478725,0.28965665641762595,0.616880375889438,0.6171203313341177,0.6168971595602233
17,47,0.2720329964539079,0.43790465122222544,0.29006235232386673,0.6076459913415078,0.6072700946415861,0.6074874815384705
17,48,0.2720000150889153,0.43462459405907855,0.2933753908520062,0.61047055511163,0.6103415399510682,0.6103159209286917
17,49,0.27131548493406543,0.4356838816169234,0.29300063344901134,0.6069529360900197,0.6066982070143694,0.6068999335739766
17,50,0.2742708975374622,0.42988008378119896,0.29584901868133884,0.6150463556215235,0.6150940606123274,0.6150184059008907
17,51,0.27027663787570305,0.4335271195781852,0.2961962425461118,0.6006373578965499,0.6002005421995472,0.60043076081889
17,52,0.2713128811300345,0.43271015598185253,0.29597696288811304,0.610212099771153,0.6100663398210843,0.6102120860475566
17,53,0.27218588470920574,0.42944773016728266,0.2983663851235117,0.6115783875595675,0.611487632164714,0.6114821681682387
17,54,0.2680447028598806,0.4324725310294234,0.299482766110696,0.5992122284738124,0.5987793202845402,0.5989633105901431
17,55,0.27541473287121404,0.4204667506109269,0.3041185165178591,0.618359008778525,0.6187269135418101,0.6184257255398551
17,56,0.2781188521584374,0.41640868478743187,0.30547246305413067,0.6141835103899415,0.614201972278351,0.6141889709505163
17,57,0.28469552682669286,0.4073223772815424,0.3079820958917648,0.6201129988822329,0.6204113126234055,0.6202254806812894
17,58,0.28749373766296926,0.40334035884114455,0.30916590349588624,0.6108737786498697,0.6109224341273412,0.6108970485697269
17,59,0.28986050859990803,0.4000650033008287,0.31007448809926336,0.6171499868882941,0.6171733106023202,0.6171692716743383
17,60,0.2925510439354,0.3972090093573305,0.3102399467072696,0.6176299931595842,0.6176611761368097,0.6176881527328418
17,61,0.2957685952024502,0.3931337822637519,0.31109762253379797,0.6194708934459832,0.6195598924212589,0.6195279734707667
17,62,0.2973455592019122,0.3910853389947413,0.3115691018033466,0.6165031661946087,0.6164896882881098,0.6165184442419488
17,63,0.2976105129030923,0.39101173803739614,0.3113777490595115,0.6182764041015752,0.6181688122231146,0.6182694365228599
17,64,0.2982329139436815,0.38995596089378387,0.3118111251625348,0.6188608103241474,0.6187924143977267,0.61884615528938
17,65,0.298066357905851,0.3904634784117867,0.31147016368236236,0.6200040478300616,0.6198683634677622,0.6199880059769566
17,66,0.3019004974783524,0.384782477715408,0.3133170248062397,0.6167079292502754,0.616877078579064,0.616758744395261
17,67,0.3026174654895054,0.38344225729509485,0.31394027721539985,0.6188015656240946,0.6187574468630491,0.6187877609391661
17,68,0.30413939945226054,0.37873020210449615,0.3171303984432434,0.6087684492775993,0.6088467478956635,0.6086975706059405
17,69,0.30560392066244807,0.3769368487669743,0.3174592305705776,0.6225802534223044,0.6225844170823777,0.6225998368624709
17,70,0.3077415814536874,0.3746694847185469,0.31758893382776576,0.6198785163809981,0.619922942628852,0.619929223560149
17,71,0.30966004945774506,0.3723035099971127,0.3180364405451423,0.6189145150840741,0.6189598702469412,0.6189499940484103
17,72,0.31161691040233197,0.370154682685842,0.31822840691182613,0.6199370037506259,0.6199830362827484,0.6199840996879
17,73,0.3120025793072036,0.3690356450471307,0.31896177564566575,0.6160622483440938,0.6160318386684871,0.6160412520598494
17,74,0.3136815798369444,0.36617411006730216,0.32014431009575356,0.610138989117145,0.6102030972256285,0.6101461332573475
17,75,0.3142017386908054,0.36529036190717923,0.3205078994020154,0.6207793749186842,0.620754455267422,0.6207753307665187
17,76,0.314652054543578,0.3645570519390535,0.3207908935173686,0.6237266762973583,0.6236969244323641,0.6237231773259854
17,77,0.3159208369310501,0.36302260379096873,0.3210565592779812,0.6187763698715639,0.6187982164109639,0.6188008459830441
17,78,0.31533813257009674,0.36238247726405326,0.32227939016585,0.6175906435780871,0.6175291055889102,0.6175240662662028
17,79,0.31699086001278187,0.3597005855085351,0.3233085544786831,0.6168313960580236,0.6169026998326376,0.6168426733145297
17,80,0.31742050023775703,0.3585444046613428,0.3240350951009002,0.6176701475954048,0.6176625841134004,0.6176517379257517
17,81,0.3182874548685956,0.35750986635024395,0.32420267878116044,0.6201793481447846,0.6201846728859367,0.6201929790139457
17,82,0.31862892621181005,0.35665430909868734,0.3247167646895026,0.6170433082740417,0.6170286298025008,0.6170294889765526
17,83,0.31989372653152676,0.3553460832871036,0.3247601901813697,0.6181365609527152,0.618166918562627,0.6181679166726707
17,84,0.3190431567315596,0.35502074774503856,0.3259360955234019,0.6126816199739621,0.612617295491087,0.6126090553070151
17,85,0.3191419083076033,0.3543315722949848,0.326526519397412,0.6175787515504109,0.6175553676424395,0.6175532747947872
17,86,0.32083959879535967,0.3529469587884136,0.3262134424162267,0.6187240689912868,0.6187744481993817,0.618779128565284
17,87,0.3216347874792774,0.35208346456575446,0.3262817479549681,0.6220540868034359,0.6220636695429576,0.6220702037930145
17,88,0.31966864857257593,0.35286604016397777,0.3274653112634463,0.6241774398891206,0.6240504995009499,0.624068907514006
17,89,0.3220138196426521,0.3509594681539161,0.32702671220343194,0.6256631485743491,0.6257526347125196,0.6257426124417501
17,90,0.3219349753279648,0.3509602915377078,0.3271047331343275,0.6198402897006235,0.6197999178956964,0.6198282016631539
17,91,0.32489460575761653,0.34727816952504315,0.3278272247173404,0.6212473869588989,0.6214151010038446,0.6213127691046124
17,92,0.32754097711532404,0.34392156191042483,0.32853746097425124,0.6123242734497883,0.6124810678122349,0.6123823876235437
17,93,0.3302354237123391,0.3405642413567676,0.3292003349308934,0.6097699566384274,0.6099364313869219,0.6098331326467896
17,94,0.3280676887525985,0.342124930127126,0.3298073811202755,0.6282252562117501,0.628095196570337,0.6281386003927889
17,95,0.3277033271416428,0.344663649150598,0.3276330237077592,0.6076007410251022,0.6074935450801943,0.6076558716541502
18,0,0.3264404324082557,0.34561652945988003,0.32794303813186426,0.6227861743813201,0.6226948782120604,0.6227360312719927
18,1,0.32907230249717584,0.3410503309565846,0.32987736654623945,0.6126481077482949,0.6128456583950775,0.6126685023103917
18,2,0.32668676771538224,0.34437773362736207,0.3289354986572558,0.6201151262558972,0.619922078437572,0.6200678717805124
18,3,0.315985674429462,0.34803486997612104,0.335979455594417,0.6208646775925214,0.6203829722186892,0.6202919225910828
18,4,0.3158492384860103,0.34757622930276294,0.33657453221122685,0.6267411533357851,0.6267073571480354,0.6266903377476254
18,5,0.2892220078497262,0.3624062450926514,0.34837174705762236,0.6284706272507649,0.6270688965678769,0.6271585698585094
18,6,0.2856306916104403,0.363502375795132,0.3508669325944278,0.6211882217307256,0.6209221790846797,0.6208955881336681
18,7,0.2959327768412146,0.35739886463987247,0.34666835851891287,0.6048945472158086,0.6053323289424909,0.605296130987466
18,8,0.29347079461291536,0.35553132928891534,0.3509978760981693,0.6188790392955682,0.6187599639323398,0.618588805488951
18,9,0.30122974861230783,0.3505641781918075,0.34820607319588465,0.6164611549174479,0.6167937678219373,0.6167357742056826
18,10,0.2901138726501762,0.35126817434301,0.3586179530068138,0.6132869126055123,0.6128020989718838,0.6125189416878599
18,11,0.27451273430360446,0.3577369260662533,0.36775033963014225,0.6481094049708884,0.6472486912099719,0.6471685109585107
18,12,0.28223985111205924,0.3594663262171403,0.3582938226708005,0.6142391824350631,0.6143559458540538,0.6146660204569626
18,13,0.2697603261318693,0.36880505077319675,0.36143462309493396,0.6195302148759171,0.6186741264186315,0.6188514540414545
18,14,0.25926849880573977,0.376204782074824,0.36452671911943624,0.6203589214457627,0.6195859607795856,0.6197119404868172
18,15,0.2603312044006441,0.36356233105326546,0.3761064645460905,0.6242627811897123,0.6244838403925105,0.623815807728982
18,16,0.25715529878397947,0.3665024076421616,0.37634229357385895,0.6257565836212836,0.6253812853127196,0.6254450796164432
18,17,0.279754457538984,0.34240086824000326,0.37784467422101276,0.6040775416835334,0.6055032188403406,0.6047428460023193
18,18,0.24197083549578535,0.3763088395125451,0.3817203249916696,0.6323481690912419,0.6297339233538795,0.6305706231163832
18,19,0.209193067568789,0.40008090022730075,0.3907260322039104,0.6316964150794063,0.6292884158218542,0.6296765682491516
18,20,0.21959909179053805,0.38486685995232955,0.39553404825713245,0.6273367267552631,0.6279188007865278,0.627398529932248
18,21,0.2279418908796352,0.3772789466317744,0.3947791624885904,0.6347825237881458,0.6350962549576166,0.6348989958254998
18,22,0.19230783579865487,0.3943415452096217,0.41335061899172343,0.6194990938775814,0.6169585113489423,0.6169240615716509
18,23,0.17313406663318628,0.4041886612404991,0.4226772721263147,0.6381866708448938,0.6363941137751609,0.6364017941945986
18,24,0.16664810534403982,0.4072041059183792,0.426147788737581,0.6187918975665091,0.6178028142939284,0.6177793998678093
18,25,0.17297041147493986,0.40163391477815064,0.42539567374690956,0.6244068882023276,0.6244228465762632,0.6242824252080418
18,26,0.1604725566489429,0.40643415627681007,0.43309328707424716,0.6254514820935407,0.6240147178369544,0.6239320429137548
18,27,0.15538775348200068,0.4091527925100601,0.43545945400793923,0.6197617787385026,0.6187710947980644,0.6187616872254192
18,28,0.1595022706718835,0.40635256329107716,0.43414516603703934,0.6276617058884085,0.6274179431986107,0.6273564559162491
18,29,0.16236020510250382,0.40568642794101,0.43195336695648606,0.6282634966483754,0.6279014014928607,0.6279136844813092
18,30,0.16105183869774675,0.40710533753661904,0.43184282376563426,0.620791946183321,0.6201110211440686,0.6201279157982255
18,31,0.16355661309516198,0.40668260196324474,0.42976078494159325,0.6350943633241906,0.6347090756680475,0.6347277018762938
18,32,0.15910158742644273,0.4109956682080475,0.42990274436550985,0.6346616752392721,0.6336997148159016,0.6337862596408298
18,33,0.16773967062410236,0.4063401510982969,0.42592017827760065,0.6304339149449829,0.6305503936875034,0.6305129928190922
18,34,0.1705648485224161,0.39935859661115425,0.4300765548664296,0.6187109518922426,0.6185466681158418,0.6182500785394653
18,35,0.17906206483993659,0.39059121359124505,0.4303467215688183,0.6286834553924245,0.6289380073003996,0.628675125712012
18,36,0.18786565226080554,0.3854757092401721,0.42665863849902236,0.6191633701055803,0.6193666064158132,0.6192841755844626
18,37,0.1879981639036221,0.3922945913051345,0.4197072447912434,0.614893330447493,0.6143104497939507,0.6146256883062716
18,38,0.19544964062511544,0.3908676072999543,0.4136827520749303,0.6163360958555815,0.6163789654855195,0.6164664371664985
18,39,0.20141452833901796,0.39752258094355986,0.40106289071742224,0.6167716245572531,0.6165379201000291,0.6170133064562657
18,40,0.20128493089457508,0.40359756939175695,0.395117499713668,0.6152247102060405,0.6146950761100604,0.6150038828309403
18,41,0.20364752289223484,0.40892496248807103,0.3874275146196942,0.6179624383418896,0.6175804942587292,0.6179280549452699
18,42,0.20136990897601495,0.41667811497753166,0.3819519760464533,0.6128716455538096,0.6121887526049111,0.6125508845428358
18,43,0.20439763003385394,0.41670737763273674,0.37889499233340934,0.6171457199569902,0.616922805840988,0.6170389605853663
18,44,0.20799543425791944,0.4175031512393875,0.3745014145026931,0.616312856170505,0.6161089880945375,0.6162850119103577
18,45,0.2077802240898696,0.418876870880574,0.37334290502955636,0.6117290974190207,0.6113247137453298,0.6114312216245904
18,46,0.20527424178449744,0.42021009163261275,0.37451566658288976,0.6101563264254558,0.6096320047218612,0.6096749712889549
18,47,0.20641469462123085,0.4193290229137536,0.37425628246501563,0.6127151771357862,0.6124251824463917,0.6124532137393471
18,48,0.2067335043157443,0.41880001202136485,0.37446648366289087,0.6132886669692468,0.6129519099027398,0.6129751029000096
18,49,0.21252843250764766,0.4145277859414954,0.372943781550857,0.6187225855383373,0.6187603459738119,0.6187379901894063
18,50,0.21365506535487952,0.41362707333611154,0.3727178613090089,0.6130241097014443,0.612762030087427,0.6127852405875838
18,51,0.21495592897247587,0.4123193117169948,0.3727247593105293,0.6128141856825813,0.6125752590672817,0.6125811808142425
18,52,0.22546428127160714,0.4063150004146379,0.36822071831375497,0.6265433261642467,0.6268740026415448,0.6268862355908423
18,53,0.22504887644585161,0.4064038359229451,0.36854728763120326,0.6095792807063776,0.6092640356537486,0.6092944314918578
18,54,0.22286242934263267,0.40730018780491084,0.36983738285245654,0.6057637823153046,0.6053421354898709,0.6053656997339587
18,55,0.2260734225232862,0.40383751435223125,0.37008906312448253,0.6133130360227919,0.6132521745482173,0.613193116887425
18,56,0.2274428454562795,0.40287719842101627,0.36967995612270427,0.6116790495718663,0.6114788358797868,0.6114987870279306
18,57,0.23395690102367686,0.3980972357514528,0.3679458632248703,0.6163134765502345,0.6164535931606476,0.6164114627204337
18,58,0.23184028509462104,0.39880867759012767,0.3693510373152513,0.6083374986215436,0.6079606159768836,0.607969697568088
18,59,0.23913818055337663,0.39375216465193796,0.3671096547946854,0.6203051558784353,0.6204990492750461,0.6204593712258277
18,60,0.23961756890633618,0.3932774266701878,0.36710500442347604,0.6069280200837114,0.6067181803680305,0.6067328525010032
18,61,0.24253255590817105,0.3913169910069882,0.36615045308484073,0.6137175956930255,0.613655954010555,0.613657802477864
18,62,0.24478008704019477,0.38865163742150616,0.36656827553829907,0.6123612880406296,0.6122975928064592,0.6122406010413766
18,63,0.25143327406951294,0.381988968442824,0.3665777574876631,0.6175129525583932,0.6177525444501593,0.6175955331837901
18,64,0.2541077257103693,0.38019004655206534,0.3657022277375654,0.6172845707241885,0.6172441667295576,0.6172361806356769
18,65,0.25522368441830096,0.3790738974573039,0.36570241812439513,0.6085777233146158,0.6084612408863858,0.6084460040888361
18,66,0.2567005445969806,0.3778709716655793,0.36542848373744025,0.6097368063630868,0.609641189477478,0.6096301369201725
18,67,0.25961514950669434,0.37652480564244084,0.36386004485086487,0.6150971953615995,0.6150686138964895,0.615089520984283
18,68,0.2650734184668387,0.3723773178981331,0.36254926363502826,0.6174177466375932,0.6175755948931619,0.6175116208212845
18,69,0.2654597074790796,0.37206709037742675,0.36247320214349377,0.6094979151442844,0.6093609806439046,0.6093652000474097
18,70,0.2686036965180231,0.3693488267980321,0.3620474766839449,0.6108511088852343,0.6108918297648512,0.6108382816415894
18,71,0.2720873385960549,0.36685617214684624,0.361056489257099,0.6125323523204202,0.6125883955796638,0.6125545261946237
18,72,0.2727673761379737,0.36553308331734746,0.36169954054467884,0.6166669255828494,0.6165903006780433,0.6165406388283434
18,73,0.2768628227570004,0.36361926139648953,0.35951791584651005,0.6125868407902199,0.6126608422043424,0.6126734603135221
18,74,0.2817904090122138,0.36029378048368677,0.35791581050409954,0.6184647741416512,0.6186186772208981,0.6185741764067587
18,75,0.2850129362635956,0.35716720258689794,0.3578198611495065,0.6150462166022751,0.6151422396685851,0.6150570121080352
18,76,0.2858666070586736,0.3569311248590032,0.3572022680823233,0.6094794091617605,0.6094129143717958,0.6094232643292392
18,77,0.28779093659613314,0.35671669115325033,0.35549237225061653,0.6187594110102975,0.6187332214073356,0.6187766167744303
18,78,0.2891487705186359,0.3559159094781865,0.3549353200031775,0.6153912699014366,0.6153648778819715,0.615359228553414
18,79,0.29028229372463704,0.35517457375136097,0.35454313252400216,0.6104461342404207,0.6104130436069989,0.6104039866288071
18,80,0.2919913605749981,0.35361764478949154,0.35439099463551044,0.612527029753205,0.6125414179393521,0.6125008696284924
18,81,0.29294939510693946,0.3525532102388476,0.3544973946542131,0.6069659716473003,0.6069435479439751,0.6069081094172178
18,82,0.2953936884541862,0.35117421545615857,0.3534320960896553,0.6169399562608384,0.61698274486418,0.6169709715231626
18,83,0.30039768838183095,0.34862733273224955,0.35097497888591955,0.6209646327048609,0.6211373402004895,0.6211314899376522
18,84,0.3055022684817335,0.34627780497420985,0.3482199265440567,0.6190015173751385,0.6191806876344603,0.6191894999044807
18,85,0.310999949732197,0.3420752380803681,0.34692481218743493,0.611101071718641,0.6113583813618889,0.6112675144913026
18,86,0.31226123469211603,0.3413966844766331,0.346342080831251,0.6131465563376127,0.6131665130869627,0.613157304011746
18,87,0.3130189804752231,0.3407798763596353,0.3462011431651418,0.6202582699023375,0.6202621464288062,0.6202413604191536
18,88,0.31404210979779223,0.3401394583295298,0.345818431872678,0.6065590267558113,0.6065743806368982,0.6065595147001538
18,89,0.3147258199107461,0.3398424185400254,0.34543176154922856,0.6180617156216649,0.6180575133918392,0.618052946059982
18,90,0.31471448180342243,0.33979396024702424,0.34549155794955344,0.6168443032164315,0.6168107273525275,0.6168004165265997
18,91,0.3159809686708866,0.3391128825791231,0.34490614874999037,0.6133447671489596,0.6133731070296035,0.6133627000934596
18,92,0.31761170706536335,0.3377917516272155,0.3445965413074212,0.6092255592829143,0.6092882886241199,0.609249616048516
18,93,0.319906886609188,0.33653858716303564,0.34355452622777644,0.6031673802057769,0.6032537370102572,0.6032379062727212
18,94,0.32080879835966775,0.3361714905504031,0.3430197110899293,0.6102501578927794,0.6102681883196442,0.6102640962876624
18,95,0.3244240308074998,0.33327405213533934,0.3423019170571609,0.612336497247031,0.6125230340039288,0.6124457466778177
19,0,0.33190812177866064,0.324886039309544,0.3432058389117954,0.627222766586733,0.6277153579581354,0.627409833369167
19,1,0.3403496098445229,0.31888819517445166,0.34076219498102545,0.635686513715502,0.6361532028355675,0.6360085960704334
19,2,0.3399578404918892,0.31486932270215817,0.3451728368059528,0.5941712443750103,0.5943211750664357,0.594024571961242
19,3,0.332196454863592,0.3151768237971009,0.3526267213393072,0.607103897895389,0.6068872080553667,0.6066335895303784
19,4,0.37997034937437496,0.28563539474503485,0.33439425588059035,0.6223180890512344,0.6247743335863082,0.6242454388146128
19,5,0.5606298034708845,0.13395156171740952,0.3054186348117059,0.6232383416447849,0.635560019886023,0.6282528453744575
19,6,0.617172203581042,0.10318673902271674,0.27964105739624123,0.6117690388062118,0.6165805627066616,0.6138986190639705
19,7,0.675976312305048,0.07973338605866248,0.24429030163628948,0.6346493487706129,0.6398776395932579,0.6372955732663378
19,8,0.6599666921903736,0.0895251201814715,0.25050818762815485,0.6070838207940354,0.6071874279862212,0.606957009922198
19,9,0.6586140727410791,0.09600748161802615,0.24537844564089464,0.6291632988505546,0.6298190976234913,0.6297259578779335
19,10,0.6133973540634896,0.12110167335541443,0.2655009725810959,0.6267013673546409,0.6246758608880807,0.6255158387179095
19,11,0.6023420012798578,0.1306611188898891,0.26699687983025316,0.6155874430686333,0.6155530632697557,0.6156557916814088
19,12,0.5930657884494863,0.13677356957324038,0.2701606419772732,0.5936932401205907,0.5939302933656895,0.5937163490933998
19,13,0.5486099649333317,0.15852571600426593,0.29286431906240235,0.6119473031745869,0.6103649977294713,0.6105948075949998
19,14,0.5046447260562952,0.18018658139717586,0.3151686925465288,0.6064053836978045,0.6048220309431062,0.6050107942597023
19,15,0.4792535397746034,0.1956563907296268,0.3250900694957699,0.6276103262874544,0.6267208036095154,0.6269292691172739
19,16,0.48021266835714416,0.20249570746458745,0.31729162417826845,0.6407123612896151,0.6408135115082886,0.6411320816624263
19,17,0.4634356165336108,0.21065197629367638,0.3259124071727128,0.6039398587157274,0.6035741096039149,0.6034497809163183
19,18,0.4481983535164112,0.2168398081264362,0.33496183835715265,0.601190732864248,0.6009204565631495,0.6006932119549002
19,19,0.42821819186386334,0.22720976309946364,0.3445720450366731,0.6117549717995084,0.6111383766890449,0.6110992695777102
19,20,0.40526159236867076,0.23998874485501065,0.3547496627763186,0.6175437572911933,0.6166975499264155,0.6167532447678163
19,21,0.38992639626235814,0.24887302640244297,0.3612005773351989,0.6120886210136627,0.6115548102908277,0.6115526153968698
19,22,0.389354872632233,0.2512448673432903,0.35940026002447667,0.6077811434894234,0.6078808347479427,0.6078478832679778
19,23,0.3864466656314905,0.25586655154582366,0.3576867828226859,0.6275449591798684,0.6274833224219327,0.6275483426194037
19,24,0.36213870239185186,0.269054264029172,0.36880703357897626,0.6168389378989623,0.6158281928929682,0.6158757737421946
19,25,0.34871826875687284,0.2766604987150161,0.37462123252811114,0.6133748433252811,0.6128290542652728,0.6128116321165085
19,26,0.3486865552595073,0.2780291674092446,0.37328427733124814,0.6089744508059296,0.6090321249854072,0.6089814964891775
19,27,0.347293949185165,0.27910416286813133,0.3736018879467038,0.6118905733441509,0.6119161408132259,0.6118122244546611
19,28,0.33462423930122404,0.2860146269617107,0.3793611337370652,0.6102566350580688,0.6097156476524489,0.6096801577818205
19,29,0.3207684945252555,0.295649231734511,0.38358227374023357,0.5971400848689938,0.5964251261028731,0.5965313557121321
19,30,0.31185042329316015,0.302458667059897,0.3856909096469429,0.6048954318618267,0.6044005132759729,0.6044681822327335
19,31,0.3075345460761795,0.30780486875574314,0.3846605851680774,0.6024737687934294,0.6021587693554769,0.6022650429418528
19,32,0.30193057367430787,0.3162193541704737,0.38185007215521843,0.6050595858332142,0.6045838176792526,0.6048467662703698
19,33,0.30091851215198884,0.31947476581492146,0.3796067220330897,0.6097301101518423,0.6095655310438771,0.6096538274505227
19,34,0.2945499755774024,0.32789993487871977,0.37755008954387786,0.6009241017677971,0.600398764802564,0.6006543357862147
19,35,0.28815893672750204,0.3334751129744129,0.3783659502980852,0.6021184124460977,0.6016606121740934,0.6017552561927952
19,36,0.28664566945305237,0.33678248705157077,0.3765718434953768,0.6042667520026156,0.6040385023285696,0.6041385490461332
19,37,0.2789307880436501,0.34186602762934937,0.3792031843270006,0.6018485982985824,0.6013281794624553,0.6013659946482436
19,38,0.2721959991933377,0.3484670567899862,0.3793369440166762,0.5998565453112017,0.5993017352674919,0.5994551167344874
19,39,0.273070807759746,0.34967043863947217,0.37725875360078187,0.6057527681518177,0.6056315315813385,0.6056901881542878
19,40,0.2722093095945768,0.35089587491972707,0.37689481548569626,0.6044188713574936,0.6042302406779363,0.604245970078863
19,41,0.2720541935988328,0.35190059488759445,0.3760452115135728,0.6037498214391533,0.6035919709376519,0.6036163025872966
19,42,0.2695237060331181,0.35479106503696245,0.37568522892991957,0.6008055508976364,0.6004981860276709,0.6005665209929925
19,43,0.2615343657840429,0.360709454807906,0.3777561794080512,0.5944529248472947,0.5938307461897867,0.5939228262353707
19,44,0.2625725905228562,0.3614474121677311,0.3759799973094128,0.6007383457616026,0.600603118173295,0.6006549705828851
19,45,0.2665554128191862,0.3594628717451944,0.3739817154356193,0.6051132407283698,0.6051751767915753,0.6051575355344638
19,46,0.2690637304444028,0.3572524062306802,0.3736838633249171,0.60279706168446,0.6028164903246854,0.6027446800542263
19,47,0.2619428574355698,0.36280472474192077,0.37525241782250957,0.5956122954534605,0.5950325560275197,0.5951314544226375
19,48,0.2606974404496308,0.36364954677270395,0.37565301277766516,0.5996167336708315,0.5993848511419144,0.5993845286321902
19,49,0.2587470490287157,0.3648780564453844,0.3763748945259,0.5969371338050246,0.596661664719877,0.5966638921851557
19,50,0.2609386765391772,0.3640665755678269,0.37499474789299597,0.6015344981954598,0.6014802093331328,0.601482919370631
19,51,0.2642150341707109,0.3625644221000212,0.37322054372926805,0.6019750003031639,0.6019889978535634,0.6019835033701023
19,52,0.2679942756267212,0.3602754168061772,0.3717303075671017,0.6035908016102288,0.6036545749829857,0.6036186769451354
19,53,0.2724120439950374,0.35772966190203637,0.3698582941029263,0.6040856394190142,0.6041903992906521,0.6041564951835017
19,54,0.27816876678363367,0.35509940342298535,0.366731829793381,0.6070240990655676,0.6071917296078162,0.6071896840849433
19,55,0.2798965933170713,0.354350736451744,0.3657526702311848,0.5988345863269169,0.5988065036708261,0.5987991925637733
19,56,0.2800874933892571,0.35429026917593237,0.36562223743481054,0.5982862653159738,0.5981841128295203,0.5981731046725277
19,57,0.28143692391875275,0.3513895086659062,0.36717356741534124,0.5948684329510564,0.5948940090956437,0.5947514594794984
19,58,0.28107280700998066,0.35192850493744116,0.3669986880525783,0.598140030198498,0.5980057307925261,0.5980086572785488
19,59,0.2829653551827546,0.3513142549196331,0.3657203898976124,0.6019294714598746,0.6019122936396264,0.6019132201954323
19,60,0.2863124808227711,0.34922151294268916,0.36446600623453973,0.6020539922232869,0.6021382340246649,0.602095220106567
19,61,0.29064806513485264,0.3474380138935488,0.36191392097159863,0.6055123057986445,0.6056306094828271,0.6056327318481978
19,62,0.29156422310632973,0.34671554366073914,0.3617202332329312,0.5956152107296452,0.5955867963899312,0.5955537227854808
19,63,0.2938203723026329,0.3463560138707508,0.35982361382661643,0.6027417792834637,0.6027528872206993,0.602779174796075
19,64,0.2949637818245661,0.34569605670174064,0.3593401614736933,0.5945117375306075,0.5944960703329348,0.594474271887916
19,65,0.29484719073136484,0.34546157745063405,0.3596912318180012,0.5999280503247499,0.5998573928378699,0.5998239829447771
19,66,0.29586123860284735,0.345476710334597,0.3586620510625557,0.6021976264811943,0.6021597393303626,0.6021731638771041
19,67,0.29876262127718484,0.344275368185487,0.35696201053732823,0.5992320295970809,0.5992990278482104,0.5992965038972429
19,68,0.2977480049207267,0.3458221968361088,0.3564297982431645,0.6053965219394998,0.6052486438487658,0.6052957217740396
19,69,0.29954159243320905,0.3456485744677326,0.3548098330990584,0.6066674675090462,0.6066667139556596,0.6066962446324241
19,70,0.3011908758728399,0.34451611349333267,0.35429301063382745,0.6027134523968274,0.6027394580680515,0.6027094206394684
19,71,0.3028871994429768,0.34358784087036637,0.353524959686657,0.6036902090859105,0.6037155440810043,0.6036982152547267
19,72,0.3049290599953265,0.3423232250787787,0.35274771492589485,0.6009683336571707,0.6010194481042803,0.6009918663776388
19,73,0.3064233496852105,0.34180469894043125,0.3517719513743583,0.6047961099270177,0.6048102297467746,0.6048105581859715
19,74,0.3105524112443784,0.34020399853834243,0.34924359021727924,0.5965203317774602,0.5966596552440578,0.5966736371649101
19,75,0.3118121933100621,0.3398002602884135,0.3483875464015245,0.6016600486780574,0.6016733802521383,0.6016753566524943
19,76,0.3122528664163396,0.33981899115250846,0.34792814243115194,0.6089129133741451,0.6088881040852268,0.6088917423027401
19,77,0.3152359002774532,0.33581912370636363,0.34894497601618324,0.6033344922886847,0.6035192492713012,0.6033551508449679
19,78,0.31802562608959833,0.33353433757464535,0.34844003633575626,0.6097973099253874,0.6099320857022088,0.6098593881393217
19,79,0.3183517092925772,0.33387395840485007,0.34777433230257265,0.6069029640215995,0.6068814609826746,0.6068931113164301
19,80,0.318626986340724,0.3345376605311929,0.3468353531280831,0.6104899561119647,0.6104566908781172,0.6104879592808098
19,81,0.3166870476839331,0.33660590729640194,0.346707045019665,0.6064930634304448,0.6063427566945877,0.606395330582056
19,82,0.31307048428553114,0.33951152500688253,0.3474179907075863,0.6181410016572851,0.6179034442087021,0.617959030625088
19,83,0.3124776407219645,0.34019495344558437,0.34732740583245114,0.6079464277074549,0.6078688445237417,0.6078826653167141
19,84,0.30796896010390473,0.3440234527367235,0.34800758715937175,0.6148026304242264,0.6144951026888047,0.6145825452139606
19,85,0.30820794923177786,0.34361997808258055,0.34817207268564165,0.6089598313374156,0.6089299207546592,0.6089078541972124
19,86,0.3072970256377897,0.3442088432362672,0.34849413112594313,0.6100386722848039,0.6099403894612361,0.6099430027936046
19,87,0.302214123129343,0.34780971445032466,0.3499761624203323,0.6153295082014711,0.6149945448084265,0.6150535564057574
19,88,0.299364637317593,0.3494628124455421,0.35117255023686494,0.6162161517010013,0.6160032236824362,0.6160144617091972
19,89,0.2994226764044296,0.3495468779965523,0.3510304455990181,0.6130364736627976,0.6129652241170777,0.6129698962429674
19,90,0.3046628244564904,0.3454913754712926,0.349845800072217,0.6036172279093395,0.603850103281065,0.60376190098012
19,91,0.30287397743928973,0.34649589445837553,0.35063012810233474,0.6144583295153722,0.6143089789284883,0.6143106053982246
19,92,0.2946863555599192,0.35020545988596075,0.3551081845541201,0.621336802355353,0.6208767198182905,0.6208505003524257
19,93,0.29529295187997306,0.35091174941556935,0.35379529870445764,0.6078561268336664,0.6077771909750393,0.6078309589434646
19,94,0.29660834148399406,0.3500853028458541,0.3533063556701519,0.609313683026083,0.6093055764181834,0.609291992349952
19,95,0.29818983296903045,0.34921745236284646,0.35259271466812303,0.6115995291514562,0.6116050935448928,0.6115964559626569
20,0,0.3012051544369624,0.3447311969141309,0.3540636486489067,0.6208675158730264,0.6210354629168935,0.6208532727112827
20,1,0.3018837817154761,0.3426661075231829,0.3554501107613411,0.6218028183034118,0.6218271267094672,0.6217125010711546
20,2,0.29626978154257216,0.34680740291447737,0.35692281554295063,0.6302195926614607,0.6298390183818271,0.6299057704996003
20,3,0.3025824633091972,0.3375236606459568,0.359893876044846,0.6040125685686525,0.6044441510131814,0.6040627885947224
20,4,0.29998797736396304,0.3426331448661526,0.35737887776988436,0.6178735678546993,0.6175758622903561,0.6177785015796099
20,5,0.29607388773672877,0.34604311591434445,0.35788299634892673,0.6056210632058168,0.6053185788837186,0.6053894370095787
20,6,0.30715155912954817,0.3364095418964555,0.35643889897399633,0.6371240397424138,0.637731844916596,0.6374653258106273
20,7,0.309568814014026,0.33294295649809236,0.3574882294878817,0.6099652745888382,0.6101137206045425,0.6099503538415024
20,8,0.31110297328891034,0.33473911342565205,0.3541579132854376,0.6214337211941856,0.6213958079989257,0.6215190661829723
20,9,0.3273394271752976,0.31669147305773865,0.35596909976696367,0.607957066159663,0.6090352195862501,0.6083785685760874
20,10,0.3203884543973804,0.31473387487002097,0.3648776707325987,0.6260142335870494,0.6258698988895204,0.6254963101314018
20,11,0.309584544327191,0.3228976709535044,0.3675177847193046,0.6190930306357889,0.6184742187574818,0.618602787944051
20,12,0.3157632220212799,0.30661147595428867,0.3776253020244315,0.6371415045688941,0.6378706538308543,0.6369913509544262
20,13,0.30112396122673957,0.31589759395043904,0.38297844482282145,0.6103836744445384,0.6095875983237885,0.6096635085019996
20,14,0.32831302476485547,0.29578838396847645,0.3758985912666682,0.6139006846240729,0.6154724613091038,0.614894951619151
20,15,0.4049663870372143,0.2308702671723055,0.3641633457904802,0.6050742749578558,0.6099269819529236,0.607530406709686
20,16,0.3766602029973786,0.24570702955468177,0.3776327674479396,0.632928896759419,0.6317914026991086,0.6318400898902471
20,17,0.36215166365012935,0.2334243117558139,0.4044240245940567,0.6257909465723704,0.6261374487460861,0.6246703707159811
20,18,0.3650738742544816,0.22099715608171638,0.4139289696638021,0.611873597767623,0.6127670849429676,0.6116742426913789
20,19,0.33166730304785474,0.24708147458075758,0.4212512223713876,0.6354373216461529,0.6335154996359482,0.6342080958903376
20,20,0.3110907929940819,0.2582970406558591,0.4306121663500591,0.6231488706243299,0.6221622200090413,0.6221573839131508
20,21,0.29715089395797173,0.26639405086566925,0.43645505517635913,0.6106225250174258,0.6099132326652837,0.6098711835654095
20,22,0.306812845135766,0.2507603991265393,0.44242675573769463,0.6116049521632568,0.6126382372208926,0.6116421139969437
20,23,0.31899338641273295,0.24756509431400575,0.4334415192732613,0.6126829047544451,0.6133351237790964,0.6131557509687778
20,24,0.31264092121790704,0.25619398213350025,0.4311650966485927,0.6145844792273379,0.6141455729580605,0.6143066843971684
20,25,0.30752663839252986,0.2642304550594243,0.4282429065480459,0.6126855674877891,0.6122910040598675,0.6124537703007892
20,26,0.2929956036854865,0.2796802003329018,0.4273241959816117,0.6034817730480051,0.6024536371057971,0.6028611582244093
20,27,0.28656963880064446,0.28538552397946076,0.4280448372198948,0.6164464602829519,0.61602491079555,0.6160378541532391
20,28,0.2840309969569107,0.28996567015698166,0.4260033328861077,0.6166835459731206,0.6164246375007427,0.6164693746897493
20,29,0.2910106951056774,0.28944637141502133,0.4195429334793013,0.6161330635465448,0.6163965139329505,0.6163734815680417
20,30,0.28194828228921076,0.29566282151669027,0.42238889619409914,0.6147548791532275,0.6142015718629918,0.6141969806079094
20,31,0.27763550465161907,0.29984651821297925,0.4225179771354017,0.6151862054666339,0.6148519005053291,0.6148467692917893
20,32,0.2860755271061077,0.29822539599915177,0.41569907689474067,0.6219743297536874,0.6223068593694652,0.6222757540567013
20,33,0.2763393190181844,0.3011989038487287,0.4224617771330868,0.5970082857770727,0.5965184238656086,0.596315943789879
20,34,0.28311747236777224,0.300223320590452,0.41665920704177584,0.6140471199575772,0.614291995812221,0.6142607582944776
20,35,0.28229996338080326,0.3024424937492553,0.4152575428699415,0.6068754836831384,0.6067378850785826,0.6067129386253773
20,36,0.2714197982310357,0.3102993784108425,0.4182808233581217,0.6059847004619238,0.6052666140811281,0.6053281052603118
20,37,0.2660652969675139,0.3169022552015336,0.4170324478309526,0.60382370794256,0.6033243158310638,0.6034533163173034
20,38,0.2480708004953741,0.33070935725922757,0.4212198422453984,0.5954893670054735,0.5942127997851014,0.5944438909399047
20,39,0.2466935327261849,0.3328451295273132,0.4204613377465019,0.6076659193504154,0.6073898080915111,0.6073802303025072
20,40,0.24034677163557938,0.3371874302899963,0.4224657980744244,0.6021619925458563,0.6015939037978386,0.6015880439798852
20,41,0.22731788057911323,0.3467081633146764,0.42597395610621036,0.597625968378154,0.5965644818791777,0.5966814681505953
20,42,0.23170694837374858,0.3465466972348184,0.421746354391433,0.6086211692416802,0.608604106526426,0.608623670898255
20,43,0.22869916633359524,0.3494853197863217,0.42181551388008315,0.6000600719983734,0.5996198911275968,0.5996306897523864
20,44,0.21947141411957008,0.35677392594650625,0.4237546599339237,0.5950517372495004,0.5941720569303461,0.5942676162873648
20,45,0.22381991278980135,0.35741105909954984,0.4187690281106488,0.6070333970915587,0.6069629618845996,0.6070390167894348
20,46,0.2177547342362624,0.3615954829872032,0.42064978277653436,0.5940810545050278,0.5934175910591315,0.5934322388305071
20,47,0.21307134056413687,0.36547866348847996,0.42144999594738314,0.5965053942306415,0.5958892225549101,0.5959237582674625
20,48,0.22201457412877282,0.3635501349910082,0.4144352908802191,0.6085347730719678,0.6087376177264409,0.6088030173357875
20,49,0.23250499997316434,0.3592706121186161,0.40822438790821963,0.6099269947650776,0.6102813175383147,0.6102649204754869
20,50,0.23799258627006872,0.35585352137422444,0.40615389235570687,0.6036025957911165,0.6037245071336428,0.6036287017249881
20,51,0.24161664498207883,0.3540233519266632,0.4043600030912581,0.6019968224389427,0.6020041828977368,0.601945259641823
20,52,0.2462853506334819,0.3536148571385647,0.4000997922279534,0.6088556593438361,0.6088755082235953,0.6089216296350307
20,53,0.25392070031119957,0.35146720108277446,0.39461209860602603,0.6130533308430584,0.6132573133842619,0.6132888013302134
20,54,0.25504992602376264,0.351828663026953,0.39312141094928443,0.5997409369345759,0.5996149606277765,0.5996192262398433
20,55,0.2602714331903673,0.3493768537566467,0.3903517130529861,0.6061298861885005,0.6062571035531594,0.6062137232658825
20,56,0.2637498454936291,0.34849228068366855,0.3877578738227023,0.6096739701788627,0.6096953489800833,0.609693959708161
20,57,0.26657000812020565,0.34795747821188816,0.38547251366790614,0.604847849510014,0.6048394707037427,0.6048421089409998
20,58,0.27076847835809903,0.34570843197633183,0.3835230896655693,0.6071799479012487,0.6072824021388403,0.607226321472926
20,59,0.273544493439726,0.34513427320561957,0.38132123335465457,0.6077376603330108,0.6077439162922934,0.6077444355257491
20,60,0.27601730827811666,0.34469234331643883,0.37929034840544457,0.6036672060886135,0.6036630709608719,0.6036647377417536
20,61,0.27737361707861435,0.34563695336215283,0.3769894295592329,0.6111564120099087,0.611072592539736,0.6111254168407144
20,62,0.279389819920008,0.34550691775744713,0.375103262322545,0.6125691707951684,0.6125439230208007,0.6125567250206829
20,63,0.2809741808720521,0.34564689001315524,0.3733789291147927,0.5979726676162788,0.5979265591621006,0.597945072979996
20,64,0.2857003846607464,0.3417914947708494,0.37250812056840416,0.5964890252527935,0.596682963382937,0.5965586426290451
20,65,0.2971545859697761,0.33264682478590935,0.37019858924431465,0.5932892400675787,0.5939003882744243,0.5936464795685816
20,66,0.29937327919102286,0.331102117480506,0.3695246033284712,0.6078470142570946,0.607920581005772,0.6078460066675427
20,67,0.30371433909203566,0.3280178773459698,0.3682677835619945,0.6128515257882682,0.6130529833734878,0.6129443779726989
20,68,0.30855185440343835,0.32451337503953626,0.36693477055702556,0.6056544313868513,0.6058962866360686,0.6057726341224533
20,69,0.30966612609235145,0.324838946330805,0.3654949275768437,0.6032189175960087,0.6032226270077323,0.6032215045637283
20,70,0.310561956945251,0.32482167898522246,0.3646163640695266,0.6043491838481528,0.6043576951333531,0.6043317081915313
20,71,0.3132017971510709,0.3243314334861131,0.3624667693628161,0.5968944009096562,0.5969779455014288,0.5969741528346778
20,72,0.31419623223991383,0.3249964419771639,0.36080732578292224,0.5958693978291463,0.595864976087592,0.5958863265054908
20,73,0.31499085193956156,0.3253005322693335,0.35970861579110497,0.6007679447758202,0.6007689750606139,0.6007654758489842
20,74,0.32026155319583566,0.32069338012654597,0.35904506667761843,0.6077036321868907,0.6080115948242291,0.6078382982098293
20,75,0.3218938174490601,0.3200286963961444,0.3580774861547956,0.6032971819744924,0.6033714436341472,0.6033287100384283
20,76,0.32198839814135194,0.3207042960742361,0.35730730578441205,0.6007254441309299,0.6007091318330497,0.6007046402827119
20,77,0.31752685000633313,0.32650283502650207,0.35597031496716486,0.6146717109921681,0.614340191014496,0.614519489385615
20,78,0.3181510856633875,0.32678774895020185,0.35506116538641075,0.5996937980587902,0.5996924377371294,0.5996908043289877
20,79,0.3178240582536568,0.3278952574863694,0.3542806842599739,0.5942726494291278,0.5942142488709099,0.5942365994076427
20,80,0.3238177921589783,0.32207570815233266,0.35410649968868907,0.5962595486405906,0.5966279234441237,0.5964123392960065
20,81,0.3250828470152398,0.3221649196210532,0.3527522333637071,0.605502889203719,0.605543227687038,0.6055446121175374
20,82,0.32870548736323535,0.31953822522554065,0.35175628741122406,0.6087608317576338,0.6089664165860705,0.6088705299343307
20,83,0.33127018582736684,0.31823296882848057,0.35049684534415265,0.6071032966654563,0.6072402224748181,0.6071924719539056
20,84,0.33295703528336973,0.3181531403507163,0.3488898243659141,0.6091359221141011,0.6092098688913694,0.6092124468333848
20,85,0.3315397260744183,0.319784300798083,0.3486759731274987,0.6023952658851977,0.6023178496493097,0.6023368809356152
20,86,0.3277901346082356,0.3232253702382884,0.348984495153476,0.6153839971388669,0.6151695904310955,0.6152340860052584
20,87,0.32446861530657567,0.3256123940609769,0.34991899063244736,0.6156432140381152,0.6154661881983259,0.6154815583159777
20,88,0.3235483677035357,0.32672217918405605,0.34972945311240833,0.6103601560007414,0.6102932931376147,0.6103030385026155
20,89,0.31582384075357695,0.3322609390716469,0.35191522017477633,0.6182182317212462,0.6177853405155015,0.6178663610740908
20,90,0.31748281897035024,0.33059710535827613,0.3519200756713737,0.6142185379098387,0.6143026675758977,0.6142253066339496
20,91,0.31270482713235176,0.33324292672255024,0.35405224614509806,0.6206640771364652,0.620403594932549,0.6203969086477582
20,92,0.311114886140279,0.33406805809597556,0.35481705576374545,0.6191810821916331,0.6190727355099027,0.6190500895887856
20,93,0.3129078711247797,0.33395202132448487,0.35314010755073555,0.6080019891585772,0.6080331664244675,0.60805308562842
20,94,0.3117260520191924,0.33512476675285696,0.35314918122795075,0.6121696318258717,0.6120636337889577,0.6120759868989504
20,95,0.3122610716148783,0.335364890228345,0.3523740381567767,0.6104632732261036,0.6104406554577131,0.610448578314185
21,0,0.3020165874710842,0.34045938509032436,0.3575240274385916,0.6245132994953093,0.6239736794480016,0.6239587035904456
21,1,0.30231021164949845,0.34071444539365775,0.3569753429568439,0.6125482355263185,0.6124953400147723,0.6124984951064959
21,2,0.2997340186888723,0.3442976846155589,0.35596829669556895,0.6090742504196277,0.6088202066613322,0.6089390527568149
21,3,0.30699621885590145,0.34092747218467623,0.35207630895942243,0.6062279843035526,0.606517840905943,0.6065157248600284
21,4,0.3082951360303952,0.34039630913627233,0.35130855483333245,0.6062408946579471,0.6062535039844622,0.6062462967281169
21,5,0.6975547615474941,0.10391344401604768,0.1985317944364582,0.6048616253212977,0.6261495317604989,0.6192677828354225
21,6,0.7739442351979772,0.08062957469815507,0.1454261901038678,0.6188280140577561,0.6241468782513124,0.6238180196788503
21,7,0.7978709584361028,0.07625488708368572,0.12587415448021141,0.6243628824157097,0.627096190163304,0.6271234090999982
21,8,0.8188179698157583,0.07299575587994024,0.10818627430430146,0.6031045469181862,0.605778196458362,0.6061037279866436
21,9,0.8053641449807678,0.08207629436941784,0.11255956064981432,0.6195835413827994,0.6199580010350929,0.6201861952953596
21,10,0.7955526746643038,0.08877511843821886,0.11567220689747734,0.619647757892825,0.6202952870469002,0.6203762461779563
21,11,0.7889001713933231,0.09406739484626338,0.11703243376041339,0.6163547136474666,0.617138885133024,0.6172599870509745
21,12,0.7828209535687507,0.09743319336325802,0.1197458530679913,0.6220972441773636,0.6230532221942013,0.6228643455564983
21,13,0.7782025302126082,0.10165479348719067,0.12014267630020108,0.6047908709844271,0.6056211331387775,0.6057667694260758
21,14,0.7703651581268616,0.10736979002138637,0.12226505185175199,0.6000454380691808,0.6006233857227903,0.6008122620935517
21,15,0.7538380074641341,0.11641510908969623,0.12974688344616966,0.6227596394063611,0.6228388845693342,0.6229128042344445
21,16,0.7359167031236716,0.12580283964475086,0.13828045723157742,0.6173215391821139,0.6173031184934398,0.6173281233275755
21,17,0.7182197490924651,0.1340520661312122,0.14772818477632266,0.6295909481773482,0.6296277304280885,0.6294934454466348
21,18,0.6962934126423524,0.14535972514918177,0.15834686220846578,0.6244894108284088,0.6241872738806504,0.624215028293885
21,19,0.6645565452052266,0.16185393682221272,0.1735895179725607,0.62228335214994,0.6214407045614324,0.6215320092026504
21,20,0.6875489533449428,0.14848670508450978,0.16396434157054726,0.6252042497842869,0.6271988206864676,0.6268084740982123
21,21,0.6626545449639397,0.16114486775621026,0.17620058727985,0.602896998322942,0.6024124013705641,0.6024289402889881
21,22,0.6442185782823694,0.17055737050724717,0.1852240512103834,0.6156840083894561,0.6154773015058117,0.6154742661321339
21,23,0.6272935777457415,0.18052833708824445,0.192178085166014,0.6154431604495236,0.6151960671408803,0.6153443116893866
21,24,0.6002746286398501,0.194867753689175,0.20485761767097474,0.6101181616563411,0.6094281729707943,0.6095155214066613
21,25,0.5741905358624164,0.20849441577975933,0.21731504835782423,0.6141474623526847,0.61347997685876,0.6135360893000197
21,26,0.5493071978217822,0.2215689504179905,0.22912385176022718,0.6115611157311478,0.6109082997951644,0.6109649312871693
21,27,0.5229454047580796,0.23625711347414147,0.2407974817677788,0.6045175060181482,0.603726677559127,0.6038596211475068
21,28,0.49879629384912844,0.24903174248725887,0.2521719636636126,0.6095814590542005,0.6088788771553221,0.6089364350307829
21,29,0.49269208061541603,0.25142701204138745,0.25588090734319663,0.621940438873217,0.6220090460103305,0.6219483999353094
21,30,0.491751632021141,0.2487714539161273,0.25947691406273166,0.6253485253806792,0.6257288596825306,0.625458303816961
21,31,0.47378796415921814,0.258318986923139,0.26789304891764304,0.6141700701842272,0.6136811235586028,0.6137178663480798
21,32,0.4599438092792052,0.26473923474987865,0.2753169559709161,0.6112153231266839,0.6109097804655657,0.6108602874465254
21,33,0.45599998755987603,0.26335697533517066,0.2806430371049533,0.6064651776838247,0.6066681434408541,0.6063893230728133
21,34,0.4259341333459024,0.280823079346115,0.29324278730798264,0.5962701317683584,0.5951248313668684,0.5953053838758636
21,35,0.4068441486997191,0.29178678231334665,0.30136906898693444,0.6070398069280206,0.6063411943387863,0.6064346608907033
21,36,0.3780334231465281,0.3101995078505602,0.31176706900291173,0.5996771928748802,0.598416081114004,0.5986863978558695
21,37,0.3496381597054025,0.32809990087021307,0.32226193942438464,0.5995763110314833,0.5982621376549178,0.5985002362995064
21,38,0.32867249517720537,0.34019485746853995,0.33113264735425474,0.5997642540010009,0.5987686737194723,0.5988710030755842
21,39,0.3171903570460521,0.34541780193118565,0.33739184102276226,0.603355651050154,0.6028096573338364,0.602784912216732
21,40,0.30393301392761546,0.3516210244424841,0.3444459616299004,0.6002242761069648,0.5995534164813476,0.5995332133561313
21,41,0.29241333146316767,0.35719442990128164,0.3503922386355508,0.6011972360450194,0.600561902177874,0.6005560055133279
21,42,0.27476649513666584,0.3667331141473588,0.3585003907159754,0.5949548620688426,0.5939337949627131,0.5939777790838708
21,43,0.2611629895617709,0.37392608398320254,0.36491092645502654,0.5965349319476875,0.5956618755000455,0.5956885863592399
21,44,0.24777604677145357,0.3814426708288567,0.3707812823996899,0.5935947761757104,0.5926598147718684,0.5927103174973655
21,45,0.24421138923770472,0.3828670982811916,0.3729215124811037,0.5973343629654991,0.5969321709465961,0.5969221149482847
21,46,0.2358234168461546,0.3875094997291893,0.37666708342465627,0.5929674407703615,0.592250937944084,0.592282425817251
21,47,0.23612243638186053,0.38655492278427356,0.37732264083386596,0.6020076067027144,0.601800215105368,0.6017674511239713
21,48,0.23462172132529005,0.38684497400848117,0.3785333046662289,0.5984709460813776,0.5981506011790538,0.5981343967544184
21,49,0.2360247324344737,0.3855775437575053,0.37839772380802106,0.6003211197894471,0.6001695286122759,0.600147515622038
21,50,0.23813229513158254,0.38350261504127725,0.3783650898271403,0.5982492409886275,0.5981557625611824,0.5981078626066354
21,51,0.2489225622983969,0.3769998633924549,0.3740775743091482,0.6072712741746893,0.607683022527625,0.6076290131181158
21,52,0.2575773278593271,0.3724995944024743,0.36992307773819866,0.6068168036856202,0.6071011615596646,0.6070955009087601
21,53,0.270788855823985,0.36481337093615046,0.3643977732398646,0.6121836391037585,0.6127514159678723,0.6126938655229391
21,54,0.27621413304225734,0.36288627778070665,0.3608995891770361,0.6071587529187911,0.6072821192786518,0.6073278489147215
21,55,0.2744431133162042,0.36321832969256007,0.36233855699123585,0.5982656987616215,0.5980604098421488,0.598030746548049
21,56,0.27667100365041064,0.3590321901559672,0.3642968061936222,0.5967858156485346,0.596859860424781,0.5966841208720928
21,57,0.2807348974539077,0.3568017484198628,0.3624633541262296,0.6038937989694438,0.6039895578520724,0.603971256171711
21,58,0.28594978248595415,0.35481610512568207,0.3592341123883639,0.6055763590060745,0.6057158147914806,0.6057443986510743
21,59,0.2842497994524609,0.3558036602701418,0.35994654027739736,0.5980655169758464,0.5978734288342827,0.597876651307131
21,60,0.28292742701909973,0.3564639959699379,0.36060857701096244,0.5978679799182574,0.5976949301701636,0.5976903526432586
21,61,0.2844787298796293,0.3557949842350697,0.35972628588530103,0.601080668122596,0.6010498994057167,0.6010510910888196
21,62,0.28831875422524267,0.3538959970357776,0.35778524873897977,0.6052797333643606,0.6053722756678598,0.6053683440516898
21,63,0.2908342472366522,0.35272275609767956,0.3564429966656683,0.6036084106658135,0.6036392717023438,0.6036392952693982
21,64,0.2905590227122187,0.3529607378651351,0.35648023942264634,0.5950414063646898,0.594935213959337,0.5949367968247526
21,65,0.29141810388216793,0.3524385580229358,0.3561433380948965,0.5993594361192891,0.5993159092891016,0.5993062147558257
21,66,0.29056759709096386,0.3528000825197552,0.35663232038928105,0.5981354818108721,0.598006226579859,0.5979982755838518
21,67,0.2924941008548436,0.35168009295592306,0.35582580618923343,0.5999508376776974,0.5999636372272356,0.5999496045755931
21,68,0.294916720666025,0.3506406688921951,0.35444261044178,0.6046641955086521,0.6046966119294253,0.6047014570209197
21,69,0.2947441206123926,0.3507792986742794,0.35447658071332816,0.5954186078051745,0.595328671596312,0.5953272884602249
21,70,0.2969707056840996,0.3497857618656039,0.35324353245029666,0.6021017165537799,0.6021301780935758,0.602132539364767
21,71,0.3016014210736196,0.34725165533284064,0.3511469235935399,0.6040396631622109,0.604202683024927,0.6041847968648386
21,72,0.3022118350819799,0.34636402506024183,0.3514241398577783,0.6028281928706954,0.6028116662854023,0.6027720574753987
21,73,0.3029639265289076,0.3461302147162448,0.35090585875484764,0.6025553702098865,0.6025261437673961,0.6025283584729544
21,74,0.304459892441084,0.3456978551282266,0.34984225243068956,0.6092394905632776,0.6092433475687322,0.6092561568331812
21,75,0.30358315480806153,0.34666468824036223,0.3497521569515763,0.6053421938088615,0.6052249344811176,0.6052516877508635
21,76,0.30375086206344065,0.34715946760109945,0.34908967033546,0.6080679058190794,0.6079983372924832,0.6080292131453147
21,77,0.30264080283096295,0.34875212480645995,0.34860707236257726,0.6136972298350931,0.6135502893674539,0.6136100710402653
21,78,0.2957512014871866,0.35207789677235685,0.35217090174045673,0.6058326364067119,0.6054274828654779,0.6054205711256543
21,79,0.2929511982457579,0.3536521399400822,0.35339666181415996,0.6096210882801132,0.6093947282687064,0.6094048970421707
21,80,0.2892483238172347,0.3562688974823872,0.3544827787003781,0.6116180016517463,0.6113209079459604,0.6113660229190117
21,81,0.29300598373946063,0.354045766769879,0.35294824949066045,0.6058138396232327,0.6059185206285029,0.6059006008983168
21,82,0.2906350541411456,0.3556526033847108,0.3537123424741437,0.6125513718467858,0.6123318403531466,0.6123577673486533
21,83,0.29572674313831143,0.3529610470316866,0.351312209830002,0.6071367516172984,0.607305343306266,0.6072994206322746
21,84,0.298737478396262,0.35164968240926203,0.34961283919447605,0.6130662760071924,0.613130353419359,0.6131440601623567
21,85,0.29842000174910027,0.3521204486814152,0.3494595495694846,0.6129363934258836,0.6128368557473155,0.6128578039460538
21,86,0.2961610849608409,0.35247662229337123,0.35136229274578795,0.6139933679593198,0.6138275329431957,0.6137846672322232
21,87,0.2964661399376021,0.3525583521685314,0.35097550789386667,0.613298546976319,0.6132272011031111,0.6132424172083478
21,88,0.295965336785061,0.35317548687035843,0.3508591763445807,0.6138549495863402,0.6137396546189234,0.6137632110536185
21,89,0.298648105200712,0.35180252552491703,0.34954936927437097,0.6146834739001747,0.6147378919592754,0.6147390408204555
21,90,0.2958628896118596,0.35327487752794623,0.35086223286019425,0.6152938805552228,0.6150772278491782,0.615084369598046
21,91,0.2918301364317755,0.3550250491777461,0.3531448143904785,0.6149508638122765,0.6146740242297472,0.6146608051261306
21,92,0.29631708730096884,0.352402571336633,0.3512803413623982,0.6055313050176232,0.6056786391191051,0.6056587684467087
21,93,0.28740028188550776,0.35866827182445765,0.3539314462900346,0.6234693687930453,0.622885354235895,0.622991896341403
21,94,0.2853365350969819,0.36080353634819984,0.3538599285548183,0.6255668755872358,0.6253270486693454,0.6253964285690092
21,95,0.28670520020861673,0.3569285823392593,0.3563662174521241,0.625460744503615,0.6255150853698044,0.6253371796918478
22,0,0.3016934240172721,0.34607617461024237,0.35223040137248557,0.6168125391822806,0.6175680468832386,0.6173685769026825
22,1,0.2928718675629265,0.3522411141597457,0.3548870182773279,0.6295324335133502,0.6289740106567414,0.6290723253105961
22,2,0.29620645616702024,0.34986341692264217,0.3539301269103376,0.616697700936819,0.616802102601852,0.6167565359659178
22,3,0.29916501389704286,0.3498174108512174,0.3510175752517397,0.6053985415241999,0.6054277073584573,0.6055075851515612
22,4,0.3014084612925326,0.3498506068874265,0.34874093182004096,0.6122933684595836,0.6122992445579238,0.6123666026459865
22,5,0.5990364936597168,0.14788882314860896,0.25307468319167414,0.6120826434288401,0.6283273076885242,0.6224935277947314
22,6,0.7201370679495936,0.09363142232427782,0.18623150972612834,0.6060383545370762,0.6138884906662322,0.6115374818379453
22,7,0.733757896982445,0.0912523683347379,0.17498973468281714,0.59324148236583,0.5951743954513631,0.594699095542197
22,8,0.7423907136511083,0.09133391138256391,0.16627537496632777,0.6094840505988045,0.6110808979465845,0.6108078751458603
22,9,0.7089543472930181,0.11025140424246949,0.18079424846451236,0.6052976777490248,0.6041248138285946,0.6046122539218511
22,10,0.671121778063847,0.13020560683925445,0.19867261509689854,0.6016979966920306,0.6004221741513575,0.6007316798978182
22,11,0.6267406480692238,0.1528806502735063,0.2203787016572698,0.5945076821058046,0.592959960179297,0.593221299716682
22,12,0.5402919463250172,0.19653475407589083,0.26317329959909197,0.6173511877224092,0.6138363243919125,0.614379204037778
22,13,0.4544770460479771,0.24405826001886818,0.30146469393315467,0.6255353934300112,0.6219206945394445,0.6226116060561997
22,14,0.4654817506857426,0.23856314582123148,0.295955103493026,0.5963416625062385,0.5971109992585575,0.5969463502734333
22,15,0.3472531645287669,0.30218428482467896,0.3505625506465542,0.6331549456454961,0.6279242009559126,0.6285274397147531
22,16,0.4696131870506094,0.24162872927258086,0.28875808367680983,0.6164674756708781,0.6220194959846324,0.6216217690815692
22,17,0.41618186152234593,0.26748992912422465,0.3163282093534294,0.6125283817823833,0.6105010443622169,0.6105201789088874
22,18,0.3877624410316557,0.28547708070901734,0.326760478259327,0.6299911897418242,0.6287695461364454,0.629030287475151
22,19,0.35416131862954714,0.30462756782604145,0.34121111354441147,0.6214624026656537,0.6199745277425206,0.6201390459394392
22,20,0.31261584963574146,0.3246603186183273,0.36272383174593126,0.6074763698648843,0.6055741511083242,0.6055519987144723
22,21,0.31705083694520547,0.3218865168716746,0.36106264618311995,0.6091466189890895,0.6093662869215534,0.609276684415066
22,22,0.32166514477234504,0.31379990209427006,0.36453495313338496,0.6018999261909126,0.6023103756182014,0.6018948095458131
22,23,0.3164635961060208,0.31872194557599365,0.36481445831798565,0.6252903610777335,0.6249683853287252,0.6250579063579088
22,24,0.3074929223803853,0.324294438974862,0.3682126386447528,0.6217277411482319,0.6212419244551948,0.6212683363883733
22,25,0.3120459037118724,0.325289363371546,0.36266473291658163,0.607362795539289,0.6074598507001381,0.6075956034050519
22,26,0.30984736071299074,0.32624957547708294,0.36390306380992643,0.6019108837436079,0.6017867057368231,0.6017353528688189
22,27,0.3020863862018653,0.33031532877429637,0.36759828502383846,0.6146771928778991,0.6142578196608253,0.6142354084631525
22,28,0.29333265256329505,0.3347668742678764,0.3719004731688286,0.6130442107584801,0.6125538337709688,0.6125274324285364
22,29,0.2997820682383283,0.330119649700633,0.37009828206103873,0.6228107907623937,0.6231227048398665,0.6229832939667312
22,30,0.2997914385729062,0.33097953469464697,0.36922902673244695,0.6159156754586617,0.6158434648737314,0.6158468946802084
22,31,0.31249662570323006,0.32582675484493157,0.3616766194518384,0.6154464313416398,0.6159990457208725,0.6160039636914203
22,32,0.3270750840135167,0.3183526677411217,0.3545722482453616,0.6096105836109671,0.6103109853993189,0.6102299682998921
22,33,0.3286533920169381,0.3183695219098452,0.35297708607321676,0.6117108700030405,0.6117730042769411,0.611773183780173
22,34,0.3281433338708409,0.32120462010271644,0.3506520460264427,0.6054153477913732,0.6053208866062336,0.6054370555613213
22,35,0.3260641163347458,0.323345827071713,0.35059005659354137,0.6095540824537348,0.6094278866525451,0.6094606418587544
22,36,0.3220319151621949,0.32678260265716347,0.35118548218064166,0.6061238488051727,0.6058870175109792,0.6059444154703105
22,37,0.30780332330517857,0.33745783154045955,0.3547388451543619,0.5951865197462731,0.5943709698271561,0.5945704805788928
22,38,0.30533865271538,0.3391278861928648,0.35553346109175515,0.6063248023560213,0.6061468032815567,0.6061537503940673
22,39,0.3011615321358559,0.34220129291428797,0.3566371749498561,0.605843902904199,0.6055570623509672,0.6055988636951293
22,40,0.29573533289458565,0.3455826774679625,0.3586819896374518,0.6032802119829588,0.6029279388466217,0.602953534906899
22,41,0.2903139159578438,0.3489596348875664,0.3607264491545898,0.601755196335359,0.6013873037306905,0.6014139512399976
22,42,0.28386016580331913,0.35292860363648554,0.3632112305601954,0.6003819525917814,0.5999420324824913,0.599974679036941
22,43,0.2782221756772777,0.3563102350694266,0.3654675892532957,0.6046085094981566,0.6041959364301718,0.6042190230670414
22,44,0.27285933062972084,0.35942811339862796,0.3677125559716512,0.6061010700138688,0.6056886096068742,0.6057052775452078
22,45,0.26694939920765237,0.36296361740913535,0.37008698338321233,0.6009473532140747,0.6004837101655366,0.6005094340589521
22,46,0.26951041520184027,0.36025153834195656,0.37023804645620323,0.6106363943932576,0.6106684489494163,0.6105783597416096
22,47,0.26984103292940137,0.3603799956033549,0.36977897146724376,0.5996685160679105,0.5995393177003091,0.599544920971758
22,48,0.2701880717217408,0.3601353025460594,0.36967662573219995,0.6018142523930371,0.6016969912601596,0.6016824309113941
22,49,0.26834165230685997,0.3610907865069758,0.3705675611861643,0.6044883942553224,0.604251540235247,0.6042435537542862
22,50,0.2660543854744583,0.3622290340311944,0.37171658049434736,0.6029717865216254,0.6027068658302688,0.6026970228274284
22,51,0.26949177849332917,0.3607696420800838,0.36973857942658706,0.6069623949580928,0.606992086781044,0.606995186111069
22,52,0.27527456579746823,0.3581744887394163,0.3665509454631155,0.6085681253016323,0.6087281539341405,0.6087331645626737
22,53,0.28182733017651657,0.35395185804557566,0.3642208117779078,0.6138645778258637,0.6141114269641148,0.6140448870405569
22,54,0.28342388494337933,0.3531853625510788,0.3633907525055419,0.6030862959236806,0.6030613409859799,0.6030507792571153
22,55,0.28540577590937766,0.35106373887756237,0.36353048521306003,0.601960332565811,0.6019933070571867,0.6019148365560539
22,56,0.28610374424369667,0.35349520748032426,0.36040104827597913,0.6119712352472987,0.611828064432177,0.6119755666241473
22,57,0.2892698566847134,0.3519092500877606,0.35882089322752614,0.6036029565203394,0.6036669654544915,0.6036578844106777
22,58,0.29012648689000986,0.35107856348099853,0.3587949496289916,0.6093664901375698,0.6093311871216999,0.6092992609600706
22,59,0.29434573898056227,0.34605875474940395,0.3595955062700339,0.6003826001667093,0.6005959125889752,0.6004135957351905
22,60,0.2943804315827556,0.3466090740260898,0.3590104943911547,0.6092529684376131,0.6091625578010145,0.609180057307589
22,61,0.29770627514798353,0.34496938308456154,0.3573243417674549,0.6007810813755162,0.6008727977541423,0.6008576972433609
22,62,0.30161193493630484,0.3420365022222348,0.35635156284146047,0.6047354573480848,0.6048932460588151,0.6048178268311224
22,63,0.30402433003910156,0.34050411189336105,0.35547155806753744,0.5933979570018584,0.5934704326370619,0.5934320397275751
22,64,0.3059552387306837,0.33932435226351293,0.3547204090058035,0.5966969681793738,0.5967474761574987,0.5967150774529261
22,65,0.3061695491387409,0.3395807760759036,0.3542496747853557,0.604516576668558,0.6044685251890279,0.6044713936400683
22,66,0.3094252988274675,0.3364176703746005,0.35415703079793215,0.6030726176099414,0.6032336527603319,0.6031207444488828
22,67,0.3181698056180523,0.32928739586300754,0.35254279851894027,0.6058761675275163,0.6063533969421889,0.6061553189159601
22,68,0.31967417730535314,0.3297791439870541,0.35054667870759276,0.6091540964303687,0.609172181830912,0.6092173964711987
22,69,0.3180871316046048,0.3325681039798529,0.34934476441554235,0.6126908412251574,0.6125366323291362,0.6126339029211623
22,70,0.31966113425649817,0.330996216042084,0.3493426497014178,0.6021464586988884,0.602227369592594,0.6021566575522742
22,71,0.3219325182002103,0.32894511565893,0.34912236614085973,0.598632048705614,0.5987552304319232,0.5986734670427123
22,72,0.32241760800764635,0.3281081781402637,0.3494742138520899,0.600963612400092,0.6009961972307121,0.6009331681227069
22,73,0.3241492002863843,0.32814648545918046,0.3477043142544354,0.5994313945345259,0.5994782384832457,0.5995048965767135
22,74,0.32426252681562323,0.3282646552076459,0.34747281797673085,0.6065724224449396,0.6065667633842994,0.6065521855218285
22,75,0.3229448285197004,0.3293192174397899,0.3477359540405097,0.6086770679129073,0.6085954203567238,0.6085962055560433
22,76,0.3230640424531644,0.329104861180225,0.34783109636661064,0.6036855584706532,0.6036873672446348,0.6036539937692633
22,77,0.3230897938442488,0.329478534407801,0.34743167174795014,0.6004584279921499,0.6004390116773681,0.6004387184941206
22,78,0.31977211512344644,0.3325058711604996,0.34772201371605393,0.609832839694614,0.6096204678762305,0.6096841721754598
22,79,0.3194639595104919,0.33309108567233064,0.3474449548171775,0.6093279436116321,0.6092817998341449,0.6092890676645271
22,80,0.32140108879568524,0.33260458767325735,0.3459943235310575,0.6030926657880241,0.6031522553986908,0.6031623198501974
22,81,0.32048538424947237,0.3340884093038641,0.3454262064466638,0.615901850475445,0.6158100405386023,0.6158564998089846
22,82,0.3223568091434965,0.333276357661854,0.34436683319464967,0.6048105070140234,0.6048780554316047,0.6048701841220094
22,83,0.3238795614070634,0.3315143192370826,0.34460611935585406,0.6129874553325833,0.6130770907449278,0.613000232135148
22,84,0.3241112323392705,0.3314447380306841,0.3444440296300454,0.606241215682619,0.606240382916581,0.6062261943053576
22,85,0.3212934495224407,0.3326180030462035,0.3460885474313558,0.6196489031681676,0.6195105959144945,0.6194810452522702
22,86,0.3149188127896706,0.33783052752330456,0.34725065968702495,0.6223658422515808,0.6219781312238131,0.6220882691779269
22,87,0.3119493637136132,0.3398949748662721,0.34815566142011467,0.6172180405127744,0.6170234386488178,0.6170480456909511
22,88,0.3063695600951519,0.34370075638573844,0.3499296835191097,0.6195207396830341,0.6191765170141192,0.6192294085297113
22,89,0.30369364949843686,0.34473042550921273,0.3515759249923504,0.6157204506388727,0.6155448806281624,0.6155195396811645
22,90,0.30148170696036,0.3458226090512712,0.3526956839883688,0.614061980352378,0.6138943852973912,0.6138859189301326
22,91,0.2977754853091434,0.348089781944717,0.35413473274613966,0.6179706968613531,0.6177098970339623,0.617727302663111
22,92,0.29362267578047563,0.3507513924356268,0.3556259317838976,0.6197896648987499,0.6194910302620925,0.6195194300039674
22,93,0.29079551746660315,0.3525897130866255,0.35661476944677134,0.6196032743247096,0.6193651230502629,0.6193849184473766
22,94,0.2952357464329041,0.3497420035018963,0.35502225006519966,0.6099584058423962,0.6101129923336334,0.6100703945299031
22,95,0.2947524508770798,0.35003726205506186,0.3552102870678585,0.6125870491719688,0.6124830023438694,0.612480020677547
23,0,0.2988625847186651,0.3478755435741448,0.35326187170719003,0.6085157201375737,0.6086464619940117,0.6086330627623248
23,1,0.286734799894516,0.3550732838910738,0.3581919162144102,0.6336123452610363,0.6328940076316579,0.632956600596942
23,2,0.29435863061987266,0.35142574534119325,0.35421562403893436,0.606005972142274,0.6062900799701306,0.6062951536924786
23,3,0.2994812032219285,0.3550366580798439,0.3454821386982277,0.600228631102707,0.6002217341705594,0.6005850804036381
23,4,0.3148967624141884,0.3524785635760777,0.3326246740097339,0.6261780683482688,0.6267023387033678,0.627034250460765
23,5,0.3894303620363066,0.2819741361608146,0.3285955018028789,0.62492425650244,0.6294249444660697,0.627240490001564
23,6,0.4195981699818433,0.26496049583047715,0.31544133418767956,0.5972359213033703,0.5988099080478199,0.5985063480684978
23,7,0.4664115515787121,0.24368344168936154,0.2899050067319265,0.6427438010101237,0.6449283715716856,0.6448377802196174
23,8,0.442332983621666,0.2577233183704085,0.29994369800792553,0.6300673001099469,0.6292163282287807,0.6293547467186884
23,9,0.47316055117496775,0.24976865183092342,0.2770707969941089,0.5998860786058877,0.6011525340418787,0.6015733119588094
23,10,0.4797119063752747,0.23869474659368348,0.2815933470310418,0.5966124426841661,0.5975147373142111,0.5968039162593629
23,11,0.521375281115148,0.22551492230309547,0.25310979658175636,0.6011782649193127,0.6029514639610574,0.6033772537891842
23,12,0.4971200459820921,0.23327235784861416,0.26960759616929375,0.6016705433211705,0.6011925064505084,0.6008127306843777
23,13,0.5197165299676668,0.22847622877359589,0.2518072412587373,0.5951349435618508,0.5961500212775422,0.5965644094261872
23,14,0.5309930176112879,0.22995090791423153,0.2390560744744805,0.5931708009150347,0.5936856373049559,0.5942447215967657
23,15,0.5306910439092448,0.23133538529736294,0.2379735707933923,0.6087871568604536,0.6090818871982312,0.6091691663608777
23,16,0.5403172224030541,0.23184340982773674,0.22783936776920916,0.6042177460312121,0.6047394668397098,0.6052080052182309
23,17,0.5334840817133923,0.23944059635415096,0.22707532193245655,0.5928649104306539,0.5927550845185655,0.5931453214660997
23,18,0.5115782347797174,0.2611265238063998,0.22729524141388283,0.6312041271196721,0.6301941063644457,0.6311369511523519
23,19,0.4834274607452773,0.2853641094178573,0.23120842983686543,0.6218624552014322,0.6206200802700692,0.6214597843137025
23,20,0.4749188989430113,0.28987353818763656,0.2352075628693522,0.6148870046761471,0.614750371911567,0.6148555047638055
23,21,0.5025417172698138,0.25863423633045585,0.23882404639973032,0.597756000754243,0.5997383145016129,0.5984934882791116
23,22,0.46876081364644695,0.2810573377875444,0.25018184856600867,0.6133444182557918,0.612026906954433,0.6124592901763951
23,23,0.4570646141140962,0.2873227094888689,0.2556126763970349,0.6079345870143771,0.607651726142394,0.6077218274549044
23,24,0.4379517798010493,0.29924187492913207,0.26280634526981866,0.6100203456238202,0.6093424976172934,0.6095403763539217
23,25,0.4193313363631399,0.3105745500037193,0.2700941136331409,0.6204026327812424,0.6197193257073244,0.6198892193643653
23,26,0.39319247984903233,0.32820639438896343,0.27860112576200424,0.6176101630376937,0.6164884490464034,0.616810969108823
23,27,0.3707497520224804,0.3434521010720759,0.2857981469054438,0.6134693086117461,0.6124590857217967,0.6127450348514053
23,28,0.3533489366015583,0.3548739039152096,0.2917771594832321,0.6180088917440028,0.6171992404026144,0.6174094374060818
23,29,0.3311103749871205,0.37033880274840075,0.29855082226447877,0.6158671276370273,0.6147434123393837,0.6150363282684416
23,30,0.31990101780151897,0.37656772865801497,0.3035312535404661,0.6150655376129636,0.6144850294429508,0.6145806494213586
23,31,0.30789449222318505,0.38343317892950946,0.30867232884730555,0.6145967706238181,0.6139392226519694,0.614045056714152
23,32,0.29677657513159367,0.38933045458361887,0.3138929702847875,0.6122950116027076,0.6116564424183227,0.6117322903377165
23,33,0.2939592554590371,0.3890743079219816,0.3169664366189814,0.6132702886097476,0.6130587784023402,0.613040875069146
23,34,0.2988244158865883,0.38300161076478856,0.318173973348623,0.6122149977183735,0.6124279488882631,0.6123109803033936
23,35,0.30036592556674807,0.37995315542643565,0.3196809190068163,0.6092364259429386,0.6092649027428383,0.6092108420205733
23,36,0.29372535392047966,0.38322976412140114,0.32304488195811926,0.6043181971027911,0.6038914067675522,0.6039441845424731
23,37,0.29339541058364493,0.383750962926071,0.3228536264902841,0.6041339044561301,0.6039906260627304,0.6040825194495757
23,38,0.28118758842205327,0.3920817598958904,0.32673065168205645,0.6012206319083279,0.6004323106876179,0.6006027761670075
23,39,0.2709979139880692,0.3980049222897289,0.330997163722202,0.6030918793017433,0.6023987863649437,0.6024937974961065
23,40,0.2611166481031828,0.404012871247011,0.33487048064980623,0.5997535608635141,0.5990319392707719,0.5991405463847057
23,41,0.2687476442744841,0.3978751904489735,0.3333771652765425,0.6093785972226172,0.6096412048402011,0.6096043190860932
23,42,0.2701557478966121,0.39565550573838726,0.3341887463650007,0.6046479479725482,0.6045825778213063,0.6045706816641169
23,43,0.26620390646796505,0.39752813802410775,0.33626795550792715,0.5998033166737671,0.5994252223479878,0.5994777947741357
23,44,0.2662664502741642,0.39711130309958464,0.3366222466262513,0.602063187747046,0.6018930311734562,0.6019385390053071
23,45,0.27061537191723156,0.39414551849104745,0.3352391095917211,0.6053607862575324,0.60542654432147,0.6054583140264516
23,46,0.26591586469822975,0.3964557382423453,0.33762839705942493,0.5986229274651265,0.5982061738555773,0.598258211149151
23,47,0.26285254508259365,0.4009389140714843,0.3362085408459221,0.5973644891768602,0.5969423733542538,0.5971675534671173
23,48,0.2567178632394176,0.40484622386813257,0.33843591289245,0.598228702509742,0.5976846506352322,0.5977868306080022
23,49,0.2556075386592138,0.4057323851885605,0.3386600761522257,0.6003573858972441,0.600077941209537,0.6001649153492647
23,50,0.2506695981007009,0.4085542644621594,0.3407761374371397,0.5962063618434732,0.5957137145488816,0.5957922542666297
23,51,0.24746744012957186,0.4080098337660429,0.3445227261043853,0.5984906818392978,0.5981399305998207,0.5980835902845534
23,52,0.25255555203566393,0.40266215927305965,0.3447822886912764,0.6039645831034531,0.6040814810554824,0.6040032650336079
23,53,0.2604159685249225,0.39777585040207225,0.3418081810730052,0.6042452182875734,0.6044775870799739,0.604502628708083
23,54,0.25905552267773874,0.39769026879416497,0.3432542085280963,0.5992348693712043,0.5989854946918438,0.5989997303401526
23,55,0.26324957782704256,0.3952212717966174,0.34152915037634013,0.6039711734667886,0.6040063941284597,0.6040529703397733
23,56,0.25825601695847317,0.3952272088839197,0.34651677415760723,0.5903402895152572,0.5899499896743017,0.589857422848354
23,57,0.25959183863801066,0.39310495885993446,0.3473032025020549,0.5990790613573679,0.5989908368670317,0.5989636256389926
23,58,0.2620415376700221,0.3909223690145853,0.34703609331539265,0.5979987462003278,0.5979621531993091,0.5979617147956341
23,59,0.2648414556097327,0.3885282211390809,0.3466303232511865,0.6000703613636291,0.6000602185389483,0.6000562156310676
23,60,0.2633138931454774,0.3882523786114051,0.3484337282431176,0.591587888703955,0.5913562850205988,0.591340552815587
23,61,0.26608049993201877,0.3854290324845692,0.34849046758341207,0.5988208624451951,0.5988261702891502,0.5987919825624124
23,62,0.26563930717656503,0.38402597818115475,0.3503347146422802,0.5889845309632742,0.5888326660519587,0.5887802258704159
23,63,0.2753422685771367,0.37740984502762687,0.34724788639523657,0.6101480586032365,0.6105353415862547,0.6104839055976803
23,64,0.28032086843975496,0.3748655150678783,0.34481361649236686,0.6059825672896568,0.6060963986337714,0.6061333057122547
23,65,0.2835062317765018,0.3715884336792668,0.3449053345442315,0.6006698237822186,0.6007470270638742,0.600687195942999
23,66,0.2829879032879154,0.3712599908242864,0.3457521058877982,0.5988571378483387,0.5987234766595403,0.5987193500448713
23,67,0.2807428639386501,0.3747200073203358,0.3445371287410142,0.6145345831334678,0.614230106320928,0.6143924664137351
23,68,0.2823014199010847,0.37336939087453397,0.34432918922438144,0.6058145067456252,0.6057782589112359,0.6057814211702643
23,69,0.274648041105977,0.37747847768331305,0.3478734812107101,0.5992706081819369,0.5987396102080398,0.5987798114898029
23,70,0.2753790845308485,0.3760678539388884,0.34855306153026305,0.6068543514614304,0.6067745766415675,0.6067484915307607
23,71,0.27440094757153827,0.37650506860009963,0.34909398382836215,0.6046289417148871,0.6044355611672961,0.6044623426978972
23,72,0.26846511184003996,0.38127852359963565,0.35025636456032444,0.6073459065673903,0.6068381538403331,0.6069650490646716
23,73,0.2661678971974679,0.38260198638881754,0.3512301164137146,0.6049027964967004,0.6046130078826869,0.6046542128987888
23,74,0.269742525372212,0.37950318657273574,0.3507542880550523,0.6094341072983056,0.6094901950909437,0.6094541821883487
23,75,0.2689352664165438,0.3794729505818983,0.351591783001558,0.6032837175034298,0.6030942727930404,0.6031003497127657
23,76,0.26756984455224203,0.38000479767445344,0.3524253577733046,0.6092100375209579,0.6089814895201595,0.6090020876703853
23,77,0.2662554545961425,0.37990190737338125,0.3538426380304764,0.6149552049635134,0.6147423784500174,0.6147280314271367
23,78,0.26332718297340274,0.3805717562025695,0.3561010608240278,0.6221738653132115,0.6218724542574695,0.621852985449181
23,79,0.2570062632320785,0.3853033561346413,0.35769038063328035,0.6185986166689866,0.6180401881025672,0.6181486546491641
23,80,0.2534528052860856,0.3882446941054107,0.3583025006085037,0.624980071763069,0.6245618518247047,0.6246524192709236
23,81,0.25665345728351907,0.3827291998212543,0.36061734289522657,0.6154736488475898,0.6155520845079349,0.6153681423105213
23,82,0.26148796893538184,0.3764062132467421,0.36210581781787604,0.613925999680489,0.6141062763855947,0.6139139156033412
23,83,0.27045499095991904,0.36866547269492056,0.36087953634516046,0.6124146076272732,0.6128137671253925,0.6126485010624662
23,84,0.2674498819581271,0.36960258107732935,0.3629475369645436,0.6185261840132994,0.6182360475000268,0.6182115857347009
23,85,0.27264703800518236,0.3677881801848979,0.35956478180991985,0.6113938953242105,0.6114951408207099,0.6115487120043379
23,86,0.2744025852866876,0.36660720492680327,0.3589902097865091,0.6165046934927028,0.6164653974916957,0.6164577388246295
23,87,0.28005588110344076,0.36305128727308683,0.35689283162347235,0.6120368594248605,0.612217498788658,0.6121856172679628
23,88,0.2811716780635068,0.3618283033434572,0.3570000185930361,0.6158510195815983,0.6158072454991194,0.6157759981280833
23,89,0.279519390563961,0.36174381107744014,0.358736798358599,0.6215171695712455,0.6213402534379137,0.6212927950783842
23,90,0.28164895855198235,0.36147156087053456,0.35687948057748314,0.6102798337028877,0.6102472785303474,0.6102968946785206
23,91,0.2803346463521413,0.36230828710352864,0.35735706654433025,0.6221762650475067,0.6219869711722282,0.6220023441479181
23,92,0.27976310572676677,0.36232574959501346,0.35791114467821994,0.6195850742157308,0.6194436807283175,0.6194336772541527
23,93,0.2830211618870416,0.36018310073356297,0.35679573737939557,0.611704916873765,0.6117680476537313,0.6117438270596748
23,94,0.28032935493233097,0.36184538700207497,0.3578252580655942,0.6232979658711374,0.6230374664907985,0.6230592656762455
23,95,0.2827784947022278,0.3603426481896855,0.3568788571080868,0.6191057936235461,0.6191217996539837,0.6191106297165142
24,0,0.2791322069324765,0.3611524583743126,0.359715334693211,0.6316710161467965,0.6313983976399682,0.6313433069759501
24,1,0.28273246930408125,0.3589706292877032,0.3582969014082156,0.6159892271402777,0.6160668564356406,0.6160465409440582
24,2,0.2842268283122863,0.3587080675349688,0.35706510415274484,0.6173572256683174,0.6173092007675177,0.6173382095892557
24,3,0.25685544184241577,0.3797625048653966,0.3633820532921877,0.6289494254439713,0.6271797789892963,0.6275922230727804
24,4,0.2717817976150378,0.3658324210367544,0.36238578134820804,0.6067019016299829,0.6075004409338499,0.6071580106507233
24,5,0.2743133712210501,0.3616391227311611,0.3640475060477887,0.6250371955906061,0.6251148896789019,0.6249511638713702
24,6,0.2529279571798158,0.37736300078619056,0.36970904203399363,0.6210241685485245,0.6195936263745008,0.6198729726316674
24,7,0.25260686800123777,0.37826268104406646,0.3691304509546959,0.6115552074905358,0.6113237441160271,0.6113728255205538
24,8,0.2621224378475419,0.37248491938619255,0.3653926427662655,0.6322629608997277,0.6326192215030195,0.6325747318260246
24,9,0.2509040893685005,0.38101561995895095,0.3680802906725486,0.620548767227157,0.6196831454537564,0.6198498438114802
24,10,0.23583344902903497,0.3890836845466098,0.3750828664243551,0.6215162489303527,0.620439285466563,0.6204744462693097
24,11,0.23389219409689205,0.3765779879522824,0.38952981795082564,0.6381174134058752,0.6381207098805957,0.6374031264897816
24,12,0.2337567973564023,0.3771115932711908,0.3891316093724069,0.6158505500948833,0.6155889345124806,0.6156013031328613
24,13,0.22090983173817416,0.38694912587409563,0.39214104238773023,0.6283442378049139,0.6272324008375226,0.6274078644499927
24,14,0.2253979524991528,0.3805926211301704,0.3940094263706768,0.6128248792721105,0.6129225276458066,0.6126962352315398
24,15,0.22392696470686274,0.3840292175474508,0.3920438177456864,0.6136335174447399,0.6132011881790163,0.6133332836537594
24,16,0.20809845824889586,0.39485498688913373,0.3970465548619704,0.62981861716312,0.6284687300507489,0.6286178815013663
24,17,0.2004175327796956,0.401809734959344,0.3977727322609604,0.6175101194162914,0.6165862472862038,0.6167462759282151
24,18,0.18672201093122756,0.413642939620052,0.3996350494487205,0.6063481710531313,0.604910698971571,0.6051666410099025
24,19,0.1761335928514575,0.42536303028996125,0.3985033768585813,0.6048696212145478,0.6035079441676463,0.6038388903636981
24,20,0.17889828431360083,0.424824026230728,0.3962776894556711,0.6036491809914653,0.6033330186896062,0.6034011657525628
24,21,0.18367407434261235,0.41992113673378745,0.3964047889236002,0.6221159699182026,0.622037212606572,0.6219386066740595
24,22,0.17661014069492048,0.4255735932851822,0.3978162660198974,0.6271668966966856,0.6261446924884864,0.6262668533391336
24,23,0.16629877593929127,0.4352585839807334,0.3984426400799753,0.602507274055271,0.6011226324753732,0.6013629794628629
24,24,0.1679136196499379,0.43350605525667474,0.3985803250933873,0.6157409366749504,0.6153301724169365,0.6153159441166512
24,25,0.16571504068341228,0.43313265560014835,0.40115230371643934,0.6103586742358992,0.6096758361357569,0.6096298227153673
24,26,0.1883275124321379,0.4100722672886353,0.40160022027922687,0.6340042039800654,0.6354010892469688,0.6348503558429531
24,27,0.2017584924768944,0.4005357775671206,0.39770572995598497,0.6277349734465583,0.6282921792444621,0.6281569266090823
24,28,0.21388170796325023,0.3924802664150972,0.39363802562165257,0.6257279976030996,0.6261978089960265,0.6260963479941123
24,29,0.21264836211345522,0.3918726129280216,0.39547902495852316,0.6188818188392343,0.6185190824914174,0.6184535171779922
24,30,0.22209718638842918,0.38494502621540666,0.3929577873961642,0.6191441091553058,0.619473800392153,0.6193516248470747
24,31,0.23235383654620598,0.3790675231088158,0.3885786403449783,0.6274135778927188,0.6277713427525454,0.6277200729696462
24,32,0.22831423157283343,0.3831172004938692,0.38856856793329736,0.6064104368478018,0.6058656686414798,0.6059668219958844
24,33,0.23310574040151819,0.38147987728281685,0.385414382315665,0.6193765118169602,0.6193791132176206,0.6194138639641916
24,34,0.2353508396346491,0.38087845568114276,0.38377070468420815,0.6148370142513235,0.6147074860930346,0.6147315427243861
24,35,0.24713815492901514,0.37537813702000505,0.3774837080509799,0.6231578632789804,0.623586942606556,0.6236044748566474
24,36,0.2471450222187887,0.37543128689942873,0.37742369088178257,0.6181850549930406,0.6179787918219493,0.6179797330224348
24,37,0.2619406572581066,0.3683586836935448,0.36970065904834853,0.6262632829328365,0.6268714801474399,0.6268865964684117
24,38,0.26035407012738004,0.37055178181142634,0.36909414806119367,0.6076487749404205,0.6073594101553832,0.6074367555944303
24,39,0.2644541967835544,0.36933460307166843,0.36621120014477715,0.6136763754957858,0.6137064848659041,0.6137553923978643
24,40,0.26762034276324925,0.3678898590727774,0.3644897981639735,0.6186775248744183,0.618684923403016,0.6186965729926605
24,41,0.25846696774987904,0.3774352760260014,0.36409775622411966,0.6090411507872375,0.6082563115598338,0.608537487925049
24,42,0.2595032943603459,0.37546627617461276,0.36503042946504133,0.6152517333398108,0.615167732665545,0.615101032749936
24,43,0.25500287550310247,0.37670253755356903,0.3682945869433286,0.6064764730747422,0.6060808819440753,0.6060336322076934
24,44,0.2526001595867413,0.3759470092695358,0.371452831143723,0.6062239530540113,0.6059567873354593,0.6058560500907665
24,45,0.24946567456808985,0.3768582373037821,0.37367608812812797,0.6067941681685546,0.6064441283430125,0.6064119810246299
24,46,0.251534833190996,0.3752886227026064,0.3731765441063977,0.6110192007128267,0.6109491417893311,0.6109229970517404
24,47,0.2391362561893862,0.3812219041171814,0.3796418396934325,0.5950307674296935,0.5941370276930701,0.5941237258630896
24,48,0.23620819874297647,0.3834675817177781,0.3803242195392453,0.604468319879112,0.604044945837183,0.6040888852011235
24,49,0.23795940993783862,0.3817656362596064,0.380274953802555,0.6089103384435984,0.6087936327060135,0.6087519533428968
24,50,0.24327257216894305,0.37571990699243407,0.38100752083862294,0.6068052129760141,0.6069705818693908,0.6067862840307626
24,51,0.24363948382203157,0.37547536689582384,0.3808851492821446,0.6056034846984509,0.6054111649249649,0.6054023131691519
24,52,0.24194516395392626,0.37561174692267074,0.38244308912340297,0.6024792894785234,0.6021875164131322,0.6021433472797675
24,53,0.24345917823127955,0.37493378477073513,0.38160703699798537,0.6067364845426687,0.6066031396488287,0.606600111315446
24,54,0.2546085005711189,0.3688147618377135,0.37657673759116767,0.6171990351828288,0.6176310196379419,0.6175909563973312
24,55,0.25972509157196333,0.36689505356376384,0.37337985486427294,0.6120476170575779,0.6121320832511556,0.6121581968146427
24,56,0.26411564961784506,0.3651267531439792,0.37075759723817575,0.6090238235242847,0.6090845843359257,0.6091006364315805
24,57,0.267248282630197,0.36024930363978935,0.3725024137300137,0.6025619061869786,0.6026711910521396,0.6024763361043437
24,58,0.2732558512473727,0.3576313281062575,0.3691128206463699,0.616175315117283,0.6163427044443296,0.6163483903155121
24,59,0.2717790984897327,0.3585040867913593,0.3697168147189082,0.6006390681246027,0.6004286877657282,0.600424273739139
24,60,0.26955995977788494,0.36047543933571224,0.36996460088640293,0.6009966351049647,0.6007212325541018,0.6007589100820833
24,61,0.27211713296159173,0.35996055374965485,0.3679223132887535,0.6157855328247194,0.6157614483672024,0.6157936706450519
24,62,0.277004084819956,0.35740374859450025,0.3655921665855439,0.6175598087170184,0.617688876420292,0.6176719100660888
24,63,0.288176503155345,0.3504847775693956,0.3613387192752595,0.6179070783046673,0.618406714779158,0.6183156398467144
24,64,0.28788264638678857,0.3529494608056809,0.35916789280753064,0.6182646563310041,0.6180896573292387,0.6182127729413099
24,65,0.2909789811323842,0.3503925609037327,0.3586284579638832,0.616749326565912,0.6168428306100828,0.6167755064454
24,66,0.2936815456750094,0.34899292976355917,0.35732552456143146,0.608375497708017,0.6084281695456437,0.6084147053616953
24,67,0.2982319664350385,0.34632709172930676,0.35544094183565483,0.6118238482513383,0.611985441127776,0.6119507399699252
24,68,0.2989464860492863,0.34619227783256196,0.3548612361181517,0.6144837169837509,0.6144440519436243,0.6144460898335334
24,69,0.30048366803269516,0.3455643043944197,0.3539520275728853,0.6114566894398876,0.6114619567130951,0.6114593557735898
24,70,0.3036810534010166,0.34471639811664206,0.35160254848234146,0.6111575873148332,0.611230067040208,0.6112637308103622
24,71,0.30883970418116613,0.34161697159968574,0.34954332421914813,0.6076202630254102,0.6078331214751997,0.6077917605334805
24,72,0.3102843110532861,0.3410268420494216,0.34868884689729246,0.615841334965359,0.6158623652926358,0.6158600560789868
24,73,0.31169737704431894,0.33951288453366374,0.34878973842201744,0.609791915184181,0.6098430113688259,0.6097840801027951
24,74,0.31998257653258494,0.3326978868888177,0.3473195365785973,0.6176482507650934,0.6180957152213168,0.6179165267873047
24,75,0.32055293953479785,0.3332293864723533,0.346217673992849,0.6137271281851353,0.6137114450616429,0.6137425820920694
24,76,0.3201856655170055,0.3345887697287041,0.34522556475429056,0.6203614208825124,0.6202893879412367,0.620345217368367
24,77,0.31863321144770484,0.336017007280505,0.34534978127179033,0.6155202363388964,0.615405054879088,0.6154321950950629
24,78,0.31857143497530094,0.3361185998036955,0.3453099652210036,0.6121571723679348,0.612128005738747,0.6121205057879597
24,79,0.3226554813081211,0.33344582590261534,0.34389869278926366,0.6087741896066529,0.6089665982764199,0.6089142718070795
24,80,0.32241206658821636,0.33393955987851603,0.3436483735332676,0.6094422613414443,0.6094041062195241,0.6094137069981741
24,81,0.3234876381261046,0.33349783739260225,0.34301452448129316,0.6167392834597593,0.6167721217868688,0.6167650775625775
24,82,0.32466003752913664,0.33281384725106644,0.34252611521979703,0.6165693491940143,0.6166149131432351,0.6165960650621127
24,83,0.3270814734136514,0.3314842446800288,0.3414342819063199,0.6128381740973504,0.6129465153082444,0.6129254428059495
24,84,0.3269186594989158,0.3316426215996177,0.34143871890146654,0.6248187600083238,0.6248025706400057,0.624794455433102
24,85,0.3283265521397719,0.3311868150246925,0.34048663283553565,0.6126006397354323,0.6126534823244107,0.6126554853487536
24,86,0.3281152722086986,0.3318269997000789,0.3400577280912226,0.6099851235888112,0.6099543417223935,0.609975496831516
24,87,0.32686532405100543,0.33230001812715515,0.34083465782183947,0.621055631671416,0.620995831410118,0.6209761391336821
24,88,0.3279639059977067,0.33166366742350767,0.34037242657878575,0.6097364131184329,0.6097841125791934,0.6097671343201163
24,89,0.3293374930754127,0.330412653163566,0.34024985376102135,0.6173176602377097,0.6173957868980903,0.6173486878355824
24,90,0.3255150130063037,0.3337838218841238,0.34070116510957255,0.6263482848080294,0.626118791191983,0.6261980756015794
24,91,0.324771838207622,0.33439955582817954,0.3408286059641985,0.6252833590751646,0.6252289825055766,0.6252353526538198
24,92,0.3220979397317972,0.3361121229160437,0.3417899373521593,0.6234900248008749,0.6233371547765063,0.6233527826420124
24,93,0.33552659589721046,0.3236585215281773,0.34081488257461223,0.6176830945019578,0.618485244812195,0.618113298248536
24,94,0.33080819824381735,0.32698594397565883,0.342205857780524,0.617736343708646,0.6174976551474739,0.6175391361839305
24,95,0.3411005947522215,0.3239056518551875,0.33499375339259113,0.6030553849748387,0.6034793922774415,0.6035826601502795
25,0,0.33748697937288696,0.32822010057412365,0.33429292005298955,0.613785646353126,0.6135591670501616,0.6137042607726144
25,1,0.3399017638714844,0.32633455087429014,0.33376368525422556,0.6132791301391579,0.6134260924501687,0.6133742524963713
25,2,0.34197070570676036,0.3244292975179175,0.3335999967753222,0.6118166844729549,0.6119592580177681,0.61189309668095
25,3,0.3312807608319725,0.3278201492781342,0.3408990898898933,0.6199995628993806,0.6195827045545246,0.6194529713802777
25,4,0.32839478420538404,0.32831873552399476,0.34328648027062114,0.6262304173764112,0.6261278265459226,0.6260536431948208
25,5,0.4457448859989014,0.2802799661413599,0.2739751478597388,0.6306244085812857,0.6354568627113854,0.6361424096613281
25,6,0.5266811343441999,0.24813713018166714,0.2251817354741328,0.6207981368272804,0.6239990997771913,0.6248040772762142
25,7,0.5737236056014631,0.2315528659986951,0.19472352839984175,0.6060402851390763,0.6079678771072857,0.6088531140543453
25,8,0.5860344552541435,0.22950435334229013,0.18446119140356632,0.6272234703098535,0.6279160821619687,0.6285301647129331
25,9,0.5968169221229541,0.2317338720333852,0.17144920584366055,0.6173121234441136,0.6177873592760038,0.6188465637997271
25,10,0.583586691931856,0.23952808934781583,0.17688521872032809,0.618126966322603,0.6179349645213029,0.6181781849217576
25,11,0.5762439872402942,0.2461869260720339,0.17756908668767185,0.6269388280754601,0.6268808809615447,0.627354648456707
25,12,0.5643111593552659,0.2546823265781886,0.1810065140665455,0.6152756556871738,0.615044407228521,0.6154339701600529
25,13,0.5482295292607049,0.2665616226465158,0.1852088480927794,0.6085505338531746,0.608089110499663,0.6085644715924645
25,14,0.5355290535912353,0.27548442408002805,0.1889865223287368,0.6155774984464274,0.6152730377043137,0.6156509832800915
25,15,0.5382815279299303,0.27051952035481547,0.19119895171525414,0.6497193172738518,0.6502229510267172,0.6501560226557709
25,16,0.5420315782215539,0.26242753000492236,0.19554089177352374,0.639980710389127,0.6406432048351998,0.6403115723382897
25,17,0.5213958143482169,0.27333450932811876,0.20526967632366427,0.6120261518160424,0.611486879062159,0.6115909844916112
25,18,0.5124424372219798,0.2771544524998127,0.21040311027820746,0.618115473579054,0.6180471852005239,0.6181108956505676
25,19,0.5094986850974417,0.2724516903622612,0.21804962454029708,0.6256000048734098,0.6259648782396955,0.625574202107638
25,20,0.5025726361506823,0.27299949436409343,0.22442786948522422,0.6289916046194332,0.6290809655606383,0.6289315901162464
25,21,0.4955988275824794,0.27419305331636423,0.23020811910115635,0.6274501458759866,0.6275066568662534,0.6274003596781579
25,22,0.4811348567712081,0.2803785279575364,0.23848661527125548,0.6276259586206414,0.6273257459606306,0.6272892086965846
25,23,0.46409568018912245,0.2869241241922932,0.2489801956185844,0.5960620069047861,0.5956665082752318,0.5955459430804078
25,24,0.4576455571568677,0.2895114139105239,0.2528430289326085,0.6275518071885673,0.6275088665194801,0.6275193843544137
25,25,0.4456778328316266,0.2943837153278956,0.2599384518404778,0.6174844492133974,0.6172223049166936,0.6171794848372598
25,26,0.4350671424998399,0.2995105898136619,0.26542226768649824,0.618443557602644,0.6181830584022087,0.6182107473107877
25,27,0.4337228436578686,0.29865891824117646,0.267618238100955,0.6370831362012739,0.6372341548650582,0.6371810616626162
25,28,0.4265606375318155,0.301625501174355,0.2718138612938295,0.620096427706115,0.6199740241832546,0.6199713634159796
25,29,0.4333527848547255,0.29668202045405245,0.2699651946912221,0.6317301753923401,0.6322099158533119,0.6321625293657619
25,30,0.42205325381735986,0.3013813029279545,0.2765654432546856,0.6179916657352145,0.6177099926601144,0.6176698444966154
25,31,0.4203787722429719,0.30111196163071147,0.27850926612631677,0.6227608864194798,0.6228688203260848,0.6228298860309288
25,32,0.4188123031887987,0.3013000196137352,0.2798876771974662,0.6262120261621978,0.6263055877815942,0.6263001811339145
25,33,0.40955390057575536,0.3052941036574633,0.28515199576678146,0.6120180325563549,0.6117856025648183,0.6117652974230916
25,34,0.41643330388877914,0.30171554942527334,0.28185114668594763,0.6263295189735112,0.6267484709672432,0.6267816888271691
25,35,0.41234683879230716,0.3039405934703431,0.28371256773734976,0.6108066983806947,0.6107619940648277,0.6108044725154798
25,36,0.40235001258204034,0.31010593631724626,0.28754405110071346,0.6136218499734759,0.6132844829145566,0.6133886912794012
25,37,0.3936927197215199,0.31674074783281486,0.2895665324456653,0.6107962872449634,0.6104579433989678,0.6106434725988718
25,38,0.38121876842861224,0.3248763191010884,0.2939049124702995,0.6080681545719576,0.6075595627625464,0.6077125004340883
25,39,0.37390649560946404,0.33169726718506737,0.2943962372054686,0.6117555160349046,0.6114041691061749,0.6116517924654867
25,40,0.3671426727467181,0.33755482165091266,0.2953025056023693,0.6120382379289022,0.6117157858607112,0.6119228184162174
25,41,0.3567834157493135,0.3442468068840865,0.2989697773666002,0.6060729006031819,0.6056054064812931,0.6057433378320919
25,42,0.34538036629779334,0.35083775687891156,0.3037818768232952,0.6048471405695612,0.6043260300950355,0.60442123304123
25,43,0.3314456100050565,0.36203002909651416,0.30652436089842927,0.6011114173475173,0.6003480040694144,0.6006459940068702
25,44,0.32305988085147264,0.36828195484495785,0.3086581643035695,0.6020516510507362,0.6015681587353459,0.60174738664442
25,45,0.31637196122251193,0.37244871299130744,0.3111793257861806,0.6044581257464791,0.6040662758825297,0.6041753909625119
25,46,0.3117669481396407,0.3740799773485776,0.3141530745117818,0.6060431634981079,0.6057740515730101,0.6057978209458685
25,47,0.31091372871378575,0.37305467113119944,0.3160316001550149,0.6087205167416012,0.6086415518833909,0.6086257851460262
25,48,0.30769908403233986,0.371958733388284,0.32034218257937613,0.6082752053790735,0.6081178719202857,0.6080168168071028
25,49,0.30748585820469104,0.3750189868105566,0.31749515498475234,0.6041430771513946,0.6039678290717062,0.6042102409606903
25,50,0.30229235384764336,0.37688401786587844,0.3208236282864782,0.6037661654848312,0.6034496159190457,0.6034632429465584
25,51,0.2998415115168783,0.3773412852082193,0.32281720327490243,0.6054173706439369,0.6052227616157626,0.6052388752393992
25,52,0.3026345398415606,0.3742192662234986,0.32314619393494076,0.6096777483263883,0.6097602815232208,0.6097292364485887
25,53,0.3037399355911569,0.371699622809832,0.32456044159901115,0.6095445908064617,0.6095597844692088,0.609506125694083
25,54,0.3038113257526937,0.37229040063690466,0.3238982736104017,0.6065559006866027,0.606453033021606,0.6065484641512342
25,55,0.29974088255120024,0.3737719254552026,0.32648719199359727,0.6007630137458431,0.6004908853612883,0.600508062842883
25,56,0.3009501179473821,0.37225207000587784,0.3267978120467402,0.6112547600606792,0.6112418320767836,0.6112466163258973
25,57,0.302751203539877,0.3708162109403664,0.3264325855197567,0.6070664733688009,0.6070753123811322,0.6071018645716343
25,58,0.3051127294960827,0.3688196221982196,0.32606764830569773,0.6074132603232412,0.6074614065678213,0.607470982025911
25,59,0.30464447963880764,0.36816070142192,0.32719481893927255,0.6066785070945805,0.606597454911835,0.6065951687141262
25,60,0.3068101729835809,0.3656344869806636,0.32755534003575554,0.6136871477802719,0.6137494554929921,0.6137164385652648
25,61,0.3054416074298137,0.36487332112841747,0.32968507144176884,0.6055018430138723,0.6053992676928979,0.605356717919082
25,62,0.30785280881617766,0.3628719841959668,0.32927520698785573,0.6114193628251666,0.611480308317433,0.6114791799963224
25,63,0.31057912950912553,0.3616198237658187,0.32780104672505583,0.6140002627962259,0.6140559375933252,0.614108288049007
25,64,0.3103361401554524,0.3625540044189038,0.3271098554256438,0.6139240944144914,0.6138219853299192,0.6139129398391221
25,65,0.31338567319414756,0.36020544196838306,0.3264088848374694,0.6114266088565224,0.6115281879152694,0.6115270225629384
25,66,0.31605171262937226,0.3578057159461723,0.3261425714244554,0.6095918610236095,0.6096889435463952,0.6096702636514795
25,67,0.3174524058927839,0.35357319856409025,0.3289743955431259,0.6038804641344283,0.603996195878754,0.6038219266816617
25,68,0.31868424206416546,0.3519024359511318,0.32941332198470274,0.6044649578403952,0.6045073449218318,0.6044752508871156
25,69,0.31882584654270296,0.35152463926239014,0.32964951419490696,0.6043635256474448,0.6043356581611927,0.6043455831978549
25,70,0.31871463870673555,0.3506826096743398,0.3306027516189247,0.6062835280545149,0.606261814226583,0.6062344938608026
25,71,0.32032058459187557,0.3487054037021611,0.33097401170596336,0.6117166020387845,0.6117859045605243,0.6117407947086291
25,72,0.3216097342478642,0.34729340083898325,0.33109686491315254,0.6113978008725897,0.6114446077217772,0.6114210934475688
25,73,0.3233936252165156,0.34602471579416155,0.33058165898932296,0.6135973470173338,0.6136594163279613,0.6136583028350453
25,74,0.32466459840425105,0.34550497797723156,0.3298304236185174,0.6160405285186568,0.616067370935548,0.6160953779035031
25,75,0.3250973369708802,0.3452194486910075,0.3296832143381122,0.6143201091139866,0.6143152418450166,0.6143315736315672
25,76,0.3264422810064631,0.343818150611475,0.32973956838206203,0.6121109869407131,0.6121701035659941,0.6121460390146648
25,77,0.3273679873809041,0.3422991857087905,0.33033282691030547,0.6107775454758725,0.6108304791501916,0.61078383864312
25,78,0.3295675328053884,0.33957632894615974,0.33085613824845184,0.6073207422726027,0.6074543740177291,0.6073701321393203
25,79,0.3307344192790931,0.33895664420691274,0.33030893651399434,0.6026986350985053,0.6027414226001815,0.6027511068206612
25,80,0.33114907457439363,0.3386875124958755,0.33016341292973095,0.6095075291077884,0.6095180844763527,0.6095257962506182
25,81,0.33166808768855044,0.3374913414317427,0.330840570879707,0.6137742031497314,0.6138175679812338,0.6137704884680988
25,82,0.33612176007265443,0.32986109482322806,0.33401714510411745,0.6171473565464229,0.6175177598439086,0.617187952611463
25,83,0.3383630398507197,0.3268279320415003,0.33480902810778007,0.6194702981911986,0.6196445310436889,0.6195177055009858
25,84,0.33822710305391707,0.327278202410637,0.33449469453544595,0.6118913725223598,0.6118881852616087,0.6119016138959803
25,85,0.3394550544586153,0.32493814865459675,0.335606796886788,0.6099889336150823,0.6101163570537239,0.6099969637051297
25,86,0.3384197251138285,0.3250349487834457,0.33654532610272586,0.6137315382635175,0.613715975202942,0.6136754932554863
25,87,0.3377033800720129,0.3255516599474364,0.3367449599805509,0.6137118028694605,0.6136910445925335,0.613685926130157
25,88,0.33741480087882914,0.3257579060985548,0.33682729302261605,0.6138301790933784,0.6138309519439161,0.6138199479473321
25,89,0.3395975476188653,0.3246279450312538,0.33577450734988096,0.6020066246130591,0.602125897161289,0.6021073565722616
25,90,0.3394578132849427,0.32475314398014016,0.3357890427349172,0.6105813221946498,0.6105930396291624,0.6105815210974295
25,91,0.34112204820762165,0.32285648621724605,0.3360214655751323,0.6079686047211537,0.6081005666229164,0.6080171544436537
25,92,0.34244632624169297,0.31879615685971635,0.3387575168985907,0.623902452212653,0.6240997427777971,0.6238647914617935
25,93,0.3397751068065751,0.32144323167230887,0.33878166152111605,0.6120286328380862,0.6118924128510836,0.6119508829531709
25,94,0.3341716024367419,0.32602998933145005,0.33979840823180807,0.615046038274932,0.614749094222882,0.6148424687586714
25,95,0.3304195351204424,0.32845503058755765,0.341125434292,0.6202859022143883,0.6201015545853514,0.6201199970968054
26,0,0.31707446809791423,0.3390466627178545,0.34387886918423133,0.6060745734177463,0.6053147439967049,0.605545619801945
26,1,0.2991125564876509,0.3464531639917793,0.3544342795205699,0.6330455074040466,0.632178707975159,0.63208290088149
26,2,0.2879718535163116,0.3525515867161992,0.3594765597674893,0.6148342634418988,0.6141861082496217,0.614211299735011
26,3,0.2909171344259584,0.3572284556745668,0.35185440989947486,0.59692332172054,0.5967989611463518,0.597151354755812
26,4,0.306223039034279,0.32985439034028735,0.3639225706254338,0.6213647945200607,0.6226401864964353,0.6214638925864587
26,5,0.40117341916649385,0.22506076063176195,0.3737658202017442,0.6040195267475764,0.6108330204995011,0.6064802549263205
26,6,0.4867735035398565,0.16337040845320236,0.3498560880069412,0.6195911145451874,0.6253388126280319,0.6223039483746032
26,7,0.4788642730413713,0.1591918924495789,0.3619438345090498,0.6220147702213356,0.6227401407089866,0.621610000133765
26,8,0.5082778039196391,0.16093740354535044,0.33078479253501053,0.611115182780811,0.6122393526782824,0.6127661513547354
26,9,0.5289189786419563,0.17162770368794922,0.29945331767009464,0.63850684662382,0.6388502805597502,0.6401126207683094
26,10,0.5353981373920206,0.178576069802334,0.2860257928056454,0.6046326112332882,0.6049144469863985,0.6054523403164159
26,11,0.5261831154782964,0.18542516147424878,0.2883917230474548,0.5975948685679517,0.5975653977970314,0.5975690750521963
26,12,0.510173466184224,0.21710939586407144,0.27271713795170455,0.6186023596050791,0.6171080363840231,0.6191034136028088
26,13,0.5144947541792281,0.22404085504706045,0.2614643907737114,0.5908700337130095,0.59101314522425,0.5916528839730724
26,14,0.5067703598955872,0.23516209016871878,0.25806754993569403,0.6122284809974003,0.6119296827047236,0.6124883264213328
26,15,0.5105403391849104,0.2286684240804074,0.26079123673468213,0.5881820094974944,0.5888933796353796,0.5884275592577511
26,16,0.48739047167512456,0.24766708675953125,0.2649424415653442,0.6027188540617702,0.6017499865796033,0.6023508068013086
26,17,0.4832163075535973,0.24891179438128813,0.26787189806511463,0.6094701334486173,0.6096216819838557,0.6095193358125317
26,18,0.45138840876537634,0.2711587267737836,0.27745286446084017,0.6023291214994656,0.6010088642965514,0.6015010345621818
26,19,0.4361700457532792,0.2828343209691252,0.28099563327759564,0.6136871048486322,0.6131057829292083,0.6134039136517045
26,20,0.43427313296321585,0.28316514154627004,0.2825617254905141,0.6056214263008616,0.6057472816895757,0.6057045143741321
26,21,0.40997567528315176,0.2968249462637314,0.29319937845311694,0.5982033954089714,0.597293544359036,0.5974012926504831
26,22,0.42452203043123804,0.28186756215469966,0.29361040741406236,0.6019681462697315,0.6030096788364696,0.6024575288737835
26,23,0.42293515901169415,0.28028722487857516,0.29677761610973086,0.6009764852557942,0.6011727633665628,0.6009797852264658
26,24,0.4314771552004114,0.273991278441538,0.29453156635805067,0.6041603289272741,0.6047840258454281,0.604594953665351
26,25,0.4289028462817219,0.2754249638518489,0.29567218986642935,0.6087446271299717,0.6088242870695215,0.6088008558611565
26,26,0.4077210648515342,0.2886049815838561,0.3036739535646097,0.5906819410779516,0.5898573372645567,0.5900322245149788
26,27,0.4010270276865653,0.29513651180168365,0.30383646051175117,0.593250358590406,0.5929929440845553,0.5931969950388958
26,28,0.39368268246641197,0.2999068427680447,0.3064104747655435,0.600726921429707,0.6004988542652631,0.6005643421370443
26,29,0.3856166492384065,0.30465495617746247,0.3097283945841311,0.5995801501072143,0.599317668286762,0.5993590814013556
26,30,0.37134679721757907,0.3162914705812282,0.31236173220119284,0.5932514514378172,0.5925686371922102,0.5928647047497726
26,31,0.36584534487716924,0.32347400316034824,0.31068065196248257,0.5975995373377412,0.5972785061298751,0.5975758457565874
26,32,0.3560496194482552,0.33077252487788733,0.3131778556738575,0.5923451158619211,0.5918822239232922,0.5920503944380595
26,33,0.34677649862748233,0.339511048025461,0.3137124533470568,0.5902948417597792,0.5897792853724966,0.5900587675308294
26,34,0.3474484660212405,0.33924877659330394,0.31330275738545565,0.5992826375862725,0.5993199774574408,0.5993613805893785
26,35,0.34258669001008896,0.34348028091851074,0.3139330290714003,0.5925236945947077,0.5922576989820402,0.5924020305374211
26,36,0.3246864180611006,0.35693446188978184,0.31837912004911767,0.5839115596183159,0.5829496563473894,0.5832432980198007
26,37,0.32167054857245353,0.3588859341707589,0.31944351725678755,0.5901974484094666,0.590002066048616,0.5900739568885688
26,38,0.32274541136896767,0.3560230666107966,0.3212315220202358,0.593985418870549,0.5940561576670893,0.593965120102918
26,39,0.3126399387904812,0.3593155847685481,0.32804447644097073,0.5853294828165648,0.5848580000614292,0.5847792886394615
26,40,0.3067468524861509,0.36241054224262903,0.3308426052712201,0.5868559249228545,0.5865059593611006,0.5865455826285502
26,41,0.30789236960161137,0.36116818742953943,0.3309394429688493,0.5966283086742558,0.5966292088780683,0.5966292094658604
26,42,0.31098119458179213,0.35923035696119116,0.32978844845701677,0.5927852739214615,0.5928751552811236,0.5928928229210406
26,43,0.31241613866015294,0.3576211645326749,0.3299626968071723,0.5904448989356119,0.590476121413604,0.5904604900699372
26,44,0.31153350242325223,0.3573326692910683,0.3311338282856796,0.5892124533568743,0.5891315114582201,0.589120643616074
26,45,0.3100778932280984,0.3576147918164949,0.3323073149554068,0.5879897980166159,0.5878717963046882,0.5878756957812842
26,46,0.31173323603941056,0.35633750563252914,0.3319292583280605,0.5949245219633374,0.5949542796955791,0.5949602962824327
26,47,0.31324878228436825,0.35403940770554854,0.3327118100100832,0.5947282651733732,0.5947871776611992,0.5947256157670587
26,48,0.3105704193582094,0.3549377048068387,0.334491875834952,0.5884428167375665,0.5882721906090983,0.5882695511593599
26,49,0.315981087973308,0.3519197604362986,0.3320991515903935,0.601352078587574,0.6015624881305182,0.6015738884441463
26,50,0.3142372992654097,0.3520105679189181,0.3337521328156722,0.590775237036506,0.5906669129323203,0.5906427506988113
26,51,0.3180499687835272,0.34978782182491197,0.33216220939156094,0.598457523733834,0.5985993659610216,0.5986061395700654
26,52,0.31887798514474697,0.3503602690501023,0.3307617458051508,0.6016578100519776,0.6016258746640091,0.6017094139987814
26,53,0.321392253533278,0.3488420442309689,0.3297657022357532,0.5985340185476551,0.5986198572050601,0.5986310435991491
26,54,0.3198829190570168,0.35011571158455945,0.33000136935842384,0.5960302331244779,0.5959068821466726,0.5959618538610705
26,55,0.3213328996822772,0.3478963582717812,0.33077074204594165,0.5961909135739258,0.5962646664884554,0.596199735081518
26,56,0.32149975278023607,0.34720028854645013,0.33129995867331374,0.5944181676222634,0.5944094104280112,0.5943937804573449
26,57,0.3225598821550645,0.3448655776111237,0.3325745402338119,0.5895571379733064,0.5896279368090674,0.5895378717808547
26,58,0.3217190801513982,0.3450582722759625,0.3332226475726393,0.5918414317697347,0.5917787165933317,0.5917800137544896
26,59,0.32057439383558245,0.34533109865083383,0.33409450751358377,0.5985292494015785,0.5984526953505122,0.5984488300658033
26,60,0.32229873048882335,0.343240125672637,0.33446114383853964,0.5987063015806225,0.5987927402714845,0.5987323159821624
26,61,0.32393154262809054,0.3417834748238301,0.3342849825480794,0.5974854194527034,0.5975546831521878,0.5975271028086161
26,62,0.32410848691882443,0.33964557693287817,0.33624593614829745,0.5860890293571456,0.586136403896899,0.5860195569564647
26,63,0.3289423987393205,0.3352000082327884,0.3358575930278912,0.5949506973094575,0.5952221165780955,0.595101058258856
26,64,0.3301427621282068,0.3342074595441813,0.3356497783276119,0.5936366285369773,0.5936972707291823,0.5936719085509407
26,65,0.3319258361622001,0.33051404964996256,0.3375601141878374,0.6007526039307743,0.6009194951692035,0.6007422947851292
26,66,0.3330792559496672,0.3287135752168174,0.33820716883351537,0.5955555534240682,0.5956507528670522,0.5955643763797429
26,67,0.3323267740392802,0.32921949694118524,0.3384537290195347,0.5922317466476493,0.5921979430815023,0.5921938049463229
26,68,0.33095508520018035,0.33121348968057784,0.33783142511924186,0.6037211200606176,0.6036190267486028,0.6036890877707968
26,69,0.33219443239928903,0.33002657567249233,0.3377789919282186,0.5926708608435785,0.5927470572419078,0.5927024472933262
26,70,0.3320623967160519,0.330317482005584,0.3376201212783641,0.5986244605694432,0.5986140227822269,0.5986178750500759
26,71,0.3321086214912026,0.3304099375170176,0.33748144099177974,0.5994172832304562,0.5994181617921623,0.5994157104289726
26,72,0.33094094626643034,0.33029586892067825,0.3387631848128915,0.6038099646392643,0.6037790674263297,0.6037265405330429
26,73,0.3301265367197781,0.3310473637503759,0.338826099529846,0.5979414314884113,0.5978928220018493,0.5979034589021508
26,74,0.32897280681388397,0.3321237174429328,0.33890347574318325,0.5987056436704181,0.5986339159119013,0.5986552066565187
26,75,0.32906517386842815,0.3310003949493306,0.3399344311822412,0.6022459383069266,0.6022800021524067,0.6022040335805854
26,76,0.3264424511652127,0.33321236384623815,0.3403451849885492,0.6016895677869439,0.6015337523650647,0.6015790028706507
26,77,0.32365410439458847,0.3352967213241523,0.34104917428125936,0.6072442595523992,0.6070802763700418,0.6071145525334263
26,78,0.3193102843993123,0.33763036226361703,0.34305935333707066,0.610427403772777,0.6101978293485038,0.6102015085603458
26,79,0.3169472845933094,0.3392727620774845,0.3437799533292062,0.605349794967405,0.6051963262342074,0.605218173187653
26,80,0.3095152881217691,0.34511227660005683,0.34537243527817413,0.6132574416084628,0.6128002800839257,0.6129243968224969
26,81,0.307999406837723,0.3457273617634046,0.34627323139887256,0.6044138117880734,0.604294566351258,0.6042856534921861
26,82,0.3053272261729958,0.3474978372920173,0.347174936534987,0.6058648358662826,0.605667895431277,0.6056933627792993
26,83,0.3012730277271505,0.35070519524365334,0.34802177702919623,0.6098268095533596,0.6095321303602375,0.6096028810827632
26,84,0.2999752184383563,0.35113421772832815,0.3488905638333156,0.6060891751029307,0.6059620039355225,0.6059519942695529
26,85,0.29037030310120565,0.35723303107168247,0.3523966658271121,0.6192279185331409,0.6186349931038875,0.6187128541662694
26,86,0.2855980931395126,0.3612030384956415,0.3531988683648459,0.6096203757496347,0.6092357644736583,0.6093327772056948
26,87,0.28445361103429745,0.3617017145648361,0.3538446744008664,0.6107804168214928,0.6106154330477175,0.6106199942906436
26,88,0.27640480501099685,0.36905879889884097,0.3545363960901623,0.6148528355223086,0.6142300664153004,0.6144282209190276
26,89,0.271727799995917,0.37278527037030745,0.35548692963377565,0.6102096612388268,0.609790909522087,0.6098837933338064
26,90,0.2715235586946011,0.373265018389046,0.3552114229163529,0.6075938189931342,0.607424890322172,0.6074655246143091
26,91,0.264287820758611,0.3805045632574989,0.35520761598389006,0.6163656298093629,0.615732357000334,0.6159520679346749
26,92,0.27502857298815175,0.3701227836883762,0.35484864332347205,0.6095216552793951,0.6100584392775564,0.6098090190836152
26,93,0.27547702109453553,0.36969153793415016,0.35483144097131447,0.6111326307960993,0.6110237138329271,0.611029199840207
26,94,0.29255102584303294,0.3530635311214473,0.3543854430355199,0.6119307811420764,0.6129057187220969,0.612456531086109
26,95,0.291626904608715,0.3465312219137456,0.36184187347753943,0.6277635425770975,0.6278382888087656,0.6274253426347091
27,0,0.2947799724831923,0.34553107200633526,0.35968895551047236,0.6109167867880964,0.6109795401997387,0.610993541976453
27,1,0.2967113766635385,0.34284040462061294,0.36044821871584876,0.6164863071087342,0.6165627238319202,0.6164424818401193
27,2,0.29716007495795227,0.3404517190474058,0.36238820599464194,0.6205228746201134,0.6205446098878293,0.6203948340629164
27,3,0.2900550162347222,0.34174226870666813,0.3682027150586097,0.6170093523594734,0.6166523465695198,0.6165000535398644
27,4,0.27998926671516533,0.34149481852440455,0.3785159147604302,0.6504756167454108,0.6500343822252597,0.6497087600795111
27,5,0.16884263786382223,0.3942217375762326,0.4369356245599452,0.6211128577393275,0.6141101523522597,0.6140744033385933
27,6,0.11773380717187501,0.4052897071135332,0.4769764857145918,0.6298618003188802,0.6250556867476517,0.624401606231181
27,7,0.08589833400868305,0.4126213087638856,0.5014803572274315,0.6249330021975138,0.6201520822460118,0.6197677466000439
27,8,0.056709784181503506,0.404093701310871,0.5391965145076255,0.6109642461784552,0.6045106949816567,0.6034863092687801
27,9,0.057314154001281044,0.39544929307779,0.547236552920929,0.6375991126618487,0.6354540186043433,0.634987492463071
27,10,0.05784098758267376,0.39392953511823015,0.5482294772990961,0.6280584164144923,0.6257522718563252,0.6255914554228242
27,11,0.060242918617505914,0.39702600887749884,0.5427310725049952,0.6152639241119423,0.6132815379058634,0.6133620348715838
27,12,0.06739677703654189,0.3987805413398204,0.5338226816236377,0.6109209742075741,0.6100065553401471,0.6101236376094942
27,13,0.07120571495662747,0.4027124883459712,0.5260817966974013,0.6116504072108384,0.6102469453424983,0.6104062062727487
27,14,0.07345792105326349,0.40934630647633424,0.5171957724704022,0.6158750769510803,0.6142377221965923,0.6144971713787792
27,15,0.07298322551697381,0.4209767547639425,0.5060400197190837,0.5931849411360629,0.5910292038524803,0.5914692017096713
27,16,0.08402308382101287,0.4167963486708219,0.49918056750816525,0.6320196207651594,0.6320314198359247,0.6320103432923175
27,17,0.08914203523893027,0.42498239705631696,0.48587556770475276,0.6014210055374284,0.6004299685935622,0.6008516054465581
27,18,0.09570015777624918,0.43381902758997215,0.4704808146337787,0.6045045886580372,0.603742029491989,0.6042435951114337
27,19,0.10395049653354196,0.4294694868176435,0.4665800166488146,0.6197260543806069,0.6195271037664866,0.6194825658571314
27,20,0.11090742441693924,0.42747768899220895,0.4616148865908519,0.6183299046759287,0.6179973329439673,0.6180325805330641
27,21,0.11791536412791957,0.43083034541510173,0.45125429045697873,0.614221593234999,0.6138130696872083,0.6141028537989155
27,22,0.12233656456722912,0.44008657529200185,0.437576860140769,0.6044688697829396,0.6037232343593374,0.6042454947890069
27,23,0.12266712431819549,0.4473659017555332,0.4299669739262714,0.6075681358832847,0.6065280350589496,0.6068807371685765
27,24,0.1271474823256041,0.45176320566750144,0.4210893120068944,0.6113830487893099,0.6107835401839121,0.6111135389274357
27,25,0.1287041550149186,0.4622728132293127,0.4090230317557687,0.6024105648440125,0.6014496269819702,0.6020114720317202
27,26,0.14307354915587311,0.4610019379553607,0.39592451288876623,0.6188973589070463,0.6192546499942393,0.6196047162073779
27,27,0.1482407820520239,0.4711993345353512,0.3805598834126249,0.6007043184940116,0.6001429456170997,0.6008314500319807
27,28,0.15059985585985333,0.4815631415013229,0.3678370026388238,0.6030046446227847,0.6022574363250339,0.6029089493026525
27,29,0.15624794323960234,0.49059186048554154,0.3531601962748562,0.6054515006412243,0.6049781962441477,0.605687225857516
27,30,0.16027943224878743,0.500580081951069,0.33914048580014367,0.603142819257995,0.6025593493724738,0.6033052329545092
27,31,0.15880771067202942,0.5129642449637124,0.3282280443642581,0.5983590847417796,0.597369810467516,0.598101992174041
27,32,0.16548068996297827,0.5206092444427798,0.313910065594242,0.6045179320828774,0.6041641112293079,0.6049435090462898
27,33,0.1739449415312742,0.5229157891105999,0.30313926935812596,0.6080276058518583,0.60790885660143,0.6085056410761054
27,34,0.17997336344511172,0.5374629802912725,0.28256365626361585,0.5959797335785961,0.5954947156124613,0.5967186166595716
27,35,0.18059873899440831,0.554563281227454,0.2648379797781375,0.5954613104718953,0.5946260910912416,0.5958774022771588
27,36,0.18225608808645366,0.5610996412295778,0.2566442706839685,0.600890962456686,0.6003131120501825,0.6010558640797776
27,37,0.18097235241277082,0.5752117710604574,0.24381587652677175,0.595641609452533,0.5947581995514956,0.5958677220986555
27,38,0.18062782354235704,0.5844131822500207,0.23495899420762226,0.5934293270333204,0.5926816636756804,0.5935859207653235
27,39,0.17978070994488418,0.5939792883145262,0.22624000174058959,0.5912717865908265,0.5904845173886046,0.5914292441116815
27,40,0.1803334095309183,0.6024751972073276,0.21719139326175416,0.5925909825506427,0.5919009375742511,0.5928865840293102
27,41,0.1788706497312036,0.6123862127876438,0.20874313748115264,0.5900733752309522,0.5892392006227521,0.5902666572469385
27,42,0.17796074225000147,0.620253246072837,0.20178601167716143,0.5896641740798466,0.588888581582897,0.5898508051737498
27,43,0.1774107408625394,0.6290607250797738,0.19352853405768666,0.5861107599337589,0.5853359223410939,0.5864258084954028
27,44,0.17640244962449578,0.637381418060132,0.18621613231537218,0.5841905201828003,0.5833912870235399,0.5844729017118815
27,45,0.18610118139376886,0.620269482482205,0.193629336124026,0.6024291472003319,0.6026772239365593,0.602542095476615
27,46,0.18800693122428644,0.6216689576308128,0.1903241111449007,0.5900559006551896,0.5895837584791226,0.5903200654287816
27,47,0.1881720933637078,0.6258336404313435,0.18599426620494852,0.5869163547194036,0.5863060443078689,0.5871647744217912
27,48,0.19309575187246675,0.6193191226241879,0.18758512550334533,0.5949641494196312,0.5947978722774608,0.5951604978551539
27,49,0.19905731044531377,0.6084693071578126,0.19247338239687353,0.5963826275162781,0.5963620135506319,0.5964556177908376
27,50,0.2053296540273243,0.5960463368596056,0.19862400911307007,0.5965178744642304,0.596561247814023,0.5965385416676476
27,51,0.20947526464323107,0.587920457032477,0.20260427832429195,0.5924031996754735,0.5922851836830805,0.5924292430341926
27,52,0.2168993409165943,0.5721001016520346,0.21100055743137106,0.60022693818318,0.6004243648594159,0.6001886583159357
27,53,0.22350901214156182,0.5572127578492639,0.21927823000917415,0.6012035043669953,0.6013710881139265,0.6011319132726132
27,54,0.22756299715675057,0.5483932942213546,0.2240437086218947,0.5972400398943435,0.5971992726459335,0.59721520227303
27,55,0.23077557680441968,0.542444811139293,0.2267796120562873,0.5903561412347319,0.5902374402598015,0.5903864530199602
27,56,0.23738125631823095,0.530694226295918,0.23192451738585104,0.6002519154408548,0.6004092470501138,0.6003247056969667
27,57,0.242328575529957,0.5214776556650169,0.23619376880502613,0.5982990315225936,0.5983543595244074,0.5983389946871011
27,58,0.24525424827828618,0.5144341298971172,0.2403116218245966,0.5939883929111974,0.5939294521297047,0.5939481459425482
27,59,0.24667685350731447,0.5084886879892409,0.24483445850344465,0.5960387532842146,0.5959047270913373,0.59591470724409
27,60,0.2498808359896423,0.5015846915235208,0.24853447248683694,0.5947344448819374,0.594703814790687,0.5947167498017255
27,61,0.2509925348181167,0.4964060757930789,0.25260138938880433,0.5955220801238231,0.59537954751465,0.5954003596709341
27,62,0.253956359724738,0.48951030785340666,0.25653333242185533,0.6001058163935379,0.6000834813630938,0.600062832120194
27,63,0.25840448968909463,0.4813402451524078,0.2602552651584977,0.5979008167920171,0.597978335741862,0.5979262971368673
27,64,0.2623939014814034,0.4747262938535506,0.26287980466504607,0.5888854931249801,0.5889256375546594,0.5889373079510289
27,65,0.265136714129998,0.4687496003582871,0.2661136855117149,0.5983003247807814,0.598289387427844,0.5982799788213182
27,66,0.2657675647771764,0.4650128495173219,0.26921958570550175,0.599783254363069,0.5996492690106693,0.5996837834443665
27,67,0.26834495941343256,0.45923567725707337,0.2724193633294941,0.5950720915216026,0.5950651677708033,0.5950421393965013
27,68,0.2715479762301719,0.452976363961512,0.27547565980831623,0.6049394789007503,0.6049778626128178,0.6049387433266091
27,69,0.26976005171374606,0.4524988370166975,0.2777411112695565,0.5994506832515556,0.5991743642748975,0.5992868483868549
27,70,0.2731926369369697,0.4469899079766567,0.2798174550863737,0.600230877505444,0.6002699234212326,0.600269933306717
27,71,0.2734381109302841,0.4464053800788545,0.28015650899086153,0.6099965769249521,0.609809672104284,0.6099803875312626
27,72,0.2765721676981782,0.44252263975106704,0.2809051925507548,0.6043370435770289,0.6043384379058061,0.6044160173192086
27,73,0.2735472581449115,0.4448648355085617,0.28158790634652675,0.6086678609464113,0.6082974762658002,0.6085180686936511
27,74,0.27070497750913747,0.4494014662279267,0.27989355626293594,0.6108915529430509,0.6104689884398056,0.6108293917702362
27,75,0.2712246372552056,0.44754491015329667,0.2812304525914979,0.6050482133378103,0.6048945359221473,0.6050002023899425
27,76,0.2728642424321811,0.446346445047493,0.280789312520326,0.6078184358758985,0.6076954455721045,0.6078789996558559
27,77,0.2723507504688729,0.44584979191472335,0.28179945761640385,0.606221877898364,0.6060034343913594,0.6061487969209174
27,78,0.27850481076338596,0.43813995176255155,0.2833552374740625,0.6041183587134333,0.6043233493615363,0.6042776012483596
27,79,0.27829115288763795,0.437435082375643,0.2842737647367192,0.6060114050832941,0.6058270656201925,0.6059601141929921
27,80,0.2789548352937053,0.4343409656967533,0.28670419900954136,0.6048751614102801,0.6047808517111875,0.6047994349813512
27,81,0.28252341816858206,0.4306367130683361,0.28683986876308193,0.6104617102280172,0.6104949933108115,0.610576174254966
27,82,0.2840750844436493,0.42817178369092856,0.28775313186542223,0.6072587057933087,0.6071962274178313,0.607274999548607
27,83,0.28778619463870053,0.4234476397148144,0.28876616564648516,0.6067253368918074,0.6068019794484696,0.6068182337318541
27,84,0.2885709039389517,0.42056289644622935,0.2908661996148191,0.6076271219782232,0.6075623870470557,0.6075778279773464
27,85,0.2870660223408858,0.4230533164750209,0.2898806611840932,0.6183273628664729,0.6180509654709846,0.6183039910729843
27,86,0.2873069540901586,0.4224909133050228,0.2902021326048187,0.6200067594413194,0.6198642760626994,0.6199989053806907
27,87,0.2863045503843168,0.42482290388194943,0.28887254573373383,0.618450851312114,0.6181929697171306,0.6184572070078961
27,88,0.2867255853632291,0.42328407023562337,0.2899903444011475,0.6133616773118945,0.6132467880807869,0.6133319168628293
27,89,0.28860080705228197,0.4184120189578493,0.2929871739898687,0.6099803122643855,0.6100027871551793,0.6099349829173346
27,90,0.2819590676835177,0.42954421747380234,0.28849671484267997,0.6245108178021844,0.6238357383776779,0.6244204935442931
27,91,0.2819699807445478,0.42861490156070914,0.2894151176947431,0.6164694909575247,0.6163126208112648,0.6164245302132448
27,92,0.2862941092159704,0.4225369035921857,0.2911689871918439,0.6129385991992311,0.6130675664792118,0.6130216819479096
27,93,0.2927010491776028,0.40946813940448845,0.29783081141790874,0.6080833891605052,0.6084752538646482,0.6080697588360224
27,94,0.30216858771098803,0.39603391889404604,0.301797493394966,0.6125833753392298,0.613119683416825,0.6127700052408445
27,95,0.30215820240655017,0.39564326998378146,0.30219852760966864,0.6158291051736252,0.6157233614071308,0.6158154166342754
28,0,0.30262937310057414,0.3954100619683856,0.30196056493104034,0.6332218219103284,0.633129012815983,0.6332463657960475
28,1,0.3021476434259492,0.3956789080181166,0.3021734485559343,0.6086882921637243,0.6085502450071705,0.6086652718746894
28,2,0.30617753145259013,0.38956467236544345,0.30425779618196647,0.6158745286438488,0.6160597050852543,0.615941333827488
28,3,0.29850303742390283,0.39452739650747554,0.3069695660686216,0.6330633665874762,0.6325626986141208,0.6327070867030942
28,4,0.29572006764446623,0.3953206117777449,0.30895932057778885,0.6273698805253188,0.6271304725896669,0.6271901193422158
28,5,0.2916747149108838,0.39727119436905517,0.311054090720061,0.6266724919453927,0.6263510927208573,0.6264355053370187
28,6,0.29463332629320643,0.39242428179544653,0.31294239191134715,0.6110060892305185,0.6111049999168966,0.6110170572338453
28,7,0.2755011530235071,0.41297006405669184,0.3115287829198012,0.6391536706380749,0.637793570395225,0.6384652102418562
28,8,0.27996366529038724,0.41123272360942265,0.30880361110019017,0.6412937562820997,0.6413283193330639,0.6414927717875353
28,9,0.2862307463244882,0.40535188922853616,0.3084173644469758,0.6249930399313751,0.6252069844855576,0.6251896472525112
28,10,0.2764921002012146,0.41597331587545905,0.30753458392332644,0.6324941278430557,0.6317103044267622,0.6321224065766248
28,11,0.2905264086087116,0.39938747544750186,0.31008611594378654,0.6023097288325545,0.6030733367748353,0.6026900255877363
28,12,0.2927267614821879,0.39657045384990247,0.31070278466790974,0.6236737823833518,0.6236880610993689,0.6237000609293936
28,13,0.3126187896809295,0.3678159357983563,0.31956527452071437,0.6088949479839734,0.6102343076707142,0.6092608627522946
28,14,0.3134946861930983,0.3664644107230666,0.32004090308383515,0.6234972494265344,0.6234940369387424,0.6235007043695412
28,15,0.3173614433717839,0.36098674714762463,0.3216518094805915,0.6063317257976826,0.6065487514274317,0.6063978922006451
28,16,0.31876067929316093,0.3594151732269428,0.3218241474798963,0.6135547496300288,0.6135900350988343,0.6135889708240219
28,17,0.3223129950386266,0.3559874903092696,0.3216995146521038,0.6111931269188619,0.6113564935914246,0.6113086999800171
28,18,0.317371063146907,0.35823850446053035,0.32439043239256277,0.6052455302419897,0.6049749567950206,0.6049976370279359
28,19,0.31551918646433275,0.35655534969267605,0.3279254638429913,0.6169878963025492,0.6169226481330581,0.6168032655271054
28,20,0.313153040149229,0.3573088328154585,0.32953812703531254,0.612673981715226,0.6125193613916818,0.6125261781376155
28,21,0.30975841728398157,0.3590152658898586,0.33122631682616,0.608773744304021,0.608551733364827,0.6085827171170971
28,22,0.32177450428853915,0.3463578790780463,0.33186761663341463,0.6051525599343799,0.605859514643692,0.6054998391819898
28,23,0.3173393358982895,0.34815868315159915,0.33450198095011136,0.6077798661789162,0.6075480408397856,0.6075381204686559
28,24,0.31860900197481723,0.3472045880988967,0.3341864099262861,0.6140298671050369,0.6140590845183469,0.6140576235702149
28,25,0.3141302216915362,0.34460004165434516,0.34126973665411864,0.6120524845516525,0.6119446451616997,0.6116637793956128
28,26,0.3153914371245853,0.34765034009571505,0.3369582227796997,0.6078018178409829,0.6077103248762467,0.6079390493580055
28,27,0.31593135941013684,0.3482512921862523,0.33581734840361094,0.6049037491542952,0.6048602185081452,0.6049270783091253
28,28,0.3119875356731361,0.35000603443217126,0.33800642989469265,0.6075908769477291,0.6073635935107933,0.607363827741069
28,29,0.3021422407800939,0.3627279033128623,0.33512985590704375,0.5990358250126909,0.5982765217148459,0.5987524569120781
28,30,0.2919272387962631,0.3759930674877023,0.33207969371603474,0.6003638346862101,0.5995476228571924,0.6000500095058969
28,31,0.2851069623744011,0.38399199905497894,0.3309010385706199,0.6001496750896479,0.599569352628199,0.5998769127692951
28,32,0.28230364335186364,0.387898818725905,0.3297975379222315,0.6042037741362386,0.6038612957331597,0.6040627622322265
28,33,0.27257531504084437,0.40032176908198575,0.32710291587716994,0.5951080865434134,0.5942691714278695,0.5947487031632822
28,34,0.26408462387526616,0.40892568109839383,0.32698969502634007,0.5964093493263106,0.5956819635905167,0.5959881758393242
28,35,0.25872830082611564,0.4149127193797367,0.3263589797941476,0.5984354985367376,0.5978700796213311,0.5981308737842594
28,36,0.24741168174996803,0.42794461647668125,0.3246437017733508,0.5920144684062504,0.5910056092648891,0.5914768254304809
28,37,0.24298607929775645,0.4328846555435375,0.3241292651587061,0.595999002869018,0.5954364408876063,0.595680957312411
28,38,0.2279873065687084,0.4503391394657005,0.3216735539655912,0.586698558460921,0.5853450485558207,0.5859468318830242
28,39,0.21582558633802804,0.46251286438814665,0.32166154927382534,0.5888732906633629,0.5876914603147789,0.5880975439509429
28,40,0.2163888108908196,0.4599858129715209,0.32362537613765957,0.5977009633312286,0.5974184655233726,0.5974372675597264
28,41,0.20999506269209883,0.46635236245398715,0.3236525748539141,0.5884069027996907,0.5875805456043462,0.5878559077851768
28,42,0.20644583378556056,0.4673067063586001,0.3262474598558393,0.5940799250525567,0.5934870013132251,0.5935633405346529
28,43,0.20896232293832892,0.46332418709178746,0.3277134899698837,0.5953332711531376,0.595149523586882,0.5951501452872251
28,44,0.21362094881877197,0.45575753240466815,0.33062151877655993,0.597992249027561,0.5980079380741562,0.5978767893160398
28,45,0.22316747979685525,0.44541780138410736,0.33141471881903745,0.6009719611563461,0.6013068630294535,0.6011667758384145
28,46,0.22876249580520053,0.4380502614568199,0.33318724273797945,0.6002017623361069,0.6003064315161668,0.6001917752891124
28,47,0.23328188019510557,0.4330624250250751,0.33365569477981943,0.6009362213079981,0.600953219600056,0.6009256652748661
28,48,0.234845581909728,0.43119508668002204,0.33395933141025,0.5997650989046076,0.5995877211083308,0.5996345624322267
28,49,0.23858086976901294,0.4294358172525551,0.331983312978432,0.6046635058612454,0.6045862010781266,0.6047050552109953
28,50,0.24821650464126008,0.4202639145204519,0.331519580838288,0.6029677527129568,0.603335429638941,0.6032270988012266
28,51,0.25030893631756396,0.4184988841843013,0.33119217949813484,0.6045414215229942,0.6044298190322663,0.6044901705840849
28,52,0.2526827445063016,0.41526270893137546,0.3320545465623229,0.6023132915307867,0.6022560179047322,0.6022410607560442
28,53,0.2550809046172781,0.41229382833921613,0.3326252670435058,0.5994828229258341,0.5994278489609688,0.5994243013680839
28,54,0.2565458545012415,0.4099934118917788,0.33346073360697975,0.600949590481175,0.6008469639567885,0.600848198972195
28,55,0.25951982577897365,0.4076508798369637,0.33282929438406267,0.605701011247439,0.6056664530471465,0.6057091678897505
28,56,0.2619111019752213,0.4048790760618841,0.3332098219628946,0.6000664106094533,0.6000269587371865,0.6000254007654453
28,57,0.26989588219711846,0.39953934113198686,0.3305647766708948,0.617032984841787,0.6172883535280481,0.6173120941189342
28,58,0.26900211896332105,0.4000312012480299,0.330966679788649,0.6302582848603209,0.6300328201906141,0.630109686300023
28,59,0.26388695879340957,0.401180239234481,0.3349328019721095,0.6254745652179939,0.625062104096076,0.6250441465391054
28,60,0.26096313217370376,0.40263791616699907,0.33639895165929734,0.6256980234731205,0.6253508799823042,0.6254153539835494
28,61,0.2636876543197741,0.4014944685346659,0.33481787714556005,0.633535108716439,0.63347490163404,0.6335664921455488
28,62,0.27089275770740323,0.3959495870311309,0.3331576552614659,0.6148171726874841,0.6150534721784255,0.6150341176895848
28,63,0.2710231769046033,0.3975722898578139,0.331404533237583,0.6294418336995771,0.6292321559331336,0.6293996742318124
28,64,0.2631117464911688,0.4015100348687016,0.3353782186401296,0.6280961575122362,0.6275075834839455,0.6275591466607813
28,65,0.2607541715745157,0.39957826373402777,0.33966756469145654,0.6325327742123894,0.6322938647021645,0.6321834303621017
28,66,0.2714445877310504,0.389465230443828,0.33909018182512163,0.6263128472088315,0.6268059338057369,0.6266226896091951
28,67,0.2747959793795922,0.38240659129181265,0.3427974293285952,0.6009278380994806,0.601082034241844,0.6008348353426147
28,68,0.2702673030970589,0.38259062986075065,0.3471420670421905,0.6018143411460577,0.601482667113227,0.6014007776870062
28,69,0.27355671297531164,0.3806563924551113,0.3457868945695771,0.6035102979443187,0.6035298507251261,0.603557238066851
28,70,0.27511261810998044,0.37792259715790333,0.3469647847321163,0.6079831999019983,0.6079657560616253,0.6078943943364221
28,71,0.2746413240878745,0.3770444077330467,0.3483142681790789,0.6019729410567007,0.6018327986641885,0.6018028875476094
28,72,0.2785446951705483,0.37493569184002673,0.346519612989425,0.6113495249602504,0.6114102635769535,0.6114380080692996
28,73,0.27761515964706096,0.3743301044805479,0.3480547358723912,0.600677274648726,0.6005223849689203,0.6004916798043176
28,74,0.2803942538525393,0.37268356895740073,0.34692217719005997,0.613376675478621,0.613389787633482,0.6134076083238682
28,75,0.28192757422237846,0.37226229714219294,0.34581012863542865,0.6097963900186678,0.6097349886076924,0.6097860154881569
28,76,0.2800695677767989,0.3724882197730838,0.3474422124501173,0.6040092731591042,0.6038060963473092,0.603793547363493
28,77,0.2816091383524899,0.37157534329662517,0.3468155183508849,0.607707694055718,0.6076599379314276,0.607681720131448
28,78,0.2875895141788173,0.3692587293749123,0.3431517564462705,0.6130896399716097,0.6132486693081697,0.6133226523460271
28,79,0.2886747497803726,0.3690056076062636,0.34231964261336373,0.613837634474834,0.6137707194086768,0.6138192338700768
28,80,0.28429497338613513,0.37143277396484004,0.344272252649025,0.6121849665034562,0.6118445510440549,0.611884486059953
28,81,0.2852179849647067,0.37165012087277166,0.3431318941625217,0.613468484513584,0.6133745379875252,0.6134464736348403
28,82,0.2870824923091198,0.3717215567785089,0.3411959509123714,0.6167163644527499,0.6166623995897624,0.6167563216840907
28,83,0.2917234099080056,0.36951985971996526,0.33875673037202914,0.6192195300806933,0.6193326881396796,0.6193812067178661
28,84,0.2904724548839227,0.3714216543806008,0.33810589073547664,0.6194767933791412,0.6192716432891945,0.6193812603290846
28,85,0.29295788195556083,0.36911340789152985,0.3379287101529093,0.6095663614392429,0.6096098725130588,0.609589580319124
28,86,0.2909674554230783,0.37065476981767004,0.3383777747592518,0.6197714500629815,0.6195524509457345,0.6196187249873862
28,87,0.291127259440003,0.36973079014378946,0.3391419504162076,0.6169376413527541,0.6168602090063395,0.6168486012524385
28,88,0.28818369603659383,0.3690779697281493,0.3427383342352569,0.6264937940097932,0.6262974503926777,0.626204937974283
28,89,0.2881420335195368,0.36868259425000627,0.34317537223045697,0.6172915987182281,0.6171888315316288,0.6171950404912229
28,90,0.29036614567981694,0.36695957785817307,0.3426742764620101,0.6103666163127769,0.6103841337840346,0.6103803290324378
28,91,0.29793250552269984,0.3540678769920473,0.34799961748525293,0.6167484297502926,0.6172846638075798,0.6167800750150808
28,92,0.29848748266711306,0.3536903601898645,0.34782215714302245,0.6192746998860081,0.6192267084220437,0.6192281654098711
28,93,0.3006123962317758,0.3526883922448302,0.3466992115233941,0.6146700600571239,0.6146967915657447,0.6147079732755057
28,94,0.3053112632573367,0.35069764799996095,0.34399108874270246,0.6092194038856166,0.6093684937007648,0.6093984969868185
28,95,0.300911267591417,0.3550472409807853,0.34404149142779783,0.6125109491547386,0.6121676637292683,0.6123027323584466
29,0,0.29885799878080166,0.35648322990398523,0.34465877131521316,0.6108521061073162,0.6106633600549973,0.610699969810798
29,1,0.30271355862149724,0.35323060107645377,0.344055840302049,0.6206153711092652,0.6207654246597788,0.6207023922962421
29,2,0.3158932586934696,0.34202331807453645,0.3420834232319939,0.614522757535042,0.615235637518445,0.6149706332650763
29,3,0.3146555194067523,0.3432211145529947,0.34212336604025295,0.6008352634287363,0.6007219826178263,0.6007571527687543
29,4,0.32328888995001015,0.32711447383400416,0.3495966362159858,0.6351638113612641,0.6359097925140117,0.635184063533712
29,5,0.3210942219356835,0.3301418052190401,0.3487639728452763,0.6054776208889534,0.605304773715875,0.6053968907163545
29,6,0.3192432908795005,0.327888617622106,0.3528680914983936,0.6239418324459687,0.6239402990748539,0.6237229924322844
29,7,0.3470643851074279,0.29212487992425895,0.3608107349683131,0.6092537261952259,0.6113243717276495,0.6098505432652239
29,8,0.3361562893106576,0.29440176658205547,0.3694419441072871,0.6286217572614532,0.6282872129220707,0.6280265537157109
29,9,0.3296228954558189,0.2943478902182088,0.3760292143259723,0.6113598212916168,0.6112192089520195,0.6109316903190974
29,10,0.31769716831505546,0.29829013665276366,0.38401269503218105,0.6013834523837222,0.6009122380785198,0.6007247847710597
29,11,0.3204686402263118,0.3018109162307977,0.37772044354289064,0.629342252147727,0.6293403290786496,0.6295246412573775
29,12,0.30774490584796516,0.3095613041156083,0.3826937900364266,0.6345733475959837,0.6339118373187534,0.6339435839859645
29,13,0.29437903222368084,0.31246431856637746,0.39315664920994176,0.6266660233599901,0.6260995066329703,0.625826362982702
29,14,0.26219542848368965,0.3398871863081406,0.3979173852081698,0.6354452252439177,0.633316827501588,0.6339746312109193
29,15,0.2415205024967352,0.3430636192988789,0.4154158782043858,0.6129613307647507,0.6118646650683819,0.6114527780926475
29,16,0.22781308567980912,0.3459210527565712,0.4262658615636198,0.6138360024984233,0.6129454665937313,0.6126906192454916
29,17,0.2188196588135438,0.3534082526544053,0.42777208853205095,0.6380996947023396,0.6372232461186972,0.637329955825682
29,18,0.19777782732432744,0.36153604194495687,0.4406861307307157,0.6117138896353217,0.6101328490766293,0.6099900062937099
29,19,0.1777382576634129,0.36843207339155126,0.45382966894503585,0.6211828385203122,0.6194881893870405,0.6193084681421217
29,20,0.19385616241620732,0.3589818980173681,0.44716193956642475,0.622195959833657,0.6229685370128871,0.6227762152093902
29,21,0.19744570024304536,0.36040234659951426,0.4421519531574405,0.617458950101158,0.6172602898094887,0.6173372769924206
29,22,0.23771212247771667,0.34233936386401087,0.41994851365827246,0.6200121457498492,0.622190958829868,0.6221127280977112
29,23,0.23255346242335154,0.350044087560277,0.4174024500163715,0.6105294479527021,0.6098726360490715,0.6100883511869837
29,24,0.22663820823742697,0.35758972003726225,0.4157720717253107,0.6091909780229091,0.6084794352347135,0.6086744285039166
29,25,0.22577416113621077,0.3530017127153633,0.42122412614842597,0.6200794172922054,0.6199325387406966,0.6196058085654135
29,26,0.22057116245525524,0.35725082947348785,0.4221780080712569,0.6118108508986493,0.6111995125077617,0.6112334018480995
29,27,0.22029849496771664,0.35632175939860483,0.42337974563367864,0.6189805784653756,0.6187359378295272,0.6186162730220004
29,28,0.21765865315083674,0.3565190499665568,0.4258222968826065,0.6095573436735513,0.6091643975654486,0.6090454547971357
29,29,0.22750647895123974,0.3525602054857926,0.41993331556296765,0.6242739996916701,0.6245959596944428,0.6245567859759154
29,30,0.23237618568936702,0.35063192274935273,0.4169918915612803,0.6111704459297217,0.6112210352761895,0.611169870147145
29,31,0.2241068102044852,0.3605599462330428,0.415333243562472,0.6058367849314508,0.6049437023745863,0.6052091159370915
29,32,0.2269234681180026,0.35960907667333303,0.4134674552086644,0.609347917679386,0.609257131654647,0.6092226052633931
29,33,0.21606842163545287,0.3739263739887739,0.41000520437577326,0.596225666610936,0.5950539108626071,0.5954939100381091
29,34,0.21155940411647203,0.3798034154958041,0.40863718038772395,0.6074706418843869,0.6067916320674039,0.6069537698155788
29,35,0.20494736470043184,0.38538137455480076,0.4096712607447675,0.6039389460797318,0.6031347423704956,0.6032327203350033
29,36,0.1989373966400072,0.39115411762623287,0.40990848573376004,0.6033266830114535,0.6025114738653057,0.6026372319540496
29,37,0.19062161095871713,0.39789552497211694,0.411482864069166,0.5995274034187184,0.5985208653839386,0.5986412566477999
29,38,0.1870109292995733,0.4006883498050503,0.4123007208953764,0.601188761823781,0.6005008838422883,0.6005406808722664
29,39,0.18240523348844834,0.4053180372441156,0.4122767292674361,0.5987464007086183,0.5979306194359861,0.5980399864330668
29,40,0.17577860105142185,0.4109129377677168,0.41330846118086134,0.5963935837168564,0.5953982690217167,0.595508304159548
29,41,0.19376344608947527,0.39853415053910135,0.4077024033714234,0.6153722433097997,0.6162559768568162,0.6160783980685202
29,42,0.19678358659774753,0.3946435377568047,0.4085728756454478,0.6031195663705277,0.6029917502203198,0.6028596655429473
29,43,0.194368849067713,0.3969369761746395,0.4086941747576475,0.5983721769459626,0.5977984148754049,0.5978427777110614
29,44,0.19522365020949184,0.3961828550494414,0.40859349474106665,0.597827258828479,0.597501945962592,0.5974741639383097
29,45,0.19427403042578875,0.3930481012069197,0.41267786836729153,0.5946239033851818,0.5942655046059204,0.594068875485501
29,46,0.19120478078430866,0.3981357030392028,0.4106595161764886,0.5981589277007343,0.5974646299241382,0.5976310504179817
29,47,0.19177582713318478,0.3983814545940458,0.4098427182727695,0.5972505626812644,0.5968699205907917,0.5968857210291548
29,48,0.19615679833337074,0.3956861454074446,0.4081570562591847,0.6028002902895578,0.6027100135621302,0.6026720310002674
29,49,0.19642330955805828,0.39532627521086444,0.4082504152310772,0.598201134625832,0.5978411663586797,0.5978180506592058
29,50,0.2063630257824285,0.3896406403130944,0.4039963339044771,0.604616314737229,0.6049148665597964,0.6048613860855797
29,51,0.21137616156042888,0.38827660889589793,0.40034722954367324,0.601617065922899,0.601570940004989,0.6016152247857336
29,52,0.2167172045009806,0.3854740378083032,0.39780875769071616,0.6027331101854153,0.6027542616170632,0.6027336354164036
29,53,0.22308598080824155,0.3851365426165093,0.3917774765752491,0.6061653796847578,0.6061831774606302,0.6063207371616903
29,54,0.22861751283017848,0.3833561804992373,0.38802630667058424,0.6051838370136634,0.6052126210116283,0.6052578902210861
29,55,0.2325545680558872,0.38133876736647276,0.3861066645776401,0.6020842264239347,0.6020584285625104,0.6020505079593252
29,56,0.2382454927766746,0.3756857440200642,0.38606876320326117,0.5989158526945719,0.5990788998490818,0.598920023491361
29,57,0.24256789802812745,0.3741443352249488,0.38328776674692383,0.6076061285335281,0.607611811939828,0.6076336327565912
29,58,0.24186255167344756,0.3767132605937206,0.3814241877328318,0.5917997003816643,0.5914824415241583,0.5915947948734902
29,59,0.2473311227010158,0.3725925846358293,0.38007629266315507,0.6002225225679361,0.6003544060077705,0.600272059732455
29,60,0.250912698888197,0.37156356230395005,0.37752373880785284,0.603855880351335,0.6038353571494871,0.603868846374318
29,61,0.2540471596467655,0.3697703808690388,0.37618245948419576,0.5976904278742353,0.5976802827154695,0.5976607260224464
29,62,0.256406938146882,0.36818328707478193,0.37540977477833604,0.5978454821064415,0.5978054160920255,0.5977752832489549
29,63,0.258323813153376,0.3677857224556257,0.3738904643909985,0.5991132824753468,0.5990277882266933,0.5990510147161723
29,64,0.2653942164177812,0.3629986052848627,0.37160717829735623,0.6142752278369423,0.614526165730918,0.6144470264339069
29,65,0.26901057484763224,0.360629989489013,0.37035943566335483,0.6018423666117476,0.601903293131968,0.6018607525143749
29,66,0.2714541730066105,0.36193983419174053,0.3666059928016491,0.6125630482789207,0.6124808513240205,0.6126137991867772
29,67,0.27267108337325,0.36096437902752615,0.3663645375992237,0.6062935377058222,0.6062324346513679,0.6062060317267857
29,68,0.2748636738777807,0.3601405529955112,0.3649957731267082,0.60672034129044,0.6066957525148906,0.6067049026058834
29,69,0.27506169392755586,0.35914193376243214,0.36579637231001205,0.6053034279073048,0.6052123949261534,0.6051552684941114
29,70,0.27966558855802576,0.3561091101316599,0.36422530131031444,0.5962269106460297,0.5963641065559702,0.5963131390033792
29,71,0.2773151251626818,0.3571930852980598,0.36549178953925826,0.6132876572845812,0.6130534968726321,0.6130398291619766
29,72,0.274677595272728,0.35866470455144767,0.36665770017582444,0.611881061278274,0.6116181675508887,0.6116184955529861
29,73,0.2761873478121773,0.3579309196443551,0.3658817325434676,0.5995959594340461,0.5995488446034831,0.5995406219379427
29,74,0.27151346135687376,0.36313704169128314,0.36534949695184316,0.6165102398437237,0.6160575721550742,0.616214080385477
29,75,0.2703958402065197,0.36425272753325044,0.36535143226023,0.6110858274437863,0.6108728057107574,0.610902215414842
29,76,0.27160147310568467,0.3629372994087866,0.36546122748552873,0.6116641782287354,0.6116076582880413,0.6115656774049684
29,77,0.2761034993758091,0.35935800395515605,0.364538496669035,0.607915100379957,0.6080544051859491,0.6079747599756781
29,78,0.2785199153921631,0.35733500960685227,0.3641450750009847,0.602017950630179,0.6020443344301545,0.6019909809910244
29,79,0.27647529787675496,0.3584891280100805,0.3650355741131646,0.6112171140887942,0.6109887003056276,0.6109891643306352
29,80,0.2772914050146127,0.3579880910977177,0.3647205038876697,0.6157717422502053,0.6156948758735374,0.6156819410075968
29,81,0.27727017775739665,0.3565928334063212,0.36613698883628226,0.6157476958007299,0.6156672212167034,0.6155786564722541
29,82,0.27631927626682534,0.3579800233823414,0.3657007003508333,0.6162520952680459,0.6160567079211903,0.6160987834443035
29,83,0.2741594858307365,0.35989278113840856,0.3659477330308549,0.6143811125309414,0.6141207140169712,0.6141604904490152
29,84,0.271008935083049,0.362560512956044,0.3664305519609071,0.6173498004388585,0.6170223999046996,0.6170787844951722
29,85,0.26329463731371844,0.367702172925644,0.36900318976063756,0.6180194624925833,0.617430094371614,0.617499541522496
29,86,0.26148164300420135,0.36919418475857285,0.3693241722372258,0.6208449053133711,0.620569997879067,0.6206016574741844
29,87,0.2688165895566325,0.36493211423365096,0.3662512962097165,0.6178815454615264,0.618129222473135,0.6180952082536029
29,88,0.2768130506222189,0.3586300165550766,0.36455693282270457,0.6164549094191463,0.6168002497713894,0.6166657513807844
29,89,0.28312006937753287,0.3552067415199704,0.3616731891024968,0.6142032653833576,0.61441840631869,0.6143945053867269
29,90,0.2827367931048083,0.3539310737664737,0.36333213312871804,0.6202796971459993,0.6201968508221785,0.6201043536251768
29,91,0.2864105547351961,0.3512689807938908,0.36232046447091326,0.6115884261269159,0.6116976454700751,0.6116372514157801
29,92,0.2883164401389856,0.35056310585665074,0.36112045400436366,0.6172702623817824,0.6172655967431088,0.6172663836184265
29,93,0.2856550951876632,0.35259594433283065,0.36174896047950617,0.623793715926257,0.6235448315628129,0.623574703577811
29,94,0.2898229436357872,0.35074831367263437,0.35942874269157843,0.6298457798440599,0.6299545219477545,0.62995619476619
29,95,0.2904511357310432,0.35005733680213014,0.35949152746682667,0.62644464161401,0.6263993028452911,0.6263668023944757
30,0,0.2924531905532966,0.3486757374457198,0.3588710720009837,0.6223834332454887,0.6224101296835534,0.6223758640386937
30,1,0.2881039788567348,0.3507702706367688,0.3611257505064965,0.6215402463233207,0.6212387908033319,0.6212240208415908
30,2,0.2743342986532014,0.3566062269546512,0.36905947439214737,0.6365803098333983,0.6358010381399495,0.6357348145086995
30,3,0.2747533370889583,0.3577066819701378,0.3675399809409039,0.6301540553543684,0.6300135408514677,0.6300746106655811
30,4,0.2683173196103971,0.35739317174135876,0.3742895086482441,0.6258548543059155,0.6254889678783803,0.6252796566429816
30,5,0.2749585232474999,0.35750439094319675,0.3675370858093034,0.6154096322120648,0.6155266916723011,0.6157006283073834
30,6,0.28619816512759805,0.35082191554139924,0.36297991933100276,0.6084701031111781,0.6089642044065962,0.6088862330759635
30,7,0.29287964381549936,0.3467822117033409,0.36033814448115975,0.6116742617238535,0.6119423565609814,0.6118836154204003
30,8,0.30089309758205796,0.34113868074252135,0.35796822167542075,0.6144835289221888,0.6148595684298528,0.6147411789386351
30,9,0.28458865205328343,0.3496113294462596,0.36580001850045707,0.6267593555390562,0.625860209118809,0.6258704875418203
30,10,0.2767451847882379,0.3540109932370213,0.3692438219747408,0.6094864648761219,0.6089651603588143,0.6089793766267726
30,11,0.27032783891230544,0.35758845413040624,0.37208370695728843,0.6122732384269303,0.6118043621484908,0.61181227661579
30,12,0.2768373088700646,0.34727512341475053,0.375887567715185,0.6128568440041986,0.6132789223016223,0.6128523170646578
30,13,0.2763314508032812,0.3480292725306552,0.37563927666606367,0.6192025809264635,0.6190521732227097,0.6190494122331164
30,14,0.2585410472280729,0.3585373939028869,0.3829215588690403,0.6075163169310328,0.6063934075762671,0.6064727668520279
30,15,0.25722438888415344,0.35781199215032333,0.38496361896552334,0.6214569771832269,0.6212640652262928,0.6211616653815301
30,16,0.22405644781455838,0.37882444778113983,0.3971191044043018,0.6270124024423968,0.6247899193804061,0.62503186124319
30,17,0.21462209384052308,0.3793520740199302,0.4060258321395468,0.6303921744443193,0.6296465650889302,0.6294132895936679
30,18,0.2240942712028414,0.3728122335172384,0.40309349527992017,0.6147802067065111,0.6151210272425608,0.6149900564895028
30,19,0.245484790089821,0.34596500787297374,0.4085502020372053,0.6065619805042998,0.6080451773848706,0.6070983134075246
30,20,0.22773261882683143,0.3533772531695149,0.41889012800365377,0.6171922968352086,0.6159971661165063,0.6158942729356948
30,21,0.2264290195399046,0.3523655493150335,0.42120543114506187,0.6196185837627353,0.6193547163009184,0.6192028702077993
30,22,0.22358125257953343,0.3433218213777363,0.43309692604273015,0.6225598393543009,0.6224606806168627,0.621833667925078
30,23,0.22223280745048105,0.3472935035206347,0.4304736890288844,0.6310686818349471,0.630651563643548,0.6307457058615741
30,24,0.21622281834108925,0.35176541605118705,0.4320117656077237,0.6205637879652649,0.6198957951263335,0.619910623170773
30,25,0.21091871784813834,0.3504257855579606,0.43865549659390113,0.6078915438564427,0.6073994431160404,0.6071245024901044
30,26,0.21532918742196963,0.348177567542729,0.43649324503530146,0.620601285758389,0.6206081225706205,0.62050793955602
30,27,0.2310287625254139,0.34430080024050697,0.42467043723407916,0.6010551926065533,0.601658809731803,0.6017407560957404
30,28,0.22596848543685835,0.35372300701553616,0.4203085075476055,0.6047726245716654,0.6040430821907424,0.6043505999524404
30,29,0.2191984440365858,0.3613119999983586,0.4194895559650556,0.5996512450346231,0.5988673328750842,0.5990428187659548
30,30,0.20646868735515594,0.3665395800955122,0.4269917325493319,0.606359792434821,0.6053020208409379,0.6052117926179496
30,31,0.19044928213151127,0.3793474393014285,0.43020327856706025,0.5972841981887778,0.5957417454732322,0.5959646344393474
30,32,0.19540187558116626,0.3768375729210234,0.4277605514978104,0.6087180569994936,0.6086726716106985,0.6086169546477522
30,33,0.19219791270431177,0.3782019555436141,0.4296001317520742,0.601284546906657,0.6007001766115484,0.6006470702796721
30,34,0.18583941572142676,0.383889374201603,0.4302712100769702,0.5998981448666737,0.5989966134097321,0.5990891499296036
30,35,0.18913596587764084,0.3828287846261278,0.4280352494962314,0.6061107983797017,0.6059138464827111,0.6058978821987112
30,36,0.1873706396319898,0.3842446856626137,0.4283846747053965,0.6025142820485543,0.6019741171644714,0.6019636074863377
30,37,0.18344268936812133,0.3872699196985516,0.42928739093332713,0.6010870071928089,0.6003667812883701,0.60038715299574
30,38,0.18682204895790866,0.3860464869810389,0.42713146406105246,0.6054460268175704,0.6052465596461316,0.6052287824607498
30,39,0.2005025077534897,0.38004433930096526,0.41945315294554514,0.6113247706169601,0.6118362054623607,0.6118246860342624
30,40,0.18918038080863267,0.3872354375755044,0.4235841816158629,0.5910977780360983,0.5899244495438034,0.5899814438503854
30,41,0.18533722435571554,0.38981468338908243,0.424848092255202,0.5969664160362099,0.5962709087893552,0.5962765287813468
30,42,0.18691649638944907,0.38663494728224435,0.4264485563283065,0.5996421630592714,0.5993951019965652,0.599240239121757
30,43,0.19369776986778833,0.38167659648894825,0.42462563364326344,0.6009511487370129,0.6010563006069836,0.600931250169974
30,44,0.19677221916000107,0.38084246415857975,0.42238531668141915,0.5999604788486496,0.5997726740436716,0.5997658636730259
30,45,0.19745318452828248,0.38133534750612497,0.42121146796559256,0.5979190610367636,0.5975756839274212,0.5975800784483971
30,46,0.19723454400338009,0.3817260763919907,0.4210393796046291,0.5961915453702945,0.5958039859869412,0.5957824806234404
30,47,0.19837581272354465,0.3819614306301784,0.419662756646277,0.5989774284678684,0.5986669249452243,0.5986713813522782
30,48,0.2073478419139898,0.377659202647779,0.41499295543823117,0.6092040701469651,0.6094351658053673,0.6093988781778767
30,49,0.2174828307877634,0.37330649498844004,0.40921067422379664,0.6062926668634292,0.6065998499375438,0.6065897767821782
30,50,0.22204436033329333,0.37165575328753525,0.4062998863791714,0.6007498811516189,0.6007318235235882,0.6007252440083566
30,51,0.22833263329083708,0.36973167982864824,0.40193568688051473,0.6050790181187539,0.6051609972626908,0.6051852951551658
30,52,0.23149865770677003,0.36884007370186966,0.3996612685913603,0.5992914730903868,0.5992141142207215,0.5992160391780395
30,53,0.2381610257823296,0.36602257197923554,0.39581640223843495,0.6048689257083892,0.6050113662282007,0.6050011694118601
30,54,0.24418445402513378,0.3644572548620702,0.39135829111279613,0.6109805059908996,0.6110724354237836,0.6111151573653464
30,55,0.24852671689382402,0.36279332411037474,0.38867995899580127,0.6040644832237922,0.6040983884785848,0.6040943418918173
30,56,0.25207213020014435,0.3604490001646638,0.3874788696351918,0.597083367515936,0.5971128394807584,0.5970505346652184
30,57,0.25744044519543596,0.35719148817548213,0.3853680666290819,0.5982350222810783,0.5983756323423912,0.5983093973012622
30,58,0.25869115144475047,0.3578308379529556,0.383478010602294,0.5963163388527241,0.5961880861433412,0.5962276734135519
30,59,0.26400050420257926,0.35485900314940505,0.38114049264801575,0.6060706430365294,0.6062134273505223,0.6061626120092299
30,60,0.27227353186512193,0.3504236348309986,0.3773028333038794,0.6127659990881598,0.6130789847964166,0.6130245135036977
30,61,0.2783614356201653,0.34722087596261947,0.3744176884172154,0.6041597557406249,0.6043671945230223,0.6043213678002008
30,62,0.28110892215545485,0.3471407892694108,0.37175028857513437,0.6083891031064375,0.6083894417973263,0.6084305771007309
30,63,0.2835397678095629,0.3449094974453818,0.37155073474505523,0.5967725132121264,0.5968301953007747,0.5967404932251376
30,64,0.28577248572474884,0.3443497866349248,0.3698777276403264,0.6063967648697592,0.6064033305106252,0.6064027253353029
30,65,0.2866237402395403,0.344654732327678,0.36872152743278164,0.6096947755358484,0.60962872235734,0.6096410128812578
30,66,0.28549700003654593,0.34513272281370166,0.36937027714975246,0.6040174763852609,0.6038746449255367,0.6038429478554668
30,67,0.2840835610838438,0.3463398796303061,0.3695765592858501,0.6092073789627303,0.6090291687847232,0.6090317901718002
30,68,0.2856480514587704,0.3460217308108116,0.36833021773041796,0.6082787667945972,0.6082524718013156,0.6082513053068112
30,69,0.28107440792266997,0.34976909094034725,0.36915650113698284,0.6214061622552176,0.6210335960157386,0.6210968153564504
30,70,0.28062793840044137,0.35020975358736534,0.36916230801219346,0.6104773891360433,0.6103440895304634,0.610334957769862
30,71,0.2836678020283026,0.34930800573555243,0.367024192236145,0.6070825191395559,0.6071179972486207,0.6071299700270448
30,72,0.2758618370175131,0.3544355956848345,0.3697025672976524,0.6177691711558684,0.6172254180030077,0.6172812988049813
30,73,0.2748466512261733,0.3551384050391968,0.37001494373463,0.6114882062652651,0.6113097217181441,0.6113044369280082
30,74,0.27823150378580774,0.3546036611012292,0.36716483511296305,0.6124760522909005,0.6124989334765789,0.6125469995394361
30,75,0.2715008461459924,0.35914419272041126,0.36935496113359645,0.6202758046264216,0.6197705792695478,0.6198270218378051
30,76,0.2719020878907266,0.35921171638765437,0.36888619572161907,0.6154561520969798,0.6153366628039342,0.6153405074761625
30,77,0.273378461098934,0.3577619433992493,0.3688595955018167,0.6165268311872041,0.616493666790784,0.6164415806124419
30,78,0.2660453165492438,0.36315430772959906,0.3708003757211572,0.6219194507578983,0.6213490468130541,0.6214378234421016
30,79,0.2675051056906178,0.36253643244464606,0.36995846186473624,0.6122264841762173,0.6121530849762508,0.6121506531798416
30,80,0.27050860895778633,0.36114347299947563,0.3683479180427381,0.6114269376196352,0.6114396948676166,0.6114368641190208
30,81,0.27521529755273566,0.3574243754960575,0.36736032695120696,0.616890788633162,0.6170430704438252,0.6169552745859578
30,82,0.27454683608175634,0.3579503107419556,0.3675028531762881,0.6186954007108806,0.6185307249038772,0.618530871229074
30,83,0.2769506817978056,0.3572100965185961,0.36583922168359834,0.6126001885507446,0.6125879721566937,0.6126029313590943
30,84,0.2775651028660173,0.35665989509490215,0.36577500203908064,0.6168600930996506,0.6167794012460668,0.6167554658171973
30,85,0.27973880224078307,0.35564883052891,0.36461236723030704,0.6134294178253843,0.6134228879038635,0.6134161678600204
30,86,0.2807118806463781,0.35550368201534394,0.36378443733827803,0.6122650244951586,0.6121929182489483,0.6122021501237028
30,87,0.2790302206594185,0.3569204568507467,0.3640493224898349,0.6202769395623452,0.6200613271570489,0.620085751899827
30,88,0.27456533580762754,0.3589733461078619,0.36646131808451055,0.6290754243473513,0.6287299753759473,0.6287129207954302
30,89,0.2781697877232802,0.3556839293552207,0.36614628292149914,0.6261446198394267,0.6262511316685669,0.6261558595546183
30,90,0.2763881072374533,0.3575324209882521,0.3660794717742947,0.6210469541949718,0.6208093038704339,0.6208533604400672
