method,day,gate_move_l1,pi_expanding,pi_rolling_1,pi_rolling_3,pi_rolling_7,pi_rolling_14,h_eff,pi_m2,pi_m5b,pi_m5b_hs
adamoe,4,,0.2,0.2,0.2,0.2,0.2,17.0,,,
adamoe,5,0.007625818768950299,0.20070293171573972,0.19618709061552494,0.20170411423725612,0.20070293171573972,0.20070293171573972,17.05823690230221,,,
adamoe,6,0.014295943807178357,0.2030855890169362,0.19223910218494886,0.19850413076424334,0.2030855890169362,0.2030855890169362,17.23768420484951,,,
adamoe,7,0.008034313615139732,0.20299745368430705,0.19625625899251825,0.1947513799545605,0.20299745368430705,0.20299745368430705,17.22330414728507,,,
adamoe,8,0.01879508207487887,0.19986494000516056,0.20360019390778145,0.1968049860767367,0.19986494000516056,0.19986494000516056,16.983075292555995,,,
adamoe,9,0.03227358345558787,0.19497468525331896,0.21197686674536845,0.20456510496694372,0.19350865778104992,0.19497468525331896,16.60835949485915,,,
adamoe,10,0.016307112265662782,0.19265352344922032,0.20978269700106195,0.21271866109977527,0.19219159500072247,0.19265352344922032,16.449640580547747,,,
adamoe,11,0.023411819529334438,0.19626186354957006,0.2008903180498716,0.20990513028629842,0.19668082456469022,0.19626186354957006,16.730749383529783,,,
adamoe,12,0.03400139266997315,0.20332252703240516,0.1938009917516159,0.19999376024956766,0.1995601939340067,0.20332252703240516,17.236570630436347,,,
adamoe,13,0.019631671254592503,0.20822684998949464,0.19380818146473303,0.19404264885085334,0.19569546970542462,0.20822684998949464,17.55459131517787,,,
adamoe,14,0.013468194661336252,0.20857201325335661,0.19931034897618854,0.19458425214234165,0.18896137237475613,0.20857201325335661,17.540121692774896,,,
adamoe,15,0.01788909361262253,0.20564166053452473,0.203499105059595,0.1993400428652466,0.18587753100610876,0.20564166053452473,17.320144830252925,,,
adamoe,16,0.016441930619011225,0.20312977294409623,0.20021782043099465,0.20479655124932436,0.1886419879315368,0.20321386744404818,17.167881910562173,,,
adamoe,17,0.01878948473936315,0.20447707503983248,0.19429289234802777,0.2013267369626094,0.19570409686911275,0.20419919878041728,17.295615066635435,,,
adamoe,18,0.020290771729007756,0.20829098620921982,0.1918855083575491,0.1935887350885841,0.19771563152822236,0.20851913881642414,17.573388250303985,,,
adamoe,19,0.016135776519968725,0.20729536789037656,0.19819086900892724,0.192201554977865,0.1920305416978,0.21028166642503004,17.500674729200135,,,
adamoe,20,0.0209726375742344,0.20302545421406182,0.20360934820881904,0.19726939456509054,0.1873225325233488,0.20877327048867894,17.211028299252746,,,
adamoe,21,0.01782179775414383,0.19902175894606094,0.2016843484996232,0.20564701744910435,0.1878558085164069,0.20579106658880375,16.955996529468695,,,
adamoe,22,0.012585915519990637,0.1999306170950719,0.19659261956465235,0.20554927900174125,0.19323990812739145,0.20468757621114256,17.027382906121925,,,
adamoe,23,0.027196270286518887,0.20645403303491422,0.19071786009137887,0.19782590333175543,0.19826790420226806,0.2067342993396832,17.453593072352938,,,
adamoe,24,0.020736849332660373,0.21232570164849857,0.1928078547884123,0.1910801697556483,0.19464521311204486,0.20914106069539545,17.79608180448512,,,
adamoe,25,0.013698562592478897,0.21209991235894998,0.19795317375814991,0.19278413208215023,0.18890022833549835,0.2082625534652512,17.740277658403606,,,
adamoe,26,0.02112681295359284,0.20729601609290604,0.2001453541759709,0.20115535814112553,0.18626710801479585,0.2051361635752011,17.417148440330095,,,
adamoe,27,0.013365861995636663,0.20502625893624982,0.19748307295593198,0.20422514231052413,0.18988025484321566,0.203385270954078,17.288289613322096,,,
adamoe,28,0.022653358771920346,0.20749399502294896,0.19075708388903662,0.19962445199145953,0.19690822072355504,0.20521624837299984,17.490655163527236,,,
adamoe,29,0.014333917281910857,0.21071860727373415,0.18957674741110625,0.19363782982843464,0.19772951592839033,0.20833729955833497,17.71443547863588,,,
adamoe,30,0.015913038477334995,0.21150454661104928,0.19448315820058712,0.19149170837037593,0.1919191181477816,0.21060146867020652,17.751085468392034,,,
adamoe,31,0.02619831030023051,0.20601234196845875,0.20172160892348856,0.1973524127975897,0.1869319350173611,0.20798170129310223,17.37478672864874,,,
adamoe,32,0.01588219856993764,0.2011063370527928,0.20303540411231966,0.20384762353149416,0.18706402837959424,0.20494660692379923,17.059659193464718,,,
adamoe,33,0.014203246323420904,0.20107710184032465,0.19718390919448814,0.2049531166978733,0.19306015837492535,0.20372571389238825,17.0802504728255,,,
adamoe,34,0.030063290036556778,0.20822379836442334,0.19014192522528936,0.19696345564879372,0.198185334940602,0.20648548582089132,17.552554340113765,,,
adamoe,35,0.01570778963795813,0.2134088807885676,0.19167846629045251,0.19241408819762665,0.19488080757278978,0.20761775715056274,17.844267831314795,,,
adamoe,36,0.014117579413209735,0.21303854909457448,0.1976381578758591,0.19351318631882528,0.18832587520174737,0.20748423150899373,17.783551030044947,,,
adamoe,37,0.029039639397387768,0.20663256469252805,0.20422054721296548,0.20145061668041275,0.18433194915631734,0.2033643222577763,17.343950434508976,,,
adamoe,38,0.01695741794074815,0.20323300091524255,0.2011867095497375,0.2064407645472478,0.18782051025985658,0.2013190147279159,17.147698836115854,,,
adamoe,39,0.024451710837809226,0.20561794624866547,0.19455455714981296,0.20084706152826737,0.1952560539457729,0.20372438112748092,17.353106230059687,,,
adamoe,40,0.023425105979237415,0.2116045352650633,0.19069857776949029,0.1929904879189716,0.19699852288794778,0.2077078761585272,17.752842083865218,,,
adamoe,41,0.01588660496532096,0.21208414419508043,0.19620968839816644,0.19089780057336542,0.1911479077508934,0.2096604590824943,17.767233523234264,,,
adamoe,42,0.022666587829465817,0.2074675361610116,0.20210543019458355,0.19633535269168123,0.18683901318816165,0.207252667764562,17.448574098951322,,,
adamoe,43,0.014984731151091196,0.20363347977464452,0.2005327051537546,0.20342579973707337,0.18724093171831507,0.2051670836162124,17.211844583498824,,,
adamoe,44,0.013415221069911498,0.20441608722344956,0.1942893856623999,0.2031696331704678,0.19316593480446578,0.2049589591392169,17.290350490161075,,,
adamoe,45,0.02072235276770329,0.20884637420771246,0.19057157164618715,0.19652627080282897,0.1976187077994627,0.20643707554380883,17.584382848726985,,,
adamoe,46,0.01580398137748565,0.21444610291201954,0.19048110329804055,0.1912202770208562,0.19511317924083937,0.2087393375282447,17.919051089163084,,,
adamoe,47,0.02270808171363406,0.2119632785091382,0.2002069735557977,0.19284844761991576,0.18790018732340175,0.2070811129917463,17.710985920112098,,,
adamoe,48,0.018976620680864698,0.20664333962183773,0.20248803900372347,0.20005569251242228,0.18637064024168193,0.2044422886203342,17.368042016227704,,,
adamoe,49,0.016814242067689972,0.20369460065882805,0.1987981785259057,0.20528898939361837,0.18954446439433087,0.2026737670273167,17.200585175379192,,,
adamoe,50,0.02077356791190635,0.20630728711382562,0.19230997226116353,0.20139041170240796,0.19596470107401182,0.20402762784859196,17.403058131596293,,,
adamoe,51,0.01942536838272582,0.2113993328694921,0.1899728071829383,0.19401489258927035,0.19714443772835083,0.20746852962994944,17.740547936038023,,,
adamoe,52,0.01461935121745045,0.2134911631579477,0.1927534843971259,0.19142513684326098,0.19242451786563447,0.209905697736031,17.862150077767645,,,
adamoe,53,0.02526018923206827,0.2084780231429068,0.19914476614914606,0.1976639497072749,0.18708613341608996,0.2076271275845822,17.51720072394216,,,
adamoe,54,0.01717035149940152,0.20336273748757983,0.2003400851544945,0.2048579664580822,0.18728197340963493,0.2041572374902084,17.185853372513893,,,
adamoe,55,0.012888098188963859,0.20342076158434896,0.19389603606001257,0.2049238754779618,0.1935045632668766,0.20425476361079994,17.22801199097417,,,
adamoe,56,0.02284723167849595,0.20910117439364617,0.1903229904831079,0.19707330521561822,0.1975943644729249,0.20590816543470217,17.59348823714504,,,
adamoe,57,0.017450850197398032,0.2143450061830159,0.19143583329431932,0.19125418801428617,0.19468805657555815,0.20827691593282027,17.904591987406523,,,
adamoe,58,0.019397311111447074,0.21239387490856593,0.19906578704788983,0.19332288981643936,0.18819333832196583,0.2070241099051392,17.738357857936872,,,
adamoe,59,0.025149872036566767,0.2061551970400331,0.20415366848925975,0.2008099443933527,0.18521989803778793,0.20366129203956643,17.32369269888975,,,
adamoe,60,0.015833312291785057,0.2038286231396781,0.20021449134463526,0.20496677977217292,0.18897971880486059,0.20201038693865375,17.195835667817015,,,
adamoe,61,0.021827143835777246,0.20614371158402714,0.19362041646822054,0.20064728273069876,0.19592886066716259,0.20365972854989106,17.386923184070557,,,
adamoe,62,0.02231952494430875,0.21217187986325187,0.18971167129373512,0.19339626543302968,0.19758032729467973,0.20713985611530344,17.783233536064945,,,
adamoe,63,0.01894928581862465,0.21428933543068332,0.1947313674693499,0.1904078234813257,0.1910941263370713,0.20947734728156944,17.893656710055797,,,
adamoe,64,0.02896410081500586,0.20881939372757546,0.20318976490458382,0.19643147645359493,0.18565706608815652,0.20590229882608935,17.503879464102244,,,
adamoe,65,0.017048801250445222,0.20306197266051496,0.2027691425539121,0.20412316241419579,0.18648978075277794,0.20355594161859863,17.154068637357224,,,
adamoe,66,0.011798222746233489,0.2029658945539294,0.19744330066661675,0.20383458823436668,0.19238889212589486,0.20336732441919206,17.180765525355433,,,
adamoe,67,0.02579533522106303,0.20886920746373533,0.19154296479740462,0.19683725649304745,0.19743236692924185,0.20531820431657083,17.57068861103735,,,
adamoe,68,0.016815987582159797,0.21449452880997255,0.19145617802182457,0.19124768865599526,0.194700727750794,0.2081008767614133,17.911188341503507,,,
adamoe,69,0.020726016318301926,0.21219508814114144,0.19981448127292561,0.19325239356404514,0.18798765213637392,0.2067503848855135,17.721695903785353,,,
adamoe,70,0.020730094795196247,0.2068967108503549,0.2028333596095609,0.2005985626250083,0.18556723720950785,0.2041041297055683,17.37486017485039,,,
adamoe,71,0.01571739692087401,0.20448113242373372,0.1986574335667735,0.20510536156448655,0.18891913673046667,0.20283693571453992,17.244992520801084,,,
adamoe,72,0.017504236984358212,0.2063343111616976,0.1947000545783239,0.2003106220607575,0.19505362805017312,0.20360138414904916,17.39148536490035,,,
adamoe,73,0.022746029058414968,0.21242915299123757,0.1901108547957319,0.19352680731414204,0.19684672998144653,0.20708645491744326,17.793577934926745,,,
adamoe,74,0.015043248328133613,0.21367905679596128,0.19453237234140844,0.19121930195823691,0.19163261117328442,0.2089366577311094,17.85547517242232,,,
adamoe,75,0.026945339449084782,0.20859751090172957,0.20077256273546548,0.19845178128872207,0.18581373851615063,0.2063644065579323,17.501776422129513,,,
adamoe,76,0.015532946180058266,0.20347322015638358,0.20125220662592933,0.20473989253743524,0.18681245646700295,0.20372222421324937,17.18366342787576,,,
adamoe,77,0.015033768028922811,0.20438090699036895,0.1943242061822546,0.2041510089666485,0.19313161358793396,0.20401226427279434,17.277724647438994,,,
adamoe,78,0.021189448535732403,0.2085252591708718,0.190762755856157,0.19711773502487995,0.19770908454663014,0.20588516540146157,17.55998741862998,,,
adamoe,79,0.021823512374654047,0.21540976113198207,0.1918947109968177,0.18953348791647512,0.1943815754677078,0.20878046448701748,17.968678373757367,,,
adamoe,80,0.022102073729698413,0.2127404663531882,0.20084425797967964,0.19163497779846222,0.18759405370821944,0.20718624416045034,17.753942966770197,,,
adamoe,81,0.018625857726137757,0.20756212470567278,0.20204511200668235,0.19974705263452847,0.18590408025484234,0.20474163039827403,17.422725139610368,,,
adamoe,82,0.015699479280740974,0.2035787652230568,0.20046819123024964,0.20476042409614872,0.18874044843359267,0.20245217101695234,17.184988910174585,,,
adamoe,83,0.02256445961065759,0.2063869343776658,0.19354923319758988,0.20039715232347943,0.19546878684072558,0.20419789326053894,17.405008766360602,,,
adamoe,84,0.022241976865625235,0.2127391050008563,0.18974944296147245,0.19307595412678447,0.19700289160462972,0.20743260630625715,17.81640033491321,,,
adamoe,85,0.01836914200646178,0.21589325561942815,0.19365235205421627,0.1897597081217276,0.19113456660645572,0.2095601175981724,17.98831042620469,,,
adamoe,86,0.02584316038486828,0.2104439652209394,0.19946019151343553,0.19687344885494246,0.1861863962783089,0.2070359981323738,17.61852719913602,,,
adamoe,87,0.019930908792922558,0.2041577418344817,0.20210114102143095,0.20387625671218207,0.18650809330953533,0.20335676712237039,17.21574581410681,,,
adamoe,88,0.013036269949423945,0.2043001787736621,0.19682222846214542,0.20273509990573835,0.19288379134506695,0.2032587015133877,17.258846615201982,,,
adamoe,89,0.024157923170482765,0.2091919856490354,0.1912922736158063,0.19618609316683583,0.19788868906791662,0.20544095850040586,17.592763934539537,,,
adamoe,90,0.015520814736133148,0.21378071044169528,0.19287374860163792,0.19182614424822866,0.19448823061845716,0.2070311660899809,17.855048747436975,,,
adamoe,91,0.019011418260266755,0.21166034484453505,0.19971726654503244,0.19448833543496735,0.18792384088919462,0.20621021228627012,17.68521282175418,,,
adamoe,92,0.022505465475706726,0.20616846591758264,0.20539903409527138,0.20005930062258168,0.18509958920501135,0.20327361015955234,17.317212557686787,,,
adamoe,93,0.01618120093564468,0.20353400327587406,0.20081178129963512,0.20430079265425127,0.188948697641164,0.20240472512907476,17.18206139111003,,,
adamoe,94,0.021787702103960915,0.20586668139830816,0.19356573414573086,0.20065298875617515,0.19631411714805175,0.20360047855173347,17.372131104073375,,,
adamoe,95,0.022895783490567534,0.21223449135362799,0.18911982254701964,0.19365100860960277,0.19772777152285165,0.20726690596689767,17.789973413790037,,,
adamoe,96,0.015346222444702656,0.21446697332179587,0.19350720740617228,0.19191577311832514,0.1917898957917781,0.20832015036192864,17.896284301678346,,,
adamoe,97,0.02421083336587465,0.20938821599920213,0.20005278259767917,0.19747561460975555,0.18643282542252587,0.20665056137083726,17.553910223528476,,,
adamoe,98,0.01788152895802589,0.20406437672497207,0.2001654512095457,0.20576625345297472,0.18697028244645314,0.2030336361660544,17.21258969851673,,,
adamoe,99,0.014982340007069522,0.20420498185855807,0.19397763822808078,0.20446289643090465,0.19360473841769926,0.20374974506475682,17.26739483886477,,,
adamoe,100,0.024342012434485583,0.21028437111313647,0.1889416162267265,0.19732791221501603,0.19737853467685684,0.20606756576826352,17.66458328315365,,,
adamoe,101,0.016999295912180912,0.21529594868007562,0.1906370676061901,0.19158323465821978,0.19462356427756278,0.20786018477795137,17.955551229219644,,,
adamoe,102,0.01866408965442859,0.21352032759483913,0.1980919555338281,0.1934603915577963,0.18792304269366006,0.20700428261987652,17.803214041431456,,,
adamoe,103,0.022247113223616832,0.20751110562101538,0.20173887369760302,0.20093703000582994,0.18563106246596475,0.2041819282095873,17.41318073317199,,,
adamoe,104,0.01473218053998998,0.20410728190413147,0.19936469773812976,0.20486693992956861,0.18906724281222081,0.20259383761594923,17.220186858083558,,,
adamoe,105,0.0219263956161862,0.20629592310298522,0.19300043314743687,0.20026800671216866,0.1961973864881198,0.20423825054928985,17.404277052569952,,,
adamoe,106,0.020046000874984926,0.21242468786131288,0.19019940395639187,0.19304603546572113,0.1971432600825409,0.20718661263403348,17.795434179486584,,,
adamoe,107,0.016090965001891305,0.21486360081550074,0.19505280331389607,0.19048712293232245,0.19165669011499392,0.20793978282328707,17.911084011371884,,,
adamoe,108,0.021887270195488695,0.2103762549078657,0.20012676339285013,0.19635679795111252,0.18644634071525895,0.2066938430329125,17.61061063918572,,,
adamoe,109,0.018864028405923716,0.2041996189295905,0.20284495137838385,0.2027874820786308,0.18672948280516904,0.20343846480822608,17.218429420341053,,,
adamoe,110,0.013533347552856623,0.2041331892633283,0.19619254607752173,0.2035892640804557,0.19269437457977237,0.203390625998922,17.251281080161903,,,
adamoe,111,0.028103079782321044,0.21046228048441093,0.1898104994878863,0.19591977077893047,0.19748396353559206,0.20632348571318007,17.676223185622998,,,
adamoe,112,0.018097501281363726,0.21543650819848187,0.19207305291398885,0.19009518245952783,0.19425980121431263,0.20813545521368826,17.96226407369331,,,
adamoe,113,0.018808269597085814,0.2136000945233577,0.19927627163526365,0.19229609853679608,0.1874557125455628,0.20737182275901947,17.807565745092326,,,
adamoe,114,0.02049962913429651,0.2080398034378985,0.20143657232801027,0.20038561241119784,0.18582182226163751,0.20431618956125586,17.44616102552456,,,
adamoe,115,0.01437938273134512,0.20431405560295263,0.1991993878593863,0.20428758667275992,0.18910953936574815,0.2030894304991533,17.237924286603207,,,
adamoe,116,0.018545377693485354,0.20567999164529344,0.193610789693353,0.20060349599205035,0.19595839913712543,0.20414732353217768,17.365992099797477,,,
adamoe,117,0.021913139639545387,0.21232043341252918,0.18990470360515282,0.193353012260478,0.19708191885343213,0.2073399318684081,17.791522223270075,,,
adamoe,118,0.018378084803525208,0.21537953008838612,0.19510511889654084,0.1901584812148837,0.19108740749726363,0.2082694623029256,17.941736692566163,,,
adamoe,119,0.02307761990305074,0.21037423564051524,0.2006752492454439,0.1961271608175063,0.1860876776000505,0.20673567669648452,17.608424087080014,,,
fixed_share,4,,0.2,0.2,0.2,0.2,0.2,17.0,,,
fixed_share,5,0.12165942448285685,0.21561040193191708,0.13917028775857157,0.21399850644567722,0.21561040193191708,0.21561040193191708,18.245608363580885,,,
fixed_share,6,0.12336580994463736,0.2361713702560233,0.09159195775471118,0.19989393147721893,0.2361713702560233,0.2361713702560233,19.821154742924257,,,
fixed_share,7,0.09377859651720696,0.25180113634222445,0.06580420501794312,0.17879238595538346,0.25180113634222445,0.25180113634222445,20.998073406604274,,,
fixed_share,8,0.027893952931043645,0.2564501284973984,0.05186981503323192,0.17877979947457287,0.2564501284973984,0.2564501284973984,21.36066962174622,,,
fixed_share,9,0.0664519585480125,0.248644321118943,0.052202325901579145,0.21167326788023197,0.23883576398030304,0.248644321118943,20.758752240206178,,,
fixed_share,10,0.09388784257729457,0.23367656661930064,0.04717114580747154,0.25861718916887916,0.22685853178504797,0.23367656661930064,19.703098365637693,,,
fixed_share,11,0.022952778573688132,0.23491883965341034,0.038338060943340115,0.25597388474616656,0.23585037500367267,0.23491883965341034,19.841206474559915,,,
fixed_share,12,0.12039817085371382,0.2600781802090566,0.02904490964472154,0.20506795061792818,0.24573077931923704,0.2600781802090566,21.610149552203353,,,
fixed_share,13,0.13312375508522817,0.29335911898036365,0.02608921110296137,0.16595848828603246,0.22123406265027887,0.29335911898036365,23.78117791905992,,,
fixed_share,14,0.11776308305889335,0.3223457417988754,0.026997506995384647,0.1531070151994054,0.1752039942074593,0.3223457417988754,25.566331405162593,,,
fixed_share,15,0.0618060169922578,0.3356990328090849,0.029427962119211185,0.1548729865512886,0.14430098571133032,0.3356990328090849,26.345882249624673,,,
fixed_share,16,0.023094773323736197,0.33589038390964643,0.02851350727268196,0.16516979806868376,0.13366805389599148,0.3367582568529964,26.32773790927141,,,
fixed_share,17,0.04382619559576156,0.34492539962843655,0.025004078480381726,0.14676612906310324,0.13941042782828014,0.3438939649997984,26.95121494817102,,,
fixed_share,18,0.08034873690259989,0.3644450702412951,0.02282950175561501,0.11115025932073853,0.13702650584411163,0.36454866283823983,28.28585131483967,,,
fixed_share,19,0.0729690475363525,0.3712601002681715,0.024242970528868854,0.09666333988420042,0.11502890151247346,0.39280468780628575,28.894306946147076,,,
fixed_share,20,0.059320686871011066,0.3598346723017292,0.026324632985234478,0.09958658735425169,0.09679398604341019,0.41746012131537436,28.437164333870854,,,
fixed_share,21,0.06002274136426463,0.33616873742036996,0.027243776090947754,0.11577202850075083,0.09044855024263712,0.43036690774529424,27.202960666947977,,,
fixed_share,22,0.02623317418659213,0.32494869533094894,0.025347231087072743,0.11590327719286139,0.09485389597893382,0.4389469004101831,26.67921266011769,,,
fixed_share,23,0.05168412437716794,0.3389647037697463,0.021794162971568373,0.09361428311978184,0.09906890274576831,0.44655794739313526,27.585812821239962,,,
fixed_share,24,0.0651667091147777,0.3627288464424729,0.02146812733657375,0.07262768790007523,0.08779817904308058,0.4553771592777974,28.9929494607759,,,
fixed_share,25,0.0404189129439014,0.37846741113166765,0.022139925429706227,0.0675975695410769,0.07261884093012826,0.45917625296742093,29.869776730007786,,,
fixed_share,26,0.02295537925888852,0.3764503779289034,0.02418910755133128,0.07702607704889619,0.0652221604505661,0.45711227702030316,29.69841701587043,,,
fixed_share,27,0.015816919996810036,0.37339312225692733,0.024315744581126557,0.08320640369161816,0.06682365677645383,0.45226107269387417,29.476942906221037,,,
fixed_share,28,0.02609117562469336,0.37988563015786947,0.021180088002410925,0.0738645086167802,0.07337673668785832,0.451693036535081,29.87325109163106,,,
fixed_share,29,0.028534571201381642,0.3894361997928093,0.01983647679099114,0.06094083422750913,0.0739014574930708,0.4558850316956195,30.468531613232244,,,
fixed_share,30,0.03424488334460481,0.39554858160024964,0.020936222301061014,0.05381684937248132,0.06390300067579624,0.46579534605041173,30.88375751586982,,,
fixed_share,31,0.04175716525304427,0.3814614805189308,0.024091418949991145,0.05969481526624438,0.05711151913059299,0.4776407661342407,30.177616055678094,,,
fixed_share,32,0.04459412513930451,0.3595266583820716,0.026254621392768525,0.07100258516768794,0.05674927869779992,0.486466856359672,29.018642819740137,,,
fixed_share,33,0.02668591628617286,0.3473449868364221,0.025093334795331552,0.07581616472015479,0.0634055042707611,0.4883400093773304,28.373839700319078,,,
fixed_share,34,0.034584127879744644,0.35921725301233165,0.0212204311826092,0.0626498138824514,0.06882530203472385,0.4880871998878838,29.077202966243302,,,
fixed_share,35,0.04431469882724624,0.3813746024259548,0.02092249390502863,0.05364102958441375,0.06399189938168558,0.4800699747029172,30.233244669728197,,,
fixed_share,36,0.02794782909197837,0.3937852846479022,0.02248572622907044,0.052179376325696844,0.05398312643216583,0.4775664863651647,30.86995362821776,,,
fixed_share,37,0.02864007069473095,0.39029154255809834,0.0262525248230729,0.0627326130790598,0.04932331859459925,0.4714000009451696,30.57680616094072,,,
fixed_share,38,0.029940210693374873,0.3829971851848283,0.026905509516808084,0.0738081594098733,0.05256489291673809,0.4637242529717523,30.088254890857826,,,
fixed_share,39,0.019525471516716145,0.38525060378943005,0.023903168064040067,0.06704776510428324,0.059648818190276724,0.46414964485196997,30.25571944600221,,,
fixed_share,40,0.03369253347839028,0.4002642584257059,0.02110056885094158,0.05300409757818659,0.06110705794668218,0.4645240171984838,31.127054013533403,,,
fixed_share,41,0.02498115540458465,0.4061743280930898,0.021665797473860715,0.047788663900556014,0.05383191392202045,0.4705392966104731,31.499865024761682,,,
fixed_share,42,0.026140532238483248,0.3979516617863066,0.0239776084236382,0.05298968640618049,0.04898431410956193,0.4760967292743127,31.068290783427887,,,
fixed_share,43,0.03225124833476923,0.381826037618922,0.024824799868465343,0.0626968567430006,0.04953260806154325,0.4811196977080687,30.204881651576553,,,
fixed_share,44,0.017797089437477168,0.3751057375232223,0.022646555245426546,0.06422504888936702,0.0553842936767565,0.48263836466522775,29.866293114357347,,,
fixed_share,45,0.02854307451658023,0.3840197139820031,0.020786142906184107,0.05509140706902506,0.06074185447626576,0.47936088156652196,30.363488526298614,,,
fixed_share,46,0.039059079786989144,0.4035492538754976,0.01897300681257181,0.04646776698965883,0.05758428432409023,0.4734256879981814,31.402381162554576,,,
fixed_share,47,0.025005520992580473,0.4117832347712501,0.022591544274819325,0.047118009127949105,0.05005618675117373,0.46845102507480774,31.779647316239195,,,
fixed_share,48,0.02192732608234523,0.4047889873835132,0.024652129706959357,0.05602108673698163,0.048586292192085614,0.4659515039804601,31.343479733999736,,,
fixed_share,49,0.02674073306970678,0.3947950829692003,0.02471393804380633,0.06572978265170332,0.05218615447537033,0.4625750418599196,30.7509619315174,,,
fixed_share,50,0.020541618550603366,0.3981061477189269,0.022102530540055162,0.06235864237580468,0.05914589900094549,0.4582867803642678,30.92558353890945,,,
fixed_share,51,0.029330681803973368,0.41101551628992494,0.020156812385580727,0.05152578940330242,0.060901871331934095,0.4564000105892578,31.65157840556413,,,
fixed_share,52,0.024097439924320826,0.42024666789596943,0.02012513978330076,0.04611320388766439,0.05429740948769171,0.45921757894537374,32.182392796853534,,,
fixed_share,53,0.028451185386757432,0.4113813935957238,0.022933194898784343,0.05242428462132684,0.04893709109455856,0.46432403578960635,31.706185803222592,,,
fixed_share,54,0.033165961527364334,0.39479841283204165,0.02472014233998955,0.06421242811249973,0.04981255521228351,0.4664564615031855,30.78434054413057,,,
fixed_share,55,0.024340219422782982,0.3842568114612244,0.02309163399941536,0.06823913811282797,0.05617760433442561,0.4682348120921067,30.23174833564184,,,
fixed_share,56,0.03587840440874518,0.3968790358423551,0.021238760572149004,0.05707013016230371,0.06149458215766744,0.4633174912655247,30.922098254421385,,,
fixed_share,57,0.04012329477609046,0.41694068323040034,0.02065735577782446,0.04807687429055999,0.05770435742293375,0.4566207292782814,31.97794968433,,,
fixed_share,58,0.026609828409181618,0.4273348007867136,0.02275358938698664,0.04889143732967537,0.050398635025720236,0.4506215374709041,32.471007918351525,,,
fixed_share,59,0.026793239896915556,0.4193402505344387,0.026293759097717813,0.05874788756740201,0.04767687687342977,0.44794122592701174,31.96786775495842,,,
fixed_share,60,0.025562362883956836,0.41173429336006384,0.02578483103484866,0.06770833667510859,0.051497609207701626,0.44327492972227733,31.499299723229797,,,
fixed_share,61,0.018154798506997256,0.4134529731584905,0.022985009534722815,0.06343713186815172,0.05885632866277354,0.44126855677586135,31.610228890150083,,,
fixed_share,62,0.03860348344233823,0.4308981755481292,0.01993247607126933,0.051913907234260176,0.06071286799430399,0.4365425731520373,32.56615083075045,,,
fixed_share,63,0.03016451956473837,0.4440771458675062,0.020327721651997057,0.045022582732257274,0.05252193271393767,0.43805061703430176,33.300386389376925,,,
fixed_share,64,0.021041779994422527,0.4396690401496785,0.024155226934605502,0.05171596744686014,0.04716345744727181,0.4372963080215841,33.011738052688976,,,
fixed_share,65,0.040429444294169455,0.41945431800259375,0.02621161708787933,0.06322650834516712,0.048610107146686087,0.4424974494176737,31.91838526415324,,,
fixed_share,66,0.02473253219359317,0.4082276417858441,0.02507202720783238,0.06639809553054431,0.05501810913790205,0.4452841263378771,31.337029353645704,,,
fixed_share,67,0.035541342972749246,0.4203671724639084,0.021831532294864155,0.05676744921426527,0.06064924994621234,0.44038459608074976,32.004093322526145,,,
fixed_share,68,0.04132288577191659,0.44102861534986676,0.02028793263133248,0.04730352979085836,0.05695338192070955,0.4344265403072329,33.10456068074214,,,
fixed_share,69,0.022954802405591924,0.44946548089169763,0.022774192628229196,0.047857805454926766,0.04956106715802125,0.43034145386712525,33.50598428674077,,,
fixed_share,70,0.023257148811467544,0.4405475515697888,0.025468463323019247,0.05679210916587043,0.04741855338217602,0.42977332255914547,32.97745427451123,,,
fixed_share,71,0.024730166522499274,0.4301700528777822,0.024875057127686274,0.065789331166977,0.050786414642319117,0.4283791441852354,32.38525914438508,,,
fixed_share,72,0.020082148245760097,0.43343641804115246,0.022846066639264105,0.06178395839001137,0.0575611236018289,0.42437243332774316,32.55852495607965,,,
fixed_share,73,0.03918304500471844,0.45127967210300984,0.019970001892614504,0.04992521783405177,0.05930939204233075,0.41951571612799315,33.53491175166358,,,
fixed_share,74,0.022163681876289497,0.46176558112455823,0.020500890175097215,0.04543770500806187,0.05271506393017584,0.41958075976210674,34.1058849568535,,,
fixed_share,75,0.025689669528805848,0.4543827275746881,0.02377953263842893,0.05327212126981805,0.04725308271564307,0.4213125358014218,33.675706631158576,,,
fixed_share,76,0.03919930919163344,0.4347830729788714,0.02545869626484186,0.06449096263799978,0.04899913870991157,0.4262681294083754,32.61666374559776,,,
fixed_share,77,0.020702207521571384,0.4270308391985884,0.022859826284339108,0.06705872226290603,0.05524834589451731,0.427802266359649,32.221856495285074,,,
fixed_share,78,0.02640945488049545,0.4346924106251852,0.020972270736573987,0.05770473260308646,0.06079150190816827,0.425839084126986,32.66291879719193,,,
fixed_share,79,0.04873165247050856,0.4590582368604395,0.020002158371828234,0.04592564868903018,0.056044951790848986,0.41896900428785305,33.959154038631176,,,
fixed_share,80,0.023466997129857742,0.4673128870552078,0.023481006741988813,0.04568154221011932,0.04858077377946665,0.41494379021321737,34.34857733612613,,,
fixed_share,81,0.020356324875117005,0.45871102807999203,0.025108576246397042,0.05423213514326961,0.04703483606402228,0.414913424466319,33.84849846145235,,,
fixed_share,82,0.028881452648249983,0.4451524376681266,0.02631018962149808,0.06367323536760396,0.05083284878871186,0.4140312885540594,33.07874413708972,,,
fixed_share,83,0.01627192035661205,0.44631453910641766,0.022954840563847157,0.05976388123186266,0.0578067075287269,0.41316003156914566,33.17000622531362,,,
fixed_share,84,0.03737813881667665,0.46374555000807394,0.02070041211334789,0.047967061395642954,0.05906476603540894,0.4085222104475263,34.122098905297946,,,
fixed_share,85,0.03467347866787246,0.4810822893420102,0.020094842836220872,0.042208051676499436,0.05108212603294955,0.40553269011232,35.04668890218946,,,
fixed_share,86,0.01961489287545437,0.4759975355275086,0.021848457257668673,0.04877568585173559,0.04635943340972386,0.40701888795336316,34.750808111678545,,,
fixed_share,87,0.03720629392815543,0.45739438856343095,0.02481000558385709,0.06068331674947204,0.0478912559955204,0.4092210331077195,33.71485652511485,,,
fixed_share,88,0.01641491937470696,0.450371488563517,0.023903372150758093,0.062359689758742835,0.054422342673603026,0.4089431068533789,33.33943164990053,,,
fixed_share,89,0.030006417224609193,0.4595891385490059,0.021236549347869844,0.053840367395538116,0.06020790130041877,0.40512604340716735,33.851325881278115,,,
fixed_share,90,0.03986928968473385,0.47952378339137286,0.02063135509634205,0.04621201334125181,0.05654000813450199,0.39709284003653134,34.885774216055424,,,
fixed_share,91,0.022888195490361744,0.4877281354625934,0.02236033883753314,0.047722775274020995,0.04937418504823031,0.3928145653776221,35.27424000303952,,,
fixed_share,92,0.02611494558706727,0.4772957042343921,0.027188454695031776,0.055952132210056,0.047135104459484545,0.39242860440103555,34.65673329821961,,,
fixed_share,93,0.02932327923491386,0.46263406461693524,0.027199594940671902,0.06397291432440963,0.051115227019668516,0.3950781990983148,33.8660635914441,,,
fixed_share,94,0.018122348341985818,0.46373622523837765,0.023635088961869298,0.06027344919044726,0.05907424056921894,0.3932809960400868,33.94808257938162,,,
fixed_share,95,0.03558657252909476,0.48034980001936567,0.019885948209033513,0.04927884818701673,0.06025395205277832,0.3902314515318058,34.87372847974675,,,
fixed_share,96,0.03170870442666317,0.49525526826658584,0.02083483217514488,0.04478269406987575,0.05298825576080205,0.3861389497275914,35.64736209689181,,,
fixed_share,97,0.02634412685717957,0.4874267109922352,0.023286601790143406,0.05079059080447033,0.047644749606562876,0.39085134680658806,35.22669313627584,,,
fixed_share,98,0.03454708417620248,0.47015316890413406,0.025018776751676325,0.0642124824841557,0.04914971916860482,0.39146585269142914,34.25141633031243,,,
fixed_share,99,0.02690257183795415,0.458528930047556,0.023191729689277296,0.06673687203799958,0.056034081430825305,0.39550838679434186,33.6644941337932,,,
fixed_share,100,0.034602220755312385,0.47142496278893736,0.02080354002228821,0.056010503643782024,0.0604391590671001,0.39132183447789226,34.375912614450066,,,
fixed_share,101,0.04251296078371276,0.49268144318079377,0.01969749312600453,0.04703024677481168,0.056794206227658524,0.3837966106907315,35.492386817561915,,,
fixed_share,102,0.024621866158644215,0.502357746116085,0.022029397733339118,0.0473329723115079,0.049003086434660934,0.3792767974044069,35.958389850337284,,,
fixed_share,103,0.025607388778420653,0.49118553893159095,0.024496600404247015,0.056726369049989976,0.0473715992299447,0.3802198923842273,35.32048773143847,,,
fixed_share,104,0.029934192651087935,0.47621844260604695,0.024970374838748054,0.0658362008274136,0.051404230353664204,0.3815707513741271,34.49740566539723,,,
fixed_share,105,0.015264839444676576,0.4755140104481461,0.022703816594793993,0.06117477150693023,0.05895201490648912,0.3816553865436405,34.492908273960744,,,
fixed_share,106,0.036176454010912844,0.49267417640899097,0.020247024860888828,0.049271519457404545,0.059880075951100696,0.37792720332161495,35.43865354593288,,,
fixed_share,107,0.036362510191654325,0.5103067378465286,0.020795718519178386,0.04411068354204084,0.05304808983219505,0.37173877026005714,36.34721145240318,,,
fixed_share,108,0.020170504611036977,0.5058010256341708,0.022475418038995117,0.04937525590684538,0.047468549739034305,0.37487975068095436,36.09925908151638,,,
fixed_share,109,0.039775328944806856,0.4859133611617674,0.025057336356565596,0.05984152857008052,0.04902009781363971,0.38016767609794677,35.02487174183959,,,
fixed_share,110,0.02405990452370816,0.47589506016005695,0.023045685096421943,0.06373011663492203,0.055306954615779204,0.3820221834928198,34.503398895814534,,,
fixed_share,111,0.0344305726158642,0.4885234702597356,0.0200102963668096,0.0524638953300601,0.059893830824032705,0.379108507219362,35.21558611478042,,,
fixed_share,112,0.04019420226936036,0.5086205713944157,0.019800792783018994,0.04349590994569796,0.055727186040662485,0.3723555398362048,36.27059066627656,,,
fixed_share,113,0.019653511584566713,0.5155385804062614,0.021951662664425935,0.04425378684472864,0.04817447821350651,0.37008149187107736,36.60539008126393,,,
fixed_share,114,0.022048022880730024,0.5069211568610719,0.023773042221113594,0.05345641872840603,0.04678809084575152,0.36906129134365695,36.093786424802104,,,
fixed_share,115,0.033329637798430754,0.49025633796185647,0.025625693794719337,0.0615133355343772,0.05076781176547313,0.3718368209435738,35.18663615367758,,,
fixed_share,116,0.019468464171362564,0.4852945482056816,0.02318590411482806,0.05918068288476205,0.05848647857785455,0.3738523862168736,34.96173960219122,,,
fixed_share,117,0.03254996319575219,0.5000196556125269,0.020301814599138397,0.048148624051530024,0.060036352768885345,0.37149355296791925,35.787091234438414,,,
fixed_share,118,0.038240642550229034,0.518265236670121,0.021176554816658866,0.04308537219475538,0.05193247647673572,0.36554035984172906,36.727439244729545,,,
fixed_share,119,0.02118377922756877,0.5128311463675568,0.023623707459449333,0.04880372263139456,0.04677467716551558,0.3679667463760838,36.418860846830825,,,
learn_alpha,4,,0.2,0.2,0.2,0.2,0.2,17.0,,,
learn_alpha,5,0.11414032321030745,0.21464560866965876,0.14292983839484633,0.21313333559617753,0.21464560866965876,0.21464560866965876,18.16862414742574,,,
learn_alpha,6,0.11345701007349902,0.23355511034857526,0.09970806087368787,0.19962660808058644,0.23355511034857526,0.23355511034857523,19.616551823350044,,,
learn_alpha,7,0.08344615037409849,0.24746280207759166,0.07727357656502382,0.18033801720220125,0.24746280207759166,0.24746280207759166,20.662774596456554,,,
learn_alpha,8,0.022692906317831052,0.25085728868518037,0.06592712340610829,0.18150101053835066,0.25085728868518037,0.25085728868518037,20.92987053852077,,,
learn_alpha,9,0.06940420418621912,0.24229967785653084,0.06919866284064347,0.21293157319692502,0.23327040824936984,0.24229967785653084,20.27106240156029,,,
learn_alpha,10,0.08581448916262692,0.22831264348359906,0.06516943678409041,0.2558388177782384,0.22236645847047293,0.22831264348359906,19.284386717198444,,,
learn_alpha,11,0.02757232743348629,0.23048961029546358,0.056045152597017346,0.25117693824856835,0.23179868856348704,0.23048961029546358,19.488397949151437,,,
learn_alpha,12,0.1162456772571048,0.25465634488463157,0.04606541213898249,0.2030338400780508,0.24158805801370348,0.25465634488463157,21.190852859931795,,,
learn_alpha,13,0.12113002124180573,0.284938850195083,0.04374007776491469,0.16764084912807098,0.2187413727168483,0.284938850195083,23.163327148603212,,,
learn_alpha,14,0.10452889058641655,0.30987642247705616,0.046129378494176754,0.1575257192048886,0.17659205734682246,0.30987642247705616,24.685706200838755,,,
learn_alpha,15,0.054031289198005275,0.31971517672980554,0.05009152719432934,0.16090170659823985,0.1495764127478198,0.31971517672980554,25.238754614229396,,,
learn_alpha,16,0.021676532235904475,0.31827833960626495,0.04887443523857746,0.17173997271619207,0.1420437534099543,0.31906349902901127,25.121989990038887,,,
learn_alpha,17,0.044394736291263226,0.32630965763218267,0.04410028783865544,0.15431675197048253,0.14992123157349552,0.325352070985184,25.690007616488106,,,
learn_alpha,18,0.07526028578238171,0.3445924027960137,0.04125826220133401,0.12085706149864492,0.14859280479146367,0.34469946871254376,26.94531580997395,,,
learn_alpha,19,0.06687868840977915,0.35035316846335907,0.04374690820631508,0.10876429912504305,0.12724622296017593,0.3698894012451069,27.460405091535716,,,
learn_alpha,20,0.057243270089271936,0.3386954220560177,0.04704901688454215,0.11385803538591029,0.11028233432288136,0.3901151913506486,26.943937465572585,,,
learn_alpha,21,0.054572928930371814,0.31615874218644385,0.048400291564181463,0.13113806347898174,0.10553254972726928,0.3987703530431237,25.732851803882376,,,
learn_alpha,22,0.02524350433928147,0.3067210740916264,0.04575308484541859,0.13060118612292126,0.11172638704058813,0.4051982678994455,25.29568154858812,,,
learn_alpha,23,0.05625620245763359,0.3217400629724668,0.04057766625470408,0.10764850348481902,0.11669423123206338,0.4133395360559467,26.27154007846487,,,
learn_alpha,24,0.06703782721066093,0.3453566570663526,0.040052277318362944,0.08697681455619878,0.10437239549169433,0.4232418555673914,27.678374891353457,,,
learn_alpha,25,0.03886589329683618,0.3599023425749001,0.04090678998517505,0.08339405690790169,0.08852220649157332,0.42727460404044987,28.4867294172102,,,
learn_alpha,26,0.027904814661643303,0.3562015742536183,0.043787362534188724,0.09446589168970963,0.08140115612962462,0.4241440153928587,28.20710380122781,,,
learn_alpha,27,0.01789158676001757,0.35224928992173477,0.0437512008727203,0.10060870235221407,0.08420413884712896,0.41918666800620186,27.938577027250176,,,
learn_alpha,28,0.031169258705259155,0.3589719014586403,0.03890951471261243,0.08986575915969246,0.09179703538523615,0.4204557892838188,28.375781177380222,,,
learn_alpha,29,0.03282946750866245,0.368977492029527,0.0367147092940543,0.07599587026306116,0.09144699594609429,0.42686493246726326,29.019589868019203,,,
learn_alpha,30,0.0379568714950723,0.37542035074464225,0.038010049998564985,0.06890792688040076,0.07955650358121848,0.4381051687951734,29.460322763519258,,,
learn_alpha,31,0.043474431622565854,0.36094640253669524,0.04250091441798633,0.0762798835612356,0.07229323597788256,0.44797956350620016,28.70589125823539,,,
learn_alpha,32,0.04333213181967496,0.33928033662685775,0.04541844885716137,0.08860053045258585,0.07268837780303475,0.45401230626036015,27.53303117009267,,,
learn_alpha,33,0.025936967765624167,0.32812770000049835,0.04360260160070875,0.09254824752585246,0.08061549076852222,0.45510596010441823,26.944701221049677,,,
learn_alpha,34,0.04192899661196184,0.34110607285491495,0.037834494612914465,0.0773518562076658,0.08610998540814169,0.45759759091636304,27.745390605216883,,,
learn_alpha,35,0.04342196020798665,0.36281705295890826,0.037204931620102424,0.06767515957398129,0.07940880133750466,0.45289405450950326,28.90563196037212,,,
learn_alpha,36,0.026540058849649495,0.37416562219016436,0.039126391813671155,0.06659449178775742,0.06791917203981473,0.4521943221685924,29.495001913225803,,,
learn_alpha,37,0.0341701446137416,0.3685065922369323,0.04435035836131013,0.07845559754698911,0.06338628420712707,0.4453011676476412,29.06803302173508,,,
learn_alpha,38,0.03245728861014851,0.36006355411982505,0.04500733034969923,0.08946279584017922,0.06795075823062222,0.4375155614596743,28.518082133109537,,,
learn_alpha,39,0.025745845093989313,0.36257271433816096,0.040675187770990856,0.08092201587189293,0.076177123663976,0.43965295835497925,28.72618537829387,,,
learn_alpha,40,0.0390233551402961,0.3778619459097781,0.036448183548291026,0.06563734252444478,0.07679495719876263,0.4432575708187236,29.648247657561782,,,
learn_alpha,41,0.028308867442556097,0.38369786510300696,0.036984322087466937,0.06059024661114741,0.06768761939078187,0.4510399468075968,30.028999559143156,,,
learn_alpha,42,0.02869528453465861,0.37477119532038466,0.04002562258215177,0.06688099208801486,0.06226664690607486,0.4560555431033738,29.547584449859034,,,
learn_alpha,43,0.03239517530331734,0.35857360766872604,0.04099503018773468,0.07721526068863857,0.06334240737918578,0.459873694075715,28.668685841091524,,,
learn_alpha,44,0.018432321594221715,0.3524492473229995,0.03790322973635035,0.07779399966669115,0.07007119491895626,0.46178232835500277,28.373691029519126,,,
learn_alpha,45,0.02853131465461673,0.36168266193716225,0.03517302685818293,0.06716397097067531,0.07510343763210188,0.4608769026018777,28.915625355850946,,,
learn_alpha,46,0.03881200395619678,0.3810886639152606,0.0322113533665158,0.057957859513990254,0.07031513155069424,0.45842699165353906,29.981588570828528,,,
learn_alpha,47,0.02525449570855144,0.3879994081121044,0.0369846315355859,0.05890108500235201,0.06128204197941586,0.4548328333705417,30.290286334312402,,,
learn_alpha,48,0.02391339769305064,0.37996636046372395,0.039338958094053085,0.06850345729041024,0.0598569022545091,0.4523343218973037,29.794509780132536,,,
learn_alpha,49,0.027341403818807626,0.36967316382852533,0.039250460233812096,0.07793847281987695,0.06409258863444614,0.44904531448333945,29.188738231612838,,,
learn_alpha,50,0.021626325012287534,0.3731892577860593,0.03568978370745067,0.0731180762845695,0.07138965718305598,0.44661322503886464,29.398712230550217,,,
learn_alpha,51,0.029488629617384937,0.38625805788363693,0.03281590979348617,0.06124763538984149,0.07208679204627991,0.44759160488675553,30.162932301719763,,,
learn_alpha,52,0.02834518356905532,0.3954037803444027,0.03233135314075113,0.055687146677698904,0.06395924562662983,0.4526184742105174,30.707992972171663,,,
learn_alpha,53,0.03059391596379265,0.3860398021613295,0.03581733598624394,0.062488807135808094,0.05802626582780675,0.4576277888888117,30.19864479231145,,,
learn_alpha,54,0.03328647983735569,0.36939656224265166,0.038053437456057465,0.07432218848661876,0.05941793552644997,0.4588098762882222,29.264077554195275,,,
learn_alpha,55,0.023638624872257374,0.359879264818724,0.035751422443856345,0.07692505599912026,0.0661298652162257,0.46131439152207354,28.780593017387268,,,
learn_alpha,56,0.0350784068383168,0.3726092059485892,0.03317293401141755,0.06467662597492566,0.07093912750551899,0.45860210655954864,29.50075855322386,,,
learn_alpha,57,0.03914881704649717,0.39218361447183775,0.03194872709669154,0.055489259788813444,0.06572252071864731,0.4546558779240099,30.554673310740068,,,
learn_alpha,58,0.02554016972504064,0.4013968102572435,0.0343286559706836,0.05666621999193602,0.05773301609250796,0.449875297687629,30.990521211655462,,,
learn_alpha,59,0.028976150758254104,0.3923954409124762,0.038678351778133585,0.06680459956361301,0.0553645010060448,0.44675710673973235,30.424969606616113,,,
learn_alpha,60,0.025738972934606613,0.3847176320164266,0.03788914890745328,0.07511472270617899,0.05992386433078224,0.44235463203915903,29.95872313687529,,,
learn_alpha,61,0.018953762553270373,0.3867487893366128,0.034326633873849904,0.06979509537602205,0.06736958828723116,0.44175989312628405,30.104864901977276,,,
learn_alpha,62,0.036277571212646624,0.40406609961790946,0.030232970216024176,0.058005778257869636,0.06819106361225775,0.43950408829593884,31.078610963493148,,,
learn_alpha,63,0.03163205010501614,0.41662841967272535,0.03042799282412414,0.05141303044428697,0.05896778637333236,0.44256277068553107,31.791025558731267,,,
learn_alpha,64,0.023485751438780466,0.41132071254176156,0.03507169260794915,0.05851220637985225,0.053494051780403784,0.44160133669003326,31.446728140376493,,,
learn_alpha,65,0.039911369980169135,0.39136502755167707,0.03745502493436148,0.06974666062700297,0.05552730257269978,0.4459059843142589,30.359971558324517,,,
learn_alpha,66,0.02364117222882585,0.38100910259956666,0.035990363772058914,0.07190346068694498,0.06231407914647562,0.4487829937949539,29.831407368961578,,,
learn_alpha,67,0.034901826670498834,0.39339392284214014,0.03185309966183343,0.061784682688616144,0.0673801722391515,0.44558812256825875,30.530737439885772,,,
learn_alpha,68,0.04069082281545055,0.4137393342498654,0.029583443971102345,0.052434397288298656,0.06247380958333694,0.4417690149073966,31.633329566614833,,,
learn_alpha,69,0.022531757203017658,0.42133756620810503,0.032416027365646076,0.05326946053702415,0.05459961034705478,0.43837733554216995,31.991958351482783,,,
learn_alpha,70,0.023512879042710377,0.41220634471629225,0.03541311346951123,0.06202881395451423,0.05266451817270493,0.43768720968697744,31.450152801137207,,,
learn_alpha,71,0.023286661266081338,0.40250158022741267,0.03451772049770041,0.07000987590454837,0.056326786855711415,0.43664403651462713,30.901946181050864,,,
learn_alpha,72,0.02050234467816088,0.40617995382738836,0.032079704026073234,0.06521698248244062,0.0628995855948162,0.43362377406928165,31.109557817250355,,,
learn_alpha,73,0.037145389379393955,0.4239516505418304,0.02836118448090267,0.053555771384453325,0.063700583570071,0.4304308100227424,32.09806295645298,,,
learn_alpha,74,0.023402133915122806,0.4341951765154502,0.028636874551412995,0.04931616719937236,0.05623912079759062,0.4316126609361738,32.66454706576611,,,
learn_alpha,75,0.025888731477504385,0.4267635944125904,0.03228972441867287,0.05692016598777781,0.050726337161698234,0.43330017801926063,32.230152739538966,,,
learn_alpha,76,0.0377021243036041,0.40791253226078844,0.03420540069101792,0.0672544186244142,0.05293409401210131,0.4376935544116783,31.20896901205977,,,
learn_alpha,77,0.019293825394217173,0.40133235152172486,0.03113866873297283,0.06868140207982759,0.05914346925046081,0.4397041084150139,30.88698576883937,,,
learn_alpha,78,0.02555264521188453,0.40954362613650874,0.028817606352234217,0.059129588483443574,0.06370851724161924,0.4388006617861943,31.367992825691143,,,
learn_alpha,79,0.04802590197770732,0.4335565771253624,0.027185618309588898,0.047979743485492186,0.05798994318605506,0.4332881178935015,32.65648272909922,,,
learn_alpha,80,0.022830982600078646,0.4411740434591241,0.03090216288357262,0.048061223877786,0.05046027605606483,0.42940229372345234,33.01038248658516,,,
learn_alpha,81,0.01932070412242208,0.4328505152371571,0.0323995940119092,0.0562241448106606,0.04921656154825992,0.4293091843920133,32.52694745499932,,,
learn_alpha,82,0.027032683673757586,0.4202294279166187,0.033693498323906786,0.06452237148828804,0.053140772395513534,0.4284139298756728,31.810806712813907,,,
learn_alpha,83,0.01682626282625683,0.4222424161431866,0.029823378161618938,0.06012480995818064,0.059540915582074194,0.42826848015493973,31.95728790787103,,,
learn_alpha,84,0.03543523173088455,0.43983009617435076,0.026994216747982205,0.048873212311797753,0.059670851416352255,0.42463162334951704,32.925958310952126,,,
learn_alpha,85,0.03389223236575616,0.4567762123572288,0.02592801349702726,0.04369966482448874,0.05147661930818312,0.42211949001307203,33.83360894474451,,,
learn_alpha,86,0.01883263485198554,0.45178618100551776,0.027736430430686895,0.050015386146386856,0.04705033323390139,0.42341166918350703,33.54206915040732,,,
learn_alpha,87,0.03536340924322059,0.4341044763839075,0.031089446564302504,0.06071580817588216,0.048858818974836,0.4252314499010718,32.554757485565254,,,
learn_alpha,88,0.013835014543791439,0.42824719973286396,0.030059462845409085,0.061434086216250974,0.05505804820636289,0.425201202999113,32.24741688489812,,,
learn_alpha,89,0.029208264348464602,0.4382547076724285,0.026918233362621592,0.053073226510111544,0.05965467244103064,0.42209916001380765,32.808391320519185,,,
learn_alpha,90,0.039897057601733794,0.45820323647329547,0.025947223096708313,0.046068595196877185,0.05532085097780609,0.414460094255313,33.84603447350409,,,
learn_alpha,91,0.022488210406156957,0.4663409153279636,0.027578247352052214,0.047543997289943546,0.048460208574935895,0.41007663145510465,34.23095945929572,,,
learn_alpha,92,0.024498169665861075,0.45657553918085914,0.03259084691481268,0.05478048256011365,0.04660382511438446,0.40944930622983006,33.64998170846501,,,
learn_alpha,93,0.026825721290341498,0.44335495188283564,0.0323985735676655,0.0614210404390581,0.05055029710499995,0.41227513700544094,32.94366280566615,,,
learn_alpha,94,0.018403873465356137,0.4454996832925081,0.02860583375664704,0.05755612478043355,0.057607502428005476,0.4107308557424058,33.08473970303815,,,
learn_alpha,95,0.03408903592341959,0.4624142618343088,0.024426401643458377,0.04757102840197104,0.05773744184791453,0.4078508662723471,34.02606941765616,,,
learn_alpha,96,0.03130132174005365,0.4773365983610778,0.02515472598671621,0.04355909099355112,0.050403071948445954,0.4035465127102088,34.79850058221408,,,
learn_alpha,97,0.024259642491117017,0.4700137092581126,0.027540929501396232,0.04892973052217685,0.04559613980585262,0.40791949091246155,34.405198527970114,,,
learn_alpha,98,0.03145979517687819,0.4542838116696737,0.02940313054899831,0.06047467391281791,0.04736150189355308,0.40847688197495724,33.518062713372146,,,
learn_alpha,99,0.023696739437290823,0.44429995242600756,0.027538620074018937,0.06180210537503878,0.05355639063072223,0.41280293149421254,33.02507785709362,,,
learn_alpha,100,0.03356530829965551,0.4578945966195371,0.024874694096514733,0.051916931900761985,0.056744400587020405,0.40856937679616573,33.771483366226484,,,
learn_alpha,101,0.042858129429266145,0.4793236613341702,0.023343409566881843,0.04404301646001795,0.05260634737246361,0.4006835652664664,34.89270648433492,,,
learn_alpha,102,0.024505186999918275,0.48918495690738284,0.025445510830294952,0.044332213123351255,0.045440359840000215,0.3955969592989706,35.36597951370891,,,
learn_alpha,103,0.022386622052051264,0.47917296111957147,0.02781634287523886,0.052358705302072164,0.04425904460178606,0.3963929461013315,34.79458468358688,,,
learn_alpha,104,0.02634572219139922,0.4660001000238718,0.028310094177161908,0.05965312692374743,0.04806899241376737,0.3979676864614515,34.075306033737405,,,
learn_alpha,105,0.013989221735700972,0.4666256215109144,0.02594514607912777,0.05502346415393105,0.054305812733080966,0.39809995552294575,34.142092895648595,,,
learn_alpha,106,0.03484639237333468,0.4840488176975818,0.023202654151143448,0.04479308552167648,0.05424799412385045,0.39370744850574785,35.0921512105185,,,
learn_alpha,107,0.03584112576234444,0.5017484050181289,0.023423629711768514,0.04050616723819885,0.04773517739552278,0.3865866206363809,35.99620536319209,,,
learn_alpha,108,0.017333017061529878,0.497785580285371,0.02493201835792281,0.04513272671078439,0.04303149359751569,0.38911818104840595,35.77634000547283,,,
learn_alpha,109,0.036789928811291686,0.4793906158797252,0.027591569631669057,0.05391655683679622,0.04478363631945168,0.39431762133235776,34.78671034581474,,,
learn_alpha,110,0.020466780378795044,0.4710827305986998,0.025666064723296973,0.05669871085014316,0.05028764804467992,0.39626484578318016,34.360447410473,,,
learn_alpha,111,0.03324139293559929,0.4844737847572752,0.022473833899143564,0.04679307097008341,0.05351729035390407,0.3927420200195936,35.10428944499754,,,
learn_alpha,112,0.04086492988224336,0.504906249698397,0.02189224119922182,0.03917659593422637,0.04907910287229572,0.38494581029585917,36.16659207515382,,,
learn_alpha,113,0.01966764809975299,0.5123138072476993,0.02365949115329925,0.03983561248072314,0.042433902866102186,0.38175718625217614,36.5236326910506,,,
learn_alpha,114,0.018554334454938058,0.5052044992145228,0.025295496898869268,0.04747677396262213,0.041510525161940585,0.38051270476204513,36.09774731446032,,,
learn_alpha,115,0.028749475828651855,0.49082976130019695,0.027009433587790108,0.05356301085053165,0.044934718238078625,0.3836630760234027,35.32331023614539,,,
learn_alpha,116,0.016253555164939565,0.48756805450659185,0.02462028503374457,0.05108708861571239,0.05106852657975777,0.3856560452641932,35.1886291410334,,,
learn_alpha,117,0.03139773515631216,0.5028186437348073,0.021639302783320997,0.041827424399627736,0.05151680492969844,0.38219782415254544,36.02762737271417,,,
learn_alpha,118,0.037907457684146315,0.521301178695625,0.02211049666457665,0.03760051334453005,0.04421393536460147,0.3747738759306671,36.969314569017214,,,
learn_alpha,119,0.016945865381592658,0.5170819612614891,0.02414306649313598,0.042166482139292576,0.03996022010794097,0.3766482699981415,36.728357509329925,,,
m5b_smooth0,4,,0.20000606775283813,0.20000606775283813,0.20000606775283813,0.20000606775283813,0.20000606775283813,17.00051575899124,,,
m5b_smooth0,5,0.3430473878979683,0.19165383279323578,0.05352387577295303,0.37151455879211426,0.19165383279323578,0.19165383279323578,16.692028008401394,,,
m5b_smooth0,6,0.618328033015132,0.2947084903717041,0.017667973414063454,0.09820640087127686,0.2947084903717041,0.2947084903717041,24.183674896135926,,,
m5b_smooth0,7,0.16685490775853395,0.3225175440311432,0.012145969085395336,0.02030065841972828,0.3225175440311432,0.3225175440311432,26.19696901086718,,,
m5b_smooth0,8,0.04065307881683111,0.31860387325286865,0.032472990453243256,0.011715613305568695,0.31860387325286865,0.31860387325286865,25.87453356385231,,,
m5b_smooth0,9,0.4563901498913765,0.25105589628219604,0.24863800406455994,0.023745335638523102,0.22550441324710846,0.25105589628219604,20.476541228592396,,,
m5b_smooth0,10,0.8446761034429073,0.1070818081498146,0.648996114730835,0.04572530463337898,0.09111456573009491,0.1070818081498146,9.348027791827917,,,
m5b_smooth0,11,0.6015543006360531,0.2025759071111679,0.3482191562652588,0.1211216002702713,0.1255073994398117,0.2025759220123291,16.580753087997437,,,
m5b_smooth0,12,0.5430904850363731,0.33834847807884216,0.08540570735931396,0.12037862837314606,0.11751846224069595,0.33834847807884216,26.306958205997944,,,
m5b_smooth0,13,0.3996218014508486,0.43825381994247437,0.018635762855410576,0.04954272508621216,0.05531328171491623,0.43825390934944153,32.985240837559104,,,
m5b_smooth0,14,0.15966682927682996,0.47817057371139526,0.005174265708774328,0.01896221563220024,0.019521966576576233,0.4781706631183624,35.5833383849822,,,
m5b_smooth0,15,0.0442864631768316,0.48924243450164795,0.0021573833655565977,0.010454423725605011,0.008903899230062962,0.4892425239086151,36.2997893539723,,,
m5b_smooth0,16,0.02181058342102915,0.4847005307674408,0.0013288540067151189,0.008173977956175804,0.005648953840136528,0.50014728307724,36.149487273884006,,,
m5b_smooth0,17,0.016683456022292376,0.4930424690246582,0.001099193119443953,0.007891102693974972,0.004548621363937855,0.4934186339378357,36.547021867358126,,,
m5b_smooth0,18,0.009005572472233325,0.4975450336933136,0.0008567388285882771,0.007077580783516169,0.003439015708863735,0.49108120799064636,36.77400152460905,,,
m5b_smooth0,19,0.32577605720143765,0.33628976345062256,0.0006558233289979398,0.006380080711096525,0.002705379854887724,0.653969943523407,29.371698740811553,,,
m5b_smooth0,20,0.4715695080230944,0.10263921320438385,0.0004993483889847994,0.005058313719928265,0.0020489562302827835,0.8897542357444763,18.64492907584645,,,
m5b_smooth0,21,0.1503755311423447,0.02883172035217285,0.00041373554267920554,0.0041465722024440765,0.001666313037276268,0.9649422764778137,15.263612735230708,,,
m5b_smooth0,22,0.03514396361424588,0.01168996561318636,0.000389106513466686,0.003880751319229603,0.0015258841449394822,0.9825136065483093,14.479300977953244,,,
m5b_smooth0,23,0.010595379659207538,0.0063928565941751,0.0004139878728892654,0.003977229818701744,0.0015311979223042727,0.9876852035522461,14.234228308167076,,,
m5b_smooth0,24,0.005222466366831213,0.003928264137357473,0.0003960688191000372,0.0038983053527772427,0.0014806721592321992,0.9902957081794739,14.12229145274614,,,
m5b_smooth0,25,0.002762285206699744,0.003473796881735325,0.0005088217440061271,0.004746574908494949,0.0019011518452316523,0.9893693923950195,14.087655915820505,,,
m5b_smooth0,26,0.012520320306066424,0.004678916186094284,0.0008992641232907772,0.007903311401605606,0.0034086001105606556,0.9831088185310364,14.092727829702199,,,
m5b_smooth0,27,0.026611928828060627,0.0072715976275503635,0.0017391825094819069,0.014745885506272316,0.006440108176320791,0.9698035717010498,14.104603457730263,,,
m5b_smooth0,28,0.039486018009483814,0.010616512037813663,0.002981805242598057,0.025571489706635475,0.010770197957754135,0.9500607848167419,14.09292936976999,,,
m5b_smooth0,29,0.03948646318167448,0.014150477014482021,0.004419516772031784,0.03540404513478279,0.01570862904191017,0.9303169846534729,14.094058461487293,,,
m5b_smooth0,30,0.0075905537232756615,0.014728954061865807,0.00487341545522213,0.031609177589416504,0.015900177881121635,0.9328887462615967,14.155181884765625,,,
m5b_smooth0,31,0.04232190549373627,0.02108839713037014,0.007424389943480492,0.040796611458063126,0.01896333135664463,0.9117278456687927,14.292051210999489,,,
m5b_smooth0,32,0.19888877868652344,0.036513037979602814,0.014328040182590485,0.11062563955783844,0.026250043883919716,0.8122830986976624,14.092700926586986,,,
m5b_smooth0,33,0.7718269545584917,0.05332708731293678,0.024102654308080673,0.4637150764465332,0.032485198229551315,0.42636939883232117,10.811441093683243,,,
m5b_smooth0,34,0.5743365194648504,0.06732051819562912,0.025297343730926514,0.17984814941883087,0.029184160754084587,0.6983498334884644,14.58525967784226,,,
m5b_smooth0,35,0.3813353944569826,0.060273122042417526,0.01443406566977501,0.022112499922513962,0.014162898063659668,0.889017641544342,16.242546156048775,,,
m5b_smooth0,36,0.0562431626021862,0.06706642359495163,0.010014230385422707,0.004706599749624729,0.007866804488003254,0.9103456735610962,16.848026506602764,,,
m5b_smooth0,37,0.060885055689141154,0.09716185182332993,0.010361646302044392,0.0021464170422405005,0.0066896830685436726,0.8836407661437988,18.26431051432155,,,
m5b_smooth0,38,0.10946413548663259,0.14856231212615967,0.01313981506973505,0.0015776471700519323,0.00724248681217432,0.8294768333435059,20.594984558643773,,,
m5b_smooth0,39,0.17292018968146294,0.22959035634994507,0.017312999814748764,0.0013925115345045924,0.008501449599862099,0.7432019710540771,24.26124965737108,,,
m5b_smooth0,40,0.4133888860233128,0.4315437376499176,0.021072546020150185,0.0012546986108645797,0.009482976980507374,0.5366453528404236,33.49687667947728,,,
m5b_smooth0,41,0.43772684794384986,0.6492744088172913,0.022205965593457222,0.0010953724849969149,0.00905020534992218,0.3183746933937073,43.50255375704728,,,
m5b_smooth0,42,0.08005869993939996,0.6092450618743896,0.03469301760196686,0.0015607911627739668,0.011810329742729664,0.34269145131111145,41.474431730108336,,,
m5b_smooth0,43,0.6362502535339445,0.291119784116745,0.07034853845834732,0.002811248879879713,0.01736288145184517,0.6183578968048096,26.324520057532936,,,
m5b_smooth0,44,0.3808847281616181,0.1006774976849556,0.09802674502134323,0.003901109332218766,0.01857946626842022,0.7788156867027283,17.183855811832473,,,
m5b_smooth0,45,0.10698222811333835,0.04790202155709267,0.09914369881153107,0.0046611810103058815,0.017863428220152855,0.8304293751716614,14.738303785212338,,,
m5b_smooth0,46,0.08536740578711033,0.02821962535381317,0.07972130179405212,0.004563895054161549,0.014382001012563705,0.8731132745742798,14.11085035931319,,,
m5b_smooth0,47,0.09322269260883331,0.03095703199505806,0.11771053820848465,0.00760317500680685,0.01722722314298153,0.826501727104187,13.689556724391878,,,
m5b_smooth0,48,0.4396703476086259,0.04866204410791397,0.3039202392101288,0.016426052898168564,0.024324877187609673,0.606666624546051,11.936527928337455,,,
m5b_smooth0,49,0.08651542291045189,0.058032602071762085,0.32845237851142883,0.0257809367030859,0.023866567760705948,0.5638670921325684,11.94895657710731,,,
m5b_smooth0,50,0.5118307154625654,0.048423729836940765,0.09220178425312042,0.023635786026716232,0.015956111252307892,0.8197827339172363,14.657183986157179,,,
m5b_smooth0,51,0.20421533659100533,0.032477810978889465,0.02231854572892189,0.014897924847900867,0.00841591414064169,0.9218908548355103,14.981064345687628,,,
m5b_smooth0,52,0.06280119717121124,0.024661190807819366,0.0073438542895019054,0.009760101325809956,0.004943519365042448,0.9532905220985413,14.896967551670969,,,
m5b_smooth0,53,0.009365531615912914,0.024928713217377663,0.003993680234998465,0.009060456417500973,0.004311616066843271,0.9577068090438843,14.964974481612444,,,
m5b_smooth0,54,0.016762930201366544,0.030264263972640038,0.003386502852663398,0.011366183869540691,0.005051737651228905,0.9499324560165405,15.187757440609857,,,
m5b_smooth0,55,0.03965023532509804,0.04127868264913559,0.0038787529338151217,0.017397457733750343,0.007337916176766157,0.9301063418388367,15.605646284064278,,,
m5b_smooth0,56,0.05122779426164925,0.056692205369472504,0.004345132037997246,0.02454882487654686,0.009921431541442871,0.9044933319091797,16.211880596354604,,,
m5b_smooth0,57,0.0998535412363708,0.09529970586299896,0.0051275319419801235,0.03185385465621948,0.013151794672012329,0.8545650839805603,17.874645186122507,,,
m5b_smooth0,58,0.2735079685226083,0.21621638536453247,0.006815923843532801,0.04262302443385124,0.01653178408741951,0.7178113460540771,23.27274945238605,,,
m5b_smooth0,59,0.47141335206106305,0.4130541682243347,0.010295062325894833,0.07591170072555542,0.018633447587490082,0.4821052551269531,31.90118796285242,,,
m5b_smooth0,60,0.37627196591347456,0.426184743642807,0.0169228482991457,0.24155420064926147,0.02136901766061783,0.2939697206020355,30.577829280868173,,,
m5b_smooth0,61,0.2628161758184433,0.43227529525756836,0.02072596549987793,0.3630684018135071,0.02061471901834011,0.16331571340560913,29.47717190720141,,,
m5b_smooth0,62,0.8782101413235068,0.8713808655738831,0.011012161150574684,0.05020388960838318,0.009639398194849491,0.05776477977633476,53.32065846864134,,,
m5b_smooth0,63,0.21541881654411554,0.9790903925895691,0.003038451774045825,0.0038264303002506495,0.002373533323407173,0.01167252380400896,58.93997136456892,,,
m5b_smooth0,64,0.023466229904443026,0.9908220171928406,0.001766545814462006,0.000866869930177927,0.0013635692885145545,0.0051793488673865795,59.535744056338444,,,
m5b_smooth0,65,0.004212405619909987,0.9929298758506775,0.0015785034047439694,0.0004122696409467608,0.0012622616486623883,0.003818752244114876,59.64090622632648,,,
m5b_smooth0,66,0.0012677098857238889,0.9923840165138245,0.0018512023380026221,0.0003242503444198519,0.0015790127217769623,0.003863133490085602,59.61100190211437,,,
m5b_smooth0,67,0.0011182030430063605,0.9918820261955261,0.0020794973243027925,0.0002660712052602321,0.0018783860141411424,0.003893498796969652,59.583456967928214,,,
m5b_smooth0,68,0.0028944710502400994,0.9904370903968811,0.0025372859090566635,0.0002646968059707433,0.002430928638204932,0.0043313284404575825,59.507211898773676,,,
m5b_smooth0,69,0.01030567690031603,0.9852840304374695,0.004000451881438494,0.00040062013431452215,0.004000570625066757,0.006315214093774557,59.23866113022086,,,
m5b_smooth0,70,0.025904038368025795,0.9723311066627502,0.007727982010692358,0.0008229413069784641,0.007652689702808857,0.011464358307421207,58.5641330499202,,,
m5b_smooth0,71,0.05625127558596432,0.9442062973976135,0.016232740134000778,0.001857958035543561,0.015141407027840614,0.022562332451343536,57.09604696161114,,,
m5b_smooth0,72,0.10145952133461833,0.8934769034385681,0.03225653991103172,0.0038165661972016096,0.02866935543715954,0.04178210347890854,54.43795538158156,,,
m5b_smooth0,73,0.07038424839265645,0.8582836985588074,0.044565483927726746,0.005534138530492783,0.03581634908914566,0.055799636989831924,52.590099174529314,,,
m5b_smooth0,74,0.05698593333363533,0.8380358815193176,0.057212285697460175,0.008138353005051613,0.02757210098206997,0.06904248893260956,51.523379787802696,,,
m5b_smooth0,75,0.2982553094625473,0.694017767906189,0.13828612864017487,0.01748161017894745,0.022462237626314163,0.12775272130966187,43.77757079526782,,,
m5b_smooth0,76,0.9018148761242628,0.24720077216625214,0.43826648592948914,0.03924121707677841,0.018371818587183952,0.2569202184677124,19.113522255793214,,,
m5b_smooth0,77,0.8282441282644868,0.14412322640419006,0.1340598315000534,0.04970275238156319,0.011533723212778568,0.6605805158615112,18.259424957446754,,,
m5b_smooth0,78,0.44698745338246226,0.06524834036827087,0.018346359953284264,0.02757479064166546,0.004756224807351828,0.8840741515159607,16.426302848849446,,,
m5b_smooth0,79,0.11036489298567176,0.040038544684648514,0.0038594515062868595,0.014416541904211044,0.0024287416599690914,0.9392566084861755,15.616015468724072,,,
m5b_smooth0,80,0.01654316217172891,0.03772836551070213,0.0015989599050953984,0.010984712280333042,0.0021597144659608603,0.9475282430648804,15.578768431558274,,,
m5b_smooth0,81,0.031173930503427982,0.05064840614795685,0.0012414258671924472,0.012740588746964931,0.0030709686689078808,0.932299017906189,16.1520505923545,,,
m5b_smooth0,82,0.072940161684528,0.07732300460338593,0.0014130646595731378,0.019964827224612236,0.005469764582812786,0.895828127861023,17.280569964670576,,,
m5b_smooth0,83,0.13734372693579644,0.12824733555316925,0.0017920681275427341,0.033111535012722015,0.00969198439270258,0.827156662940979,19.444003978278488,,,
m5b_smooth0,84,0.32874000002630055,0.27317607402801514,0.00215699034743011,0.0465194508433342,0.01536058634519577,0.6627868413925171,25.91881966846995,,,
m5b_smooth0,85,0.8074001590721309,0.6768762469291687,0.0016088711563497782,0.032683033496141434,0.012038527987897396,0.2767934501171112,44.671610784949735,,,
m5b_smooth0,86,0.37133132305461913,0.8625418543815613,0.0014344240771606565,0.022210387513041496,0.007830686867237091,0.10598266869783401,53.3591490193503,,,
m5b_smooth0,87,0.03622745198663324,0.844428300857544,0.002487167250365019,0.037191059440374374,0.00979967974126339,0.10609415918588638,52.33367438381538,,,
m5b_smooth0,88,0.28381629288196564,0.7025200128555298,0.005256615113466978,0.10333452373743057,0.01714749075472355,0.17174144089221954,44.990873565431684,,,
m5b_smooth0,89,0.18762628128752112,0.6087070107460022,0.007822933606803417,0.15348811447620392,0.02367633581161499,0.20630596578121185,40.04472579341382,,,
m5b_smooth0,90,0.367464043200016,0.7924392819404602,0.006380381993949413,0.05819129943847656,0.015631891787052155,0.12735800445079803,49.61974650155753,,,
m5b_smooth0,91,0.21945840446278453,0.9021679759025574,0.00523644732311368,0.01980648748576641,0.008418978191912174,0.06436995416879654,55.15484666964039,,,
m5b_smooth0,92,0.04129671445116401,0.9219545125961304,0.0060980236157774925,0.013101430609822273,0.006794402375817299,0.052050985395908356,56.138947683386505,,,
m5b_smooth0,93,0.04812020529061556,0.8978946208953857,0.009951338171958923,0.015357923693954945,0.008788148872554302,0.06800774484872818,54.94332783296704,,,
m5b_smooth0,94,0.11827136110514402,0.8387587070465088,0.01766531728208065,0.022819040343165398,0.014634317718446255,0.10612192749977112,51.999792070128024,,,
m5b_smooth0,95,0.07306853029876947,0.8022253513336182,0.023386236280202866,0.02645307406783104,0.01957130804657936,0.128365159034729,50.17037792131305,,,
m5b_smooth0,96,0.026144832372665405,0.8119154572486877,0.026767384260892868,0.02491680346429348,0.018188299611210823,0.11821085959672928,50.598715361207724,,,
m5b_smooth0,97,0.14850956574082375,0.7382131218910217,0.046891506761312485,0.034757860004901886,0.017636738717556,0.16250135004520416,46.84242847189307,,,
m5b_smooth0,98,0.7393517270684242,0.3685370683670044,0.15666590631008148,0.10755614191293716,0.02438008412718773,0.34286099672317505,27.56227297708392,,,
m5b_smooth0,99,0.5250378642231226,0.10961201041936874,0.17991681396961212,0.23126617074012756,0.020786451175808907,0.45841923356056213,14.013810379430652,,,
m5b_smooth0,100,0.6827914379537106,0.0341368168592453,0.050549231469631195,0.10505656898021698,0.010442918166518211,0.799814760684967,13.684435026720166,,,
m5b_smooth0,101,0.3227646911982447,0.008603346534073353,0.009183087386190891,0.01756623387336731,0.003450911259278655,0.9611974954605103,14.059003896312788,,,
m5b_smooth0,102,0.052512988448143005,0.0033264360390603542,0.00281043560244143,0.004670538008213043,0.0017396826297044754,0.9874539971351624,14.052941950270906,,,
m5b_smooth0,103,0.006937295431271195,0.0027609870303422213,0.0018583174096420407,0.002718169242143631,0.0018209618283435702,0.9908400774002075,14.060179863357916,,,
m5b_smooth0,104,0.002021369757130742,0.003101867390796542,0.0017576937098056078,0.0023617828264832497,0.002491310006007552,0.9902869462966919,14.076411503832787,,,
m5b_smooth0,105,0.0030289230635389686,0.0036010576877743006,0.00180024781730026,0.0023010822478681803,0.003464269218966365,0.9888334274291992,14.092684824368916,,,
m5b_smooth0,106,0.003485437948256731,0.004069166257977486,0.0018709279829636216,0.0023443461395800114,0.004624457098543644,0.9870902299880981,14.104688361403532,,,
m5b_smooth0,107,0.006616914295591414,0.0050468542613089085,0.0021804997231811285,0.0027331821620464325,0.006257337052375078,0.9837822914123535,14.12994474102743,,,
m5b_smooth0,108,0.017091351095587015,0.008139451034367085,0.0033431609626859426,0.004187160637229681,0.00909381452947855,0.9752366542816162,14.221241566585377,,,
m5b_smooth0,109,0.034949429566040635,0.014986571855843067,0.006115156225860119,0.007734627928584814,0.013401711359620094,0.9577617049217224,14.430989199783653,,,
m5b_smooth0,110,0.07354594534263015,0.02960294298827648,0.01221246737986803,0.015908382833003998,0.021287670359015465,0.9209891557693481,14.878976068459451,,,
m5b_smooth0,111,0.10751292575150728,0.05354395881295204,0.020725177600979805,0.027763735502958298,0.030734863132238388,0.8672325015068054,15.673052975907922,,,
m5b_smooth0,112,0.16424136236310005,0.11234419047832489,0.03249802067875862,0.038869068026542664,0.031177161261439323,0.7851118445396423,18.099562605842948,,,
m5b_smooth0,113,0.46559184417128563,0.3071260452270508,0.05903758108615875,0.050343308597803116,0.018820764496922493,0.56467205286026,26.674784312024713,,,
m5b_smooth0,114,0.6494415448978543,0.5199328064918518,0.136087104678154,0.08520808070898056,0.010688484646379948,0.24808384478092194,35.13567295577377,,,
m5b_smooth0,115,0.575183616951108,0.3573707342147827,0.2833218276500702,0.2255648970603943,0.008119425736367702,0.12562289834022522,24.217817128635943,,,
m5b_smooth0,116,0.3987800828181207,0.49274805188179016,0.1343984305858612,0.2895781099796295,0.006233701016753912,0.07704246789216995,31.690246331039816,,,
m5b_smooth0,117,0.8699634931981564,0.927729070186615,0.016393180936574936,0.03292648494243622,0.0020847111009061337,0.02086585760116577,56.08563183108345,,,
m5b_smooth0,118,0.12544674088712782,0.9904526472091675,0.0018594100838527083,0.002828627359122038,0.000617362791672349,0.004241670481860638,59.50120905099902,,,
m5b_smooth0,119,0.012245594814885408,0.9965760111808777,0.0005206750938668847,0.0006394317024387419,0.0004373221891000867,0.001827410887926817,59.82564464880852,,,
m5b_smooth0.001,4,,0.20000606775283813,0.20000606775283813,0.20000606775283813,0.20000606775283813,0.20000606775283813,17.00051575899124,,,
m5b_smooth0.001,5,0.3474440760910511,0.19054630398750305,0.05464811250567436,0.3737128973007202,0.19054630398750305,0.19054630398750305,16.610037427395582,,,
m5b_smooth0.001,6,0.6193355191498995,0.2937690019607544,0.01862430013716221,0.10006928443908691,0.2937690019607544,0.2937690019607544,24.11412131227553,,,
m5b_smooth0.001,7,0.167350091971457,0.3216606080532074,0.013517382554709911,0.02150074951350689,0.3216606080532074,0.32166042923927307,26.13252638000995,,,
m5b_smooth0.001,8,0.050565509125590324,0.31604236364364624,0.038800619542598724,0.013073061592876911,0.31604236364364624,0.31604233384132385,25.67745084222406,,,
m5b_smooth0.001,9,0.5406935336068273,0.23178018629550934,0.29571235179901123,0.026508012786507607,0.2142198085784912,0.23178021609783173,19.026509253308177,,,
m5b_smooth0.001,10,0.7506653387099504,0.10589964687824249,0.646788477897644,0.05076461657881737,0.09064830839633942,0.10589964687824249,9.270194355398417,,,
m5b_smooth0.001,11,0.639107171446085,0.20449334383010864,0.3272346258163452,0.13762499392032623,0.1261538565158844,0.20449334383010864,16.755694046616554,,,
m5b_smooth0.001,12,0.5295362770557404,0.3368774950504303,0.08009996265172958,0.13133563101291656,0.11480990797281265,0.3368774950504303,26.20671084523201,,,
m5b_smooth0.001,13,0.4043582007288933,0.4379667639732361,0.017803281545639038,0.051867078989744186,0.05439547821879387,0.4379667639732361,32.9637134000659,,,
m5b_smooth0.001,14,0.1601769644767046,0.47801095247268677,0.005013512447476387,0.019377276301383972,0.019586462527513504,0.47801095247268677,35.573061062023044,,,
m5b_smooth0.001,15,0.044434371404349804,0.48911961913108826,0.002124462276697159,0.010522235184907913,0.009113396517932415,0.4891194999217987,36.292335090227425,,,
m5b_smooth0.001,16,0.015046382322907448,0.4880274534225464,0.0013288343325257301,0.008131681010127068,0.005869077518582344,0.49664321541786194,36.301459641195834,,,
m5b_smooth0.001,17,0.013670335756614804,0.49486279487609863,0.001114794285967946,0.007790864445269108,0.00478417007252574,0.49144798517227173,36.63001606310718,,,
m5b_smooth0.001,18,0.01115551934344694,0.4914838373661041,0.0008763939258642495,0.00695172930136323,0.0036624993663281202,0.49702534079551697,36.494754090497736,,,
m5b_smooth0.001,19,0.32446425198577344,0.3309340178966522,0.0006730191526003182,0.006235869135707617,0.0028995517641305923,0.6592575907707214,29.12532483349787,,,
m5b_smooth0.001,20,0.45691275160061195,0.1045222133398056,0.0005219071172177792,0.005014838185161352,0.0022271256893873215,0.8877139687538147,18.730484664440155,,,
m5b_smooth0.001,21,0.15148710759240203,0.030091069638729095,0.00044124576379545033,0.004180082120001316,0.0018307908903807402,0.9634581804275513,15.319675732665928,,,
m5b_smooth0.001,22,0.03611265553627163,0.012406743131577969,0.0004222037096042186,0.003966190852224827,0.001691072597168386,0.9815138578414917,14.50975688212202,,,
m5b_smooth0.001,23,0.0110111050598789,0.006901206448674202,0.0004561731475405395,0.004125627223402262,0.0017133229412138462,0.9868037700653076,14.254151483241003,,,
m5b_smooth0.001,24,0.005261339509161189,0.004329733084887266,0.00044292377424426377,0.0041159274987876415,0.0016768184723332524,0.9894341826438904,14.136390977684641,,,
m5b_smooth0.001,25,0.0031972032447811216,0.00389054580591619,0.0005746374372392893,0.005095507483929396,0.002164290053769946,0.9882749319076538,14.100292985327542,,,
m5b_smooth0.001,26,0.014111076947301626,0.005284401122480631,0.001022555399686098,0.008600414730608463,0.0038728078361600637,0.9812190532684326,14.108064267551526,,,
m5b_smooth0.001,27,0.029973615892231464,0.008256153203547001,0.0019879795145243406,0.016236554831266403,0.007286830805242062,0.9662327766418457,14.124333524843678,,,
m5b_smooth0.001,28,0.04464064911007881,0.012125284411013126,0.00342560070566833,0.028391847386956215,0.01214462798088789,0.9439119696617126,14.115898178657517,,,
m5b_smooth0.001,29,0.04264414147473872,0.01609157584607601,0.005037686787545681,0.038858313113451004,0.01742239110171795,0.922590434551239,14.125329998321831,,,
m5b_smooth0.001,30,0.011714465450495481,0.01645151525735855,0.005425014067441225,0.033525608479976654,0.016897743567824364,0.9277002811431885,14.199180895928293,,,
m5b_smooth0.001,31,0.04063642816618085,0.023046068847179413,0.00809552799910307,0.042163003236055374,0.019313201308250427,0.9073817729949951,14.355885899625719,,,
m5b_smooth0.001,32,0.19769617915153503,0.03916429728269577,0.015520543791353703,0.110743947327137,0.026036789640784264,0.8085333704948425,14.199334937147796,,,
m5b_smooth0.001,33,0.7386582130566239,0.05710025876760483,0.026547912508249283,0.4448413848876953,0.03230570629239082,0.4392048418521881,11.162095323204994,,,
m5b_smooth0.001,34,0.5409579630941153,0.07088418304920197,0.027421707287430763,0.17857342958450317,0.028094854205846786,0.6950262784957886,14.743224857375026,,,
m5b_smooth0.001,35,0.3684910573065281,0.06710944324731827,0.016048569232225418,0.023585272952914238,0.013985298573970795,0.8792717456817627,16.521072512492537,,,
m5b_smooth0.001,36,0.05646746885031462,0.08268648386001587,0.01173236221075058,0.00543438084423542,0.00821841973811388,0.8919281959533691,17.533748217858374,,,
m5b_smooth0.001,37,0.10082299704663455,0.13195918500423431,0.01287117600440979,0.0026552609633654356,0.00737939914688468,0.8451348543167114,19.821931813610718,,,
m5b_smooth0.001,38,0.1637797907460481,0.20898686349391937,0.016938138753175735,0.0020201141014695168,0.008174740709364414,0.76388019323349,23.313756180927157,,,
m5b_smooth0.001,39,0.2190789042506367,0.3117017149925232,0.022427460178732872,0.0017939896788448095,0.009510276839137077,0.6545671224594116,27.96042398107238,,,
m5b_smooth0.001,40,0.4579211123054847,0.5370925068855286,0.02560928277671337,0.0015429466729983687,0.009898451156914234,0.4258578419685364,38.28708748158533,,,
m5b_smooth0.001,41,0.32942005433142185,0.7007988095283508,0.026612820103764534,0.00134078913833946,0.009259805083274841,0.26198843121528625,45.811220431816764,,,
m5b_smooth0.001,42,0.1881740587996319,0.6067116856575012,0.046132661402225494,0.002062371466308832,0.013081451877951622,0.3320122957229614,41.19476321851835,,,
m5b_smooth0.001,43,0.6987899818923324,0.2573166787624359,0.10005834698677063,0.0037530011031776667,0.01924910396337509,0.6196233034133911,24.35978805157356,,,
m5b_smooth0.001,44,0.3515050539281219,0.08158047497272491,0.13179577887058258,0.004927344620227814,0.019232891499996185,0.762464165687561,15.850534871220589,,,
m5b_smooth0.001,45,0.1509364270605147,0.03373481705784798,0.10719439387321472,0.005198516417294741,0.016211481764912605,0.8376609683036804,13.987612895201892,,,
m5b_smooth0.001,46,0.1256768424063921,0.016177644953131676,0.06764794141054153,0.004368274938315153,0.011306940577924252,0.9004994034767151,13.737551696132869,,,
m5b_smooth0.001,47,0.035943112801760435,0.01533866673707962,0.08192472159862518,0.006502403877675533,0.012867645360529423,0.8833668828010559,13.478961814194918,,,
m5b_smooth0.001,48,0.2764122476801276,0.024358930066227913,0.19581755995750427,0.014254872687160969,0.02040790021419525,0.7451604604721069,12.275219730101526,,,
m5b_smooth0.001,49,0.3445244776085019,0.03376876562833786,0.3408384919166565,0.026764020323753357,0.025730092078447342,0.5728980898857117,10.647940393537283,,,
m5b_smooth0.001,50,0.44095355831086636,0.029410652816295624,0.13034924864768982,0.027490099892020226,0.020101267844438553,0.7926493883132935,13.215259028598666,,,
m5b_smooth0.001,51,0.26474433299154043,0.01734192483127117,0.030887914821505547,0.01637585088610649,0.010372850112617016,0.9250209927558899,14.143434806726873,,,
m5b_smooth0.001,52,0.0781300556845963,0.011178901419043541,0.009479654021561146,0.00968997087329626,0.005564842838793993,0.9640858769416809,14.245439828839153,,,
m5b_smooth0.001,53,0.015306310262531042,0.010478093288838863,0.00491765420883894,0.008389738388359547,0.004475465044379234,0.9717397689819336,14.294457487761974,,,
m5b_smooth0.001,54,0.008922004140913486,0.012758330442011356,0.004051550757139921,0.010088111273944378,0.004957463126629591,0.9681444764137268,14.388540622778237,,,
m5b_smooth0.001,55,0.025571465957909822,0.018211182206869125,0.0045356242917478085,0.014970079064369202,0.006924184039235115,0.955358624458313,14.56560682458803,,,
m5b_smooth0.001,56,0.02655842062085867,0.023984935134649277,0.004920931998640299,0.020117277279496193,0.008897623047232628,0.9420799016952515,14.755770856980234,,,
m5b_smooth0.001,57,0.03378648450598121,0.03352272883057594,0.0055055320262908936,0.02472563646733761,0.01105990819633007,0.9251864552497864,15.12107590213418,,,
m5b_smooth0.001,58,0.06743000634014606,0.05540880188345909,0.007073725573718548,0.03232933208346367,0.01371718104928732,0.8914716839790344,16.005213677883148,,,
m5b_smooth0.001,59,0.1940355123952031,0.11005990952253342,0.012305858545005322,0.06418231874704361,0.018998701125383377,0.7944539189338684,18.063793159089983,,,
m5b_smooth0.001,60,0.5523508219048381,0.20869480073451996,0.024249430745840073,0.22153064608573914,0.027247054502367973,0.5182782411575317,20.657154170796275,,,
m5b_smooth0.001,61,0.4989853613078594,0.33460289239883423,0.031619373708963394,0.3366379737854004,0.028354110196232796,0.268785297870636,25.07917978055775,,,
m5b_smooth0.001,62,0.9512695530429482,0.8102378845214844,0.017805319279432297,0.0511331669986248,0.014048096723854542,0.10677561163902283,50.37867313157767,,,
m5b_smooth0.001,63,0.3137526682112366,0.9671140313148499,0.00467391824349761,0.003721255576238036,0.003124868031591177,0.021365631371736526,58.36367247928865,,,
m5b_smooth0.001,64,0.037579438125249,0.9859033823013306,0.0025643412955105305,0.0008231861866079271,0.0016133779427036643,0.009094680659472942,59.297856012766715,,,
m5b_smooth0.001,65,0.006277807173319161,0.9890432953834534,0.002291996730491519,0.0004054281744174659,0.0014491199981421232,0.006811147090047598,59.45160590350861,,,
m5b_smooth0.001,66,0.0024482434091623873,0.9878849387168884,0.002763566095381975,0.0003397348045837134,0.0018433780642226338,0.007169513031840324,59.39015592241776,,,
m5b_smooth0.001,67,0.0028523340297397226,0.9864999055862427,0.0032626267056912184,0.000298558734357357,0.0022865983191877604,0.007653356995433569,59.31730582425371,,,
m5b_smooth0.001,68,0.005622979253530502,0.9836876392364502,0.004140823148190975,0.00031464919447898865,0.0030648340471088886,0.008791547268629074,59.17087862500921,,,
m5b_smooth0.001,69,0.017830022028647363,0.9747733473777771,0.0067120883613824844,0.0005021168617531657,0.005159851163625717,0.012853527441620827,58.71068762394134,,,
m5b_smooth0.001,70,0.048376792459748685,0.9505847692489624,0.013867650181055069,0.0011207193601876497,0.010304730385541916,0.024122698232531548,57.4621668511536,,,
m5b_smooth0.001,71,0.1206632808316499,0.890252947807312,0.03312332555651665,0.002848787698894739,0.021883441135287285,0.05189170315861702,54.33651448925957,,,
m5b_smooth0.001,72,0.22884852439165115,0.7758284211158752,0.07318709045648575,0.006363414693623781,0.04269910231232643,0.10192164778709412,48.367779386695474,,,
m5b_smooth0.001,73,0.03791117062792182,0.7582951784133911,0.08004710078239441,0.008081292733550072,0.04127617925405502,0.11229876428842545,47.46311763860285,,,
m5b_smooth0.001,74,0.07903299946337938,0.7965696454048157,0.07008015364408493,0.009324128739535809,0.022177398204803467,0.1018487960100174,49.4733561957255,,,
m5b_smooth0.001,75,0.2726633222773671,0.6657787561416626,0.13914304971694946,0.017873352393507957,0.01663619838654995,0.16056790947914124,42.503892596811056,,,
m5b_smooth0.001,76,0.8572773393243551,0.23893310129642487,0.40796032547950745,0.03947378695011139,0.014843815937638283,0.29878950119018555,19.1493274923414,,,
m5b_smooth0.001,77,0.7934637507423759,0.11886028200387955,0.13622677326202393,0.049299877136945724,0.009918316267430782,0.6856952905654907,17.08490560669452,,,
m5b_smooth0.001,78,0.4255369361490011,0.04838643968105316,0.020760683342814445,0.02795417793095112,0.00443520862609148,0.8984634876251221,15.617344885133207,,,
m5b_smooth0.001,79,0.10823766700923443,0.02588837407529354,0.004661272279918194,0.01450476422905922,0.002363482490181923,0.9525825381278992,14.95417792070657,,,
m5b_smooth0.001,80,0.022162031149491668,0.021372487768530846,0.0019977076444774866,0.010831311345100403,0.002134977839887142,0.9636631608009338,14.823070003883913,,,
m5b_smooth0.001,81,0.01523882884066552,0.026484616100788116,0.001576661947183311,0.012427479960024357,0.003046309109777212,0.9564650058746338,15.039770313887857,,,
m5b_smooth0.001,82,0.044472234905697405,0.03907361254096031,0.0018200431950390339,0.019453346729278564,0.005424846429377794,0.9342295527458191,15.521784499287605,,,
m5b_smooth0.001,83,0.0762583005707711,0.06041645631194115,0.0023148737382143736,0.03175249695777893,0.009416396729648113,0.8960996270179749,16.333869298687205,,,
m5b_smooth0.001,84,0.11216254672035575,0.09976474940776825,0.0027659807819873095,0.043099287897348404,0.014351516962051392,0.8400183916091919,17.978666910203174,,,
m5b_smooth0.001,85,0.22251404938288033,0.20991428196430206,0.002828542608767748,0.041816629469394684,0.015396608039736748,0.7300441861152649,23.05153021076694,,,
m5b_smooth0.001,86,0.4821122749708593,0.44305428862571716,0.003963555209338665,0.04859782010316849,0.015090587548911572,0.4892941415309906,33.68876642733812,,,
m5b_smooth0.001,87,0.13491583708673716,0.44348230957984924,0.007076253183186054,0.11121536046266556,0.016390370205044746,0.42183634638786316,32.970102350227535,,,
m5b_smooth0.001,88,0.4629070181399584,0.2821027934551239,0.011353381909430027,0.3367212414741516,0.01806030422449112,0.3517617881298065,22.998771877028048,,,
m5b_smooth0.001,89,0.3036565212532878,0.3911547362804413,0.013602588325738907,0.18489308655261993,0.018342584371566772,0.3920067250728607,29.654058266431093,,,
m5b_smooth0.001,90,0.6913149077445269,0.7368121147155762,0.008166668005287647,0.023712923750281334,0.009293138049542904,0.22201472520828247,47.46129044145346,,,
m5b_smooth0.001,91,0.3392858309671283,0.90645432472229,0.004617553669959307,0.0037822993472218513,0.004283068235963583,0.0808609127998352,55.565258191898465,,,
m5b_smooth0.001,92,0.07247120758984238,0.9426906704902649,0.0038354680873453617,0.0013012579875066876,0.003152253804728389,0.04901999235153198,57.277525141020305,,,
m5b_smooth0.001,93,0.002385508909355849,0.9424030780792236,0.004550147335976362,0.0008458196534775198,0.0036308832932263613,0.048570822924375534,57.25667999504367,,,
m5b_smooth0.001,94,0.026648152736015618,0.9291609525680542,0.006175135262310505,0.0007636077352799475,0.005194473545998335,0.05870606005191803,56.61636926810024,,,
m5b_smooth0.001,95,0.021317435603123158,0.9185622334480286,0.0075981165282428265,0.0007031973218545318,0.0069293733686208725,0.06620648503303528,56.09883811941836,,,
m5b_smooth0.001,96,0.024521840969100595,0.9063023924827576,0.010104178451001644,0.0008158638374879956,0.009349999949336052,0.07342913001775742,55.484153138822876,,,
m5b_smooth0.001,97,0.09796717145945877,0.8573185801506042,0.017528003081679344,0.0013187541626393795,0.013451987877488136,0.1103837862610817,53.10013599740341,,,
m5b_smooth0.001,98,0.4130506282672286,0.6507929563522339,0.048791565001010895,0.003411273006349802,0.025061843916773796,0.2719428539276123,43.08923562755808,,,
m5b_smooth0.001,99,0.7466547964140773,0.27746549248695374,0.10009177774190903,0.006557844113558531,0.034795571118593216,0.5810896754264832,25.146519313100725,,,
m5b_smooth0.001,100,0.2683576834388077,0.15167273581027985,0.09538756310939789,0.007724519819021225,0.031113233417272568,0.7141013741493225,19.434137143194675,,,
m5b_smooth0.001,101,0.08070454560220242,0.19028134644031525,0.08252336829900742,0.009468922391533852,0.024469878524541855,0.6932573914527893,21.404703551903367,,,
m5b_smooth0.001,102,0.545399178750813,0.4268152117729187,0.1136193722486496,0.014537991024553776,0.0168804582208395,0.4281465709209442,31.87836125213653,,,
m5b_smooth0.001,103,0.4631887897849083,0.5054140090942383,0.25567612051963806,0.025477195158600807,0.012063688598573208,0.2013693004846573,33.56056427862495,,,
m5b_smooth0.001,104,0.2612174740061164,0.44923391938209534,0.36798298358917236,0.04377863183617592,0.010129915550351143,0.12887398898601532,29.328499296680093,,,
m5b_smooth0.001,105,0.6812437791377306,0.7898560166358948,0.08346366137266159,0.04095764830708504,0.006520040333271027,0.07920248806476593,48.75217271968722,,,
m5b_smooth0.001,106,0.29307335964404047,0.9363924860954285,0.011975820176303387,0.01865408383309841,0.0029364817310124636,0.03004056215286255,56.69261047965847,,,
m5b_smooth0.001,107,0.07547049515414983,0.9741277098655701,0.0025387408677488565,0.008719593286514282,0.0016746454639360309,0.012938696891069412,58.66922438738402,,,
m5b_smooth0.001,108,0.016042621457017958,0.9821493029594421,0.0010626980802044272,0.006319550331681967,0.001654077903367579,0.008814321830868721,59.083958577597514,,,
m5b_smooth0.001,109,0.004349165072198957,0.9802125692367554,0.0008255707216449082,0.007237852085381746,0.0025189188309013844,0.009206483140587807,58.98181647696765,,,
m5b_smooth0.001,110,0.017958971846383065,0.9712330102920532,0.0009389584884047508,0.010783238336443901,0.00473024882376194,0.01231579203158617,58.51280212122947,,,
m5b_smooth0.001,111,0.02187845704611391,0.9602929949760437,0.0010633760830387473,0.015185417607426643,0.007768644951283932,0.015689240768551826,57.938229212886654,,,
m5b_smooth0.001,112,0.01932185352779925,0.9506325721740723,0.0011817790800705552,0.018689855933189392,0.010697809047996998,0.018798666074872017,57.43327166570816,,,
m5b_smooth0.001,113,0.016646608826704323,0.9423090219497681,0.0014194014947861433,0.02195950224995613,0.01175783947110176,0.02255442552268505,57.00390605884604,,,
m5b_smooth0.001,114,0.07173305633477867,0.9064415693283081,0.0025241333059966564,0.03989294916391373,0.014822714030742645,0.03631697595119476,55.12089380202815,,,
m5b_smooth0.001,115,0.33544060681015253,0.7387219071388245,0.0061453827656805515,0.14769303798675537,0.02505277283489704,0.08238652348518372,46.101319663692266,,,
m5b_smooth0.001,116,0.6163475452922285,0.4305477440357208,0.010723000392317772,0.38436269760131836,0.03454582393169403,0.13981957733631134,29.19597058556974,,,
m5b_smooth0.001,117,0.6318155815824866,0.7342393398284912,0.009119522757828236,0.08084232360124588,0.023762645199894905,0.15203653275966644,46.60085685830563,,,
m5b_smooth0.001,118,0.3614129316993058,0.9149457812309265,0.0038909800350666046,0.006568212062120438,0.006258929613977671,0.06833641231060028,55.920864769723266,,,
m5b_smooth0.001,119,0.07270710391458124,0.9512996673583984,0.0025409471709281206,0.0012493067188188434,0.0026839543133974075,0.04222710803151131,57.69423610146623,,,
m5b_smooth0.01,4,,0.20000606775283813,0.20000606775283813,0.20000606775283813,0.20000606775283813,0.20000606775283813,17.00051575899124,,,
m5b_smooth0.01,5,0.37606752663850784,0.18189004063606262,0.06630557030439377,0.3880250155925751,0.18189004063606262,0.18189004063606262,15.963473908603191,,,
m5b_smooth0.01,6,0.6048335246741772,0.2826954424381256,0.03188975527882576,0.12002351135015488,0.2826954424381256,0.2826954424381256,23.290291126817465,,,
m5b_smooth0.01,7,0.16330551356077194,0.307387113571167,0.03946792334318161,0.03837117925286293,0.307387113571167,0.307387113571167,25.052937660366297,,,
m5b_smooth0.01,8,0.29468704760074615,0.25967544317245483,0.1868114024400711,0.034162621945142746,0.25967544317245483,0.25967544317245483,21.32301016524434,,,
m5b_smooth0.01,9,0.9898271635174751,0.09636376798152924,0.6719253063201904,0.043962281197309494,0.09138519316911697,0.09636376798152924,8.574427332729101,,,
m5b_smooth0.01,10,0.3626277260482311,0.14126166701316833,0.49061116576194763,0.12301016598939896,0.10385511070489883,0.14126165211200714,12.039990589022636,,,
m5b_smooth0.01,11,0.6862095147371292,0.2221410870552063,0.14750666916370392,0.2829488515853882,0.12526260316371918,0.2221410721540451,18.311631679534912,,,
m5b_smooth0.01,12,0.4292716681957245,0.32945895195007324,0.04046063870191574,0.1948217749595642,0.10579978674650192,0.32945895195007324,25.74548691511154,,,
m5b_smooth0.01,13,0.41162374522536993,0.4323647916316986,0.011074048466980457,0.06904158741235733,0.05515449866652489,0.4323647916316986,32.599274882115424,,,
m5b_smooth0.01,14,0.16727684251964092,0.47418412566185,0.0037257010117173195,0.025853339582681656,0.02205291949212551,0.47418412566185,35.32528145518154,,,
m5b_smooth0.01,15,0.04737122030928731,0.4860266149044037,0.0019293413497507572,0.014713806100189686,0.011302600614726543,0.4860266447067261,36.09115888411179,,,
m5b_smooth0.01,16,0.026880862889811397,0.49946773052215576,0.0014563619624823332,0.012081549502909184,0.007905146107077599,0.4790895879268646,36.7683550955262,,,
m5b_smooth0.01,17,0.04072037525475025,0.5196380019187927,0.0014227440115064383,0.012271181680262089,0.006962199695408344,0.4597056806087494,37.701131330570206,,,
m5b_smooth0.01,18,0.022796157747507095,0.5310363173484802,0.0012214460875838995,0.011395527049899101,0.0057313162833452225,0.45061567425727844,38.24632572173141,,,
m5b_smooth0.01,19,0.3857173987198621,0.3401050269603729,0.0010180915705859661,0.01059628464281559,0.0048062922433018684,0.6434741616249084,29.48139087157324,,,
m5b_smooth0.01,20,0.39724656159523875,0.14286619424819946,0.0009604402584955096,0.009848663583397865,0.0042270757257938385,0.8420974016189575,20.42143123864662,,,
m5b_smooth0.01,21,0.16799055796582252,0.05887990444898605,0.0010636900551617146,0.010405141860246658,0.0042175776325166225,0.9254324436187744,16.550650636665523,,,
m5b_smooth0.01,22,0.056455982266925275,0.03065243363380432,0.0012539852177724242,0.012071453966200352,0.0045395102351903915,0.9514824151992798,15.229144749580882,,,
m5b_smooth0.01,23,0.019104215665720403,0.02110077627003193,0.0015832532662898302,0.014791683293879032,0.005270338151603937,0.9572546482086182,14.750462321331725,,,
m5b_smooth0.01,24,0.008634755155071616,0.01678329147398472,0.0017699063755571842,0.01678171381354332,0.005830388516187668,0.9588351845741272,14.523617839906365,,,
m5b_smooth0.01,25,0.016958544263616204,0.017931804060935974,0.0024562908802181482,0.021596385166049004,0.007660245988518,0.9503560662269592,14.501760339131579,,,
m5b_smooth0.01,26,0.06714366027154028,0.026917854323983192,0.004633676260709763,0.038689445704221725,0.012975272722542286,0.9167839288711548,14.66157518606633,,,
m5b_smooth0.01,27,0.15067639853805304,0.04310661926865578,0.009307853877544403,0.08408419787883759,0.022055791690945625,0.8414457440376282,14.782588561996818,,,
m5b_smooth0.01,28,0.14550375938415527,0.05575348436832428,0.014321403577923775,0.13247975707054138,0.028751518577337265,0.7686936855316162,14.719941964372993,,,
m5b_smooth0.01,29,0.082681555300951,0.05373035743832588,0.014825090765953064,0.09616813063621521,0.025745870545506477,0.8095311522483826,15.040808154270053,,,
m5b_smooth0.01,30,0.14448343962430954,0.04561777412891388,0.011721882969141006,0.04480276629328728,0.016085369512438774,0.8817729353904724,15.34061531163752,,,
m5b_smooth0.01,31,0.03823121730238199,0.06058337911963463,0.015872105956077576,0.040024545043706894,0.015554663725197315,0.8679664731025696,16.03136175777763,,,
m5b_smooth0.01,32,0.10217147041112185,0.0763305276632309,0.027557263150811195,0.061171773821115494,0.01806023344397545,0.8168801069259644,16.35364737547934,,,
m5b_smooth0.01,33,0.19608324952423573,0.08314285427331924,0.04898913577198982,0.12600168585777283,0.023028194904327393,0.7188389301300049,15.640507835894823,,,
m5b_smooth0.01,34,0.11807105503976345,0.0621345117688179,0.044938888400793076,0.09758036583662033,0.0174726489931345,0.7778745293617249,15.078302646055818,,,
m5b_smooth0.01,35,0.10827346798032522,0.06713881343603134,0.03962778300046921,0.05244775861501694,0.013779661618173122,0.827006995677948,15.899855435825884,,,
m5b_smooth0.01,36,0.13570133596658707,0.12095049768686295,0.052859120070934296,0.04100656136870384,0.014586525969207287,0.7705967426300049,18.323368743993342,,,
m5b_smooth0.01,37,0.48588060680776834,0.2594790458679199,0.12966987490653992,0.06191351264715195,0.021280691027641296,0.5276565551757812,23.420309774577618,,,
m5b_smooth0.01,38,0.43836554139852524,0.2594725489616394,0.2865793704986572,0.12011896818876266,0.025348879396915436,0.3084806501865387,20.71146047115326,,,
m5b_smooth0.01,39,0.19676339253783226,0.3224382996559143,0.1906009316444397,0.1540151983499527,0.022945109754800797,0.30999985337257385,24.499558221548796,,,
m5b_smooth0.01,40,0.5072262920439243,0.5760515928268433,0.048132337629795074,0.061473455280065536,0.012856226414442062,0.301486074924469,39.10644690692425,,,
m5b_smooth0.01,41,0.16327861277386546,0.6385043859481812,0.014062347821891308,0.01993488520383835,0.006825433578342199,0.32067254185676575,42.92132378136739,,,
m5b_smooth0.01,42,0.45294452272355556,0.429191529750824,0.007302108220756054,0.010871000587940216,0.005490179639309645,0.5471448302268982,33.48986577568576,,,
m5b_smooth0.01,43,0.5370715567842126,0.16844630241394043,0.004385880660265684,0.00698057608678937,0.0045070103369653225,0.8156813383102417,21.5831935624592,,,
m5b_smooth0.01,44,0.1848383890464902,0.0788416936993599,0.00324798421934247,0.005536602810025215,0.004273472353816032,0.9080997109413147,17.49366967426613,,,
m5b_smooth0.01,45,0.035531391156837344,0.06109390780329704,0.0032301621977239847,0.005882086232304573,0.00516814598813653,0.9246253371238708,16.667442630743608,,,
m5b_smooth0.01,46,0.006443785969167948,0.06253606826066971,0.0033239300828427076,0.006482561584562063,0.006253599189221859,0.9214034080505371,16.718358617508784,,,
m5b_smooth0.01,47,0.07853937870822847,0.0924392119050026,0.004969244822859764,0.010234304703772068,0.010223150253295898,0.8821337819099426,18.0034598717466,,,
m5b_smooth0.01,48,0.08071467420086265,0.11986764520406723,0.007543431129306555,0.016305284574627876,0.01450705248862505,0.8417766094207764,19.13493989640847,,,
m5b_smooth0.01,49,0.041671932209283113,0.12265558540821075,0.011146836914122105,0.02734246850013733,0.017914697527885437,0.8209408521652222,19.071084179915488,,,
m5b_smooth0.01,50,0.06291358452290297,0.12518931925296783,0.01647353172302246,0.04641447961330414,0.022439192980527878,0.7894842028617859,18.876929316669703,,,
m5b_smooth0.01,51,0.01242857612669468,0.12537872791290283,0.018888527527451515,0.050024308264255524,0.021562088280916214,0.7841469645500183,18.820677248761058,,,
m5b_smooth0.01,52,0.06012552231550217,0.15353932976722717,0.02079007774591446,0.0412740595638752,0.017449496313929558,0.7669464349746704,20.216368606314063,,,
m5b_smooth0.01,53,0.09448464028537273,0.18621326982975006,0.029113875702023506,0.04751865193247795,0.015424879267811775,0.7217287421226501,21.556642565876245,,,
m5b_smooth0.01,54,0.13688558153808117,0.1588291972875595,0.05087221413850784,0.0940685123205185,0.015559649094939232,0.6806702017784119,19.501129956915975,,,
m5b_smooth0.01,55,0.28402222134172916,0.11616204679012299,0.07499989122152328,0.21065783500671387,0.016853883862495422,0.5813263654708862,15.93324250727892,,,
m5b_smooth0.01,56,0.2249877266585827,0.09629335254430771,0.061949197202920914,0.1341736614704132,0.013763532042503357,0.6938201785087585,16.051898557692766,,,
m5b_smooth0.01,57,0.2202360425144434,0.12384191155433655,0.0459769144654274,0.0428149551153183,0.01097717322409153,0.7763903141021729,18.551241083070636,,,
m5b_smooth0.01,58,0.31942488346248865,0.2701692581176758,0.05827691778540611,0.022459613159298897,0.012061619199812412,0.6370325684547424,25.33869853708893,,,
m5b_smooth0.01,59,0.46391370240598917,0.4255325198173523,0.13117380440235138,0.021026507019996643,0.015758123248815536,0.4065086245536804,31.527632120996714,,,
m5b_smooth0.01,60,0.31800410337746143,0.38497480750083923,0.2834300398826599,0.024613210931420326,0.018917102366685867,0.2880641520023346,27.62107596732676,,,
m5b_smooth0.01,61,0.22193529643118382,0.4959430396556854,0.18791760504245758,0.023461319506168365,0.01839585229754448,0.27428266406059265,33.9836122058332,,,
m5b_smooth0.01,62,0.3830434512346983,0.6874641180038452,0.04727096110582352,0.013624397106468678,0.011634902097284794,0.24000480771064758,44.777502855286,,,
m5b_smooth0.01,63,0.08415293414145708,0.7273317575454712,0.015162046067416668,0.008054506033658981,0.007237957790493965,0.2422143518924713,47.12089764792472,,,
m5b_smooth0.01,64,0.2301470534875989,0.6171863079071045,0.010233431123197079,0.008688910864293575,0.007884271442890167,0.3560066223144531,42.10676125064492,,,
m5b_smooth0.01,65,0.3703145105391741,0.43264245986938477,0.009620104916393757,0.011789833195507526,0.009705716744065285,0.5362415909767151,33.57885948754847,,,
m5b_smooth0.01,66,0.45376148261129856,0.20609761774539948,0.009284389205276966,0.015510340221226215,0.011227037757635117,0.757880687713623,23.110591366887093,,,
m5b_smooth0.01,67,0.035481467843055725,0.18835660815238953,0.010308773256838322,0.02170671336352825,0.014333887957036495,0.765293538570404,22.191272158175707,,,
m5b_smooth0.01,68,0.45992462523281574,0.399793416261673,0.013727672398090363,0.031504809856414795,0.019642002880573273,0.5353308320045471,31.727972745895386,,,
m5b_smooth0.01,69,0.632585777901113,0.7142937183380127,0.014874349348247051,0.03215160220861435,0.0159037746489048,0.22277705371379852,46.199157430790365,,,
m5b_smooth0.01,70,0.13388286717236042,0.7608696222305298,0.020619450137019157,0.04677147790789604,0.014161058701574802,0.157577782869339,48.118327588774264,,,
m5b_smooth0.01,71,0.2649246519431472,0.6284076571464539,0.0400373674929142,0.13454195857048035,0.018110280856490135,0.17890284955501556,40.779534531757236,,,
m5b_smooth0.01,72,0.24549419060349464,0.5379390716552734,0.05577569082379341,0.24054834246635437,0.01911293901503086,0.1466246098279953,35.24030012823641,,,
m5b_smooth0.01,73,0.4777668258175254,0.7768222093582153,0.04173535853624344,0.07233710587024689,0.013122945092618465,0.09598248451948166,48.30369463656098,,,
m5b_smooth0.01,74,0.206478089094162,0.8800609707832336,0.028629381209611893,0.016405021771788597,0.008647014386951923,0.06625714898109436,53.86963187996298,,,
m5b_smooth0.01,75,0.0357671519741416,0.8702510595321655,0.035004016011953354,0.008331790566444397,0.009092284366488457,0.07732125371694565,53.42120650224388,,,
m5b_smooth0.01,76,0.2579841027036309,0.7412590384483337,0.08266151696443558,0.008833127096295357,0.014709019102156162,0.1525377631187439,46.823195022530854,,,
m5b_smooth0.01,77,0.5447165304794908,0.46890050172805786,0.18297871947288513,0.01179179735481739,0.025442639365792274,0.3108862638473511,32.88289038464427,,,
m5b_smooth0.01,78,0.2118177255615592,0.4075002074241638,0.13951122760772705,0.010750819928944111,0.027395080775022507,0.41484278440475464,30.62134067993611,,,
m5b_smooth0.01,79,0.30853265384212136,0.5617667436599731,0.06101573258638382,0.007647701073437929,0.017848806455731392,0.35172155499458313,38.83900687051937,,,
m5b_smooth0.01,80,0.3423431934788823,0.7329379320144653,0.039831724017858505,0.006673094350844622,0.010815185494720936,0.20974178612232208,47.04821823211387,,,
m5b_smooth0.01,81,0.051252573262900114,0.7079294323921204,0.04977184161543846,0.009318454191088676,0.010197191499173641,0.22278238832950592,45.743826924823225,,,
m5b_smooth0.01,82,0.46435619704425335,0.4757517874240875,0.10300946235656738,0.018761267885565758,0.014539794065058231,0.38793790340423584,34.237309717573225,,,
m5b_smooth0.01,83,0.2774869380518794,0.33700835704803467,0.14364032447338104,0.029315751045942307,0.018123595044016838,0.4719122648239136,27.185725873336196,,,
m5b_smooth0.01,84,0.11886490695178509,0.39522191882133484,0.09833522886037827,0.030378496274352074,0.018280023708939552,0.4577851891517639,30.439738661050797,,,
m5b_smooth0.01,85,0.4571206206455827,0.623781681060791,0.05664956569671631,0.021507877856492996,0.012312154285609722,0.2857484817504883,41.63473788741976,,,
m5b_smooth0.01,86,0.09953779354691505,0.6650422215461731,0.06214950606226921,0.024516237899661064,0.011548069305717945,0.23674361407756805,43.43347859475762,,,
m5b_smooth0.01,87,0.4123666724190116,0.45885905623435974,0.16187867522239685,0.057197850197553635,0.017042258754372597,0.30502215027809143,32.25462151505053,,,
m5b_smooth0.01,88,0.38839586824178696,0.26466095447540283,0.2650003433227539,0.1163102313876152,0.020431747660040855,0.3335963785648346,21.30695983953774,,,
m5b_smooth0.01,89,0.3396687228232622,0.2892674505710602,0.114104725420475,0.09834209084510803,0.019461337476968765,0.4788244366645813,24.60494950786233,,,
m5b_smooth0.01,90,0.371783085167408,0.47515925765037537,0.043113578110933304,0.041451457887887955,0.014467548578977585,0.42580872774124146,34.73961843922734,,,
m5b_smooth0.01,91,0.5079377815127373,0.7291284203529358,0.022982975468039513,0.019838199019432068,0.010192712768912315,0.21785880625247955,46.95157507061958,,,
m5b_smooth0.01,92,0.06978488992899656,0.7640196681022644,0.02098681963980198,0.016860904172062874,0.009423439390957355,0.1887078881263733,48.62062412779778,,,
m5b_smooth0.01,93,0.17057122569531202,0.6787348389625549,0.028540505096316338,0.02363797277212143,0.012313885614275932,0.25677308440208435,44.50456514209509,,,
m5b_smooth0.01,94,0.1870309617370367,0.5852189064025879,0.04014672711491585,0.036850642412900925,0.01799888350069523,0.3197842240333557,39.86680435948074,,,
m5b_smooth0.01,95,0.08208983764052391,0.6185200214385986,0.04327865689992905,0.03905882686376572,0.020402690395712852,0.27873942255973816,41.31682717241347,,,
m5b_smooth0.01,96,0.1553043331950903,0.6956592798233032,0.04379184544086456,0.03301624208688736,0.017258189618587494,0.2102746218442917,44.947049394249916,,,
m5b_smooth0.01,97,0.11085097957402468,0.642484188079834,0.06723060458898544,0.041656605899333954,0.015007938258349895,0.23362113535404205,42.117003169842064,,,
m5b_smooth0.01,98,0.4405590733513236,0.42220422625541687,0.1797170788049698,0.11461079120635986,0.017614776268601418,0.26585274934768677,29.701044952496886,,,
m5b_smooth0.01,99,0.3916536644101143,0.22709885239601135,0.19819453358650208,0.2853301167488098,0.0168935377150774,0.2724830210208893,18.613133085891604,,,
m5b_smooth0.01,100,0.5192465111613274,0.26461172103881836,0.07592246681451797,0.150323286652565,0.01454918272793293,0.49459341168403625,23.429747631773353,,,
m5b_smooth0.01,101,0.3669407432898879,0.4031602442264557,0.021500421687960625,0.026446154341101646,0.009377687238156796,0.53951495885849,31.909306772984564,,,
m5b_smooth0.01,102,0.6261083045974374,0.7162147760391235,0.008279705420136452,0.006362793035805225,0.006139512173831463,0.2630034387111664,46.725279374048114,,,
m5b_smooth0.01,103,0.14350554114207625,0.7879676818847656,0.005206308327615261,0.002985727973282337,0.005740270484238863,0.1981005072593689,50.105813400354236,,,
m5b_smooth0.01,104,0.08486057072877884,0.7464175820350647,0.004921372514218092,0.002390185371041298,0.0072635505348443985,0.23900721967220306,48.19409277988598,,,
m5b_smooth0.01,105,0.04069176968187094,0.7263175249099731,0.0049082315526902676,0.0021576788276433945,0.009227647446095943,0.2573891878128052,47.25847492413595,,,
m5b_smooth0.01,106,0.010862985858693719,0.7297684550285339,0.00497798016294837,0.0020693938713520765,0.011138560250401497,0.2520460784435272,47.40390848345123,,,
m5b_smooth0.01,107,0.015015345765277743,0.7361045479774475,0.005363410338759422,0.00225186999887228,0.01174173317849636,0.24453790485858917,47.68411469925195,,,
m5b_smooth0.01,108,0.08476391131989658,0.6937480568885803,0.007185431197285652,0.0032423639204353094,0.011716518551111221,0.28410759568214417,45.70131790568121,,,
m5b_smooth0.01,109,0.40632632677443326,0.4905848801136017,0.011580539867281914,0.0056711602956056595,0.012406676076352596,0.4797566831111908,36.26712712366134,,,
m5b_smooth0.01,110,0.4177358280867338,0.2817167341709137,0.016849400475621223,0.009065508842468262,0.012909273616969585,0.6794585585594177,26.549834712408483,,,
m5b_smooth0.01,111,0.06937119364738464,0.3009222745895386,0.024525456130504608,0.014284495264291763,0.015494690276682377,0.6447733640670776,27.258005346171558,,,
m5b_smooth0.01,112,0.5619870247319341,0.5638248920440674,0.03466581553220749,0.02060525305569172,0.01712404191493988,0.3637794256210327,39.13875534944236,,,
m5b_smooth0.01,113,0.4646281497552991,0.7878974080085754,0.04158985987305641,0.02192346192896366,0.011297120712697506,0.13729296624660492,49.382386098615825,,,
m5b_smooth0.01,114,0.1482612732797861,0.7477341890335083,0.09466348588466644,0.042320724576711655,0.011956538073718548,0.10332521796226501,46.61592581961304,,,
m5b_smooth0.01,115,0.5322400676086545,0.4816141724586487,0.26508238911628723,0.12827761471271515,0.016458693891763687,0.10856731981039047,31.181918915361166,,,
m5b_smooth0.01,116,0.20000632293522358,0.5050238966941833,0.17200413346290588,0.20272502303123474,0.018604224547743797,0.10164191573858261,32.634829396381974,,,
m5b_smooth0.01,117,0.643951341509819,0.8270000219345093,0.035544831305742264,0.05622624605894089,0.011844130232930183,0.0693848729133606,50.87852201797068,,,
m5b_smooth0.01,118,0.21956935292109847,0.9367849230766296,0.007696895394474268,0.010708711110055447,0.005844659171998501,0.038965363055467606,56.833346110302955,,,
m5b_smooth0.01,119,0.030680377734825015,0.9521251916885376,0.0034528186079114676,0.004302153363823891,0.004807362332940102,0.035313185304403305,57.671906910603866,,,
m5b_smooth0.1,4,,0.20000606775283813,0.20000606775283813,0.20000606775283813,0.20000606775283813,0.20000606775283813,17.00051575899124,,,
m5b_smooth0.1,5,0.14003480970859528,0.177784726023674,0.1966373324394226,0.2700081169605255,0.177784726023674,0.177784726023674,15.407224491238594,,,
m5b_smooth0.1,6,0.21260415017604828,0.21033334732055664,0.20529362559318542,0.16370612382888794,0.21033334732055664,0.21033334732055664,17.733413130044937,,,
m5b_smooth0.1,7,0.06878530979156494,0.22179768979549408,0.20083290338516235,0.1337745636701584,0.22179768979549408,0.22179768979549408,18.567769467830658,,,
m5b_smooth0.1,8,0.10273382067680359,0.20482781529426575,0.25219976902008057,0.133317232131958,0.20482781529426575,0.20482781529426575,17.24320450425148,,,
m5b_smooth0.1,9,0.3391018658876419,0.15174472332000732,0.36962011456489563,0.18544773757457733,0.14144298434257507,0.15174472332000732,13.145173743367195,,,
m5b_smooth0.1,10,0.16207800805568695,0.13006331026554108,0.3319437801837921,0.2635481655597687,0.14438140392303467,0.13006331026554108,11.75794306397438,,,
m5b_smooth0.1,11,0.16396978497505188,0.1261291801929474,0.25782716274261475,0.3172057867050171,0.1727086752653122,0.1261291652917862,11.751964375376701,,,
m5b_smooth0.1,12,0.16160385310649872,0.1485588252544403,0.17702513933181763,0.32049959897994995,0.2053574025630951,0.1485588103532791,13.56937861442566,,,
m5b_smooth0.1,13,0.18208293616771698,0.1914132535457611,0.1823582947254181,0.24474500119686127,0.19007109105587006,0.1914132535457611,16.411671698093414,,,
m5b_smooth0.1,14,0.28602831810712814,0.2539205253124237,0.20035776495933533,0.18298712372779846,0.10881466418504715,0.2539205253124237,20.301140658557415,,,
m5b_smooth0.1,15,0.05609557032585144,0.25411248207092285,0.2280212640762329,0.18181300163269043,0.081940658390522,0.25411251187324524,20.151368968188763,,,
m5b_smooth0.1,16,0.09744764864444733,0.254853218793869,0.19607770442962646,0.22732332348823547,0.06516029685735703,0.25658518075942993,20.217555411159992,,,
m5b_smooth0.1,17,0.13301070779561996,0.27973318099975586,0.14190848171710968,0.24730555713176727,0.052824437618255615,0.27822861075401306,21.932787626981735,,,
m5b_smooth0.1,18,0.18313409760594368,0.3254350423812866,0.10271991789340973,0.20346187055110931,0.04428936168551445,0.3240935206413269,25.086542893201113,,,
m5b_smooth0.1,19,0.01878168061375618,0.33095553517341614,0.10583759844303131,0.19407112896442413,0.044863611459732056,0.3242720365524292,25.399236887693405,,,
m5b_smooth0.1,20,0.07140343636274338,0.33186665177345276,0.13711830973625183,0.1809963434934616,0.04837358742952347,0.3016451895236969,25.153754211962223,,,
m5b_smooth0.1,21,0.16678594797849655,0.26432204246520996,0.18786492943763733,0.21138156950473785,0.05063483119010925,0.2857969403266907,21.036933168768883,,,
m5b_smooth0.1,22,0.029963873326778412,0.27426424622535706,0.17935208976268768,0.21394437551498413,0.04416588693857193,0.28827401995658875,21.62203747779131,,,
m5b_smooth0.1,23,0.11742433533072472,0.32533499598503113,0.1418328881263733,0.1978253722190857,0.03909134492278099,0.2959148585796356,24.671856198459864,,,
m5b_smooth0.1,24,0.15631191059947014,0.391522616147995,0.10967399924993515,0.15443897247314453,0.036481164395809174,0.30788367986679077,28.630087554454803,,,
m5b_smooth0.1,25,0.034821100533008575,0.40197762846946716,0.11327489465475082,0.1445419043302536,0.03983555734157562,0.3003699481487274,29.149586491286755,,,
m5b_smooth0.1,26,0.11630799993872643,0.3438236117362976,0.13306528329849243,0.17901521921157837,0.042414505034685135,0.3016812801361084,25.819967102259398,,,
m5b_smooth0.1,27,0.04039812833070755,0.3356034755706787,0.1267879158258438,0.18443989753723145,0.03671294078230858,0.3164556622505188,25.503685999661684,,,
m5b_smooth0.1,28,0.046867284923791885,0.34878039360046387,0.1083565503358841,0.18531166017055511,0.03171069175004959,0.32584065198898315,26.374859116971493,,,
m5b_smooth0.1,29,0.06614799797534943,0.3818542957305908,0.08528081327676773,0.1817101240158081,0.027243301272392273,0.32391121983528137,28.267129115760326,,,
m5b_smooth0.1,30,0.08063996396958828,0.3750738799571991,0.08424008637666702,0.15145181119441986,0.025003189221024513,0.3642316162586212,28.31729326955974,,,
m5b_smooth0.1,31,0.13458434492349625,0.3575374484062195,0.12102368474006653,0.17668919265270233,0.03027416206896305,0.3144756555557251,26.717916479334235,,,
m5b_smooth0.1,32,0.12375214882194996,0.3196789622306824,0.16944251954555511,0.18937358260154724,0.03104705736041069,0.2904581129550934,24.20204398408532,,,
m5b_smooth0.1,33,0.07121914625167847,0.2946663498878479,0.15975064039230347,0.21292126178741455,0.030141886323690414,0.30251991748809814,22.924767468124628,,,
m5b_smooth0.1,34,0.09972009062767029,0.3293858766555786,0.11614712327718735,0.21217693388462067,0.02462993934750557,0.31766068935394287,25.135489750653505,,,
m5b_smooth0.1,35,0.01189618930220604,0.3265865743160248,0.11565108597278595,0.21812473237514496,0.02425926923751831,0.3153783082962036,24.950330942869186,,,
m5b_smooth0.1,36,0.050570160150527954,0.3291173279285431,0.13645295798778534,0.20763558149337769,0.026211515069007874,0.3005821704864502,24.89803037047386,,,
m5b_smooth0.1,37,0.05782646685838699,0.3068397045135498,0.16408635675907135,0.2084660679101944,0.026661045849323273,0.2939467430114746,23.50174855440855,,,
m5b_smooth0.1,38,0.1046719141304493,0.27829742431640625,0.16392968595027924,0.2608020305633545,0.024531815201044083,0.27243897318840027,21.63004956766963,,,
m5b_smooth0.1,39,0.09154954552650452,0.30702680349349976,0.122825488448143,0.2586991488933563,0.02196398749947548,0.2894842326641083,23.52705831453204,,,
m5b_smooth0.1,40,0.16865093633532524,0.38438504934310913,0.08105576783418655,0.22021332383155823,0.01789417862892151,0.2964515686035156,28.08037991076708,,,
m5b_smooth0.1,41,0.024453027173876762,0.3966110944747925,0.07811370491981506,0.21314778923988342,0.01749514974653721,0.2946312129497528,28.761525770649314,,,
m5b_smooth0.1,42,0.054105937480926514,0.398998498916626,0.09996957331895828,0.21081973612308502,0.02030557580292225,0.26990702748298645,28.593176132068038,,,
m5b_smooth0.1,43,0.10417147912085056,0.3974051773548126,0.12013248354196548,0.2426086813211441,0.02043929323554039,0.21941444277763367,27.90714642032981,,,
m5b_smooth0.1,44,0.039803432300686836,0.3986286222934723,0.1166243627667427,0.261287122964859,0.019722992554306984,0.2037373185157776,27.808586476370692,,,
m5b_smooth0.1,45,0.08435548655688763,0.435797780752182,0.10233455151319504,0.23485532402992249,0.018266480416059494,0.20874552428722382,30.005070071667433,,,
m5b_smooth0.1,46,0.2332506999373436,0.5325478315353394,0.08144009113311768,0.14249835908412933,0.014892902225255966,0.22862116992473602,35.76675175502896,,,
m5b_smooth0.1,47,0.06015393137931824,0.5599594712257385,0.0833519920706749,0.12762561440467834,0.015646059066057205,0.2134166806936264,37.16115305200219,,,
m5b_smooth0.1,48,0.11668721958994865,0.5968454480171204,0.09905309975147247,0.13223403692245483,0.01679389923810959,0.15507280826568604,38.59505870193243,,,
m5b_smooth0.1,49,0.06103666499257088,0.596441924571991,0.09801508486270905,0.16275256872177124,0.01661752536892891,0.12617258727550507,38.255527164787054,,,
m5b_smooth0.1,50,0.07433916628360748,0.6287665963172913,0.08216186612844467,0.16759724915027618,0.015597347170114517,0.10587617009878159,39.90239720419049,,,
m5b_smooth0.1,51,0.030761432833969593,0.6393285989761353,0.07143545895814896,0.17241623997688293,0.014121062122285366,0.1026984229683876,40.48502547387034,,,
m5b_smooth0.1,52,0.03642638772726059,0.6481841802597046,0.06596950441598892,0.16031503677368164,0.013475379906594753,0.11205638945102692,41.10108254197985,,,
m5b_smooth0.1,53,0.07806842867285013,0.6091499924659729,0.07689475268125534,0.1705491691827774,0.015697330236434937,0.127709299325943,39.03535331040621,,,
m5b_smooth0.1,54,0.03416375815868378,0.6141927242279053,0.0861164927482605,0.17318204045295715,0.015881560742855072,0.11062711477279663,39.11717659980059,,,
m5b_smooth0.1,55,0.04458080977201462,0.6010147929191589,0.08591971546411514,0.19511385262012482,0.016240060329437256,0.10171132534742355,38.269787825644016,,,
m5b_smooth0.1,56,0.07497251406311989,0.638501763343811,0.0778551921248436,0.17543724179267883,0.014307510107755661,0.09389946609735489,40.3290178142488,,,
m5b_smooth0.1,57,0.06236996129155159,0.6696860194206238,0.06984496861696243,0.15475857257843018,0.013039536774158478,0.09267062693834305,42.10394738614559,,,
m5b_smooth0.1,58,0.014028456062078476,0.6677967309951782,0.07164271175861359,0.14963331818580627,0.01358811929821968,0.09733821451663971,42.04619836434722,,,
m5b_smooth0.1,59,0.06556935887783766,0.635012686252594,0.08963906764984131,0.15855930745601654,0.015437758527696133,0.1013515442609787,40.193064094521105,,,
m5b_smooth0.1,60,0.06324130017310381,0.6114264130592346,0.1053972989320755,0.1731041818857193,0.016755100339651108,0.09331696480512619,38.734017837792635,,,
m5b_smooth0.1,61,0.05515248514711857,0.6320657730102539,0.08800680190324783,0.18004140257835388,0.015933932736516,0.08395272493362427,39.838953068479896,,,
m5b_smooth0.1,62,0.17390311136841774,0.7190173864364624,0.05810084939002991,0.14159418642520905,0.012452749535441399,0.06883557885885239,44.674793945625424,,,
m5b_smooth0.1,63,0.03336969017982483,0.7357014417648315,0.05288860201835632,0.13188353180885315,0.011309398338198662,0.06821619719266891,45.624818252399564,,,
m5b_smooth0.1,64,0.07628822140395641,0.6975576281547546,0.06961061805486679,0.14154310524463654,0.01462281122803688,0.07666560262441635,43.52337573841214,,,
m5b_smooth0.1,65,0.0413348451256752,0.67894446849823,0.08041524887084961,0.1499173939228058,0.0161113403737545,0.0746113657951355,42.424174044281244,,,
m5b_smooth0.1,66,0.016144366934895515,0.6753543019294739,0.07798796147108078,0.15798932313919067,0.01571987010538578,0.07294785231351852,42.204523069784045,,,
m5b_smooth0.1,67,0.05851313564926386,0.7046108245849609,0.06482233852148056,0.15150070190429688,0.01309038046747446,0.06597497314214706,43.81125620659441,,,
m5b_smooth0.1,68,0.04281544219702482,0.7260185480117798,0.05892910808324814,0.13800078630447388,0.01222267560660839,0.06482810527086258,45.02719655074179,,,
m5b_smooth0.1,69,0.0154036246240139,0.7278123497962952,0.062044788151979446,0.13029998540878296,0.013218944892287254,0.06662517786026001,45.14697083644569,,,
m5b_smooth0.1,70,0.06797263864427805,0.693825364112854,0.08075619488954544,0.13691429793834686,0.015522870235145092,0.07298118621110916,43.25141763407737,,,
m5b_smooth0.1,71,0.010789671912789345,0.6953856348991394,0.08375154435634613,0.1377531886100769,0.015228540636599064,0.06788035482168198,43.27707395609468,,,
m5b_smooth0.1,72,0.05086268112063408,0.7126846313476562,0.07265833020210266,0.14588603377342224,0.013479807414114475,0.05529146268963814,44.13983344193548,,,
m5b_smooth0.1,73,0.061716075986623764,0.7435423135757446,0.0565645806491375,0.14053091406822205,0.011453659273684025,0.04790808632969856,45.84158496093005,,,
m5b_smooth0.1,74,0.030628018081188202,0.7282286882400513,0.06006046012043953,0.14357435703277588,0.012306579388678074,0.05583023652434349,45.0522741926834,,,
m5b_smooth0.1,75,0.03883677255362272,0.7228899002075195,0.07077697664499283,0.1294948011636734,0.013086583465337753,0.06375214457511902,44.816791500896215,,,
m5b_smooth0.1,76,0.03706677630543709,0.7046893835067749,0.08681029081344604,0.13093021512031555,0.012753926217556,0.06481701880693436,43.75767969340086,,,
m5b_smooth0.1,77,0.05906342342495918,0.6751567125320435,0.09774947166442871,0.14816880226135254,0.013644006103277206,0.06527992337942123,42.06108560040593,,,
m5b_smooth0.1,78,0.07616471499204636,0.7125739455223083,0.07278648763895035,0.14883394539356232,0.012218046933412552,0.053586527705192566,44.10946277156472,,,
m5b_smooth0.1,79,0.059043316170573235,0.7420962452888489,0.060689881443977356,0.13574977219104767,0.011166131123900414,0.05029820650815964,45.77605172432959,,,
m5b_smooth0.1,80,0.0385102229192853,0.7228499054908752,0.07176566869020462,0.1357409805059433,0.012584916315972805,0.057058725506067276,44.7368995109573,,,
m5b_smooth0.1,81,0.05171467922627926,0.7002573013305664,0.08775907754898071,0.13247670233249664,0.014500194229185581,0.06500783562660217,43.512238322757185,,,
m5b_smooth0.1,82,0.029951383359730244,0.7061712145805359,0.08144818991422653,0.1415378898382187,0.013577792793512344,0.057264842092990875,43.773087073117495,,,
m5b_smooth0.1,83,0.05855546332895756,0.7354488968849182,0.0720246210694313,0.13093318045139313,0.012370994314551353,0.04922213777899742,45.36746486462653,,,
m5b_smooth0.1,84,0.021046463400125504,0.7437695860862732,0.06500568985939026,0.13313589990139008,0.011971095576882362,0.046117912977933884,45.8200370054692,,,
m5b_smooth0.1,85,0.07256474532186985,0.7800520062446594,0.057747140526771545,0.11026328802108765,0.010211143642663956,0.04172670096158981,47.847309198230505,,,
m5b_smooth0.1,86,0.13068157713860273,0.7147111296653748,0.08284302055835724,0.13306963443756104,0.013313799165189266,0.056062519550323486,44.24279157165438,,,
m5b_smooth0.1,87,0.10930126160383224,0.6600602865219116,0.10663212090730667,0.15369556844234467,0.015540330670773983,0.06407137215137482,41.1771175423637,,,
m5b_smooth0.1,88,0.037439423613250256,0.6440021395683289,0.11649781465530396,0.16254955530166626,0.01442250981926918,0.062527596950531,40.22061878070235,,,
m5b_smooth0.1,89,0.06344722304493189,0.675726056098938,0.10402342677116394,0.15273652970790863,0.012423641048371792,0.05509057268500328,41.96402988675982,,,
m5b_smooth0.1,90,0.037734655663371086,0.6945932507514954,0.10110977292060852,0.1405337154865265,0.01164544839411974,0.05211777240037918,43.009472916834056,,,
m5b_smooth0.1,91,0.05901156924664974,0.6787620186805725,0.1232941672205925,0.1268593668937683,0.013682312332093716,0.05740250274538994,42.12900461349636,,,
m5b_smooth0.1,92,0.030342542566359043,0.6641812920570374,0.13515089452266693,0.12953560054302216,0.014319904148578644,0.05681123957037926,41.270231902599335,,,
m5b_smooth0.1,93,0.015854216180741787,0.6587509512901306,0.14219939708709717,0.1304149031639099,0.01402710098773241,0.054607972502708435,40.92120250593871,,,
m5b_smooth0.1,94,0.041524842381477356,0.6795133352279663,0.12471643835306168,0.12940768897533417,0.013741054572165012,0.05262173339724541,42.11663126852363,,,
m5b_smooth0.1,95,0.03845267556607723,0.6874009370803833,0.10866942256689072,0.14074619114398956,0.013379002921283245,0.04980422928929329,42.565876451320946,,,
m5b_smooth0.1,96,0.058842604979872704,0.7163630127906799,0.09950316697359085,0.12057215720415115,0.01383854541927576,0.04972353205084801,44.23599967267364,,,
m5b_smooth0.1,97,0.06592841353267431,0.7023149132728577,0.12230414897203445,0.101655974984169,0.016127832233905792,0.05759739503264427,43.48542522639036,,,
m5b_smooth0.1,98,0.17945006489753723,0.6125895977020264,0.17331050336360931,0.12464561313390732,0.019491780549287796,0.06996220350265503,38.4185365177691,,,
m5b_smooth0.1,99,0.030187644064426422,0.6152113676071167,0.1590874344110489,0.13489098846912384,0.01862158253788948,0.07218943536281586,38.61744562909007,,,
m5b_smooth0.1,100,0.06216263584792614,0.6454165577888489,0.13351094722747803,0.13576720654964447,0.01674085669219494,0.06856542080640793,40.34290792234242,,,
m5b_smooth0.1,101,0.06363704241812229,0.6772345900535583,0.1248292624950409,0.11520839482545853,0.015993665903806686,0.06673409789800644,42.150762882083654,,,
m5b_smooth0.1,102,0.03403849899768829,0.6942537426948547,0.12364457547664642,0.10000438243150711,0.015880782157182693,0.06621633470058441,43.11707644537091,,,
m5b_smooth0.1,103,0.016812428832054138,0.6870055198669434,0.12679573893547058,0.09884677827358246,0.017728667706251144,0.06962388753890991,42.742502365261316,,,
m5b_smooth0.1,104,0.04691623896360397,0.6635469794273376,0.13065573573112488,0.11728362739086151,0.01785999909043312,0.07065340876579285,41.4094930998981,,,
m5b_smooth0.1,105,0.07211317587643862,0.6996039152145386,0.10919061303138733,0.11145968735218048,0.014994516037404537,0.06475171446800232,43.43129020277411,,,
m5b_smooth0.1,106,0.04732800181955099,0.7232672572135925,0.09277001023292542,0.1082242950797081,0.013658083975315094,0.06207948178052902,44.77819766104221,,,
m5b_smooth0.1,107,0.007767378352582455,0.7226477861404419,0.09267721325159073,0.10505352914333344,0.014447814784944057,0.06517409533262253,44.78027700725943,,,
m5b_smooth0.1,108,0.06147522758692503,0.6993504762649536,0.11607363820075989,0.09761278331279755,0.01606706716120243,0.07089558988809586,43.47494829259813,,,
m5b_smooth0.1,109,0.08026600256562233,0.6634166240692139,0.149493008852005,0.10432673245668411,0.01562594436109066,0.06713788211345673,41.31678261049092,,,
m5b_smooth0.1,110,0.019594568759202957,0.6538408398628235,0.15390780568122864,0.10830460488796234,0.01540444977581501,0.06854250282049179,40.776698200032115,,,
m5b_smooth0.1,111,0.023830567486584187,0.6438151001930237,0.16422195732593536,0.10927005112171173,0.013514948077499866,0.06917823106050491,40.18403799366206,,,
m5b_smooth0.1,112,0.06115717068314552,0.6702644228935242,0.1461447924375534,0.09777337312698364,0.012510591186583042,0.07330787926912308,41.76921473350376,,,
m5b_smooth0.1,113,0.06467441935092211,0.6401302814483643,0.16174620389938354,0.09556979686021805,0.013938402757048607,0.08861535787582397,40.19445631094277,,,
m5b_smooth0.1,114,0.07943454943597317,0.6004131436347961,0.16907864809036255,0.10285033285617828,0.01734435185790062,0.11031384021043777,38.1682224906981,,,
m5b_smooth0.1,115,0.05569998361170292,0.5734362602233887,0.18749584257602692,0.11228308081626892,0.01726299710571766,0.10952203720808029,36.5846701990813,,,
m5b_smooth0.1,116,0.056587932631373405,0.6017305254936218,0.17183294892311096,0.10778335481882095,0.016229528933763504,0.10242445766925812,38.14656365290284,,,
m5b_smooth0.1,117,0.08967552985996008,0.6465678215026855,0.1453159749507904,0.10433695465326309,0.01374430675059557,0.09003482013940811,40.609093758277595,,,
m5b_smooth0.1,118,0.017788030207157135,0.6508913636207581,0.13725949823856354,0.10361146926879883,0.013632033951580524,0.09460507333278656,40.92147098761052,,,
m5b_smooth0.1,119,0.08188654016703367,0.6099482774734497,0.1584053486585617,0.10703489929437637,0.016386032104492188,0.1082252487540245,38.70626240223646,,,
m5b_smooth0.3,4,,0.20000606775283813,0.20000606775283813,0.20000606775283813,0.20000606775283813,0.20000606775283813,17.00051575899124,,,
m5b_smooth0.3,5,0.11482137441635132,0.181136354804039,0.25740158557891846,0.19918935000896454,0.181136354804039,0.181136354804039,15.527014374732971,,,
m5b_smooth0.3,6,0.11763286590576172,0.1997605562210083,0.26034554839134216,0.14037305116653442,0.1997605562210083,0.1997605562210083,16.862069755792618,,,
m5b_smooth0.3,7,0.03619535267353058,0.19918406009674072,0.2439766675233841,0.1584700345993042,0.19918406009674072,0.19918406009674072,16.853295639157295,,,
m5b_smooth0.3,8,0.041401371359825134,0.1974416971206665,0.2646775245666504,0.14299660921096802,0.1974416971206665,0.1974416971206665,16.68644481897354,,,
m5b_smooth0.3,9,0.046542927622795105,0.19302184879779816,0.28794947266578674,0.13852502405643463,0.18748199939727783,0.19302184879779816,16.2995153516531,,,
m5b_smooth0.3,10,0.06831587851047516,0.1977459341287613,0.2537912130355835,0.16241690516471863,0.18829956650733948,0.1977459341287613,16.69233801960945,,,
m5b_smooth0.3,11,0.016434013843536377,0.20048868656158447,0.24752795696258545,0.1604630947113037,0.19103102385997772,0.20048867166042328,16.902297005057335,,,
m5b_smooth0.3,12,0.05958843231201172,0.1939987987279892,0.23071418702602386,0.17555637657642365,0.20573264360427856,0.1939987987279892,16.553422927856445,,,
m5b_smooth0.3,13,0.07133792340755463,0.20371130108833313,0.2469579130411148,0.15560325980186462,0.19001652300357819,0.20371125638484955,17.118519008159637,,,
m5b_smooth0.3,14,0.05918724834918976,0.21540053188800812,0.24606917798519135,0.12689805030822754,0.19623132050037384,0.21540053188800812,17.94002193212509,,,
m5b_smooth0.3,15,0.057142339646816254,0.2283795177936554,0.24868243932724,0.11747468262910843,0.1770835816860199,0.2283795177936554,18.740775875747204,,,
m5b_smooth0.3,16,0.09975401312112808,0.2517217695713043,0.20316298305988312,0.11311732232570648,0.17982423305511475,0.2521738111972809,20.435024112462997,,,
m5b_smooth0.3,17,0.03189278393983841,0.24716313183307648,0.19728022813796997,0.12387949973344803,0.18500860035419464,0.2466689646244049,20.147132344543934,,,
m5b_smooth0.3,18,0.02693527191877365,0.2508479952812195,0.19105960428714752,0.13014446198940277,0.17776179313659668,0.2501869797706604,20.379322975873947,,,
m5b_smooth0.3,19,0.05201809108257294,0.2344220131635666,0.1859307438135147,0.14621710777282715,0.1876978725194931,0.24573245644569397,19.44404235482216,,,
m5b_smooth0.3,20,0.08211642503738403,0.22606775164604187,0.21965794265270233,0.15354830026626587,0.1759219765663147,0.2248045802116394,18.623085901141167,,,
m5b_smooth0.3,21,0.03786945343017578,0.21176981925964355,0.22303658723831177,0.16910406947135925,0.1713632196187973,0.22472622990608215,17.782247707247734,,,
m5b_smooth0.3,22,0.03670094907283783,0.22123384475708008,0.21130427718162537,0.17166650295257568,0.17768697440624237,0.21810780465602875,18.297652557492256,,,
m5b_smooth0.3,23,0.03633725643157959,0.21916349232196808,0.198380246758461,0.1684923768043518,0.18356522917747498,0.2303982973098755,18.364199683070183,,,
m5b_smooth0.3,24,0.01966574788093567,0.22383330762386322,0.20164524018764496,0.16227208077907562,0.17995285987854004,0.23229657113552094,18.63028195500374,,,
m5b_smooth0.3,25,0.08060804009437561,0.2145220935344696,0.20828036963939667,0.13127955794334412,0.18917672336101532,0.25674188137054443,18.392068058252335,,,
m5b_smooth0.3,26,0.10515642166137695,0.22686055302619934,0.24643540382385254,0.13336408138275146,0.15420806407928467,0.2391321361064911,18.685467183589935,,,
m5b_smooth0.3,27,0.04501409828662872,0.2419617772102356,0.23567600548267365,0.13546191155910492,0.14246056973934174,0.24444028735160828,19.579156383872032,,,
m5b_smooth0.3,28,0.04342079162597656,0.25730830430984497,0.21541497111320496,0.13839593529701233,0.14101101458072662,0.24786993861198425,20.526357278227806,,,
m5b_smooth0.3,29,0.04879051446914673,0.278754323720932,0.20134085416793823,0.13816119730472565,0.130924791097641,0.2508193552494049,21.76902838051319,,,
m5b_smooth0.3,30,0.06802157312631607,0.2688225209712982,0.19570794701576233,0.12890073657035828,0.12173885852098465,0.2848298251628876,21.55155097693205,,,
m5b_smooth0.3,31,0.10221750289201736,0.23382319509983063,0.21386122703552246,0.15030537545681,0.13329000771045685,0.26872071623802185,19.389289140701294,,,
m5b_smooth0.3,32,0.023707211017608643,0.22871701419353485,0.2096627652645111,0.15316461026668549,0.13074062764644623,0.27771466970443726,19.195367217063904,,,
m5b_smooth0.3,33,0.04832461476325989,0.23714447021484375,0.21160325407981873,0.1669590324163437,0.11340886354446411,0.2708841860294342,19.527389213442802,,,
m5b_smooth0.3,34,0.08385856449604034,0.2683328688144684,0.19396093487739563,0.17769986391067505,0.10277935862541199,0.2572266757488251,21.14766162633896,,,
m5b_smooth0.3,35,0.0805126503109932,0.29267579317092896,0.19265592098236084,0.193613201379776,0.10212329775094986,0.21893136203289032,22.11394526809454,,,
m5b_smooth0.3,36,0.0925445631146431,0.27720800042152405,0.20689652860164642,0.1628090739250183,0.11028216779232025,0.24280452728271484,21.499042332172394,,,
m5b_smooth0.3,37,0.025297686457633972,0.27488410472869873,0.2154187560081482,0.16432331502437592,0.11289440095424652,0.23247943818569183,21.24640792608261,,,
m5b_smooth0.3,38,0.020098961889743805,0.27482134103775024,0.21446146070957184,0.1706041842699051,0.10386507958173752,0.23624815046787262,21.25008413940668,,,
m5b_smooth0.3,39,0.05170203000307083,0.26493820548057556,0.20513001084327698,0.19265706837177277,0.10766348242759705,0.22961199283599854,20.647605821490288,,,
m5b_smooth0.3,40,0.026017382740974426,0.27794647216796875,0.20509551465511322,0.18429477512836456,0.1055968701839447,0.2270662784576416,21.352874159812927,,,
m5b_smooth0.3,41,0.05435842275619507,0.29054227471351624,0.20468010008335114,0.16519932448863983,0.0979287326335907,0.24164989590644836,22.201414227485657,,,
m5b_smooth0.3,42,0.023590058088302612,0.29516440629959106,0.2118528187274933,0.16477817296981812,0.09342578053474426,0.23477879166603088,22.356935262680054,,,
m5b_smooth0.3,43,0.04887735843658447,0.303972989320755,0.18943877518177032,0.17689108848571777,0.09140123426914215,0.23829606175422668,22.934444904327393,,,
m5b_smooth0.3,44,0.07801409810781479,0.33459770679473877,0.19126562774181366,0.18344652652740479,0.0812416598200798,0.20944854617118835,24.31843888014555,,,
m5b_smooth0.3,45,0.05730806291103363,0.36325162649154663,0.18388716876506805,0.1687006950378418,0.08090037852525711,0.20325997471809387,25.897029139101505,,,
m5b_smooth0.3,46,0.20524448156356812,0.4556398391723633,0.1555393636226654,0.10676223784685135,0.06856459379196167,0.2134941965341568,31.283087335526943,,,
m5b_smooth0.3,47,0.05873186141252518,0.4271164536476135,0.1646110862493515,0.10591980814933777,0.06979639828205109,0.23255671560764313,29.853726536035538,,,
m5b_smooth0.3,48,0.06402727216482162,0.4168862998485565,0.1485123634338379,0.10724005848169327,0.06411120295524597,0.2632496654987335,29.6176842674613,,,
m5b_smooth0.3,49,0.04338847100734711,0.4089464247226715,0.15324804186820984,0.12419883161783218,0.06366488337516785,0.2499418407678604,29.007469974458218,,,
m5b_smooth0.3,50,0.021553680300712585,0.4143693149089813,0.15860237181186676,0.12298302352428436,0.0630834624171257,0.24096260964870453,29.204771108925343,,,
m5b_smooth0.3,51,0.12742118164896965,0.4580777883529663,0.1291026771068573,0.09699982404708862,0.05485561117529869,0.260964572429657,31.94226274266839,,,
m5b_smooth0.3,52,0.028892576694488525,0.46871086955070496,0.12046059221029282,0.09389662742614746,0.05215448513627052,0.26477766036987305,32.59677128866315,,,
m5b_smooth0.3,53,0.05102976784110069,0.4715508222579956,0.1327066868543625,0.1007506474852562,0.055729180574417114,0.239262655377388,32.46778940409422,,,
m5b_smooth0.3,54,0.10585422068834305,0.5126654505729675,0.13814809918403625,0.10469388961791992,0.058156803250312805,0.18633534014225006,34.22794918715954,,,
m5b_smooth0.3,55,0.012352995574474335,0.5097371935844421,0.13490059971809387,0.10816178470849991,0.058591216802597046,0.1886102706193924,34.094299875199795,,,
m5b_smooth0.3,56,0.07690612226724625,0.5334017872810364,0.1159389466047287,0.09425659477710724,0.05300457775592804,0.20339831709861755,35.621424451470375,,,
m5b_smooth0.3,57,0.09172698110342026,0.49560970067977905,0.11193522810935974,0.09096904844045639,0.05222445726394653,0.24926182627677917,33.976661182940006,,,
m5b_smooth0.3,58,0.03943805769085884,0.47589030861854553,0.1199624314904213,0.092369943857193,0.0522538460791111,0.2595230042934418,32.949589762836695,,,
m5b_smooth0.3,59,0.10528536885976791,0.4501582086086273,0.15147526562213898,0.10949742794036865,0.05625656619668007,0.23261277377605438,31.139834862202406,,,
m5b_smooth0.3,60,0.05845236778259277,0.46618708968162537,0.16087603569030762,0.11329380422830582,0.052170541137456894,0.20747245848178864,31.741791035979986,,,
m5b_smooth0.3,61,0.028967849910259247,0.4710402488708496,0.14891117811203003,0.12292469292879105,0.05109647288918495,0.2060275822877884,32.02216165140271,,,
m5b_smooth0.3,62,0.054150260984897614,0.47011128067970276,0.13497303426265717,0.1107163280248642,0.051584336906671524,0.23261450231075287,32.291492249816656,,,
m5b_smooth0.3,63,0.024611908942461014,0.4649001955986023,0.13835148513317108,0.10362173616886139,0.0521487221121788,0.24097789824008942,32.081960059702396,,,
m5b_smooth0.3,64,0.09007756039500237,0.41986143589019775,0.15838217735290527,0.1080382689833641,0.0598633848130703,0.25385481119155884,29.64719418808818,,,
m5b_smooth0.3,65,0.036120157688856125,0.4349249601364136,0.14817911386489868,0.1110345870256424,0.05684604495763779,0.24901489913463593,30.460911385715008,,,
m5b_smooth0.3,66,0.036061156541109085,0.4440394341945648,0.13517524302005768,0.11823780089616776,0.05181949958205223,0.25072795152664185,31.0051825158298,,,
m5b_smooth0.3,67,0.017675235867500305,0.4372856318950653,0.13370031118392944,0.11940014362335205,0.05121060088276863,0.2584032118320465,30.705157827585936,,,
m5b_smooth0.3,68,0.027784962207078934,0.4475046694278717,0.1305345743894577,0.11027337610721588,0.049610406160354614,0.2620764374732971,31.32797783613205,,,
m5b_smooth0.3,69,0.051509395241737366,0.43131282925605774,0.12892663478851318,0.10231852531433105,0.050702258944511414,0.2867393493652344,30.683918669819832,,,
m5b_smooth0.3,70,0.031515415757894516,0.41556888818740845,0.12961596250534058,0.10784068703651428,0.05068882182240486,0.2962858974933624,29.8900956325233,,,
m5b_smooth0.3,71,0.05174184963107109,0.4278150498867035,0.12817874550819397,0.1209106370806694,0.05124355107545853,0.2718521058559418,30.324447989463806,,,
m5b_smooth0.3,72,0.020412884652614594,0.42654862999916077,0.1232445240020752,0.121246337890625,0.04723744839429855,0.2817225456237793,30.354679115116596,,,
m5b_smooth0.3,73,0.016533445566892624,0.42989277839660645,0.12816770374774933,0.12076463550329208,0.044918838888406754,0.2762567400932312,30.466054547578096,,,
m5b_smooth0.3,74,0.045858196914196014,0.4072510600090027,0.12787999212741852,0.12506355345249176,0.04803181067109108,0.29177361726760864,29.359187569469213,,,
m5b_smooth0.3,75,0.04712100699543953,0.4068478047847748,0.12039366364479065,0.109392911195755,0.0512801930308342,0.3120860159397125,29.587606258690357,,,
m5b_smooth0.3,76,0.034082360565662384,0.3936809003353119,0.11873975396156311,0.11514050513505936,0.049059443175792694,0.3233792185783386,28.955740451812744,,,
m5b_smooth0.3,77,0.1026560366153717,0.34235328435897827,0.12387699633836746,0.13908571004867554,0.05207689851522446,0.3426077365875244,26.243377789855003,,,
m5b_smooth0.3,78,0.019387535750865936,0.3399638533592224,0.11968624591827393,0.13758033514022827,0.050468362867832184,0.3523011803627014,26.21575351804495,,,
m5b_smooth0.3,79,0.06935296580195427,0.35628724098205566,0.11130093038082123,0.11128923296928406,0.0510064996778965,0.3701162040233612,27.361075442284346,,,
m5b_smooth0.3,80,0.041417673230171204,0.34068724513053894,0.12433739006519318,0.10618050396442413,0.05407154932618141,0.3747236430644989,26.508745457977057,,,
m5b_smooth0.3,81,0.028118904680013657,0.35241061449050903,0.12099520117044449,0.10671702027320862,0.05587119609117508,0.3640064597129822,27.07297194004059,,,
m5b_smooth0.3,82,0.05950295925140381,0.32421809434890747,0.12065647542476654,0.12768597900867462,0.05465100705623627,0.37278902530670166,25.558403477072716,,,
m5b_smooth0.3,83,0.03135053440928459,0.331027090549469,0.1227492168545723,0.13343538343906403,0.055674854665994644,0.35711348056793213,25.773993510752916,,,
m5b_smooth0.3,84,0.17793353646993637,0.4146823585033417,0.12806075811386108,0.11625611037015915,0.05260517820715904,0.2883957028388977,29.76354668661952,,,
m5b_smooth0.3,85,0.01716495305299759,0.42326486110687256,0.1279790997505188,0.11403705179691315,0.05091178044676781,0.2838073670864105,30.195667523890734,,,
m5b_smooth0.3,86,0.05650319159030914,0.41192975640296936,0.1408557891845703,0.1225891038775444,0.05773473158478737,0.2668909728527069,29.365025226026773,,,
m5b_smooth0.3,87,0.015208285301923752,0.41772395372390747,0.1377672553062439,0.12439879029989243,0.05733158439397812,0.26277825236320496,29.654617473483086,,,
m5b_smooth0.3,88,0.009106185287237167,0.4146433174610138,0.13806217908859253,0.12456963956356049,0.05585901811718941,0.26686546206474304,29.51749974116683,,,
m5b_smooth0.3,89,0.041338615119457245,0.4328031539916992,0.12668101489543915,0.11744662374258041,0.05369407311081886,0.26937511563301086,30.594320256263018,,,
m5b_smooth0.3,90,0.09810352697968483,0.47617924213409424,0.11397181451320648,0.08110430091619492,0.054932184517383575,0.2738129198551178,33.14594541490078,,,
m5b_smooth0.3,91,0.1088726669549942,0.4217424988746643,0.12459157407283783,0.08388954401016235,0.05842871963977814,0.3113473057746887,30.448673456907272,,,
m5b_smooth0.3,92,0.029770106077194214,0.41008543968200684,0.12415235489606857,0.08476052433252335,0.05563984811306,0.3253612816333771,29.928097188472748,,,
m5b_smooth0.3,93,0.03406338766217232,0.4234681725502014,0.1216302216053009,0.0875696912407875,0.05647982284426689,0.31085190176963806,30.53971503302455,,,
m5b_smooth0.3,94,0.049765605479478836,0.41789159178733826,0.1282922774553299,0.10579030215740204,0.05518956482410431,0.2928358018398285,30.00518687069416,,,
m5b_smooth0.3,95,0.05134865641593933,0.44283074140548706,0.1230740174651146,0.10652583092451096,0.051828816533088684,0.2757408320903778,31.23566935956478,,,
m5b_smooth0.3,96,0.0783194750547409,0.41587692499160767,0.1281168907880783,0.09431993961334229,0.05688054859638214,0.3048059940338135,30.02913996577263,,,
m5b_smooth0.3,97,0.16037247702479362,0.3374761641025543,0.12812866270542145,0.09708543866872787,0.05509483441710472,0.3822147250175476,26.404624816030264,,,
m5b_smooth0.3,98,0.06877629458904266,0.31384435296058655,0.14405977725982666,0.11322245001792908,0.05741475895047188,0.3714582920074463,24.916707705706358,,,
m5b_smooth0.3,99,0.030508235096931458,0.32737696170806885,0.13259801268577576,0.11494407057762146,0.05524251237511635,0.36983829736709595,25.68448167666793,,,
m5b_smooth0.3,100,0.15900211408734322,0.4068784713745117,0.13011974096298218,0.1138782873749733,0.04839978367090225,0.30072447657585144,29.43340404331684,,,
m5b_smooth0.3,101,0.018594738095998764,0.4115125834941864,0.13478268682956696,0.10690884292125702,0.0467979796230793,0.29999804496765137,29.673822712153196,,,
m5b_smooth0.3,102,0.13067259639501572,0.34617605805397034,0.1561729907989502,0.10909063369035721,0.05046484246850014,0.33809515833854675,26.340594489127398,,,
m5b_smooth0.3,103,0.07830210402607918,0.3785857856273651,0.1551218181848526,0.10466489940881729,0.057206131517887115,0.30442097783088684,27.846600264310837,,,
m5b_smooth0.3,104,0.04818934574723244,0.39499717950820923,0.14092788100242615,0.11234822869300842,0.0523819737136364,0.2993444502353668,28.735299456864595,,,
m5b_smooth0.3,105,0.03213978186249733,0.3905872702598572,0.14258001744747162,0.10660112649202347,0.04646940529346466,0.31376251578330994,28.615580670535564,,,
m5b_smooth0.3,106,0.04777814820408821,0.41219595074653625,0.14338451623916626,0.10807671397924423,0.04579397663474083,0.29054856300354004,29.58760942146182,,,
m5b_smooth0.3,107,0.06151779741048813,0.44295504689216614,0.1333681046962738,0.1026521697640419,0.042995620518922806,0.2780291736125946,31.212005201727152,,,
m5b_smooth0.3,108,0.04317926988005638,0.4524684250354767,0.14544416964054108,0.09672444313764572,0.04203750938177109,0.26332518458366394,31.564538151025772,,,
m5b_smooth0.3,109,0.11463329941034317,0.4111538231372833,0.18637387454509735,0.11100825667381287,0.044140420854091644,0.2473229169845581,28.96013181656599,,,
m5b_smooth0.3,110,0.033745162189006805,0.4280267655849457,0.17809653282165527,0.11057165265083313,0.041693270206451416,0.2416117936372757,29.865835428237915,,,
m5b_smooth0.3,111,0.05594652518630028,0.4084635376930237,0.1957320123910904,0.12090930342674255,0.03886561468243599,0.23602928221225739,28.642741438001394,,,
m5b_smooth0.3,112,0.013270515948534012,0.4031514525413513,0.1968282014131546,0.12245243042707443,0.037542812526226044,0.240025594830513,28.37643066048622,,,
m5b_smooth0.3,113,0.028684183955192566,0.4058254659175873,0.1867830455303192,0.118155337870121,0.03773569315671921,0.2515006363391876,28.67593577504158,,,
m5b_smooth0.3,114,0.02433307096362114,0.40383976697921753,0.1945861577987671,0.11987859010696411,0.04037537798285484,0.24131931364536285,28.445705983787775,,,
m5b_smooth0.3,115,0.0435345433652401,0.4134191870689392,0.2016085833311081,0.12504424154758453,0.03897847235202789,0.2209491729736328,28.74803026020527,,,
m5b_smooth0.3,116,0.048832572996616364,0.39082685112953186,0.20385147631168365,0.12706783413887024,0.03715498000383377,0.24109943211078644,27.670142956078053,,,
m5b_smooth0.3,117,0.06689628958702087,0.41907697916030884,0.1845208704471588,0.1322655975818634,0.033083923161029816,0.2310526967048645,29.19226162880659,,,
m5b_smooth0.3,118,0.016253437846899033,0.42511239647865295,0.1848170906305313,0.1318904459476471,0.03487861528992653,0.2233007401227951,29.457592885941267,,,
m5b_smooth0.3,119,0.0879002995789051,0.3916553258895874,0.20466654002666473,0.12139792740345001,0.040920190513134,0.24136042594909668,27.73366717249155,,,
ensemble3,4,,,,,,,,0.33332547545433044,0.33332547545433044,0.33332547545433044
ensemble3,5,0.6577887237071991,,,,,,,0.6622317433357239,0.1688842475414276,0.1688842475414276
ensemble3,6,0.5948089957237244,,,,,,,0.36482736468315125,0.3077469766139984,0.32742613554000854
ensemble3,7,0.5474736243486404,,,,,,,0.09109015762805939,0.30948302149772644,0.5994265079498291
ensemble3,8,0.6173809207975864,,,,,,,0.017912860959768295,0.07397018373012543,0.9081172943115234
ensemble3,9,0.14781139651313424,,,,,,,0.004967798013240099,0.013009914197027683,0.9820233583450317
ensemble3,10,0.015842412132769823,,,,,,,0.004089622292667627,0.005965764168649912,0.9899434447288513
ensemble3,11,0.0025930162519216537,,,,,,,0.00538698909804225,0.0049243285320699215,0.9896892309188843
ensemble3,12,0.012637616600841284,,,,,,,0.010362123139202595,0.0062675862573087215,0.9833700060844421
ensemble3,13,0.044170041102916,,,,,,,0.026886029168963432,0.011829306371510029,0.9612855911254883
ensemble3,14,0.16608622390776873,,,,,,,0.09020128101110458,0.03155616670846939,0.8782414793968201
ensemble3,15,0.47598712891340256,,,,,,,0.27621757984161377,0.08353405445814133,0.6402485370635986
ensemble3,16,0.4955983832478523,,,,,,,0.4852655827999115,0.12228512763977051,0.3924492299556732
ensemble3,17,0.36290910840034485,,,,,,,0.6486943960189819,0.14031103253364563,0.21099483966827393
ensemble3,18,0.20159580558538437,,,,,,,0.6565818786621094,0.23322151601314545,0.11019700020551682
ensemble3,19,0.8149733915925026,,,,,,,0.2804897129535675,0.6407082676887512,0.07880252599716187
ensemble3,20,0.5317266695201397,,,,,,,0.045235976576805115,0.9065709710121155,0.04819229617714882
ensemble3,21,0.061692578718066216,,,,,,,0.014389270916581154,0.9307834506034851,0.054825689643621445
ensemble3,22,0.11180883646011353,,,,,,,0.01089428924024105,0.8783741593360901,0.11073025315999985
ensemble3,23,0.1818745182827115,,,,,,,0.01230910699814558,0.7874374985694885,0.20025329291820526
ensemble3,24,0.08688921853899956,,,,,,,0.015028371475636959,0.7439928650856018,0.24097861349582672
ensemble3,25,0.3592481007799506,,,,,,,0.026832429692149162,0.5643689632415771,0.4087987542152405
ensemble3,26,0.7514657024294138,,,,,,,0.04275602847337723,0.18863625824451447,0.7686081528663635
ensemble3,27,0.2812901958823204,,,,,,,0.050102390348911285,0.04799076169729233,0.9019064903259277
ensemble3,28,0.05571332015097141,,,,,,,0.07795938849449158,0.0243102815002203,0.8977306485176086
ensemble3,29,0.16190007515251637,,,,,,,0.15890876948833466,0.021702680736780167,0.8193875551223755
ensemble3,30,0.3111007586121559,,,,,,,0.3109411597251892,0.02522122487425804,0.663837730884552
ensemble3,31,0.18011846765875816,,,,,,,0.22088178992271423,0.034546367824077606,0.7445716857910156
ensemble3,32,0.3136482499539852,,,,,,,0.06405859440565109,0.038557033985853195,0.8973860740661621
ensemble3,33,0.07341774553060532,,,,,,,0.027348924428224564,0.04992395639419556,0.9227272272109985
ensemble3,34,0.02776935324072838,,,,,,,0.01906926929950714,0.06380914896726608,0.9171227216720581
ensemble3,35,0.03888496197760105,,,,,,,0.019786665216088295,0.08253338187932968,0.8976793885231018
ensemble3,36,0.0960359051823616,,,,,,,0.029145026579499245,0.12119324505329132,0.8496617078781128
ensemble3,37,0.02828237973153591,,,,,,,0.0411565899848938,0.10705263912677765,0.8517919182777405
ensemble3,38,0.0847327820956707,,,,,,,0.05238113924860954,0.06468598544597626,0.882933497428894
ensemble3,39,0.09707457944750786,,,,,,,0.09654322266578674,0.06906086951494217,0.8343958854675293
ensemble3,40,0.5577754452824593,,,,,,,0.29263970255851746,0.151852086186409,0.5555081367492676
ensemble3,41,0.7023678570985794,,,,,,,0.4487118721008301,0.3469637334346771,0.20432409644126892
ensemble3,42,0.39508412033319473,,,,,,,0.33511850237846375,0.5445059537887573,0.12037556618452072
ensemble3,43,0.11967172473669052,,,,,,,0.30138805508613586,0.5184003710746765,0.18021126091480255
ensemble3,44,0.3268783837556839,,,,,,,0.288195937871933,0.3681533932685852,0.34365054965019226
ensemble3,45,0.220454603433609,,,,,,,0.3399839401245117,0.25792601704597473,0.40208977460861206
ensemble3,46,0.3831147104501724,,,,,,,0.531541645526886,0.1861492246389389,0.28230956196784973
ensemble3,47,0.16646526753902435,,,,,,,0.6147743463516235,0.15709757804870605,0.22812864184379578
ensemble3,48,0.20197145640850067,,,,,,,0.5137878656387329,0.20044191181659698,0.2857692837715149
ensemble3,49,0.33919258415699005,,,,,,,0.34419193863868713,0.2822295129299164,0.37357833981513977
ensemble3,50,0.18040060997009277,,,,,,,0.3456295132637024,0.19202935695648193,0.46234121918678284
ensemble3,51,0.16517691314220428,,,,,,,0.3799816370010376,0.10944084823131561,0.5105774998664856
ensemble3,52,0.02133028209209442,,,,,,,0.38884976506233215,0.09877601265907288,0.5123748183250427
ensemble3,53,0.13216432929039001,,,,,,,0.32276707887649536,0.13863995671272278,0.538592517375946
ensemble3,54,0.26852327585220337,,,,,,,0.18850547075271606,0.20267173647880554,0.6088224053382874
ensemble3,55,0.19309843331575394,,,,,,,0.120156429708004,0.2992211580276489,0.5806224346160889
ensemble3,56,0.08766365051269531,,,,,,,0.09522759169340134,0.3430531919002533,0.5617196559906006
ensemble3,57,0.20956596732139587,,,,,,,0.08038627356290817,0.25311124324798584,0.6665023565292358
ensemble3,58,0.2695727124810219,,,,,,,0.06894980370998383,0.1297619640827179,0.8012893199920654
ensemble3,59,0.13383848965168,,,,,,,0.06391894072294235,0.06787259131669998,0.868207573890686
ensemble3,60,0.035935308784246445,,,,,,,0.071774423122406,0.04990511015057564,0.8783199191093445
ensemble3,61,0.06030818074941635,,,,,,,0.099721759557724,0.052112024277448654,0.8481659889221191
ensemble3,62,0.1330786608159542,,,,,,,0.16147902607917786,0.05689454823732376,0.7816271185874939
ensemble3,63,0.1820259913802147,,,,,,,0.24012713134288788,0.06925906240940094,0.6906137466430664
ensemble3,64,0.05081690847873688,,,,,,,0.25232547521591187,0.08246929943561554,0.6652054190635681
ensemble3,65,0.20376180857419968,,,,,,,0.16840781271457672,0.06450600177049637,0.7670862674713135
ensemble3,66,0.15451084449887276,,,,,,,0.10855523496866226,0.0471031628549099,0.8443416953086853
ensemble3,67,0.021405670791864395,,,,,,,0.09785263985395432,0.050847336649894714,0.8513005971908569
ensemble3,68,0.07114651054143906,,,,,,,0.09940320998430252,0.08487015217542648,0.8157274723052979
ensemble3,69,0.15267090499401093,,,,,,,0.10198153555393219,0.15862712264060974,0.7393918633460999
ensemble3,70,0.00583445280790329,,,,,,,0.09906411916017532,0.1601235419511795,0.7408124804496765
ensemble3,71,0.15221943706274033,,,,,,,0.09319961816072464,0.08987807482481003,0.8169219493865967
ensemble3,72,0.05157965421676636,,,,,,,0.10589885711669922,0.0640888661146164,0.8300131559371948
ensemble3,73,0.08404646068811417,,,,,,,0.14237430691719055,0.06963621824979782,0.7879894971847534
ensemble3,74,0.1600453183054924,,,,,,,0.18640772998332977,0.10562565922737122,0.7079670429229736
ensemble3,75,0.08253780007362366,,,,,,,0.1884642392396927,0.14483818411827087,0.6666982769966125
ensemble3,76,0.07457035779953003,,,,,,,0.1511783003807068,0.1819191724061966,0.666901707649231
ensemble3,77,0.015513509511947632,,,,,,,0.15893542766571045,0.17765425145626068,0.6634102463722229
ensemble3,78,0.06640763580799103,,,,,,,0.19213907420635223,0.1548878699541092,0.6529726386070251
ensemble3,79,0.14870434999465942,,,,,,,0.15698514878749847,0.11568941175937653,0.7273246049880981
ensemble3,80,0.1499415710568428,,,,,,,0.11254757642745972,0.08515661209821701,0.8022958040237427
ensemble3,81,0.0435379222035408,,,,,,,0.09488970041275024,0.08104519546031952,0.8240644335746765
ensemble3,82,0.0219925194978714,,,,,,,0.08389347791671753,0.08847343921661377,0.827632486820221
ensemble3,83,0.10064627230167389,,,,,,,0.09798135608434677,0.12470840662717819,0.7773090600967407
ensemble3,84,0.165670707821846,,,,,,,0.14074714481830597,0.16477878391742706,0.6944745182991028
ensemble3,85,0.14808320999145508,,,,,,,0.21150419116020203,0.168063223361969,0.6204327940940857
ensemble3,86,0.07900194823741913,,,,,,,0.24220973253250122,0.17685873806476593,0.5809319019317627
ensemble3,87,0.27802254259586334,,,,,,,0.13279937207698822,0.147257462143898,0.7199428081512451
ensemble3,88,0.13877477496862411,,,,,,,0.07781141251325607,0.13285784423351288,0.789330005645752
ensemble3,89,0.0206863135099411,,,,,,,0.07456441968679428,0.12576207518577576,0.7996735572814941
ensemble3,90,0.039756081998348236,,,,,,,0.08626776933670044,0.10588382184505463,0.8078480362892151
ensemble3,91,0.04444179683923721,,,,,,,0.10848863422870636,0.10134270042181015,0.7901682257652283
ensemble3,92,0.1088607907295227,,,,,,,0.0919453427195549,0.06345544755458832,0.8445984721183777
ensemble3,93,0.0602724626660347,,,,,,,0.08424772322177887,0.041017428040504456,0.8747352957725525
ensemble3,94,0.08363301679491997,,,,,,,0.12176676094532013,0.045315053313970566,0.8329189419746399
ensemble3,95,0.26212209090590477,,,,,,,0.21107527613639832,0.08706683665513992,0.7018571496009827
ensemble3,96,0.38403820246458054,,,,,,,0.26023194193840027,0.22992944717407227,0.5098382234573364
ensemble3,97,0.11951926350593567,,,,,,,0.20047229528427124,0.28144949674606323,0.5180777907371521
ensemble3,98,0.5554084330797195,,,,,,,0.11485852301120758,0.08935919404029846,0.7957821488380432
ensemble3,99,0.172199297696352,,,,,,,0.08439794182777405,0.033719684928655624,0.8818813562393188
ensemble3,100,0.07924455218017101,,,,,,,0.12402034550905228,0.027146702632308006,0.8488321900367737
ensemble3,101,0.1367516964673996,,,,,,,0.1893434375524521,0.030199481174349785,0.7804563641548157
ensemble3,102,0.061300868168473244,,,,,,,0.2116694152355194,0.03852423280477524,0.7498062252998352
ensemble3,103,0.07351834326982498,,,,,,,0.1749105006456375,0.05933864414691925,0.7657512426376343
ensemble3,104,0.08795719593763351,,,,,,,0.1398886889219284,0.10331723839044571,0.7567944526672363
ensemble3,105,0.07711722701787949,,,,,,,0.15058931708335876,0.13117529451847076,0.7182359099388123
ensemble3,106,0.17428813874721527,,,,,,,0.18627050518989563,0.18263810873031616,0.6310917735099792
ensemble3,107,0.3312811851501465,,,,,,,0.17683428525924683,0.3482787609100342,0.4748874604701996
ensemble3,108,0.16661213338375092,,,,,,,0.14412172138690948,0.2976844608783722,0.5581927299499512
ensemble3,109,0.6388568580150604,,,,,,,0.06903953105211258,0.053339071571826935,0.8776220083236694
ensemble3,110,0.14007664658129215,,,,,,,0.03972233459353447,0.01261722482740879,0.9476596117019653
ensemble3,111,0.01046133041381836,,,,,,,0.042722802609205246,0.0073871854692697525,0.9498904347419739
ensemble3,112,0.04204784892499447,,,,,,,0.06316395103931427,0.007969658821821213,0.9288662075996399
ensemble3,113,0.08096643630415201,,,,,,,0.09885340183973312,0.012763229198753834,0.8883827924728394
ensemble3,114,0.08275256771594286,,,,,,,0.12809066474437714,0.02490242011845112,0.8470066785812378
ensemble3,115,0.03746492229402065,,,,,,,0.1209384948015213,0.04363536089658737,0.8354268670082092
ensemble3,116,0.18164336681365967,,,,,,,0.16188625991344452,0.09350898116827011,0.7446048855781555
ensemble3,117,0.35404958575963974,,,,,,,0.30169278383255005,0.13072732090950012,0.5675801634788513
ensemble3,118,0.23716381192207336,,,,,,,0.402192085981369,0.1488093137741089,0.4489976465702057
ensemble3,119,0.2890356630086899,,,,,,,0.2684240937232971,0.13805992901325226,0.593515932559967
amgtp,4,,0.20000606775283813,0.20000606775283813,0.20000606775283813,0.20000606775283813,0.20000606775283813,17.00051575899124,,,
amgtp,5,0.2413170114159584,0.19820253551006317,0.08474303036928177,0.3206494450569153,0.19820253551006317,0.19820253551006317,17.101096741855145,,,
amgtp,6,0.44651027768850327,0.2726207971572876,0.05314156413078308,0.12899541854858398,0.2726207971572876,0.2726207971572876,22.52241238951683,,,
amgtp,7,0.11478625610470772,0.2917521297931671,0.04795320704579353,0.07679154723882675,0.2917521297931671,0.2917521595954895,23.910250779241323,,,
amgtp,8,0.03277996554970741,0.28628861904144287,0.058711908757686615,0.08242224901914597,0.28628861904144287,0.28628861904144287,23.495356798171997,,,
amgtp,9,0.09317079931497574,0.28314924240112305,0.08897127956151962,0.09874840080738068,0.2459820955991745,0.28314924240112305,23.06013508886099,,,
amgtp,10,0.2189541608095169,0.24144771695137024,0.18805143237113953,0.10914533585309982,0.21990805864334106,0.24144773185253143,19.92197511345148,,,
amgtp,11,0.10418364405632019,0.22088992595672607,0.23606091737747192,0.11322758346796036,0.20893169939517975,0.22088997066020966,18.38412071019411,,,
amgtp,12,0.0585385262966156,0.22859430313110352,0.20679166913032532,0.11871568113565445,0.21730415523052216,0.2285943180322647,19.00004643946886,,,
amgtp,13,0.021190747618675232,0.2314968854188919,0.1961957812309265,0.12070023268461227,0.22010931372642517,0.2314968854188919,19.22983119636774,,,
amgtp,14,0.004969075322151184,0.23201896250247955,0.19371162354946136,0.12176374346017838,0.22048655152320862,0.23201897740364075,19.2718121483922,,,
amgtp,15,0.009525112807750702,0.23056070506572723,0.19693204760551453,0.12330615520477295,0.2186407446861267,0.230560764670372,19.158828735351562,,,
amgtp,16,0.0125027596950531,0.228859543800354,0.1987677812576294,0.12772175669670105,0.21578766405582428,0.22886358201503754,19.02810947597027,,,
amgtp,17,0.01703059673309326,0.22940240800380707,0.1922706961631775,0.1352098137140274,0.21376945078372955,0.22934795916080475,19.069302201271057,,,
amgtp,18,0.02334734797477722,0.23512113094329834,0.18123669922351837,0.13540595769882202,0.21312986314296722,0.23510685563087463,19.4781274497509,,,
amgtp,19,0.03963838517665863,0.2420463114976883,0.17287132143974304,0.12884317338466644,0.2082386314868927,0.24800066649913788,20.01185928285122,,,
amgtp,20,0.048449814319610596,0.2393779456615448,0.16565945744514465,0.12336254119873047,0.19937469065189362,0.27222567796707153,20.10520614683628,,,
amgtp,21,0.07247401773929596,0.2270527184009552,0.1566489189863205,0.12007452547550201,0.1877610683441162,0.3084622919559479,19.772835165262222,,,
amgtp,22,0.06675220280885696,0.21355026960372925,0.14817869663238525,0.12242554873228073,0.17635785043239594,0.33948758244514465,19.31580262631178,,,
amgtp,23,0.06273780763149261,0.20271340012550354,0.13921108841896057,0.12468691915273666,0.16479340195655823,0.36859509348869324,18.989960975944996,,,
amgtp,24,0.11902541667222977,0.19570334255695343,0.12413454055786133,0.10720491409301758,0.14484903216362,0.42810752987861633,19.19539847970009,,,
amgtp,25,0.13630005717277527,0.21914087235927582,0.10678990930318832,0.085291288793087,0.11595754325389862,0.47282031178474426,20.94230328500271,,,
amgtp,26,0.20965856313705444,0.3218207061290741,0.10893940925598145,0.07318232953548431,0.08969487249851227,0.40636271238327026,25.95467084646225,,,
amgtp,27,0.26201724261045456,0.38889139890670776,0.16312335431575775,0.08293630182743073,0.07495645433664322,0.29009249806404114,28.331406347453594,,,
amgtp,28,0.36010531708598137,0.5689443349838257,0.09955856204032898,0.07697867602109909,0.060193587094545364,0.19432540237903595,37.60906543210149,,,
amgtp,29,0.36017681658267975,0.7490324974060059,0.04897138476371765,0.044161539524793625,0.04044678062200546,0.11738786846399307,47.04996347054839,,,
amgtp,30,0.20256547443568707,0.8503150343894958,0.02809504233300686,0.02501736208796501,0.02540213242173195,0.07117009907960892,52.2962455060333,,,
amgtp,31,0.01571512036025524,0.8581724166870117,0.025423400104045868,0.023871442303061485,0.024970369413495064,0.06756168603897095,52.70803891867399,,,
amgtp,32,0.11044357717037201,0.8029510378837585,0.03100668266415596,0.03611437603831291,0.036020778119564056,0.09390725940465927,49.883259162306786,,,
amgtp,33,0.3604201078414917,0.6227407455444336,0.04155047982931137,0.08988571166992188,0.06746568530797958,0.17835703492164612,40.644910633563995,,,
amgtp,34,0.2354990504682064,0.5049917101860046,0.04656468704342842,0.11172512918710709,0.08424682915210724,0.25247228145599365,34.80558243021369,,,
amgtp,35,0.0990217886865139,0.504812479019165,0.04845147579908371,0.07920517027378082,0.06743495166301727,0.30009621381759644,35.2482073828578,,,
amgtp,36,0.035284388810396194,0.5133184194564819,0.05065489187836647,0.0698719248175621,0.059126049280166626,0.3070290982723236,35.771665554493666,,,
amgtp,37,0.035099562257528305,0.5198864936828613,0.06094050779938698,0.07056790590286255,0.05804679915308952,0.29055845737457275,35.9399798437953,,,
amgtp,38,0.08344978839159012,0.5169056057929993,0.09800811111927032,0.07522500306367874,0.057666949927806854,0.2521941065788269,35.27240560948849,,,
amgtp,39,0.08016695082187653,0.504183292388916,0.13199985027313232,0.08088676631450653,0.058097049593925476,0.22483307123184204,34.18000003695488,,,
amgtp,40,0.054754793643951416,0.5270378589630127,0.11054419726133347,0.08240321278572083,0.06110333651304245,0.21891123056411743,35.4725059568882,,,
amgtp,41,0.043374817818403244,0.5477708578109741,0.09792914986610413,0.07933647930622101,0.0620577447116375,0.21290560066699982,36.617272678762674,,,
amgtp,42,0.012620348483324051,0.5459681749343872,0.10261507332324982,0.08020441979169846,0.06281367689371109,0.2083977311849594,36.45858280360699,,,
amgtp,43,0.08828409016132355,0.5018266439437866,0.13120406866073608,0.09271550178527832,0.06355185806751251,0.21070203185081482,33.91364066302776,,,
amgtp,44,0.10370714217424393,0.4507479965686798,0.14528152346611023,0.12213407456874847,0.06277722865343094,0.21905986964702606,31.062842316925526,,,
amgtp,45,0.08485608547925949,0.42942696809768677,0.12417427450418472,0.1323540210723877,0.06384298950433731,0.2502019703388214,30.236582934856415,,,
amgtp,46,0.10645594447851181,0.42429450154304504,0.10731522738933563,0.1037796139717102,0.06118107587099075,0.30343008041381836,30.55261281877756,,,
amgtp,47,0.045527294278144836,0.41764912009239197,0.1025419682264328,0.09467983990907669,0.05893544852733612,0.32619333267211914,30.4247834905982,,,
amgtp,48,0.018107909709215164,0.4118248224258423,0.1012546494603157,0.09273768961429596,0.059165481477975845,0.33501744270324707,30.19335963204503,,,
amgtp,49,0.010272614657878876,0.40855318307876587,0.10231098532676697,0.09353044629096985,0.06245233491063118,0.3331524133682251,29.9973934404552,,,
amgtp,50,0.04013665392994881,0.4109315276145935,0.10667310655117035,0.09800519794225693,0.07130584120750427,0.3130844831466675,29.938904009759426,,,
amgtp,51,0.05015204846858978,0.4254949986934662,0.1086258813738823,0.10005010664463043,0.07782046496868134,0.2880082130432129,30.515334360301495,,,
amgtp,52,0.07605206966400146,0.4635210633277893,0.10533614456653595,0.09429123997688293,0.06752405315637589,0.26932722330093384,32.44272316247225,,,
amgtp,53,0.04294421896338463,0.48189976811408997,0.10842965543270111,0.09163246303796768,0.0594811774790287,0.25855687260627747,33.33347759023309,,,
amgtp,54,0.10200713574886322,0.43431827425956726,0.14319860935211182,0.1045929342508316,0.05605868622660637,0.261830598115921,30.57411304488778,,,
amgtp,55,0.13414202630519867,0.36915796995162964,0.15864263474941254,0.1477423459291458,0.05414805933833122,0.270308256149292,26.914699871093035,,,
amgtp,56,0.10809553042054176,0.3502166271209717,0.12353668361902237,0.14870496094226837,0.05552280694246292,0.32201912999153137,26.479576662182808,,,
amgtp,57,0.13491907343268394,0.34028273820877075,0.10667936503887177,0.10957473516464233,0.05398483946919441,0.38947880268096924,26.682964976876974,,,
amgtp,58,0.030694302171468735,0.3366643786430359,0.10346486419439316,0.10196995735168457,0.05307520925998688,0.4048258364200592,26.648325629532337,,,
amgtp,59,0.009859062731266022,0.335099458694458,0.10204357653856277,0.10002630949020386,0.05411437898874283,0.4087158739566803,26.60891291499138,,,
amgtp,60,0.015161942690610886,0.33840274810791016,0.10122783482074738,0.09898523986339569,0.05839211866259575,0.40299177169799805,26.752978075295687,,,
amgtp,61,0.04906616732478142,0.3516615033149719,0.10184835642576218,0.0989849865436554,0.06904593110084534,0.3784589469432831,27.280240289866924,,,
amgtp,62,0.07506352663040161,0.3813423216342926,0.10265075415372849,0.09859524667263031,0.07609488070011139,0.3413173258304596,28.59008251875639,,,
amgtp,63,0.10129187256097794,0.4319884479045868,0.10098385810852051,0.09459073096513748,0.061742521822452545,0.3106953501701355,31.085995480418205,,,
amgtp,64,0.07184230908751488,0.46113455295562744,0.10775873064994812,0.09227638691663742,0.05388670787215233,0.28494417667388916,32.41908649727702,,,
amgtp,65,0.16146813333034515,0.4011629521846771,0.17331790924072266,0.10745089501142502,0.05039454624056816,0.2676734924316406,28.66563844308257,,,
amgtp,66,0.1869630105793476,0.32535627484321594,0.22097404301166534,0.15327616035938263,0.048250794410705566,0.2521423101425171,24.069926917552948,,,
amgtp,67,0.1299946792423725,0.32953089475631714,0.15597675740718842,0.18445263803005219,0.05298461392521858,0.2770547866821289,24.730847667902708,,,
amgtp,68,0.11415465176105499,0.3443935811519623,0.13995882868766785,0.1433933824300766,0.05683343484997749,0.3154207468032837,26.04747834429145,,,
amgtp,69,0.030777916312217712,0.34653007984161377,0.1376199573278427,0.13045082986354828,0.056725967675447464,0.32867327332496643,26.319284837692976,,,
amgtp,70,0.0046266913414001465,0.3482617139816284,0.13712812960147858,0.12862944602966309,0.057169947773218155,0.3288111388683319,26.422264885157347,,,
amgtp,71,0.008672386407852173,0.35075682401657104,0.13576504588127136,0.12744832038879395,0.059010911732912064,0.3270190358161926,26.554862331598997,,,
amgtp,72,0.020247045904397964,0.35684046149253845,0.13368861377239227,0.1260019689798355,0.06305056065320969,0.3204180598258972,26.849328972399235,,,
amgtp,73,0.03186601400375366,0.3691647946834564,0.13165397942066193,0.12442011386156082,0.06665961444377899,0.30810192227363586,27.434846214950085,,,
amgtp,74,0.03915958106517792,0.38874438405036926,0.1300363689661026,0.12242449820041656,0.0643831416964531,0.29441162943840027,28.394417710602283,,,
amgtp,75,0.03717712685465813,0.4053935408592224,0.13197533786296844,0.12215178459882736,0.060104284435510635,0.2803741991519928,29.16801192238927,,,
amgtp,76,0.07098420336842537,0.38316810131073,0.15281261503696442,0.13680727779865265,0.05738041549921036,0.2698320746421814,27.732632480561733,,,
amgtp,77,0.11986758559942245,0.3369932770729065,0.16347135603427887,0.18608219921588898,0.05564124882221222,0.25781214237213135,24.94017331302166,,,
amgtp,78,0.05309470742940903,0.3314839005470276,0.14243324100971222,0.1906772404909134,0.059487827122211456,0.27591773867607117,24.882762126624584,,,
amgtp,79,0.13424048572778702,0.3515412211418152,0.12689580023288727,0.1391686201095581,0.059413716197013855,0.32298073172569275,26.574501186609268,,,
amgtp,80,0.047655075788497925,0.36934325098991394,0.11963748931884766,0.12711115181446075,0.054901912808418274,0.3290061950683594,27.651966124773026,,,
amgtp,81,0.039493996649980545,0.3890904188156128,0.11544883996248245,0.12193630635738373,0.05272950604557991,0.3207952678203583,28.686923179775476,,,
amgtp,82,0.023372359573841095,0.4007764458656311,0.11253306269645691,0.11760491132736206,0.05229351297020912,0.3167921006679535,29.313078548759222,,,
amgtp,83,0.026388414204120636,0.41247570514678955,0.11053358018398285,0.11306080967187881,0.05378866568207741,0.3101416826248169,29.91676253452897,,,
amgtp,84,0.07081420719623566,0.44491201639175415,0.10678023099899292,0.1048303097486496,0.0567593090236187,0.2867182791233063,31.52736321464181,,,
amgtp,85,0.13404905050992966,0.5119363069534302,0.09941648691892624,0.09282393753528595,0.05199889466166496,0.2438240498304367,34.87159567698836,,,
amgtp,86,0.10866964608430862,0.560778796672821,0.10490857064723969,0.08467920124530792,0.04415242001414299,0.2054801881313324,37.19146354869008,,,
amgtp,87,0.36322855204343796,0.3946954607963562,0.25614047050476074,0.11506196856498718,0.04140515998005867,0.19269689917564392,27.27064673230052,,,
amgtp,88,0.21652894467115402,0.31806209683418274,0.22499768435955048,0.21858978271484375,0.0409168116748333,0.19743353128433228,23.01497996225953,,,
amgtp,89,0.1562996692955494,0.3450101315975189,0.14883390069007874,0.21660378575325012,0.04562446475028992,0.2439277321100235,25.233612656593323,,,
amgtp,90,0.12130054086446762,0.367136687040329,0.1499740332365036,0.15595397353172302,0.046552978456020355,0.28038325905799866,26.897273652255535,,,
amgtp,91,0.016905292868614197,0.37313923239707947,0.15242409706115723,0.15109719336032867,0.046432025730609894,0.2769083082675934,27.195810116827488,,,
amgtp,92,0.0053308457136154175,0.3747897148132324,0.1529754400253296,0.15107889473438263,0.04689561575651169,0.2742611765861511,27.26152079552412,,,
amgtp,93,0.0037735067307949066,0.37433966994285583,0.1521712690591812,0.15044590830802917,0.04821862652897835,0.27482447028160095,27.24896216019988,,,
amgtp,94,0.00840139389038086,0.37485969066619873,0.1506296545267105,0.14947690069675446,0.05189904943108559,0.27313414216041565,27.277813132852316,,,
amgtp,95,0.018376123160123825,0.3787621259689331,0.14877131581306458,0.148463174700737,0.05718487501144409,0.2668183445930481,27.455639347434044,,,
amgtp,96,0.024962112307548523,0.38964712619781494,0.14625099301338196,0.14699527621269226,0.05878111720085144,0.2583256959915161,27.99409195780754,,,
amgtp,97,0.02614632248878479,0.40198421478271484,0.1466636061668396,0.14731864631175995,0.054514721035957336,0.24951884150505066,28.58253926038742,,,
amgtp,98,0.03739769384264946,0.3959220051765442,0.15550455451011658,0.15717670321464539,0.05205695703625679,0.23934012651443481,28.09751544520259,,,
amgtp,99,0.08293941617012024,0.3669225573539734,0.16474297642707825,0.1894075870513916,0.05092107132077217,0.22800534963607788,26.296841572970152,,,
amgtp,100,0.024022024124860764,0.370510458946228,0.1527324765920639,0.1933109313249588,0.05363255739212036,0.22981414198875427,26.556118696928024,,,
amgtp,101,0.1097707599401474,0.4209368824958801,0.1366274058818817,0.15453055500984192,0.05426299571990967,0.2336425930261612,29.50726929306984,,,
amgtp,102,0.10182518884539604,0.47184935212135315,0.12381833046674728,0.1353386789560318,0.04822241887450218,0.2207714021205902,32.26915205642581,,,
amgtp,103,0.050703469663858414,0.49720075726509094,0.11666557937860489,0.12660878896713257,0.04522699862718582,0.21429739892482758,33.645289957523346,,,
amgtp,104,0.014333415776491165,0.4987325072288513,0.11379994451999664,0.12238328903913498,0.045151565223932266,0.21993249654769897,33.80001615360379,,,
amgtp,105,0.02716149389743805,0.4935407340526581,0.11079590022563934,0.11699842661619186,0.047239888459444046,0.2314249873161316,33.64486426487565,,,
amgtp,106,0.028918031603097916,0.5039170980453491,0.10554175823926926,0.10779385268688202,0.0512961819767952,0.23145164549350739,34.26334550976753,,,
amgtp,107,0.10764370113611221,0.5577385425567627,0.09805414825677872,0.09468960762023926,0.04736843705177307,0.20214898884296417,37.00810042768717,,,
amgtp,108,0.07420418038964272,0.5839899182319641,0.10890539735555649,0.08912982046604156,0.03830703720450401,0.1796686202287674,38.1991998963058,,,
amgtp,109,0.4350304529070854,0.3760365843772888,0.2925897538661957,0.12296032905578613,0.03326333686709404,0.175150066614151,25.908610094338655,,,
amgtp,110,0.3522944636642933,0.3146149814128876,0.17889481782913208,0.2772994935512543,0.03223245590925217,0.19695794582366943,22.870730616152287,,,
amgtp,111,0.2545619532465935,0.3574835956096649,0.13707533478736877,0.19183796644210815,0.034888848662376404,0.2787138819694519,26.30782125890255,,,
amgtp,112,0.07716944068670273,0.3862668573856354,0.1454642117023468,0.15515577793121338,0.03630165010690689,0.2768115699291229,27.91641651839018,,,
amgtp,113,0.02479972317814827,0.3937375843524933,0.14824408292770386,0.15672782063484192,0.03687905892729759,0.26441189646720886,28.202602569013834,,,
amgtp,114,0.0013815723359584808,0.3933810293674469,0.14810508489608765,0.15653271973133087,0.036942608654499054,0.26503926515579224,28.18971297889948,,,
amgtp,115,0.0124431774020195,0.38984888792037964,0.14675192534923553,0.15519624948501587,0.037072569131851196,0.2711307108402252,28.058611884713173,,,
amgtp,116,0.017273113131523132,0.38491716980934143,0.1447880119085312,0.15345525741577148,0.03843177855014801,0.2784079909324646,27.866918295621872,,,
amgtp,117,0.015593994408845901,0.3805132508277893,0.14268600940704346,0.15216407179832458,0.043596018105745316,0.28104063868522644,27.669714342802763,,,
amgtp,118,0.014992479234933853,0.3797764778137207,0.14090365171432495,0.15217246115207672,0.05108392983675003,0.27606359124183655,27.60648749023676,,,
amgtp,119,0.022970084100961685,0.38814347982406616,0.1414521187543869,0.15474173426628113,0.049642328172922134,0.2660198509693146,27.96606032177806,,,
amgtp_global_q,4,,0.20000606775283813,0.20000606775283813,0.20000606775283813,0.20000606775283813,0.20000606775283813,17.00051575899124,,,
amgtp_global_q,5,0.12765644490718842,0.2121724784374237,0.1361628770828247,0.2273200899362564,0.2121724784374237,0.2121724784374237,18.004093900322914,,,
amgtp_global_q,6,0.29671456664800644,0.2616249620914459,0.08134924620389938,0.13377660512924194,0.2616249620914459,0.2616249620914459,21.674300990998745,,,
amgtp_global_q,7,0.13774188607931137,0.2845816910266876,0.06624606996774673,0.08000808209180832,0.2845816910266876,0.2845816910266876,23.35738728940487,,,
amgtp_global_q,8,0.04305494576692581,0.2774059772491455,0.0871599018573761,0.08062205463647842,0.2774059772491455,0.2774059772491455,22.798910222947598,,,
amgtp_global_q,9,0.1807141900062561,0.24819952249526978,0.15257807075977325,0.10556108504533768,0.24546189606189728,0.24819952249526978,20.55425926297903,,,
amgtp_global_q,10,0.24382368475198746,0.20677614212036133,0.2494630515575409,0.1305874139070511,0.20639634132385254,0.20677608251571655,17.387433364987373,,,
amgtp_global_q,11,0.0849093347787857,0.19245034456253052,0.27317965030670166,0.14932586252689362,0.19259358942508698,0.19245034456253052,16.31063786149025,,,
amgtp_global_q,12,0.04161275923252106,0.19655117392539978,0.25237342715263367,0.15835781395435333,0.19616654515266418,0.1965511441230774,16.645399138331413,,,
amgtp_global_q,13,0.035215020179748535,0.2018660455942154,0.23476582765579224,0.16036827862262726,0.20113372802734375,0.2018660455942154,17.06189413368702,,,
amgtp_global_q,14,0.012503281235694885,0.20402082800865173,0.22867588698863983,0.16020642220973969,0.20307567715644836,0.20402079820632935,17.228365749120712,,,
amgtp_global_q,15,0.008268877863883972,0.20278553664684296,0.22924092411994934,0.16377587616443634,0.2014119029045105,0.20278547704219818,17.136580750346184,,,
amgtp_global_q,16,0.01717875897884369,0.20022094249725342,0.2312028408050537,0.1704034060239792,0.19795088469982147,0.20022177696228027,16.94443067908287,,,
amgtp_global_q,17,0.01580391824245453,0.19810554385185242,0.23186048865318298,0.1776479333639145,0.19428646564483643,0.19809985160827637,16.784540101885796,,,
amgtp_global_q,18,0.005154088139533997,0.1986539363861084,0.23080433905124664,0.17912156879901886,0.1927652657032013,0.19865456223487854,16.817925959825516,,,
amgtp_global_q,19,0.01002262532711029,0.2009773701429367,0.22953328490257263,0.1765250414609909,0.19162176549434662,0.20134267210960388,16.97790038585663,,,
amgtp_global_q,20,0.01641426980495453,0.2039162665605545,0.22755314409732819,0.17373396456241608,0.1881856918334961,0.2066107541322708,17.19358143210411,,,
amgtp_global_q,21,0.022915229201316833,0.2055405080318451,0.22300101816654205,0.17260108888149261,0.18241335451602936,0.21644440293312073,17.38034988939762,,,
amgtp_global_q,22,0.02980785071849823,0.20463894307613373,0.21473108232021332,0.17371539771556854,0.17668072879314423,0.2302338182926178,17.4742524176836,,,
amgtp_global_q,23,0.057972416281700134,0.2087775021791458,0.19908419251441956,0.16725501418113708,0.16980195045471191,0.2550816237926483,17.98725575208664,,,
amgtp_global_q,24,0.1336895376443863,0.22802706062793732,0.17285896837711334,0.14409585297107697,0.15234138071537018,0.30267664790153503,19.590632900595665,,,
amgtp_global_q,25,0.19795230776071548,0.27899590134620667,0.13740713894367218,0.11220771074295044,0.12070537358522415,0.35068413615226746,22.968299873173237,,,
amgtp_global_q,26,0.15914295613765717,0.3482685685157776,0.10945084691047668,0.08896300941705704,0.09233489632606506,0.3609829545021057,26.97255962342024,,,
amgtp_global_q,27,0.09381628036499023,0.39517632126808167,0.09945405274629593,0.08275385200977325,0.07810179889202118,0.344513475894928,29.428196139633656,,,
amgtp_global_q,28,0.11931007355451584,0.4548317790031433,0.09134649485349655,0.08068329840898514,0.06744258105754852,0.30569618940353394,32.375147849321365,,,
amgtp_global_q,29,0.19395485892891884,0.5518088340759277,0.07595241069793701,0.07018812000751495,0.054701920598745346,0.24734830856323242,37.24083657935262,,,
amgtp_global_q,30,0.20612933114171028,0.6548736691474915,0.05630553513765335,0.04987030476331711,0.038020066916942596,0.20093035697937012,42.57750206440687,,,
amgtp_global_q,31,0.2734648585319519,0.5181412696838379,0.07519042491912842,0.05978884920477867,0.03906380757689476,0.30781564116477966,35.92589878290892,,,
amgtp_global_q,32,0.5180770345032215,0.2591027021408081,0.1297006458044052,0.09553655236959457,0.040911588817834854,0.4747484028339386,22.89533119276166,,,
amgtp_global_q,33,0.22830547019839287,0.16348515450954437,0.17246735095977783,0.16692277789115906,0.04009917378425598,0.45702582597732544,17.161400735378265,,,
amgtp_global_q,34,0.26461198553442955,0.12547528743743896,0.11370448768138885,0.13861165940761566,0.03287665918469429,0.5893314480781555,16.53883359953761,,,
amgtp_global_q,35,0.21945013105869293,0.11875514686107635,0.0739699974656105,0.0805775374174118,0.02764039859175682,0.6990565657615662,17.42128613218665,,,
amgtp_global_q,36,0.050102073699235916,0.12101854383945465,0.06512044370174408,0.06564094871282578,0.026375673711299896,0.7218443751335144,17.8136068880558,,,
amgtp_global_q,37,0.03404454328119755,0.13055017590522766,0.06841126829385757,0.06742348521947861,0.028792792931199074,0.7048219442367554,18.17274904809892,,,
amgtp_global_q,38,0.043835362419486046,0.13972193002700806,0.07354315370321274,0.07176530361175537,0.03206511586904526,0.6829043626785278,18.45727175474167,,,
amgtp_global_q,39,0.020232856273651123,0.1417035013437271,0.0765095129609108,0.0740056186914444,0.03499332815408707,0.6727879643440247,18.464721247553825,,,
amgtp_global_q,40,0.01126125454902649,0.1401994526386261,0.07826043665409088,0.07493410259485245,0.037944041192531586,0.6686608791351318,18.34189049899578,,,
amgtp_global_q,41,0.01504863053560257,0.13757090270519257,0.0807817205786705,0.07604480534791946,0.041837044060230255,0.6637657880783081,18.148750640451908,,,
amgtp_global_q,42,0.03279080614447594,0.13546514511108398,0.08778233081102371,0.07961346209049225,0.04766302928328514,0.6494759917259216,17.88083651289344,,,
amgtp_global_q,43,0.06529268994927406,0.1366860717535019,0.10341636091470718,0.08922212570905685,0.05384568125009537,0.6168295741081238,17.58478084951639,,,
amgtp_global_q,44,0.08877409622073174,0.14257995784282684,0.12064336985349655,0.10583044588565826,0.058503758162260056,0.5724427700042725,17.416657265275717,,,
amgtp_global_q,45,0.05461632460355759,0.15233658254146576,0.12446830421686172,0.11614135652780533,0.06191914901137352,0.5451343059539795,17.67840165272355,,,
amgtp_global_q,46,0.034667834639549255,0.1696704626083374,0.11898558586835861,0.11060397326946259,0.06156117096543312,0.5391784310340881,18.610451493412256,,,
amgtp_global_q,47,0.052246153354644775,0.19565998017787933,0.1191193237900734,0.10447680950164795,0.05929799750447273,0.5214458703994751,19.887476731091738,,,
amgtp_global_q,48,0.062331244349479675,0.2204211801290512,0.12552385032176971,0.10243286192417145,0.056774791330099106,0.49484750628471375,20.983381871134043,,,
amgtp_global_q,49,0.059700820595026016,0.2346743792295456,0.13714104890823364,0.10641245543956757,0.0555025115609169,0.46626895666122437,21.45312414318323,,,
amgtp_global_q,50,0.0602089986205101,0.2517485022544861,0.141985222697258,0.11374936252832413,0.05635211616754532,0.4361647665500641,22.08891499042511,,,
amgtp_global_q,51,0.08931678906083107,0.29640698432922363,0.13084349036216736,0.11089306324720383,0.05635169520974159,0.40550491213798523,24.31947237625718,,,
amgtp_global_q,52,0.15137076377868652,0.37209224700927734,0.11249305307865143,0.09625346213579178,0.05225664749741554,0.36690449714660645,28.229247752577066,,,
amgtp_global_q,53,0.09059000387787819,0.4173870384693146,0.103772833943367,0.08861719071865082,0.04943450540304184,0.3407879173755646,30.52991909533739,,,
amgtp_global_q,54,0.04090648889541626,0.39693379402160645,0.10910727828741074,0.09480463713407516,0.050862111151218414,0.34829166531562805,29.441666923463345,,,
amgtp_global_q,55,0.07802790030837059,0.3579200804233551,0.11725009977817535,0.1098916307091713,0.05495220050215721,0.35998594760894775,27.346598487347364,,,
amgtp_global_q,56,0.025217846035957336,0.3455142378807068,0.11704722791910172,0.1179061308503151,0.05808449164032936,0.3614482879638672,26.6684873662889,,,
amgtp_global_q,57,0.036137036979198456,0.36316704750061035,0.11160535365343094,0.11012853682041168,0.058500293642282486,0.3565993309020996,27.63390650227666,,,
amgtp_global_q,58,0.06580766290426254,0.3960706293582916,0.10829328745603561,0.09977836161851883,0.0549774207174778,0.3408803641796112,29.32903317734599,,,
amgtp_global_q,59,0.04027203097939491,0.40846461057662964,0.11603496968746185,0.09794937074184418,0.05226023495197296,0.32529017329216003,29.837643787264824,,,
amgtp_global_q,60,0.059376589953899384,0.3944534361362457,0.1374325007200241,0.10624057799577713,0.05209322273731232,0.3097805082798004,28.82494007796049,,,
amgtp_global_q,61,0.05359039083123207,0.3832288682460785,0.150156632065773,0.1183367446064949,0.05406774953007698,0.2942095100879669,27.996306348592043,,,
amgtp_global_q,62,0.06677795946598053,0.41513949632644653,0.13351035118103027,0.11394759267568588,0.05554637685418129,0.2818562388420105,29.718534890562296,,,
amgtp_global_q,63,0.12144210189580917,0.47586026787757874,0.11312559247016907,0.09625445306301117,0.05110247805714607,0.26365670561790466,33.002416249364614,,,
amgtp_global_q,64,0.05569671094417572,0.5037086009979248,0.10692031681537628,0.08837410807609558,0.04852819815278053,0.2524682283401489,34.4688112847507,,,
amgtp_global_q,65,0.041285060346126556,0.48306629061698914,0.11342954635620117,0.09169814735651016,0.049857888370752335,0.26194801926612854,33.388778913766146,,,
amgtp_global_q,66,0.06804043799638748,0.44904619455337524,0.12331881374120712,0.0995728075504303,0.05313822254538536,0.274924099445343,31.585713859647512,,,
amgtp_global_q,67,0.03727163374423981,0.4304106831550598,0.12702392041683197,0.1048402190208435,0.05652766302227974,0.28119826316833496,30.5986548922956,,,
amgtp_global_q,68,0.009483352303504944,0.4313829839229584,0.12414796650409698,0.1029740497469902,0.0581228993833065,0.2833719551563263,30.690116818994284,,,
amgtp_global_q,69,0.011840790510177612,0.4369131624698639,0.124537892639637,0.10016027092933655,0.057502876967191696,0.28088507056236267,30.9747195802629,,,
amgtp_global_q,70,0.023817438632249832,0.4322786331176758,0.13429602980613708,0.10231098532676697,0.05621917545795441,0.27489471435546875,30.620007202029228,,,
amgtp_global_q,71,0.06061658263206482,0.4118741452693939,0.15219217538833618,0.11472361534833908,0.05563510209321976,0.26557546854019165,29.31631401181221,,,
amgtp_global_q,72,0.05094480141997337,0.39599817991256714,0.1598750352859497,0.13132035732269287,0.05682745203375816,0.2559785842895508,28.295219246298075,,,
amgtp_global_q,73,0.05188531056046486,0.4210968017578125,0.14167216420173645,0.12446457892656326,0.05767182260751724,0.2550949156284332,29.755905583500862,,,
amgtp_global_q,74,0.08691361546516418,0.4645533561706543,0.12354128807783127,0.10580168664455414,0.05522490292787552,0.25087854266166687,32.213021636009216,,,
amgtp_global_q,75,0.04432486370205879,0.48671603202819824,0.11549825966358185,0.09688852727413177,0.05218016728758812,0.2487172782421112,33.456428829580545,,,
amgtp_global_q,76,0.02160928025841713,0.4763633906841278,0.11613652855157852,0.09699755907058716,0.05172821879386902,0.25877466797828674,32.973875530064106,,,
amgtp_global_q,77,0.043128445744514465,0.4547991156578064,0.11856424808502197,0.10081937909126282,0.05395074933767319,0.2718667685985565,31.892759330570698,,,
amgtp_global_q,78,0.0313214547932148,0.4393903315067291,0.11831238865852356,0.10369031876325607,0.05749468877911568,0.2811127007007599,31.130843866616488,,,
amgtp_global_q,79,0.014991875737905502,0.4445749819278717,0.11448486149311066,0.10002144426107407,0.05867558717727661,0.28224262595176697,31.45117398351431,,,
amgtp_global_q,80,0.03696839511394501,0.46305951476097107,0.11361123621463776,0.094645194709301,0.056224122643470764,0.27246010303497314,32.389128006994724,,,
amgtp_global_q,81,0.029827430844306946,0.46742305159568787,0.1235356330871582,0.09527070820331573,0.05308762937784195,0.260682612657547,32.47590083628893,,,
amgtp_global_q,82,0.09155558794736862,0.4334808886051178,0.15379498898983002,0.11078908294439316,0.05226757377386093,0.2496669739484787,30.356226205825806,,,
amgtp_global_q,83,0.06300095468759537,0.40933772921562195,0.16340042650699615,0.13156341016292572,0.053389377892017365,0.24231074750423431,28.884430520236492,,,
amgtp_global_q,84,0.07302382960915565,0.44049885869026184,0.13640400767326355,0.12204717099666595,0.054812412708997726,0.24623775482177734,30.76349249854684,,,
amgtp_global_q,85,0.11024867743253708,0.4956232011318207,0.11505678296089172,0.0993288904428482,0.05053131654858589,0.2394600212574005,33.856595035642385,,,
amgtp_global_q,86,0.05542796477675438,0.523337185382843,0.10628300905227661,0.09008686244487762,0.04784064739942551,0.23245251178741455,35.36599441617727,,,
amgtp_global_q,87,0.014845926314592361,0.5159302949905396,0.10659804195165634,0.090070441365242,0.048902202397584915,0.2384985387325287,35.01392202451825,,,
amgtp_global_q,88,0.022216003388166428,0.5048224329948425,0.10749369114637375,0.09108816832304001,0.05105764418840408,0.2455378621816635,34.46503775566816,,,
amgtp_global_q,89,0.01268257200717926,0.49997803568840027,0.10630030184984207,0.09078492969274521,0.05431223660707474,0.24862481653690338,34.238270319998264,,,
amgtp_global_q,90,0.015144448727369308,0.504474401473999,0.10394332557916641,0.08941051363945007,0.05738776549696922,0.2447836548089981,34.469324480742216,,,
amgtp_global_q,91,0.017386678606271744,0.5119227170944214,0.10426444560289383,0.08957824856042862,0.05814418941736221,0.23609057068824768,34.800639532506466,,,
amgtp_global_q,92,0.04514533653855324,0.4986274540424347,0.11817295104265213,0.09824206680059433,0.05607638135552406,0.2288806289434433,33.92740986868739,,,
amgtp_global_q,93,0.12769024446606636,0.44606316089630127,0.1522873491048813,0.12797288596630096,0.0536087304353714,0.22006754577159882,30.756202414631844,,,
amgtp_global_q,94,0.09418131783604622,0.4052553176879883,0.15788111090660095,0.16946980357170105,0.053586091846227646,0.2138073891401291,28.3500156737864,,,
amgtp_global_q,95,0.08844461292028427,0.43044278025627136,0.13271206617355347,0.1504167765378952,0.05602114275097847,0.23040741682052612,30.028381045907736,,,
amgtp_global_q,96,0.0747276172041893,0.45750516653060913,0.12119925767183304,0.12491028755903244,0.055676694959402084,0.24070890247821808,31.705901611596346,,,
amgtp_global_q,97,0.02559691295027733,0.4666489362716675,0.11729975044727325,0.11710435897111893,0.054583482444286346,0.24436339735984802,32.270720943808556,,,
amgtp_global_q,98,0.008876439183950424,0.46581387519836426,0.11588012427091599,0.11492104828357697,0.05509186163544655,0.2482934594154358,32.27122724428773,,,
amgtp_global_q,99,0.013577718287706375,0.46198955178260803,0.11444863677024841,0.11338766664266586,0.05693364888429642,0.2532401978969574,32.117883056402206,,,
amgtp_global_q,100,0.011887628585100174,0.4606192708015442,0.11209267377853394,0.11117024719715118,0.0600753016769886,0.2560425102710724,32.08788191899657,,,
amgtp_global_q,101,0.02118949219584465,0.4679870307445526,0.10853131115436554,0.10754228383302689,0.0633021667599678,0.25263696908950806,32.49041274189949,,,
amgtp_global_q,102,0.03913533687591553,0.4875550866127014,0.10596995800733566,0.10360752046108246,0.061528466641902924,0.24133950471878052,33.479550048708916,,,
amgtp_global_q,103,0.028963133692741394,0.4911137819290161,0.11325559765100479,0.1072445958852768,0.05747566372156143,0.23091058433055878,33.536894127726555,,,
amgtp_global_q,104,0.09686010703444481,0.4529963731765747,0.13784928619861603,0.13108086585998535,0.05498373880982399,0.2230897694826126,31.2190172187984,,,
amgtp_global_q,105,0.07853351533412933,0.4195605516433716,0.14696148037910461,0.16123563051223755,0.054593075066804886,0.2176496982574463,29.233548771589994,,,
amgtp_global_q,106,0.07272614166140556,0.44515177607536316,0.12854769825935364,0.1432863175868988,0.05600902438163757,0.22700557112693787,30.837654381990433,,,
amgtp_global_q,107,0.08833015710115433,0.4893164336681366,0.11354488879442215,0.11654014140367508,0.05375782400369644,0.22684025764465332,33.374219708144665,,,
amgtp_global_q,108,0.04650712013244629,0.5125700831413269,0.10689149051904678,0.10576896369457245,0.051325723528862,0.22344346344470978,34.66589192301035,,,
amgtp_global_q,109,0.015334635972976685,0.5064904689788818,0.10772484540939331,0.10418125241994858,0.051821544766426086,0.2297815978527069,34.38938992470503,,,
amgtp_global_q,110,0.02663738653063774,0.493406742811203,0.11007583886384964,0.10394610464572906,0.05404778942465782,0.23852287232875824,33.74397346004844,,,
amgtp_global_q,111,0.015273723751306534,0.4877338111400604,0.11047444492578506,0.10198244452476501,0.05682401359081268,0.24298517405986786,33.480010978877544,,,
amgtp_global_q,112,0.01480833813548088,0.492337167263031,0.10934113711118698,0.09790361672639847,0.05962507799267769,0.2407933920621872,33.73176505789161,,,
amgtp_global_q,113,0.029622260481119156,0.5053921937942505,0.11109699308872223,0.09375490248203278,0.05801287293434143,0.23174293339252472,34.366384506225586,,,
amgtp_global_q,114,0.04186895489692688,0.49887150526046753,0.1290726214647293,0.09671378880739212,0.054144687950611115,0.22119736671447754,33.82728025317192,,,
amgtp_global_q,115,0.13066090643405914,0.4461119771003723,0.17291271686553955,0.11820431798696518,0.05129376798868179,0.21147753298282623,30.613986134529114,,,
amgtp_global_q,116,0.07085179910063744,0.4106864929199219,0.17292997241020203,0.15191422402858734,0.05182775482535362,0.21264269948005676,28.609654296189547,,,
amgtp_global_q,117,0.10442008450627327,0.4393494725227356,0.1357589066028595,0.13687415421009064,0.053392767906188965,0.23462365567684174,30.565830275416374,,,
amgtp_global_q,118,0.08540889993309975,0.47554460167884827,0.11990011483430862,0.11203223466873169,0.05138947442173958,0.2411334216594696,32.72426714375615,,,
amgtp_global_q,119,0.03264244273304939,0.49186617136001587,0.11432622373104095,0.10390657186508179,0.04976985603570938,0.24013172090053558,33.6482493057847,,,
amgtp_uniform_q,4,,0.20000606775283813,0.20000606775283813,0.20000606775283813,0.20000606775283813,0.20000606775283813,17.00051575899124,,,
amgtp_uniform_q,5,0.0,0.20000606775283813,0.20000606775283813,0.20000606775283813,0.20000606775283813,0.20000606775283813,17.00051575899124,,,
amgtp_uniform_q,6,0.0,0.20000606775283813,0.20000606775283813,0.20000606775283813,0.20000606775283813,0.20000606775283813,17.00051575899124,,,
amgtp_uniform_q,7,0.0,0.20000606775283813,0.20000606775283813,0.20000606775283813,0.20000606775283813,0.20000606775283813,17.00051575899124,,,
amgtp_uniform_q,8,0.0,0.20000606775283813,0.20000606775283813,0.20000606775283813,0.20000606775283813,0.20000606775283813,17.00051575899124,,,
amgtp_uniform_q,9,0.0,0.20000606775283813,0.20000606775283813,0.20000606775283813,0.20000606775283813,0.20000606775283813,17.00051575899124,,,
amgtp_uniform_q,10,0.0,0.20000606775283813,0.20000606775283813,0.20000606775283813,0.20000606775283813,0.20000606775283813,17.00051575899124,,,
amgtp_uniform_q,11,0.0,0.20000606775283813,0.20000606775283813,0.20000606775283813,0.20000606775283813,0.20000606775283813,17.00051575899124,,,
amgtp_uniform_q,12,0.0,0.20000606775283813,0.20000606775283813,0.20000606775283813,0.20000606775283813,0.20000606775283813,17.00051575899124,,,
amgtp_uniform_q,13,0.0,0.20000606775283813,0.20000606775283813,0.20000606775283813,0.20000606775283813,0.20000606775283813,17.00051575899124,,,
amgtp_uniform_q,14,0.0,0.20000606775283813,0.20000606775283813,0.20000606775283813,0.20000606775283813,0.20000606775283813,17.00051575899124,,,
amgtp_uniform_q,15,0.0,0.20000606775283813,0.20000606775283813,0.20000606775283813,0.20000606775283813,0.20000606775283813,17.00051575899124,,,
amgtp_uniform_q,16,0.0,0.20000606775283813,0.20000606775283813,0.20000606775283813,0.20000606775283813,0.20000606775283813,17.00051575899124,,,
amgtp_uniform_q,17,0.0,0.20000606775283813,0.20000606775283813,0.20000606775283813,0.20000606775283813,0.20000606775283813,17.00051575899124,,,
amgtp_uniform_q,18,0.0,0.20000606775283813,0.20000606775283813,0.20000606775283813,0.20000606775283813,0.20000606775283813,17.00051575899124,,,
amgtp_uniform_q,19,0.0,0.20000606775283813,0.20000606775283813,0.20000606775283813,0.20000606775283813,0.20000606775283813,17.00051575899124,,,
amgtp_uniform_q,20,0.0,0.20000606775283813,0.20000606775283813,0.20000606775283813,0.20000606775283813,0.20000606775283813,17.00051575899124,,,
amgtp_uniform_q,21,0.0,0.20000606775283813,0.20000606775283813,0.20000606775283813,0.20000606775283813,0.20000606775283813,17.00051575899124,,,
amgtp_uniform_q,22,0.0,0.20000606775283813,0.20000606775283813,0.20000606775283813,0.20000606775283813,0.20000606775283813,17.00051575899124,,,
amgtp_uniform_q,23,0.0,0.20000606775283813,0.20000606775283813,0.20000606775283813,0.20000606775283813,0.20000606775283813,17.00051575899124,,,
amgtp_uniform_q,24,0.0,0.20000606775283813,0.20000606775283813,0.20000606775283813,0.20000606775283813,0.20000606775283813,17.00051575899124,,,
amgtp_uniform_q,25,0.0,0.20000606775283813,0.20000606775283813,0.20000606775283813,0.20000606775283813,0.20000606775283813,17.00051575899124,,,
amgtp_uniform_q,26,0.0,0.20000606775283813,0.20000606775283813,0.20000606775283813,0.20000606775283813,0.20000606775283813,17.00051575899124,,,
amgtp_uniform_q,27,0.0,0.20000606775283813,0.20000606775283813,0.20000606775283813,0.20000606775283813,0.20000606775283813,17.00051575899124,,,
amgtp_uniform_q,28,0.0,0.20000606775283813,0.20000606775283813,0.20000606775283813,0.20000606775283813,0.20000606775283813,17.00051575899124,,,
amgtp_uniform_q,29,0.0,0.20000606775283813,0.20000606775283813,0.20000606775283813,0.20000606775283813,0.20000606775283813,17.00051575899124,,,
amgtp_uniform_q,30,0.0,0.20000606775283813,0.20000606775283813,0.20000606775283813,0.20000606775283813,0.20000606775283813,17.00051575899124,,,
amgtp_uniform_q,31,0.0,0.20000606775283813,0.20000606775283813,0.20000606775283813,0.20000606775283813,0.20000606775283813,17.00051575899124,,,
amgtp_uniform_q,32,0.0,0.20000606775283813,0.20000606775283813,0.20000606775283813,0.20000606775283813,0.20000606775283813,17.00051575899124,,,
amgtp_uniform_q,33,0.0,0.20000606775283813,0.20000606775283813,0.20000606775283813,0.20000606775283813,0.20000606775283813,17.00051575899124,,,
amgtp_uniform_q,34,0.0,0.20000606775283813,0.20000606775283813,0.20000606775283813,0.20000606775283813,0.20000606775283813,17.00051575899124,,,
amgtp_uniform_q,35,0.0,0.20000606775283813,0.20000606775283813,0.20000606775283813,0.20000606775283813,0.20000606775283813,17.00051575899124,,,
amgtp_uniform_q,36,0.0,0.20000606775283813,0.20000606775283813,0.20000606775283813,0.20000606775283813,0.20000606775283813,17.00051575899124,,,
amgtp_uniform_q,37,0.0,0.20000606775283813,0.20000606775283813,0.20000606775283813,0.20000606775283813,0.20000606775283813,17.00051575899124,,,
amgtp_uniform_q,38,0.0,0.20000606775283813,0.20000606775283813,0.20000606775283813,0.20000606775283813,0.20000606775283813,17.00051575899124,,,
amgtp_uniform_q,39,0.0,0.20000606775283813,0.20000606775283813,0.20000606775283813,0.20000606775283813,0.20000606775283813,17.00051575899124,,,
amgtp_uniform_q,40,0.0,0.20000606775283813,0.20000606775283813,0.20000606775283813,0.20000606775283813,0.20000606775283813,17.00051575899124,,,
amgtp_uniform_q,41,0.0,0.20000606775283813,0.20000606775283813,0.20000606775283813,0.20000606775283813,0.20000606775283813,17.00051575899124,,,
amgtp_uniform_q,42,0.0,0.20000606775283813,0.20000606775283813,0.20000606775283813,0.20000606775283813,0.20000606775283813,17.00051575899124,,,
amgtp_uniform_q,43,0.0,0.20000606775283813,0.20000606775283813,0.20000606775283813,0.20000606775283813,0.20000606775283813,17.00051575899124,,,
amgtp_uniform_q,44,0.0,0.20000606775283813,0.20000606775283813,0.20000606775283813,0.20000606775283813,0.20000606775283813,17.00051575899124,,,
amgtp_uniform_q,45,0.0,0.20000606775283813,0.20000606775283813,0.20000606775283813,0.20000606775283813,0.20000606775283813,17.00051575899124,,,
amgtp_uniform_q,46,0.0,0.20000606775283813,0.20000606775283813,0.20000606775283813,0.20000606775283813,0.20000606775283813,17.00051575899124,,,
amgtp_uniform_q,47,0.0,0.20000606775283813,0.20000606775283813,0.20000606775283813,0.20000606775283813,0.20000606775283813,17.00051575899124,,,
amgtp_uniform_q,48,0.0,0.20000606775283813,0.20000606775283813,0.20000606775283813,0.20000606775283813,0.20000606775283813,17.00051575899124,,,
amgtp_uniform_q,49,0.0,0.20000606775283813,0.20000606775283813,0.20000606775283813,0.20000606775283813,0.20000606775283813,17.00051575899124,,,
amgtp_uniform_q,50,0.0,0.20000606775283813,0.20000606775283813,0.20000606775283813,0.20000606775283813,0.20000606775283813,17.00051575899124,,,
amgtp_uniform_q,51,0.0,0.20000606775283813,0.20000606775283813,0.20000606775283813,0.20000606775283813,0.20000606775283813,17.00051575899124,,,
amgtp_uniform_q,52,0.0,0.20000606775283813,0.20000606775283813,0.20000606775283813,0.20000606775283813,0.20000606775283813,17.00051575899124,,,
amgtp_uniform_q,53,0.0,0.20000606775283813,0.20000606775283813,0.20000606775283813,0.20000606775283813,0.20000606775283813,17.00051575899124,,,
amgtp_uniform_q,54,0.0,0.20000606775283813,0.20000606775283813,0.20000606775283813,0.20000606775283813,0.20000606775283813,17.00051575899124,,,
amgtp_uniform_q,55,0.0,0.20000606775283813,0.20000606775283813,0.20000606775283813,0.20000606775283813,0.20000606775283813,17.00051575899124,,,
amgtp_uniform_q,56,0.0,0.20000606775283813,0.20000606775283813,0.20000606775283813,0.20000606775283813,0.20000606775283813,17.00051575899124,,,
amgtp_uniform_q,57,0.0,0.20000606775283813,0.20000606775283813,0.20000606775283813,0.20000606775283813,0.20000606775283813,17.00051575899124,,,
amgtp_uniform_q,58,0.0,0.20000606775283813,0.20000606775283813,0.20000606775283813,0.20000606775283813,0.20000606775283813,17.00051575899124,,,
amgtp_uniform_q,59,0.0,0.20000606775283813,0.20000606775283813,0.20000606775283813,0.20000606775283813,0.20000606775283813,17.00051575899124,,,
amgtp_uniform_q,60,0.0,0.20000606775283813,0.20000606775283813,0.20000606775283813,0.20000606775283813,0.20000606775283813,17.00051575899124,,,
amgtp_uniform_q,61,0.0,0.20000606775283813,0.20000606775283813,0.20000606775283813,0.20000606775283813,0.20000606775283813,17.00051575899124,,,
amgtp_uniform_q,62,0.0,0.20000606775283813,0.20000606775283813,0.20000606775283813,0.20000606775283813,0.20000606775283813,17.00051575899124,,,
amgtp_uniform_q,63,0.0,0.20000606775283813,0.20000606775283813,0.20000606775283813,0.20000606775283813,0.20000606775283813,17.00051575899124,,,
amgtp_uniform_q,64,0.0,0.20000606775283813,0.20000606775283813,0.20000606775283813,0.20000606775283813,0.20000606775283813,17.00051575899124,,,
amgtp_uniform_q,65,0.0,0.20000606775283813,0.20000606775283813,0.20000606775283813,0.20000606775283813,0.20000606775283813,17.00051575899124,,,
amgtp_uniform_q,66,0.0,0.20000606775283813,0.20000606775283813,0.20000606775283813,0.20000606775283813,0.20000606775283813,17.00051575899124,,,
amgtp_uniform_q,67,0.0,0.20000606775283813,0.20000606775283813,0.20000606775283813,0.20000606775283813,0.20000606775283813,17.00051575899124,,,
amgtp_uniform_q,68,0.0,0.20000606775283813,0.20000606775283813,0.20000606775283813,0.20000606775283813,0.20000606775283813,17.00051575899124,,,
amgtp_uniform_q,69,0.0,0.20000606775283813,0.20000606775283813,0.20000606775283813,0.20000606775283813,0.20000606775283813,17.00051575899124,,,
amgtp_uniform_q,70,0.0,0.20000606775283813,0.20000606775283813,0.20000606775283813,0.20000606775283813,0.20000606775283813,17.00051575899124,,,
amgtp_uniform_q,71,0.0,0.20000606775283813,0.20000606775283813,0.20000606775283813,0.20000606775283813,0.20000606775283813,17.00051575899124,,,
amgtp_uniform_q,72,0.0,0.20000606775283813,0.20000606775283813,0.20000606775283813,0.20000606775283813,0.20000606775283813,17.00051575899124,,,
amgtp_uniform_q,73,0.0,0.20000606775283813,0.20000606775283813,0.20000606775283813,0.20000606775283813,0.20000606775283813,17.00051575899124,,,
amgtp_uniform_q,74,0.0,0.20000606775283813,0.20000606775283813,0.20000606775283813,0.20000606775283813,0.20000606775283813,17.00051575899124,,,
amgtp_uniform_q,75,0.0,0.20000606775283813,0.20000606775283813,0.20000606775283813,0.20000606775283813,0.20000606775283813,17.00051575899124,,,
amgtp_uniform_q,76,0.0,0.20000606775283813,0.20000606775283813,0.20000606775283813,0.20000606775283813,0.20000606775283813,17.00051575899124,,,
amgtp_uniform_q,77,0.0,0.20000606775283813,0.20000606775283813,0.20000606775283813,0.20000606775283813,0.20000606775283813,17.00051575899124,,,
amgtp_uniform_q,78,0.0,0.20000606775283813,0.20000606775283813,0.20000606775283813,0.20000606775283813,0.20000606775283813,17.00051575899124,,,
amgtp_uniform_q,79,0.0,0.20000606775283813,0.20000606775283813,0.20000606775283813,0.20000606775283813,0.20000606775283813,17.00051575899124,,,
amgtp_uniform_q,80,0.0,0.20000606775283813,0.20000606775283813,0.20000606775283813,0.20000606775283813,0.20000606775283813,17.00051575899124,,,
amgtp_uniform_q,81,0.0,0.20000606775283813,0.20000606775283813,0.20000606775283813,0.20000606775283813,0.20000606775283813,17.00051575899124,,,
amgtp_uniform_q,82,0.0,0.20000606775283813,0.20000606775283813,0.20000606775283813,0.20000606775283813,0.20000606775283813,17.00051575899124,,,
amgtp_uniform_q,83,0.0,0.20000606775283813,0.20000606775283813,0.20000606775283813,0.20000606775283813,0.20000606775283813,17.00051575899124,,,
amgtp_uniform_q,84,0.0,0.20000606775283813,0.20000606775283813,0.20000606775283813,0.20000606775283813,0.20000606775283813,17.00051575899124,,,
amgtp_uniform_q,85,0.0,0.20000606775283813,0.20000606775283813,0.20000606775283813,0.20000606775283813,0.20000606775283813,17.00051575899124,,,
amgtp_uniform_q,86,0.0,0.20000606775283813,0.20000606775283813,0.20000606775283813,0.20000606775283813,0.20000606775283813,17.00051575899124,,,
amgtp_uniform_q,87,0.0,0.20000606775283813,0.20000606775283813,0.20000606775283813,0.20000606775283813,0.20000606775283813,17.00051575899124,,,
amgtp_uniform_q,88,0.0,0.20000606775283813,0.20000606775283813,0.20000606775283813,0.20000606775283813,0.20000606775283813,17.00051575899124,,,
amgtp_uniform_q,89,0.0,0.20000606775283813,0.20000606775283813,0.20000606775283813,0.20000606775283813,0.20000606775283813,17.00051575899124,,,
amgtp_uniform_q,90,0.0,0.20000606775283813,0.20000606775283813,0.20000606775283813,0.20000606775283813,0.20000606775283813,17.00051575899124,,,
amgtp_uniform_q,91,0.0,0.20000606775283813,0.20000606775283813,0.20000606775283813,0.20000606775283813,0.20000606775283813,17.00051575899124,,,
amgtp_uniform_q,92,0.0,0.20000606775283813,0.20000606775283813,0.20000606775283813,0.20000606775283813,0.20000606775283813,17.00051575899124,,,
amgtp_uniform_q,93,0.0,0.20000606775283813,0.20000606775283813,0.20000606775283813,0.20000606775283813,0.20000606775283813,17.00051575899124,,,
amgtp_uniform_q,94,0.0,0.20000606775283813,0.20000606775283813,0.20000606775283813,0.20000606775283813,0.20000606775283813,17.00051575899124,,,
amgtp_uniform_q,95,0.0,0.20000606775283813,0.20000606775283813,0.20000606775283813,0.20000606775283813,0.20000606775283813,17.00051575899124,,,
amgtp_uniform_q,96,0.0,0.20000606775283813,0.20000606775283813,0.20000606775283813,0.20000606775283813,0.20000606775283813,17.00051575899124,,,
amgtp_uniform_q,97,0.0,0.20000606775283813,0.20000606775283813,0.20000606775283813,0.20000606775283813,0.20000606775283813,17.00051575899124,,,
amgtp_uniform_q,98,0.0,0.20000606775283813,0.20000606775283813,0.20000606775283813,0.20000606775283813,0.20000606775283813,17.00051575899124,,,
amgtp_uniform_q,99,0.0,0.20000606775283813,0.20000606775283813,0.20000606775283813,0.20000606775283813,0.20000606775283813,17.00051575899124,,,
amgtp_uniform_q,100,0.0,0.20000606775283813,0.20000606775283813,0.20000606775283813,0.20000606775283813,0.20000606775283813,17.00051575899124,,,
amgtp_uniform_q,101,0.0,0.20000606775283813,0.20000606775283813,0.20000606775283813,0.20000606775283813,0.20000606775283813,17.00051575899124,,,
amgtp_uniform_q,102,0.0,0.20000606775283813,0.20000606775283813,0.20000606775283813,0.20000606775283813,0.20000606775283813,17.00051575899124,,,
amgtp_uniform_q,103,0.0,0.20000606775283813,0.20000606775283813,0.20000606775283813,0.20000606775283813,0.20000606775283813,17.00051575899124,,,
amgtp_uniform_q,104,0.0,0.20000606775283813,0.20000606775283813,0.20000606775283813,0.20000606775283813,0.20000606775283813,17.00051575899124,,,
amgtp_uniform_q,105,0.0,0.20000606775283813,0.20000606775283813,0.20000606775283813,0.20000606775283813,0.20000606775283813,17.00051575899124,,,
amgtp_uniform_q,106,0.0,0.20000606775283813,0.20000606775283813,0.20000606775283813,0.20000606775283813,0.20000606775283813,17.00051575899124,,,
amgtp_uniform_q,107,0.0,0.20000606775283813,0.20000606775283813,0.20000606775283813,0.20000606775283813,0.20000606775283813,17.00051575899124,,,
amgtp_uniform_q,108,0.0,0.20000606775283813,0.20000606775283813,0.20000606775283813,0.20000606775283813,0.20000606775283813,17.00051575899124,,,
amgtp_uniform_q,109,0.0,0.20000606775283813,0.20000606775283813,0.20000606775283813,0.20000606775283813,0.20000606775283813,17.00051575899124,,,
amgtp_uniform_q,110,0.0,0.20000606775283813,0.20000606775283813,0.20000606775283813,0.20000606775283813,0.20000606775283813,17.00051575899124,,,
amgtp_uniform_q,111,0.0,0.20000606775283813,0.20000606775283813,0.20000606775283813,0.20000606775283813,0.20000606775283813,17.00051575899124,,,
amgtp_uniform_q,112,0.0,0.20000606775283813,0.20000606775283813,0.20000606775283813,0.20000606775283813,0.20000606775283813,17.00051575899124,,,
amgtp_uniform_q,113,0.0,0.20000606775283813,0.20000606775283813,0.20000606775283813,0.20000606775283813,0.20000606775283813,17.00051575899124,,,
amgtp_uniform_q,114,0.0,0.20000606775283813,0.20000606775283813,0.20000606775283813,0.20000606775283813,0.20000606775283813,17.00051575899124,,,
amgtp_uniform_q,115,0.0,0.20000606775283813,0.20000606775283813,0.20000606775283813,0.20000606775283813,0.20000606775283813,17.00051575899124,,,
amgtp_uniform_q,116,0.0,0.20000606775283813,0.20000606775283813,0.20000606775283813,0.20000606775283813,0.20000606775283813,17.00051575899124,,,
amgtp_uniform_q,117,0.0,0.20000606775283813,0.20000606775283813,0.20000606775283813,0.20000606775283813,0.20000606775283813,17.00051575899124,,,
amgtp_uniform_q,118,0.0,0.20000606775283813,0.20000606775283813,0.20000606775283813,0.20000606775283813,0.20000606775283813,17.00051575899124,,,
amgtp_uniform_q,119,0.0,0.20000606775283813,0.20000606775283813,0.20000606775283813,0.20000606775283813,0.20000606775283813,17.00051575899124,,,
amgtp_no_state,4,,0.20000606775283813,0.20000606775283813,0.20000606775283813,0.20000606775283813,0.20000606775283813,17.00051575899124,,,
amgtp_no_state,5,0.24137146025896072,0.1981985867023468,0.08472775667905807,0.3206767737865448,0.1981985867023468,0.1981985867023468,17.100843600928783,,,
amgtp_no_state,6,0.4408145546913147,0.2716675102710724,0.0547846183180809,0.13021209836006165,0.2716675102710724,0.27166748046875,22.450488828122616,,,
amgtp_no_state,7,0.1333441361784935,0.2938916087150574,0.04536968469619751,0.0729551911354065,0.2938916087150574,0.293891578912735,24.06945514678955,,,
amgtp_no_state,8,0.023968249559402466,0.2977656424045563,0.045731883496046066,0.06097127124667168,0.2977656424045563,0.2977656424045563,24.34766273200512,,,
amgtp_no_state,9,0.10983280837535858,0.30438441038131714,0.08741053193807602,0.06079328805208206,0.243027001619339,0.30438441038131714,24.495425775647163,,,
amgtp_no_state,10,0.5781439170241356,0.19924919307231903,0.36590510606765747,0.07137075811624527,0.16422554850578308,0.19924920797348022,16.47403671592474,,,
amgtp_no_state,11,0.21385812759399414,0.1611131727695465,0.45509907603263855,0.08910603076219559,0.13356874883174896,0.16111314296722412,13.579772777855396,,,
amgtp_no_state,12,0.2660828307271004,0.20146209001541138,0.3220575451850891,0.1361943930387497,0.13882383704185486,0.20146207511425018,16.610602036118507,,,
amgtp_no_state,13,0.3327193930745125,0.28464195132255554,0.18425555527210236,0.11990631371736526,0.12655425071716309,0.28464195132255554,22.49335864931345,,,
amgtp_no_state,14,0.21220462024211884,0.3376927971839905,0.140345960855484,0.08200009912252426,0.10226713120937347,0.3376927971839905,26.091483168303967,,,
amgtp_no_state,15,0.09437565505504608,0.361286997795105,0.12184416502714157,0.06722591817378998,0.08835579454898834,0.3612869381904602,27.67724948376417,,,
amgtp_no_state,16,0.05923334136605263,0.37407422065734863,0.10882538557052612,0.060023944824934006,0.0789598599076271,0.3781163692474365,28.579698648303747,,,
amgtp_no_state,17,0.048546936362981796,0.38884249329566956,0.09728149324655533,0.055127814412117004,0.0711263120174408,0.3876214623451233,29.51779919117689,,,
amgtp_no_state,18,0.04738222062587738,0.4017847180366516,0.0859367847442627,0.050410106778144836,0.06349780410528183,0.39837053418159485,30.365922294557095,,,
amgtp_no_state,19,0.12271033972501755,0.3615992069244385,0.07546552270650864,0.04644281417131424,0.05676673352718353,0.4597257375717163,28.744273841381073,,,
amgtp_no_state,20,0.23035720735788345,0.2646051049232483,0.06640265136957169,0.04298214614391327,0.05110599100589752,0.5749045610427856,24.47806117683649,,,
amgtp_no_state,21,0.15226158127188683,0.2035980373620987,0.05854891985654831,0.04052143543958664,0.0462961308658123,0.6510347723960876,21.834555197507143,,,
amgtp_no_state,22,0.0839451216161251,0.17178259789943695,0.05181276798248291,0.04059072956442833,0.0428757481276989,0.6929386258125305,20.481811828911304,,,
amgtp_no_state,23,0.05878996476531029,0.1496044546365738,0.046207401901483536,0.04303572699427605,0.04126441106200218,0.7198887467384338,19.518875192850828,,,
amgtp_no_state,24,0.047543104737997055,0.13138113915920258,0.04151342809200287,0.04404636472463608,0.04041004180908203,0.7426495552062988,18.736484937369823,,,
amgtp_no_state,25,0.03490423411130905,0.11750245094299316,0.03823467344045639,0.04548042640089989,0.04011504724621773,0.7586672902107239,18.126970402896404,,,
amgtp_no_state,26,0.03627334162592888,0.10942409932613373,0.0379052571952343,0.0611456036567688,0.042586296796798706,0.7489381432533264,17.570026110857725,,,
amgtp_no_state,27,0.1807413473725319,0.10861831903457642,0.04293326660990715,0.1403663009405136,0.048708535730838776,0.6593735218048096,16.55332036688924,,,
amgtp_no_state,28,0.20204905420541763,0.10972487181425095,0.0486472025513649,0.23101378977298737,0.05226516351103783,0.558349072933197,15.507924046367407,,,
amgtp_no_state,29,0.1789356879889965,0.11713740974664688,0.05282951891422272,0.1415458470582962,0.05469401180744171,0.6337931156158447,16.761673346161842,,,
amgtp_no_state,30,0.17580406367778778,0.1106182262301445,0.046122387051582336,0.08037478476762772,0.04118945449590683,0.7216952443122864,17.316399917006493,,,
amgtp_no_state,31,0.056593723595142365,0.10585422813892365,0.04438180476427078,0.06576168537139893,0.03401029855012894,0.7499921321868896,17.330882489681244,,,
amgtp_no_state,32,0.021255599334836006,0.10563795268535614,0.04977887123823166,0.05826972797513008,0.031090425327420235,0.7552225589752197,17.353614019230008,,,
amgtp_no_state,33,0.03692699410021305,0.11026515811681747,0.06361566483974457,0.05285679176449776,0.030822642147541046,0.7424402832984924,17.448017988353968,,,
amgtp_no_state,34,0.04818890243768692,0.12048598378896713,0.07679502665996552,0.04784364998340607,0.03151674196124077,0.7233588099479675,17.797125536948442,,,
amgtp_no_state,35,0.13250986486673355,0.16700829565525055,0.09340135753154755,0.043917592614889145,0.03464273363351822,0.6610296368598938,19.74256592616439,,,
amgtp_no_state,36,0.28346502035856247,0.28253287076950073,0.11882637441158295,0.041174281388521194,0.035425879061222076,0.5220406651496887,24.750871930271387,,,
amgtp_no_state,37,0.24484611302614212,0.30730167031288147,0.21599651873111725,0.04165831580758095,0.0331101268529892,0.4019332826137543,24.637908529490232,,,
amgtp_no_state,38,0.2985876798629761,0.23989717662334442,0.36022302508354187,0.04672611504793167,0.029763687402009964,0.3233908414840698,19.63004956021905,,,
amgtp_no_state,39,0.27471861988306046,0.36598852276802063,0.2588949203491211,0.057921525090932846,0.02983560413122177,0.28735899925231934,26.62384608015418,,,
amgtp_no_state,40,0.3843125309795141,0.5581446290016174,0.12516462802886963,0.04261438921093941,0.022915074601769447,0.25116053223609924,37.41833850927651,,,
amgtp_no_state,41,0.13931424170732498,0.6278021931648254,0.09979423135519028,0.03209013491868973,0.01841810904443264,0.2218954712152481,41.09965958632529,,,
amgtp_no_state,42,0.07064473442733288,0.6631242632865906,0.08991503715515137,0.02825668640434742,0.016574149951338768,0.20212940871715546,42.907971665263176,,,
amgtp_no_state,43,0.04188980720937252,0.6840695738792419,0.08403940498828888,0.02664918452501297,0.01583918370306492,0.1894030123949051,43.97067785076797,,,
amgtp_no_state,44,0.03346807509660721,0.7008036375045776,0.07902978360652924,0.02594158612191677,0.015722844749689102,0.17850255966186523,44.814168540760875,,,
amgtp_no_state,45,0.03770456649363041,0.7192387580871582,0.07313141226768494,0.02567325159907341,0.016139600425958633,0.16581657528877258,45.738885909318924,,,
amgtp_no_state,46,0.043506598100066185,0.7401346564292908,0.06615918129682541,0.02561500109732151,0.01699693500995636,0.15109369158744812,46.785373797640204,,,
amgtp_no_state,47,0.03744969144463539,0.7539280652999878,0.05971163883805275,0.027897607535123825,0.0196464192122221,0.13881704211235046,47.46005190350115,,,
amgtp_no_state,48,0.025982365012168884,0.7515004873275757,0.054971057921648026,0.03610420227050781,0.024430686607956886,0.1329936981201172,47.28623948432505,,,
amgtp_no_state,49,0.09868782572448254,0.7045007348060608,0.052627019584178925,0.07067625969648361,0.03345208242535591,0.1387442797422409,44.71128438040614,,,
amgtp_no_state,50,0.21622969955205917,0.5967982411384583,0.05221462994813919,0.1554565131664276,0.04366767778992653,0.1518632471561432,38.75823784247041,,,
amgtp_no_state,51,0.059382207691669464,0.5885042548179626,0.05302554368972778,0.1340591162443161,0.04949656501412392,0.17491427063941956,38.560733925551176,,,
amgtp_no_state,52,0.1393846534192562,0.6327431797981262,0.05195651575922966,0.07683639973402023,0.03809620812535286,0.20036789774894714,41.318880528211594,,,
amgtp_no_state,53,0.08587490767240524,0.6137667894363403,0.05228252708911896,0.06108316406607628,0.02988828346133232,0.2429792433977127,40.67246677726507,,,
amgtp_no_state,54,0.18373568542301655,0.5309165716171265,0.05692176893353462,0.05512549355626106,0.026828279718756676,0.33020779490470886,36.88799963332713,,,
amgtp_no_state,55,0.17455167323350906,0.4490959048271179,0.06224924325942993,0.05091915279626846,0.025579368695616722,0.4121560752391815,33.11000162549317,,,
amgtp_no_state,56,0.10618844255805016,0.39930960536003113,0.06699907034635544,0.04761148616671562,0.025765789672732353,0.4603143036365509,30.79317062906921,,,
amgtp_no_state,57,0.056304819881916046,0.3725190758705139,0.07518674433231354,0.046249501407146454,0.02855936624109745,0.4774853587150574,29.449790386483073,,,
amgtp_no_state,58,0.08538169600069523,0.36929887533187866,0.10837675631046295,0.04936611279845238,0.03494401276111603,0.4380151331424713,28.79122756794095,,,
amgtp_no_state,59,0.26942066103219986,0.3578522801399231,0.23030740022659302,0.06030213087797165,0.036787163466215134,0.31475088000297546,26.546373065561056,,,
amgtp_no_state,60,0.22511837631464005,0.3216555714607239,0.32297179102897644,0.08019687235355377,0.03239865228533745,0.24277685582637787,23.488563243299723,,,
amgtp_no_state,61,0.1814320683479309,0.3446727693080902,0.25219008326530457,0.14498358964920044,0.03531075641512871,0.2228425145149231,24.734477508813143,,,
amgtp_no_state,62,0.22853735089302063,0.4577338993549347,0.15931956470012665,0.1335422396659851,0.03651868924498558,0.21288609504699707,31.26001640036702,,,
amgtp_no_state,63,0.20282690972089767,0.5591471791267395,0.13167701661586761,0.07916785031557083,0.029103245586156845,0.20090484619140625,36.934401880949736,,,
amgtp_no_state,64,0.05809067748486996,0.5881929397583008,0.1241295337677002,0.06950433552265167,0.026218725368380547,0.19195544719696045,38.49512626416981,,,
amgtp_no_state,65,0.029895354062318802,0.6031402945518494,0.11972066015005112,0.0663290023803711,0.02519671805202961,0.18561366200447083,39.282093634828925,,,
amgtp_no_state,66,0.026211349293589592,0.6162459254264832,0.11550971120595932,0.06398938596248627,0.024773765355348587,0.17948146164417267,39.968390215188265,,,
amgtp_no_state,67,0.03631434589624405,0.6344029903411865,0.1095457375049591,0.060885630548000336,0.024364929646253586,0.17080074548721313,40.91814699396491,,,
amgtp_no_state,68,0.046445174142718315,0.6576256155967712,0.10162195563316345,0.05696454271674156,0.024215692654252052,0.1595723032951355,42.133574614301324,,,
amgtp_no_state,69,0.04455828294157982,0.6789834499359131,0.0933590903878212,0.053457193076610565,0.02513713575899601,0.14906351268291473,43.255586793646216,,,
amgtp_no_state,70,0.026417942717671394,0.6893970370292664,0.08668835461139679,0.052300725132226944,0.02793283760547638,0.143682062625885,43.814491491764784,,,
amgtp_no_state,71,0.026702921837568283,0.6802746057510376,0.08245871216058731,0.05646393820643425,0.03361405059695244,0.1471884846687317,43.36426401138306,,,
amgtp_no_state,72,0.0691092386841774,0.6476315855979919,0.08054734021425247,0.06906093657016754,0.04266105592250824,0.1600993275642395,41.68564326316118,,,
amgtp_no_state,73,0.04537303000688553,0.6266364455223083,0.07885558903217316,0.0769985020160675,0.0464579313993454,0.171051025390625,40.627957701683044,,,
amgtp_no_state,74,0.02818017452955246,0.6316330432891846,0.07784087210893631,0.07134594023227692,0.03903549909591675,0.18014489114284515,40.98513825982809,,,
amgtp_no_state,75,0.059465520083904266,0.6081919074058533,0.08295559138059616,0.07301347702741623,0.03274326026439667,0.20309478044509888,39.8660402148962,,,
amgtp_no_state,76,0.19689332321286201,0.5122753977775574,0.10606261342763901,0.10517379641532898,0.030213583260774612,0.24627457559108734,34.81744701042771,,,
amgtp_no_state,77,0.2084043864160776,0.4132694602012634,0.12206199020147324,0.19337692856788635,0.02875916101038456,0.24253305792808533,29.095137326046824,,,
amgtp_no_state,78,0.11755821667611599,0.3624795377254486,0.11407237499952316,0.19578807055950165,0.029420018196105957,0.29823973774909973,26.831505306065083,,,
amgtp_no_state,79,0.30699958838522434,0.3333507478237152,0.08715026080608368,0.10087142884731293,0.02688799612224102,0.45173975825309753,26.903382005169988,,,
amgtp_no_state,80,0.09953091479837894,0.31395968794822693,0.07533184438943863,0.08469637483358383,0.024506811052560806,0.5015049576759338,26.359619330614805,,,
amgtp_no_state,81,0.04628761485219002,0.29939669370651245,0.07196196168661118,0.07968111336231232,0.024311043322086334,0.5246486663818359,25.790065556764603,,,
amgtp_no_state,82,0.032055528834462166,0.28711554408073425,0.0719306617975235,0.07596605271100998,0.025986680760979652,0.5390010476112366,25.254682896658778,,,
amgtp_no_state,83,0.030927030369639397,0.2753680944442749,0.07448764145374298,0.07224960625171661,0.030217915773391724,0.5476759672164917,24.692311078310013,,,
amgtp_no_state,84,0.028489507734775543,0.2648608088493347,0.07903361320495605,0.0685124471783638,0.03712840378284454,0.5504645705223083,24.14262229949236,,,
amgtp_no_state,85,0.018533915281295776,0.2589491307735443,0.08628230541944504,0.0652649775147438,0.03914659470319748,0.5503566861152649,23.798044852912426,,,
amgtp_no_state,86,0.07416479289531708,0.26847752928733826,0.11383671313524246,0.06480561196804047,0.03679545223712921,0.5160852074623108,23.899666376411915,,,
amgtp_no_state,87,0.18919024989008904,0.2765461504459381,0.1955881118774414,0.06958036869764328,0.03321931138634682,0.42506587505340576,23.180555675178766,,,
amgtp_no_state,88,0.1265097875148058,0.27362021803855896,0.24876463413238525,0.07965885102748871,0.030856633558869362,0.36709970235824585,22.260346537455916,,,
amgtp_no_state,89,0.15351240523159504,0.3333432674407959,0.1933678239583969,0.09525755792856216,0.032290879637002945,0.34574010968208313,25.54613423720002,,,
amgtp_no_state,90,0.20421569235622883,0.4354514479637146,0.13447938859462738,0.08004115521907806,0.030188987031579018,0.31983932852745056,31.1907632406801,,,
amgtp_no_state,91,0.11867172829806805,0.4947872757911682,0.11580220609903336,0.06755445152521133,0.02758113667368889,0.294275164604187,34.3186223693192,,,
amgtp_no_state,92,0.06744840927422047,0.5285115242004395,0.10692646354436874,0.06268499791622162,0.02661110647022724,0.27526623010635376,36.045677876099944,,,
amgtp_no_state,93,0.041077179834246635,0.5482625961303711,0.10110509395599365,0.061409857124090195,0.027398724108934402,0.26182425022125244,37.038421005010605,,,
amgtp_no_state,94,0.03870820999145508,0.5638442635536194,0.09519650042057037,0.062176547944545746,0.03040412813425064,0.24837839603424072,37.802508398890495,,,
amgtp_no_state,95,0.049772344529628754,0.5844400525093079,0.08750877529382706,0.06250788271427155,0.03436301648616791,0.23117978870868683,38.818493731319904,,,
amgtp_no_state,96,0.05693473666906357,0.6129075884819031,0.07912538945674896,0.0610923245549202,0.0340690091252327,0.21280553936958313,40.25461828708649,,,
amgtp_no_state,97,0.037001192569732666,0.6285790205001831,0.07334959506988525,0.06392142176628113,0.030901789665222168,0.20324788987636566,41.04163807630539,,,
amgtp_no_state,98,0.10835408046841621,0.5744023323059082,0.07461940497159958,0.10098132491111755,0.0314340703189373,0.2185632884502411,38.12162784859538,,,
amgtp_no_state,99,0.27746254950761795,0.4358031749725342,0.07673283666372299,0.22644230723381042,0.03130175545811653,0.22971995174884796,30.339441869407892,,,
amgtp_no_state,100,0.09760581329464912,0.38700032234191895,0.07804509252309799,0.23111870884895325,0.03324493020772934,0.2705910801887512,28.012410193681717,,,
amgtp_no_state,101,0.24892093241214752,0.37215396761894226,0.07489338517189026,0.1248437836766243,0.033057622611522675,0.3950517177581787,28.54079020023346,,,
amgtp_no_state,102,0.08857109397649765,0.3569117486476898,0.07023783773183823,0.1040002629160881,0.0295136496424675,0.4393375515937805,28.15426481515169,,,
amgtp_no_state,103,0.022191090509295464,0.350836843252182,0.07155228406190872,0.09915252029895782,0.029340149834752083,0.449118047952652,27.912254160270095,,,
amgtp_no_state,104,0.017093917354941368,0.3501063287258148,0.07808681577444077,0.09555615484714508,0.031352706253528595,0.4448980987071991,27.819177329540253,,,
amgtp_no_state,105,0.03609873726963997,0.3530007004737854,0.08855930715799332,0.09159872680902481,0.03603527322411537,0.4308062195777893,27.82693150267005,,,
amgtp_no_state,106,0.05559396743774414,0.3657210171222687,0.09723401814699173,0.08724004030227661,0.04243746027350426,0.40736815333366394,28.302431534975767,,,
amgtp_no_state,107,0.09060505777597427,0.4034613370895386,0.1047961562871933,0.08270012587308884,0.041960809379816055,0.3670821189880371,29.993452090770006,,,
amgtp_no_state,108,0.09643768146634102,0.432335764169693,0.12414027750492096,0.07870051264762878,0.036086179316043854,0.3287372291088104,31.15531212836504,,,
amgtp_no_state,109,0.16514963284134865,0.3855016231536865,0.2067151665687561,0.07727017253637314,0.03270706161856651,0.2978060841560364,27.966857682913542,,,
amgtp_no_state,110,0.12001004442572594,0.34766530990600586,0.2626054883003235,0.08138468861579895,0.031775541603565216,0.2765687108039856,25.461068890988827,,,
amgtp_no_state,111,0.12920088693499565,0.3924665153026581,0.19800551235675812,0.09384122490882874,0.035407040268182755,0.28028038144111633,28.199294727295637,,,
amgtp_no_state,112,0.14280493184924126,0.46386876702308655,0.14404594898223877,0.0857977494597435,0.03498132526874542,0.27130645513534546,32.27672486752272,,,
amgtp_no_state,113,0.08444192633032799,0.5060895085334778,0.12974973022937775,0.07654936611652374,0.0320667140185833,0.2555444836616516,34.52685810998082,,,
amgtp_no_state,114,0.04519221559166908,0.5286862254142761,0.12276832014322281,0.0727459117770195,0.030922599136829376,0.24487796425819397,35.70692927390337,,,
amgtp_no_state,115,0.025021515786647797,0.540766179561615,0.11739980429410934,0.07162635028362274,0.031352512538433075,0.23885439336299896,36.341678723692894,,,
amgtp_no_state,116,0.018879305571317673,0.5473606586456299,0.11160565167665482,0.07219043374061584,0.03363426402211189,0.23520955443382263,36.698190081864595,,,
amgtp_no_state,117,0.026363089680671692,0.5572559237480164,0.1039271131157875,0.07242792099714279,0.03668316826224327,0.22970665991306305,37.22924171760678,,,
amgtp_no_state,118,0.04227849096059799,0.5783950090408325,0.0950130745768547,0.07052607089281082,0.03610717132687569,0.21995913982391357,38.34246998652816,,,
amgtp_no_state,119,0.028164826333522797,0.5915445685386658,0.08761775493621826,0.07145839184522629,0.033464301377534866,0.21591438353061676,39.05171852186322,,,
amgtp_fixed_beta0,4,,0.20000606775283813,0.20000606775283813,0.20000606775283813,0.20000606775283813,0.20000606775283813,17.00051575899124,,,
amgtp_fixed_beta0,5,0.3430473878979683,0.19165383279323578,0.05352387577295303,0.37151455879211426,0.19165383279323578,0.19165383279323578,16.692028008401394,,,
amgtp_fixed_beta0,6,0.618328033015132,0.2947084903717041,0.017667973414063454,0.09820640087127686,0.2947084903717041,0.2947084903717041,24.183674896135926,,,
amgtp_fixed_beta0,7,0.16685490775853395,0.3225175440311432,0.012145969085395336,0.02030065841972828,0.3225175440311432,0.3225175440311432,26.19696901086718,,,
amgtp_fixed_beta0,8,0.04065307881683111,0.31860387325286865,0.032472990453243256,0.011715613305568695,0.31860387325286865,0.31860387325286865,25.87453356385231,,,
amgtp_fixed_beta0,9,0.4563901498913765,0.25105589628219604,0.24863800406455994,0.023745335638523102,0.22550441324710846,0.25105589628219604,20.476541228592396,,,
amgtp_fixed_beta0,10,0.8446761034429073,0.1070818081498146,0.648996114730835,0.04572530463337898,0.09111456573009491,0.1070818081498146,9.348027791827917,,,
amgtp_fixed_beta0,11,0.6015543006360531,0.2025759071111679,0.3482191562652588,0.1211216002702713,0.1255073994398117,0.2025759220123291,16.580753087997437,,,
amgtp_fixed_beta0,12,0.5430904850363731,0.33834847807884216,0.08540570735931396,0.12037862837314606,0.11751846224069595,0.33834847807884216,26.306958205997944,,,
amgtp_fixed_beta0,13,0.3996218014508486,0.43825381994247437,0.018635762855410576,0.04954272508621216,0.05531328171491623,0.43825390934944153,32.985240837559104,,,
amgtp_fixed_beta0,14,0.15966682927682996,0.47817057371139526,0.005174265708774328,0.01896221563220024,0.019521966576576233,0.4781706631183624,35.5833383849822,,,
amgtp_fixed_beta0,15,0.0442864631768316,0.48924243450164795,0.0021573833655565977,0.010454423725605011,0.008903899230062962,0.4892425239086151,36.2997893539723,,,
amgtp_fixed_beta0,16,0.02181058342102915,0.4847005307674408,0.0013288540067151189,0.008173977956175804,0.005648953840136528,0.50014728307724,36.149487273884006,,,
amgtp_fixed_beta0,17,0.016683456022292376,0.4930424690246582,0.001099193119443953,0.007891102693974972,0.004548621363937855,0.4934186339378357,36.547021867358126,,,
amgtp_fixed_beta0,18,0.009005572472233325,0.4975450336933136,0.0008567388285882771,0.007077580783516169,0.003439015708863735,0.49108120799064636,36.77400152460905,,,
amgtp_fixed_beta0,19,0.32577605720143765,0.33628976345062256,0.0006558233289979398,0.006380080711096525,0.002705379854887724,0.653969943523407,29.371698740811553,,,
amgtp_fixed_beta0,20,0.4715695080230944,0.10263921320438385,0.0004993483889847994,0.005058313719928265,0.0020489562302827835,0.8897542357444763,18.64492907584645,,,
amgtp_fixed_beta0,21,0.1503755311423447,0.02883172035217285,0.00041373554267920554,0.0041465722024440765,0.001666313037276268,0.9649422764778137,15.263612735230708,,,
amgtp_fixed_beta0,22,0.03514396361424588,0.01168996561318636,0.000389106513466686,0.003880751319229603,0.0015258841449394822,0.9825136065483093,14.479300977953244,,,
amgtp_fixed_beta0,23,0.010595379659207538,0.0063928565941751,0.0004139878728892654,0.003977229818701744,0.0015311979223042727,0.9876852035522461,14.234228308167076,,,
amgtp_fixed_beta0,24,0.005222466366831213,0.003928264137357473,0.0003960688191000372,0.0038983053527772427,0.0014806721592321992,0.9902957081794739,14.12229145274614,,,
amgtp_fixed_beta0,25,0.002762285206699744,0.003473796881735325,0.0005088217440061271,0.004746574908494949,0.0019011518452316523,0.9893693923950195,14.087655915820505,,,
amgtp_fixed_beta0,26,0.012520320306066424,0.004678916186094284,0.0008992641232907772,0.007903311401605606,0.0034086001105606556,0.9831088185310364,14.092727829702199,,,
amgtp_fixed_beta0,27,0.026611928828060627,0.0072715976275503635,0.0017391825094819069,0.014745885506272316,0.006440108176320791,0.9698035717010498,14.104603457730263,,,
amgtp_fixed_beta0,28,0.039486018009483814,0.010616512037813663,0.002981805242598057,0.025571489706635475,0.010770197957754135,0.9500607848167419,14.09292936976999,,,
amgtp_fixed_beta0,29,0.03948646318167448,0.014150477014482021,0.004419516772031784,0.03540404513478279,0.01570862904191017,0.9303169846534729,14.094058461487293,,,
amgtp_fixed_beta0,30,0.0075905537232756615,0.014728954061865807,0.00487341545522213,0.031609177589416504,0.015900177881121635,0.9328887462615967,14.155181884765625,,,
amgtp_fixed_beta0,31,0.04232190549373627,0.02108839713037014,0.007424389943480492,0.040796611458063126,0.01896333135664463,0.9117278456687927,14.292051210999489,,,
amgtp_fixed_beta0,32,0.19888877868652344,0.036513037979602814,0.014328040182590485,0.11062563955783844,0.026250043883919716,0.8122830986976624,14.092700926586986,,,
amgtp_fixed_beta0,33,0.7718269545584917,0.05332708731293678,0.024102654308080673,0.4637150764465332,0.032485198229551315,0.42636939883232117,10.811441093683243,,,
amgtp_fixed_beta0,34,0.5743365194648504,0.06732051819562912,0.025297343730926514,0.17984814941883087,0.029184160754084587,0.6983498334884644,14.58525967784226,,,
amgtp_fixed_beta0,35,0.3813353944569826,0.060273122042417526,0.01443406566977501,0.022112499922513962,0.014162898063659668,0.889017641544342,16.242546156048775,,,
amgtp_fixed_beta0,36,0.0562431626021862,0.06706642359495163,0.010014230385422707,0.004706599749624729,0.007866804488003254,0.9103456735610962,16.848026506602764,,,
amgtp_fixed_beta0,37,0.060885055689141154,0.09716185182332993,0.010361646302044392,0.0021464170422405005,0.0066896830685436726,0.8836407661437988,18.26431051432155,,,
amgtp_fixed_beta0,38,0.10946413548663259,0.14856231212615967,0.01313981506973505,0.0015776471700519323,0.00724248681217432,0.8294768333435059,20.594984558643773,,,
amgtp_fixed_beta0,39,0.17292018968146294,0.22959035634994507,0.017312999814748764,0.0013925115345045924,0.008501449599862099,0.7432019710540771,24.26124965737108,,,
amgtp_fixed_beta0,40,0.4133888860233128,0.4315437376499176,0.021072546020150185,0.0012546986108645797,0.009482976980507374,0.5366453528404236,33.49687667947728,,,
amgtp_fixed_beta0,41,0.43772684794384986,0.6492744088172913,0.022205965593457222,0.0010953724849969149,0.00905020534992218,0.3183746933937073,43.50255375704728,,,
amgtp_fixed_beta0,42,0.08005869993939996,0.6092450618743896,0.03469301760196686,0.0015607911627739668,0.011810329742729664,0.34269145131111145,41.474431730108336,,,
amgtp_fixed_beta0,43,0.6362502535339445,0.291119784116745,0.07034853845834732,0.002811248879879713,0.01736288145184517,0.6183578968048096,26.324520057532936,,,
amgtp_fixed_beta0,44,0.3808847281616181,0.1006774976849556,0.09802674502134323,0.003901109332218766,0.01857946626842022,0.7788156867027283,17.183855811832473,,,
amgtp_fixed_beta0,45,0.10698222811333835,0.04790202155709267,0.09914369881153107,0.0046611810103058815,0.017863428220152855,0.8304293751716614,14.738303785212338,,,
amgtp_fixed_beta0,46,0.08536740578711033,0.02821962535381317,0.07972130179405212,0.004563895054161549,0.014382001012563705,0.8731132745742798,14.11085035931319,,,
amgtp_fixed_beta0,47,0.09322269260883331,0.03095703199505806,0.11771053820848465,0.00760317500680685,0.01722722314298153,0.826501727104187,13.689556724391878,,,
amgtp_fixed_beta0,48,0.4396703476086259,0.04866204410791397,0.3039202392101288,0.016426052898168564,0.024324877187609673,0.606666624546051,11.936527928337455,,,
amgtp_fixed_beta0,49,0.08651542291045189,0.058032602071762085,0.32845237851142883,0.0257809367030859,0.023866567760705948,0.5638670921325684,11.94895657710731,,,
amgtp_fixed_beta0,50,0.5118307154625654,0.048423729836940765,0.09220178425312042,0.023635786026716232,0.015956111252307892,0.8197827339172363,14.657183986157179,,,
amgtp_fixed_beta0,51,0.20421533659100533,0.032477810978889465,0.02231854572892189,0.014897924847900867,0.00841591414064169,0.9218908548355103,14.981064345687628,,,
amgtp_fixed_beta0,52,0.06280119717121124,0.024661190807819366,0.0073438542895019054,0.009760101325809956,0.004943519365042448,0.9532905220985413,14.896967551670969,,,
amgtp_fixed_beta0,53,0.009365531615912914,0.024928713217377663,0.003993680234998465,0.009060456417500973,0.004311616066843271,0.9577068090438843,14.964974481612444,,,
amgtp_fixed_beta0,54,0.016762930201366544,0.030264263972640038,0.003386502852663398,0.011366183869540691,0.005051737651228905,0.9499324560165405,15.187757440609857,,,
amgtp_fixed_beta0,55,0.03965023532509804,0.04127868264913559,0.0038787529338151217,0.017397457733750343,0.007337916176766157,0.9301063418388367,15.605646284064278,,,
amgtp_fixed_beta0,56,0.05122779426164925,0.056692205369472504,0.004345132037997246,0.02454882487654686,0.009921431541442871,0.9044933319091797,16.211880596354604,,,
amgtp_fixed_beta0,57,0.0998535412363708,0.09529970586299896,0.0051275319419801235,0.03185385465621948,0.013151794672012329,0.8545650839805603,17.874645186122507,,,
amgtp_fixed_beta0,58,0.2735079685226083,0.21621638536453247,0.006815923843532801,0.04262302443385124,0.01653178408741951,0.7178113460540771,23.27274945238605,,,
amgtp_fixed_beta0,59,0.47141335206106305,0.4130541682243347,0.010295062325894833,0.07591170072555542,0.018633447587490082,0.4821052551269531,31.90118796285242,,,
amgtp_fixed_beta0,60,0.37627196591347456,0.426184743642807,0.0169228482991457,0.24155420064926147,0.02136901766061783,0.2939697206020355,30.577829280868173,,,
amgtp_fixed_beta0,61,0.2628161758184433,0.43227529525756836,0.02072596549987793,0.3630684018135071,0.02061471901834011,0.16331571340560913,29.47717190720141,,,
amgtp_fixed_beta0,62,0.8782101413235068,0.8713808655738831,0.011012161150574684,0.05020388960838318,0.009639398194849491,0.05776477977633476,53.32065846864134,,,
amgtp_fixed_beta0,63,0.21541881654411554,0.9790903925895691,0.003038451774045825,0.0038264303002506495,0.002373533323407173,0.01167252380400896,58.93997136456892,,,
amgtp_fixed_beta0,64,0.023466229904443026,0.9908220171928406,0.001766545814462006,0.000866869930177927,0.0013635692885145545,0.0051793488673865795,59.535744056338444,,,
amgtp_fixed_beta0,65,0.004212405619909987,0.9929298758506775,0.0015785034047439694,0.0004122696409467608,0.0012622616486623883,0.003818752244114876,59.64090622632648,,,
amgtp_fixed_beta0,66,0.0012677098857238889,0.9923840165138245,0.0018512023380026221,0.0003242503444198519,0.0015790127217769623,0.003863133490085602,59.61100190211437,,,
amgtp_fixed_beta0,67,0.0011182030430063605,0.9918820261955261,0.0020794973243027925,0.0002660712052602321,0.0018783860141411424,0.003893498796969652,59.583456967928214,,,
amgtp_fixed_beta0,68,0.0028944710502400994,0.9904370903968811,0.0025372859090566635,0.0002646968059707433,0.002430928638204932,0.0043313284404575825,59.507211898773676,,,
amgtp_fixed_beta0,69,0.01030567690031603,0.9852840304374695,0.004000451881438494,0.00040062013431452215,0.004000570625066757,0.006315214093774557,59.23866113022086,,,
amgtp_fixed_beta0,70,0.025904038368025795,0.9723311066627502,0.007727982010692358,0.0008229413069784641,0.007652689702808857,0.011464358307421207,58.5641330499202,,,
amgtp_fixed_beta0,71,0.05625127558596432,0.9442062973976135,0.016232740134000778,0.001857958035543561,0.015141407027840614,0.022562332451343536,57.09604696161114,,,
amgtp_fixed_beta0,72,0.10145952133461833,0.8934769034385681,0.03225653991103172,0.0038165661972016096,0.02866935543715954,0.04178210347890854,54.43795538158156,,,
amgtp_fixed_beta0,73,0.07038424839265645,0.8582836985588074,0.044565483927726746,0.005534138530492783,0.03581634908914566,0.055799636989831924,52.590099174529314,,,
amgtp_fixed_beta0,74,0.05698593333363533,0.8380358815193176,0.057212285697460175,0.008138353005051613,0.02757210098206997,0.06904248893260956,51.523379787802696,,,
amgtp_fixed_beta0,75,0.2982553094625473,0.694017767906189,0.13828612864017487,0.01748161017894745,0.022462237626314163,0.12775272130966187,43.77757079526782,,,
amgtp_fixed_beta0,76,0.9018148761242628,0.24720077216625214,0.43826648592948914,0.03924121707677841,0.018371818587183952,0.2569202184677124,19.113522255793214,,,
amgtp_fixed_beta0,77,0.8282441282644868,0.14412322640419006,0.1340598315000534,0.04970275238156319,0.011533723212778568,0.6605805158615112,18.259424957446754,,,
amgtp_fixed_beta0,78,0.44698745338246226,0.06524834036827087,0.018346359953284264,0.02757479064166546,0.004756224807351828,0.8840741515159607,16.426302848849446,,,
amgtp_fixed_beta0,79,0.11036489298567176,0.040038544684648514,0.0038594515062868595,0.014416541904211044,0.0024287416599690914,0.9392566084861755,15.616015468724072,,,
amgtp_fixed_beta0,80,0.01654316217172891,0.03772836551070213,0.0015989599050953984,0.010984712280333042,0.0021597144659608603,0.9475282430648804,15.578768431558274,,,
amgtp_fixed_beta0,81,0.031173930503427982,0.05064840614795685,0.0012414258671924472,0.012740588746964931,0.0030709686689078808,0.932299017906189,16.1520505923545,,,
amgtp_fixed_beta0,82,0.072940161684528,0.07732300460338593,0.0014130646595731378,0.019964827224612236,0.005469764582812786,0.895828127861023,17.280569964670576,,,
amgtp_fixed_beta0,83,0.13734372693579644,0.12824733555316925,0.0017920681275427341,0.033111535012722015,0.00969198439270258,0.827156662940979,19.444003978278488,,,
amgtp_fixed_beta0,84,0.32874000002630055,0.27317607402801514,0.00215699034743011,0.0465194508433342,0.01536058634519577,0.6627868413925171,25.91881966846995,,,
amgtp_fixed_beta0,85,0.8074001590721309,0.6768762469291687,0.0016088711563497782,0.032683033496141434,0.012038527987897396,0.2767934501171112,44.671610784949735,,,
amgtp_fixed_beta0,86,0.37133132305461913,0.8625418543815613,0.0014344240771606565,0.022210387513041496,0.007830686867237091,0.10598266869783401,53.3591490193503,,,
amgtp_fixed_beta0,87,0.03622745198663324,0.844428300857544,0.002487167250365019,0.037191059440374374,0.00979967974126339,0.10609415918588638,52.33367438381538,,,
amgtp_fixed_beta0,88,0.28381629288196564,0.7025200128555298,0.005256615113466978,0.10333452373743057,0.01714749075472355,0.17174144089221954,44.990873565431684,,,
amgtp_fixed_beta0,89,0.18762628128752112,0.6087070107460022,0.007822933606803417,0.15348811447620392,0.02367633581161499,0.20630596578121185,40.04472579341382,,,
amgtp_fixed_beta0,90,0.367464043200016,0.7924392819404602,0.006380381993949413,0.05819129943847656,0.015631891787052155,0.12735800445079803,49.61974650155753,,,
amgtp_fixed_beta0,91,0.21945840446278453,0.9021679759025574,0.00523644732311368,0.01980648748576641,0.008418978191912174,0.06436995416879654,55.15484666964039,,,
amgtp_fixed_beta0,92,0.04129671445116401,0.9219545125961304,0.0060980236157774925,0.013101430609822273,0.006794402375817299,0.052050985395908356,56.138947683386505,,,
amgtp_fixed_beta0,93,0.04812020529061556,0.8978946208953857,0.009951338171958923,0.015357923693954945,0.008788148872554302,0.06800774484872818,54.94332783296704,,,
amgtp_fixed_beta0,94,0.11827136110514402,0.8387587070465088,0.01766531728208065,0.022819040343165398,0.014634317718446255,0.10612192749977112,51.999792070128024,,,
amgtp_fixed_beta0,95,0.07306853029876947,0.8022253513336182,0.023386236280202866,0.02645307406783104,0.01957130804657936,0.128365159034729,50.17037792131305,,,
amgtp_fixed_beta0,96,0.026144832372665405,0.8119154572486877,0.026767384260892868,0.02491680346429348,0.018188299611210823,0.11821085959672928,50.598715361207724,,,
amgtp_fixed_beta0,97,0.14850956574082375,0.7382131218910217,0.046891506761312485,0.034757860004901886,0.017636738717556,0.16250135004520416,46.84242847189307,,,
amgtp_fixed_beta0,98,0.7393517270684242,0.3685370683670044,0.15666590631008148,0.10755614191293716,0.02438008412718773,0.34286099672317505,27.56227297708392,,,
amgtp_fixed_beta0,99,0.5250378642231226,0.10961201041936874,0.17991681396961212,0.23126617074012756,0.020786451175808907,0.45841923356056213,14.013810379430652,,,
amgtp_fixed_beta0,100,0.6827914379537106,0.0341368168592453,0.050549231469631195,0.10505656898021698,0.010442918166518211,0.799814760684967,13.684435026720166,,,
amgtp_fixed_beta0,101,0.3227646911982447,0.008603346534073353,0.009183087386190891,0.01756623387336731,0.003450911259278655,0.9611974954605103,14.059003896312788,,,
amgtp_fixed_beta0,102,0.052512988448143005,0.0033264360390603542,0.00281043560244143,0.004670538008213043,0.0017396826297044754,0.9874539971351624,14.052941950270906,,,
amgtp_fixed_beta0,103,0.006937295431271195,0.0027609870303422213,0.0018583174096420407,0.002718169242143631,0.0018209618283435702,0.9908400774002075,14.060179863357916,,,
amgtp_fixed_beta0,104,0.002021369757130742,0.003101867390796542,0.0017576937098056078,0.0023617828264832497,0.002491310006007552,0.9902869462966919,14.076411503832787,,,
amgtp_fixed_beta0,105,0.0030289230635389686,0.0036010576877743006,0.00180024781730026,0.0023010822478681803,0.003464269218966365,0.9888334274291992,14.092684824368916,,,
amgtp_fixed_beta0,106,0.003485437948256731,0.004069166257977486,0.0018709279829636216,0.0023443461395800114,0.004624457098543644,0.9870902299880981,14.104688361403532,,,
amgtp_fixed_beta0,107,0.006616914295591414,0.0050468542613089085,0.0021804997231811285,0.0027331821620464325,0.006257337052375078,0.9837822914123535,14.12994474102743,,,
amgtp_fixed_beta0,108,0.017091351095587015,0.008139451034367085,0.0033431609626859426,0.004187160637229681,0.00909381452947855,0.9752366542816162,14.221241566585377,,,
amgtp_fixed_beta0,109,0.034949429566040635,0.014986571855843067,0.006115156225860119,0.007734627928584814,0.013401711359620094,0.9577617049217224,14.430989199783653,,,
amgtp_fixed_beta0,110,0.07354594534263015,0.02960294298827648,0.01221246737986803,0.015908382833003998,0.021287670359015465,0.9209891557693481,14.878976068459451,,,
amgtp_fixed_beta0,111,0.10751292575150728,0.05354395881295204,0.020725177600979805,0.027763735502958298,0.030734863132238388,0.8672325015068054,15.673052975907922,,,
amgtp_fixed_beta0,112,0.16424136236310005,0.11234419047832489,0.03249802067875862,0.038869068026542664,0.031177161261439323,0.7851118445396423,18.099562605842948,,,
amgtp_fixed_beta0,113,0.46559184417128563,0.3071260452270508,0.05903758108615875,0.050343308597803116,0.018820764496922493,0.56467205286026,26.674784312024713,,,
amgtp_fixed_beta0,114,0.6494415448978543,0.5199328064918518,0.136087104678154,0.08520808070898056,0.010688484646379948,0.24808384478092194,35.13567295577377,,,
amgtp_fixed_beta0,115,0.575183616951108,0.3573707342147827,0.2833218276500702,0.2255648970603943,0.008119425736367702,0.12562289834022522,24.217817128635943,,,
amgtp_fixed_beta0,116,0.3987800828181207,0.49274805188179016,0.1343984305858612,0.2895781099796295,0.006233701016753912,0.07704246789216995,31.690246331039816,,,
amgtp_fixed_beta0,117,0.8699634931981564,0.927729070186615,0.016393180936574936,0.03292648494243622,0.0020847111009061337,0.02086585760116577,56.08563183108345,,,
amgtp_fixed_beta0,118,0.12544674088712782,0.9904526472091675,0.0018594100838527083,0.002828627359122038,0.000617362791672349,0.004241670481860638,59.50120905099902,,,
amgtp_fixed_beta0,119,0.012245594814885408,0.9965760111808777,0.0005206750938668847,0.0006394317024387419,0.0004373221891000867,0.001827410887926817,59.82564464880852,,,
amgtp_fixed_beta_hi,4,,0.20000606775283813,0.20000606775283813,0.20000606775283813,0.20000606775283813,0.20000606775283813,17.00051575899124,,,
amgtp_fixed_beta_hi,5,0.11629126965999603,0.1988399475812912,0.14534354209899902,0.25813645124435425,0.1988399475812912,0.1988399475812912,17.02578864991665,,,
amgtp_fixed_beta_hi,6,0.21581128984689713,0.23480859398841858,0.12465842813253403,0.17091621458530426,0.23480859398841858,0.23480859398841858,19.65690318495035,,,
amgtp_fixed_beta_hi,7,0.08706086128950119,0.24931840598583221,0.11374427378177643,0.13829894363880157,0.24931840598583221,0.24931840598583221,20.72343198955059,,,
amgtp_fixed_beta_hi,8,0.02383095771074295,0.25246158242225647,0.11623143404722214,0.1263846755027771,0.25246158242225647,0.25246158242225647,20.944773636758327,,,
amgtp_fixed_beta_hi,9,0.20931052416563034,0.21920402348041534,0.22088617086410522,0.12523390352725983,0.21547168493270874,0.21920402348041534,18.32598741352558,,,
amgtp_fixed_beta_hi,10,0.36467573791742325,0.1578054130077362,0.4032238721847534,0.12419614940881729,0.1569686233997345,0.1578054130077362,13.552193246781826,,,
amgtp_fixed_beta_hi,11,0.1127493754029274,0.13902691006660461,0.44275781512260437,0.1410369575023651,0.13815100491046906,0.13902691006660461,12.120917066931725,,,
amgtp_fixed_beta_hi,12,0.199595645070076,0.1277170330286026,0.37770262360572815,0.24083499610424042,0.12602834403514862,0.1277170330286026,11.433466464281082,,,
amgtp_fixed_beta_hi,13,0.2875663489103317,0.1182561069726944,0.26389288902282715,0.38461801409721375,0.11497659981250763,0.1182561069726944,10.973535045981407,,,
amgtp_fixed_beta_hi,14,0.08677669614553452,0.1159079298377037,0.23311521112918854,0.4280061721801758,0.10706209391355515,0.1159079298377037,10.843755193054676,,,
amgtp_fixed_beta_hi,15,0.08358843624591827,0.13680516183376312,0.22417610883712769,0.3981955647468567,0.10401780158281326,0.13680513203144073,12.270468972623348,,,
amgtp_fixed_beta_hi,16,0.1651184856891632,0.17774266004562378,0.20200130343437195,0.3403766453266144,0.10145217925310135,0.17842677235603333,15.095830909907818,,,
amgtp_fixed_beta_hi,17,0.24656397849321365,0.2414638102054596,0.1747257113456726,0.2500598430633545,0.09576284885406494,0.23798787593841553,19.414904057979584,,,
amgtp_fixed_beta_hi,18,0.17203018069267273,0.28246328234672546,0.15209536254405975,0.19841399788856506,0.08402355015277863,0.2830030918121338,22.245342433452606,,,
amgtp_fixed_beta_hi,19,0.20452521741390228,0.22728313505649567,0.13662521541118622,0.17619049549102783,0.07463519275188446,0.38526615500450134,20.21835732460022,,,
amgtp_fixed_beta_hi,20,0.2125333920121193,0.15795832872390747,0.12385902553796768,0.15960828959941864,0.06704126298427582,0.49153241515159607,17.430926270782948,,,
amgtp_fixed_beta_hi,21,0.11007199808955193,0.1340111345052719,0.11284136772155762,0.14523504674434662,0.06134381517767906,0.5465688705444336,16.670585472136736,,,
amgtp_fixed_beta_hi,22,0.07718376815319061,0.12158550322055817,0.10335325449705124,0.13245727121829987,0.05744342878460884,0.5851607322692871,16.390209514647722,,,
amgtp_fixed_beta_hi,23,0.054176244884729385,0.11349283158779144,0.09600261598825455,0.1214565560221672,0.056799255311489105,0.6122487783432007,16.239019863307476,,,
amgtp_fixed_beta_hi,24,0.032042186707258224,0.10957004874944687,0.09235557913780212,0.11300552636384964,0.06131230667233467,0.6237570643424988,16.16736013069749,,,
amgtp_fixed_beta_hi,25,0.02680264785885811,0.11373414099216461,0.0970773845911026,0.1096535474061966,0.06582707911729813,0.6137070655822754,16.30277495831251,,,
amgtp_fixed_beta_hi,26,0.1369832307100296,0.13701008260250092,0.1296338438987732,0.12231284379959106,0.06477444618940353,0.5462681651115417,16.81835276633501,,,
amgtp_fixed_beta_hi,27,0.24810800701379776,0.16553933918476105,0.1786787509918213,0.16879265010356903,0.058482199907302856,0.42850637435913086,17.025881692767143,,,
amgtp_fixed_beta_hi,28,0.2065817415714264,0.24097508192062378,0.1363825649023056,0.1966480314731598,0.052491530776023865,0.37350261211395264,20.781308859586716,,,
amgtp_fixed_beta_hi,29,0.3307677246630192,0.40635937452316284,0.09619411081075668,0.1270139217376709,0.044936809688806534,0.32549646496772766,29.730306524783373,,,
amgtp_fixed_beta_hi,30,0.17177357897162437,0.492245614528656,0.08165355771780014,0.10017940402030945,0.03885296732187271,0.28706803917884827,34.20785196125507,,,
amgtp_fixed_beta_hi,31,0.09444202855229378,0.5394666790962219,0.07386705279350281,0.08990857005119324,0.035614144057035446,0.2611432373523712,36.61689784005284,,,
amgtp_fixed_beta_hi,32,0.0713077262043953,0.5751205086708069,0.06751962006092072,0.08213693648576736,0.0340568833053112,0.2411656677722931,38.43587848171592,,,
amgtp_fixed_beta_hi,33,0.04560459405183792,0.5956614017486572,0.0625341460108757,0.07616305351257324,0.03631891682744026,0.2293233573436737,39.49546683207154,,,
amgtp_fixed_beta_hi,34,0.022081661969423294,0.5982753038406372,0.058989014476537704,0.07193765044212341,0.044745009392499924,0.22605222463607788,39.64926640689373,,,
amgtp_fixed_beta_hi,35,0.017279215157032013,0.6011298298835754,0.05716666579246521,0.0695127621293068,0.05053015053272247,0.22165991365909576,39.79044459015131,,,
amgtp_fixed_beta_hi,36,0.03938732296228409,0.6206976175308228,0.05729249119758606,0.06840997189283371,0.042654670774936676,0.21094447374343872,40.75618478655815,,,
amgtp_fixed_beta_hi,37,0.04897373914718628,0.600602388381958,0.06963615119457245,0.07806778699159622,0.03826364129781723,0.2134304791688919,39.59585501253605,,,
amgtp_fixed_beta_hi,38,0.2517232932150364,0.4755089581012726,0.12554048001766205,0.1399432122707367,0.037494953721761703,0.22151190042495728,32.43953888490796,,,
amgtp_fixed_beta_hi,39,0.18936284258961678,0.38883060216903687,0.14167733490467072,0.21848811209201813,0.03566063195466995,0.21534349024295807,27.39141108840704,,,
amgtp_fixed_beta_hi,40,0.20473019033670425,0.35885462164878845,0.12073301523923874,0.16704317927360535,0.03662633150815964,0.31674274802207947,26.843922644853592,,,
amgtp_fixed_beta_hi,41,0.30622880905866623,0.3169485330581665,0.08422978967428207,0.09797141700983047,0.03099282830953598,0.46985697746276855,26.190003506839275,,,
amgtp_fixed_beta_hi,42,0.11695591732859612,0.2869804799556732,0.07294006645679474,0.08380679041147232,0.02793719246983528,0.5283348560333252,25.135437566787004,,,
amgtp_fixed_beta_hi,43,0.060344431549310684,0.26728060841560364,0.07037127017974854,0.0760115385055542,0.027829207479953766,0.5585073828697205,24.349150203168392,,,
amgtp_fixed_beta_hi,44,0.031314440071582794,0.25770798325538635,0.07440755516290665,0.0699271708726883,0.031839750707149506,0.5661180019378662,23.895198345184326,,,
amgtp_fixed_beta_hi,45,0.056614089757204056,0.2646222412586212,0.08452405035495758,0.06535758823156357,0.04311637207865715,0.5423808693885803,24.053078066557646,,,
amgtp_fixed_beta_hi,46,0.13441697508096695,0.31784722208976746,0.09206439554691315,0.062087785452604294,0.04955855756998062,0.4784412086009979,26.39424790069461,,,
amgtp_fixed_beta_hi,47,0.24285782501101494,0.42348116636276245,0.10786011815071106,0.06027702987194061,0.03769604116678238,0.3706863224506378,31.151041992008686,,,
amgtp_fixed_beta_hi,48,0.15569450519979,0.40684205293655396,0.18409407138824463,0.06188977509737015,0.03107563592493534,0.31609803438186646,29.42318850569427,,,
amgtp_fixed_beta_hi,49,0.21784497797489166,0.3345675766468048,0.2857365310192108,0.06916987150907516,0.028170207515358925,0.28235551714897156,24.71746943704784,,,
amgtp_fixed_beta_hi,50,0.23348329402506351,0.428371787071228,0.19049154222011566,0.09199053049087524,0.02828710898756981,0.2608589828014374,30.018805880099535,,,
amgtp_fixed_beta_hi,51,0.2583041451871395,0.5575236082077026,0.11426521837711334,0.07101015746593475,0.025006115436553955,0.23219434916973114,37.20447587966919,,,
amgtp_fixed_beta_hi,52,0.11714026890695095,0.616094172000885,0.09844706952571869,0.05473567172884941,0.022020263597369194,0.20870313048362732,40.304290076717734,,,
amgtp_fixed_beta_hi,53,0.07069619372487068,0.6514419317245483,0.08915635943412781,0.048617951571941376,0.020649952813982964,0.19013343751430511,42.127943912521005,,,
amgtp_fixed_beta_hi,54,0.052893366664648056,0.6776853203773499,0.08116769045591354,0.04544545337557793,0.020853465422987938,0.17484813928604126,43.47247148118913,,,
amgtp_fixed_beta_hi,55,0.03593948483467102,0.691907525062561,0.07412739843130112,0.04520956426858902,0.02460050769150257,0.1641540825366974,44.19456830434501,,,
amgtp_fixed_beta_hi,56,0.02275143377482891,0.6922337412834167,0.06799010932445526,0.04792305827140808,0.03293678164482117,0.1589159220457077,44.20116414129734,,,
amgtp_fixed_beta_hi,57,0.015195067971944809,0.6941336989402771,0.06279885023832321,0.05035362392663956,0.03620333597064018,0.1565091907978058,44.30643368139863,,,
amgtp_fixed_beta_hi,58,0.022501930594444275,0.7037952542304993,0.058863233774900436,0.05194371938705444,0.03027220070362091,0.1551256626844406,44.826074328273535,,,
amgtp_fixed_beta_hi,59,0.06537234596908092,0.6735630035400391,0.059106480330228806,0.06918857246637344,0.027818435803055763,0.17032389342784882,43.25971596874297,,,
amgtp_fixed_beta_hi,60,0.2717002835124731,0.5377126932144165,0.06979060173034668,0.169523686170578,0.02819046750664711,0.19478259980678558,35.7654129229486,,,
amgtp_fixed_beta_hi,61,0.21795290522277355,0.43782109022140503,0.07681633532047272,0.2714743912220001,0.027350908145308495,0.18653729557991028,29.963483417406678,,,
amgtp_fixed_beta_hi,62,0.2682516761124134,0.3972761631011963,0.08504070341587067,0.1778935194015503,0.03086831606924534,0.3089213967323303,28.99626881442964,,,
amgtp_fixed_beta_hi,63,0.30663691461086273,0.35007646679878235,0.06524007022380829,0.0982833132147789,0.024160044267773628,0.46223950386047363,28.005151381716132,,,
amgtp_fixed_beta_hi,64,0.0991483312100172,0.3181217312812805,0.062130991369485855,0.08579196035861969,0.022141791880130768,0.5118144154548645,26.727205108851194,,,
amgtp_fixed_beta_hi,65,0.062258923426270485,0.29470914602279663,0.07757890969514847,0.0780741348862648,0.023958345875144005,0.5256784558296204,25.521556878462434,,,
amgtp_fixed_beta_hi,66,0.12181144393980503,0.2806312143802643,0.13107070326805115,0.07176177203655243,0.03137236833572388,0.4851631224155426,24.19611917436123,,,
amgtp_fixed_beta_hi,67,0.031038466840982437,0.2708596885204315,0.13727563619613647,0.06601451337337494,0.04059368744492531,0.485256552696228,23.664648037403822,,,
amgtp_fixed_beta_hi,68,0.08787805214524269,0.26862698793411255,0.10138265043497086,0.060825079679489136,0.03996986895799637,0.5291956663131714,24.090005576610565,,,
amgtp_fixed_beta_hi,69,0.0706094242632389,0.30393174290657043,0.09593169391155243,0.05753480643033981,0.03406247869133949,0.508539617061615,25.862432677298784,,,
amgtp_fixed_beta_hi,70,0.1730037610977888,0.3713839054107666,0.11430487781763077,0.05821099504828453,0.029957326129078865,0.42614254355430603,28.747669080272317,,,
amgtp_fixed_beta_hi,71,0.12998670525848866,0.3857947885990143,0.156119242310524,0.06697945296764374,0.028526749461889267,0.3625801205635071,28.780553851276636,,,
amgtp_fixed_beta_hi,72,0.0860731266438961,0.4039766490459442,0.16347773373126984,0.08378633856773376,0.02921626716852188,0.3195437490940094,29.33156204968691,,,
amgtp_fixed_beta_hi,73,0.22008860297501087,0.5140209794044495,0.1067839115858078,0.07381516695022583,0.02756795845925808,0.27781277894973755,35.251842791214585,,,
amgtp_fixed_beta_hi,74,0.1509819906204939,0.5895115733146667,0.08369307219982147,0.056971222162246704,0.024185635149478912,0.24563848972320557,39.2335394397378,,,
amgtp_fixed_beta_hi,75,0.0788856502622366,0.6289545297622681,0.07452631741762161,0.0505368635058403,0.022863464429974556,0.2231190800666809,41.24712006561458,,,
amgtp_fixed_beta_hi,76,0.05164777860045433,0.653601348400116,0.06819791346788406,0.04838726669549942,0.024040428921580315,0.20577308535575867,42.478546814993024,,,
amgtp_fixed_beta_hi,77,0.028975175693631172,0.657249927520752,0.06395640224218369,0.051976922899484634,0.031289879232645035,0.1955271065235138,42.61129146814346,,,
amgtp_fixed_beta_hi,78,0.04682432860136032,0.6384645700454712,0.06159447133541107,0.06068788096308708,0.045990895479917526,0.1932620406150818,41.57913715392351,,,
amgtp_fixed_beta_hi,79,0.04214521497488022,0.6595372557640076,0.058721303939819336,0.057199783623218536,0.03833962231874466,0.1862020492553711,42.67776204645634,,,
amgtp_fixed_beta_hi,80,0.05297727882862091,0.6860257983207703,0.05717993155121803,0.05143045634031296,0.028178561478853226,0.1771850734949112,44.0508601590991,,,
amgtp_fixed_beta_hi,81,0.03697648271918297,0.6701669096946716,0.06482111662626266,0.05541202425956726,0.025549594312906265,0.18405094742774963,43.1966321952641,,,
amgtp_fixed_beta_hi,82,0.22588167898356915,0.5572265386581421,0.10916533321142197,0.08651571720838547,0.026935571804642677,0.22015836834907532,37.07307096384466,,,
amgtp_fixed_beta_hi,83,0.20201019383966923,0.45622074604034424,0.13755373656749725,0.13013550639152527,0.0295536108314991,0.24653653800487518,31.559591826051474,,,
amgtp_fixed_beta_hi,84,0.23494590818881989,0.40611982345581055,0.09862594306468964,0.10169091820716858,0.0321478433907032,0.36141490936279297,30.055731739848852,,,
amgtp_fixed_beta_hi,85,0.23630284145474434,0.3591172695159912,0.07027610391378403,0.06435851752758026,0.026681669056415558,0.4795667827129364,28.711094468832016,,,
amgtp_fixed_beta_hi,86,0.09938633628189564,0.32866132259368896,0.062137410044670105,0.05533280968666077,0.024608520790934563,0.5292596220970154,27.529709549620748,,,
amgtp_fixed_beta_hi,87,0.04715949669480324,0.31127750873565674,0.059678658843040466,0.05159517005085945,0.02636595629155636,0.5510814785957336,26.79081708751619,,,
amgtp_fixed_beta_hi,88,0.022136935964226723,0.3116234242916107,0.06279841810464859,0.05093887820839882,0.03396918624639511,0.5406697392463684,26.72018116340041,,,
amgtp_fixed_beta_hi,89,0.13419245183467865,0.34839755296707153,0.07242042571306229,0.05407298728823662,0.05153530836105347,0.4735736548900604,28.129270892590284,,,
amgtp_fixed_beta_hi,90,0.24360370635986328,0.46527326107025146,0.07694708555936813,0.05447237566113472,0.04487066715955734,0.35843634605407715,33.48896339163184,,,
amgtp_fixed_beta_hi,91,0.17092763632535934,0.549322783946991,0.07836130261421204,0.05055767670273781,0.03007277101278305,0.2916850447654724,37.48350139334798,,,
amgtp_fixed_beta_hi,92,0.13589594140648842,0.5132467150688171,0.1405811607837677,0.05628623068332672,0.026753753423690796,0.26313260197639465,34.97537545859814,,,
amgtp_fixed_beta_hi,93,0.33557712845504284,0.3706747591495514,0.295139342546463,0.06951615959405899,0.025177204981446266,0.23949208855628967,26.273303044959903,,,
amgtp_fixed_beta_hi,94,0.1254328079521656,0.362021803855896,0.25741466879844666,0.12973470985889435,0.027675455436110497,0.2231537103652954,25.6858071628958,,,
amgtp_fixed_beta_hi,95,0.27913407050073147,0.49023404717445374,0.13307730853557587,0.13619458675384521,0.03257007524371147,0.2079237401485443,33.094626788049936,,,
amgtp_fixed_beta_hi,96,0.25047638826072216,0.6154726147651672,0.10461576282978058,0.06906341761350632,0.025805523619055748,0.18504318594932556,40.01140617020428,,,
amgtp_fixed_beta_hi,97,0.08891470544040203,0.659929633140564,0.09421494603157043,0.057040903717279434,0.021675284951925278,0.16713906824588776,42.35278959572315,,,
amgtp_fixed_beta_hi,98,0.05992413870990276,0.6898913383483887,0.08567596226930618,0.05145026743412018,0.01998818852007389,0.1529933512210846,43.91533130221069,,,
amgtp_fixed_beta_hi,99,0.0488058440387249,0.7142946720123291,0.07800132036209106,0.046997614204883575,0.019315047189593315,0.14139127731323242,45.191357696428895,,,
amgtp_fixed_beta_hi,100,0.03988332487642765,0.7340682744979858,0.07106520980596542,0.04320723935961723,0.01948269084095955,0.13217568397521973,46.23162180930376,,,
amgtp_fixed_beta_hi,101,0.031455300748348236,0.7487741112709045,0.06486757844686508,0.04020782932639122,0.020505409687757492,0.1256459802389145,47.01451933383942,,,
amgtp_fixed_beta_hi,102,0.019012082368135452,0.7568404674530029,0.059588491916656494,0.038609493523836136,0.021945036947727203,0.12301730364561081,47.46170252934098,,,
amgtp_fixed_beta_hi,103,0.028947411105036736,0.7455720901489258,0.05638223886489868,0.041444700211286545,0.025043314322829247,0.13155660033226013,46.93213735334575,,,
amgtp_fixed_beta_hi,104,0.13706293515861034,0.6770413517951965,0.05935864895582199,0.06106231361627579,0.032349586486816406,0.17018850147724152,43.47411282360554,,,
amgtp_fixed_beta_hi,105,0.22798846289515495,0.5630468130111694,0.06985750049352646,0.10491426289081573,0.041877005249261856,0.2203042060136795,37.544806990772486,,,
amgtp_fixed_beta_hi,106,0.13867734745144844,0.5039839744567871,0.07583820819854736,0.09463843703269958,0.04459579288959503,0.2809433937072754,34.84417004883289,,,
amgtp_fixed_beta_hi,107,0.1254541538655758,0.4795929491519928,0.08129794150590897,0.06625912338495255,0.0346391387283802,0.3382108211517334,34.03307772800326,,,
amgtp_fixed_beta_hi,108,0.09256680682301521,0.4751279652118683,0.12758119404315948,0.05792407691478729,0.028712689876556396,0.3106537461280823,33.359172612428665,,,
amgtp_fixed_beta_hi,109,0.37124465219676495,0.4075395166873932,0.3132036030292511,0.052517086267471313,0.024837182834744453,0.20190244913101196,27.923620430752635,,,
amgtp_fixed_beta_hi,110,0.13533605821430683,0.36982864141464233,0.3808719515800476,0.05046870559453964,0.023951970040798187,0.17487920820713043,25.33796925842762,,,
amgtp_fixed_beta_hi,111,0.22831157222390175,0.4388517141342163,0.2667156457901001,0.06032754108309746,0.03335195034742355,0.20075258612632751,29.82280097529292,,,
amgtp_fixed_beta_hi,112,0.2859969101846218,0.5818504095077515,0.14746634662151337,0.04926475137472153,0.030889272689819336,0.19052913784980774,38.08991800993681,,,
amgtp_fixed_beta_hi,113,0.1340467780828476,0.6488739252090454,0.12907658517360687,0.04039965569972992,0.02345087379217148,0.15819913148880005,41.56165502220392,,,
amgtp_fixed_beta_hi,114,0.06887803971767426,0.6833131313323975,0.11718106269836426,0.03643948212265968,0.020713958889245987,0.1423529088497162,43.36322582513094,,,
amgtp_fixed_beta_hi,115,0.04381016455590725,0.7052183151245117,0.1066262274980545,0.03416651487350464,0.01964728720486164,0.13434240221977234,44.540549321100116,,,
amgtp_fixed_beta_hi,116,0.025611087679862976,0.7176771759986877,0.09708116948604584,0.033440981060266495,0.019993847236037254,0.1318073272705078,45.24329418502748,,,
amgtp_fixed_beta_hi,117,0.020831206813454628,0.7261491417884827,0.08842691779136658,0.03392339125275612,0.021454572677612305,0.13004547357559204,45.72996423766017,,,
amgtp_fixed_beta_hi,118,0.023802943527698517,0.7351076602935791,0.08064159005880356,0.03547884523868561,0.02284211292862892,0.12592937052249908,46.216443721204996,,,
amgtp_fixed_beta_hi,119,0.023958580568432808,0.7298036813735962,0.07396656274795532,0.04242252558469772,0.02436850033700466,0.1294388771057129,45.97217880375683,,,
amgtp_hidden8,4,,0.20000606775283813,0.20000606775283813,0.20000606775283813,0.20000606775283813,0.20000606775283813,17.00051575899124,,,
amgtp_hidden8,5,0.24476468563079834,0.198079451918602,0.08338861167430878,0.3223734498023987,0.198079451918602,0.198079451918602,17.094944566488266,,,
amgtp_hidden8,6,0.44147683307528496,0.27165865898132324,0.05468680337071419,0.13033604621887207,0.27165865898132324,0.27165865898132324,22.450046319514513,,,
amgtp_hidden8,7,0.13153806701302528,0.2935817539691925,0.04566475749015808,0.07358931005001068,0.2935817539691925,0.2935817539691925,24.046554759144783,,,
amgtp_hidden8,8,0.013353250920772552,0.29185566306114197,0.05234141647815704,0.0720909908413887,0.29185566306114197,0.29185566306114197,23.908923096954823,,,
amgtp_hidden8,9,0.13053800910711288,0.281655877828598,0.08961448073387146,0.10008735954761505,0.24698665738105774,0.281655877828598,22.961318120360374,,,
amgtp_hidden8,10,0.15429451316595078,0.24946656823158264,0.1475367695093155,0.11931224912405014,0.23421794176101685,0.24946656823158264,20.6055251583457,,,
amgtp_hidden8,11,0.03765782713890076,0.24144917726516724,0.16294722259044647,0.12273072451353073,0.23142382502555847,0.24144917726516724,20.018345288932323,,,
amgtp_hidden8,12,0.015828855335712433,0.24343536794185638,0.15503330528736115,0.12429817020893097,0.23379893600940704,0.24343536794185638,20.178737595677376,,,
amgtp_hidden8,13,0.013556376099586487,0.24135862290859222,0.16181118786334991,0.12365126609802246,0.23182083666324615,0.24135862290859222,20.016048938035965,,,
amgtp_hidden8,14,0.21678794920444489,0.20879247784614563,0.2702047526836395,0.11204202473163605,0.20016798377037048,0.20879247784614563,17.458150073885918,,,
amgtp_hidden8,15,0.2896484136581421,0.16194912791252136,0.41502922773361206,0.10893945395946503,0.15213331580162048,0.16194912791252136,13.791016265749931,,,
amgtp_hidden8,16,0.3294827342033386,0.21070562303066254,0.2502877414226532,0.1303320974111557,0.19795122742652893,0.21072332561016083,17.619406566023827,,,
amgtp_hidden8,17,0.03733848035335541,0.21627597510814667,0.2316182255744934,0.13400134444236755,0.2018321305513382,0.2162717878818512,18.05081070959568,,,
amgtp_hidden8,18,0.011729702353477478,0.218764990568161,0.22644104063510895,0.1348826140165329,0.20114459097385406,0.2187664806842804,18.227731183171272,,,
amgtp_hidden8,19,0.015845254063606262,0.2220926135778427,0.2216479480266571,0.1337190717458725,0.19917848706245422,0.22336137294769287,18.469670608639717,,,
amgtp_hidden8,20,0.026969358325004578,0.22466634213924408,0.2128375619649887,0.13341526687145233,0.19480836391448975,0.23427268862724304,18.73654007911682,,,
amgtp_hidden8,21,0.059493452310562134,0.22036655247211456,0.1955575793981552,0.14027079939842224,0.18664126098155975,0.25716373324394226,18.745144218206406,,,
amgtp_hidden8,22,0.11737330257892609,0.20309565961360931,0.16680987179279327,0.1725573092699051,0.17397348582744598,0.28356415033340454,18.057933881878853,,,
amgtp_hidden8,23,0.1667437106370926,0.1885138303041458,0.13450941443443298,0.1558048576116562,0.15423627197742462,0.3669359087944031,18.129510432481766,,,
amgtp_hidden8,24,0.319313183426857,0.178777277469635,0.10126740485429764,0.08730308711528778,0.10605982691049576,0.5265923142433167,19.204524502158165,,,
amgtp_hidden8,25,0.14268048852682114,0.22663123905658722,0.0811106264591217,0.06306050717830658,0.07911891490221024,0.5500785708427429,22.123098887503147,,,
amgtp_hidden8,26,0.24471644312143326,0.34898966550827026,0.07616875320672989,0.055746980011463165,0.07027451694011688,0.4488203525543213,27.95819617807865,,,
amgtp_hidden8,27,0.17695307731628418,0.43361416459083557,0.08002059161663055,0.053858138620853424,0.06832649558782578,0.36418047547340393,31.83525700867176,,,
amgtp_hidden8,28,0.1449313685297966,0.5025692582130432,0.08353111892938614,0.04990120977163315,0.06448570638895035,0.29951244592666626,35.03196442872286,,,
amgtp_hidden8,29,0.15660835430026054,0.5808737874031067,0.08125656098127365,0.04258051887154579,0.05780045688152313,0.23748911917209625,38.79087622836232,,,
amgtp_hidden8,30,0.10644614323973656,0.6292165517807007,0.08613625168800354,0.03664333000779152,0.05329751595854759,0.1947055608034134,41.04801981151104,,,
amgtp_hidden8,31,0.5168432183563709,0.3707953691482544,0.2976725101470947,0.046726588159799576,0.05871745944023132,0.22608813643455505,26.261830549687147,,,
amgtp_hidden8,32,0.37666474655270576,0.19822581112384796,0.4359836280345917,0.056013453751802444,0.04295487329363823,0.2668227553367615,16.533775344491005,,,
amgtp_hidden8,33,0.6391625143587589,0.1681603193283081,0.15352872014045715,0.06838590651750565,0.03589363023638725,0.5740311741828918,18.735997449606657,,,
amgtp_hidden8,34,0.23922936990857124,0.14179611206054688,0.0944681316614151,0.04276324808597565,0.027326375246047974,0.6936458349227905,18.632850915193558,,,
amgtp_hidden8,35,0.10832235962152481,0.12004216760396957,0.07813499867916107,0.031332917511463165,0.022682733833789825,0.7478071451187134,18.00274297595024,,,
amgtp_hidden8,36,0.06013207137584686,0.1059986874461174,0.06880506873130798,0.027138451114296913,0.020184790715575218,0.7778733968734741,17.541662760078907,,,
amgtp_hidden8,37,0.022556055337190628,0.09946856647729874,0.06450953334569931,0.027464168146252632,0.019732223823666573,0.788825511932373,17.29669876024127,,,
amgtp_hidden8,38,0.013669243082404137,0.09541994333267212,0.06172425299882889,0.032521408051252365,0.02124168537557125,0.7890941500663757,17.080494975671172,,,
amgtp_hidden8,39,0.036881113424897194,0.09055367112159729,0.05787856504321098,0.045899104326963425,0.02630399540066719,0.7793650031089783,16.724034156650305,,,
amgtp_hidden8,40,0.04289432242512703,0.08673802018165588,0.05328519642353058,0.05859805643558502,0.03505183011293411,0.7663264870643616,16.40729420632124,,,
amgtp_hidden8,41,0.017658904194831848,0.08767968416213989,0.049515578895807266,0.05370446667075157,0.03488599509000778,0.7742146849632263,16.55461758375168,,,
amgtp_hidden8,42,0.022426560521125793,0.09889290481805801,0.04782656207680702,0.05262516811490059,0.030003659427165985,0.7706519961357117,17.138429917395115,,,
amgtp_hidden8,43,0.10577025823295116,0.1287788301706314,0.050872981548309326,0.07257834821939468,0.028372542932629585,0.7193983793258667,18.26552294753492,,,
amgtp_hidden8,44,0.24141235649585724,0.16829551756381989,0.06213895231485367,0.14159931242465973,0.029274599626660347,0.5986917018890381,19.17127396725118,,,
amgtp_hidden8,45,0.2135210819542408,0.26551979780197144,0.07017949968576431,0.1308135837316513,0.030770322307944298,0.5027168989181519,23.64723696000874,,,
amgtp_hidden8,46,0.41892735101282597,0.4749833941459656,0.051467858254909515,0.061874520033597946,0.023588180541992188,0.3880859911441803,34.33441620692611,,,
amgtp_hidden8,47,0.21921171993017197,0.5845892429351807,0.03955342248082161,0.0452880896627903,0.0183994360268116,0.31216973066329956,39.74994454905391,,,
amgtp_hidden8,48,0.09876715950667858,0.6339730024337769,0.03643322363495827,0.03922058269381523,0.01711609773337841,0.27325737476348877,42.13789104856551,,,
amgtp_hidden8,49,0.05297658406198025,0.6559669375419617,0.03913415968418121,0.035880010575056076,0.018909268081188202,0.25010940432548523,43.13868698105216,,,
amgtp_hidden8,50,0.04376423731446266,0.6596617102622986,0.049731820821762085,0.03335649520158768,0.026498667895793915,0.23075051605701447,43.1455018222332,,,
amgtp_hidden8,51,0.04817631654441357,0.6592500805854797,0.06272873282432556,0.03098847158253193,0.03759050369262695,0.209442600607872,42.9060289170593,,,
amgtp_hidden8,52,0.049432409927248955,0.6738467216491699,0.07284838706254959,0.029652681201696396,0.03343483805656433,0.19021794199943542,43.48970478400588,,,
amgtp_hidden8,53,0.2225759420543909,0.5669353604316711,0.1662241667509079,0.03742225468158722,0.029057921841740608,0.2003602534532547,37.30306155793369,,,
amgtp_hidden8,54,0.4716374147683382,0.3381726145744324,0.38281986117362976,0.054804980754852295,0.022001683712005615,0.2022002637386322,23.82240715622902,,,
amgtp_hidden8,55,0.40090777166187763,0.29698196053504944,0.22405114769935608,0.13002650439739227,0.02150791697204113,0.32743337750434875,23.16767099685967,,,
amgtp_hidden8,56,0.35199067182838917,0.2710902690887451,0.11298053711652756,0.09461956471204758,0.01788150891661644,0.5034283995628357,23.835423532873392,,,
amgtp_hidden8,57,0.1261114776134491,0.25954556465148926,0.10212740302085876,0.05592533200979233,0.015917617827653885,0.5664839148521423,23.88483541086316,,,
amgtp_hidden8,58,0.020248197950422764,0.2569795846939087,0.10079190135002136,0.05005783587694168,0.01556242536753416,0.5766079425811768,23.85118866432458,,,
amgtp_hidden8,59,0.013750935904681683,0.2615375220775604,0.10253685712814331,0.050167907029390335,0.016025537624955177,0.5697330832481384,24.033733831718564,,,
amgtp_hidden8,60,0.009789973497390747,0.26408877968788147,0.10349328815937042,0.050806447863578796,0.01677401177585125,0.5648378133773804,24.12638688273728,,,
amgtp_hidden8,61,0.022009313106536865,0.2566535174846649,0.10045203566551208,0.05027872323989868,0.017937881872057915,0.5746790170669556,23.821570666506886,,,
amgtp_hidden8,62,0.05019287019968033,0.23964230716228485,0.09334778785705566,0.04929701238870621,0.021220846101641655,0.5964917540550232,23.11920773424208,,,
amgtp_hidden8,63,0.047632478177547455,0.2234647572040558,0.08570944517850876,0.05014869570732117,0.026686599478125572,0.6139909029006958,22.42671980150044,,,
amgtp_hidden8,64,0.030138516798615456,0.2289048433303833,0.08490278571844101,0.05721242353320122,0.029252026230096817,0.5997282862663269,22.591790847480297,,,
amgtp_hidden8,65,0.07142745889723301,0.24268965423107147,0.08568910509347916,0.07761290669441223,0.02999419905245304,0.5640146136283875,22.9860710632056,,,
amgtp_hidden8,66,0.1415854524821043,0.24917729198932648,0.0864550918340683,0.1396263837814331,0.03151969611644745,0.4932217597961426,22.581714272499084,,,
amgtp_hidden8,67,0.10270728170871735,0.2781541049480438,0.08980201929807663,0.15588828921318054,0.03428751975297928,0.4418679475784302,23.672877088189125,,,
amgtp_hidden8,68,0.22101038321852684,0.38865965604782104,0.08497434854507446,0.0928218811750412,0.03150080516934395,0.4020439088344574,29.532139714807272,,,
amgtp_hidden8,69,0.18223225511610508,0.47977563738822937,0.0743253082036972,0.07103215903043747,0.02554539032280445,0.34932181239128113,34.14328313432634,,,
amgtp_hidden8,70,0.09671070985496044,0.528130829334259,0.07117374986410141,0.06273920834064484,0.023674163967370987,0.31428202986717224,36.512908700853586,,,
amgtp_hidden8,71,0.04305701330304146,0.5418985486030579,0.07735583186149597,0.0588400773704052,0.025253038853406906,0.29665282368659973,37.09769978374243,,,
amgtp_hidden8,72,0.04630020074546337,0.5439447164535522,0.09278398752212524,0.05472422391176224,0.030929064378142357,0.2776188254356384,36.99680665321648,,,
amgtp_hidden8,73,0.07295910455286503,0.5732550024986267,0.09510836005210876,0.04856693372130394,0.03577345982193947,0.2472960650920868,38.348668441176414,,,
amgtp_hidden8,74,0.08894053846597672,0.6177251935005188,0.08875477313995361,0.043366819620132446,0.03160407394170761,0.21854880452156067,40.56327862292528,,,
amgtp_hidden8,75,0.06857010163366795,0.5894565582275391,0.12125243246555328,0.04515446349978447,0.028347531333565712,0.21578918397426605,38.843590611591935,,,
amgtp_hidden8,76,0.40816766396164894,0.38725724816322327,0.2898721396923065,0.061595719307661057,0.026463186368346214,0.23481222987174988,27.182707710191607,,,
amgtp_hidden8,77,0.2616789173334837,0.31798645853996277,0.22830313444137573,0.10943926125764847,0.026910804212093353,0.31736019253730774,24.26722675561905,,,
amgtp_hidden8,78,0.3145780973136425,0.28657010197639465,0.11875005811452866,0.09573525190353394,0.024295654147863388,0.47464969754219055,24.41532727703452,,,
amgtp_hidden8,79,0.11475718207657337,0.2798941135406494,0.10604997724294662,0.061011962592601776,0.021016331389546394,0.5320281982421875,24.678241772577167,,,
amgtp_hidden8,80,0.022983165457844734,0.28863558173179626,0.10879995673894882,0.057814691215753555,0.020900655537843704,0.5238494277000427,25.08057551085949,,,
amgtp_hidden8,81,0.022300349548459053,0.29578685760498047,0.11143210530281067,0.058593619614839554,0.021487874910235405,0.5126986503601074,25.36262064985931,,,
amgtp_hidden8,82,0.004153870046138763,0.29440924525260925,0.11084816604852676,0.05847857519984245,0.022042429074645042,0.5142213702201843,25.304234793409705,,,
amgtp_hidden8,83,0.042586976662278175,0.28047415614128113,0.10539707541465759,0.05657145008444786,0.02304954081773758,0.5345079302787781,24.748018603771925,,,
amgtp_hidden8,84,0.08531905151903629,0.2522338628768921,0.09400597214698792,0.05354324355721474,0.02696734108030796,0.5732495784759521,23.602932961657643,,,
amgtp_hidden8,85,0.05724366568028927,0.2328421175479889,0.0847756639122963,0.053561899811029434,0.031321875751018524,0.5974979996681213,22.800213541835546,,,
amgtp_hidden8,86,0.03278460539877415,0.2414271980524063,0.08424723148345947,0.0613694004714489,0.030878541991114616,0.5820777416229248,23.119225492700934,,,
amgtp_hidden8,87,0.10325420089066029,0.2621258497238159,0.08749643713235855,0.08904848992824554,0.03064408153295517,0.5306849479675293,23.726290732622147,,,
amgtp_hidden8,88,0.17147272638976574,0.2678848206996918,0.0911937728524208,0.16504791378974915,0.030924862250685692,0.4449487328529358,23.105183051899076,,,
amgtp_hidden8,89,0.10700934194028378,0.3138526678085327,0.0954330563545227,0.1601654589176178,0.034222010523080826,0.39632612466812134,25.195209320634604,,,
amgtp_hidden8,90,0.2612094581127167,0.44445791840553284,0.08439737558364868,0.09138869494199753,0.03079802915453911,0.3489583432674408,32.127041574567556,,,
amgtp_hidden8,91,0.20161802135407925,0.5452664494514465,0.07073163986206055,0.06884287297725677,0.02483181469142437,0.29032662510871887,37.23164268024266,,,
amgtp_hidden8,92,0.09521858021616936,0.5928764939308167,0.06765618920326233,0.05985281243920326,0.02298472635447979,0.25663068890571594,39.57352699153125,,,
amgtp_hidden8,93,0.03297467529773712,0.597262978553772,0.07736276835203171,0.05643342062830925,0.02537822537124157,0.24356196820735931,39.669956875965,,,
amgtp_hidden8,94,0.05480143986642361,0.5844295024871826,0.0970388725399971,0.0534086599946022,0.03310300409793854,0.23201964795589447,38.80303110182285,,,
amgtp_hidden8,95,0.057599205523729324,0.6079385876655579,0.09448748826980591,0.04833368957042694,0.038393858820199966,0.21084673702716827,39.936415147036314,,,
amgtp_hidden8,96,0.10352646186947823,0.6597017645835876,0.08062025159597397,0.04305621236562729,0.03020399808883667,0.18641802668571472,42.61317512392998,,,
amgtp_hidden8,97,0.025202753022313118,0.6628899574279785,0.09003354609012604,0.042771611362695694,0.025204861536622047,0.17910049855709076,42.67558683641255,,,
amgtp_hidden8,98,0.31984963454306126,0.5029646754264832,0.19585007429122925,0.06335177272558212,0.02653650939464569,0.21129651367664337,33.70769267529249,,,
amgtp_hidden8,99,0.2505542505532503,0.37768781185150146,0.21098826825618744,0.1206696555018425,0.02816254086792469,0.26249179244041443,27.106288826093078,,,
amgtp_hidden8,100,0.2797161117196083,0.3364655673503876,0.11235231161117554,0.12234412878751755,0.028274262323975563,0.400563508272171,26.473127691075206,,,
amgtp_hidden8,101,0.14395391196012497,0.3352154791355133,0.09554674476385117,0.07237894833087921,0.02431844361126423,0.4725407660007477,27.211412167176604,,,
amgtp_hidden8,102,0.04852000251412392,0.35488346219062805,0.10013890266418457,0.06894808262586594,0.023946119472384453,0.45208409428596497,28.096791038289666,,,
amgtp_hidden8,103,0.031824737787246704,0.36579397320747375,0.10313425958156586,0.07029949128627777,0.024600988253951073,0.4361715018749237,28.540279069915414,,,
amgtp_hidden8,104,0.01179938018321991,0.3617953360080719,0.10190083831548691,0.06963151693344116,0.025111211463809013,0.44156062602996826,28.376142794266343,,,
amgtp_hidden8,105,0.06733927875757217,0.3386693000793457,0.09499877691268921,0.06599051505327225,0.026592707261443138,0.4737493097782135,27.43176761455834,,,
amgtp_hidden8,106,0.10926175303757191,0.3009287416934967,0.08303222060203552,0.06106659024953842,0.032999180257320404,0.5219735503196716,25.8605804592371,,,
amgtp_hidden8,107,0.011543408036231995,0.30051884055137634,0.0804641991853714,0.06329719722270966,0.036540210247039795,0.5191797018051147,25.825783520936966,,,
amgtp_hidden8,108,0.06205015257000923,0.32193148136138916,0.08333388715982437,0.07004009932279587,0.03281847760081291,0.4918765127658844,26.725343588739634,,,
amgtp_hidden8,109,0.07425977289676666,0.3380242586135864,0.08659917116165161,0.0878116637468338,0.03131870552897453,0.45624613761901855,27.23816654458642,,,
amgtp_hidden8,110,0.14339372143149376,0.32721614837646484,0.09292817860841751,0.15288563072681427,0.03161296248435974,0.39535775780677795,25.94085332006216,,,
amgtp_hidden8,111,0.07519937679171562,0.3569973409175873,0.09720136225223541,0.15262259542942047,0.035158250480890274,0.358021080493927,27.233312483876944,,,
amgtp_hidden8,112,0.22258922457695007,0.4682918190956116,0.08481137454509735,0.09083449095487595,0.03292691335082054,0.32313576340675354,33.20921307429671,,,
amgtp_hidden8,113,0.1871349774301052,0.5618593096733093,0.07008746266365051,0.07039494812488556,0.026540569961071014,0.27111807465553284,37.974267922341824,,,
amgtp_hidden8,114,0.09409681521356106,0.6089072823524475,0.0646202564239502,0.06161228567361832,0.02418101765215397,0.24067865312099457,40.32266232185066,,,
amgtp_hidden8,115,0.01626100018620491,0.6118050813674927,0.06830217689275742,0.05943640321493149,0.02573203109204769,0.2347242683172226,40.42118024267256,,,
amgtp_hidden8,116,0.029128042981028557,0.6021984219551086,0.07737928628921509,0.057586919516325,0.03121905028820038,0.23161649703979492,39.84320967271924,,,
amgtp_hidden8,117,0.04506335034966469,0.6109853386878967,0.0838501900434494,0.05181709676980972,0.03849276900291443,0.21485450863838196,40.17583430558443,,,
amgtp_hidden8,118,0.07205383852124214,0.6432164907455444,0.0876460075378418,0.04492976516485214,0.032654713839292526,0.1915530264377594,41.72575011476874,,,
amgtp_hidden8,119,0.10915554687380791,0.5949540138244629,0.13912340998649597,0.04541945457458496,0.02633962780237198,0.19416391849517822,38.87529485672712,,,
amgtp_hidden16,4,,0.20000606775283813,0.20000606775283813,0.20000606775283813,0.20000606775283813,0.20000606775283813,17.00051575899124,,,
amgtp_hidden16,5,0.24492955207824707,0.19809193909168243,0.08326832950115204,0.322455495595932,0.19809193909168243,0.19809193909168243,17.096081882715225,,,
amgtp_hidden16,6,0.44464582577347755,0.27219951152801514,0.05388396605849266,0.12951675057411194,0.27219951152801514,0.27219951152801514,22.490594651550055,,,
amgtp_hidden16,7,0.12341192737221718,0.2927681803703308,0.0466683954000473,0.07502640038728714,0.2927681803703308,0.2927681803703308,23.985970206558704,,,
amgtp_hidden16,8,0.06974775344133377,0.28114384412765503,0.06446940451860428,0.09210013598203659,0.28114384412765503,0.28114384412765503,23.11342118680477,,,
amgtp_hidden16,9,0.15622588992118835,0.2579957842826843,0.0968039482831955,0.13787803053855896,0.24932651221752167,0.2579957842826843,21.347411662340164,,,
amgtp_hidden16,10,0.02635103464126587,0.2518746256828308,0.10206486284732819,0.1457929164171219,0.24839359521865845,0.2518746256828308,20.916921079158783,,,
amgtp_hidden16,11,0.005710624158382416,0.25069642066955566,0.10450302809476852,0.14620989561080933,0.2478945255279541,0.25069642066955566,20.829929523169994,,,
amgtp_hidden16,12,0.01262238621711731,0.2489268183708191,0.11081401258707047,0.1452943980693817,0.2460378259420395,0.2489268183708191,20.689546547830105,,,
amgtp_hidden16,13,0.09964551776647568,0.2358228713274002,0.16063706576824188,0.1375674605369568,0.23015019297599792,0.2358228713274002,19.635283276438713,,,
amgtp_hidden16,14,0.41043681651353836,0.20232559740543365,0.36585476994514465,0.10881979018449783,0.1206732988357544,0.20232559740543365,16.50912144035101,,,
amgtp_hidden16,15,0.5529064647853374,0.3343312740325928,0.16834470629692078,0.12126210331916809,0.041730593889951706,0.33433130383491516,25.564759869128466,,,
amgtp_hidden16,16,0.4154596272855997,0.2605205178260803,0.11897551268339157,0.32899209856987,0.019817138090729713,0.271695077419281,20.679633928462863,,,
amgtp_hidden16,17,0.18602007627487183,0.3048251271247864,0.0553218238055706,0.30311524868011475,0.016337787732481956,0.3204006552696228,23.85414888523519,,,
amgtp_hidden16,18,0.5349284363910556,0.42154383659362793,0.023730507120490074,0.07011090219020844,0.013468609191477299,0.47114554047584534,32.21701124031097,,,
amgtp_hidden16,19,0.4383601853623986,0.24263806641101837,0.01851961575448513,0.03586200624704361,0.012653879821300507,0.6903254389762878,24.43752292357385,,,
amgtp_hidden16,20,0.2350364774465561,0.12512025237083435,0.02471832185983658,0.045240968465805054,0.017044899985194206,0.7878754138946533,18.81722646392882,,,
amgtp_hidden16,21,0.045137543231248856,0.12723933160305023,0.030556784942746162,0.05586431547999382,0.02103303000330925,0.7653068900108337,18.69403729774058,,,
amgtp_hidden16,22,0.030349507927894592,0.11772868782281876,0.028918111696839333,0.05276162177324295,0.02011016011238098,0.7804815173149109,18.318436609581113,,,
amgtp_hidden16,23,0.07454097643494606,0.09736193716526031,0.02404194138944149,0.043568503111600876,0.017275769263505936,0.8177520632743835,17.565922951325774,,,
amgtp_hidden16,24,0.07716120313853025,0.07615303248167038,0.01898133009672165,0.033797379583120346,0.014736040495336056,0.8563328981399536,16.78136827517301,,,
amgtp_hidden16,25,0.04018017370253801,0.06424886733293533,0.01657491736114025,0.02801763452589512,0.014812380075454712,0.8763464093208313,16.328096251934767,,,
amgtp_hidden16,26,0.009784292429685593,0.06182817742228508,0.017924485728144646,0.026069188490509987,0.018355056643486023,0.8758234977722168,16.195837061852217,,,
amgtp_hidden16,27,0.026165226474404335,0.06248003616929054,0.024222979322075844,0.02483665943145752,0.02448650822043419,0.8639726042747498,16.114557145163417,,,
amgtp_hidden16,28,0.05660305544734001,0.0662245973944664,0.039275605231523514,0.02420295961201191,0.03399127349257469,0.8363052010536194,16.031572056934237,,,
amgtp_hidden16,29,0.08122674748301506,0.07535376399755478,0.061194051057100296,0.025172406807541847,0.04258766770362854,0.7956919074058533,16.095737488940358,,,
amgtp_hidden16,30,0.10862618125975132,0.08942288160324097,0.09913627803325653,0.02747444063425064,0.03385566920042038,0.7501111030578613,16.285477623343468,,,
amgtp_hidden16,31,0.46094165183603764,0.09181900322437286,0.3238920569419861,0.030792906880378723,0.02295561693608761,0.530539870262146,13.513658473268151,,,
amgtp_hidden16,32,0.2676439229398966,0.07918128371238708,0.4563503563404083,0.032156821340322495,0.017933093011379242,0.41437840461730957,11.23052715882659,,,
amgtp_hidden16,33,0.2777467090636492,0.12725456058979034,0.3174772262573242,0.05668988451361656,0.02092183567583561,0.47765690088272095,14.956469977274537,,,
amgtp_hidden16,34,0.2850082032382488,0.1862379014492035,0.17599035799503326,0.055672261863946915,0.022078542038798332,0.5600205659866333,19.512118948623538,,,
amgtp_hidden16,35,0.20828419737517834,0.29038017988204956,0.14307208359241486,0.04383426532149315,0.020191647112369537,0.502521812915802,24.874032583087683,,,
amgtp_hidden16,36,0.29728351160883904,0.43902212381362915,0.11493845283985138,0.033571772277355194,0.01745280623435974,0.3950152099132538,32.20936378091574,,,
amgtp_hidden16,37,0.11896474659442902,0.4985041916370392,0.10597357898950577,0.02990744449198246,0.016799425706267357,0.34881511330604553,35.10695497691631,,,
amgtp_hidden16,38,0.03195873461663723,0.5133721232414246,0.10261546075344086,0.029956189915537834,0.01786220073699951,0.3361939489841461,35.82656211592257,,,
amgtp_hidden16,39,0.04371137544512749,0.5315566658973694,0.09550966322422028,0.031153706833720207,0.020335357636213303,0.3214435875415802,36.72492846660316,,,
amgtp_hidden16,40,0.09915575385093689,0.5758422613143921,0.08017240464687347,0.03262747824192047,0.02415483631193638,0.28720393776893616,38.91852950118482,,,
amgtp_hidden16,41,0.07358618453145027,0.6086578369140625,0.06811436265707016,0.03516441211104393,0.025594571605324745,0.26246803998947144,40.546792374923825,,,
amgtp_hidden16,42,0.04000918194651604,0.5922675728797913,0.06469618529081345,0.043692633509635925,0.02539830096065998,0.27394428849220276,39.744836604222655,,,
amgtp_hidden16,43,0.1766628623008728,0.5067278146743774,0.06190524622797966,0.07591769099235535,0.027352383360266685,0.32809731364250183,35.478156274184585,,,
amgtp_hidden16,44,0.24857014045119286,0.38528797030448914,0.05905964598059654,0.15130341053009033,0.028845252469182014,0.37550342082977295,29.08921275474131,,,
amgtp_hidden16,45,0.11956263706088066,0.32576990127563477,0.05879662558436394,0.16693691909313202,0.030016733333468437,0.4184799790382385,26.174638299271464,,,
amgtp_hidden16,46,0.1845363024622202,0.3013569116592407,0.05802896246314049,0.10239111632108688,0.02747463807463646,0.5107477307319641,25.789407707750797,,,
amgtp_hidden16,47,0.08002893067896366,0.28678274154663086,0.057853277772665024,0.07958638668060303,0.025015274062752724,0.5507627129554749,25.389361830428243,,,
amgtp_hidden16,48,0.02871151827275753,0.27800413966178894,0.06166790425777435,0.07400912791490555,0.02507810667157173,0.5612409114837646,24.996863175183535,,,
amgtp_hidden16,49,0.027076760306954384,0.2716486155986786,0.07279065996408463,0.07219039648771286,0.02749325893819332,0.5558763146400452,24.563000002875924,,,
amgtp_hidden16,50,0.049347659572958946,0.26506906747817993,0.0914711281657219,0.0710626170039177,0.03348695859313011,0.5389101505279541,23.98795384541154,,,
amgtp_hidden16,51,0.03575533255934715,0.2616378664970398,0.10219079256057739,0.06963913887739182,0.040644571185112,0.5258867740631104,23.65630703419447,,,
amgtp_hidden16,52,0.010186538100242615,0.263776957988739,0.10514547675848007,0.06816712021827698,0.04016052186489105,0.5227500796318054,23.735889084637165,,,
amgtp_hidden16,53,0.05789530649781227,0.26578274369239807,0.13208748400211334,0.06693784147500992,0.035627331584692,0.4995650351047516,23.523167442530394,,,
amgtp_hidden16,54,0.20480944216251373,0.2504785358905792,0.2313772439956665,0.07005235552787781,0.030498433858156204,0.41759297251701355,21.530037116259336,,,
amgtp_hidden16,55,0.05931825377047062,0.26234281063079834,0.20880340039730072,0.08741529285907745,0.030930427834391594,0.41050776839256287,22.175239669159055,,,
amgtp_hidden16,56,0.1556705515831709,0.31867095828056335,0.13096800446510315,0.09378199279308319,0.032604943960905075,0.42397356033325195,25.696435932070017,,,
amgtp_hidden16,57,0.23701883479952812,0.4371805787086487,0.09608151018619537,0.07217977195978165,0.02925332635641098,0.3653046786785126,31.862494334578514,,,
amgtp_hidden16,58,0.23031316697597504,0.5523372888565063,0.07881461828947067,0.05460968613624573,0.023674823343753815,0.290563702583313,37.61649660766125,,,
amgtp_hidden16,59,0.07544730976223946,0.5900611877441406,0.07339467108249664,0.049576375633478165,0.022007547318935394,0.2649608254432678,39.489299450069666,,,
amgtp_hidden16,60,0.02439306676387787,0.6014842987060547,0.07029513269662857,0.048736345022916794,0.022780634462833405,0.25670352578163147,40.058875892311335,,,
amgtp_hidden16,61,0.027447693049907684,0.6119605898857117,0.06541283428668976,0.04889600723981857,0.025868650525808334,0.2478621006011963,40.58088621124625,,,
amgtp_hidden16,62,0.056788306683301926,0.6348791718482971,0.05679557844996452,0.04854384437203407,0.0313439667224884,0.22843711078166962,41.71270474046469,,,
amgtp_hidden16,63,0.054853782057762146,0.6623062491416931,0.05045175179839134,0.047441910952329636,0.029855944216251373,0.20994418859481812,43.07936268299818,,,
amgtp_hidden16,64,0.017156902700662613,0.6568356156349182,0.04996282979846001,0.053385138511657715,0.027236856520175934,0.21257922053337097,42.78702226653695,,,
amgtp_hidden16,65,0.17323357425630093,0.5702192187309265,0.0584246926009655,0.08712953329086304,0.029202057048678398,0.2550249397754669,38.30772997252643,,,
amgtp_hidden16,66,0.291486157104373,0.4244763255119324,0.07357417047023773,0.18609263002872467,0.03160993009805679,0.2842477560043335,30.30116968601942,,,
amgtp_hidden16,67,0.0917988158762455,0.37857621908187866,0.07981891185045242,0.19637031853199005,0.03410254791378975,0.31113141775131226,27.978060696274042,,,
amgtp_hidden16,68,0.16557040438055992,0.43025729060173035,0.07324083149433136,0.12172983586788177,0.03253604471683502,0.3422356843948364,31.272919669747353,,,
amgtp_hidden16,69,0.05017220228910446,0.45534321665763855,0.07130809873342514,0.11480259150266647,0.03141198307275772,0.327133446931839,32.53606101125479,,,
amgtp_hidden16,70,0.018214058130979538,0.4485512375831604,0.0718652755022049,0.11248781532049179,0.03192409500479698,0.3351714611053467,32.23827209696174,,,
amgtp_hidden16,71,0.09265323355793953,0.41035783290863037,0.07676918804645538,0.10435441136360168,0.035641126334667206,0.37287694215774536,30.481067471206188,,,
amgtp_hidden16,72,0.15881499275565147,0.3445582687854767,0.09520202875137329,0.09074719250202179,0.048985350877046585,0.42050808668136597,27.27095040306449,,,
amgtp_hidden16,73,0.024192538112401962,0.3540164828300476,0.09399859607219696,0.09232903271913528,0.050040729343891144,0.4096144139766693,27.696861565113068,,,
amgtp_hidden16,74,0.016302291303873062,0.3608695864677429,0.09301532059907913,0.09362734854221344,0.044599760323762894,0.4078877866268158,28.048699889332056,,,
amgtp_hidden16,75,0.05055680871009827,0.3422583043575287,0.11083812266588211,0.09002875536680222,0.04153178259730339,0.4153439402580261,27.0219602920115,,,
amgtp_hidden16,76,0.16822749748826027,0.30816763639450073,0.19495204091072083,0.08802154660224915,0.03728245943784714,0.37157756090164185,24.412137933075428,,,
amgtp_hidden16,77,0.04554544761776924,0.3145664930343628,0.19341672956943512,0.10414379090070724,0.03753349557518959,0.3503395617008209,24.547326017171144,,,
amgtp_hidden16,78,0.15682226046919823,0.3765648603439331,0.11500555276870728,0.10760756582021713,0.04062934219837189,0.3601926565170288,28.35882245749235,,,
amgtp_hidden16,79,0.2849453240633011,0.519037127494812,0.08177818357944489,0.07562308013439178,0.03277360647916794,0.2907871901988983,35.75131098181009,,,
amgtp_hidden16,80,0.20917589403688908,0.6236256957054138,0.06802676618099213,0.05813167244195938,0.025198927149176598,0.22501736879348755,40.98659917898476,,,
amgtp_hidden16,81,0.0629126988351345,0.6550816893577576,0.06349749118089676,0.053270112723112106,0.023186905309557915,0.20496352016925812,42.560006810352206,,,
amgtp_hidden16,82,0.011371554806828499,0.6493961811065674,0.0645614042878151,0.05413489416241646,0.02416018396615982,0.20774759352207184,42.26832455024123,,,
amgtp_hidden16,83,0.00324142724275589,0.649393618106842,0.0635073184967041,0.053896743804216385,0.02578122168779373,0.20742200314998627,42.27319123223424,,,
amgtp_hidden16,84,0.0862488467246294,0.6897032856941223,0.05220932513475418,0.046885229647159576,0.02859598957002163,0.18260709941387177,44.33173347450793,,,
amgtp_hidden16,85,0.06196562387049198,0.7200038433074951,0.04405900090932846,0.04238034412264824,0.029277566820383072,0.1642788201570511,45.87627708166838,,,
amgtp_hidden16,86,0.034530870616436005,0.7040529251098633,0.0459069162607193,0.04716037958860397,0.02796351909637451,0.17491677403450012,45.07514303177595,,,
amgtp_hidden16,87,0.13731464557349682,0.6353951692581177,0.05659530684351921,0.06487953662872314,0.03012962080538273,0.21300001442432404,41.567851619794965,,,
amgtp_hidden16,88,0.1983198132365942,0.5362352728843689,0.07444914430379868,0.10628598183393478,0.03379587456583977,0.2492333948612213,36.293262112885714,,,
amgtp_hidden16,89,0.051926542073488235,0.5102724432945251,0.08135132491588593,0.11424967646598816,0.03694400191307068,0.25718310475349426,34.899618431925774,,,
amgtp_hidden16,90,0.10313503444194794,0.5618401765823364,0.07325045764446259,0.0873599424958229,0.03464332967996597,0.2429070770740509,37.68894326686859,,,
amgtp_hidden16,91,0.010920211672782898,0.5670245885848999,0.07322662323713303,0.08435037732124329,0.034918107092380524,0.2404794543981552,37.958892181515694,,,
amgtp_hidden16,92,0.06837112829089165,0.5328393578529358,0.08663085103034973,0.08774011582136154,0.04154488816857338,0.25124460458755493,36.128451351076365,,,
amgtp_hidden16,93,0.40764907374978065,0.32901453971862793,0.20608603954315186,0.12160252034664154,0.07079048454761505,0.27250567078590393,24.622378766536713,,,
amgtp_hidden16,94,0.15628500282764435,0.33966943621635437,0.12794364988803864,0.1390211433172226,0.08790810406208038,0.30545714497566223,25.816930010914803,,,
amgtp_hidden16,95,0.1773623526096344,0.35436907410621643,0.08547686040401459,0.10301148146390915,0.07770345360040665,0.37943875789642334,27.5127225369215,,,
amgtp_hidden16,96,0.13817402720451355,0.34755080938339233,0.07358510047197342,0.08076445758342743,0.0495733842253685,0.44852566719055176,27.7953000664711,,,
amgtp_hidden16,97,0.03355840593576431,0.34993693232536316,0.07011110335588455,0.07405238598585129,0.042980290949344635,0.46291878819465637,28.07020927220583,,,
amgtp_hidden16,98,0.026974394917488098,0.3618020713329315,0.07111572474241257,0.07456983625888824,0.0430804044008255,0.44943171739578247,28.5965563878417,,,
amgtp_hidden16,99,0.03257080167531967,0.3605974614620209,0.06453452259302139,0.0693242996931076,0.03982672840356827,0.46571749448776245,28.70718713104725,,,
amgtp_hidden16,100,0.0785895399749279,0.39989173412323,0.04844088852405548,0.05773613601922989,0.0339902900159359,0.45994046330451965,30.89225186035037,,,
amgtp_hidden16,101,0.5277202390134335,0.663752555847168,0.028089245781302452,0.039874155074357986,0.028473643586039543,0.23981131613254547,43.52953899279237,,,
amgtp_hidden16,102,0.34463789872825146,0.8360716104507446,0.01798498071730137,0.024808049201965332,0.01746276021003723,0.10367372632026672,51.83037724532187,,,
amgtp_hidden16,103,0.13829761743545532,0.7669214606285095,0.028154680505394936,0.03434675559401512,0.02129005268216133,0.14928549528121948,48.385509887710214,,,
amgtp_hidden16,104,0.10469776019454002,0.7145731449127197,0.03640461713075638,0.043464530259370804,0.025751793757081032,0.17980548739433289,45.73872628249228,,,
amgtp_hidden16,105,0.06824727542698383,0.7223441004753113,0.045986734330654144,0.05547625198960304,0.030510779470205307,0.14568199217319489,45.806184865534306,,,
amgtp_hidden16,106,0.11829799041152,0.7482097148895264,0.06099925562739372,0.06560556590557098,0.03865274786949158,0.08653341978788376,46.6324359588325,,,
amgtp_hidden16,107,0.17568916082382202,0.8360544443130493,0.05825437977910042,0.038032058626413345,0.019816365092992783,0.047843754291534424,51.14414433017373,,,
amgtp_hidden16,108,0.2904218677431345,0.6957738995552063,0.19661647081375122,0.0409163199365139,0.014885401353240013,0.05180776119232178,42.895305870100856,,,
amgtp_hidden16,109,0.5173307824879885,0.43710893392562866,0.42206671833992004,0.04758305847644806,0.0165073461830616,0.07673464715480804,27.981188412755728,,,
amgtp_hidden16,110,0.421350322663784,0.6078304648399353,0.21139171719551086,0.052288539707660675,0.022371437400579453,0.10611886531114578,38.48034940287471,,,
amgtp_hidden16,111,0.0414531659334898,0.6251736283302307,0.1906648725271225,0.05230750888586044,0.023046905174851418,0.10880758613348007,39.54263964109123,,,
amgtp_hidden16,112,0.007600907236337662,0.6282470226287842,0.18721435964107513,0.05195695161819458,0.02333858422935009,0.10924234986305237,39.73066955991089,,,
amgtp_hidden16,113,0.00721609964966774,0.6256102919578552,0.18624341487884521,0.053474925458431244,0.024351084604859352,0.11032029986381531,39.59822749905288,,,
amgtp_hidden16,114,0.0733583141118288,0.5948106646537781,0.18036407232284546,0.06913092732429504,0.035469669848680496,0.12022505700588226,38.00783522054553,,,
amgtp_hidden16,115,0.7561303414404392,0.2826891243457794,0.11441987007856369,0.29307520389556885,0.09869368374347687,0.2111213654279709,21.601547844707966,,,
amgtp_hidden16,116,0.34600096195936203,0.2380971908569336,0.0849255695939064,0.20729419589042664,0.08556091040372849,0.3841223120689392,20.96927835047245,,,
amgtp_hidden16,117,0.3410410135984421,0.28401413559913635,0.08099088072776794,0.08454245328903198,0.04172678291797638,0.5087258219718933,24.789715364575386,,,
amgtp_hidden16,118,0.0767049714922905,0.31100013852119446,0.08791930228471756,0.08898042142391205,0.0379515141248703,0.4741485118865967,25.918608643114567,,,
amgtp_hidden16,119,0.021383363753557205,0.31668639183044434,0.08374689519405365,0.08459091931581497,0.03582170233130455,0.47915390133857727,26.297609698027372,,,
