method,day,gate_move_l1,pi_expanding,pi_rolling_1,pi_rolling_3,pi_rolling_7,pi_rolling_14,h_eff,pi_m2,pi_m5b,pi_m5b_hs
adamoe,4,,0.2,0.2,0.2,0.2,0.2,17.0,,,
adamoe,5,0.011890037723907815,0.2018120300759208,0.1940549811380461,0.20050892863419154,0.2018120300759208,0.2018120300759208,17.142356203190207,,,
adamoe,6,0.009347733325446,0.20336998563016193,0.1902254772327572,0.1996645658767578,0.20336998563016193,0.20336998563016193,17.262188010906147,,,
adamoe,7,0.0028605799302296175,0.20383059808140705,0.18879518726764222,0.19971301848813705,0.20383059808140705,0.20383059808140705,17.298212687326025,,,
adamoe,8,0.007277842508092824,0.20504357183275573,0.18689769663538974,0.19797158786634275,0.20504357183275573,0.20504357183275573,17.389341778687633,,,
adamoe,9,0.00499682802476259,0.2060146536712957,0.18495274735326575,0.19741812313608545,0.20559982216805708,0.2060146536712957,17.461490243613802,,,
adamoe,10,0.0032608907913993235,0.20568126264714603,0.18457273809127503,0.19904856853178576,0.20501616808264814,0.20568126264714603,17.437245056153976,,,
adamoe,11,0.0016202460834788268,0.2057917846796481,0.18516181706801,0.19888136072148882,0.20437325285120533,0.2057917846796481,17.441010735484873,,,
adamoe,12,0.005324021324582817,0.20701394773856552,0.18420165354279683,0.1971795135844105,0.2045909373956618,0.20701394773856552,17.526908888719507,,,
adamoe,13,0.0018229456993039128,0.20690529408152836,0.18386680185445253,0.1980909864340626,0.2042316235484286,0.20690529408152836,17.51875288802874,,,
adamoe,14,0.0017344841375066256,0.2066123478028896,0.18473404392320605,0.19801105355342238,0.20403020691759324,0.2066123478028896,17.496292390420457,,,
adamoe,15,0.0033982329819312873,0.20746190604837228,0.1841352981616029,0.19708829223733987,0.203852597504313,0.20746190604837228,17.554549404983362,,,
adamoe,16,0.003161741876124835,0.20691311997117356,0.18545179663776165,0.1973526646992433,0.2036025163143178,0.20667990237750355,17.51103323649118,,,
adamoe,17,0.003482118131074574,0.20775768278214501,0.18417681381639373,0.19688658845507423,0.20381790941234101,0.20736100553404646,17.570076989473353,,,
adamoe,18,0.002884140512502603,0.20722309610706577,0.18481168610007165,0.19769378642764746,0.2036443284929318,0.20662710287228347,17.529568551469453,,,
adamoe,19,0.0019365680670341556,0.2075021797447602,0.1849758192158718,0.19672550239413034,0.20374824096735705,0.20704825767788065,17.550196405345705,,,
adamoe,20,0.002686838531613056,0.20843363297939135,0.18471964785044984,0.19626804547624738,0.20311844998485518,0.20746022370905576,17.60581404486344,,,
adamoe,21,0.002995062917154595,0.20773265370346486,0.18572480723062107,0.1967604175546536,0.20311093097300656,0.20667119053825372,17.555138466449073,,,
adamoe,22,0.0013576786200299729,0.2077706532900533,0.18504596792060635,0.19683846000343647,0.20337745924471917,0.20696745954118506,17.562987193623737,,,
adamoe,23,0.002559364337690162,0.2086113772023964,0.18447956769956056,0.19612517805563698,0.20338737104111473,0.20739650600129128,17.616800415316135,,,
adamoe,24,0.0013504673967261183,0.20825603274799903,0.18472970159288105,0.1965502778606798,0.20338142056912906,0.2070825672293115,17.592568385249127,,,
adamoe,25,0.004213589676672541,0.20920009332242978,0.182651113493632,0.19652207112159248,0.2041009773887976,0.2075257446735484,17.658290193355455,,,
adamoe,26,0.0006021409340191131,0.20935830717853443,0.18252945178371993,0.196357954067239,0.20408568568605337,0.20766860128445308,17.669061962482218,,,
adamoe,27,0.0033259988039673893,0.2088482161246578,0.1828802538175694,0.1976701514353732,0.2036309223600133,0.20697045626238608,17.629786519796653,,,
adamoe,28,0.003936020566934262,0.20888796420014977,0.18480851602554482,0.19660582578721517,0.20285405341916357,0.20684364056792698,17.623693187281297,,,
adamoe,29,0.0016925876986033928,0.20817174233889624,0.1855166898635967,0.1966288301581832,0.20296916905944543,0.20671356857987888,17.58048186420634,,,
adamoe,30,0.0006848029080632478,0.20823727592533348,0.18532871177131144,0.1968587612740919,0.20281474569769894,0.20676050533156443,17.584491845639388,,,
adamoe,31,0.001129263336890035,0.20818195622446017,0.18482458408670077,0.19721201429886234,0.20302612434137332,0.20675532104860317,17.583135365520956,,,
adamoe,32,0.002731893590357831,0.20766947808413383,0.1861905308818801,0.19702372736610607,0.20268356591088316,0.20643269775699744,17.546273128002376,,,
adamoe,33,0.0015127362382104104,0.20823720097952456,0.1859663889158149,0.1965091085082232,0.2028722111345974,0.20641509046184006,17.5796425176199,,,
adamoe,34,0.0016971929685054288,0.2076149548117992,0.18619212878269403,0.19697919257059682,0.20302498368959726,0.20618874014531258,17.54184424306399,,,
adamoe,35,0.001957398622263823,0.20774991164547954,0.18703587126014543,0.19639088551723283,0.20278720685387563,0.2060361247232661,17.54521942064347,,,
adamoe,36,0.0013066523181475553,0.20759609407781937,0.18754976218236752,0.1965303207540845,0.2025590602296351,0.205764762756093,17.53152646930653,,,
adamoe,37,0.0012266635014602512,0.20757900360443932,0.18783300601833688,0.19686040866884533,0.2022036976382197,0.20552388407015842,17.525914708740988,,,
adamoe,38,0.0024568346593598633,0.20770280042546466,0.18662155920897028,0.19741902065921546,0.20274970615650428,0.20550691354984524,17.53739137950786,,,
adamoe,39,0.0036353053717503303,0.20814298497329703,0.18571712509324612,0.19650580208906468,0.2030338196786861,0.20660026816570642,17.577454121828954,,,
adamoe,40,0.0022293748634956145,0.20788110053815845,0.18683181252499392,0.196377635722642,0.20261828853733482,0.20629116267687117,17.555235049219966,,,
adamoe,41,0.000902054487478543,0.20789553638471175,0.1866002101033975,0.19675872216863874,0.20267379348852405,0.20607173785472832,17.554329444077883,,,
adamoe,42,0.0019120106915492263,0.2071916753013311,0.18634806584100352,0.19701036441603315,0.20293048881960796,0.2065194056220246,17.520664777614567,,,
adamoe,43,0.0010837111700760238,0.20705924844281565,0.18669813869018384,0.19660093568951073,0.20306143271481075,0.20658024446267964,17.513609303808845,,,
adamoe,44,0.0027981454409981843,0.20799697123040267,0.18587207878800427,0.19706228562242264,0.20292226267314356,0.20614640168602716,17.563382671795818,,,
adamoe,45,0.0031234410402247448,0.20886991042017436,0.18636024857759168,0.19597259460240551,0.20245023317304822,0.20634701322678034,17.612482474981533,,,
adamoe,46,0.004229185169163152,0.20803717278959,0.1850783936235948,0.19690557461076252,0.20318322351352813,0.20679563546252533,17.575446945901334,,,
adamoe,47,0.0015593155322229102,0.20791017796552574,0.18474896268476299,0.1965823426075468,0.20353507357990794,0.20722344316225666,17.574980387769898,,,
adamoe,48,0.002408093392763988,0.208339380284218,0.1845710033645192,0.19555625523140852,0.2037489493787029,0.20778441174115136,17.606826996138864,,,
adamoe,49,0.0016429775513039646,0.20793671437780242,0.1853262841896292,0.19543159447680347,0.20381515732924488,0.20749024962652002,17.57939352636418,,,
adamoe,50,0.00177533992215817,0.20801880938469347,0.18498770182538743,0.19623716943099162,0.20371638947418147,0.20703992988474623,17.579401517905687,,,
adamoe,51,0.0007654407184194967,0.20800819873590665,0.1853588706442328,0.19624872097135598,0.20343738451045357,0.20694682513805118,17.57591420121859,,,
adamoe,52,0.002631915839414939,0.20745835113319505,0.18471811210535355,0.1971623132909339,0.20383975011058308,0.2068214733599345,17.546084997783023,,,
adamoe,53,0.0027842366557735143,0.20673898260296197,0.18611023043324038,0.19696832463226718,0.20353045681373141,0.20665200551779928,17.499195435453068,,,
adamoe,54,0.0011880904247650037,0.2065323094037974,0.18601930840399317,0.19667187464829647,0.20386443777998653,0.20691206976392668,17.491793537731606,,,
adamoe,55,0.003450698118950407,0.20582989158043002,0.18499637716788517,0.19794155374544786,0.20417972025426076,0.20705245725197607,17.456606976537522,,,
adamoe,56,0.0025793160801405035,0.20642368302123057,0.1854621532840921,0.1981716442285104,0.20337492152121445,0.20656759794495191,17.480968889121286,,,
adamoe,57,0.0036268931131437088,0.20553306073185018,0.1871350683771031,0.19761329582726522,0.20351545298477552,0.20620312207900585,17.42341047976942,,,
adamoe,58,0.0011761002064893666,0.20554796852794172,0.18770821068425655,0.19746558784602863,0.2033452874472118,0.2059329454945618,17.419461334953194,,,
adamoe,59,0.0018186548115225187,0.20584543157344423,0.18680929552905245,0.19745517559547088,0.2034760305279279,0.20641406677410384,17.444029865255068,,,
adamoe,60,0.001433716984554273,0.20609435123656522,0.18611356420465908,0.1977645128074197,0.20345490336004407,0.2065726683913111,17.461269857819495,,,
adamoe,61,0.003067717784236257,0.20479958662837033,0.18608019623369132,0.19853408029744063,0.20421919476214134,0.2063669420783557,17.388329187260204,,,
adamoe,62,0.0018539397019675385,0.2054010311004873,0.18562672779031064,0.19819506882528745,0.20408470482669178,0.20669246745722286,17.426561278483373,,,
adamoe,63,0.0032423965481053196,0.20507091041321396,0.18680498830499542,0.1970448948825637,0.20394380118263622,0.20713540521659074,17.40969657905625,,,
adamoe,64,0.002330963868248548,0.20453193295742872,0.18754476179767438,0.19747060332400912,0.2035662899090673,0.20688641201182073,17.373246346744384,,,
adamoe,65,0.0025076300809547536,0.2054346639351441,0.1862909467571968,0.1975599138429524,0.20373032267226596,0.2069841527924406,17.42894092219473,,,
adamoe,66,0.0012211257861091673,0.20589365276815375,0.1857768936533243,0.19750853888284867,0.20368518784318787,0.2071357268524858,17.457618167228212,,,
adamoe,67,0.0029867220138019013,0.20609039420354716,0.18428353264642316,0.19817029127426067,0.2040927781110577,0.2073630037647113,17.475949558165397,,,
adamoe,68,0.002628191109857847,0.20551476997066206,0.1838328388751636,0.19788251372347643,0.20497478009060152,0.20779509734009644,17.45232140168088,,,
adamoe,69,0.005513371799842959,0.20343149448690445,0.1859874511556675,0.19848458734289426,0.20481380626400136,0.20728266075053298,17.32298477675409,,,
adamoe,70,0.0008291713149053137,0.20326007586703077,0.18596271268627096,0.19861977602166586,0.20459537769581884,0.20756205772921393,17.31546304485284,,,
adamoe,71,0.0012132401156162986,0.20327783655349166,0.18650709916362712,0.1984293082498822,0.20417922540979425,0.20760653062320492,17.314211223716203,,,
adamoe,72,0.0032405872791721746,0.20336714771554998,0.18803808164115482,0.19777416423327254,0.20397165184669813,0.20684895456332453,17.3070763640874,,,
adamoe,73,0.0032431313735768463,0.20342925263621514,0.1864165159543663,0.19788442229786574,0.20456412572103033,0.2077056833905223,17.325653388535397,,,
adamoe,74,0.0036809622381050733,0.2034517055327643,0.1845760348353137,0.19872973247844172,0.20503586725528034,0.20820665989819964,17.33801187359825,,,
adamoe,75,0.0020979535113394843,0.20375251230299352,0.1851430399162444,0.19787943445133221,0.20483718852671995,0.20838782480270931,17.355221948374822,,,
adamoe,76,0.002512884728769871,0.20305393611060968,0.18615275559663375,0.19796801160296248,0.2049953380590854,0.20782995863070836,17.307879744285618,,,
adamoe,77,0.00141202434936874,0.20285527068037573,0.1867304960432118,0.19802664017881622,0.20448799131463513,0.2078996017829611,17.294137021566105,,,
adamoe,78,0.001040695925248858,0.20324210814239213,0.1862712186614453,0.198143912551211,0.20442692073377713,0.2079158399111743,17.317039648751486,,,
adamoe,79,0.002489162304053494,0.2021204764043456,0.18723430308582295,0.19839992603764314,0.20430397131979694,0.20794132315239128,17.250968988831545,,,
adamoe,80,0.0010361636824015308,0.20200474401478705,0.186848431006584,0.1987941034282597,0.20442787577038135,0.20792484577998824,17.24545835349109,,,
adamoe,81,0.003938177300429807,0.2009073801818443,0.18637478953109465,0.1983960200864768,0.20577995066398053,0.20854185953660387,17.1960513488615,,,
adamoe,82,0.0018051460066627334,0.20058051843575547,0.18585793007009913,0.19919446144581016,0.20588408230797844,0.20848300774035675,17.1782231050737,,,
adamoe,83,0.0018776684221629703,0.20069626625070908,0.1861001417758241,0.19856634784863428,0.2055733616940728,0.20906388243075963,17.189483046253414,,,
adamoe,84,0.006190225638658786,0.19999410601989587,0.18919525459515377,0.19844547227095416,0.20463898052368343,0.20772618659031322,17.124817508531937,,,
adamoe,85,0.004289436243120753,0.1986519698770611,0.18844289187179383,0.20001429300967324,0.20521487790652443,0.20767596733494725,17.05157165155941,,,
adamoe,86,0.0013202408400507515,0.19876818706970711,0.18805054164299223,0.19974652281844932,0.2054784976830668,0.20795625078578409,17.06311832906321,,,
adamoe,87,0.0032464065963629662,0.19970606759837706,0.18677528207802616,0.19939857908523406,0.20579763496695358,0.208322436271409,17.12443262780475,,,
adamoe,88,0.0021578688137803836,0.19862713319148714,0.1871303327971274,0.19966239139259767,0.2061133645331318,0.2084667780856564,17.06507394339526,,,
adamoe,89,0.0026885771785818413,0.1986703816763964,0.18843137290150902,0.19919525427942436,0.20572342763104154,0.207979563511629,17.058017918903662,,,
adamoe,90,0.002169786555284825,0.19860934669691926,0.18740751460334387,0.19984470411438246,0.2058906325944833,0.20824780199087167,17.060206084795233,,,
adamoe,91,0.002616610870107644,0.19910882003820746,0.18609920916828993,0.2001385709105874,0.20590235174119959,0.20875104814171597,17.09687526036492,,,
adamoe,92,0.00490716169854688,0.19923637742180603,0.18842523263396505,0.19893102337884747,0.20537458424962596,0.20803278231575634,17.08948199024684,,,
adamoe,93,0.0019653669555378395,0.198574102354776,0.18881373042287564,0.1986843777228868,0.20530082149484763,0.20862696800461455,17.05719630740663,,,
adamoe,94,0.0031218999685179716,0.19791962885324704,0.18790725394014535,0.1992887721068362,0.20624931036840088,0.20863503473137063,17.025586960273472,,,
adamoe,95,0.004924215821354161,0.1994935761930251,0.18598854426525352,0.19874537387105087,0.2063774071871834,0.20939509848348706,17.128012466539015,,,
adamoe,96,0.0028423039309928844,0.19877083274261986,0.18691907300386706,0.19923599709793388,0.20609136206779627,0.2089827350877831,17.0792748545584,,,
adamoe,97,0.0023460654514156354,0.19769258752512447,0.18682428549565444,0.19966721865532577,0.20652093581068492,0.20929497251321016,17.023157358828836,,,
adamoe,98,0.003489584908128812,0.19611416959409117,0.1878523207513225,0.20029089809908102,0.20661401356532622,0.20912859799017924,16.929673657513828,,,
adamoe,99,0.0015195253049467006,0.19576951322585634,0.18746286575721843,0.20026524680894653,0.20676538891942203,0.20973698528855675,16.91810491621119,,,
adamoe,100,0.00269405615448004,0.1971165413030965,0.18689990495148262,0.2002566225527238,0.20636667907470502,0.20936025211799242,16.990272533970273,,,
adamoe,101,0.0014916502415596167,0.1970058547908585,0.18660779136260944,0.2006903237080102,0.20667880304019823,0.2090172270983236,16.982022850596067,,,
adamoe,102,0.002720478720386915,0.1962968646861678,0.1878280846833364,0.20083026974747664,0.20630867343090603,0.20873610745211296,16.934596993441758,,,
adamoe,103,0.004045016796932199,0.19465814890454158,0.18744429206649654,0.20109946381949473,0.20747861551495955,0.20931947969450748,16.853054642125297,,,
adamoe,104,0.0030805543648963485,0.194726892014004,0.18647052202577252,0.20053295667777077,0.20835099816273334,0.20991863111971965,16.869000735714533,,,
adamoe,105,0.0026138380162137875,0.19553907889416666,0.18696525415371654,0.20050721288962778,0.2073352792020577,0.20965317486043117,16.90732302893304,,,
adamoe,106,0.0029070955550464517,0.1941790562936279,0.1875338604653159,0.2012023226033167,0.20752511095429266,0.20955964968344673,16.82839507814124,,,
adamoe,107,0.0010550739588764957,0.19442944393742873,0.18755815160006867,0.20090450432521423,0.2072953922529571,0.2098125078843316,16.844481156972776,,,
adamoe,108,0.0010897226791244385,0.1942627171541949,0.18743575755278516,0.2011827001846644,0.20756205773306946,0.209556767375287,16.833476034743978,,,
adamoe,109,0.002786023995846404,0.19402047218657847,0.1878444650483744,0.20216700468699816,0.2069229852824185,0.209045072795631,16.810665726419842,,,
adamoe,110,0.0041594897524219465,0.19360357953389842,0.186570514895055,0.2017781026167867,0.2081591735947647,0.20988862935949582,16.803674620975613,,,
adamoe,111,0.0008291348691986944,0.19360855215764883,0.186973902428968,0.20146141346378227,0.20806129531316947,0.20989483663643144,16.80282805238147,,,
adamoe,112,0.001576488609672827,0.19370769381158692,0.18729282665844016,0.2009480536466634,0.2077864108254521,0.21026501505785777,16.81081370288182,,,
adamoe,113,0.0023834673354584945,0.19287005588288983,0.18759636320717782,0.20183625076565487,0.20773043842598185,0.20996689171829575,16.758958021515546,,,
adamoe,114,0.002037245957325101,0.19372392789640108,0.1867577885574673,0.20171453133935352,0.20767210952333076,0.21013164268344664,16.810884820591163,,,
adamoe,115,0.0023129805201048403,0.19384023276817747,0.18779797394574335,0.2009702401994523,0.2073589313037215,0.21003262178290472,16.813091884721466,,,
adamoe,116,0.0030145633533323335,0.19256502102322906,0.18756590401402606,0.20131078933900298,0.20795440746318608,0.2106038781605561,16.749534679914866,,,
adamoe,117,0.0032358487255304824,0.1936685459977503,0.18683297601402965,0.20042579297623409,0.2083468013666386,0.2107258836453475,16.816813095409085,,,
adamoe,118,0.004499701717003507,0.19218330474376405,0.18812746205377895,0.20138115779498666,0.20772869667546823,0.2105793787320025,16.725481399040895,,,
adamoe,119,0.0023781459212251777,0.19193715482689402,0.1871845390100364,0.2020646935725959,0.20784536006530646,0.21096825252516763,16.718080965150957,,,
m5b_smooth0,4,,0.20000606775283813,0.20000606775283813,0.20000606775283813,0.20000606775283813,0.20000606775283813,17.00051575899124,,,
m5b_smooth0,5,0.4434240274131298,0.2739049196243286,0.04072006419301033,0.13756459951400757,0.2739049196243286,0.2739049196243286,22.63971235230565,,,
m5b_smooth0,6,0.26347428001463413,0.31781721115112305,0.012260427698493004,0.03428683057427406,0.31781721115112305,0.31781721115112305,25.858315022662282,,,
m5b_smooth0,7,0.02647564560174942,0.3222297430038452,0.009511727839708328,0.023797480389475822,0.3222297430038452,0.3222297430038452,26.181513352319598,,,
m5b_smooth0,8,0.017051517963409424,0.31938812136650085,0.012675005942583084,0.02916085533797741,0.31938812136650085,0.31938812136650085,25.970595402643085,,,
m5b_smooth0,9,0.12933330424129963,0.3455938696861267,0.01712566241621971,0.03696504980325699,0.25472116470336914,0.3455938696861267,27.48501532152295,,,
m5b_smooth0,10,0.10890409536659718,0.3552655875682831,0.023100590333342552,0.06609906256198883,0.2002694457769394,0.3552655875682831,27.912937378510833,,,
m5b_smooth0,11,0.12940212339162827,0.36443352699279785,0.026963239535689354,0.10860099643468857,0.1355677843093872,0.36443352699279785,28.269821716472507,,,
m5b_smooth0,12,0.2842757813632488,0.4355023503303528,0.01816404052078724,0.04627720266580582,0.06455270200967789,0.43550240993499756,32.83603932149708,,,
m5b_smooth0,13,0.10064583737403154,0.46066421270370483,0.014700827188789845,0.02262977883219719,0.04134116694331169,0.46066421270370483,34.46113007236272,,,
m5b_smooth0,14,0.023923818953335285,0.4547295868396759,0.020244315266609192,0.022537169978022575,0.047759637236595154,0.4547295868396759,34.07216271199286,,,
m5b_smooth0,15,0.041498810052871704,0.44435474276542664,0.026993228122591972,0.02712273970246315,0.05717427656054497,0.44435474276542664,33.39083234779537,,,
m5b_smooth0,16,0.156363682821393,0.4793175160884857,0.03643102943897247,0.041986241936683655,0.07609201967716217,0.3661728799343109,34.580505177378654,,,
m5b_smooth0,17,0.21799501217901707,0.5800533294677734,0.02952582575380802,0.046909887343645096,0.07943019270896912,0.2640807032585144,39.226596450433135,,,
m5b_smooth0,18,0.13844524882733822,0.627457320690155,0.024541832506656647,0.05718141049146652,0.09097741544246674,0.1998421847820282,41.27815780043602,,,
m5b_smooth0,19,0.03890843316912651,0.6318576335906982,0.021799489855766296,0.05620357766747475,0.10603131353855133,0.18410813808441162,41.42160136625171,,,
m5b_smooth0,20,0.23961563222110271,0.7516651749610901,0.017806852236390114,0.032194867730140686,0.05723392590880394,0.1410987824201584,47.59032238833606,,,
m5b_smooth0,21,0.04411485977470875,0.7687462568283081,0.022783564403653145,0.028312070295214653,0.044974733144044876,0.13518370687961578,48.43989021331072,,,
m5b_smooth0,22,0.21371342241764069,0.661889374256134,0.03699676692485809,0.03902395814657211,0.0616643987596035,0.20042549073696136,43.1050387583673,,,
m5b_smooth0,23,0.11726700142025948,0.6053887009620667,0.03486396372318268,0.03971920162439346,0.06761603057384491,0.2524121403694153,40.48442580550909,,,
m5b_smooth0,24,0.13249572552740574,0.5438264608383179,0.03017791174352169,0.04276258498430252,0.07875259220600128,0.3044796288013458,37.60203626565635,,,
m5b_smooth0,25,0.17972841672599316,0.6280355453491211,0.021657489240169525,0.04114004969596863,0.08440842479467392,0.2247590869665146,41.56469655036926,,,
m5b_smooth0,26,0.18409623764455318,0.720083475112915,0.01636420749127865,0.03544466570019722,0.08169092237949371,0.14641694724559784,45.9493804294616,,,
m5b_smooth0,27,0.09904319047927856,0.6722607612609863,0.020817680284380913,0.053362879902124405,0.10884077101945877,0.1447180062532425,43.30448948033154,,,
m5b_smooth0,28,0.07049737684428692,0.6480398178100586,0.029257066547870636,0.06671641767024994,0.09781299531459808,0.15817373991012573,42.01091871410608,,,
m5b_smooth0,29,0.24027657508850098,0.5312731862068176,0.043341055512428284,0.07137425988912582,0.09444144368171692,0.25957030057907104,36.428929321467876,,,
m5b_smooth0,30,0.3251883089542389,0.4226014316082001,0.03420855849981308,0.05146266520023346,0.06956318020820618,0.4221644997596741,31.941927708685398,,,
m5b_smooth0,31,0.1692819446325302,0.3706094026565552,0.02294635772705078,0.04276932403445244,0.05686972662806511,0.506805419921875,29.881182454526424,,,
m5b_smooth0,32,0.0990780871361494,0.39715608954429626,0.024869723245501518,0.05367952585220337,0.06702852994203568,0.4572663903236389,30.886202847585082,,,
m5b_smooth0,33,0.4343928378075361,0.5845218300819397,0.032649461179971695,0.05925266444683075,0.08350639045238495,0.24007003009319305,39.22724241390824,,,
m5b_smooth0,34,0.13814107701182365,0.570958137512207,0.040915898978710175,0.06993276625871658,0.13363051414489746,0.1845633089542389,38.02750237286091,,,
m5b_smooth0,35,0.22637276351451874,0.45777177810668945,0.05115799605846405,0.0708780288696289,0.1922631412744522,0.2279297262430191,32.26695692539215,,,
m5b_smooth0,36,0.19430606067180634,0.5084133148193359,0.05302583426237106,0.05271528661251068,0.11327264457941055,0.27257317304611206,35.3249035179615,,,
m5b_smooth0,37,0.15889177843928337,0.47616955637931824,0.051578816026449203,0.05452391505241394,0.06751716881990433,0.3502100706100464,34.160885114222765,,,
m5b_smooth0,38,0.07662490755319595,0.4877399206161499,0.04336972162127495,0.08067233115434647,0.06811120361089706,0.3201070725917816,34.50805939361453,,,
m5b_smooth0,39,0.24783125147223473,0.39434918761253357,0.027143873274326324,0.06637333333492279,0.07950570434331894,0.43262824416160583,30.500550478696823,,,
m5b_smooth0,40,0.2370200715959072,0.30489131808280945,0.0221678726375103,0.042297206819057465,0.08528441190719604,0.5453596115112305,26.67456402257085,,,
m5b_smooth0,41,0.36021819710731506,0.46429985761642456,0.029222384095191956,0.04357834532856941,0.09764856100082397,0.36524975299835205,33.81498534604907,,,
m5b_smooth0,42,0.3979559950530529,0.2653225064277649,0.03953127935528755,0.05708977207541466,0.12599456310272217,0.5120620727539062,24.180981941521168,,,
m5b_smooth0,43,0.4291357956826687,0.09222634136676788,0.033605366945266724,0.04570047929883003,0.10183809697628021,0.7266300320625305,16.58997441455722,,,
m5b_smooth0,44,0.050235312432050705,0.10716472566127777,0.03418756276369095,0.05529715120792389,0.09379551559686661,0.7095545530319214,17.220294907689095,,,
m5b_smooth0,45,0.48537034913897514,0.3354499340057373,0.04073534533381462,0.06314973533153534,0.07991509139537811,0.4807502031326294,27.647089075297117,,,
m5b_smooth0,46,0.11866054125130177,0.39477983117103577,0.02895117737352848,0.05123274773359299,0.0664200559258461,0.4586157500743866,30.75500018335879,,,
m5b_smooth0,47,0.4903749208897352,0.1696677803993225,0.018252141773700714,0.042116496711969376,0.06616026163101196,0.703803539276123,20.641039837151766,,,
m5b_smooth0,48,0.2365669710561633,0.08103320002555847,0.013722364790737629,0.027135759592056274,0.05602225288748741,0.8220874071121216,16.85850111488253,,,
m5b_smooth0,49,0.025294178165495396,0.07424643635749817,0.018486227840185165,0.02624756284058094,0.06390467286109924,0.8171144723892212,16.43895042128861,,,
m5b_smooth0,50,0.30217898823320866,0.13501939177513123,0.037099841982126236,0.0470934696495533,0.11476187407970428,0.6660251617431641,18.407229140400887,,,
m5b_smooth0,51,0.4267989359796047,0.31019604206085205,0.04674015939235687,0.061963487416505814,0.12847450375556946,0.4526258409023285,26.080476444214582,,,
m5b_smooth0,52,0.044886913150548935,0.3121853172779083,0.027655940502882004,0.058604221791028976,0.14517517387866974,0.45637932419776917,26.340124398469925,,,
m5b_smooth0,53,0.4420540779829025,0.11127578467130661,0.01670791581273079,0.04943489655852318,0.15962384641170502,0.6629578471183777,17.24033647030592,,,
m5b_smooth0,54,0.28712422121316195,0.045507222414016724,0.013121555559337139,0.032203055918216705,0.10264840722084045,0.8065198659896851,14.849981042556465,,,
m5b_smooth0,55,0.036673557944595814,0.033924538642168045,0.01768805831670761,0.04095182940363884,0.10766924917697906,0.7997651100158691,14.126412149518728,,,
m5b_smooth0,56,0.11983565054833889,0.04297838732600212,0.03013615496456623,0.07490304857492447,0.11213422566652298,0.7398476004600525,13.976354526355863,,,
m5b_smooth0,57,0.12974458001554012,0.06871504336595535,0.04960111156105995,0.09282007813453674,0.11388801783323288,0.6749754548072815,14.697836440056562,,,
m5b_smooth0,58,0.11607828363776207,0.11740931868553162,0.05686076730489731,0.06427362561225891,0.11597359925508499,0.645483136177063,17.142819866538048,,,
m5b_smooth0,59,0.139603890478611,0.1688264012336731,0.032488614320755005,0.03761250525712967,0.09720464050769806,0.663867712020874,20.249490655958652,,,
m5b_smooth0,60,0.04875125177204609,0.1911705732345581,0.019844835624098778,0.033784419298172,0.08930087089538574,0.6658991575241089,21.539126789197326,,,
m5b_smooth0,61,0.16658318787813187,0.11042290180921555,0.017300711944699287,0.04841087386012077,0.14257481694221497,0.6812901496887207,17.32399325631559,,,
m5b_smooth0,62,0.1702984105795622,0.06776876002550125,0.021592412143945694,0.0749388113617897,0.19690431654453278,0.638795018196106,14.633994918316603,,,
m5b_smooth0,63,0.3165341131389141,0.042488303035497665,0.024887163192033768,0.040053412318229675,0.09880384057760239,0.793768048286438,14.498725142329931,,,
m5b_smooth0,64,0.1204597782343626,0.03695850446820259,0.03642965108156204,0.027915718033909798,0.05624173954129219,0.8424557447433472,14.525759676471353,,,
m5b_smooth0,65,0.05911957658827305,0.04941077157855034,0.046887002885341644,0.03456464037299156,0.05131005868315697,0.8178263902664185,14.923967093229294,,,
m5b_smooth0,66,0.10319709777832031,0.07962508499622345,0.03649969398975372,0.04839130491018295,0.05886797979474068,0.7766155004501343,16.243871573358774,,,
m5b_smooth0,67,0.21135888062417507,0.13650847971439362,0.020656434819102287,0.07291152328252792,0.08314386755228043,0.6867793798446655,18.626818178221583,,,
m5b_smooth0,68,0.08758308179676533,0.12028899043798447,0.011439066380262375,0.05455707758665085,0.11612580716609955,0.6975892186164856,17.971579436212778,,,
m5b_smooth0,69,0.16770225763320923,0.050869084894657135,0.010063569992780685,0.04150121659040451,0.18323922157287598,0.714326798915863,14.469962049275637,,,
m5b_smooth0,70,0.15216293931007385,0.022531725466251373,0.01232951506972313,0.03751600533723831,0.139480322599411,0.7881423234939575,13.487135846167803,,,
m5b_smooth0,71,0.16276731342077255,0.016317833214998245,0.0208585262298584,0.04125902056694031,0.06431069225072861,0.8572540879249573,13.575437657535076,,,
m5b_smooth0,72,0.128505676984787,0.02389216423034668,0.055000822991132736,0.06379464268684387,0.0573648065328598,0.7999465465545654,13.2807199023664,,,
m5b_smooth0,73,0.11015389487147331,0.024880368262529373,0.03493847697973251,0.03973490744829178,0.046410445123910904,0.8540357947349548,13.928339537233114,,,
m5b_smooth0,74,0.08653824403882027,0.023725884035229683,0.011667568236589432,0.02413860894739628,0.043161917477846146,0.8973038196563721,14.372023334726691,,,
m5b_smooth0,75,0.040133458096534014,0.030418770387768745,0.007430959027260542,0.023689987137913704,0.05653693526983261,0.881923496723175,14.646314644720405,,,
m5b_smooth0,76,0.20161596359685063,0.0538163036108017,0.010530266910791397,0.040349677205085754,0.11418876051902771,0.7811158895492554,15.09550129249692,,,
m5b_smooth0,77,0.13842277973890305,0.07306116819381714,0.019624024629592896,0.060509633272886276,0.13490070402622223,0.7119036316871643,15.495778787881136,,,
m5b_smooth0,78,0.1884586103260517,0.059376876801252365,0.02458249405026436,0.0466473251581192,0.06821799278259277,0.8011744618415833,15.421105492860079,,,
m5b_smooth0,79,0.15184881538152695,0.034224774688482285,0.02566603384912014,0.030990755185484886,0.03310247138142586,0.8760155439376831,14.668059695512056,,,
m5b_smooth0,80,0.03968559205532074,0.024000898003578186,0.0288020521402359,0.029475852847099304,0.024999335408210754,0.8927232027053833,14.230403676629066,,,
m5b_smooth0,81,0.01731136441230774,0.0199107825756073,0.027394529432058334,0.03280920162796974,0.03032120317220688,0.8895646929740906,13.986623212695122,,,
m5b_smooth0,82,0.06162978708744049,0.01833154633641243,0.022451825439929962,0.04255758970975876,0.0513874776661396,0.8652715086936951,13.72353084012866,,,
m5b_smooth0,83,0.04097290709614754,0.018010156229138374,0.018407238647341728,0.04230048879981041,0.07187454402446747,0.849408745765686,13.620762327685952,,,
m5b_smooth0,84,0.08201214112341404,0.024797337129712105,0.024244502186775208,0.048231642693281174,0.09432493895292282,0.8084025979042053,13.63469060137868,,,
m5b_smooth0,85,0.27158203162252903,0.034410495311021805,0.03786460682749748,0.09177045524120331,0.1633429378271103,0.6726106405258179,12.937755223363638,,,
m5b_smooth0,86,0.06076904200017452,0.028623005375266075,0.03193528577685356,0.0731034055352211,0.1927911341190338,0.673547625541687,12.747830521315336,,,
m5b_smooth0,87,0.29701088555157185,0.018331358209252357,0.01595183089375496,0.025721536949276924,0.11794278770685196,0.8220531940460205,13.527342164888978,,,
m5b_smooth0,88,0.08350673411041498,0.014494168572127819,0.011237550526857376,0.01575075089931488,0.09471136331558228,0.8638062477111816,13.68440692871809,,,
m5b_smooth0,89,0.10299801919609308,0.01922655664384365,0.01719791628420353,0.02314833551645279,0.12811991572380066,0.8123071193695068,13.509375402703881,,,
m5b_smooth0,90,0.19995567202568054,0.02764466032385826,0.02953881397843361,0.0517146959900856,0.17877231538295746,0.7123292088508606,13.067377652972937,,,
m5b_smooth0,91,0.16753499954938889,0.027253741398453712,0.02443794719874859,0.0689881220459938,0.10049669444561005,0.7788233757019043,13.473630918189883,,,
m5b_smooth0,92,0.15041950717568398,0.024450352415442467,0.017714472487568855,0.04696867987513542,0.056832753121852875,0.8540326356887817,13.979927828535438,,,
m5b_smooth0,93,0.09478100668638945,0.01940440572798252,0.014092282392084599,0.025986196473240852,0.039093244820833206,0.9014235138893127,14.14989712368697,,,
m5b_smooth0,94,0.03512734454125166,0.020639577880501747,0.018560703843832016,0.026395542547106743,0.05054430663585663,0.883860170841217,14.063974542543292,,,
m5b_smooth0,95,0.04968694597482681,0.02179420180618763,0.02069958858191967,0.030193794518709183,0.06829562038183212,0.8590162992477417,13.923230612650514,,,
m5b_smooth0,96,0.040094709023833275,0.02253814972937107,0.021960459649562836,0.03637593239545822,0.08015624433755875,0.8389691710472107,13.790039345622063,,,
m5b_smooth0,97,0.015668366104364395,0.01810470037162304,0.018559705466032028,0.036977995187044144,0.08444661647081375,0.8419108986854553,13.593654610216618,,,
m5b_smooth0,98,0.06713802739977837,0.01600269414484501,0.01928575336933136,0.04640119522809982,0.10786660760641098,0.8104441165924072,13.21993487328291,,,
m5b_smooth0,99,0.06378851644694805,0.012200530618429184,0.01621704176068306,0.039093855768442154,0.09015021473169327,0.8423380255699158,13.289314307272434,,,
m5b_smooth0,100,0.07111439853906631,0.01246301643550396,0.01493561640381813,0.031017525121569633,0.06395059078931808,0.8776325583457947,13.590279130265117,,,
m5b_smooth0,101,0.03978170081973076,0.018532121554017067,0.018685488030314445,0.036627303808927536,0.06841316819190979,0.857742190361023,13.727777535095811,,,
m5b_smooth0,102,0.16458552703261375,0.028806818649172783,0.02902195416390896,0.061498742550611496,0.10522335767745972,0.7754494547843933,13.534783171489835,,,
m5b_smooth0,103,0.22069405019283295,0.01978084072470665,0.025612663477659225,0.0689840316772461,0.2080853134393692,0.6775379180908203,12.361543249338865,,,
m5b_smooth0,104,0.2412720462307334,0.007870770990848541,0.011404809542000294,0.0244273878633976,0.328721284866333,0.6275764107704163,11.644051977433264,,,
m5b_smooth0,105,0.49769646441563964,0.004755128640681505,0.006734074093401432,0.010492643341422081,0.10159384459257126,0.8764243125915527,13.304617010988295,,,
m5b_smooth0,106,0.12216646131128073,0.005767178256064653,0.0080880643799901,0.011323382146656513,0.04051028564572334,0.9343104362487793,13.752007013186812,,,
m5b_smooth0,107,0.057045983616262674,0.011702203191816807,0.016685085371136665,0.025314638391137123,0.03313038498163223,0.9131676554679871,13.811021063476801,,,
m5b_smooth0,108,0.1631815331056714,0.023988639935851097,0.033196546137332916,0.06651872396469116,0.04471880570054054,0.8315765261650085,13.627174120396376,,,
m5b_smooth0,109,0.24539028853178024,0.026109853759407997,0.03296276926994324,0.16870634257793427,0.06310546398162842,0.7091155052185059,12.475028343498707,,,
m5b_smooth0,110,0.31073374673724174,0.012120526283979416,0.011658387258648872,0.04863332211971283,0.0663338303565979,0.8612541556358337,13.40668492205441,,,
m5b_smooth0,111,0.09021507762372494,0.006998107302933931,0.005925217177718878,0.014381548389792442,0.0819806382060051,0.8907150626182556,13.512831644620746,,,
m5b_smooth0,112,0.03477253718301654,0.0071731191128492355,0.00639342749491334,0.009494130499660969,0.09872379899024963,0.8782163262367249,13.451358126010746,,,
m5b_smooth0,113,0.12141143763437867,0.012561118230223656,0.013212287798523903,0.014992021024227142,0.1417245864868164,0.8175104260444641,13.249073514714837,,,
m5b_smooth0,114,0.10697968490421772,0.021467791870236397,0.026139557361602783,0.03156720846891403,0.15680503845214844,0.7640203237533569,13.202828496694565,,,
m5b_smooth0,115,0.1456673350185156,0.020335881039500237,0.024964144453406334,0.04060076177120209,0.08627879619598389,0.8278205394744873,13.560358418151736,,,
m5b_smooth0,116,0.15943111572414637,0.010119916871190071,0.013046321459114552,0.029408663511276245,0.039888281375169754,0.9075352549552917,13.69317886326462,,,
m5b_smooth0,117,0.06212505744770169,0.006289108190685511,0.007963979616761208,0.019390417262911797,0.02775793895125389,0.9385985732078552,13.778167320415378,,,
m5b_smooth0,118,0.025487173348665237,0.007518382277339697,0.009818985126912594,0.022818410769104958,0.033989306539297104,0.9258550405502319,13.729272867552936,,,
m5b_smooth0,119,0.06810059165582061,0.011120685376226902,0.015107504092156887,0.03452847898006439,0.04743872210383415,0.8918047547340393,13.603271684609354,,,
m5b_smooth0.001,4,,0.20000606775283813,0.20000606775283813,0.20000606775283813,0.20000606775283813,0.20000606775283813,17.00051575899124,,,
m5b_smooth0.001,5,0.43520012870430946,0.27253422141075134,0.041186075657606125,0.1412103921175003,0.27253422141075134,0.27253422141075134,22.540089186280966,,,
m5b_smooth0.001,6,0.2626263629645109,0.3163055181503296,0.01291557215154171,0.038168422877788544,0.3163055181503296,0.3163055181503296,25.748167810961604,,,
m5b_smooth0.001,7,0.024658470414578915,0.32041507959365845,0.010407586582005024,0.028346652165055275,0.32041507959365845,0.32041510939598083,26.04906940739602,,,
m5b_smooth0.001,8,0.01772983931005001,0.31746020913124084,0.013769351877272129,0.033850084990262985,0.31746020913124084,0.31746020913124084,25.82959654647857,,,
m5b_smooth0.001,9,0.07666867505759001,0.33345651626586914,0.017377320677042007,0.03658339008688927,0.279125452041626,0.33345654606819153,26.75678827613592,,,
m5b_smooth0.001,10,0.05547160096466541,0.325083464384079,0.022718535736203194,0.05897815525531769,0.2681359648704529,0.325083464384079,26.13278112001717,,,
m5b_smooth0.001,11,0.1945909671485424,0.3553978204727173,0.026268763467669487,0.0920945256948471,0.17084036767482758,0.35539788007736206,27.79787446372211,,,
m5b_smooth0.001,12,0.2917436324059963,0.42833399772644043,0.01902404986321926,0.045808207243680954,0.07850000262260437,0.42833393812179565,32.40266368724406,,,
m5b_smooth0.001,13,0.09691079892218113,0.45256155729293823,0.01688862219452858,0.027530957013368607,0.05045706033706665,0.45256155729293823,33.94223615527153,,,
m5b_smooth0.001,14,0.028394915163517,0.445463091135025,0.02331942692399025,0.03077637031674385,0.054978854954242706,0.4454631209373474,33.464769683778286,,,
m5b_smooth0.001,15,0.010958574712276459,0.4427931308746338,0.026430312544107437,0.03314366191625595,0.05483831837773323,0.44279322028160095,33.27642246335745,,,
m5b_smooth0.001,16,0.07859882712364197,0.4549467861652374,0.03162761405110359,0.04438379779458046,0.06554748862981796,0.403494656085968,33.56934378296137,,,
m5b_smooth0.001,17,0.061786992475390434,0.48192906379699707,0.026793772354722023,0.04533660411834717,0.06850554049015045,0.377434641122818,34.84217117168009,,,
m5b_smooth0.001,18,0.06620408035814762,0.48470059037208557,0.026298612356185913,0.05704536288976669,0.0871274545788765,0.34482792019844055,34.71695318818092,,,
m5b_smooth0.001,19,0.0331695843487978,0.4955083131790161,0.023805947974324226,0.0500054694712162,0.09290463477373123,0.3377757966518402,35.28351474367082,,,
m5b_smooth0.001,20,0.31115682795643806,0.6510865688323975,0.019757971167564392,0.02868097461760044,0.05483217537403107,0.24564215540885925,42.99381042830646,,,
m5b_smooth0.001,21,0.058469826355576515,0.6740350723266602,0.026044374331831932,0.028356121852993965,0.049927968531847,0.22163629531860352,44.0056209936738,,,
m5b_smooth0.001,22,0.10936057940125465,0.6193545460700989,0.03597470745444298,0.038621749728918076,0.06371650844812393,0.2423318475484848,41.151774145662785,,,
m5b_smooth0.001,23,0.03752385079860687,0.6381171345710754,0.029889773577451706,0.03814155235886574,0.06333024799823761,0.23052197694778442,42.10196191817522,,,
m5b_smooth0.001,24,0.09209984727203846,0.5937784314155579,0.028178172186017036,0.04441433772444725,0.07556736469268799,0.25806161761283875,39.92996126972139,,,
m5b_smooth0.001,25,0.1562768891453743,0.6677427887916565,0.022251108661293983,0.04273553565144539,0.07974136620759964,0.18752895295619965,43.39861994795501,,,
m5b_smooth0.001,26,0.02200939692556858,0.6689451336860657,0.020056262612342834,0.04034602269530296,0.08954358100891113,0.1811084747314453,43.440126065164804,,,
m5b_smooth0.001,27,0.07510197162628174,0.6313949227333069,0.023800883442163467,0.05656011402606964,0.10422004014253616,0.18402506411075592,41.38306776806712,,,
m5b_smooth0.001,28,0.07828771509230137,0.6635914444923401,0.028671329841017723,0.058636732399463654,0.08005652576684952,0.16904444992542267,42.94708617590368,,,
m5b_smooth0.001,29,0.2744192276149988,0.5263816118240356,0.04220382869243622,0.0654519721865654,0.09030041843652725,0.27566221356391907,36.31283037364483,,,
m5b_smooth0.001,30,0.16395018994808197,0.4824851453304291,0.0331108495593071,0.051816485822200775,0.07495070993900299,0.35763776302337646,34.669252678751945,,,
m5b_smooth0.001,31,0.056711576879024506,0.4627176523208618,0.02452246844768524,0.0536881759762764,0.07524396479129791,0.3838285207748413,33.84895318001509,,,
m5b_smooth0.001,32,0.041298799216747284,0.4513028860092163,0.02646634727716446,0.06523207575082779,0.0824051946401596,0.37459349632263184,33.12148104608059,,,
m5b_smooth0.001,33,0.2760820612311363,0.5798790454864502,0.033125802874565125,0.057590752840042114,0.08521056920289993,0.24419374763965607,39.01382724195719,,,
m5b_smooth0.001,34,0.11355485394597054,0.5231020450592041,0.040931541472673416,0.0616689994931221,0.11762648820877075,0.2566716969013214,36.02885041758418,,,
m5b_smooth0.001,35,0.19940939918160439,0.42697039246559143,0.04716452583670616,0.058095138520002365,0.13620421290397644,0.33156487345695496,31.435011208057404,,,
m5b_smooth0.001,36,0.11154185235500336,0.47659769654273987,0.05330875515937805,0.05557636916637421,0.11270074546337128,0.30181679129600525,33.830239951610565,,,
m5b_smooth0.001,37,0.054439276456832886,0.4734458029270172,0.0532720685005188,0.06950105726718903,0.08866961300373077,0.3151116669178009,33.70077404379845,,,
m5b_smooth0.001,38,0.12523214146494865,0.5028070211410522,0.04006785526871681,0.09553661197423935,0.09588854759931564,0.26569944620132446,34.88611103966832,,,
m5b_smooth0.001,39,0.24166134744882584,0.43534231185913086,0.02420506626367569,0.058033768087625504,0.09911666810512543,0.38330233097076416,32.37889439240098,,,
m5b_smooth0.001,40,0.22526794113218784,0.3494751453399658,0.022492123767733574,0.03657664731144905,0.09551969170570374,0.4959360659122467,28.71247355081141,,,
m5b_smooth0.001,41,0.22441843338310719,0.4480553865432739,0.03200575336813927,0.04069194197654724,0.09249945729970932,0.3867470324039459,33.099359426647425,,,
m5b_smooth0.001,42,0.45899466425180435,0.2185584455728531,0.04068505018949509,0.055847372859716415,0.10200472921133041,0.5829047560691833,22.19643359258771,,,
m5b_smooth0.001,43,0.24726403132081032,0.10461543500423431,0.036400582641363144,0.05317842587828636,0.09926889836788177,0.7065365314483643,17.059255689382553,,,
m5b_smooth0.001,44,0.16742052882909775,0.1739031970500946,0.036167584359645844,0.06597543507814407,0.10089439898729324,0.6230592727661133,20.097376324236393,,,
m5b_smooth0.001,45,0.7120036035776138,0.5299050211906433,0.03186190873384476,0.05029946565628052,0.06752721965312958,0.32040631771087646,36.93544056266546,,,
m5b_smooth0.001,46,0.3826495446264744,0.3429171144962311,0.02795645222067833,0.049867935478687286,0.07816533744335175,0.5010928511619568,28.315044406801462,,,
m5b_smooth0.001,47,0.5244197491556406,0.10144341737031937,0.01857571490108967,0.04227461665868759,0.07440353184938431,0.7633030414581299,17.439071910455823,,,
m5b_smooth0.001,48,0.13849526084959507,0.052822574973106384,0.01670491322875023,0.03209466114640236,0.06582717597484589,0.8325503468513489,15.398838482797146,,,
m5b_smooth0.001,49,0.041894713416695595,0.055857133120298386,0.024348581209778786,0.03292369470000267,0.07526765018701553,0.8116033673286438,15.363868346437812,,,
m5b_smooth0.001,50,0.19417663104832172,0.09555093199014664,0.03891316428780556,0.0481453463435173,0.1028762087225914,0.7145153284072876,16.639753181487322,,,
m5b_smooth0.001,51,0.22029460221529007,0.19884651899337769,0.040521856397390366,0.05338802933692932,0.09710309654474258,0.6101408004760742,21.353169966489077,,,
m5b_smooth0.001,52,0.1382690593600273,0.2679807245731354,0.024570230394601822,0.04880619794130325,0.09414926171302795,0.5644932389259338,24.811782475560904,,,
m5b_smooth0.001,53,0.21242490783333778,0.1670333296060562,0.01930573210120201,0.053847987204790115,0.12478840351104736,0.6350253224372864,19.966722808778286,,,
m5b_smooth0.001,54,0.19342301413416862,0.08978509157896042,0.018536537885665894,0.04247346147894859,0.1174682080745697,0.7317361831665039,16.59964643791318,,,
m5b_smooth0.001,55,0.06805822253227234,0.06186395138502121,0.022328179329633713,0.051659271121025085,0.13851997256278992,0.7256283164024353,15.017579313367605,,,
m5b_smooth0.001,56,0.058841368183493614,0.06477217376232147,0.027923667803406715,0.07257481664419174,0.10909875482320786,0.7256292104721069,15.054478773847222,,,
m5b_smooth0.001,57,0.08455227129161358,0.08929641544818878,0.03929765522480011,0.07895329594612122,0.09914565831422806,0.6933067440986633,16.034256495535374,,,
m5b_smooth0.001,58,0.10427998006343842,0.13004350662231445,0.049733348190784454,0.06324292719364166,0.10010331869125366,0.6568775773048401,17.939081840217113,,,
m5b_smooth0.001,59,0.07545818760991096,0.15917865931987762,0.035683825612068176,0.046755824238061905,0.09291070699691772,0.6654713749885559,19.693645056337118,,,
m5b_smooth0.001,60,0.04936450719833374,0.17231115698814392,0.024376194924116135,0.04744768887758255,0.10376811772584915,0.6520962715148926,20.36111330613494,,,
m5b_smooth0.001,61,0.1663070097565651,0.10248298943042755,0.020757313817739487,0.0649612620472908,0.1694084256887436,0.6423901915550232,16.543942127376795,,,
m5b_smooth0.001,62,0.06859974190592766,0.06818282604217529,0.022624894976615906,0.07015073299407959,0.1696626842021942,0.6693784594535828,14.88298387825489,,,
m5b_smooth0.001,63,0.33219609782099724,0.04338214546442032,0.022423019632697105,0.028942754492163658,0.0697755366563797,0.8354768753051758,14.897285021841526,,,
m5b_smooth0.001,64,0.0466732494533062,0.04918123036623001,0.03995993360877037,0.02809857204556465,0.061032842844724655,0.8217265009880066,15.00653038546443,,,
m5b_smooth0.001,65,0.10136699303984642,0.07099121063947678,0.048400308936834335,0.04191410914063454,0.0676506832242012,0.7710432410240173,15.701775431632996,,,
m5b_smooth0.001,66,0.0964821595698595,0.10402882099151611,0.030335744842886925,0.05426280200481415,0.07050581276416779,0.7408670783042908,17.30053319595754,,,
m5b_smooth0.001,67,0.1457658726722002,0.14810830354690552,0.016841482371091843,0.07062050700187683,0.08295141905546188,0.6814782619476318,19.236556816846132,,,
m5b_smooth0.001,68,0.112822275608778,0.114845409989357,0.011281922459602356,0.0530320480465889,0.10710188746452332,0.7137391567230225,17.803164072334766,,,
m5b_smooth0.001,69,0.14641376584768295,0.04917166009545326,0.012292016297578812,0.04549857974052429,0.16174328327178955,0.7312942147254944,14.469409350305796,,,
m5b_smooth0.001,70,0.12145893275737762,0.02276810258626938,0.016977209597826004,0.04406019672751427,0.12885630130767822,0.7873390316963196,13.439984507858753,,,
m5b_smooth0.001,71,0.10838362015783787,0.018394220620393753,0.029288822785019875,0.050784241408109665,0.0790376365184784,0.8224944472312927,13.353480501100421,,,
m5b_smooth0.001,72,0.09701264277100563,0.02640850655734539,0.06077280640602112,0.05979248136281967,0.07567260414361954,0.7773533463478088,13.237315721809864,,,
m5b_smooth0.001,73,0.16686931811273098,0.02471727691590786,0.027600280940532684,0.028710687533020973,0.058183059096336365,0.860787570476532,14.05507635883987,,,
m5b_smooth0.001,74,0.0458843233063817,0.027122704312205315,0.010960833169519901,0.02240946516394615,0.06637197732925415,0.8731368780136108,14.394071620889008,,,
m5b_smooth0.001,75,0.05231649987399578,0.036138299852609634,0.008147438056766987,0.026606552302837372,0.0793168693780899,0.8497913479804993,14.708562043495476,,,
m5b_smooth0.001,76,0.14069393184036016,0.055561404675245285,0.011812757700681686,0.04398488253355026,0.10919679701328278,0.7794440984725952,15.154046643525362,,,
m5b_smooth0.001,77,0.04734124429523945,0.060331542044878006,0.0204953420907259,0.05420302972197533,0.0881546288728714,0.7768158912658691,15.2955018337816,,,
m5b_smooth0.001,78,0.1319594383239746,0.04625549167394638,0.025075269863009453,0.04110673815011978,0.049346085637807846,0.8382145166397095,15.00415081717074,,,
m5b_smooth0.001,79,0.04551871679723263,0.0362933985888958,0.030985374003648758,0.037698011845350266,0.03995930030941963,0.8550655245780945,14.572315771132708,,,
m5b_smooth0.001,80,0.01520446315407753,0.0294887013733387,0.03221357613801956,0.038759030401706696,0.039160601794719696,0.8603773713111877,14.237220160663128,,,
m5b_smooth0.001,81,0.02697274088859558,0.024172091856598854,0.025071995332837105,0.03773114085197449,0.051694005727767944,0.8613306283950806,14.009077766910195,,,
m5b_smooth0.001,82,0.057916341349482536,0.019921405240893364,0.017913274466991425,0.040019139647483826,0.07836485654115677,0.8437825441360474,13.694764621555805,,,
m5b_smooth0.001,83,0.014594059437513351,0.01817331090569496,0.015427665784955025,0.03695571795105934,0.0801563486456871,0.8492879867553711,13.667819729074836,,,
m5b_smooth0.001,84,0.0432381946593523,0.024410128593444824,0.023237794637680054,0.044527601450681686,0.07784310728311539,0.8299818634986877,13.78607615455985,,,
m5b_smooth0.001,85,0.2033403106033802,0.03290342912077904,0.04027209058403969,0.09051276743412018,0.10799997299909592,0.7283111810684204,13.2383724860847,,,
m5b_smooth0.001,86,0.06206401810050011,0.026218753308057785,0.033309318125247955,0.0731285884976387,0.13022953271865845,0.7371140122413635,13.05702318251133,,,
m5b_smooth0.001,87,0.1501701232045889,0.01761867105960846,0.016450176015496254,0.027110692113637924,0.12662139534950256,0.8121988773345947,13.412036566063762,,,
m5b_smooth0.001,88,0.034520020708441734,0.015421697869896889,0.01194508746266365,0.0181304682046175,0.14388234913349152,0.8106220960617065,13.347524153068662,,,
m5b_smooth0.001,89,0.06776395440101624,0.02025759592652321,0.01728137955069542,0.02533373236656189,0.16038775444030762,0.7767390012741089,13.305798631161451,,,
m5b_smooth0.001,90,0.08625598810613155,0.027364881709218025,0.027370966970920563,0.051265325397253036,0.1472993642091751,0.746699869632721,13.30795357003808,,,
m5b_smooth0.001,91,0.1594388335943222,0.026140671223402023,0.023088568821549416,0.06731172651052475,0.07308673858642578,0.810373067855835,13.650294141843915,,,
m5b_smooth0.001,92,0.08545245416462421,0.02538035623729229,0.01942344196140766,0.05095180869102478,0.051145683974027634,0.8530991077423096,13.996507538482547,,,
m5b_smooth0.001,93,0.06670533120632172,0.021433908492326736,0.017139004543423653,0.029810557141900063,0.0451645664870739,0.8864511847496033,14.119073737412691,,,
m5b_smooth0.001,94,0.08182797394692898,0.023634757846593857,0.023374000564217567,0.032355617731809616,0.07509829103946686,0.8455378413200378,13.901744140312076,,,
m5b_smooth0.001,95,0.019677966833114624,0.02084108255803585,0.019460519775748253,0.029223812744021416,0.08457531780004501,0.8458998203277588,13.792221620678902,,,
m5b_smooth0.001,96,0.011302011087536812,0.02014458365738392,0.01773262582719326,0.031475815922021866,0.08134746551513672,0.8492975831031799,13.78043351508677,,,
m5b_smooth0.001,97,0.022194935008883476,0.017260488122701645,0.01600954867899418,0.033452413976192474,0.07485807687044144,0.8584193587303162,13.693873638287187,,,
m5b_smooth0.001,98,0.071360033005476,0.01722516492009163,0.01970655657351017,0.04748748615384102,0.09280599653720856,0.8227746486663818,13.364165967330337,,,
m5b_smooth0.001,99,0.059264431707561016,0.013251005671918392,0.01748524233698845,0.039675939828157425,0.07718067616224289,0.8524067401885986,13.405532497912645,,,
m5b_smooth0.001,100,0.01290881261229515,0.014588751830160618,0.017568664625287056,0.0354684442281723,0.07493390142917633,0.8574401140213013,13.527998013421893,,,
m5b_smooth0.001,101,0.07886589039117098,0.02105802856385708,0.02069043554365635,0.04239542782306671,0.09784840047359467,0.8180067539215088,13.548391791060567,,,
m5b_smooth0.001,102,0.065802788361907,0.025478702038526535,0.02440238930284977,0.05335049331188202,0.11166250705718994,0.7851057648658752,13.486294249072671,,,
m5b_smooth0.001,103,0.1441501211374998,0.017656633630394936,0.022139279171824455,0.058170318603515625,0.17891760170459747,0.7231157422065735,12.632091855630279,,,
m5b_smooth0.001,104,0.10389581974595785,0.0082100173458457,0.012263184413313866,0.025545086711645126,0.23006892204284668,0.7239122986793518,12.326754121109843,,,
m5b_smooth0.001,105,0.27560874074697495,0.005903294309973717,0.008967611007392406,0.014097809791564941,0.1093144416809082,0.8617169857025146,13.234697590582073,,,
m5b_smooth0.001,106,0.03433205932378769,0.00949905626475811,0.014489012770354748,0.022146113216876984,0.09267356246709824,0.8611912727355957,13.3562634838745,,,
m5b_smooth0.001,107,0.07965651247650385,0.01671997271478176,0.024898122996091843,0.04434507340192795,0.08394690603017807,0.8300904035568237,13.37002569809556,,,
m5b_smooth0.001,108,0.04604152403771877,0.020563194528222084,0.026467470452189445,0.06195265054702759,0.0831432193517685,0.8078727126121521,13.338337605819106,,,
m5b_smooth0.001,109,0.07913131453096867,0.018506037071347237,0.021202851086854935,0.09874028712511063,0.08592109382152557,0.7756286859512329,12.88803519681096,,,
m5b_smooth0.001,110,0.0947944475337863,0.013788079842925072,0.014017161913216114,0.06324716657400131,0.09923677891492844,0.809710681438446,13.061650444753468,,,
m5b_smooth0.001,111,0.0798757765442133,0.011065399274230003,0.01094891969114542,0.029099950566887856,0.13100482523441315,0.8178802728652954,13.129530324600637,,,
m5b_smooth0.001,112,0.07286470104008913,0.010288373567163944,0.011201371438801289,0.016980668529868126,0.1074686050415039,0.8540599942207336,13.38856594543904,,,
m5b_smooth0.001,113,0.055114224553108215,0.014149675145745277,0.01780991069972515,0.021512743085622787,0.12002455443143845,0.8265036344528198,13.342551412060857,,,
m5b_smooth0.001,114,0.0399194173514843,0.017598731443285942,0.02278168685734272,0.033051326870918274,0.10910407453775406,0.8174641132354736,13.386085661128163,,,
m5b_smooth0.001,115,0.09614362008869648,0.015626797452569008,0.01830652356147766,0.03446038439869881,0.06748001277446747,0.864127516746521,13.62944084778428,,,
m5b_smooth0.001,116,0.07165275607258081,0.010871651582419872,0.01297968439757824,0.02904893457889557,0.04714648053050041,0.899953305721283,13.681797226890922,,,
m5b_smooth0.001,117,0.014754892326891422,0.009627902880311012,0.01136792078614235,0.02452697791159153,0.053986866027116776,0.9004903435707092,13.647395899519324,,,
m5b_smooth0.001,118,0.0522406380623579,0.01139325462281704,0.01482861302793026,0.03018929623067379,0.06921877712011337,0.8743699789047241,13.514702923595905,,,
m5b_smooth0.001,119,0.027312366291880608,0.011030977591872215,0.01562989316880703,0.03372061252593994,0.05592482164502144,0.883693516254425,13.54183336533606,,,
m5b_smooth0.01,4,,0.20000606775283813,0.20000606775283813,0.20000606775283813,0.20000606775283813,0.20000606775283813,17.00051575899124,,,
m5b_smooth0.01,5,0.35873207077383995,0.25978976488113403,0.046415720134973526,0.1742154359817505,0.25978976488113403,0.25978976488113403,21.61203298345208,,,
m5b_smooth0.01,6,0.16240820288658142,0.2868577539920807,0.020892281085252762,0.1185346394777298,0.2868577539920807,0.2868577539920807,23.611974272876978,,,
m5b_smooth0.01,7,0.05273830145597458,0.29564735293388367,0.019075561314821243,0.09398185461759567,0.29564735293388367,0.29564735293388367,24.248456712812185,,,
m5b_smooth0.01,8,0.0219710860401392,0.2986093759536743,0.021175047382712364,0.08299632370471954,0.2986093759536743,0.2986093759536743,24.45752347074449,,,
m5b_smooth0.01,9,0.0790098886936903,0.3079763650894165,0.0176180861890316,0.04704837128520012,0.31938040256500244,0.3079763352870941,25.184676617383957,,,
m5b_smooth0.01,10,0.09342111274600029,0.28462132811546326,0.0195201076567173,0.04756094515323639,0.36367684602737427,0.28462129831314087,23.769918728619814,,,
m5b_smooth0.01,11,0.08367996290326118,0.3047625720500946,0.02107754722237587,0.04707464203238487,0.32232311367988586,0.3047625422477722,24.97099318355322,,,
m5b_smooth0.01,12,0.2077581901103258,0.35664767026901245,0.021186167374253273,0.04387521743774414,0.22164319455623627,0.35664767026901245,28.09624178148806,,,
m5b_smooth0.01,13,0.06312757544219494,0.36901021003723145,0.023330338299274445,0.0485699325799942,0.19007958471775055,0.36901021003723145,28.806352771818638,,,
m5b_smooth0.01,14,0.06739348918199539,0.3828490674495697,0.025843732059001923,0.05207579582929611,0.15638306736946106,0.3828490674495697,29.607583582401276,,,
m5b_smooth0.01,15,0.07429618760943413,0.40142300724983215,0.023850899189710617,0.04855392873287201,0.12474939972162247,0.4014229476451874,30.748060185462236,,,
m5b_smooth0.01,16,0.05034207925200462,0.376251757144928,0.028348177671432495,0.0545438677072525,0.1256094127893448,0.41524654626846313,29.459802746772766,,,
m5b_smooth0.01,17,0.10261671617627144,0.3692571222782135,0.024764269590377808,0.04385420307517052,0.09556911885738373,0.46655476093292236,29.5125047005713,,,
m5b_smooth0.01,18,0.09446580708026886,0.39945873618125916,0.028469428420066833,0.050900619477033615,0.10184916853904724,0.4193221926689148,30.732150334864855,,,
m5b_smooth0.01,19,0.08011458441615105,0.38154590129852295,0.02471785992383957,0.04509303718805313,0.08926369249820709,0.45937931537628174,30.10890731215477,,,
m5b_smooth0.01,20,0.058434925973415375,0.356728196144104,0.02538716048002243,0.04518607258796692,0.08486436307430267,0.4878348708152771,28.98837587982416,,,
m5b_smooth0.01,21,0.028401970863342285,0.35620811581611633,0.030787155032157898,0.051246799528598785,0.08760435879230499,0.47415369749069214,28.80839677900076,,,
m5b_smooth0.01,22,0.02468973770737648,0.36855289340019226,0.030391469597816467,0.04848054423928261,0.08022965490818024,0.47234538197517395,29.463449638336897,,,
m5b_smooth0.01,23,0.0777649488300085,0.3330775201320648,0.029835617169737816,0.045788735151290894,0.08007032424211502,0.5112279653549194,27.869536815211177,,,
m5b_smooth0.01,24,0.018793461844325066,0.335582435131073,0.03145869821310043,0.045984286814928055,0.08514326810836792,0.5018309950828552,27.925994474440813,,,
m5b_smooth0.01,25,0.13016483187675476,0.40066537261009216,0.02696208283305168,0.04412136226892471,0.08073171228170395,0.4475201964378357,31.029653262346983,,,
m5b_smooth0.01,26,0.024428479373455048,0.3901001811027527,0.025312550365924835,0.04474059119820595,0.08352993428707123,0.4563165009021759,30.538685742765665,,,
m5b_smooth0.01,27,0.018397442996501923,0.39591413736343384,0.024460993707180023,0.04812537506222725,0.08089124411344528,0.4506080448627472,30.79843669757247,,,
m5b_smooth0.01,28,0.04928194358944893,0.42053544521331787,0.024480778723955154,0.04337489977478981,0.07223187386989594,0.4393770396709442,32.04363386332989,,,
m5b_smooth0.01,29,0.08048044703900814,0.3802950382232666,0.03080209530889988,0.04751067981123924,0.07680953294038773,0.46458232402801514,30.03285569511354,,,
m5b_smooth0.01,30,0.025482503697276115,0.3926558792591095,0.02829790487885475,0.04789092019200325,0.06861748546361923,0.46253713965415955,30.687165774405003,,,
m5b_smooth0.01,31,0.04369896277785301,0.39649826288223267,0.029068786650896072,0.060430385172367096,0.0733143538236618,0.44068777561187744,30.683085050433874,,,
m5b_smooth0.01,32,0.11313000321388245,0.3412366211414337,0.0313904695212841,0.0591273158788681,0.07367527484893799,0.49457046389579773,28.122683104127645,,,
m5b_smooth0.01,33,0.20988621190190315,0.4349580407142639,0.03533628210425377,0.05606019124388695,0.08095104992389679,0.3926943838596344,32.36537802219391,,,
m5b_smooth0.01,34,0.03557625785470009,0.4248625636100769,0.03229361027479172,0.05141003057360649,0.08127179741859436,0.4101615846157074,31.98944228515029,,,
m5b_smooth0.01,35,0.021521128714084625,0.4329570233821869,0.03496025875210762,0.051151350140571594,0.07979588210582733,0.4011361598968506,32.340313125401735,,,
m5b_smooth0.01,36,0.09622901305556297,0.4579005837440491,0.04771937057375908,0.05832260474562645,0.08303622156381607,0.35302141308784485,33.22027554363012,,,
m5b_smooth0.01,37,0.05244891345500946,0.4805642068386078,0.046378642320632935,0.06188332289457321,0.0770723819732666,0.3341014087200165,34.28280741721392,,,
m5b_smooth0.01,38,0.08925769850611687,0.4397619664669037,0.04255218431353569,0.07445094734430313,0.08576370030641556,0.3574714660644531,32.25656944140792,,,
m5b_smooth0.01,39,0.05652611702680588,0.4240887761116028,0.03665116801857948,0.0677621141076088,0.08995144814252853,0.3815467953681946,31.656579349189997,,,
m5b_smooth0.01,40,0.0492415651679039,0.4470841884613037,0.03827637806534767,0.06575913727283478,0.08969458192586899,0.35918569564819336,32.717066910117865,,,
m5b_smooth0.01,41,0.03133034333586693,0.46274954080581665,0.03744247555732727,0.0638565942645073,0.08476316183805466,0.3511885702610016,33.50396682322025,,,
m5b_smooth0.01,42,0.18903975933790207,0.3682290017604828,0.04052886366844177,0.07715699076652527,0.10291758924722672,0.41116657853126526,28.842495165765285,,,
m5b_smooth0.01,43,0.04686659201979637,0.35848596692085266,0.04028045013546944,0.07487189024686813,0.12635166943073273,0.4000106155872345,28.258664440363646,,,
m5b_smooth0.01,44,0.0785545390099287,0.38818228244781494,0.029966341331601143,0.05808169022202492,0.11417815834283829,0.40959101915359497,30.02866973541677,,,
m5b_smooth0.01,45,0.012187534943223,0.39286425709724426,0.03081384301185608,0.056125544011592865,0.11004091054201126,0.41015568375587463,30.283511847257614,,,
m5b_smooth0.01,46,0.03566521406173706,0.3758877217769623,0.03329771012067795,0.06530144065618515,0.10918468236923218,0.4163283705711365,29.375355303287506,,,
m5b_smooth0.01,47,0.0286406297236681,0.3720041811466217,0.029789915308356285,0.0652923583984375,0.10226502269506454,0.43064892292022705,29.2908579390496,,,
m5b_smooth0.01,48,0.11384887807071209,0.32773131132125854,0.028717145323753357,0.05371341109275818,0.10515004396438599,0.4846881926059723,27.375421062111855,,,
m5b_smooth0.01,49,0.1813630759716034,0.24292516708374023,0.03022710606455803,0.04783804342150688,0.10653500258922577,0.5724748373031616,23.509644001722336,,,
m5b_smooth0.01,50,0.039800336584448814,0.2543347477912903,0.03113587386906147,0.05049290135502815,0.11146216839551926,0.552574872970581,23.958982845768332,,,
m5b_smooth0.01,51,0.03543945029377937,0.2711191177368164,0.029651066288352013,0.04827702417969704,0.09744296967983246,0.5535100698471069,24.872870968654752,,,
m5b_smooth0.01,52,0.027058348059654236,0.277291864156723,0.02799885906279087,0.052411265671253204,0.100664883852005,0.5416328310966492,25.110258327797055,,,
m5b_smooth0.01,53,0.0520788598805666,0.2512524425983429,0.03197077289223671,0.05728929489850998,0.11688151210546494,0.5426056981086731,23.69363557174802,,,
m5b_smooth0.01,54,0.20204910077154636,0.17138400673866272,0.02992851473391056,0.046068571507930756,0.10898851603269577,0.6436303853988647,20.224919641390443,,,
m5b_smooth0.01,55,0.09508080966770649,0.12662293016910553,0.027148935943841934,0.050272200256586075,0.12490678578615189,0.671048641204834,18.04436982423067,,,
m5b_smooth0.01,56,0.020188644528388977,0.1190507635474205,0.026847876608371735,0.05607757717370987,0.1291961967945099,0.668828010559082,17.60609194636345,,,
m5b_smooth0.01,57,0.06649301201105118,0.1319994479417801,0.03473909571766853,0.061640944331884384,0.13603918254375458,0.6355812549591064,17.9900406524539,,,
m5b_smooth0.01,58,0.07021073624491692,0.128994420170784,0.03696388378739357,0.05378032475709915,0.11179948598146439,0.6684618592262268,18.079032499343157,,,
m5b_smooth0.01,59,0.03275027126073837,0.14401555061340332,0.03312733396887779,0.05513417720794678,0.1098242998123169,0.6578983068466187,18.818809296935797,,,
m5b_smooth0.01,60,0.04599619098007679,0.15509600937366486,0.02982226572930813,0.06168154999613762,0.11519445478916168,0.6382051706314087,19.261861050501466,,,
m5b_smooth0.01,61,0.057742372155189514,0.12703591585159302,0.029011497274041176,0.06570989638566971,0.1248534545302391,0.6533893346786499,17.869721004739404,,,
m5b_smooth0.01,62,0.08566356264054775,0.1257329136133194,0.03157760202884674,0.0700746476650238,0.16075457632541656,0.6118607521057129,17.47710892558098,,,
m5b_smooth0.01,63,0.17344125360250473,0.10405010730028152,0.028377540409564972,0.04008660465478897,0.12890487909317017,0.6985813975334167,17.07411751151085,,,
m5b_smooth0.01,64,0.02331949770450592,0.09760180860757828,0.03576984256505966,0.039277657866477966,0.12450214475393295,0.7028486132621765,16.721106931567192,,,
m5b_smooth0.01,65,0.09641698375344276,0.08817780762910843,0.033358585089445114,0.041666314005851746,0.08812925219535828,0.7486687898635864,16.547293808311224,,,
m5b_smooth0.01,66,0.03430509567260742,0.0985010489821434,0.031040050089359283,0.04849518463015556,0.07991598546504974,0.7420476078987122,17.03466695174575,,,
m5b_smooth0.01,67,0.030998773872852325,0.09806244820356369,0.021831240504980087,0.048687055706977844,0.07406362146139145,0.757354736328125,17.173050958663225,,,
m5b_smooth0.01,68,0.04151489771902561,0.1030338779091835,0.019921252503991127,0.05167411267757416,0.08686293661594391,0.7385076284408569,17.304123619571328,,,
m5b_smooth0.01,69,0.04201143607497215,0.0820280984044075,0.023385854437947273,0.054957982152700424,0.09394771605730057,0.745680034160614,16.2071001958102,,,
m5b_smooth0.01,70,0.042976727709174156,0.06060964614152908,0.025807596743106842,0.054887477308511734,0.09517967700958252,0.7635141015052795,15.182503957301378,,,
m5b_smooth0.01,71,0.020348452031612396,0.05468570813536644,0.027936935424804688,0.05243666470050812,0.09338068962097168,0.771559476852417,14.921886920928955,,,
m5b_smooth0.01,72,0.05194077268242836,0.0521400161087513,0.03166167065501213,0.04228666424751282,0.08010581135749817,0.793804943561554,14.960932519286871,,,
m5b_smooth0.01,73,0.037483442574739456,0.048234544694423676,0.026669301092624664,0.0369642935693264,0.07558436691761017,0.8125467300415039,14.93637965247035,,,
m5b_smooth0.01,74,0.030540192499756813,0.05029098689556122,0.021083032712340355,0.043298956006765366,0.0824640542268753,0.802863597869873,14.98577786423266,,,
m5b_smooth0.01,75,0.03219028376042843,0.049015264958143234,0.017161142081022263,0.03966299071907997,0.0752023309469223,0.818958580493927,15.06890245527029,,,
m5b_smooth0.01,76,0.017747415229678154,0.0501285083591938,0.018711885437369347,0.04063813388347626,0.08043667674064636,0.8100846409797668,15.052578499540687,,,
m5b_smooth0.01,77,0.01193886250257492,0.048927947878837585,0.023075254634022713,0.04194237291812897,0.08073887974023819,0.805316150188446,14.924177506938577,,,
m5b_smooth0.01,78,0.022964050993323326,0.045999303460121155,0.021656546741724014,0.03855479508638382,0.07699140161275864,0.8167977929115295,14.871388051658869,,,
m5b_smooth0.01,79,0.005151858553290367,0.044989317655563354,0.022572802379727364,0.0397336483001709,0.07747223228216171,0.8152318596839905,14.79668446816504,,,
m5b_smooth0.01,80,0.07039083167910576,0.03618336468935013,0.02175031043589115,0.03461826220154762,0.05702093988656998,0.8504275679588318,14.601739509031177,,,
m5b_smooth0.01,81,0.007747910916805267,0.03415316343307495,0.023471208289265633,0.03677111491560936,0.05688042193651199,0.8487241268157959,14.463275087997317,,,
m5b_smooth0.01,82,0.034543026238679886,0.02803785167634487,0.019077971577644348,0.034207142889499664,0.05268113687634468,0.8659953474998474,14.296673323959112,,,
m5b_smooth0.01,83,0.017099719494581223,0.026835350319743156,0.019677072763442993,0.03728557005524635,0.05755425617098808,0.8586487770080566,14.165617473423481,,,
m5b_smooth0.01,84,0.008600709959864616,0.0265484768897295,0.023832427337765694,0.03743044286966324,0.05634117126464844,0.8558482527732849,14.105296107009053,,,
m5b_smooth0.01,85,0.019459309056401253,0.02245531976222992,0.024677814915776253,0.03924661874771118,0.050704918801784515,0.8629165887832642,13.925503531470895,,,
m5b_smooth0.01,86,0.04732060991227627,0.02167448401451111,0.029741428792476654,0.048933640122413635,0.05961409956216812,0.8400366306304932,13.654822915792465,,,
m5b_smooth0.01,87,0.020807163789868355,0.022341061383485794,0.026390207931399345,0.04670437052845955,0.06935068964958191,0.8352131247520447,13.685405576601624,,,
m5b_smooth0.01,88,0.04753190279006958,0.02056482434272766,0.01804221235215664,0.033405840396881104,0.06900753080844879,0.8589791059494019,13.860909393057227,,,
m5b_smooth0.01,89,0.007612692192196846,0.020430339500308037,0.01881646178662777,0.03191135823726654,0.0720398873090744,0.8568019866943359,13.839877931401134,,,
m5b_smooth0.01,90,0.01537105068564415,0.020298581570386887,0.020688671618700027,0.037668947130441666,0.07209550589323044,0.8492481112480164,13.74575250595808,,,
m5b_smooth0.01,91,0.01412428542971611,0.021091699600219727,0.019849315285682678,0.04393768310546875,0.06929594278335571,0.8458245992660522,13.743780329823494,,,
m5b_smooth0.01,92,0.015087507665157318,0.022750288248062134,0.020981252193450928,0.045048706233501434,0.07293839752674103,0.8382810950279236,13.7676487788558,,,
m5b_smooth0.01,93,0.0137640330940485,0.0212709978222847,0.02035941742360592,0.040268078446388245,0.0747026652097702,0.8433991074562073,13.747929682955146,,,
m5b_smooth0.01,94,0.056322261691093445,0.022285303100943565,0.023192957043647766,0.044266000390052795,0.09501757472753525,0.8152375221252441,13.571557477116585,,,
m5b_smooth0.01,95,0.0305005069822073,0.020810943096876144,0.019234836101531982,0.0349595732986927,0.0945068970322609,0.8304884433746338,13.661156628280878,,,
m5b_smooth0.01,96,0.007531598210334778,0.021623793989419937,0.02034326270222664,0.034239262342453,0.09146135300397873,0.8323329091072083,13.713378887623549,,,
m5b_smooth0.01,97,0.0701289251446724,0.018170073628425598,0.018295874819159508,0.029977167025208473,0.06616020947694778,0.8673974871635437,13.805118080228567,,,
m5b_smooth0.01,98,0.027565238997340202,0.018385136500000954,0.021524541079998016,0.037495505064725876,0.06898040324449539,0.8536145091056824,13.670585196465254,,,
m5b_smooth0.01,99,0.04228002857416868,0.015343294478952885,0.017971256747841835,0.03526592627167702,0.056664880365133286,0.8747543096542358,13.68758120201528,,,
m5b_smooth0.01,100,0.015948218293488026,0.01625973731279373,0.018504157662391663,0.0391630157828331,0.05929198116064072,0.866779625415802,13.661536067724228,,,
m5b_smooth0.01,101,0.011895261704921722,0.01746254973113537,0.01776549406349659,0.03671066090464592,0.05653657019138336,0.8715256452560425,13.772765485569835,,,
m5b_smooth0.01,102,0.01749941147863865,0.017167266458272934,0.01839173398911953,0.03372262790799141,0.05106981471180916,0.879648745059967,13.822166739031672,,,
m5b_smooth0.01,103,0.0631149411201477,0.018020642921328545,0.02239956334233284,0.044995374977588654,0.06649342179298401,0.8480913639068604,13.577357310801744,,,
m5b_smooth0.01,104,0.024893774650990963,0.015236067585647106,0.017987854778766632,0.03974475711584091,0.07417847961187363,0.8528531789779663,13.51058004423976,,,
m5b_smooth0.01,105,0.011039214208722115,0.01363504771143198,0.01592186838388443,0.03801213949918747,0.07405845820903778,0.8583727478981018,13.483688827604055,,,
m5b_smooth0.01,106,0.026319632306694984,0.01352501381188631,0.017470290884375572,0.04551142454147339,0.07817003130912781,0.8453224301338196,13.347209634259343,,,
m5b_smooth0.01,107,0.0438601141795516,0.011634046211838722,0.01635456643998623,0.04067555442452431,0.06408275663852692,0.8672527074813843,13.42654120363295,,,
m5b_smooth0.01,108,0.037080044858157635,0.012879815883934498,0.019228557124733925,0.046539463102817535,0.07263916730880737,0.8487127423286438,13.322088463231921,,,
m5b_smooth0.01,109,0.010436920449137688,0.012951833195984364,0.0196332149207592,0.05128176882863045,0.0710115134716034,0.8451224565505981,13.27938349917531,,,
m5b_smooth0.01,110,0.05407075770199299,0.014290249906480312,0.019940540194511414,0.05713914334774017,0.09054314345121384,0.8180864453315735,13.135785203427076,,,
m5b_smooth0.01,111,0.0450350446626544,0.013752547092735767,0.014901666902005672,0.040198370814323425,0.09341330081224442,0.8377339839935303,13.342818486504257,,,
m5b_smooth0.01,112,0.019939225167036057,0.01354376319795847,0.013696148060262203,0.03164374828338623,0.10149794816970825,0.8396196365356445,13.38641373347491,,,
m5b_smooth0.01,113,0.030834781005978584,0.014308391138911247,0.015871841460466385,0.03273618966341019,0.11288221180438995,0.8242018818855286,13.301585707813501,,,
m5b_smooth0.01,114,0.00994328036904335,0.014581356197595596,0.016984479501843452,0.03369859606027603,0.10791049897670746,0.8268254399299622,13.32389129139483,,,
m5b_smooth0.01,115,0.008296558633446693,0.015416823327541351,0.018327854573726654,0.035667262971401215,0.10436822474002838,0.8262186646461487,13.347977921366692,,,
m5b_smooth0.01,116,0.016327252611517906,0.014357855543494225,0.017125476151704788,0.03495319187641144,0.09918037801980972,0.8343826532363892,13.359076175838709,,,
m5b_smooth0.01,117,0.018053222447633743,0.01315375231206417,0.014745883643627167,0.03208674490451813,0.096604123711586,0.8434094786643982,13.384192824363708,,,
m5b_smooth0.01,118,0.011853303760290146,0.013457449153065681,0.016126524657011032,0.03632964566349983,0.09630044549703598,0.8377870917320251,13.335684813559055,,,
m5b_smooth0.01,119,0.028081851080060005,0.012393385171890259,0.015550121665000916,0.037725403904914856,0.08389928936958313,0.8504315614700317,13.365666329860687,,,
m5b_smooth0.1,4,,0.20000606775283813,0.20000606775283813,0.20000606775283813,0.20000606775283813,0.20000606775283813,17.00051575899124,,,
m5b_smooth0.1,5,0.1167546957731247,0.2032354474067688,0.14161382615566254,0.24868038296699524,0.2032354474067688,0.2032354474067688,17.34972621500492,,,
m5b_smooth0.1,6,0.1267777532339096,0.22362296283245087,0.14383924007415771,0.18529058992862701,0.22362296283245087,0.22362296283245087,18.81317099928856,,,
m5b_smooth0.1,7,0.2202976569533348,0.2603394091129303,0.058361850678920746,0.1606196016073227,0.2603394091129303,0.2603393495082855,21.627711959183216,,,
m5b_smooth0.1,8,0.03578474000096321,0.2643221318721771,0.04046975448727608,0.16656401753425598,0.2643221318721771,0.2643221318721771,21.95025448873639,,,
m5b_smooth0.1,9,0.172304168343544,0.29573842883110046,0.026309680193662643,0.09457188099622726,0.2876414954662323,0.29573842883110046,24.208159524947405,,,
m5b_smooth0.1,10,0.08935392834246159,0.27339982986450195,0.026366127654910088,0.10281404852867126,0.3240196108818054,0.27339982986450195,22.834532959386706,,,
m5b_smooth0.1,11,0.023295769467949867,0.2746029794216156,0.023848358541727066,0.09368443489074707,0.33326172828674316,0.2746029496192932,22.95835382118821,,,
m5b_smooth0.1,12,0.0397020447999239,0.2842034697532654,0.02327207662165165,0.09433408826589584,0.313986599445343,0.284203439950943,23.535236882045865,,,
m5b_smooth0.1,13,0.10530508868396282,0.2578772008419037,0.026521779596805573,0.11224017292261124,0.34548336267471313,0.2578771710395813,21.86453828215599,,,
m5b_smooth0.1,14,0.019066544249653816,0.2625187039375305,0.026772232726216316,0.11053165793418884,0.3376588225364685,0.2625187039375305,22.14836305566132,,,
m5b_smooth0.1,15,0.07533768564462662,0.2813529968261719,0.023622239008545876,0.0991380512714386,0.3145333230495453,0.2813529968261719,23.342891419306397,,,
m5b_smooth0.1,16,0.044632453471422195,0.2907869219779968,0.025297006592154503,0.10446446388959885,0.29221707582473755,0.2872340977191925,23.85270261578262,,,
m5b_smooth0.1,17,0.059353725984692574,0.29190585017204285,0.023609530180692673,0.0822984129190445,0.3207753598690033,0.2814111113548279,23.97003885731101,,,
m5b_smooth0.1,18,0.04199140705168247,0.30227646231651306,0.02635292522609234,0.09018004685640335,0.30249345302581787,0.27869725227355957,24.452696507796645,,,
m5b_smooth0.1,19,0.06800936162471771,0.32659322023391724,0.02350356988608837,0.08043915778398514,0.28107917308807373,0.2883853316307068,25.86536311171949,,,
m5b_smooth0.1,20,0.0516358558088541,0.3114151954650879,0.024250857532024384,0.08180201798677444,0.2704395055770874,0.3120933473110199,25.21695204079151,,,
m5b_smooth0.1,21,0.06427440792322159,0.32729411125183105,0.02623908221721649,0.08433004468679428,0.2821813225746155,0.2799559235572815,25.811528079211712,,,
m5b_smooth0.1,22,0.02738635055720806,0.3347650468349457,0.025088580325245857,0.07858213037252426,0.2884030342102051,0.2731606364250183,26.18980793096125,,,
m5b_smooth0.1,23,0.04665477015078068,0.3529195487499237,0.026457596570253372,0.0823860913515091,0.27251532673835754,0.26572105288505554,27.076490823179483,,,
m5b_smooth0.1,24,0.04353463649749756,0.36660903692245483,0.028071854263544083,0.08446460962295532,0.25074833631515503,0.2701064348220825,27.81473634019494,,,
m5b_smooth0.1,25,0.050961125642061234,0.35836657881736755,0.025803007185459137,0.07068004459142685,0.24956341087818146,0.2955867648124695,27.624996453523636,,,
m5b_smooth0.1,26,0.02128533646464348,0.35154515504837036,0.027844052761793137,0.07426349818706512,0.25458088517189026,0.2917648255825043,27.210117604583502,,,
m5b_smooth0.1,27,0.1070363000035286,0.40432068705558777,0.028587084263563156,0.07334878295660019,0.20333589613437653,0.2904067933559418,29.99692103639245,,,
m5b_smooth0.1,28,0.062260719016194344,0.4223061501979828,0.026196138933300972,0.06576640903949738,0.182179257273674,0.3035520911216736,31.08684845454991,,,
m5b_smooth0.1,29,0.04025714658200741,0.41284722089767456,0.028130516409873962,0.06824032217264175,0.19789932668209076,0.2928822338581085,30.489331297576427,,,
m5b_smooth0.1,30,0.07778110727667809,0.4073527753353119,0.02667158469557762,0.06014949083328247,0.1740531474351883,0.33177295327186584,30.51147995516658,,,
m5b_smooth0.1,31,0.05219746194779873,0.4128592908382416,0.02921278215944767,0.06384151428937912,0.18841175734996796,0.30567383766174316,30.59061080403626,,,
m5b_smooth0.1,32,0.07170483469963074,0.4455414116382599,0.028953129425644875,0.05978567153215408,0.1915825754404068,0.2741374373435974,32.11979699321091,,,
m5b_smooth0.1,33,0.09384340979158878,0.48452454805374146,0.03252209350466728,0.06415499746799469,0.17770281434059143,0.24109521508216858,33.91571268066764,,,
m5b_smooth0.1,34,0.1885826326906681,0.5788160562515259,0.03145874664187431,0.05945993587374687,0.16286975145339966,0.16739556193351746,38.42242805659771,,,
m5b_smooth0.1,35,0.018156487494707108,0.579918622970581,0.03285900875926018,0.05988296866416931,0.169022336602211,0.15831752121448517,38.4072269462049,,,
m5b_smooth0.1,36,0.09195239469408989,0.5339419841766357,0.03777393698692322,0.06514275819063187,0.18078835308551788,0.18235254287719727,36.08817533403635,,,
m5b_smooth0.1,37,0.08480044454336166,0.5763420462608337,0.03717502951622009,0.0608302503824234,0.15845048427581787,0.1672014445066452,38.25016216933727,,,
m5b_smooth0.1,38,0.07125036418437958,0.5407174229621887,0.04087551683187485,0.06553869694471359,0.1667880415916443,0.1860806941986084,36.45318299531937,,,
m5b_smooth0.1,39,0.018072735518217087,0.5331322550773621,0.041072528809309006,0.06653203070163727,0.16533631086349487,0.19392618536949158,36.10092469677329,,,
m5b_smooth0.1,40,0.06784374639391899,0.49921029806137085,0.04368619620800018,0.07106169313192368,0.1714133322238922,0.21462762355804443,34.41416921466589,,,
m5b_smooth0.1,41,0.10786134749650955,0.553141713142395,0.03901703655719757,0.06460648775100708,0.15054652094841003,0.19268886744976044,37.172809079289436,,,
m5b_smooth0.1,42,0.0756273902952671,0.5153274536132812,0.04009377583861351,0.06823817640542984,0.15797683596611023,0.21836325526237488,35.3273789472878,,,
m5b_smooth0.1,43,0.04286045581102371,0.5355699062347412,0.04128193482756615,0.06787629425525665,0.15495824813842773,0.20031388103961945,36.268207263201475,,,
m5b_smooth0.1,44,0.12349648401141167,0.5973177552223206,0.03767070919275284,0.06574278324842453,0.1488739252090454,0.15039430558681488,39.221602126955986,,,
m5b_smooth0.1,45,0.04833374172449112,0.5774237513542175,0.03955773264169693,0.0718897134065628,0.16500690579414368,0.14612150192260742,38.10140132158995,,,
m5b_smooth0.1,46,0.03422614932060242,0.5939911603927612,0.03839976340532303,0.07243558764457703,0.1515120267868042,0.1436614841222763,38.967021115124226,,,
m5b_smooth0.1,47,0.09035057201981544,0.6391665935516357,0.03553589805960655,0.07081587612628937,0.12253565341234207,0.13194629549980164,41.30297685042024,,,
m5b_smooth0.1,48,0.021220039576292038,0.6456811428070068,0.03495565056800842,0.07172723114490509,0.11250575631856918,0.13513028621673584,41.67037021368742,,,
m5b_smooth0.1,49,0.021068137139081955,0.637991189956665,0.034098539501428604,0.06974011659622192,0.12043196707963943,0.13773803412914276,41.29414653405547,,,
m5b_smooth0.1,50,0.07172996923327446,0.6738560199737549,0.029956523329019547,0.05986249819397926,0.1140315979719162,0.1222928985953331,43.15122698247433,,,
m5b_smooth0.1,51,0.009956151247024536,0.6715942621231079,0.0293346606194973,0.05776829645037651,0.11801949888467789,0.12328332662582397,43.05039834231138,,,
m5b_smooth0.1,52,0.013640791177749634,0.6775721311569214,0.027809247374534607,0.05435135215520859,0.11886204034090042,0.12140530347824097,43.37689970433712,,,
m5b_smooth0.1,53,0.0510566420853138,0.6520436406135559,0.03143344447016716,0.06151232868432999,0.12720561027526855,0.1278047114610672,42.01829409971833,,,
m5b_smooth0.1,54,0.04421665519475937,0.6299355030059814,0.03251807019114494,0.06368367373943329,0.1370117962360382,0.13685107231140137,40.89469685778022,,,
m5b_smooth0.1,55,0.018829774111509323,0.6214519143104553,0.03158655762672424,0.06801658868789673,0.14024809002876282,0.13869653642177582,40.446239322423935,,,
m5b_smooth0.1,56,0.008312348276376724,0.6201502084732056,0.030086662620306015,0.06666216254234314,0.14179353415966034,0.14130741357803345,40.40994418784976,,,
m5b_smooth0.1,57,0.01584000326693058,0.614625871181488,0.030419444665312767,0.06426657736301422,0.14506438374519348,0.14562386274337769,40.15495621226728,,,
m5b_smooth0.1,58,0.05652356892824173,0.6428877711296082,0.029018910601735115,0.05735700950026512,0.13549867272377014,0.13523800671100616,41.6161790098995,,,
m5b_smooth0.1,59,0.11965874396264553,0.583058774471283,0.03204016759991646,0.0627092570066452,0.1598251312971115,0.1623677909374237,38.59561939910054,,,
m5b_smooth0.1,60,0.03955758363008499,0.5632798671722412,0.037494149059057236,0.06436003744602203,0.16466382145881653,0.17020301520824432,37.56285525485873,,,
m5b_smooth0.1,61,0.03869391977787018,0.5826264023780823,0.03744671493768692,0.060610581189394,0.15710075199604034,0.16221559047698975,38.547586131840944,,,
m5b_smooth0.1,62,0.18797960504889488,0.4886367917060852,0.04091902822256088,0.07213886082172394,0.1938607543706894,0.2044449895620346,33.794798247516155,,,
m5b_smooth0.1,63,0.06636194512248039,0.45774486660957336,0.03862994536757469,0.07287321984767914,0.20554524660110474,0.22520707547664642,32.3136573843658,,,
m5b_smooth0.1,64,0.2705524265766144,0.32246825098991394,0.04222476854920387,0.08272086828947067,0.2519485652446747,0.3006370961666107,25.611041735857725,,,
m5b_smooth0.1,65,0.014775913208723068,0.32583653926849365,0.039715178310871124,0.08076145499944687,0.249029740691185,0.30465689301490784,25.840596586465836,,,
m5b_smooth0.1,66,0.033589184284210205,0.3094309866428375,0.03932638466358185,0.08535103499889374,0.2566988468170166,0.30919304490089417,24.98683324456215,,,
m5b_smooth0.1,67,0.03028108924627304,0.3241109848022461,0.0397866815328598,0.08409564942121506,0.24602240324020386,0.3059840798377991,25.744666658341885,,,
m5b_smooth0.1,68,0.08107379823923111,0.28357362747192383,0.04146708548069,0.08488023281097412,0.2764483690261841,0.3136295676231384,23.63647796213627,,,
m5b_smooth0.1,69,0.07255973666906357,0.29609060287475586,0.03413817286491394,0.0659596249461174,0.30021169781684875,0.30359965562820435,24.34933028370142,,,
m5b_smooth0.1,70,0.06744685769081116,0.282023161649704,0.02772495523095131,0.05271707847714424,0.315584272146225,0.3219507336616516,23.82366606593132,,,
m5b_smooth0.1,71,0.049803877249360085,0.25712111592292786,0.030858980491757393,0.0533466637134552,0.33044493198394775,0.32822829484939575,22.52647657878697,,,
m5b_smooth0.1,72,0.04878647439181805,0.26965394616127014,0.033878862857818604,0.05340045690536499,0.3392316401004791,0.30383503437042236,23.00162896513939,,,
m5b_smooth0.1,73,0.07975936681032181,0.3095339238643646,0.03177636116743088,0.049947589635849,0.32543984055519104,0.28330281376838684,24.99797283858061,,,
m5b_smooth0.1,74,0.035287003964185715,0.3172962963581085,0.037060827016830444,0.05454379692673683,0.31590116024017334,0.2751975357532501,25.302543621510267,,,
m5b_smooth0.1,75,0.035524334758520126,0.32045766711235046,0.037680838257074356,0.05494010075926781,0.29813894629478455,0.2887819707393646,25.559881381690502,,,
m5b_smooth0.1,76,0.06646515056490898,0.30638712644577026,0.03887355700135231,0.05741221457719803,0.32770708203315735,0.2696203291416168,24.6629719696939,,,
m5b_smooth0.1,77,0.022994428873062134,0.3161171078681946,0.03846054524183273,0.05871572718024254,0.3166225850582123,0.2700837552547455,25.179164867848158,,,
m5b_smooth0.1,78,0.03209015727043152,0.31483301520347595,0.03273244574666023,0.05378970503807068,0.33266785740852356,0.26597708463668823,25.13643665984273,,,
m5b_smooth0.1,79,0.06195487827062607,0.29620012640953064,0.0328703299164772,0.056392852216959,0.32032307982444763,0.29421326518058777,24.335303742438555,,,
m5b_smooth0.1,80,0.08755692094564438,0.28272897005081177,0.029470812529325485,0.052883513271808624,0.36410167813301086,0.2708149552345276,23.49198067560792,,,
m5b_smooth0.1,81,0.12099405005574226,0.22509580850601196,0.029763013124465942,0.0554434135556221,0.3612375557422638,0.32845962047576904,20.828939341008663,,,
m5b_smooth0.1,82,0.06415041163563728,0.2262057363986969,0.02621515840291977,0.05144700035452843,0.39220303297042847,0.3039288818836212,20.753325920552015,,,
m5b_smooth0.1,83,0.06131023168563843,0.2488279491662979,0.0282171368598938,0.0574779249727726,0.3788211941719055,0.28665560483932495,21.795254688709974,,,
m5b_smooth0.1,84,0.0911342166364193,0.20523123443126678,0.0280846506357193,0.055640362203121185,0.4064611494541168,0.3045831024646759,19.61827128380537,,,
m5b_smooth0.1,85,0.026983438059687614,0.20540045201778412,0.024958068504929543,0.048902228474617004,0.4028339087963104,0.31790536642074585,19.766204366460443,,,
m5b_smooth0.1,86,0.08936004340648651,0.17144052684307098,0.0240005012601614,0.04661916568875313,0.3953539729118347,0.3625849187374115,18.293956281617284,,,
m5b_smooth0.1,87,0.04595921002328396,0.1594618558883667,0.02667819708585739,0.051518283784389496,0.38435351848602295,0.37798818945884705,17.731253683567047,,,
m5b_smooth0.1,88,0.11611294746398926,0.1127658486366272,0.02300158515572548,0.04383416101336479,0.4321693181991577,0.3882285952568054,15.380840547382832,,,
m5b_smooth0.1,89,0.04470403306186199,0.10601472854614258,0.024189205840229988,0.04478537663817406,0.4523828625679016,0.3726280629634857,14.902901967987418,,,
m5b_smooth0.1,90,0.03710133209824562,0.11138472706079483,0.028893249109387398,0.05326176434755325,0.44530239701271057,0.36115762591362,15.045085707679391,,,
m5b_smooth0.1,91,0.02075820229947567,0.10672464966773987,0.029518816620111465,0.055833522230386734,0.4524843692779541,0.35543879866600037,14.744032129645348,,,
m5b_smooth0.1,92,0.0594011340290308,0.10015866160392761,0.02590286172926426,0.0490645207464695,0.4821847677230835,0.34268900752067566,14.355555599555373,,,
m5b_smooth0.1,93,0.027601325884461403,0.10040761530399323,0.025442060083150864,0.0483333095908165,0.49573686718940735,0.3300807476043701,14.286187443882227,,,
m5b_smooth0.1,94,0.024143464863300323,0.10035809129476547,0.02961277961730957,0.056233737617731094,0.492349237203598,0.3214455842971802,14.16648231074214,,,
m5b_smooth0.1,95,0.07179597392678261,0.08792514353990555,0.026540298014879227,0.051245179027318954,0.476945161819458,0.35734349489212036,13.79720950871706,,,
m5b_smooth0.1,96,0.2792676370590925,0.08369950950145721,0.027508793398737907,0.05349873751401901,0.3415375053882599,0.4937557876110077,14.513319140300155,,,
m5b_smooth0.1,97,0.03977617621421814,0.07666715234518051,0.022928161546587944,0.0452236533164978,0.35845547914505005,0.4967259168624878,14.221979452297091,,,
m5b_smooth0.1,98,0.016053415834903717,0.07571235299110413,0.0235790703445673,0.047257084399461746,0.3513835072517395,0.5020682215690613,14.196731155738235,,,
m5b_smooth0.1,99,0.02315269596874714,0.07369568198919296,0.021336499601602554,0.04365451633930206,0.3629600405693054,0.49835386872291565,14.091715414077044,,,
m5b_smooth0.1,100,0.03499811142683029,0.07749828696250916,0.022933606058359146,0.04816901683807373,0.3454606831073761,0.5059384107589722,14.318700406700373,,,
m5b_smooth0.1,101,0.006928574293851852,0.07518807053565979,0.02282850071787834,0.048324573785066605,0.34441182017326355,0.5092472434043884,14.219430603086948,,,
m5b_smooth0.1,102,0.050114285200834274,0.06271999329328537,0.01905899867415428,0.039527177810668945,0.34438976645469666,0.5343044996261597,13.791831489652395,,,
m5b_smooth0.1,103,0.1508501172065735,0.0638153925538063,0.019867710769176483,0.04045640304684639,0.41698116064071655,0.45887911319732666,13.313336182385683,,,
m5b_smooth0.1,104,0.10494190827012062,0.06198295205831528,0.01894708350300789,0.037420276552438736,0.3702996075153351,0.5113502740859985,13.601186126470566,,,
m5b_smooth0.1,105,0.05379934422671795,0.059906091541051865,0.0182961355894804,0.0370001420378685,0.34654778242111206,0.5382498502731323,13.684994434937835,,,
m5b_smooth0.1,106,0.014589853584766388,0.06133878603577614,0.019210295751690865,0.040428150445222855,0.3480684757232666,0.5309555530548096,13.690678982064128,,,
m5b_smooth0.1,107,0.0469185896217823,0.0590735524892807,0.018866294994950294,0.039582233875989914,0.3715273439884186,0.5109509825706482,13.436031309887767,,,
m5b_smooth0.1,108,0.03129112906754017,0.06165164336562157,0.020789947360754013,0.04652467370033264,0.3558819890022278,0.5151525735855103,13.562772523611784,,,
m5b_smooth0.1,109,0.04789544641971588,0.05459111928939819,0.018793560564517975,0.04401499032974243,0.34350085258483887,0.5391002893447876,13.378215707838535,,,
m5b_smooth0.1,110,0.1285279430449009,0.05518112704157829,0.019630830734968185,0.048352111130952835,0.40200015902519226,0.4748360514640808,12.937260620296001,,,
m5b_smooth0.1,111,0.12001144513487816,0.05152520164847374,0.01850699633359909,0.0463009737432003,0.34882569313049316,0.5348421335220337,13.178491737693548,,,
m5b_smooth0.1,112,0.005814777687191963,0.0510752834379673,0.017866482958197594,0.04448309913277626,0.3507833182811737,0.5357909798622131,13.172389732673764,,,
m5b_smooth0.1,113,0.04239502362906933,0.05057830363512039,0.018667250871658325,0.04687505587935448,0.36878854036331177,0.5150908827781677,12.986782778054476,,,
m5b_smooth0.1,114,0.16257207840681076,0.052165791392326355,0.01879095286130905,0.04643142595887184,0.448362797498703,0.4342478811740875,12.506042633205652,,,
m5b_smooth0.1,115,0.11345064267516136,0.050827931612730026,0.018054615706205368,0.042010508477687836,0.3981327712535858,0.4909733831882477,12.854318801313639,,,
m5b_smooth0.1,116,0.01719687692821026,0.04687879979610443,0.017359202727675438,0.03822622820734978,0.4067317247390747,0.4908042848110199,12.663147935643792,,,
m5b_smooth0.1,117,0.05919415503740311,0.04342789575457573,0.017275189980864525,0.03672552853822708,0.43632861971855164,0.46624264121055603,12.314822835847735,,,
m5b_smooth0.1,118,0.1753390170633793,0.044484663754701614,0.01876695640385151,0.040331266820430756,0.5178437232971191,0.3785730004310608,11.733768651261926,,,
m5b_smooth0.1,119,0.020636051893234253,0.042387235909700394,0.0172735583037138,0.038657303899526596,0.5281621217727661,0.3735201358795166,11.602896379306912,,,
m5b_smooth0.3,4,,0.20000606775283813,0.20000606775283813,0.20000606775283813,0.20000606775283813,0.20000606775283813,17.00051575899124,,,
m5b_smooth0.3,5,0.08380492031574249,0.1942611038684845,0.24189311265945435,0.17532308399677277,0.1942611038684845,0.1942611038684845,16.503011777997017,,,
m5b_smooth0.3,6,0.13499455153942108,0.20962919294834137,0.17439664900302887,0.19671690464019775,0.20962919294834137,0.20962919294834137,17.744511991739273,,,
m5b_smooth0.3,7,0.11296124756336212,0.22845576703548431,0.15318387746810913,0.1614481508731842,0.22845576703548431,0.22845576703548431,19.14244545996189,,,
m5b_smooth0.3,8,0.050972118973731995,0.21996057033538818,0.16111230850219727,0.17900624871253967,0.21996057033538818,0.21996057033538818,18.51493725180626,,,
m5b_smooth0.3,9,0.20624522864818573,0.25497427582740784,0.10934355854988098,0.12765221297740936,0.253055602312088,0.25497427582740784,21.131785824894905,,,
m5b_smooth0.3,10,0.02340429276227951,0.2603854238986969,0.10377433151006699,0.12151968479156494,0.253935843706131,0.2603854238986969,21.51440566033125,,,
m5b_smooth0.3,11,0.1023966446518898,0.2806756794452667,0.08400142192840576,0.09009392559528351,0.2645533084869385,0.2806756794452667,22.976156637072563,,,
m5b_smooth0.3,12,0.06439311802387238,0.2685905694961548,0.08018063008785248,0.08588780462741852,0.2967492938041687,0.2685905694961548,22.290791243314743,,,
m5b_smooth0.3,13,0.08370755612850189,0.2857581079006195,0.08471301198005676,0.08887426555156708,0.2548956573009491,0.2857581079006195,23.281705394387245,,,
m5b_smooth0.3,14,0.09858275949954987,0.31040412187576294,0.07877843081951141,0.08250552415847778,0.21790827810764313,0.3104041516780853,24.821558386087418,,,
m5b_smooth0.3,15,0.049768634140491486,0.32284578680992126,0.07080613076686859,0.0773153230547905,0.206185445189476,0.32284578680992126,25.636638440191746,,,
m5b_smooth0.3,16,0.030994340777397156,0.315738320350647,0.07785584777593613,0.07893908023834229,0.2130097895860672,0.3144567310810089,25.152435071766376,,,
m5b_smooth0.3,17,0.04639323800802231,0.3080977499485016,0.07253686338663101,0.08098200708627701,0.23416365683078766,0.3042198419570923,24.699571266770363,,,
m5b_smooth0.3,18,0.0400407612323761,0.302616685628891,0.07957432419061661,0.09396494179964066,0.22962160408496857,0.2942225933074951,24.24493782222271,,,
m5b_smooth0.3,19,0.04125034809112549,0.315397173166275,0.07059348374605179,0.08691761642694473,0.2250247448682785,0.30206742882728577,25.059293940663338,,,
m5b_smooth0.3,20,0.07634686678647995,0.29877710342407227,0.07111221551895142,0.09062033146619797,0.25897669792175293,0.28051403164863586,24.009632743895054,,,
m5b_smooth0.3,21,0.06276194006204605,0.26739615201950073,0.07677754014730453,0.09090761095285416,0.27299463748931885,0.29192447662353516,22.391174629330635,,,
m5b_smooth0.3,22,0.047413334250450134,0.2742825150489807,0.0722799003124237,0.07776753604412079,0.2898147702217102,0.28585535287857056,22.793211743235588,,,
m5b_smooth0.3,23,0.029173552989959717,0.26284655928611755,0.07627499103546143,0.07885687053203583,0.2993171513080597,0.28270456194877625,22.136723086237907,,,
m5b_smooth0.3,24,0.009313471615314484,0.2597654461860657,0.08004903048276901,0.07973998785018921,0.2988450527191162,0.2816014587879181,21.939531557261944,,,
m5b_smooth0.3,25,0.06788159906864166,0.2519296705722809,0.06647535413503647,0.06720797717571259,0.3093344569206238,0.3050521910190582,21.81995139271021,,,
m5b_smooth0.3,26,0.03509201854467392,0.244357630610466,0.07509051263332367,0.07608646154403687,0.2993602156639099,0.3051042854785919,21.33178924024105,,,
m5b_smooth0.3,27,0.036857932806015015,0.23076863586902618,0.07366436719894409,0.07563425600528717,0.29639932513237,0.3235339820384979,20.750956311821938,,,
m5b_smooth0.3,28,0.040082745254039764,0.22486552596092224,0.06791211664676666,0.07361709326505661,0.2900303602218628,0.34357523918151855,20.62096082419157,,,
m5b_smooth0.3,29,0.05478239059448242,0.21021942794322968,0.0748315081000328,0.08211567997932434,0.2772854268550873,0.355548620223999,19.853022895753384,,,
m5b_smooth0.3,30,0.06247894465923309,0.20425067842006683,0.06483782827854156,0.07402574270963669,0.27009832859039307,0.38678810000419617,19.84767746180296,,,
m5b_smooth0.3,31,0.07963701337575912,0.23953360319137573,0.06561350077390671,0.07778509706258774,0.24760976433753967,0.3694576025009155,21.57665976881981,,,
m5b_smooth0.3,32,0.08959696814417839,0.2130548655986786,0.057061102241277695,0.06954409927129745,0.246083602309227,0.4142562747001648,20.57115839794278,,,
m5b_smooth0.3,33,0.0614248625934124,0.2381000518798828,0.05937390774488449,0.07289833575487137,0.23218069970607758,0.39744654297828674,21.753588527441025,,,
m5b_smooth0.3,34,0.037611570209264755,0.24578289687633514,0.052317406982183456,0.06470897048711777,0.22862131893634796,0.4085700213909149,22.31374766305089,,,
m5b_smooth0.3,35,0.028024472296237946,0.24859796464443207,0.049496348947286606,0.06041763722896576,0.239817813038826,0.4016695022583008,22.4487248621881,,,
m5b_smooth0.3,36,0.08544902130961418,0.2461988478899002,0.05168907344341278,0.0632190927863121,0.27754828333854675,0.36134424805641174,22.014934681355953,,,
m5b_smooth0.3,37,0.04402603581547737,0.25903478264808655,0.0467369444668293,0.05698142945766449,0.28672561049461365,0.3505212664604187,22.674145195633173,,,
m5b_smooth0.3,38,0.07654587551951408,0.23194395005702972,0.0484948493540287,0.06053617224097252,0.275543749332428,0.38348180055618286,21.444291822612286,,,
m5b_smooth0.3,39,0.028736643493175507,0.22975897789001465,0.046911828219890594,0.05937159061431885,0.2899119555950165,0.3740459382534027,21.27659209817648,,,
m5b_smooth0.3,40,0.013083487749099731,0.2293027937412262,0.04981192946434021,0.06301268190145493,0.2890564799308777,0.3688153028488159,21.183827199041843,,,
m5b_smooth0.3,41,0.028994102030992508,0.23801249265670776,0.04601052775979042,0.058287978172302246,0.2830857038497925,0.3746028244495392,21.72766349092126,,,
m5b_smooth0.3,42,0.022790387272834778,0.23741331696510315,0.04614800587296486,0.059100523591041565,0.29353103041648865,0.36380696296691895,21.616263289004564,,,
m5b_smooth0.3,43,0.05314524844288826,0.2639860510826111,0.04575395584106445,0.05824851989746094,0.2685869038105011,0.3634246289730072,23.02771571278572,,,
m5b_smooth0.3,44,0.05130205675959587,0.28723135590553284,0.040272120386362076,0.05119805037975311,0.27099254727363586,0.35030582547187805,24.228977013379335,,,
m5b_smooth0.3,45,0.10862892866134644,0.28308963775634766,0.041902147233486176,0.05058959499001503,0.3236767053604126,0.3007412552833557,23.65516370907426,,,
m5b_smooth0.3,46,0.011895906180143356,0.28263068199157715,0.04690004140138626,0.05154016613960266,0.3194003999233246,0.2995290756225586,23.588571317493916,,,
m5b_smooth0.3,47,0.01834404468536377,0.2874515652656555,0.0437459759414196,0.04552211984992027,0.3196616768836975,0.303618848323822,23.915701866149902,,,
m5b_smooth0.3,48,0.06133156269788742,0.280674010515213,0.04417172819375992,0.04608353227376938,0.29577335715293884,0.33329737186431885,23.759439662098885,,,
m5b_smooth0.3,49,0.0816330686211586,0.24841777980327606,0.044781215488910675,0.04833115637302399,0.333732932806015,0.32473722100257874,21.977293096482754,,,
m5b_smooth0.3,50,0.10604048892855644,0.2594834864139557,0.046361979097127914,0.04742658883333206,0.281617134809494,0.3651108741760254,22.84052311256528,,,
m5b_smooth0.3,51,0.055680904537439346,0.27024567127227783,0.0441160574555397,0.0475882813334465,0.29853323101997375,0.3395158648490906,23.244575902819633,,,
m5b_smooth0.3,52,0.1396067924797535,0.2766374349594116,0.03863571211695671,0.046089231967926025,0.3619452714920044,0.276692271232605,23.182458203285933,,,
m5b_smooth0.3,53,0.02524101734161377,0.28047284483909607,0.04112445190548897,0.04878821223974228,0.3655429780483246,0.26407209038734436,23.271669890731573,,,
m5b_smooth0.3,54,0.01823871210217476,0.2848404049873352,0.038619253784418106,0.049124088138341904,0.3699585795402527,0.2574576139450073,23.470532469451427,,,
m5b_smooth0.3,55,0.011899176985025406,0.2847939133644104,0.03671528771519661,0.04979105293750763,0.37524133920669556,0.2534586191177368,23.448833290487528,,,
m5b_smooth0.3,56,0.04092724993824959,0.2778368592262268,0.03400653973221779,0.046759914606809616,0.3674743175506592,0.2739219069480896,23.251724757254124,,,
m5b_smooth0.3,57,0.11724303662776947,0.23271356523036957,0.03622603788971901,0.04925541207194328,0.4213813841342926,0.2604242265224457,20.74241504818201,,,
m5b_smooth0.3,58,0.010971099138259888,0.23687857389450073,0.034430306404829025,0.046860385686159134,0.42270156741142273,0.2591290771961212,20.974443949759007,,,
m5b_smooth0.3,59,0.0100371353328228,0.23572289943695068,0.032445453107357025,0.0460163913667202,0.42166775465011597,0.26414787769317627,20.963613163679838,,,
m5b_smooth0.3,60,0.04473472759127617,0.2519344687461853,0.03673114255070686,0.04788614436984062,0.40070927143096924,0.2627386450767517,21.779763631522655,,,
m5b_smooth0.3,61,0.11092466115951538,0.20352880656719208,0.03433649614453316,0.04322418197989464,0.45257487893104553,0.2663354277610779,19.27245757728815,,,
m5b_smooth0.3,62,0.031479693949222565,0.21392519772052765,0.03673628345131874,0.04616772010922432,0.44710299372673035,0.25606733560562134,19.725414961576462,,,
m5b_smooth0.3,63,0.0436471588909626,0.22924521565437317,0.03456069156527519,0.04152599722146988,0.4320968687534332,0.2625710368156433,20.614524219185114,,,
m5b_smooth0.3,64,0.02728934958577156,0.23274680972099304,0.03858937695622444,0.044929493218660355,0.41845256090164185,0.2652823030948639,20.781306609511375,,,
m5b_smooth0.3,65,0.09456648677587509,0.18800029158592224,0.03783933073282242,0.04314238578081131,0.45621421933174133,0.2748034596443176,18.488031953573227,,,
m5b_smooth0.3,66,0.06883278861641884,0.1965612769126892,0.040840208530426025,0.04651205614209175,0.42179805040359497,0.2942885458469391,19.046678986400366,,,
m5b_smooth0.3,67,0.10391460359096527,0.17711083590984344,0.042269229888916016,0.04924433305859566,0.4695935845375061,0.2617812156677246,17.768744494765997,,,
m5b_smooth0.3,68,0.10341642051935196,0.1914447844028473,0.04515108838677406,0.053520746529102325,0.4178858697414398,0.2919977009296417,18.70556929334998,,,
m5b_smooth0.3,69,0.06390460580587387,0.16459721326828003,0.042601510882377625,0.050965432077646255,0.42139139771461487,0.3204443156719208,17.507290806621313,,,
m5b_smooth0.3,70,0.040519729256629944,0.15759509801864624,0.03645067289471626,0.049952760338783264,0.4416513741016388,0.3143501877784729,17.134477082639933,,,
m5b_smooth0.3,71,0.06642000377178192,0.16949361562728882,0.03797430545091629,0.054874878376722336,0.4565170407295227,0.28114011883735657,17.503796827048063,,,
m5b_smooth0.3,72,0.049665361642837524,0.16670453548431396,0.03799116238951683,0.050441473722457886,0.48133283853530884,0.263529896736145,17.25033613666892,,,
m5b_smooth0.3,73,0.1718706525862217,0.1485651731491089,0.03502557799220085,0.04690965637564659,0.5672682523727417,0.20223142206668854,15.891782611608505,,,
m5b_smooth0.3,74,0.050001878291368484,0.1609335094690323,0.03815358504652977,0.052503958344459534,0.5422670841217041,0.20614148676395416,16.533526431769133,,,
m5b_smooth0.3,75,0.1224949024617672,0.14053572714328766,0.035383716225624084,0.04878513514995575,0.603515088558197,0.17178106307983398,15.243423253297806,,,
m5b_smooth0.3,76,0.04353626072406769,0.15063510835170746,0.03342563286423683,0.04581097885966301,0.5866785645484924,0.1834491789340973,15.884003527462482,,,
m5b_smooth0.3,77,0.06551997363567352,0.13041111826896667,0.0286610946059227,0.038039930164813995,0.5997748374938965,0.20311330258846283,15.00945807993412,,,
m5b_smooth0.3,78,0.036204634234309196,0.12297088652849197,0.02630302868783474,0.03498007729649544,0.6178768873214722,0.19786886870861053,14.604798825457692,,,
m5b_smooth0.3,79,0.03150484524667263,0.12871377170085907,0.028340347111225128,0.03763344883918762,0.6021245718002319,0.20318782329559326,14.923568524420261,,,
m5b_smooth0.3,80,0.039862511679530144,0.12224788218736649,0.026815170422196388,0.03552662581205368,0.6220553517341614,0.19335398077964783,14.529611172154546,,,
m5b_smooth0.3,81,0.05020790547132492,0.11693606525659561,0.02694219909608364,0.03560492768883705,0.6469541788101196,0.17356204986572266,14.108468847349286,,,
m5b_smooth0.3,82,0.14739342033863068,0.10134881734848022,0.02261126972734928,0.029783211648464203,0.7206502556800842,0.12560459971427917,12.995906131342053,,,
m5b_smooth0.3,83,0.016154298558831215,0.1071329340338707,0.023607026785612106,0.031081385910511017,0.7174433469772339,0.12073525786399841,13.257224265486002,,,
m5b_smooth0.3,84,0.018929263576865196,0.11480327695608139,0.023476671427488327,0.02999940700829029,0.7091906666755676,0.12252916395664215,13.681414471939206,,,
m5b_smooth0.3,85,0.0646300595253706,0.10374815762042999,0.01987251080572605,0.025303540751338005,0.7415065169334412,0.10957010090351105,13.045199621468782,,,
m5b_smooth0.3,86,0.007630685344338417,0.10096351057291031,0.019769400358200073,0.025382159277796745,0.7452426552772522,0.10864192992448807,12.891412118449807,,,
m5b_smooth0.3,87,0.05674695409834385,0.10948621481657028,0.02294923923909664,0.029567914083600044,0.7168699502944946,0.12112788110971451,13.39470585808158,,,
m5b_smooth0.3,88,0.01267465204000473,0.10663092881441116,0.0243045836687088,0.03136929124593735,0.7133873701095581,0.12430794537067413,13.250291012227535,,,
m5b_smooth0.3,89,0.014724181964993477,0.10654151439666748,0.02382182888686657,0.03066147118806839,0.7207498550415039,0.11822623759508133,13.208713417872787,,,
m5b_smooth0.3,90,0.01779552921652794,0.11343934386968613,0.02406269870698452,0.031151261180639267,0.7220191359519958,0.10932847857475281,13.50860976614058,,,
m5b_smooth0.3,91,0.006464840844273567,0.11359939724206924,0.024352848529815674,0.03162300959229469,0.718786358833313,0.11163859069347382,13.529630493372679,,,
m5b_smooth0.3,92,0.03075042925775051,0.1218012273311615,0.025193581357598305,0.03263182193040848,0.7034112215042114,0.1169625073671341,13.992516340687871,,,
m5b_smooth0.3,93,0.041030051186680794,0.11197838187217712,0.022680621594190598,0.02959592267870903,0.7239262461662292,0.11181918531656265,13.463123619556427,,,
m5b_smooth0.3,94,0.03692744858562946,0.12236130982637405,0.0251579862087965,0.03329845890402794,0.7054628729820251,0.11372043192386627,13.997058110311627,,,
m5b_smooth0.3,95,0.032835016027092934,0.13555900752544403,0.02742777019739151,0.034248460084199905,0.6916354298591614,0.11113034188747406,14.6609863974154,,,
m5b_smooth0.3,96,0.07992138341069221,0.15120011568069458,0.03188242390751839,0.03679380938410759,0.6516744494438171,0.12844963371753693,15.574286811053753,,,
m5b_smooth0.3,97,0.09990634396672249,0.12207340449094772,0.028220802545547485,0.031181257218122482,0.7016270160675049,0.11689674109220505,13.994112331420183,,,
m5b_smooth0.3,98,0.036404987797141075,0.12210002541542053,0.030512260273098946,0.03286746144294739,0.6834248900413513,0.13109531998634338,14.07442487962544,,,
m5b_smooth0.3,99,0.11777424439787865,0.09111811220645905,0.025140060111880302,0.027137719094753265,0.7423115372657776,0.11429157853126526,12.36990281008184,,,
m5b_smooth0.3,100,0.028088625520467758,0.08788012713193893,0.026007533073425293,0.02819892205297947,0.7315055131912231,0.12640751898288727,12.273655785247684,,,
m5b_smooth0.3,101,0.030526848509907722,0.08391131460666656,0.026944592595100403,0.029436450451612473,0.7445945739746094,0.11511313170194626,11.973678681999445,,,
m5b_smooth0.3,102,0.020429788157343864,0.08084496855735779,0.025049002841114998,0.027840744704008102,0.7548093199729919,0.11145573109388351,11.80331482551992,,,
m5b_smooth0.3,103,0.020536059513688087,0.08361814171075821,0.027508268132805824,0.031083030626177788,0.7445412874221802,0.1132490336894989,11.935121346265078,,,
m5b_smooth0.3,104,0.009953619912266731,0.08645739406347275,0.028863446786999702,0.03186526149511337,0.7433250546455383,0.10948830842971802,12.048014575615525,,,
m5b_smooth0.3,105,0.017524201422929764,0.08052746206521988,0.02743198350071907,0.030464747920632362,0.7504934072494507,0.11108224838972092,11.759079279378057,,,
m5b_smooth0.3,106,0.026530541479587555,0.08432476222515106,0.02841498889029026,0.032978806644678116,0.737228512763977,0.11705353111028671,11.986186167225242,,,
m5b_smooth0.3,107,0.016166970133781433,0.08175994455814362,0.02516690269112587,0.03070736862719059,0.7429947257041931,0.11936994642019272,11.895028011873364,,,
m5b_smooth0.3,108,0.011179400607943535,0.07978682965040207,0.026180241256952286,0.03162708878517151,0.7466517090797424,0.11575370281934738,11.755385089665651,,,
m5b_smooth0.3,109,0.09221598878502846,0.0677654817700386,0.0233561173081398,0.026128239929676056,0.7927607297897339,0.08999105542898178,10.976869627833366,,,
m5b_smooth0.3,110,0.008362403139472008,0.0694117471575737,0.025037217885255814,0.026934416964650154,0.7885782718658447,0.09003745764493942,11.051117608323693,,,
m5b_smooth0.3,111,0.07028064131736755,0.05746082589030266,0.021764058619737625,0.023056169971823692,0.8237192630767822,0.07400013506412506,10.340618854388595,,,
m5b_smooth0.3,112,0.00663127563893795,0.05725012719631195,0.02261052280664444,0.02372514083981514,0.8206143379211426,0.0758003517985344,10.334298867732286,,,
m5b_smooth0.3,113,0.05670391023159027,0.0638568326830864,0.026331523433327675,0.027660483494400978,0.7922620177268982,0.08988889306783676,10.745001561939716,,,
m5b_smooth0.3,114,0.014461476355791092,0.06514400243759155,0.02776433899998665,0.028433527797460556,0.7850311398506165,0.0936264619231224,10.82769351452589,,,
m5b_smooth0.3,115,0.004725391045212746,0.06482909619808197,0.027434905990958214,0.02697661519050598,0.7847700119018555,0.09598947316408157,10.835353231057525,,,
m5b_smooth0.3,116,0.024946939200162888,0.06678949296474457,0.02608819305896759,0.027331462129950523,0.773642897605896,0.10614734143018723,11.017015220597386,,,
m5b_smooth0.3,117,0.05004125088453293,0.07355331629514694,0.027286631986498833,0.030138932168483734,0.7486224174499512,0.1203983798623085,11.456836646422744,,,
m5b_smooth0.3,118,0.026521701365709305,0.07471325248479843,0.030307231470942497,0.03200596943497658,0.7353617548942566,0.12761184573173523,11.543218413367867,,,
m5b_smooth0.3,119,0.024634556844830513,0.07085902243852615,0.027353044599294662,0.030402015894651413,0.7476791739463806,0.12370707839727402,11.335753753781319,,,
ensemble3,4,,,,,,,,0.33332547545433044,0.33332547545433044,0.33332547545433044
ensemble3,5,0.6536625623703003,,,,,,,0.6601682305335999,0.169915571808815,0.169915571808815
ensemble3,6,0.260557621717453,,,,,,,0.5415588617324829,0.300194650888443,0.15824639797210693
ensemble3,7,0.16925840079784393,,,,,,,0.45692959427833557,0.35239848494529724,0.19067169725894928
ensemble3,8,0.05625222623348236,,,,,,,0.4372533857822418,0.3805246949195862,0.1822218894958496
ensemble3,9,0.10089525580406189,,,,,,,0.45944440364837646,0.40878117084503174,0.13177412748336792
ensemble3,10,0.05476672947406769,,,,,,,0.4631648063659668,0.3813982605934143,0.15543754398822784
ensemble3,11,0.11808738112449646,,,,,,,0.4565427303314209,0.3289763033390045,0.21448089182376862
ensemble3,12,0.04460155963897705,,,,,,,0.4638359248638153,0.30667561292648315,0.2294885665178299
ensemble3,13,0.06918881833553314,,,,,,,0.49635323882102966,0.30875304341316223,0.19489449262619019
ensemble3,14,0.19801342487335205,,,,,,,0.3973465859889984,0.4038873612880707,0.19876694679260254
ensemble3,15,0.22852373123168945,,,,,,,0.3273261487483978,0.5181492567062378,0.1545255482196808
ensemble3,16,0.05910380184650421,,,,,,,0.34193506836891174,0.4885968863964081,0.16946806013584137
ensemble3,17,0.02245672047138214,,,,,,,0.3531636893749237,0.4815691411495209,0.1652677059173584
ensemble3,18,0.10376319289207458,,,,,,,0.36562055349349976,0.4296874701976776,0.20469236373901367
ensemble3,19,0.06477859616279602,,,,,,,0.3622056543827057,0.40071287751197815,0.23708146810531616
ensemble3,20,0.13068406283855438,,,,,,,0.4275479316711426,0.38705912232398987,0.18539343774318695
ensemble3,21,0.018265187740325928,,,,,,,0.4366808235645294,0.37862032651901245,0.18469993770122528
ensemble3,22,0.10724256932735443,,,,,,,0.3830590844154358,0.3824242353439331,0.23451685905456543
ensemble3,23,0.05650945007801056,,,,,,,0.4113137125968933,0.37142762541770935,0.21725864708423615
ensemble3,24,0.03309941291809082,,,,,,,0.4278634786605835,0.3590499758720398,0.21308664977550507
ensemble3,25,0.06105613708496094,,,,,,,0.4160785377025604,0.3403066098690033,0.24361447989940643
ensemble3,26,0.030405685305595398,,,,,,,0.40087613463401794,0.35065165162086487,0.24847272038459778
ensemble3,27,0.03418534994125366,,,,,,,0.41796860098838806,0.33665546774864197,0.24537602066993713
ensemble3,28,0.0753076821565628,,,,,,,0.4556218385696411,0.3119175136089325,0.23245953023433685
ensemble3,29,0.28087903559207916,,,,,,,0.3151829242706299,0.35652536153793335,0.32829180359840393
ensemble3,30,0.027778565883636475,,,,,,,0.30129387974739075,0.3576323390007019,0.3410743474960327
ensemble3,31,0.02756267786026001,,,,,,,0.31232792139053345,0.34385067224502563,0.34382131695747375
ensemble3,32,0.10102725028991699,,,,,,,0.27927979826927185,0.39436450600624084,0.32635602355003357
ensemble3,33,0.013571411371231079,,,,,,,0.2847130000591278,0.38757866621017456,0.3277083933353424
ensemble3,34,0.041338592767715454,,,,,,,0.26404324173927307,0.394832044839859,0.3411238491535187
ensemble3,35,0.04173684120178223,,,,,,,0.2674967050552368,0.4122472405433655,0.32025566697120667
ensemble3,36,0.09071999788284302,,,,,,,0.27433958649635315,0.36688780784606934,0.3587733507156372
ensemble3,37,0.025689810514450073,,,,,,,0.2711821496486664,0.37973225116729736,0.34908542037010193
ensemble3,38,0.10001370310783386,,,,,,,0.3055540919303894,0.3297254741191864,0.3647204041481018
ensemble3,39,0.21344761550426483,,,,,,,0.1988305002450943,0.355874240398407,0.44529566168785095
ensemble3,40,0.13030631840229034,,,,,,,0.1645546853542328,0.42102697491645813,0.41441789269447327
ensemble3,41,0.03336644172668457,,,,,,,0.1812380850315094,0.4067552387714386,0.41200658679008484
ensemble3,42,0.11590877175331116,,,,,,,0.16310548782348633,0.4647098481655121,0.37218502163887024
ensemble3,43,0.3146209269762039,,,,,,,0.12767405807971954,0.6220203638076782,0.25030604004859924
ensemble3,44,0.3263902962207794,,,,,,,0.19618354737758636,0.45882508158683777,0.3449915647506714
ensemble3,45,0.32430075109004974,,,,,,,0.3026893138885498,0.29667484760284424,0.40063631534576416
ensemble3,46,0.15064816176891327,,,,,,,0.2391922026872635,0.37199845910072327,0.38880887627601624
ensemble3,47,0.49815670400857925,,,,,,,0.10839617997407913,0.621076762676239,0.2705264985561371
ensemble3,48,0.278634499758482,,,,,,,0.06085832044482231,0.7603939771652222,0.17874707281589508
ensemble3,49,0.03238549456000328,,,,,,,0.0722363069653511,0.7442013621330261,0.18356196582317352
ensemble3,50,0.329237662255764,,,,,,,0.14549092948436737,0.5795826315879822,0.2749262750148773
ensemble3,51,0.17276528477668762,,,,,,,0.21971048414707184,0.49320006370544434,0.28708943724632263
ensemble3,52,0.5029329136013985,,,,,,,0.13818229734897614,0.7446663975715637,0.11715104430913925
ensemble3,53,0.24535635486245155,,,,,,,0.073444664478302,0.8673445582389832,0.059210482984781265
ensemble3,54,0.02441803738474846,,,,,,,0.06488779187202454,0.8636926412582397,0.07141973078250885
ensemble3,55,0.08271856606006622,,,,,,,0.07477778196334839,0.822333574295044,0.10288923978805542
ensemble3,56,0.2439914420247078,,,,,,,0.12401672452688217,0.7003369927406311,0.1756451576948166
ensemble3,57,0.07892366498708725,,,,,,,0.14108820259571075,0.6608759164810181,0.19803626835346222
ensemble3,58,0.08181845396757126,,,,,,,0.12406035512685776,0.7017855644226074,0.1741553097963333
ensemble3,59,0.09364010393619537,,,,,,,0.10763388127088547,0.7486050724983215,0.14376118779182434
ensemble3,60,0.023479290306568146,,,,,,,0.1135648787021637,0.7368650436401367,0.14956945180892944
ensemble3,61,0.11894810199737549,,,,,,,0.09573017060756683,0.7963388562202454,0.10792987048625946
ensemble3,62,0.032031916081905365,,,,,,,0.10032998770475388,0.7803235054016113,0.11934661865234375
ensemble3,63,0.06496034562587738,,,,,,,0.07126393169164658,0.8128031492233276,0.11593197286128998
ensemble3,64,0.017691079527139664,,,,,,,0.06241840496659279,0.8144224286079407,0.12315824627876282
ensemble3,65,0.10160710290074348,,,,,,,0.0871143564581871,0.7636191248893738,0.1492660939693451
ensemble3,66,0.16774342209100723,,,,,,,0.12512682378292084,0.6797473430633545,0.1951252669095993
ensemble3,67,0.012222766876220703,,,,,,,0.13123899698257446,0.6796494722366333,0.18911254405975342
ensemble3,68,0.21874556690454483,,,,,,,0.06857695430517197,0.7890224456787109,0.14240199327468872
ensemble3,69,0.13883348181843758,,,,,,,0.03492329642176628,0.8584389686584473,0.10663869231939316
ensemble3,70,0.013220109045505524,,,,,,,0.033837515860795975,0.8650482296943665,0.10111362487077713
ensemble3,71,0.09506396949291229,,,,,,,0.05989815667271614,0.8175167441368103,0.1225854679942131
ensemble3,72,0.13295337930321693,,,,,,,0.10272783041000366,0.7510398030281067,0.1462322324514389
ensemble3,73,0.041986703872680664,,,,,,,0.0839342325925827,0.7720339298248291,0.1440332531929016
ensemble3,74,0.10438752174377441,,,,,,,0.056783631443977356,0.8242270350456238,0.11898943781852722
ensemble3,75,0.08760103210806847,,,,,,,0.04252888634800911,0.8680279850959778,0.089444100856781
ensemble3,76,0.03018246963620186,,,,,,,0.051341645419597626,0.8529362678527832,0.09572209417819977
ensemble3,77,0.025567837059497833,,,,,,,0.0641251653432846,0.8424004912376404,0.09347355365753174
ensemble3,78,0.022237643599510193,,,,,,,0.06359224021434784,0.8535192608833313,0.08288760483264923
ensemble3,79,0.013217218220233917,,,,,,,0.05714152008295059,0.8601283431053162,0.08273018896579742
ensemble3,80,0.0077082328498363495,,,,,,,0.05385419353842735,0.8595620393753052,0.08658479154109955
ensemble3,81,0.017834078520536423,,,,,,,0.044936634600162506,0.866542637348175,0.08852071315050125
ensemble3,82,0.013478577136993408,,,,,,,0.03900981694459915,0.8732818365097046,0.08770815283060074
ensemble3,83,0.00895838811993599,,,,,,,0.03919420763850212,0.8775765895843506,0.08322890847921371
ensemble3,84,0.0189131498336792,,,,,,,0.048651810735464096,0.8683233857154846,0.08302656561136246
ensemble3,85,0.022597912698984146,,,,,,,0.0572580024600029,0.8570237755775452,0.08571867644786835
ensemble3,86,0.013449497520923615,,,,,,,0.051540665328502655,0.856016218662262,0.09244327992200851
ensemble3,87,0.03575373440980911,,,,,,,0.04344731569290161,0.8462326526641846,0.11032009869813919
ensemble3,88,0.0318257175385952,,,,,,,0.033865947276353836,0.8621453642845154,0.10398846119642258
ensemble3,89,0.06269686669111252,,,,,,,0.040174294263124466,0.8307976126670837,0.12902922928333282
ensemble3,90,0.030303239822387695,,,,,,,0.055325593799352646,0.8217860460281372,0.12288885563611984
ensemble3,91,0.020038526505231857,,,,,,,0.06332571059465408,0.8238048553466797,0.1128692552447319
ensemble3,92,0.028804294764995575,,,,,,,0.04892344772815704,0.8300470113754272,0.12102913111448288
ensemble3,93,0.046700794249773026,,,,,,,0.03262888267636299,0.8533976078033447,0.11397349834442139
ensemble3,94,0.03862700238823891,,,,,,,0.034851036965847015,0.8340835571289062,0.1310642957687378
ensemble3,95,0.028116047382354736,,,,,,,0.042650006711483,0.8403429985046387,0.11700665950775146
ensemble3,96,0.023709971457719803,,,,,,,0.04769996181130409,0.8471477627754211,0.10515140742063522
ensemble3,97,0.020487919449806213,,,,,,,0.03745618090033531,0.8539620637893677,0.10858124494552612
ensemble3,98,0.06299899145960808,,,,,,,0.037034809589385986,0.8228846192359924,0.14008142054080963
ensemble3,99,0.005020741373300552,,,,,,,0.03699886426329613,0.8253949284553528,0.1376069337129593
ensemble3,100,0.054869022220373154,,,,,,,0.0494542196393013,0.7979602217674255,0.15258589386940002
ensemble3,101,0.009532544761896133,,,,,,,0.05421989783644676,0.7940916419029236,0.1516876071691513
ensemble3,102,0.012121155858039856,,,,,,,0.04815978929400444,0.796347975730896,0.15549232065677643
ensemble3,103,0.039394985884428024,,,,,,,0.038690805435180664,0.7861198782920837,0.17519022524356842
ensemble3,104,0.03089718334376812,,,,,,,0.028046192601323128,0.7813159227371216,0.19063884019851685
ensemble3,105,0.0212183129042387,,,,,,,0.03244829177856445,0.7707061171531677,0.19684524834156036
ensemble3,106,0.05753399431705475,,,,,,,0.04033850133419037,0.791583240032196,0.16807858645915985
ensemble3,107,0.0666249580681324,,,,,,,0.04205607250332832,0.823176920413971,0.1347648799419403
ensemble3,108,0.03918994218111038,,,,,,,0.04467637464404106,0.8035826086997986,0.1517402082681656
ensemble3,109,0.02062162011861801,,,,,,,0.054987583309412,0.7939529418945312,0.15105946362018585
ensemble3,110,0.08506261184811592,,,,,,,0.0447433739900589,0.761665940284729,0.19359086453914642
ensemble3,111,0.03081263229250908,,,,,,,0.029336456209421158,0.7654470801353455,0.2052154392004013
ensemble3,112,0.06651942618191242,,,,,,,0.026732878759503365,0.7987075448036194,0.1745600551366806
ensemble3,113,0.0268546175211668,,,,,,,0.0401591956615448,0.7956123948097229,0.16422690451145172
ensemble3,114,0.03464660421013832,,,,,,,0.0525285042822361,0.8005669116973877,0.1469041258096695
ensemble3,115,0.08332012221217155,,,,,,,0.037341080605983734,0.8422278761863708,0.12043239176273346
ensemble3,116,0.02288004569709301,,,,,,,0.025900715962052345,0.8443350195884705,0.12976492941379547
ensemble3,117,0.036935871466994286,,,,,,,0.02379128709435463,0.8279755115509033,0.1482318639755249
ensemble3,118,0.03503604233264923,,,,,,,0.03326265886425972,0.8360225558280945,0.13071423768997192
ensemble3,119,0.07198459655046463,,,,,,,0.04592495784163475,0.8593530058860779,0.09472239017486572
amgtp,4,,0.20000606775283813,0.20000606775283813,0.20000606775283813,0.20000606775283813,0.20000606775283813,17.00051575899124,,,
amgtp,5,0.34680797904729843,0.25780215859413147,0.07675742357969284,0.149835005402565,0.25780215859413147,0.25780215859413147,21.408237285912037,,,
amgtp,6,0.24328122660517693,0.2983490824699402,0.04219311848282814,0.06275885552167892,0.2983490824699402,0.2983490824699402,24.39674536511302,,,
amgtp,7,0.05124974623322487,0.3068907856941223,0.03221145644783974,0.04711585119366646,0.3068907856941223,0.3068907558917999,25.031712234020233,,,
amgtp,8,0.004538917914032936,0.3073000907897949,0.02994224987924099,0.04815761744976044,0.3073000907897949,0.3073000907897949,25.06572245620191,,,
amgtp,9,0.09973315335810184,0.3278525471687317,0.03164278343319893,0.05521879717707634,0.25743356347084045,0.3278525471687317,26.260422609746456,,,
amgtp,10,0.09833553433418274,0.3350059688091278,0.03732949495315552,0.08439275622367859,0.2082655429840088,0.3350059688091278,26.53880825638771,,,
amgtp,11,0.09756410121917725,0.343985915184021,0.0396442711353302,0.11290045082569122,0.15948377549648285,0.3439858853816986,26.949689358472824,,,
amgtp,12,0.20523255318403244,0.3952939510345459,0.03175285831093788,0.06243506446480751,0.11522412300109863,0.3952939510345459,30.277379289269447,,,
amgtp,13,0.07917258702218533,0.4150870740413666,0.028352154418826103,0.04463130608201027,0.09684224426746368,0.4150870740413666,31.55658526159823,,,
amgtp,14,0.007189800962805748,0.41479602456092834,0.03194696083664894,0.042382169514894485,0.0960785448551178,0.41479596495628357,31.526548266410828,,,
amgtp,15,0.021999824792146683,0.4092961549758911,0.03754616528749466,0.045107077807188034,0.09875457733869553,0.4092961549758911,31.15206490829587,,,
amgtp,16,0.08762615919113159,0.4216529428958893,0.04437584429979324,0.05811073258519173,0.11037774384021759,0.36548328399658203,31.407294798642397,,,
amgtp,17,0.1208338662981987,0.4778883159160614,0.03808186203241348,0.06229222193360329,0.10927236825227737,0.312465637922287,34.03768299147487,,,
amgtp,18,0.09547340124845505,0.5194982290267944,0.03326261416077614,0.06637991964817047,0.11131109297275543,0.26954782009124756,35.95514324679971,,,
amgtp,19,0.0440501794219017,0.5359451174736023,0.031541597098112106,0.06416995078325272,0.11688951402902603,0.2514539361000061,36.719340201467276,,,
amgtp,20,0.14701454900205135,0.6094520688056946,0.02992877922952175,0.05007735639810562,0.09012266248464584,0.22041860222816467,40.46400404535234,,,
amgtp,21,0.0660106111317873,0.6379388570785522,0.0344475582242012,0.04636528342962265,0.07893171161413193,0.20231658220291138,41.83482896536589,,,
amgtp,22,0.08415745571255684,0.5958602428436279,0.04369347169995308,0.052516333758831024,0.08716166019439697,0.2207685112953186,39.65374782308936,,,
amgtp,23,0.02988157421350479,0.5867125391960144,0.03927037864923477,0.05114615336060524,0.08841852098703384,0.2344522476196289,39.296722304075956,,,
amgtp,24,0.06501356139779091,0.5577254891395569,0.03575096279382706,0.053569719195365906,0.09617194533348083,0.2567823529243469,37.92814602702856,,,
amgtp,25,0.046956270933151245,0.5726920962333679,0.031481802463531494,0.05459267646074295,0.10366001725196838,0.23757287859916687,38.60842602699995,,,
amgtp,26,0.08519555628299713,0.6152901649475098,0.02837657928466797,0.05099066346883774,0.10156252980232239,0.20378011465072632,40.66261778026819,,,
amgtp,27,0.04194699972867966,0.6041049957275391,0.031092889606952667,0.06126685440540314,0.10954373329877853,0.1939919888973236,39.943887174129486,,,
amgtp,28,0.02769840508699417,0.6008055210113525,0.03728833794593811,0.06892028450965881,0.10096732527017593,0.19201834499835968,39.687408559024334,,,
amgtp,29,0.11209337785840034,0.5447588562965393,0.04717433825135231,0.07303714007139206,0.10338188707828522,0.23164764046669006,36.918557312339544,,,
amgtp,30,0.14417043328285217,0.4871518909931183,0.04322703555226326,0.06656072288751602,0.09932766854763031,0.3037331700325012,34.41958072409034,,,
amgtp,31,0.14895501732826233,0.4280797839164734,0.03538719192147255,0.06292897462844849,0.09539351612329483,0.3782103359699249,31.871660467237234,,,
amgtp,32,0.07690160349011421,0.389629065990448,0.03542663902044296,0.06867816299200058,0.09893451631069183,0.40733158588409424,30.014388903975487,,,
amgtp,33,0.1791810281574726,0.46346554160118103,0.04162200167775154,0.07032107561826706,0.10685036331415176,0.31774115562438965,33.25684644654393,,,
amgtp,34,0.140981737524271,0.5172037482261658,0.0448983758687973,0.06816364079713821,0.12032674252986908,0.2494078129529953,35.615610770881176,,,
amgtp,35,0.06146671250462532,0.4996646046638489,0.05090712383389473,0.0699249729514122,0.143289253115654,0.2362128347158432,34.55056278035045,,,
amgtp,36,0.03762930631637573,0.4873855412006378,0.05867480859160423,0.07358777523040771,0.13675403594970703,0.2435973733663559,33.89021208509803,,,
amgtp,37,0.07630521059036255,0.46890896558761597,0.060306090861558914,0.08282312750816345,0.11707819253206253,0.2708835303783417,33.05523018166423,,,
amgtp,38,0.029684871435165405,0.4702569246292114,0.050378505140542984,0.09123984724283218,0.11216321587562561,0.27596116065979004,33.188112284988165,,,
amgtp,39,0.11887439712882042,0.4404224157333374,0.03922977298498154,0.07278594374656677,0.1122962012887001,0.3352654278278351,32.16272194683552,,,
amgtp,40,0.19494056329131126,0.3671136200428009,0.03538019210100174,0.05691315606236458,0.10785696655511856,0.4327355921268463,29.046233918517828,,,
amgtp,41,0.1059020645916462,0.4069037139415741,0.04236011579632759,0.05987866595387459,0.11107279360294342,0.37978488206863403,30.730716854333878,,,
amgtp,42,0.2009495124220848,0.3064289689064026,0.04888422042131424,0.07133813202381134,0.12200256437063217,0.4513463079929352,25.82150301337242,,,
amgtp,43,0.27312709763646126,0.19834588468074799,0.040719836950302124,0.0609002448618412,0.11212456971406937,0.5879100561141968,21.139786425977945,,,
amgtp,44,0.02676227316260338,0.20549099147319794,0.03928729146718979,0.06548468768596649,0.11377598345279694,0.5759612917900085,21.425090812146664,,,
amgtp,45,0.1998002529144287,0.29128822684288025,0.04491482675075531,0.07396003603935242,0.11371860653162003,0.4761185348033905,25.205778278410435,,,
amgtp,46,0.12995348125696182,0.3547741174697876,0.045708149671554565,0.07465751469135284,0.1106770932674408,0.41418325901031494,28.129433020949364,,,
amgtp,47,0.042644698172807693,0.3348521590232849,0.04430738463997841,0.07508935034275055,0.12098788470029831,0.4247626066207886,27.154296662658453,,,
amgtp,48,0.19290277361869812,0.26243650913238525,0.038252849131822586,0.058906346559524536,0.11918982118368149,0.5212141275405884,24.09248897060752,,,
amgtp,49,0.20760299265384674,0.1918506920337677,0.0330062061548233,0.044746946543455124,0.10538029670715332,0.6250157356262207,21.166170943528414,,,
amgtp,50,0.06002913787961006,0.19135168194770813,0.03839076682925224,0.05067901685833931,0.1240784078836441,0.5955003499984741,20.877082489430904,,,
amgtp,51,0.23347565531730652,0.2766495645046234,0.04593855142593384,0.0683700442314148,0.1302795559167862,0.47876253724098206,24.464654967188835,,,
amgtp,52,0.08299987763166428,0.2932380735874176,0.03980349004268646,0.07949159294366837,0.14406882226467133,0.44339704513549805,25.08860307186842,,,
amgtp,53,0.1893995851278305,0.20354953408241272,0.03627956658601761,0.07800455391407013,0.16642716526985168,0.5157387852668762,20.86859842389822,,,
amgtp,54,0.20422330871224403,0.14983679354190826,0.03345383331179619,0.05835477262735367,0.14050404727458954,0.6178507208824158,18.8321641869843,,,
amgtp,55,0.09560147300362587,0.11172204464673996,0.03430815786123276,0.05517222732305527,0.13400042057037354,0.6647969484329224,17.148307740688324,,,
amgtp,56,0.05271301046013832,0.10442229360342026,0.0406799279153347,0.07515757530927658,0.1263083815574646,0.6534328460693359,16.563708785921335,,,
amgtp,57,0.11458862945437431,0.1282936930656433,0.05001254379749298,0.09494773298501968,0.1306079924106598,0.5961380004882812,17.292665280401707,,,
amgtp,58,0.1260402873158455,0.1773170530796051,0.05254780501127243,0.08134881407022476,0.14206954836845398,0.5467168092727661,19.584139600396156,,,
amgtp,59,0.06855923309922218,0.20781280100345612,0.04193296656012535,0.06366381049156189,0.13608984649181366,0.550500750541687,21.36133189126849,,,
amgtp,60,0.06189762428402901,0.1941327303647995,0.036333873867988586,0.060130782425403595,0.12795335054397583,0.5814496874809265,20.90065912157297,,,
amgtp,61,0.11169254779815674,0.13828648626804352,0.03648648411035538,0.07194501161575317,0.1578042060136795,0.5954782962799072,17.990836285054684,,,
amgtp,62,0.09245288744568825,0.10578873008489609,0.039745431393384933,0.08822398632764816,0.18449267745018005,0.5817495584487915,16.087683755904436,,,
amgtp,63,0.21378083527088165,0.08540037274360657,0.03890295326709747,0.058096837252378464,0.12896032631397247,0.6886400580406189,15.880898926407099,,,
amgtp,64,0.10035696253180504,0.07820482552051544,0.04344824329018593,0.045968372374773026,0.09810586273670197,0.7342732548713684,15.840209499001503,,,
amgtp,65,0.057463306933641434,0.09698839485645294,0.047740332782268524,0.051623422652482986,0.09670408070087433,0.7069424390792847,16.596037004143,,,
amgtp,66,0.1539546512067318,0.15040232241153717,0.03968339413404465,0.06619072705507278,0.10570084303617477,0.6380227208137512,18.934618912637234,,,
amgtp,67,0.1488159280270338,0.1937820166349411,0.029698321595788002,0.08183963596820831,0.12108013033866882,0.5735997557640076,20.780095720663667,,,
amgtp,68,0.19103401340544224,0.12078116089105606,0.02489723265171051,0.06412480026483536,0.1421288698911667,0.6480682492256165,17.531998865306377,,,
amgtp,69,0.11179056204855442,0.0744163990020752,0.025545453652739525,0.054594527930021286,0.177252396941185,0.6681920289993286,15.24976816214621,,,
amgtp,70,0.10574915073812008,0.053621865808963776,0.033319927752017975,0.05568639189004898,0.14517171680927277,0.7121996283531189,14.404687866568565,,,
amgtp,71,0.12612419947981834,0.04627668112516403,0.04224390536546707,0.05981878563761711,0.08945528417825699,0.7622058391571045,14.295369867235422,,,
amgtp,72,0.08053922280669212,0.0577503964304924,0.0594734251499176,0.07138485461473465,0.0860680639743805,0.7253231406211853,14.495652191340923,,,
amgtp,73,0.08350934833288193,0.06719380617141724,0.03567715734243393,0.05342680215835571,0.08879414200782776,0.7549086809158325,15.417866460978985,,,
amgtp,74,0.036320414394140244,0.06974656879901886,0.024577636271715164,0.04636529088020325,0.09952104836702347,0.7597883939743042,15.68215249106288,,,
amgtp,75,0.04443654976785183,0.073944590985775,0.02160635031759739,0.04774639382958412,0.11616096645593643,0.7405421733856201,15.782238183543086,,,
amgtp,76,0.12975222244858742,0.08094828575849533,0.02695765160024166,0.0621318556368351,0.15429653227329254,0.6756659746170044,15.609649734571576,,,
amgtp,77,0.07913821749389172,0.07056639343500137,0.039850324392318726,0.06599787622690201,0.12510941922664642,0.6984764933586121,15.126264400780201,,,
amgtp,78,0.16110624372959137,0.05449941009283066,0.035811685025691986,0.04949526488780975,0.0811644047498703,0.7790294885635376,14.92882575839758,,,
amgtp,79,0.05220947414636612,0.04828834906220436,0.03288596495985985,0.044822052121162415,0.06886973232030869,0.8051342964172363,14.818621341139078,,,
amgtp,80,0.04237217828631401,0.051560673862695694,0.036928772926330566,0.054598331451416016,0.0729646235704422,0.7839484214782715,14.780394464731216,,,
amgtp,81,0.053464923053979874,0.05046255514025688,0.03416058421134949,0.058377351611852646,0.09591791033744812,0.761082112789154,14.563620898872614,,,
amgtp,82,0.0896765235811472,0.041851989924907684,0.027317890897393227,0.05564994737505913,0.14075636863708496,0.7344247102737427,13.972627652809024,,,
amgtp,83,0.10060769319534302,0.034428343176841736,0.023570267483592033,0.045971207320690155,0.11130226403474808,0.7847282886505127,13.992496369406581,,,
amgtp,84,0.04684711992740631,0.037477485835552216,0.03082272596657276,0.05033409222960472,0.08787829428911209,0.7934869527816772,14.154439551755786,,,
amgtp,85,0.18649564869701862,0.047157347202301025,0.0524456724524498,0.09563591331243515,0.10452184081077576,0.7002394795417786,13.703799843788147,,,
amgtp,86,0.05671100318431854,0.041907090693712234,0.04386425390839577,0.0947863981127739,0.13287703692913055,0.6865648627281189,13.38469622656703,,,
amgtp,87,0.10833905078470707,0.03662165254354477,0.03043435327708721,0.059332698583602905,0.14586006104946136,0.7277518510818481,13.615277944132686,,,
amgtp,88,0.040420712903141975,0.03534311801195145,0.026034601032733917,0.04808885231614113,0.16606953740119934,0.7244627475738525,13.595853466540575,,,
amgtp,89,0.082636047154665,0.04353751987218857,0.03036096692085266,0.0502607524394989,0.19269545376300812,0.68314528465271,13.70629657804966,,,
amgtp,90,0.07065809890627861,0.048991646617650986,0.0396948903799057,0.07080218940973282,0.17601409554481506,0.6644980311393738,13.726671360433102,,,
amgtp,91,0.1709617432206869,0.03759011998772621,0.030330704525113106,0.0713806003332138,0.11129816621541977,0.749399721622467,13.770562971010804,,,
amgtp,92,0.08535312488675117,0.033266182988882065,0.025978608056902885,0.05880269408226013,0.0898754894733429,0.7920762300491333,13.916553316637874,,,
amgtp,93,0.034776998683810234,0.032793231308460236,0.026429712772369385,0.04897750914096832,0.08278540521860123,0.8090139031410217,14.046648599207401,,,
amgtp,94,0.07771915569901466,0.037718046456575394,0.03501446172595024,0.05193023756146431,0.10518284142017365,0.7701544761657715,13.972330518066883,,,
amgtp,95,0.032458990812301636,0.03455058112740517,0.028512481600046158,0.04537032172083855,0.11247237026691437,0.7790945768356323,13.932288981974125,,,
amgtp,96,0.05210530757904053,0.030508127063512802,0.023189950734376907,0.04186548665165901,0.0992889404296875,0.8051466345787048,13.946349501609802,,,
amgtp,97,0.014688137918710709,0.02767053060233593,0.022355908527970314,0.04524797201156616,0.09561678767204285,0.8091084957122803,13.815168114379048,,,
amgtp,98,0.09155474603176117,0.027924783527851105,0.028434768319129944,0.06366898864507675,0.11664026230573654,0.7633313536643982,13.398049533367157,,,
amgtp,99,0.030256932601332664,0.024387046694755554,0.028468022122979164,0.057896967977285385,0.11082133650779724,0.7784263491630554,13.339099971577525,,,
amgtp,100,0.05668728053569794,0.024879805743694305,0.02616243250668049,0.047041650861501694,0.0956384688615799,0.8062770962715149,13.617424359545112,,,
amgtp,101,0.03725608251988888,0.03206871449947357,0.027864955365657806,0.04976465925574303,0.10265294462442398,0.787649929523468,13.846951428800821,,,
amgtp,102,0.13181137293577194,0.04147927090525627,0.03449084609746933,0.06809689104557037,0.13418953120708466,0.7217438220977783,13.771278001368046,,,
amgtp,103,0.1716149691492319,0.029226915910840034,0.03237375617027283,0.0769873782992363,0.21110613644123077,0.6503053903579712,12.598969265818596,,,
amgtp,104,0.20958455093204975,0.02116064354777336,0.02493419125676155,0.052632786333560944,0.31589850783348083,0.5853736400604248,11.85899167880416,,,
amgtp,105,0.2711123488843441,0.02045254595577717,0.024126937612891197,0.04421838000416756,0.1902720183134079,0.720929741859436,12.808855349197984,,,
amgtp,106,0.15789353847503662,0.022951660677790642,0.026331810280680656,0.043207570910453796,0.1123366430401802,0.7951731085777283,13.451834185048938,,,
amgtp,107,0.0687854178249836,0.029940586537122726,0.03201047331094742,0.05404822900891304,0.07794363796710968,0.8060572743415833,13.820997659116983,,,
amgtp,108,0.03625630959868431,0.026376305148005486,0.02893017791211605,0.06304839253425598,0.06646028161048889,0.8151854872703552,13.678472457453609,,,
amgtp,109,0.10941889509558678,0.022762905806303024,0.027349229902029037,0.10711514204740524,0.07710283249616623,0.7656702399253845,12.973572190850973,,,
amgtp,110,0.06878039985895157,0.020267600193619728,0.023596717044711113,0.08204088360071182,0.1114930659532547,0.7626021504402161,12.942656947299838,,,
amgtp,111,0.12246759049594402,0.01966894418001175,0.021352412179112434,0.05046617239713669,0.1727263182401657,0.7357854843139648,12.862968588247895,,,
amgtp,112,0.058045120909810066,0.02068869024515152,0.021400481462478638,0.03790866211056709,0.15626133978366852,0.7637403011322021,13.16264147683978,,,
amgtp,113,0.056206194683909416,0.02461390383541584,0.025822095572948456,0.03752084821462631,0.1285465806722641,0.7834970951080322,13.484004266560078,,,
amgtp,114,0.036250920966267586,0.025892777368426323,0.028389235958456993,0.04711795598268509,0.11042072623968124,0.7881790399551392,13.530761389061809,,,
amgtp,115,0.04753465950489044,0.022783594205975533,0.025411436334252357,0.05480419844388962,0.09274044632911682,0.8042601943016052,13.465665528550744,,,
amgtp,116,0.04495613090693951,0.01835104078054428,0.021734723821282387,0.050832148641347885,0.08234397321939468,0.8267385363578796,13.42604093812406,,,
amgtp,117,0.026779266074299812,0.017095163464546204,0.0199396051466465,0.04049350321292877,0.08393789827823639,0.8385342359542847,13.494174513965845,,,
amgtp,118,0.03612290136516094,0.019578715786337852,0.023465227335691452,0.04034418612718582,0.09599027782678604,0.8206222057342529,13.479863557964563,,,
amgtp,119,0.012250557541847229,0.01975136250257492,0.0244052205234766,0.04412408918142319,0.08986476808786392,0.8218547105789185,13.476878562942147,,,
amgtp_global_q,4,,0.20000606775283813,0.20000606775283813,0.20000606775283813,0.20000606775283813,0.20000606775283813,17.00051575899124,,,
amgtp_global_q,5,0.14366382360458374,0.22394493222236633,0.13169698417186737,0.19646792113780975,0.22394493222236633,0.22394493222236633,18.86064025759697,,,
amgtp_global_q,6,0.27104465663433075,0.2691190540790558,0.079771988093853,0.11287062615156174,0.2691190540790558,0.2691190540790558,22.217027246952057,,,
amgtp_global_q,7,0.1254240684211254,0.2900230884552002,0.05350206419825554,0.07642858475446701,0.2900230884552002,0.2900230884552002,23.774657983332872,,,
amgtp_global_q,8,0.05138951539993286,0.29858797788619995,0.04211582615971565,0.0621199756860733,0.29858797788619995,0.29858797788619995,24.41410196200013,,,
amgtp_global_q,9,0.05252963677048683,0.31172066926956177,0.03762497380375862,0.05722491070628166,0.2817096412181854,0.31172066926956177,25.248596720397472,,,
amgtp_global_q,10,0.06006430462002754,0.3165358603000641,0.043503936380147934,0.07174702733755112,0.2516767978668213,0.3165358603000641,25.444136265665293,,,
amgtp_global_q,11,0.08413925021886826,0.32200825214385986,0.051240283995866776,0.09513574093580246,0.20960742235183716,0.32200828194618225,25.632510539144278,,,
amgtp_global_q,12,0.11523795127868652,0.35081779956817627,0.05042582377791405,0.08822067081928253,0.15971806645393372,0.35081779956817627,27.39363146945834,,,
amgtp_global_q,13,0.08299686387181282,0.3715670704841614,0.04804042726755142,0.07666030526161194,0.13216550648212433,0.3715670704841614,28.6991431042552,,,
amgtp_global_q,14,0.03104645386338234,0.379304438829422,0.04808804765343666,0.07255365699529648,0.12074805796146393,0.379304438829422,29.1795138977468,,,
amgtp_global_q,15,0.0391794890165329,0.3890995979309082,0.04591316357254982,0.06600730121135712,0.10988012701272964,0.3890995979309082,29.806466203182936,,,
amgtp_global_q,16,0.03279522433876991,0.39791882038116455,0.04894810914993286,0.0678005963563919,0.11263008415699005,0.3727017939090729,30.133714824914932,,,
amgtp_global_q,17,0.06625986099243164,0.42626306414604187,0.04862312972545624,0.06824930757284164,0.11696776002645493,0.3398975431919098,31.406494826078415,,,
amgtp_global_q,18,0.0832865983247757,0.4446888566017151,0.05105447769165039,0.07700885832309723,0.12899383902549744,0.29825371503829956,32.04192133247852,,,
amgtp_global_q,19,0.05743659660220146,0.4650823473930359,0.049778323620557785,0.07931984215974808,0.1350078284740448,0.2708117365837097,32.929097805172205,,,
amgtp_global_q,20,0.13696347549557686,0.5335642695426941,0.04506748914718628,0.06858435273170471,0.11385631561279297,0.23892802000045776,36.406663209199905,,,
amgtp_global_q,21,0.09021705016493797,0.5786722302436829,0.04453330859541893,0.06379131972789764,0.09958358854055405,0.2134188711643219,38.64119039848447,,,
amgtp_global_q,22,0.01782066375017166,0.5814388990402222,0.047955308109521866,0.06651314347982407,0.09739384055137634,0.2066984474658966,38.70936382934451,,,
amgtp_global_q,23,0.008589405566453934,0.5834026336669922,0.04962042719125748,0.06717970222234726,0.09564918279647827,0.20414911210536957,38.78294940292835,,,
amgtp_global_q,24,0.04997062683105469,0.5584171414375305,0.052892349660396576,0.07182794064283371,0.10292348265647888,0.21393978595733643,37.48902603983879,,,
amgtp_global_q,25,0.03519166260957718,0.5713352560997009,0.0473286435008049,0.06915273517370224,0.10760050266981125,0.20458216965198517,38.15225610882044,,,
amgtp_global_q,26,0.05640026554465294,0.5975411534309387,0.04106773063540459,0.0634838193655014,0.10959549248218536,0.1883126199245453,39.487533520907164,,,
amgtp_global_q,27,0.03204907849431038,0.5859259366989136,0.041384801268577576,0.07064172625541687,0.11814479529857635,0.1839030385017395,38.81052228808403,,,
amgtp_global_q,28,0.02075236663222313,0.5773134231567383,0.044687774032354355,0.07771479338407516,0.1169404610991478,0.1833435595035553,38.302030604332685,,,
amgtp_global_q,29,0.08545966818928719,0.5345836877822876,0.05450268089771271,0.08643489331007004,0.12011893838644028,0.2043600082397461,36.090701311826706,,,
amgtp_global_q,30,0.07238223031163216,0.5005040168762207,0.05807705596089363,0.08713044226169586,0.11800737679004669,0.23628108203411102,34.483696181327105,,,
amgtp_global_q,31,0.06873520836234093,0.47179293632507324,0.0553000271320343,0.08599410951137543,0.11626430600881577,0.2706487774848938,33.22379156202078,,,
amgtp_global_q,32,0.0641532838344574,0.4404121935367584,0.054604023694992065,0.08651898056268692,0.11720079183578491,0.3012639582157135,31.77699353545904,,,
amgtp_global_q,33,0.019979871809482574,0.44496598839759827,0.056620508432388306,0.08364630490541458,0.12062067538499832,0.29414692521095276,31.967920407652855,,,
amgtp_global_q,34,0.030694980174303055,0.4498264193534851,0.05780189856886864,0.08274892717599869,0.12992629408836365,0.2796967625617981,32.12087257578969,,,
amgtp_global_q,35,0.02883395180106163,0.444937527179718,0.06072172522544861,0.08361251652240753,0.14055968821048737,0.2701685130596161,31.77408790588379,,,
amgtp_global_q,36,0.025461778044700623,0.4462825655937195,0.06767331063747406,0.0872998982667923,0.14130626618862152,0.2574373185634613,31.69979326426983,,,
amgtp_global_q,37,0.02845807373523712,0.4486199617385864,0.07227420806884766,0.09459137916564941,0.13317981362342834,0.251335471868515,31.72420135140419,,,
amgtp_global_q,38,0.049099624156951904,0.46813899278640747,0.06656092405319214,0.09962201118469238,0.12767283618450165,0.23800577223300934,32.67955718934536,,,
amgtp_global_q,39,0.05357256159186363,0.47995951771736145,0.05538905784487724,0.08771602064371109,0.12396423518657684,0.252971351146698,33.52545674517751,,,
amgtp_global_q,40,0.10580862686038017,0.4401851296424866,0.05174649506807327,0.07822835445404053,0.12456773221492767,0.30527186393737793,31.843319557607174,,,
amgtp_global_q,41,0.07240406796336174,0.40398338437080383,0.054179076105356216,0.07861550152301788,0.12716694176197052,0.3360552489757538,30.123970720916986,,,
amgtp_global_q,42,0.1856805384159088,0.31114307045936584,0.05780087783932686,0.08457127213478088,0.13317851722240448,0.413306325674057,25.69863710179925,,,
amgtp_global_q,43,0.1908060610294342,0.22651700675487518,0.055899109691381454,0.07947840541601181,0.12939614057540894,0.5087093114852905,21.913058076053858,,,
amgtp_global_q,44,0.01944541558623314,0.23413468897342682,0.054669857025146484,0.08158380538225174,0.12766115367412567,0.5019512176513672,22.26844773441553,,,
amgtp_global_q,45,0.15525269508361816,0.3087860941886902,0.05661547929048538,0.08261308073997498,0.12263152003288269,0.4293544590473175,25.701003439724445,,,
amgtp_global_q,46,0.07843662425875664,0.3480041027069092,0.05616794154047966,0.08243805915117264,0.1198321059346199,0.3935578167438507,27.532362457364798,,,
amgtp_global_q,47,0.041256699711084366,0.32951030135154724,0.05403353273868561,0.08336077630519867,0.12419534474611282,0.40890035033226013,26.668706260621548,,,
amgtp_global_q,48,0.13988089933991432,0.27778711915016174,0.04922349378466606,0.0716305524110794,0.12251824885606766,0.478840708732605,24.492739964276552,,,
amgtp_global_q,49,0.16150293499231339,0.21948522329330444,0.04563998803496361,0.05883491039276123,0.11644789576530457,0.5595922470092773,22.04068484529853,,,
amgtp_global_q,50,0.042150288820266724,0.21444623172283173,0.050051894038915634,0.06365938484668732,0.12828683853149414,0.543556272983551,21.615599643439054,,,
amgtp_global_q,51,0.1382770910859108,0.25698041915893555,0.055669065564870834,0.07677412778139114,0.13615939021110535,0.4744178354740143,23.299782026559114,,,
amgtp_global_q,52,0.07919877395033836,0.2775745093822479,0.05181506276130676,0.08731100708246231,0.14462730288505554,0.43867194652557373,24.12201701849699,,,
amgtp_global_q,53,0.08462647721171379,0.23622792959213257,0.05084865912795067,0.09260119497776031,0.15798214077949524,0.46234041452407837,22.08096880838275,,,
amgtp_global_q,54,0.11780521273612976,0.19299538433551788,0.04975153133273125,0.08025631308555603,0.15575362741947174,0.5212425589561462,20.257914748042822,,,
amgtp_global_q,55,0.10168439149856567,0.15149131417274475,0.048216741532087326,0.07503055036067963,0.1531762033700943,0.572084903717041,18.444209318608046,,,
amgtp_global_q,56,0.06256230548024178,0.13164855539798737,0.04998881369829178,0.08316778391599655,0.14173750579357147,0.5934564471244812,17.49895828962326,,,
amgtp_global_q,57,0.05932269245386124,0.1360921561717987,0.05974920839071274,0.0986255407333374,0.13991229236125946,0.5656207203865051,17.419231332838535,,,
amgtp_global_q,58,0.073929063975811,0.1579791009426117,0.06816031038761139,0.1002025157213211,0.1450018584728241,0.5286562442779541,18.263714343309402,,,
amgtp_global_q,59,0.056490831077098846,0.18171526491641998,0.05828133225440979,0.08524004369974136,0.1415981501340866,0.5331657528877258,19.6724249497056,,,
amgtp_global_q,60,0.03812166303396225,0.19938062131404877,0.05015706270933151,0.07849331945180893,0.13740842044353485,0.5345613360404968,20.694191947579384,,,
amgtp_global_q,61,0.05395802482962608,0.17495626211166382,0.047601837664842606,0.08419299125671387,0.15343095362186432,0.5398175716400146,19.42901921644807,,,
amgtp_global_q,62,0.07074957713484764,0.14545051753520966,0.050095587968826294,0.09572136402130127,0.17478393018245697,0.5339488387107849,17.763061985373497,,,
amgtp_global_q,63,0.12331263720989227,0.11790714412927628,0.052109405398368835,0.0794685110449791,0.15692394971847534,0.5935914516448975,16.773691557347775,,,
amgtp_global_q,64,0.11500062793493271,0.10143109411001205,0.05704393982887268,0.06683148443698883,0.12853626906871796,0.6461567878723145,16.28935295343399,,,
amgtp_global_q,65,0.03120490163564682,0.10189034044742584,0.057423874735832214,0.06610427051782608,0.11366135627031326,0.6609203815460205,16.41767194867134,,,
amgtp_global_q,66,0.04859655722975731,0.11970742791891098,0.0512903593480587,0.07258560508489609,0.10950233787298203,0.6469147801399231,17.274816136807203,,,
amgtp_global_q,67,0.10762279853224754,0.1532694697380066,0.04303830862045288,0.0851917490363121,0.1171458512544632,0.6013557314872742,18.733782939612865,,,
amgtp_global_q,68,0.03197852149605751,0.1507158875465393,0.03705586865544319,0.08075830340385437,0.13313455879688263,0.5983353853225708,18.630921337753534,,,
amgtp_global_q,69,0.0909128412604332,0.10851889103651047,0.03837856277823448,0.07749897986650467,0.16131138801574707,0.6142923831939697,16.511282045394182,,,
amgtp_global_q,70,0.0782085433602333,0.07768481224775314,0.042518023401498795,0.07430943101644516,0.15623097121715546,0.6492574214935303,15.109755750745535,,,
amgtp_global_q,71,0.09200936928391457,0.06490223854780197,0.049753718078136444,0.07346414029598236,0.12385410815477371,0.6880263686180115,14.663628369569778,,,
amgtp_global_q,72,0.05800389498472214,0.06977500766515732,0.0666554644703865,0.08069175481796265,0.11792214214801788,0.6649565696716309,14.63007815927267,,,
amgtp_global_q,73,0.048126742243766785,0.0752604752779007,0.05478648841381073,0.07185778021812439,0.11456145346164703,0.6835342049598694,15.157397389411926,,,
amgtp_global_q,74,0.04842793568968773,0.07717830687761307,0.038711000233888626,0.06483171880245209,0.11344879120588303,0.7058300971984863,15.539667468518019,,,
amgtp_global_q,75,0.018445387482643127,0.08178769797086716,0.03177563473582268,0.06254454702138901,0.11584769934415817,0.7080446481704712,15.850230123847723,,,
amgtp_global_q,76,0.08163202926516533,0.09233157336711884,0.03376356512308121,0.07026735693216324,0.1364092230796814,0.6672287583351135,16.08052721619606,,,
amgtp_global_q,77,0.03750685229897499,0.09121593087911606,0.04385377839207649,0.0771300420165062,0.1382097452878952,0.6495909690856934,15.809941541403532,,,
amgtp_global_q,78,0.09308379143476486,0.07899396121501923,0.0473153181374073,0.06931363046169281,0.11170614510774612,0.6926712393760681,15.474234249442816,,,
amgtp_global_q,79,0.06480464339256287,0.06865134090185165,0.048336874693632126,0.06408802419900894,0.09487205743789673,0.7240520119667053,15.16051397100091,,,
amgtp_global_q,80,0.022780392318964005,0.06345266848802567,0.04928233474493027,0.06589792668819427,0.08868080377578735,0.7326871156692505,14.932521469891071,,,
amgtp_global_q,81,0.015236705541610718,0.05930815264582634,0.04580767825245857,0.06691315025091171,0.09479673951864243,0.7331734895706177,14.733042318373919,,,
amgtp_global_q,82,0.04625757038593292,0.05409333109855652,0.03939911723136902,0.06891785562038422,0.11592169106006622,0.7216689586639404,14.406569808721542,,,
amgtp_global_q,83,0.03335244953632355,0.04863666743040085,0.03445551544427872,0.0626412034034729,0.11717428267002106,0.7370918989181519,14.280085735023022,,,
amgtp_global_q,84,0.027886129915714264,0.052967220544815063,0.040896937251091,0.0658123642206192,0.11406181007623672,0.7262613773345947,14.382459215819836,,,
amgtp_global_q,85,0.12259852141141891,0.05836096778512001,0.054358307272195816,0.09125154465436935,0.1310664713382721,0.6649618148803711,14.056701716035604,,,
amgtp_global_q,86,0.06277839094400406,0.05528812110424042,0.055736467242240906,0.10187244415283203,0.1504569947719574,0.6366458535194397,13.64488197863102,,,
amgtp_global_q,87,0.0632447898387909,0.052396610379219055,0.046728022396564484,0.08215010911226273,0.15523415803909302,0.6634911894798279,13.812490731477737,,,
amgtp_global_q,88,0.038150861859321594,0.050708524882793427,0.04150450974702835,0.0699862539768219,0.15950311720371246,0.6782976388931274,13.906663529574871,,,
amgtp_global_q,89,0.03268897905945778,0.0546070821583271,0.043575964868068695,0.06761188060045242,0.16987787187099457,0.6643278002738953,14.012570843100548,,,
amgtp_global_q,90,0.04265206679701805,0.059820979833602905,0.048852212727069855,0.07713068276643753,0.17119480669498444,0.6430016160011292,14.069889321923256,,,
amgtp_global_q,91,0.08887007087469101,0.05490436404943466,0.04276786744594574,0.08129826188087463,0.13776062428951263,0.6832689642906189,14.111014366149902,,,
amgtp_global_q,92,0.06646563485264778,0.05171805992722511,0.039178475737571716,0.07424384355545044,0.11835743486881256,0.7165012955665588,14.224513784050941,,,
amgtp_global_q,93,0.07905701920390129,0.04547218978404999,0.03644176200032234,0.05987783148884773,0.10217779874801636,0.7560300827026367,14.244072392582893,,,
amgtp_global_q,94,0.01938594877719879,0.04458662495017052,0.04087051749229431,0.05901791527867317,0.10744242370128632,0.7480829954147339,14.118380662053823,,,
amgtp_global_q,95,0.011230003088712692,0.043152328580617905,0.03862099349498749,0.0570860281586647,0.11006832122802734,0.7510713934898376,14.084496550261974,,,
amgtp_global_q,96,0.007009964436292648,0.04363103583455086,0.03664775565266609,0.05867026746273041,0.10853715240955353,0.7525140047073364,14.125476840883493,,,
amgtp_global_q,97,0.018257886171340942,0.040005750954151154,0.03408857062458992,0.060116175562143326,0.10559244453907013,0.7601968050003052,13.996684536337852,,,
amgtp_global_q,98,0.044589485973119736,0.037753213196992874,0.036981552839279175,0.07009867578744888,0.11501166969537735,0.7401545643806458,13.67971596121788,,,
amgtp_global_q,99,0.027036260813474655,0.03306010365486145,0.036050692200660706,0.06603506207466125,0.11118144541978836,0.7536730170249939,13.547454454004765,,,
amgtp_global_q,100,0.019726689904928207,0.03425539284944534,0.03619178757071495,0.061360836029052734,0.1059926450252533,0.7622002959251404,13.688350524753332,,,
amgtp_global_q,101,0.051651742309331894,0.04204105585813522,0.03960009664297104,0.06640630960464478,0.11557818949222565,0.7363735437393188,13.879559315741062,,,
amgtp_global_q,102,0.08665920421481133,0.04966747388243675,0.04419253021478653,0.07826986163854599,0.13482604920864105,0.6930446028709412,13.905457332730293,,,
amgtp_global_q,103,0.08114199712872505,0.04243099316954613,0.04294619336724281,0.08363571017980576,0.17003098130226135,0.6609562039375305,13.283316638320684,,,
amgtp_global_q,104,0.10163727030158043,0.03391580283641815,0.03711612895131111,0.07000280171632767,0.22084958851337433,0.6381157040596008,12.761639680713415,,,
amgtp_global_q,105,0.06234363280236721,0.03104621358215809,0.03460732102394104,0.06005964055657387,0.20499955117702484,0.6692877411842346,12.882584292441607,,,
amgtp_global_q,106,0.08646869473159313,0.03323477879166603,0.037976283580064774,0.062164198607206345,0.16176487505435944,0.7048596739768982,13.218945167958736,,,
amgtp_global_q,107,0.0932898186147213,0.034577950835227966,0.039683371782302856,0.06668328493833542,0.11511989682912827,0.7439351677894592,13.535341903567314,,,
amgtp_global_q,108,0.04938601329922676,0.03294422850012779,0.036820389330387115,0.06887306272983551,0.09492398053407669,0.7664387822151184,13.614704102277756,,,
amgtp_global_q,109,0.05674942955374718,0.03262145444750786,0.03681395575404167,0.09282763302326202,0.0993436798453331,0.7383928298950195,13.305489499121904,,,
amgtp_global_q,110,0.04048828408122063,0.03157408908009529,0.034989580512046814,0.09318054467439651,0.11923518031835556,0.7210206985473633,13.137912601232529,,,
amgtp_global_q,111,0.05433688499033451,0.029818261042237282,0.03208237886428833,0.07067534327507019,0.144701287150383,0.7227232456207275,13.164238519966602,,,
amgtp_global_q,112,0.04341355338692665,0.02879425510764122,0.030795590952038765,0.05360250920057297,0.14237788319587708,0.7444297671318054,13.337920347228646,,,
amgtp_global_q,113,0.0152809526771307,0.031263913959264755,0.03457222133874893,0.050824813544750214,0.13751471042633057,0.7458235621452332,13.467014342546463,,,
amgtp_global_q,114,0.021481890231370926,0.033416688442230225,0.03729468956589699,0.056691136211156845,0.12714870274066925,0.7454492449760437,13.538699753582478,,,
amgtp_global_q,115,0.045435115694999695,0.03214401751756668,0.034858688712120056,0.06067155301570892,0.10813993215560913,0.7641865015029907,13.601104944944382,,,
amgtp_global_q,116,0.057142723351716995,0.026795513927936554,0.030211590230464935,0.05724561586976051,0.09298981726169586,0.7927575707435608,13.559213984757662,,,
amgtp_global_q,117,0.03408345207571983,0.024156320840120316,0.027289096266031265,0.04953852295875549,0.08921599388122559,0.8097984194755554,13.586973745375872,,,
amgtp_global_q,118,0.03309020958840847,0.026317715644836426,0.031088506802916527,0.05233452469110489,0.09700505435466766,0.7932540774345398,13.551747484132648,,,
amgtp_global_q,119,0.009635347872972488,0.026068290695548058,0.03201290965080261,0.05622787028551102,0.09319427609443665,0.7924966812133789,13.51210743188858,,,
amgtp_uniform_q,4,,0.20000606775283813,0.20000606775283813,0.20000606775283813,0.20000606775283813,0.20000606775283813,17.00051575899124,,,
amgtp_uniform_q,5,0.0,0.20000606775283813,0.20000606775283813,0.20000606775283813,0.20000606775283813,0.20000606775283813,17.00051575899124,,,
amgtp_uniform_q,6,0.0,0.20000606775283813,0.20000606775283813,0.20000606775283813,0.20000606775283813,0.20000606775283813,17.00051575899124,,,
amgtp_uniform_q,7,0.0,0.20000606775283813,0.20000606775283813,0.20000606775283813,0.20000606775283813,0.20000606775283813,17.00051575899124,,,
amgtp_uniform_q,8,0.0,0.20000606775283813,0.20000606775283813,0.20000606775283813,0.20000606775283813,0.20000606775283813,17.00051575899124,,,
amgtp_uniform_q,9,0.0,0.20000606775283813,0.20000606775283813,0.20000606775283813,0.20000606775283813,0.20000606775283813,17.00051575899124,,,
amgtp_uniform_q,10,0.0,0.20000606775283813,0.20000606775283813,0.20000606775283813,0.20000606775283813,0.20000606775283813,17.00051575899124,,,
amgtp_uniform_q,11,0.0,0.20000606775283813,0.20000606775283813,0.20000606775283813,0.20000606775283813,0.20000606775283813,17.00051575899124,,,
amgtp_uniform_q,12,0.0,0.20000606775283813,0.20000606775283813,0.20000606775283813,0.20000606775283813,0.20000606775283813,17.00051575899124,,,
amgtp_uniform_q,13,0.0,0.20000606775283813,0.20000606775283813,0.20000606775283813,0.20000606775283813,0.20000606775283813,17.00051575899124,,,
amgtp_uniform_q,14,0.0,0.20000606775283813,0.20000606775283813,0.20000606775283813,0.20000606775283813,0.20000606775283813,17.00051575899124,,,
amgtp_uniform_q,15,0.0,0.20000606775283813,0.20000606775283813,0.20000606775283813,0.20000606775283813,0.20000606775283813,17.00051575899124,,,
amgtp_uniform_q,16,0.0,0.20000606775283813,0.20000606775283813,0.20000606775283813,0.20000606775283813,0.20000606775283813,17.00051575899124,,,
amgtp_uniform_q,17,0.0,0.20000606775283813,0.20000606775283813,0.20000606775283813,0.20000606775283813,0.20000606775283813,17.00051575899124,,,
amgtp_uniform_q,18,0.0,0.20000606775283813,0.20000606775283813,0.20000606775283813,0.20000606775283813,0.20000606775283813,17.00051575899124,,,
amgtp_uniform_q,19,0.0,0.20000606775283813,0.20000606775283813,0.20000606775283813,0.20000606775283813,0.20000606775283813,17.00051575899124,,,
amgtp_uniform_q,20,0.0,0.20000606775283813,0.20000606775283813,0.20000606775283813,0.20000606775283813,0.20000606775283813,17.00051575899124,,,
amgtp_uniform_q,21,0.0,0.20000606775283813,0.20000606775283813,0.20000606775283813,0.20000606775283813,0.20000606775283813,17.00051575899124,,,
amgtp_uniform_q,22,0.0,0.20000606775283813,0.20000606775283813,0.20000606775283813,0.20000606775283813,0.20000606775283813,17.00051575899124,,,
amgtp_uniform_q,23,0.0,0.20000606775283813,0.20000606775283813,0.20000606775283813,0.20000606775283813,0.20000606775283813,17.00051575899124,,,
amgtp_uniform_q,24,0.0,0.20000606775283813,0.20000606775283813,0.20000606775283813,0.20000606775283813,0.20000606775283813,17.00051575899124,,,
amgtp_uniform_q,25,0.0,0.20000606775283813,0.20000606775283813,0.20000606775283813,0.20000606775283813,0.20000606775283813,17.00051575899124,,,
amgtp_uniform_q,26,0.0,0.20000606775283813,0.20000606775283813,0.20000606775283813,0.20000606775283813,0.20000606775283813,17.00051575899124,,,
amgtp_uniform_q,27,0.0,0.20000606775283813,0.20000606775283813,0.20000606775283813,0.20000606775283813,0.20000606775283813,17.00051575899124,,,
amgtp_uniform_q,28,0.0,0.20000606775283813,0.20000606775283813,0.20000606775283813,0.20000606775283813,0.20000606775283813,17.00051575899124,,,
amgtp_uniform_q,29,0.0,0.20000606775283813,0.20000606775283813,0.20000606775283813,0.20000606775283813,0.20000606775283813,17.00051575899124,,,
amgtp_uniform_q,30,0.0,0.20000606775283813,0.20000606775283813,0.20000606775283813,0.20000606775283813,0.20000606775283813,17.00051575899124,,,
amgtp_uniform_q,31,0.0,0.20000606775283813,0.20000606775283813,0.20000606775283813,0.20000606775283813,0.20000606775283813,17.00051575899124,,,
amgtp_uniform_q,32,0.0,0.20000606775283813,0.20000606775283813,0.20000606775283813,0.20000606775283813,0.20000606775283813,17.00051575899124,,,
amgtp_uniform_q,33,0.0,0.20000606775283813,0.20000606775283813,0.20000606775283813,0.20000606775283813,0.20000606775283813,17.00051575899124,,,
amgtp_uniform_q,34,0.0,0.20000606775283813,0.20000606775283813,0.20000606775283813,0.20000606775283813,0.20000606775283813,17.00051575899124,,,
amgtp_uniform_q,35,0.0,0.20000606775283813,0.20000606775283813,0.20000606775283813,0.20000606775283813,0.20000606775283813,17.00051575899124,,,
amgtp_uniform_q,36,0.0,0.20000606775283813,0.20000606775283813,0.20000606775283813,0.20000606775283813,0.20000606775283813,17.00051575899124,,,
amgtp_uniform_q,37,0.0,0.20000606775283813,0.20000606775283813,0.20000606775283813,0.20000606775283813,0.20000606775283813,17.00051575899124,,,
amgtp_uniform_q,38,0.0,0.20000606775283813,0.20000606775283813,0.20000606775283813,0.20000606775283813,0.20000606775283813,17.00051575899124,,,
amgtp_uniform_q,39,0.0,0.20000606775283813,0.20000606775283813,0.20000606775283813,0.20000606775283813,0.20000606775283813,17.00051575899124,,,
amgtp_uniform_q,40,0.0,0.20000606775283813,0.20000606775283813,0.20000606775283813,0.20000606775283813,0.20000606775283813,17.00051575899124,,,
amgtp_uniform_q,41,0.0,0.20000606775283813,0.20000606775283813,0.20000606775283813,0.20000606775283813,0.20000606775283813,17.00051575899124,,,
amgtp_uniform_q,42,0.0,0.20000606775283813,0.20000606775283813,0.20000606775283813,0.20000606775283813,0.20000606775283813,17.00051575899124,,,
amgtp_uniform_q,43,0.0,0.20000606775283813,0.20000606775283813,0.20000606775283813,0.20000606775283813,0.20000606775283813,17.00051575899124,,,
amgtp_uniform_q,44,0.0,0.20000606775283813,0.20000606775283813,0.20000606775283813,0.20000606775283813,0.20000606775283813,17.00051575899124,,,
amgtp_uniform_q,45,0.0,0.20000606775283813,0.20000606775283813,0.20000606775283813,0.20000606775283813,0.20000606775283813,17.00051575899124,,,
amgtp_uniform_q,46,0.0,0.20000606775283813,0.20000606775283813,0.20000606775283813,0.20000606775283813,0.20000606775283813,17.00051575899124,,,
amgtp_uniform_q,47,0.0,0.20000606775283813,0.20000606775283813,0.20000606775283813,0.20000606775283813,0.20000606775283813,17.00051575899124,,,
amgtp_uniform_q,48,0.0,0.20000606775283813,0.20000606775283813,0.20000606775283813,0.20000606775283813,0.20000606775283813,17.00051575899124,,,
amgtp_uniform_q,49,0.0,0.20000606775283813,0.20000606775283813,0.20000606775283813,0.20000606775283813,0.20000606775283813,17.00051575899124,,,
amgtp_uniform_q,50,0.0,0.20000606775283813,0.20000606775283813,0.20000606775283813,0.20000606775283813,0.20000606775283813,17.00051575899124,,,
amgtp_uniform_q,51,0.0,0.20000606775283813,0.20000606775283813,0.20000606775283813,0.20000606775283813,0.20000606775283813,17.00051575899124,,,
amgtp_uniform_q,52,0.0,0.20000606775283813,0.20000606775283813,0.20000606775283813,0.20000606775283813,0.20000606775283813,17.00051575899124,,,
amgtp_uniform_q,53,0.0,0.20000606775283813,0.20000606775283813,0.20000606775283813,0.20000606775283813,0.20000606775283813,17.00051575899124,,,
amgtp_uniform_q,54,0.0,0.20000606775283813,0.20000606775283813,0.20000606775283813,0.20000606775283813,0.20000606775283813,17.00051575899124,,,
amgtp_uniform_q,55,0.0,0.20000606775283813,0.20000606775283813,0.20000606775283813,0.20000606775283813,0.20000606775283813,17.00051575899124,,,
amgtp_uniform_q,56,0.0,0.20000606775283813,0.20000606775283813,0.20000606775283813,0.20000606775283813,0.20000606775283813,17.00051575899124,,,
amgtp_uniform_q,57,0.0,0.20000606775283813,0.20000606775283813,0.20000606775283813,0.20000606775283813,0.20000606775283813,17.00051575899124,,,
amgtp_uniform_q,58,0.0,0.20000606775283813,0.20000606775283813,0.20000606775283813,0.20000606775283813,0.20000606775283813,17.00051575899124,,,
amgtp_uniform_q,59,0.0,0.20000606775283813,0.20000606775283813,0.20000606775283813,0.20000606775283813,0.20000606775283813,17.00051575899124,,,
amgtp_uniform_q,60,0.0,0.20000606775283813,0.20000606775283813,0.20000606775283813,0.20000606775283813,0.20000606775283813,17.00051575899124,,,
amgtp_uniform_q,61,0.0,0.20000606775283813,0.20000606775283813,0.20000606775283813,0.20000606775283813,0.20000606775283813,17.00051575899124,,,
amgtp_uniform_q,62,0.0,0.20000606775283813,0.20000606775283813,0.20000606775283813,0.20000606775283813,0.20000606775283813,17.00051575899124,,,
amgtp_uniform_q,63,0.0,0.20000606775283813,0.20000606775283813,0.20000606775283813,0.20000606775283813,0.20000606775283813,17.00051575899124,,,
amgtp_uniform_q,64,0.0,0.20000606775283813,0.20000606775283813,0.20000606775283813,0.20000606775283813,0.20000606775283813,17.00051575899124,,,
amgtp_uniform_q,65,0.0,0.20000606775283813,0.20000606775283813,0.20000606775283813,0.20000606775283813,0.20000606775283813,17.00051575899124,,,
amgtp_uniform_q,66,0.0,0.20000606775283813,0.20000606775283813,0.20000606775283813,0.20000606775283813,0.20000606775283813,17.00051575899124,,,
amgtp_uniform_q,67,0.0,0.20000606775283813,0.20000606775283813,0.20000606775283813,0.20000606775283813,0.20000606775283813,17.00051575899124,,,
amgtp_uniform_q,68,0.0,0.20000606775283813,0.20000606775283813,0.20000606775283813,0.20000606775283813,0.20000606775283813,17.00051575899124,,,
amgtp_uniform_q,69,0.0,0.20000606775283813,0.20000606775283813,0.20000606775283813,0.20000606775283813,0.20000606775283813,17.00051575899124,,,
amgtp_uniform_q,70,0.0,0.20000606775283813,0.20000606775283813,0.20000606775283813,0.20000606775283813,0.20000606775283813,17.00051575899124,,,
amgtp_uniform_q,71,0.0,0.20000606775283813,0.20000606775283813,0.20000606775283813,0.20000606775283813,0.20000606775283813,17.00051575899124,,,
amgtp_uniform_q,72,0.0,0.20000606775283813,0.20000606775283813,0.20000606775283813,0.20000606775283813,0.20000606775283813,17.00051575899124,,,
amgtp_uniform_q,73,0.0,0.20000606775283813,0.20000606775283813,0.20000606775283813,0.20000606775283813,0.20000606775283813,17.00051575899124,,,
amgtp_uniform_q,74,0.0,0.20000606775283813,0.20000606775283813,0.20000606775283813,0.20000606775283813,0.20000606775283813,17.00051575899124,,,
amgtp_uniform_q,75,0.0,0.20000606775283813,0.20000606775283813,0.20000606775283813,0.20000606775283813,0.20000606775283813,17.00051575899124,,,
amgtp_uniform_q,76,0.0,0.20000606775283813,0.20000606775283813,0.20000606775283813,0.20000606775283813,0.20000606775283813,17.00051575899124,,,
amgtp_uniform_q,77,0.0,0.20000606775283813,0.20000606775283813,0.20000606775283813,0.20000606775283813,0.20000606775283813,17.00051575899124,,,
amgtp_uniform_q,78,0.0,0.20000606775283813,0.20000606775283813,0.20000606775283813,0.20000606775283813,0.20000606775283813,17.00051575899124,,,
amgtp_uniform_q,79,0.0,0.20000606775283813,0.20000606775283813,0.20000606775283813,0.20000606775283813,0.20000606775283813,17.00051575899124,,,
amgtp_uniform_q,80,0.0,0.20000606775283813,0.20000606775283813,0.20000606775283813,0.20000606775283813,0.20000606775283813,17.00051575899124,,,
amgtp_uniform_q,81,0.0,0.20000606775283813,0.20000606775283813,0.20000606775283813,0.20000606775283813,0.20000606775283813,17.00051575899124,,,
amgtp_uniform_q,82,0.0,0.20000606775283813,0.20000606775283813,0.20000606775283813,0.20000606775283813,0.20000606775283813,17.00051575899124,,,
amgtp_uniform_q,83,0.0,0.20000606775283813,0.20000606775283813,0.20000606775283813,0.20000606775283813,0.20000606775283813,17.00051575899124,,,
amgtp_uniform_q,84,0.0,0.20000606775283813,0.20000606775283813,0.20000606775283813,0.20000606775283813,0.20000606775283813,17.00051575899124,,,
amgtp_uniform_q,85,0.0,0.20000606775283813,0.20000606775283813,0.20000606775283813,0.20000606775283813,0.20000606775283813,17.00051575899124,,,
amgtp_uniform_q,86,0.0,0.20000606775283813,0.20000606775283813,0.20000606775283813,0.20000606775283813,0.20000606775283813,17.00051575899124,,,
amgtp_uniform_q,87,0.0,0.20000606775283813,0.20000606775283813,0.20000606775283813,0.20000606775283813,0.20000606775283813,17.00051575899124,,,
amgtp_uniform_q,88,0.0,0.20000606775283813,0.20000606775283813,0.20000606775283813,0.20000606775283813,0.20000606775283813,17.00051575899124,,,
amgtp_uniform_q,89,0.0,0.20000606775283813,0.20000606775283813,0.20000606775283813,0.20000606775283813,0.20000606775283813,17.00051575899124,,,
amgtp_uniform_q,90,0.0,0.20000606775283813,0.20000606775283813,0.20000606775283813,0.20000606775283813,0.20000606775283813,17.00051575899124,,,
amgtp_uniform_q,91,0.0,0.20000606775283813,0.20000606775283813,0.20000606775283813,0.20000606775283813,0.20000606775283813,17.00051575899124,,,
amgtp_uniform_q,92,0.0,0.20000606775283813,0.20000606775283813,0.20000606775283813,0.20000606775283813,0.20000606775283813,17.00051575899124,,,
amgtp_uniform_q,93,0.0,0.20000606775283813,0.20000606775283813,0.20000606775283813,0.20000606775283813,0.20000606775283813,17.00051575899124,,,
amgtp_uniform_q,94,0.0,0.20000606775283813,0.20000606775283813,0.20000606775283813,0.20000606775283813,0.20000606775283813,17.00051575899124,,,
amgtp_uniform_q,95,0.0,0.20000606775283813,0.20000606775283813,0.20000606775283813,0.20000606775283813,0.20000606775283813,17.00051575899124,,,
amgtp_uniform_q,96,0.0,0.20000606775283813,0.20000606775283813,0.20000606775283813,0.20000606775283813,0.20000606775283813,17.00051575899124,,,
amgtp_uniform_q,97,0.0,0.20000606775283813,0.20000606775283813,0.20000606775283813,0.20000606775283813,0.20000606775283813,17.00051575899124,,,
amgtp_uniform_q,98,0.0,0.20000606775283813,0.20000606775283813,0.20000606775283813,0.20000606775283813,0.20000606775283813,17.00051575899124,,,
amgtp_uniform_q,99,0.0,0.20000606775283813,0.20000606775283813,0.20000606775283813,0.20000606775283813,0.20000606775283813,17.00051575899124,,,
amgtp_uniform_q,100,0.0,0.20000606775283813,0.20000606775283813,0.20000606775283813,0.20000606775283813,0.20000606775283813,17.00051575899124,,,
amgtp_uniform_q,101,0.0,0.20000606775283813,0.20000606775283813,0.20000606775283813,0.20000606775283813,0.20000606775283813,17.00051575899124,,,
amgtp_uniform_q,102,0.0,0.20000606775283813,0.20000606775283813,0.20000606775283813,0.20000606775283813,0.20000606775283813,17.00051575899124,,,
amgtp_uniform_q,103,0.0,0.20000606775283813,0.20000606775283813,0.20000606775283813,0.20000606775283813,0.20000606775283813,17.00051575899124,,,
amgtp_uniform_q,104,0.0,0.20000606775283813,0.20000606775283813,0.20000606775283813,0.20000606775283813,0.20000606775283813,17.00051575899124,,,
amgtp_uniform_q,105,0.0,0.20000606775283813,0.20000606775283813,0.20000606775283813,0.20000606775283813,0.20000606775283813,17.00051575899124,,,
amgtp_uniform_q,106,0.0,0.20000606775283813,0.20000606775283813,0.20000606775283813,0.20000606775283813,0.20000606775283813,17.00051575899124,,,
amgtp_uniform_q,107,0.0,0.20000606775283813,0.20000606775283813,0.20000606775283813,0.20000606775283813,0.20000606775283813,17.00051575899124,,,
amgtp_uniform_q,108,0.0,0.20000606775283813,0.20000606775283813,0.20000606775283813,0.20000606775283813,0.20000606775283813,17.00051575899124,,,
amgtp_uniform_q,109,0.0,0.20000606775283813,0.20000606775283813,0.20000606775283813,0.20000606775283813,0.20000606775283813,17.00051575899124,,,
amgtp_uniform_q,110,0.0,0.20000606775283813,0.20000606775283813,0.20000606775283813,0.20000606775283813,0.20000606775283813,17.00051575899124,,,
amgtp_uniform_q,111,0.0,0.20000606775283813,0.20000606775283813,0.20000606775283813,0.20000606775283813,0.20000606775283813,17.00051575899124,,,
amgtp_uniform_q,112,0.0,0.20000606775283813,0.20000606775283813,0.20000606775283813,0.20000606775283813,0.20000606775283813,17.00051575899124,,,
amgtp_uniform_q,113,0.0,0.20000606775283813,0.20000606775283813,0.20000606775283813,0.20000606775283813,0.20000606775283813,17.00051575899124,,,
amgtp_uniform_q,114,0.0,0.20000606775283813,0.20000606775283813,0.20000606775283813,0.20000606775283813,0.20000606775283813,17.00051575899124,,,
amgtp_uniform_q,115,0.0,0.20000606775283813,0.20000606775283813,0.20000606775283813,0.20000606775283813,0.20000606775283813,17.00051575899124,,,
amgtp_uniform_q,116,0.0,0.20000606775283813,0.20000606775283813,0.20000606775283813,0.20000606775283813,0.20000606775283813,17.00051575899124,,,
amgtp_uniform_q,117,0.0,0.20000606775283813,0.20000606775283813,0.20000606775283813,0.20000606775283813,0.20000606775283813,17.00051575899124,,,
amgtp_uniform_q,118,0.0,0.20000606775283813,0.20000606775283813,0.20000606775283813,0.20000606775283813,0.20000606775283813,17.00051575899124,,,
amgtp_uniform_q,119,0.0,0.20000606775283813,0.20000606775283813,0.20000606775283813,0.20000606775283813,0.20000606775283813,17.00051575899124,,,
amgtp_no_state,4,,0.20000606775283813,0.20000606775283813,0.20000606775283813,0.20000606775283813,0.20000606775283813,17.00051575899124,,,
amgtp_no_state,5,0.3469301909208298,0.25782260298728943,0.07671506702899933,0.14981648325920105,0.25782260298728943,0.25782260298728943,21.409795358777046,,,
amgtp_no_state,6,0.2106126993894577,0.2929249107837677,0.05032641440629959,0.0708993598818779,0.2929249107837677,0.2929249107837677,23.989942267537117,,,
amgtp_no_state,7,0.039738014340400696,0.2995476722717285,0.04307302460074425,0.05828301981091499,0.2995476722717285,0.2995476722717285,24.4812835380435,,,
amgtp_no_state,8,0.004975348711013794,0.30024558305740356,0.0405857227742672,0.05867733433842659,0.30024558305740356,0.30024558305740356,24.536509953439236,,,
amgtp_no_state,9,0.07712019607424736,0.31608590483665466,0.04110916331410408,0.06503338366746902,0.26168546080589294,0.3160858452320099,25.45836366340518,,,
amgtp_no_state,10,0.08773038536310196,0.3238205015659332,0.044339630752801895,0.09019871056079865,0.21782012283802032,0.3238205015659332,25.8023937381804,,,
amgtp_no_state,11,0.09644201397895813,0.33553990721702576,0.04488286003470421,0.11443804949522018,0.16959945857524872,0.33553987741470337,26.4053459353745,,,
amgtp_no_state,12,0.2079320102930069,0.3875228762626648,0.03591686114668846,0.06611127406358719,0.12292619049549103,0.3875228762626648,29.771426860243082,,,
amgtp_no_state,13,0.0904877781867981,0.4101448059082031,0.031265370547771454,0.04723374918103218,0.10121128708124161,0.4101448059082031,31.23216126486659,,,
amgtp_no_state,14,0.006980083882808685,0.41042566299438477,0.034194521605968475,0.04491271451115608,0.10004310309886932,0.41042566299438477,31.240733448415995,,,
amgtp_no_state,15,0.022583167999982834,0.40477967262268066,0.03916632756590843,0.04813564196228981,0.10313961654901505,0.40477973222732544,30.85924717783928,,,
amgtp_no_state,16,0.07979756221175194,0.4148827791213989,0.04569045081734657,0.06092269718647003,0.11362366378307343,0.3648805022239685,31.025117967277765,,,
amgtp_no_state,17,0.10815537720918655,0.46432194113731384,0.04042759910225868,0.06556127220392227,0.11329442262649536,0.31639495491981506,33.319018211215734,,,
amgtp_no_state,18,0.09429097175598145,0.5059823989868164,0.03557464852929115,0.06921198964118958,0.11512888222932816,0.2741025686264038,35.245492693036795,,,
amgtp_no_state,19,0.05250077694654465,0.5283891558647156,0.033206094056367874,0.06521385163068771,0.11897257715463638,0.2542189359664917,36.324070144444704,,,
amgtp_no_state,20,0.14848406799137592,0.6026307940483093,0.03105844371020794,0.050567347556352615,0.09191802144050598,0.22382521629333496,40.11758730746806,,,
amgtp_no_state,21,0.057833461090922356,0.6275420784950256,0.0350639633834362,0.04725128039717674,0.08190032094717026,0.20824232697486877,41.31803733855486,,,
amgtp_no_state,22,0.08403098210692406,0.5855264067649841,0.04425247013568878,0.053964387625455856,0.09056182205677032,0.22569452226161957,39.13138610497117,,,
amgtp_no_state,23,0.034433696419000626,0.5711331963539124,0.04142879694700241,0.054544687271118164,0.0936247780919075,0.23926807940006256,38.47818119823933,,,
amgtp_no_state,24,0.05802309513092041,0.5457432270050049,0.037807416170835495,0.05712253227829933,0.10080928355455399,0.25851747393608093,37.27867825329304,,,
amgtp_no_state,25,0.05305352434515953,0.5678295493125916,0.032555121928453445,0.05621993541717529,0.10525021702051163,0.2381460964679718,38.34178475663066,,,
amgtp_no_state,26,0.09141981974244118,0.6135393381118774,0.028995513916015625,0.051188722252845764,0.10098690539598465,0.20529019832611084,40.575893081724644,,,
amgtp_no_state,27,0.03957881033420563,0.602364718914032,0.03164301812648773,0.060459837317466736,0.10885704308748245,0.19667476415634155,39.870351664721966,,,
amgtp_no_state,28,0.03122478350996971,0.5931423902511597,0.03837943449616432,0.0693361684679985,0.10320130735635757,0.1959407925605774,39.300511602312326,,,
amgtp_no_state,29,0.1135658398270607,0.5363591313362122,0.04854940250515938,0.0743977352976799,0.10621601343154907,0.23447713255882263,36.47948243841529,,,
amgtp_no_state,30,0.14099464938044548,0.48434746265411377,0.04352860897779465,0.06688561290502548,0.10026364028453827,0.30497482419013977,34.27652622759342,,,
amgtp_no_state,31,0.14227332919836044,0.43135151267051697,0.03515392541885376,0.06253157556056976,0.09485133737325668,0.3761111795902252,32.03335528820753,,,
amgtp_no_state,32,0.06773259863257408,0.39748600125312805,0.0352666862308979,0.06841330230236053,0.09853440523147583,0.4003007113933563,30.383617464452982,,,
amgtp_no_state,33,0.1707533895969391,0.46429458260536194,0.04176364466547966,0.07121428847312927,0.10780399292707443,0.3149234354496002,33.27663751319051,,,
amgtp_no_state,34,0.13135287538170815,0.5106192827224731,0.04588853567838669,0.07006272673606873,0.12303070724010468,0.2503984272480011,35.26002661138773,,,
amgtp_no_state,35,0.057733163237571716,0.4962071478366852,0.05194755643606186,0.07105837762355804,0.14484289288520813,0.2359442561864853,34.3546713963151,,,
amgtp_no_state,36,0.029235176742076874,0.49123355746269226,0.058777064085006714,0.07312126457691193,0.13519887626171112,0.2416694313287735,34.081918478012085,,,
amgtp_no_state,37,0.07606440782546997,0.47293317317962646,0.05985591560602188,0.0819958820939064,0.11546623706817627,0.2697473466396332,33.26656046509743,,,
amgtp_no_state,38,0.03001667931675911,0.4717862606048584,0.04980234429240227,0.0911812111735344,0.11165889352560043,0.2755708694458008,33.27012604102492,,,
amgtp_no_state,39,0.12555153667926788,0.4385400712490082,0.039094533771276474,0.07235933840274811,0.11278094351291656,0.33722448348999023,32.07918619737029,,,
amgtp_no_state,40,0.17631080746650696,0.3707222044467926,0.0363767184317112,0.05830719321966171,0.10921362042427063,0.425380140542984,29.174447875469923,,,
amgtp_no_state,41,0.09034767001867294,0.3998117744922638,0.04364382103085518,0.06232474744319916,0.11401315033435822,0.38020622730255127,30.340303767472506,,,
amgtp_no_state,42,0.1577327661216259,0.32094523310661316,0.05123141407966614,0.07485514879226685,0.125947505235672,0.4270201027393341,26.392424821853638,,,
amgtp_no_state,43,0.241597730666399,0.22127270698547363,0.04434050992131233,0.06624741852283478,0.1203201487660408,0.5478193163871765,22.03115665540099,,,
amgtp_no_state,44,0.0276896171271801,0.2140526920557022,0.040479980409145355,0.06771481037139893,0.11755543202161789,0.5601962804794312,21.752421885728836,,,
amgtp_no_state,45,0.2196362093091011,0.31688207387924194,0.043608978390693665,0.07157476991415024,0.10866491496562958,0.4592689275741577,26.461677111685276,,,
amgtp_no_state,46,0.11503570899367332,0.37440019845962524,0.04192027822136879,0.06860126554965973,0.10136748105287552,0.41371098160743713,29.21326209232211,,,
amgtp_no_state,47,0.17511411011219025,0.29096969962120056,0.038877222687006,0.06751798838376999,0.10980260372161865,0.49283313751220703,25.36789531633258,,,
amgtp_no_state,48,0.2386900670826435,0.20409280061721802,0.032673150300979614,0.051592886447906494,0.09946338087320328,0.6121779084205627,21.69975423067808,,,
amgtp_no_state,49,0.0952724814414978,0.1672249436378479,0.0323299840092659,0.045079901814460754,0.09555105865001678,0.6598140597343445,20.107320554554462,,,
amgtp_no_state,50,0.13757653534412384,0.18058988451957703,0.0431809239089489,0.05825131759047508,0.1269518882036209,0.5910256505012512,20.21635027229786,,,
amgtp_no_state,51,0.22007570043206215,0.25825366377830505,0.04981731250882149,0.073744036257267,0.13719713687896729,0.480988085269928,23.46048239991069,,,
amgtp_no_state,52,0.11060630530118942,0.30337488651275635,0.03974707052111626,0.07564712315797806,0.1454758495092392,0.43575504422187805,25.5880831964314,,,
amgtp_no_state,53,0.19124756753444672,0.21321657299995422,0.035212110728025436,0.07471605390310287,0.17190562188625336,0.5049484968185425,21.324972961097956,,,
amgtp_no_state,54,0.23197312653064728,0.14864064753055573,0.032197728753089905,0.05703117325901985,0.1411944478750229,0.6209352612495422,18.803184892982244,,,
amgtp_no_state,55,0.08467216789722443,0.11702617257833481,0.033587437123060226,0.05620477348566055,0.13129958510398865,0.6618819832801819,17.409216973930597,,,
amgtp_no_state,56,0.06037670746445656,0.11089642345905304,0.041578225791454315,0.07840216904878616,0.12828274071216583,0.6408400535583496,16.80031007528305,,,
amgtp_no_state,57,0.11484749615192413,0.12767906486988068,0.053218916058540344,0.0986243486404419,0.13706184923648834,0.5834171772003174,17.13710927963257,,,
amgtp_no_state,58,0.10822639614343643,0.16812562942504883,0.05513831228017807,0.08148187398910522,0.14880847930908203,0.5464458465576172,19.07902290672064,,,
amgtp_no_state,59,0.08598695322871208,0.20420396327972412,0.042243972420692444,0.062135886400938034,0.13805551826953888,0.553361177444458,21.194334540516138,,,
amgtp_no_state,60,0.05929537117481232,0.19895562529563904,0.03522639349102974,0.05786185711622238,0.12494780123233795,0.583008885383606,21.18290848657489,,,
amgtp_no_state,61,0.12232914566993713,0.13832949101924896,0.03468756750226021,0.07006458193063736,0.15164442360401154,0.6052737236022949,18.07999387010932,,,
amgtp_no_state,62,0.10309009999036789,0.10543900728225708,0.03856858238577843,0.08863509446382523,0.18073762953281403,0.5866188406944275,16.108641479164362,,,
amgtp_no_state,63,0.19445640593767166,0.08624804019927979,0.03973967581987381,0.059458743780851364,0.13187651336193085,0.6826757192611694,15.873593982309103,,,
amgtp_no_state,64,0.09047334641218185,0.08068238198757172,0.045698970556259155,0.048101093620061874,0.10356415808200836,0.7219541072845459,15.863251779228449,,,
amgtp_no_state,65,0.048429764807224274,0.09631013125181198,0.04938390105962753,0.05300303176045418,0.10171499848365784,0.6995881199836731,16.493239540606737,,,
amgtp_no_state,66,0.1348671019077301,0.1423722207546234,0.041314948350191116,0.0667605772614479,0.10932877659797668,0.6402233839035034,18.512358736246824,,,
amgtp_no_state,67,0.1641906388103962,0.1936395913362503,0.03143756091594696,0.0832926407456398,0.12362447381019592,0.5680052638053894,20.717135973274708,,,
amgtp_no_state,68,0.1722549870610237,0.1296691596508026,0.026036910712718964,0.06653643399477005,0.14645543694496155,0.631301999092102,17.869211837649345,,,
amgtp_no_state,69,0.12349238246679306,0.07892728596925735,0.02598811313509941,0.05558076873421669,0.17868204414844513,0.6608214378356934,15.430642016232014,,,
amgtp_no_state,70,0.10213783383369446,0.05963662639260292,0.032513950020074844,0.056031234562397,0.1469041258096695,0.704914391040802,14.675935592502356,,,
amgtp_no_state,71,0.11199330538511276,0.05220669507980347,0.04362938925623894,0.06226507946848869,0.09833691269159317,0.7435612678527832,14.46104247123003,,,
amgtp_no_state,72,0.08329427614808083,0.060365092009305954,0.06435145437717438,0.07503199577331543,0.09400371462106705,0.7062475681304932,14.456844918429852,,,
amgtp_no_state,73,0.1007591225206852,0.06603771448135376,0.03675151616334915,0.054108135402202606,0.09214884787797928,0.7509554028511047,15.319756366312504,,,
amgtp_no_state,74,0.04200776852667332,0.06767100840806961,0.024441363289952278,0.045413579791784286,0.09901916235685349,0.7634548544883728,15.602444706484675,,,
amgtp_no_state,75,0.04704129882156849,0.07430805265903473,0.021679896861314774,0.047297753393650055,0.11401837319135666,0.7426954507827759,15.817921239882708,,,
amgtp_no_state,76,0.14168603532016277,0.08608599007129669,0.02636386640369892,0.06350341439247131,0.15219368040561676,0.6718522906303406,15.853321345523,,,
amgtp_no_state,77,0.05435680039227009,0.0783006027340889,0.03970104083418846,0.07139290869235992,0.13280117511749268,0.6778045296669006,15.37078757211566,,,
amgtp_no_state,78,0.16682349517941475,0.05977293848991394,0.03822433203458786,0.05322675406932831,0.08755960315465927,0.7612159252166748,15.054221078753471,,,
amgtp_no_state,79,0.0743374228477478,0.05011623725295067,0.034225430339574814,0.04529108852148056,0.07198242843151093,0.7983849048614502,14.858338598161936,,,
amgtp_no_state,80,0.023514751344919205,0.05067819356918335,0.03687390312552452,0.05167502164840698,0.07414520531892776,0.7866272926330566,14.764389116317034,,,
amgtp_no_state,81,0.05885099992156029,0.05134180188179016,0.035658471286296844,0.05885796248912811,0.09572495520114899,0.7584180235862732,14.580667488276958,,,
amgtp_no_state,82,0.0982901118695736,0.04611068591475487,0.02992585301399231,0.06161138415336609,0.14211565256118774,0.7202357649803162,14.059511438012123,,,
amgtp_no_state,83,0.09929331764578819,0.03891095146536827,0.025460388511419296,0.0502670556306839,0.11547889560461044,0.7698827981948853,14.097630087286234,,,
amgtp_no_state,84,0.04897516593337059,0.040853217244148254,0.030715934932231903,0.0509827621281147,0.09099139273166656,0.7864569425582886,14.282194200903177,,,
amgtp_no_state,85,0.15869953483343124,0.04897776618599892,0.049643777310848236,0.08792053908109665,0.10635088384151459,0.7071070671081543,13.896026492118835,,,
amgtp_no_state,86,0.08519801497459412,0.043551113456487656,0.04645783454179764,0.09688746929168701,0.13998274505138397,0.6731204390525818,13.35375241190195,,,
amgtp_no_state,87,0.1273018680512905,0.03586183860898018,0.03003128618001938,0.05735289677977562,0.15285010635852814,0.723904550075531,13.558414738625288,,,
amgtp_no_state,88,0.0410595890134573,0.03319021314382553,0.024638434872031212,0.044887010008096695,0.16018858551979065,0.737095296382904,13.591366501525044,,,
amgtp_no_state,89,0.06385552510619164,0.03999457135796547,0.028039930388331413,0.047718580812215805,0.1790791004896164,0.7051677107810974,13.696771608665586,,,
amgtp_no_state,90,0.0886820089071989,0.05016859620809555,0.03883646801114082,0.07108888030052185,0.17656223475933075,0.6633434295654297,13.78496253862977,,,
amgtp_no_state,91,0.1374494880437851,0.04302798584103584,0.03354766219854355,0.07884275913238525,0.1202668845653534,0.724314272403717,13.834023095667362,,,
amgtp_no_state,92,0.10897737555205822,0.03689247742295265,0.02813667617738247,0.060206156224012375,0.09596120566129684,0.7788028717041016,13.997272433713078,,,
amgtp_no_state,93,0.052814677357673645,0.03365599736571312,0.02689569629728794,0.04711133986711502,0.08712676167488098,0.8052108287811279,14.070428492501378,,,
amgtp_no_state,94,0.05990614928305149,0.036705028265714645,0.03357240930199623,0.04917582869529724,0.10528931766748428,0.7752574682235718,13.974031370133162,,,
amgtp_no_state,95,0.024657752364873886,0.03668171912431717,0.030983813107013702,0.04903995618224144,0.11761778593063354,0.765675961971283,13.921794798225164,,,
amgtp_no_state,96,0.032008739188313484,0.0344434529542923,0.026796551421284676,0.04888150095939636,0.10819806903600693,0.7816810011863708,13.940968731418252,,,
amgtp_no_state,97,0.02694631926715374,0.030110778287053108,0.02451896108686924,0.049928173422813416,0.10133464634418488,0.7941069602966309,13.807790147140622,,,
amgtp_no_state,98,0.060969503596425056,0.028553329408168793,0.02809271775186062,0.06192206218838692,0.11625220626592636,0.7651801109313965,13.453345665708184,,,
amgtp_no_state,99,0.02675447426736355,0.02517211064696312,0.028199438005685806,0.05671444535255432,0.11146384477615356,0.7784506678581238,13.387225676327944,,,
amgtp_no_state,100,0.04492178559303284,0.026101278141140938,0.02719041146337986,0.048357799649238586,0.09836800396442413,0.7999817728996277,13.626661347225308,,,
amgtp_no_state,101,0.039438650012016296,0.03333762288093567,0.028971590101718903,0.05174623057246208,0.10568217188119888,0.7802632451057434,13.847928289324045,,,
amgtp_no_state,102,0.12067805975675583,0.040932245552539825,0.034420210868120193,0.06923674792051315,0.13548678159713745,0.7199235558509827,13.725402440875769,,,
amgtp_no_state,103,0.16965309716761112,0.0286820400506258,0.03167477995157242,0.0762353241443634,0.21331530809402466,0.6500931978225708,12.575815081596375,,,
amgtp_no_state,104,0.21093805506825447,0.020415915176272392,0.02404061332345009,0.05030261352658272,0.31878381967544556,0.5864566564559937,11.841783292591572,,,
amgtp_no_state,105,0.30737752094864845,0.019322514533996582,0.0227059293538332,0.04088926315307617,0.1769362837076187,0.740145206451416,12.905311467126012,,,
amgtp_no_state,106,0.14013810455799103,0.021999236196279526,0.025036169216036797,0.040827199816703796,0.10693008452653885,0.8052080869674683,13.488895749673247,,,
amgtp_no_state,107,0.058132706210017204,0.030176978558301926,0.03230125084519386,0.05444972217082977,0.08192776143550873,0.8011430501937866,13.795766163617373,,,
amgtp_no_state,108,0.0271002147346735,0.02879766933619976,0.03141283243894577,0.06800096482038498,0.0733402892947197,0.7984492778778076,13.65494780242443,,,
amgtp_no_state,109,0.10973535478115082,0.024620575830340385,0.029085472226142883,0.11254213750362396,0.08366645127534866,0.750085711479187,12.930811554193497,,,
amgtp_no_state,110,0.07922717370092869,0.02101960964500904,0.024063119664788246,0.08155152201652527,0.11635881662368774,0.7570065855979919,12.942498179152608,,,
amgtp_no_state,111,0.11779765971004963,0.019942665472626686,0.02146751433610916,0.050628937780857086,0.17525820434093475,0.732703447341919,12.85456994920969,,,
amgtp_no_state,112,0.057006293907761574,0.021164527162909508,0.02181539498269558,0.039341650903224945,0.15804171562194824,0.7596362233161926,13.150911113247275,,,
amgtp_no_state,113,0.05407200753688812,0.025732534006237984,0.02686171419918537,0.03974425792694092,0.13100561499595642,0.7766551971435547,13.480258593335748,,,
amgtp_no_state,114,0.037484414875507355,0.027080297470092773,0.029522188007831573,0.04983340576291084,0.11226369440555573,0.7813003063201904,13.527890402823687,,,
amgtp_no_state,115,0.052169069647789,0.023263268172740936,0.025816403329372406,0.056103188544511795,0.09370254725217819,0.8011156320571899,13.46145873889327,,,
amgtp_no_state,116,0.04880204237997532,0.018633447587490082,0.02186129428446293,0.050828754901885986,0.08316034078598022,0.8255161046981812,13.431702265515924,,,
amgtp_no_state,117,0.024470029398798943,0.01755274459719658,0.020332250744104385,0.04120476916432381,0.08555525541305542,0.8353574872016907,13.491002842783928,,,
amgtp_no_state,118,0.04211454093456268,0.02040356770157814,0.02425718680024147,0.04195159301161766,0.09908823668956757,0.8142985105514526,13.468122832477093,,,
amgtp_no_state,119,0.01287941075861454,0.020962031558156013,0.025614924728870392,0.04647490009665489,0.0944419577717781,0.8125048875808716,13.458923649042845,,,
amgtp_fixed_beta0,4,,0.20000606775283813,0.20000606775283813,0.20000606775283813,0.20000606775283813,0.20000606775283813,17.00051575899124,,,
amgtp_fixed_beta0,5,0.4434240274131298,0.2739049196243286,0.04072006419301033,0.13756459951400757,0.2739049196243286,0.2739049196243286,22.63971235230565,,,
amgtp_fixed_beta0,6,0.26347428001463413,0.31781721115112305,0.012260427698493004,0.03428683057427406,0.31781721115112305,0.31781721115112305,25.858315022662282,,,
amgtp_fixed_beta0,7,0.02647564560174942,0.3222297430038452,0.009511727839708328,0.023797480389475822,0.3222297430038452,0.3222297430038452,26.181513352319598,,,
amgtp_fixed_beta0,8,0.017051517963409424,0.31938812136650085,0.012675005942583084,0.02916085533797741,0.31938812136650085,0.31938812136650085,25.970595402643085,,,
amgtp_fixed_beta0,9,0.12933330424129963,0.3455938696861267,0.01712566241621971,0.03696504980325699,0.25472116470336914,0.3455938696861267,27.48501532152295,,,
amgtp_fixed_beta0,10,0.10890409536659718,0.3552655875682831,0.023100590333342552,0.06609906256198883,0.2002694457769394,0.3552655875682831,27.912937378510833,,,
amgtp_fixed_beta0,11,0.12940212339162827,0.36443352699279785,0.026963239535689354,0.10860099643468857,0.1355677843093872,0.36443352699279785,28.269821716472507,,,
amgtp_fixed_beta0,12,0.2842757813632488,0.4355023503303528,0.01816404052078724,0.04627720266580582,0.06455270200967789,0.43550240993499756,32.83603932149708,,,
amgtp_fixed_beta0,13,0.10064583737403154,0.46066421270370483,0.014700827188789845,0.02262977883219719,0.04134116694331169,0.46066421270370483,34.46113007236272,,,
amgtp_fixed_beta0,14,0.023923818953335285,0.4547295868396759,0.020244315266609192,0.022537169978022575,0.047759637236595154,0.4547295868396759,34.07216271199286,,,
amgtp_fixed_beta0,15,0.041498810052871704,0.44435474276542664,0.026993228122591972,0.02712273970246315,0.05717427656054497,0.44435474276542664,33.39083234779537,,,
amgtp_fixed_beta0,16,0.156363682821393,0.4793175160884857,0.03643102943897247,0.041986241936683655,0.07609201967716217,0.3661728799343109,34.580505177378654,,,
amgtp_fixed_beta0,17,0.21799501217901707,0.5800533294677734,0.02952582575380802,0.046909887343645096,0.07943019270896912,0.2640807032585144,39.226596450433135,,,
amgtp_fixed_beta0,18,0.13844524882733822,0.627457320690155,0.024541832506656647,0.05718141049146652,0.09097741544246674,0.1998421847820282,41.27815780043602,,,
amgtp_fixed_beta0,19,0.03890843316912651,0.6318576335906982,0.021799489855766296,0.05620357766747475,0.10603131353855133,0.18410813808441162,41.42160136625171,,,
amgtp_fixed_beta0,20,0.23961563222110271,0.7516651749610901,0.017806852236390114,0.032194867730140686,0.05723392590880394,0.1410987824201584,47.59032238833606,,,
amgtp_fixed_beta0,21,0.04411485977470875,0.7687462568283081,0.022783564403653145,0.028312070295214653,0.044974733144044876,0.13518370687961578,48.43989021331072,,,
amgtp_fixed_beta0,22,0.21371342241764069,0.661889374256134,0.03699676692485809,0.03902395814657211,0.0616643987596035,0.20042549073696136,43.1050387583673,,,
amgtp_fixed_beta0,23,0.11726700142025948,0.6053887009620667,0.03486396372318268,0.03971920162439346,0.06761603057384491,0.2524121403694153,40.48442580550909,,,
amgtp_fixed_beta0,24,0.13249572552740574,0.5438264608383179,0.03017791174352169,0.04276258498430252,0.07875259220600128,0.3044796288013458,37.60203626565635,,,
amgtp_fixed_beta0,25,0.17972841672599316,0.6280355453491211,0.021657489240169525,0.04114004969596863,0.08440842479467392,0.2247590869665146,41.56469655036926,,,
amgtp_fixed_beta0,26,0.18409623764455318,0.720083475112915,0.01636420749127865,0.03544466570019722,0.08169092237949371,0.14641694724559784,45.9493804294616,,,
amgtp_fixed_beta0,27,0.09904319047927856,0.6722607612609863,0.020817680284380913,0.053362879902124405,0.10884077101945877,0.1447180062532425,43.30448948033154,,,
amgtp_fixed_beta0,28,0.07049737684428692,0.6480398178100586,0.029257066547870636,0.06671641767024994,0.09781299531459808,0.15817373991012573,42.01091871410608,,,
amgtp_fixed_beta0,29,0.24027657508850098,0.5312731862068176,0.043341055512428284,0.07137425988912582,0.09444144368171692,0.25957030057907104,36.428929321467876,,,
amgtp_fixed_beta0,30,0.3251883089542389,0.4226014316082001,0.03420855849981308,0.05146266520023346,0.06956318020820618,0.4221644997596741,31.941927708685398,,,
amgtp_fixed_beta0,31,0.1692819446325302,0.3706094026565552,0.02294635772705078,0.04276932403445244,0.05686972662806511,0.506805419921875,29.881182454526424,,,
amgtp_fixed_beta0,32,0.0990780871361494,0.39715608954429626,0.024869723245501518,0.05367952585220337,0.06702852994203568,0.4572663903236389,30.886202847585082,,,
amgtp_fixed_beta0,33,0.4343928378075361,0.5845218300819397,0.032649461179971695,0.05925266444683075,0.08350639045238495,0.24007003009319305,39.22724241390824,,,
amgtp_fixed_beta0,34,0.13814107701182365,0.570958137512207,0.040915898978710175,0.06993276625871658,0.13363051414489746,0.1845633089542389,38.02750237286091,,,
amgtp_fixed_beta0,35,0.22637276351451874,0.45777177810668945,0.05115799605846405,0.0708780288696289,0.1922631412744522,0.2279297262430191,32.26695692539215,,,
amgtp_fixed_beta0,36,0.19430606067180634,0.5084133148193359,0.05302583426237106,0.05271528661251068,0.11327264457941055,0.27257317304611206,35.3249035179615,,,
amgtp_fixed_beta0,37,0.15889177843928337,0.47616955637931824,0.051578816026449203,0.05452391505241394,0.06751716881990433,0.3502100706100464,34.160885114222765,,,
amgtp_fixed_beta0,38,0.07662490755319595,0.4877399206161499,0.04336972162127495,0.08067233115434647,0.06811120361089706,0.3201070725917816,34.50805939361453,,,
amgtp_fixed_beta0,39,0.24783125147223473,0.39434918761253357,0.027143873274326324,0.06637333333492279,0.07950570434331894,0.43262824416160583,30.500550478696823,,,
amgtp_fixed_beta0,40,0.2370200715959072,0.30489131808280945,0.0221678726375103,0.042297206819057465,0.08528441190719604,0.5453596115112305,26.67456402257085,,,
amgtp_fixed_beta0,41,0.36021819710731506,0.46429985761642456,0.029222384095191956,0.04357834532856941,0.09764856100082397,0.36524975299835205,33.81498534604907,,,
amgtp_fixed_beta0,42,0.3979559950530529,0.2653225064277649,0.03953127935528755,0.05708977207541466,0.12599456310272217,0.5120620727539062,24.180981941521168,,,
amgtp_fixed_beta0,43,0.4291357956826687,0.09222634136676788,0.033605366945266724,0.04570047929883003,0.10183809697628021,0.7266300320625305,16.58997441455722,,,
amgtp_fixed_beta0,44,0.050235312432050705,0.10716472566127777,0.03418756276369095,0.05529715120792389,0.09379551559686661,0.7095545530319214,17.220294907689095,,,
amgtp_fixed_beta0,45,0.48537034913897514,0.3354499340057373,0.04073534533381462,0.06314973533153534,0.07991509139537811,0.4807502031326294,27.647089075297117,,,
amgtp_fixed_beta0,46,0.11866054125130177,0.39477983117103577,0.02895117737352848,0.05123274773359299,0.0664200559258461,0.4586157500743866,30.75500018335879,,,
amgtp_fixed_beta0,47,0.4903749208897352,0.1696677803993225,0.018252141773700714,0.042116496711969376,0.06616026163101196,0.703803539276123,20.641039837151766,,,
amgtp_fixed_beta0,48,0.2365669710561633,0.08103320002555847,0.013722364790737629,0.027135759592056274,0.05602225288748741,0.8220874071121216,16.85850111488253,,,
amgtp_fixed_beta0,49,0.025294178165495396,0.07424643635749817,0.018486227840185165,0.02624756284058094,0.06390467286109924,0.8171144723892212,16.43895042128861,,,
amgtp_fixed_beta0,50,0.30217898823320866,0.13501939177513123,0.037099841982126236,0.0470934696495533,0.11476187407970428,0.6660251617431641,18.407229140400887,,,
amgtp_fixed_beta0,51,0.4267989359796047,0.31019604206085205,0.04674015939235687,0.061963487416505814,0.12847450375556946,0.4526258409023285,26.080476444214582,,,
amgtp_fixed_beta0,52,0.044886913150548935,0.3121853172779083,0.027655940502882004,0.058604221791028976,0.14517517387866974,0.45637932419776917,26.340124398469925,,,
amgtp_fixed_beta0,53,0.4420540779829025,0.11127578467130661,0.01670791581273079,0.04943489655852318,0.15962384641170502,0.6629578471183777,17.24033647030592,,,
amgtp_fixed_beta0,54,0.28712422121316195,0.045507222414016724,0.013121555559337139,0.032203055918216705,0.10264840722084045,0.8065198659896851,14.849981042556465,,,
amgtp_fixed_beta0,55,0.036673557944595814,0.033924538642168045,0.01768805831670761,0.04095182940363884,0.10766924917697906,0.7997651100158691,14.126412149518728,,,
amgtp_fixed_beta0,56,0.11983565054833889,0.04297838732600212,0.03013615496456623,0.07490304857492447,0.11213422566652298,0.7398476004600525,13.976354526355863,,,
amgtp_fixed_beta0,57,0.12974458001554012,0.06871504336595535,0.04960111156105995,0.09282007813453674,0.11388801783323288,0.6749754548072815,14.697836440056562,,,
amgtp_fixed_beta0,58,0.11607828363776207,0.11740931868553162,0.05686076730489731,0.06427362561225891,0.11597359925508499,0.645483136177063,17.142819866538048,,,
amgtp_fixed_beta0,59,0.139603890478611,0.1688264012336731,0.032488614320755005,0.03761250525712967,0.09720464050769806,0.663867712020874,20.249490655958652,,,
amgtp_fixed_beta0,60,0.04875125177204609,0.1911705732345581,0.019844835624098778,0.033784419298172,0.08930087089538574,0.6658991575241089,21.539126789197326,,,
amgtp_fixed_beta0,61,0.16658318787813187,0.11042290180921555,0.017300711944699287,0.04841087386012077,0.14257481694221497,0.6812901496887207,17.32399325631559,,,
amgtp_fixed_beta0,62,0.1702984105795622,0.06776876002550125,0.021592412143945694,0.0749388113617897,0.19690431654453278,0.638795018196106,14.633994918316603,,,
amgtp_fixed_beta0,63,0.3165341131389141,0.042488303035497665,0.024887163192033768,0.040053412318229675,0.09880384057760239,0.793768048286438,14.498725142329931,,,
amgtp_fixed_beta0,64,0.1204597782343626,0.03695850446820259,0.03642965108156204,0.027915718033909798,0.05624173954129219,0.8424557447433472,14.525759676471353,,,
amgtp_fixed_beta0,65,0.05911957658827305,0.04941077157855034,0.046887002885341644,0.03456464037299156,0.05131005868315697,0.8178263902664185,14.923967093229294,,,
amgtp_fixed_beta0,66,0.10319709777832031,0.07962508499622345,0.03649969398975372,0.04839130491018295,0.05886797979474068,0.7766155004501343,16.243871573358774,,,
amgtp_fixed_beta0,67,0.21135888062417507,0.13650847971439362,0.020656434819102287,0.07291152328252792,0.08314386755228043,0.6867793798446655,18.626818178221583,,,
amgtp_fixed_beta0,68,0.08758308179676533,0.12028899043798447,0.011439066380262375,0.05455707758665085,0.11612580716609955,0.6975892186164856,17.971579436212778,,,
amgtp_fixed_beta0,69,0.16770225763320923,0.050869084894657135,0.010063569992780685,0.04150121659040451,0.18323922157287598,0.714326798915863,14.469962049275637,,,
amgtp_fixed_beta0,70,0.15216293931007385,0.022531725466251373,0.01232951506972313,0.03751600533723831,0.139480322599411,0.7881423234939575,13.487135846167803,,,
amgtp_fixed_beta0,71,0.16276731342077255,0.016317833214998245,0.0208585262298584,0.04125902056694031,0.06431069225072861,0.8572540879249573,13.575437657535076,,,
amgtp_fixed_beta0,72,0.128505676984787,0.02389216423034668,0.055000822991132736,0.06379464268684387,0.0573648065328598,0.7999465465545654,13.2807199023664,,,
amgtp_fixed_beta0,73,0.11015389487147331,0.024880368262529373,0.03493847697973251,0.03973490744829178,0.046410445123910904,0.8540357947349548,13.928339537233114,,,
amgtp_fixed_beta0,74,0.08653824403882027,0.023725884035229683,0.011667568236589432,0.02413860894739628,0.043161917477846146,0.8973038196563721,14.372023334726691,,,
amgtp_fixed_beta0,75,0.040133458096534014,0.030418770387768745,0.007430959027260542,0.023689987137913704,0.05653693526983261,0.881923496723175,14.646314644720405,,,
amgtp_fixed_beta0,76,0.20161596359685063,0.0538163036108017,0.010530266910791397,0.040349677205085754,0.11418876051902771,0.7811158895492554,15.09550129249692,,,
amgtp_fixed_beta0,77,0.13842277973890305,0.07306116819381714,0.019624024629592896,0.060509633272886276,0.13490070402622223,0.7119036316871643,15.495778787881136,,,
amgtp_fixed_beta0,78,0.1884586103260517,0.059376876801252365,0.02458249405026436,0.0466473251581192,0.06821799278259277,0.8011744618415833,15.421105492860079,,,
amgtp_fixed_beta0,79,0.15184881538152695,0.034224774688482285,0.02566603384912014,0.030990755185484886,0.03310247138142586,0.8760155439376831,14.668059695512056,,,
amgtp_fixed_beta0,80,0.03968559205532074,0.024000898003578186,0.0288020521402359,0.029475852847099304,0.024999335408210754,0.8927232027053833,14.230403676629066,,,
amgtp_fixed_beta0,81,0.01731136441230774,0.0199107825756073,0.027394529432058334,0.03280920162796974,0.03032120317220688,0.8895646929740906,13.986623212695122,,,
amgtp_fixed_beta0,82,0.06162978708744049,0.01833154633641243,0.022451825439929962,0.04255758970975876,0.0513874776661396,0.8652715086936951,13.72353084012866,,,
amgtp_fixed_beta0,83,0.04097290709614754,0.018010156229138374,0.018407238647341728,0.04230048879981041,0.07187454402446747,0.849408745765686,13.620762327685952,,,
amgtp_fixed_beta0,84,0.08201214112341404,0.024797337129712105,0.024244502186775208,0.048231642693281174,0.09432493895292282,0.8084025979042053,13.63469060137868,,,
amgtp_fixed_beta0,85,0.27158203162252903,0.034410495311021805,0.03786460682749748,0.09177045524120331,0.1633429378271103,0.6726106405258179,12.937755223363638,,,
amgtp_fixed_beta0,86,0.06076904200017452,0.028623005375266075,0.03193528577685356,0.0731034055352211,0.1927911341190338,0.673547625541687,12.747830521315336,,,
amgtp_fixed_beta0,87,0.29701088555157185,0.018331358209252357,0.01595183089375496,0.025721536949276924,0.11794278770685196,0.8220531940460205,13.527342164888978,,,
amgtp_fixed_beta0,88,0.08350673411041498,0.014494168572127819,0.011237550526857376,0.01575075089931488,0.09471136331558228,0.8638062477111816,13.68440692871809,,,
amgtp_fixed_beta0,89,0.10299801919609308,0.01922655664384365,0.01719791628420353,0.02314833551645279,0.12811991572380066,0.8123071193695068,13.509375402703881,,,
amgtp_fixed_beta0,90,0.19995567202568054,0.02764466032385826,0.02953881397843361,0.0517146959900856,0.17877231538295746,0.7123292088508606,13.067377652972937,,,
amgtp_fixed_beta0,91,0.16753499954938889,0.027253741398453712,0.02443794719874859,0.0689881220459938,0.10049669444561005,0.7788233757019043,13.473630918189883,,,
amgtp_fixed_beta0,92,0.15041950717568398,0.024450352415442467,0.017714472487568855,0.04696867987513542,0.056832753121852875,0.8540326356887817,13.979927828535438,,,
amgtp_fixed_beta0,93,0.09478100668638945,0.01940440572798252,0.014092282392084599,0.025986196473240852,0.039093244820833206,0.9014235138893127,14.14989712368697,,,
amgtp_fixed_beta0,94,0.03512734454125166,0.020639577880501747,0.018560703843832016,0.026395542547106743,0.05054430663585663,0.883860170841217,14.063974542543292,,,
amgtp_fixed_beta0,95,0.04968694597482681,0.02179420180618763,0.02069958858191967,0.030193794518709183,0.06829562038183212,0.8590162992477417,13.923230612650514,,,
amgtp_fixed_beta0,96,0.040094709023833275,0.02253814972937107,0.021960459649562836,0.03637593239545822,0.08015624433755875,0.8389691710472107,13.790039345622063,,,
amgtp_fixed_beta0,97,0.015668366104364395,0.01810470037162304,0.018559705466032028,0.036977995187044144,0.08444661647081375,0.8419108986854553,13.593654610216618,,,
amgtp_fixed_beta0,98,0.06713802739977837,0.01600269414484501,0.01928575336933136,0.04640119522809982,0.10786660760641098,0.8104441165924072,13.21993487328291,,,
amgtp_fixed_beta0,99,0.06378851644694805,0.012200530618429184,0.01621704176068306,0.039093855768442154,0.09015021473169327,0.8423380255699158,13.289314307272434,,,
amgtp_fixed_beta0,100,0.07111439853906631,0.01246301643550396,0.01493561640381813,0.031017525121569633,0.06395059078931808,0.8776325583457947,13.590279130265117,,,
amgtp_fixed_beta0,101,0.03978170081973076,0.018532121554017067,0.018685488030314445,0.036627303808927536,0.06841316819190979,0.857742190361023,13.727777535095811,,,
amgtp_fixed_beta0,102,0.16458552703261375,0.028806818649172783,0.02902195416390896,0.061498742550611496,0.10522335767745972,0.7754494547843933,13.534783171489835,,,
amgtp_fixed_beta0,103,0.22069405019283295,0.01978084072470665,0.025612663477659225,0.0689840316772461,0.2080853134393692,0.6775379180908203,12.361543249338865,,,
amgtp_fixed_beta0,104,0.2412720462307334,0.007870770990848541,0.011404809542000294,0.0244273878633976,0.328721284866333,0.6275764107704163,11.644051977433264,,,
amgtp_fixed_beta0,105,0.49769646441563964,0.004755128640681505,0.006734074093401432,0.010492643341422081,0.10159384459257126,0.8764243125915527,13.304617010988295,,,
amgtp_fixed_beta0,106,0.12216646131128073,0.005767178256064653,0.0080880643799901,0.011323382146656513,0.04051028564572334,0.9343104362487793,13.752007013186812,,,
amgtp_fixed_beta0,107,0.057045983616262674,0.011702203191816807,0.016685085371136665,0.025314638391137123,0.03313038498163223,0.9131676554679871,13.811021063476801,,,
amgtp_fixed_beta0,108,0.1631815331056714,0.023988639935851097,0.033196546137332916,0.06651872396469116,0.04471880570054054,0.8315765261650085,13.627174120396376,,,
amgtp_fixed_beta0,109,0.24539028853178024,0.026109853759407997,0.03296276926994324,0.16870634257793427,0.06310546398162842,0.7091155052185059,12.475028343498707,,,
amgtp_fixed_beta0,110,0.31073374673724174,0.012120526283979416,0.011658387258648872,0.04863332211971283,0.0663338303565979,0.8612541556358337,13.40668492205441,,,
amgtp_fixed_beta0,111,0.09021507762372494,0.006998107302933931,0.005925217177718878,0.014381548389792442,0.0819806382060051,0.8907150626182556,13.512831644620746,,,
amgtp_fixed_beta0,112,0.03477253718301654,0.0071731191128492355,0.00639342749491334,0.009494130499660969,0.09872379899024963,0.8782163262367249,13.451358126010746,,,
amgtp_fixed_beta0,113,0.12141143763437867,0.012561118230223656,0.013212287798523903,0.014992021024227142,0.1417245864868164,0.8175104260444641,13.249073514714837,,,
amgtp_fixed_beta0,114,0.10697968490421772,0.021467791870236397,0.026139557361602783,0.03156720846891403,0.15680503845214844,0.7640203237533569,13.202828496694565,,,
amgtp_fixed_beta0,115,0.1456673350185156,0.020335881039500237,0.024964144453406334,0.04060076177120209,0.08627879619598389,0.8278205394744873,13.560358418151736,,,
amgtp_fixed_beta0,116,0.15943111572414637,0.010119916871190071,0.013046321459114552,0.029408663511276245,0.039888281375169754,0.9075352549552917,13.69317886326462,,,
amgtp_fixed_beta0,117,0.06212505744770169,0.006289108190685511,0.007963979616761208,0.019390417262911797,0.02775793895125389,0.9385985732078552,13.778167320415378,,,
amgtp_fixed_beta0,118,0.025487173348665237,0.007518382277339697,0.009818985126912594,0.022818410769104958,0.033989306539297104,0.9258550405502319,13.729272867552936,,,
amgtp_fixed_beta0,119,0.06810059165582061,0.011120685376226902,0.015107504092156887,0.03452847898006439,0.04743872210383415,0.8918047547340393,13.603271684609354,,,
amgtp_fixed_beta_hi,4,,0.20000606775283813,0.20000606775283813,0.20000606775283813,0.20000606775283813,0.20000606775283813,17.00051575899124,,,
amgtp_fixed_beta_hi,5,0.16961202025413513,0.22826944291591644,0.14180953800678253,0.17338070273399353,0.22826944291591644,0.22826944291591644,19.151776522397995,,,
amgtp_fixed_beta_hi,6,0.10985117405653,0.2465783953666687,0.12356965988874435,0.13669626414775848,0.2465783953666687,0.2465783953666687,20.506508477032185,,,
amgtp_fixed_beta_hi,7,0.029234424233436584,0.2514505982398987,0.11516552418470383,0.13048258423805237,0.2514505982398987,0.2514505982398987,20.874111734330654,,,
amgtp_fixed_beta_hi,8,0.006307810544967651,0.2517563998699188,0.11201221495866776,0.13271968066692352,0.2517563998699188,0.2517563998699188,20.902439646422863,,,
amgtp_fixed_beta_hi,9,0.05763415992259979,0.2661645710468292,0.10619944334030151,0.12294530123472214,0.23852573335170746,0.2661645710468292,21.840893737971783,,,
amgtp_fixed_beta_hi,10,0.05982320010662079,0.28112030029296875,0.09917859733104706,0.12017073482275009,0.21840940415859222,0.28112030029296875,22.79145885258913,,,
amgtp_fixed_beta_hi,11,0.05706699937582016,0.29335907101631165,0.09379523992538452,0.12422703206539154,0.19525960087776184,0.29335907101631165,23.541864797472954,,,
amgtp_fixed_beta_hi,12,0.0953427404165268,0.3171946704387665,0.08668383955955505,0.1079753041267395,0.1709512174129486,0.31719470024108887,25.079674303531647,,,
amgtp_fixed_beta_hi,13,0.05029400438070297,0.32976821064949036,0.08208265155553818,0.09838160872459412,0.15999923646450043,0.3297683000564575,25.90007097274065,,,
amgtp_fixed_beta_hi,14,0.01238291710615158,0.3266723155975342,0.08235698193311691,0.09967305511236191,0.16462452709674835,0.32667234539985657,25.707499608397484,,,
amgtp_fixed_beta_hi,15,0.019456319510936737,0.3315366208553314,0.07803383469581604,0.09817545861005783,0.16071753203868866,0.3315366208553314,26.031292878091335,,,
amgtp_fixed_beta_hi,16,0.038807421922683716,0.35094043612480164,0.07401849329471588,0.09664755314588547,0.15481087565422058,0.3235829174518585,27.034224294126034,,,
amgtp_fixed_beta_hi,17,0.07279078662395477,0.387335866689682,0.06922714412212372,0.09109840542078018,0.14706990122795105,0.3052690327167511,28.885930128395557,,,
amgtp_fixed_beta_hi,18,0.042166270315647125,0.40341511368751526,0.06818605214357376,0.09267228096723557,0.15049947798252106,0.2852265536785126,29.59777781367302,,,
amgtp_fixed_beta_hi,19,0.01778065413236618,0.4044506549835205,0.06750807911157608,0.09142188727855682,0.15835505723953247,0.2782653868198395,29.613013856112957,,,
amgtp_fixed_beta_hi,20,0.1191394217312336,0.464019775390625,0.06191954389214516,0.07927222549915314,0.13238932192325592,0.26239901781082153,32.7412342466414,,,
amgtp_fixed_beta_hi,21,0.05230863392353058,0.4901740252971649,0.06074884906411171,0.07676653563976288,0.1218465268611908,0.2504638135433197,34.06090905144811,,,
amgtp_fixed_beta_hi,22,0.057658832520246506,0.461344450712204,0.06364654004573822,0.08465822041034698,0.12849262356758118,0.2618575990200043,32.563742995262146,,,
amgtp_fixed_beta_hi,23,0.021907661110162735,0.4592238664627075,0.059049371629953384,0.08042255789041519,0.13104470074176788,0.2702597677707672,32.554698687046766,,,
amgtp_fixed_beta_hi,24,0.012815631926059723,0.4598662257194519,0.05649629607796669,0.07656741142272949,0.1328735202550888,0.27419599890708923,32.64703069999814,,,
amgtp_fixed_beta_hi,25,0.0549338236451149,0.4873336851596832,0.05408531054854393,0.07512032985687256,0.13204540312290192,0.25141581892967224,33.96360669657588,,,
amgtp_fixed_beta_hi,26,0.06721027940511703,0.5209384560585022,0.05161632224917412,0.07341743260622025,0.1254163533449173,0.22861124575138092,35.60664789751172,,,
amgtp_fixed_beta_hi,27,0.031162910163402557,0.5098987817764282,0.05308503285050392,0.08461325615644455,0.12833312153816223,0.22406931221485138,34.936153929680586,,,
amgtp_fixed_beta_hi,28,0.01389029249548912,0.5084645748138428,0.056116580963134766,0.08542380481958389,0.12282244861125946,0.2271726280450821,34.86043641716242,,,
amgtp_fixed_beta_hi,29,0.06402165442705154,0.4830970764160156,0.05885721743106842,0.07878035306930542,0.12326838076114655,0.2559967637062073,33.72785621881485,,,
amgtp_fixed_beta_hi,30,0.08451488614082336,0.4502546787261963,0.053883299231529236,0.0751333236694336,0.12247447669506073,0.2982544004917145,32.327446937561035,,,
amgtp_fixed_beta_hi,31,0.05594344809651375,0.4255542755126953,0.05061183497309685,0.08117878437042236,0.12586817145347595,0.31678682565689087,31.143497478216887,,,
amgtp_fixed_beta_hi,32,0.042330533266067505,0.4128751754760742,0.054922785609960556,0.09277249872684479,0.1311286985874176,0.30830058455467224,30.339859884232283,,,
amgtp_fixed_beta_hi,33,0.09131128340959549,0.4545770585536957,0.058876413851976395,0.08200803399085999,0.12932750582695007,0.2752104699611664,32.33776314929128,,,
amgtp_fixed_beta_hi,34,0.05715233460068703,0.478392094373703,0.055956192314624786,0.07539772242307663,0.13408894836902618,0.25616514682769775,33.51060971617699,,,
amgtp_fixed_beta_hi,35,0.050918854773044586,0.4529326260089874,0.057977400720119476,0.08020444214344025,0.14657597243785858,0.26230958104133606,32.1729142293334,,,
amgtp_fixed_beta_hi,36,0.05194442719221115,0.4347244203090668,0.06440086662769318,0.09007471799850464,0.13881200551986694,0.2719880938529968,31.197607591748238,,,
amgtp_fixed_beta_hi,37,0.03930988907814026,0.42756572365760803,0.06556988507509232,0.0973745658993721,0.12631607055664062,0.2831744849681854,30.86029228568077,,,
amgtp_fixed_beta_hi,38,0.04516062140464783,0.4472399950027466,0.057340674102306366,0.09639681130647659,0.12922196090221405,0.26980099081993103,31.862698405981064,,,
amgtp_fixed_beta_hi,39,0.05578802898526192,0.44133877754211426,0.050918061286211014,0.08082657307386398,0.13668368756771088,0.29023322463035583,31.793775390833616,,,
amgtp_fixed_beta_hi,40,0.085663802921772,0.4044109582901001,0.05337177589535713,0.07635420560836792,0.1352521777153015,0.33061161637306213,30.122419763356447,,,
amgtp_fixed_beta_hi,41,0.042116474360227585,0.40454939007759094,0.06381894648075104,0.08682648837566376,0.13460981845855713,0.3101953864097595,29.882265955209732,,,
amgtp_fixed_beta_hi,42,0.10013142973184586,0.35801073908805847,0.06029174476861954,0.09590227901935577,0.13994163274765015,0.34585335850715637,27.650181375443935,,,
amgtp_fixed_beta_hi,43,0.16149596497416496,0.30362024903297424,0.050693999975919724,0.0808708518743515,0.1382138580083847,0.4266018867492676,25.450444918125868,,,
amgtp_fixed_beta_hi,44,0.018878459930419922,0.30073970556259155,0.05196667090058327,0.08338113874197006,0.14386968314647675,0.4200427532196045,25.234178747981787,,,
amgtp_fixed_beta_hi,45,0.1825418919324875,0.38097262382507324,0.06012672558426857,0.08625880628824234,0.13053859770298004,0.342102587223053,28.880466978996992,,,
amgtp_fixed_beta_hi,46,0.03677590191364288,0.3993610143661499,0.0564812533557415,0.0849294662475586,0.1268031895160675,0.3324252963066101,29.814506988972425,,,
amgtp_fixed_beta_hi,47,0.1794448271393776,0.31842172145843506,0.049416158348321915,0.08321158587932587,0.14083345234394073,0.4081175923347473,26.10383466258645,,,
amgtp_fixed_beta_hi,48,0.17890450730919838,0.2623140215873718,0.044089965522289276,0.06896684318780899,0.1270599365234375,0.4975699484348297,23.845230624079704,,,
amgtp_fixed_beta_hi,49,0.03913512080907822,0.24513964354991913,0.04831656813621521,0.06797092407941818,0.12566225230693817,0.5129104852676392,23.020990513265133,,,
amgtp_fixed_beta_hi,50,0.13283880054950714,0.2593417465686798,0.061894968152046204,0.08515622466802597,0.1471160650253296,0.4464913010597229,23.15855910629034,,,
amgtp_fixed_beta_hi,51,0.106625497341156,0.31046515703201294,0.056058771908283234,0.08716221153736115,0.14729920029640198,0.39901453256607056,25.562752686440945,,,
amgtp_fixed_beta_hi,52,0.032547518610954285,0.3146456778049469,0.046960413455963135,0.08240316063165665,0.15939253568649292,0.39659827947616577,25.84103422611952,,,
amgtp_fixed_beta_hi,53,0.13469308987259865,0.2479104846715927,0.046349044889211655,0.08322859555482864,0.17644040286540985,0.4460715055465698,22.650747809559107,,,
amgtp_fixed_beta_hi,54,0.13996924832463264,0.2099764347076416,0.04905228316783905,0.07589379698038101,0.15172436833381653,0.513352632522583,21.124327190220356,,,
amgtp_fixed_beta_hi,55,0.04489206522703171,0.19253884255886078,0.052316613495349884,0.08120409399271011,0.14671631157398224,0.5272244215011597,20.256415531039238,,,
amgtp_fixed_beta_hi,56,0.05026089400053024,0.19177597761154175,0.054029062390327454,0.10253443568944931,0.1488039195537567,0.5028567910194397,19.949813537299633,,,
amgtp_fixed_beta_hi,57,0.06880692392587662,0.21115902066230774,0.05641581118106842,0.10138566792011261,0.16143742203712463,0.46960192918777466,20.73460301756859,,,
amgtp_fixed_beta_hi,58,0.08511102572083473,0.23925630748271942,0.05846133455634117,0.08606145530939102,0.1738499402999878,0.4423704445362091,22.08215995505452,,,
amgtp_fixed_beta_hi,59,0.038676418364048004,0.23541632294654846,0.05454495921730995,0.08021057397127151,0.16811907291412354,0.46170875430107117,22.060912128537893,,,
amgtp_fixed_beta_hi,60,0.10111424699425697,0.2065901905298233,0.04936414957046509,0.08326003700494766,0.15156902372837067,0.5092165470123291,20.88457051664591,,,
amgtp_fixed_beta_hi,61,0.06889550760388374,0.1774565875530243,0.04953968897461891,0.10252930968999863,0.16657188534736633,0.5039023160934448,19.225158493965864,,,
amgtp_fixed_beta_hi,62,0.047736264765262604,0.16305741667747498,0.05165595933794975,0.1014438048005104,0.188323512673378,0.49551862478256226,18.394957710057497,,,
amgtp_fixed_beta_hi,63,0.1222112774848938,0.15487323701381683,0.0521986223757267,0.0757957249879837,0.16105036437511444,0.5560818314552307,18.48447820916772,,,
amgtp_fixed_beta_hi,64,0.046251196414232254,0.15612880885601044,0.05811397731304169,0.07078003138303757,0.14294075965881348,0.5720368027687073,18.647283159196377,,,
amgtp_fixed_beta_hi,65,0.05311749503016472,0.17256993055343628,0.057318899780511856,0.08053242415189743,0.1433059126138687,0.5462730526924133,19.30407613143325,,,
amgtp_fixed_beta_hi,66,0.08381418138742447,0.19362536072731018,0.04887434467673302,0.09586571902036667,0.14882446825504303,0.5128107070922852,20.175114322453737,,,
amgtp_fixed_beta_hi,67,0.028423331677913666,0.19549642503261566,0.04421069845557213,0.09885081648826599,0.15817974507808685,0.503262460231781,20.223481308668852,,,
amgtp_fixed_beta_hi,68,0.11781489849090576,0.15753759443759918,0.04289240017533302,0.07922063022851944,0.17238205671310425,0.5479677319526672,18.611032601445913,,,
amgtp_fixed_beta_hi,69,0.06487423926591873,0.13115857541561127,0.04839472845196724,0.07316179573535919,0.18994417786598206,0.5573396682739258,17.269759241491556,,,
amgtp_fixed_beta_hi,70,0.072650957852602,0.11939854174852371,0.05548694729804993,0.07840515673160553,0.16537928581237793,0.5813301205635071,16.750891610980034,,,
amgtp_fixed_beta_hi,71,0.07191127166152,0.1154153048992157,0.05164318159222603,0.08812042325735092,0.1372503936290741,0.607570230960846,16.707658734172583,,,
amgtp_fixed_beta_hi,72,0.06022825092077255,0.12965327501296997,0.0552360825240612,0.09689150005578995,0.1407623440027237,0.5774558782577515,17.194825787097216,,,
amgtp_fixed_beta_hi,73,0.049433812499046326,0.13566097617149353,0.047863591462373734,0.07954734563827515,0.15900814533233643,0.5779195427894592,17.630094815045595,,,
amgtp_fixed_beta_hi,74,0.07042493298649788,0.11702661216259003,0.04076433926820755,0.07006887346506119,0.16713353991508484,0.605006992816925,16.912600368261337,,,
amgtp_fixed_beta_hi,75,0.06086546182632446,0.10633189976215363,0.040739528834819794,0.07023247331380844,0.1474204659461975,0.6352762579917908,16.557161808013916,,,
amgtp_fixed_beta_hi,76,0.0485636442899704,0.10700749605894089,0.05085360258817673,0.08372412621974945,0.14653988182544708,0.611874520778656,16.314498208463192,,,
amgtp_fixed_beta_hi,77,0.020102456212043762,0.10747076570987701,0.05654376745223999,0.0876225084066391,0.14477983117103577,0.6035839319229126,16.231291100382805,,,
amgtp_fixed_beta_hi,78,0.07889405637979507,0.1031372994184494,0.044854432344436646,0.07446596771478653,0.13451147079467773,0.6430302858352661,16.40049459785223,,,
amgtp_fixed_beta_hi,79,0.031150683760643005,0.09864442050457001,0.041648395359516144,0.07058592140674591,0.13051533699035645,0.6586058735847473,16.306160978972912,,,
amgtp_fixed_beta_hi,80,0.037269510328769684,0.09843013435602188,0.04718721657991409,0.07971756160259247,0.13447964191436768,0.6401854157447815,16.09610127657652,,,
amgtp_fixed_beta_hi,81,0.03189626708626747,0.08845365047454834,0.04895135387778282,0.07864048331975937,0.1486634761095047,0.6352906823158264,15.526805717498064,,,
amgtp_fixed_beta_hi,82,0.043730396777391434,0.07870301604270935,0.04359707981348038,0.0738573744893074,0.1705290675163269,0.6333138942718506,15.04744815826416,,,
amgtp_fixed_beta_hi,83,0.07602755725383759,0.07473591715097427,0.041276782751083374,0.0704021081328392,0.14225757122039795,0.6713272929191589,15.131023235619068,,,
amgtp_fixed_beta_hi,84,0.049308259040117264,0.08183721452951431,0.05088229849934578,0.07834943383932114,0.12757816910743713,0.6613525748252869,15.348146703094244,,,
amgtp_fixed_beta_hi,85,0.11497429758310318,0.08473381400108337,0.06111213192343712,0.11127321422100067,0.1390153020620346,0.6038656234741211,14.90618645772338,,,
amgtp_fixed_beta_hi,86,0.07375642657279968,0.07170256227254868,0.04779445752501488,0.10175571590662003,0.1758933961391449,0.6028537154197693,14.32642113044858,,,
amgtp_fixed_beta_hi,87,0.08596238866448402,0.06471151113510132,0.03961147367954254,0.07394871860742569,0.18780624866485596,0.6339222192764282,14.333703108131886,,,
amgtp_fixed_beta_hi,88,0.03849571943283081,0.06530251353979111,0.03998713195323944,0.06798221170902252,0.17452485859394073,0.652203381061554,14.514605924487114,,,
amgtp_fixed_beta_hi,89,0.0685078464448452,0.07586398720741272,0.05466638132929802,0.07699578255414963,0.17073631286621094,0.6217383742332458,14.736984390765429,,,
amgtp_fixed_beta_hi,90,0.03692251816391945,0.0732041597366333,0.053914785385131836,0.09545628726482391,0.16887521743774414,0.6085488796234131,14.434344068169594,,,
amgtp_fixed_beta_hi,91,0.09928028285503387,0.06188131123781204,0.039646245539188385,0.08959126472473145,0.15069164335727692,0.6581891775131226,14.29078870266676,,,
amgtp_fixed_beta_hi,92,0.03986014425754547,0.06042662635445595,0.03724459931254387,0.07777296006679535,0.1464359611272812,0.6781190037727356,14.414878841489553,,,
amgtp_fixed_beta_hi,93,0.01791410520672798,0.06421554833650589,0.04241332784295082,0.07159215956926346,0.14534252882003784,0.6764367818832397,14.597635354846716,,,
amgtp_fixed_beta_hi,94,0.06070324406027794,0.06580757349729538,0.05459091067314148,0.07396502047777176,0.15955154597759247,0.6460850238800049,14.386991538107395,,,
amgtp_fixed_beta_hi,95,0.06846926733851433,0.058079179376363754,0.04148618131875992,0.06965138018131256,0.15046314895153046,0.6803191304206848,14.312900952994823,,,
amgtp_fixed_beta_hi,96,0.042293962091207504,0.05505711957812309,0.03639042004942894,0.06997126340866089,0.1374344825744629,0.7011467218399048,14.327826868742704,,,
amgtp_fixed_beta_hi,97,0.027064170688390732,0.0562935434281826,0.038108669221401215,0.07798615097999573,0.13999681174755096,0.6876144409179688,14.256259582936764,,,
amgtp_fixed_beta_hi,98,0.07851450517773628,0.05570201948285103,0.04714896157383919,0.08872683346271515,0.15947280824184418,0.6489484310150146,13.85703832283616,,,
amgtp_fixed_beta_hi,99,0.05223838612437248,0.04874805733561516,0.04453890025615692,0.07489196956157684,0.1567528396844864,0.6750679612159729,13.742319583892822,,,
amgtp_fixed_beta_hi,100,0.06947087869048119,0.04708845168352127,0.03870481997728348,0.06579670310020447,0.13860641419887543,0.7098034620285034,13.968895398080349,,,
amgtp_fixed_beta_hi,101,0.031862933188676834,0.054524607956409454,0.039163392037153244,0.07100589573383331,0.14143387973308563,0.6938719153404236,14.22790152952075,,,
amgtp_fixed_beta_hi,102,0.10371915251016617,0.06050782650709152,0.0448913611471653,0.09132227301597595,0.161266028881073,0.6420124769210815,14.066364649683237,,,
amgtp_fixed_beta_hi,103,0.11579396203160286,0.04547389596700668,0.04276823252439499,0.09194035083055496,0.21854513883590698,0.6012727618217468,12.994657680392265,,,
amgtp_fixed_beta_hi,104,0.13581325113773346,0.03858291730284691,0.03618733957409859,0.06805291026830673,0.2864519953727722,0.570725679397583,12.550644587725401,,,
amgtp_fixed_beta_hi,105,0.20710128918290138,0.03962501510977745,0.03696136176586151,0.06281910836696625,0.1881350874900818,0.67246013879776,13.33430714905262,,,
amgtp_fixed_beta_hi,106,0.08770722523331642,0.04640800133347511,0.04083733633160591,0.06700532883405685,0.14428101480007172,0.7014681100845337,13.856854047626257,,,
amgtp_fixed_beta_hi,107,0.03047608584165573,0.048381317406892776,0.04256189242005348,0.07854543626308441,0.13029859960079193,0.7002124190330505,13.896141309291124,,,
amgtp_fixed_beta_hi,108,0.025518275797367096,0.041459642350673676,0.03884214907884598,0.082379549741745,0.12818022072315216,0.7091367840766907,13.598735861480236,,,
amgtp_fixed_beta_hi,109,0.09874391928315163,0.03977605700492859,0.03960719332098961,0.1051517054438591,0.15401576459407806,0.6614491939544678,13.080024797469378,,,
amgtp_fixed_beta_hi,110,0.14152325317263603,0.03976496309041977,0.038220055401325226,0.0896308496594429,0.22477756440639496,0.607606828212738,12.772948935627937,,,
amgtp_fixed_beta_hi,111,0.07511647790670395,0.040413640439510345,0.03636974096298218,0.07059318572282791,0.26168686151504517,0.5909363031387329,12.777883999049664,,,
amgtp_fixed_beta_hi,112,0.18112565204501152,0.0401722751557827,0.03618563711643219,0.06360369175672531,0.17853958904743195,0.681499719619751,13.428106419742107,,,
amgtp_fixed_beta_hi,113,0.07468000054359436,0.03796755522489548,0.03677069768309593,0.06445295363664627,0.14340375363826752,0.717404842376709,13.555676940828562,,,
amgtp_fixed_beta_hi,114,0.02938693016767502,0.03824654221534729,0.038660723716020584,0.07697790861129761,0.13403354585170746,0.7120820879936218,13.471771035343409,,,
amgtp_fixed_beta_hi,115,0.010147280991077423,0.038833070546388626,0.0382651761174202,0.08060064166784286,0.1348974108695984,0.7074034810066223,13.457981944084167,,,
amgtp_fixed_beta_hi,116,0.035786326974630356,0.03541533276438713,0.03530930355191231,0.06908125430345535,0.14352251589298248,0.7166717052459717,13.405534517019987,,,
amgtp_fixed_beta_hi,117,0.0481274239718914,0.034336935728788376,0.033786188811063766,0.06103024259209633,0.16758613288402557,0.7032604217529297,13.29584189504385,,,
amgtp_fixed_beta_hi,118,0.011779293417930603,0.03563283756375313,0.0366319864988327,0.0627780631184578,0.1673779934644699,0.6975787878036499,13.300685413181782,,,
amgtp_fixed_beta_hi,119,0.06203386187553406,0.03424288332462311,0.03656257316470146,0.07050195336341858,0.1378212422132492,0.7208726406097412,13.359607096761465,,,
