method,day,gate_move_l1,pi_expanding,pi_rolling_1,pi_rolling_3,pi_rolling_7,pi_rolling_14,h_eff,pi_m2,pi_m5b,pi_m5b_hs
adamoe,4,,0.2,0.2,0.2,0.2,0.2,17.0,,,
adamoe,5,0.011292879168073588,0.20176798952057534,0.1943535604159628,0.2003424710223104,0.20176798952057534,0.20176798952057534,17.138588124649495,,,
adamoe,6,0.007442742516734213,0.20300844660669776,0.1908453369125317,0.20012932326737454,0.20300844660669776,0.20300844660669776,17.234917481857174,,,
adamoe,7,0.005021844730363656,0.2038454207284251,0.18873648034493162,0.19972725746979297,0.2038454207284251,0.2038454207284251,17.299397331756744,,,
adamoe,8,0.001798438438819161,0.20414516046822817,0.1885584762912319,0.19900604230408275,0.20414516046822817,0.20414516046822817,17.321334601129962,,,
adamoe,9,0.004466302761088142,0.205160851866604,0.1866922411358288,0.19863912607894213,0.20434692905202095,0.205160851866604,17.394941160865496,,,
adamoe,10,0.003039437128369543,0.20568720555680425,0.18517252257164396,0.19885944821365464,0.2045936181010926,0.20568720555680425,17.43475940512377,,,
adamoe,11,0.0017108963309090397,0.2055961237643137,0.18555597310992838,0.19933144584082485,0.20392033352061933,0.2055961237643137,17.42510580383595,,,
adamoe,12,0.004159341520363846,0.20660064013189733,0.18442201994397084,0.1983857282466006,0.20399097154563411,0.20660064013189733,17.495963375263614,,,
adamoe,13,0.0010705132800022943,0.20664701571739202,0.18486452541298226,0.19814123828173025,0.203700204870503,0.20664701571739202,17.497068837438704,,,
adamoe,14,0.0008825657372537599,0.20646813617362375,0.18515243114055807,0.19805771450063986,0.203853582011554,0.20646813617362375,17.484942725571514,,,
adamoe,15,0.000639921928050291,0.20648169922101461,0.18484671446865003,0.1980434702085226,0.20414641688079727,0.20648169922101461,17.48764778561488,,,
adamoe,16,0.003895090439881066,0.20747189588749937,0.18316102742830914,0.19778161202892303,0.20429527392922298,0.20729019072604477,17.55694920443423,,,
adamoe,17,0.0027264250839159065,0.20757234913386852,0.18442378672389814,0.19715205174614114,0.20368764488825541,0.20716416750783645,17.556332749321932,,,
adamoe,18,0.0033720103567876913,0.20810716543962232,0.1827377815455044,0.19763440411824157,0.20415887598148835,0.20736177291514324,17.594247872959993,,,
adamoe,19,0.0015780378584198396,0.20824886964404116,0.1820275916342263,0.19800850545462145,0.20443208936989965,0.20728294389721152,17.60397112679082,,,
adamoe,20,0.0037413098486246965,0.20756909142903218,0.1835675849173224,0.19833916709583735,0.20388788433138427,0.20663627222642317,17.55285357343638,,,
adamoe,21,0.001336014581582834,0.20768114833191878,0.18412353530522754,0.19811901718140779,0.2036647107361415,0.2064115884453044,17.55476470015183,,,
adamoe,22,0.0009829797942674523,0.2079604792769355,0.18383217466292961,0.19805143369105,0.20387686968825863,0.20627904268082653,17.570659917701594,,,
adamoe,23,0.0017343645200648405,0.20827025798199345,0.1832300349153962,0.19778639117855093,0.2039916031899005,0.20672171273415907,17.594849887978185,,,
adamoe,24,0.0008474445152907295,0.20822340186252644,0.18360822047672842,0.19748272385542703,0.20403713988621358,0.20664851391910455,17.590799677865554,,,
adamoe,25,0.0014117344834377044,0.20859746232904125,0.1838786919399261,0.197108227481108,0.20370576901881346,0.20670984923111063,17.610929386492966,,,
adamoe,26,0.0033682844504416276,0.20804041300379744,0.1855628341651469,0.19707610352166205,0.20330855587567237,0.20601209343372068,17.566545124159777,,,
adamoe,27,0.0022647766638992373,0.2085224429597773,0.1844304458331972,0.1972730368423112,0.20332683972192733,0.20644723464278625,17.601145296999267,,,
adamoe,28,0.0015640911387338197,0.20877246147139927,0.1847960348970737,0.19665418255267375,0.2031636484421979,0.2066136726366547,17.615843226847602,,,
adamoe,29,0.003228757721867731,0.20900003892381327,0.18318165603614006,0.19763279411901905,0.20351807169481234,0.20666743922621506,17.63405302485269,,,
adamoe,30,0.0016190928319199938,0.20883095031144275,0.18361658706045925,0.19800740951065998,0.20314317596703008,0.20640187715040798,17.619124346153928,,,
adamoe,31,0.00965660617102046,0.20933098595396038,0.187944854503452,0.1943949454168717,0.2021330580260084,0.20619615609970787,17.63266643956966,,,
adamoe,32,0.07841786365005099,0.19303375533186412,0.22422112417039425,0.19732760757495488,0.1930783301079826,0.1923391828148044,16.442526136970248,,,
adamoe,33,0.036825038126565346,0.18324590390719286,0.23011843983930125,0.2098428109693306,0.1907655033121381,0.18602734197203752,15.794142417972356,,,
adamoe,34,0.03361004339167448,0.17654969010935406,0.22378053114736507,0.22586887754675536,0.19154445843055057,0.18225644276597525,15.386769978086383,,,
adamoe,35,0.017747995205151135,0.1749990735737949,0.21645715008034877,0.22944317123039099,0.19625086838736258,0.18284973672810328,15.338383471104201,,,
adamoe,36,0.0154964158118579,0.17402181498222435,0.21092497889688205,0.2282043930994993,0.20238299996560996,0.18446581305578486,15.336049439669099,,,
adamoe,37,0.016737263059159513,0.17356667515148905,0.20622228605423354,0.22499359424330312,0.20867422334239216,0.18654322120858216,15.367528238190381,,,
adamoe,38,0.018739602234972952,0.17491261353237852,0.20188316468508755,0.21996291449496264,0.21440468685961325,0.18883662042795807,15.501074214121392,,,
adamoe,39,0.014446051170316665,0.176462757950137,0.199455481656158,0.21516757193873381,0.21663427981204766,0.1922799086429235,15.64108235416584,,,
adamoe,40,0.00995206618113778,0.17645765440513722,0.1967689787758352,0.2128831452734879,0.21842442472343387,0.19546579682210657,15.688369807478061,,,
adamoe,41,0.06545076249319304,0.20321647060664477,0.18916671318514533,0.20092631241450132,0.2052581419265136,0.20143236186719532,17.241793946453665,,,
adamoe,42,0.010329222378275216,0.1989297673704775,0.1882888052321748,0.2014303950978188,0.20756129641831367,0.20378973588121518,17.03435141001949,,,
adamoe,43,0.01818139923955342,0.19095074681497032,0.1897758549697785,0.200318716033549,0.21116747809116782,0.2077872040905338,16.63497001587429,,,
adamoe,44,0.018565465337355785,0.1841130992919182,0.1906067644076998,0.19787363088792342,0.21378006829277194,0.21362643711968646,16.318244212311576,,,
adamoe,45,0.009002309334915776,0.18273724935614172,0.19204274095115703,0.19983765667835418,0.2106547635610907,0.21472758945325654,16.236560269627947,,,
adamoe,46,0.01076287094908307,0.18667112295674815,0.1891419284986745,0.20128521855228942,0.20931139720673553,0.21359033278555284,16.44870940100532,,,
adamoe,47,0.016259467747943068,0.19480085683071963,0.18848516935747972,0.2001950243289465,0.20688891967473674,0.20963002980811773,16.8601645072243,,,
adamoe,48,0.027119858762545523,0.20766528551401883,0.1891806700554532,0.1963201921942801,0.2031707928925752,0.20366305934367285,17.51153675853887,,,
adamoe,49,0.03228640169847813,0.22102299579889326,0.1919661606198177,0.1945223196355873,0.19612434007503785,0.1963641838706638,18.158881822174735,,,
adamoe,50,0.028233508560003284,0.22687859570519037,0.19693762523217273,0.19781200939693658,0.1896591231099536,0.18871264655574618,18.372680309284526,,,
adamoe,51,0.021200247582754184,0.2229694708221122,0.20248312782196742,0.20286663059851917,0.18753038352830095,0.1841503872291001,18.080069374849764,,,
adamoe,52,0.014825087256085279,0.2168545604762951,0.2027035031782089,0.2074974258991651,0.19009175649945614,0.1828527539468745,17.727050260205846,,,
adamoe,53,0.01880252392127779,0.21207273886955696,0.19808406282430824,0.2088252677422705,0.19497300597943262,0.18604492458443161,17.51836418426261,,,
adamoe,54,0.026743739833606478,0.20927548804685256,0.19217750720725146,0.20415720426522868,0.19996077453646,0.19442902594420772,17.48291018778822,,,
adamoe,55,0.0178208464164899,0.20851314833455128,0.18982961502262413,0.19835701295391234,0.1999629811134015,0.20333724257551117,17.542151817808406,,,
adamoe,56,0.020499541753778244,0.20690961470613214,0.19269274386912066,0.19500573453019765,0.19466802228864633,0.21072388460590388,17.50509737033082,,,
adamoe,57,0.02092066773499418,0.20296139748797504,0.19901732013577278,0.19824105086044091,0.18815590563930626,0.2116243258765055,17.25125622374182,,,
adamoe,58,0.022649288852207378,0.19698414351063373,0.20454423404381983,0.20403878137849765,0.18709668977640234,0.20733615129064714,16.848092135321213,,,
adamoe,59,0.02057011387627755,0.19241041843703227,0.20410527930638614,0.21087798458391657,0.19054254350912225,0.20206377416354357,16.544054982133538,,,
adamoe,60,0.014898617363640815,0.19113064931817159,0.20089558958692655,0.21249461621111332,0.1963752205637458,0.1991039243200433,16.46829988173739,,,
adamoe,61,0.036879320135286026,0.2032318869328399,0.19274225784425125,0.20220828788614575,0.19779297041888763,0.20402459691787633,17.234175487255563,,,
adamoe,62,0.017487855974356176,0.20917241546864612,0.18877182737495757,0.19743479036826117,0.1989949122007708,0.20562605458736483,17.603150276227012,,,
adamoe,63,0.010741209653853112,0.21208056183901455,0.1851412293711951,0.1956947835450969,0.20040003319270883,0.20668339205198474,17.793427011424107,,,
adamoe,64,0.00499133406246946,0.21013514252946244,0.1848320170873682,0.1961562727455084,0.2024342110235321,0.20644235661412905,17.68864185685417,,,
adamoe,65,0.002654297691798979,0.2103754734454667,0.18373970250885063,0.19592143847812654,0.20281276573816345,0.20715061982939298,17.713830462449877,,,
adamoe,66,0.0017273360770481139,0.21096810158746443,0.18398473710234944,0.19557528405877628,0.20283877104119086,0.20663310621021908,17.741531568757946,,,
adamoe,67,0.004049106239061767,0.21198482976009528,0.18226449879598125,0.1952709692456137,0.20341867127820257,0.20706103092010752,17.80995232396746,,,
adamoe,68,0.0030358808057992237,0.2126294871211045,0.1810202419045901,0.1949972857341055,0.20377817088952674,0.207574814350674,17.856275923509298,,,
adamoe,69,0.006692712717720456,0.21046315302677976,0.18436659826344992,0.19482019205107987,0.20352807480509846,0.206821981853592,17.716820625609454,,,
adamoe,70,0.0032337942139866183,0.21092140269616688,0.18274970115645672,0.19550205534999782,0.20362677123784098,0.20720006955953782,17.75072840147488,,,
adamoe,71,0.0024109238530977684,0.2113517317181602,0.18352483406101205,0.19536951318222073,0.20259495521819812,0.20715896582040866,17.769127484710395,,,
adamoe,72,0.002680230463200539,0.21053365296389065,0.18426832419316097,0.1959661382816721,0.20259214933092345,0.20663973523035262,17.715287255413017,,,
adamoe,73,0.004730069123806746,0.21147502642738458,0.1827199813278648,0.19514944658506508,0.20318201819028087,0.20747352746940484,17.783573418629768,,,
adamoe,74,0.003697298393537579,0.21241064184568184,0.182581953099834,0.19393626421645604,0.20268457959015163,0.20838656124787608,17.84523317109144,,,
adamoe,75,0.0025565981637201696,0.21153981899119403,0.1822799900339745,0.19408498131166707,0.20381416157680055,0.20828104808636316,17.799557877687306,,,
adamoe,76,0.0036461534822301578,0.21027970860853493,0.18284514320136586,0.1953429048853908,0.2034960492565963,0.20803619404811144,17.72263543583937,,,
adamoe,77,0.0035522731422592824,0.20988389307262806,0.18462127977249543,0.19523676676966237,0.20305333981058915,0.2072047205746242,17.68560463115803,,,
adamoe,78,0.0019294485059428435,0.2101891185874158,0.18386280669177352,0.19587086300189438,0.20284708863834003,0.20723012308057626,17.70397385453885,,,
adamoe,79,0.0029729755649699208,0.21045583429584608,0.18237631890928857,0.19630476040822353,0.20353762753717336,0.20732545884946846,17.725960474537494,,,
adamoe,80,0.0030021108641974936,0.2106090146099482,0.1834994955405581,0.1955327590536841,0.20280857345961406,0.20755015733619558,17.73200086622254,,,
adamoe,81,0.011245671931390616,0.21623185057564337,0.18328998151295606,0.19467738656966355,0.20073516325860674,0.2050656180831301,18.017297971734617,,,
adamoe,82,0.021826988394328867,0.21209009760892766,0.1942034757101203,0.19420191997772468,0.19870359945201366,0.20080090725121313,17.704352989860034,,,
adamoe,83,0.013225854852864621,0.20808796045069022,0.1964653505101962,0.19855297260408133,0.19826936513629492,0.19862435129873723,17.446028369500237,,,
adamoe,84,0.010641710159193185,0.20625393644277,0.19297851943851976,0.20245709445185253,0.19946250583366537,0.1988479438331921,17.355694743860624,,,
adamoe,85,0.005614820411361965,0.20511177655021867,0.19131326912539007,0.20261011689175873,0.2013061402741651,0.19965869715846712,17.31021495495148,,,
adamoe,86,0.0053924854983272985,0.20517169798161228,0.18903447313793084,0.20219267013005449,0.20288133318408808,0.20071982556631437,17.33616125264185,,,
adamoe,87,0.00521566648003724,0.20608838638669366,0.1885217384670021,0.20009757156096442,0.20345837125662997,0.20183393232870953,17.404001287749857,,,
adamoe,88,0.005249812924853159,0.20723234939154161,0.18800637460784442,0.1985721247382604,0.2028742754760651,0.20331487578628818,17.484191901655613,,,
adamoe,89,0.003915120626424323,0.20841450786057447,0.1863333020577463,0.19870404949862527,0.202589787712951,0.20395835287010255,17.560861376360183,,,
adamoe,90,0.0009478769066619264,0.20873691956508988,0.1863097506323427,0.19860152467125142,0.2022419255123975,0.20410987961891813,17.579561291803127,,,
adamoe,91,0.005195700623083305,0.20805419088656218,0.1884527999001959,0.19905632571494003,0.20164146891024073,0.2027952145880611,17.519496516843287,,,
adamoe,92,0.0014814348063700578,0.20787354092030036,0.18894671316020845,0.19877707818899226,0.20188827305341334,0.2025143946770858,17.506109839798302,,,
adamoe,93,0.0059336158114403625,0.2066904213381774,0.18932595752757286,0.20136464172734775,0.20182606311604856,0.20079291629085308,17.418728432884542,,,
adamoe,94,0.007675199242481223,0.20502511137370813,0.19159323537257011,0.20279596034248354,0.201965066277156,0.1986206266340816,17.295932035639744,,,
adamoe,95,0.005309072083510641,0.20348108003979515,0.19214879876269847,0.20331255132814485,0.20354744794312146,0.19751012192623907,17.20092509770404,,,
adamoe,96,0.0070738136406517105,0.2008139223074401,0.19342234745810816,0.2045207679693312,0.2046025894268516,0.19664037283826857,17.041003335536228,,,
adamoe,97,0.00662755228380546,0.19847905955934753,0.1944229451582428,0.2058126650954668,0.205623870742484,0.19566145944445834,16.8992320414253,,,
adamoe,98,0.007352844929038538,0.1964331758206554,0.19279240643241602,0.20679635737673827,0.2071357610359186,0.19684229933427191,16.80491454573319,,,
adamoe,99,0.005224659650019919,0.1938208459956456,0.1930232064860683,0.20783559808079838,0.20822795648225612,0.19709239295523215,16.66266995721624,,,
adamoe,100,0.007596012138323227,0.19136466756777448,0.1916813788447777,0.2089664307575943,0.20937502865038554,0.1986124941794683,16.546660844249285,,,
adamoe,101,0.09620384957095518,0.23207755378740239,0.17878778318547695,0.18814974273758828,0.19498338754421463,0.20600153274531788,18.916795409886337,,,
adamoe,102,0.045024703011622536,0.22782110311998044,0.2013001346912881,0.184790844265664,0.18616257415790782,0.19992534376515952,18.527031686504692,,,
adamoe,103,0.03174118592433245,0.2194328720380209,0.2079940610859393,0.19396751083317904,0.1839713489130527,0.19463420712980797,17.96854725807541,,,
adamoe,104,0.030213886170438964,0.21152319243265702,0.20387901330462493,0.20676598938399524,0.18627981344745648,0.19155199143126722,17.50125510158597,,,
adamoe,105,0.01775664866896387,0.20654574596065894,0.2020042200032881,0.21240410541911942,0.18952002174681382,0.18952590687011978,17.211964142309558,,,
adamoe,106,0.013744801618741781,0.20351490281659343,0.1985681530460057,0.2133477682363249,0.19544875973897924,0.18912041616209682,17.065332771192796,,,
adamoe,107,0.012418493051826934,0.20138133291048332,0.1969181198199249,0.21092212484260253,0.20106431445022532,0.1897141079767644,16.97601218180301,,,
adamoe,108,0.015952806013198845,0.19918884351682278,0.19315417798687812,0.20890215306271015,0.20852789641456765,0.19022692901902122,16.894063529352646,,,
adamoe,109,0.0074976122406748,0.19771655791925313,0.19355359168411093,0.20662563253994243,0.21044456794562566,0.19165964991106782,16.832771038833453,,,
adamoe,110,0.0054560914624537105,0.19706748960623127,0.19204100728420093,0.20605923952164726,0.21127154514614968,0.19356071844177047,16.823018976430852,,,
adamoe,111,0.007850988524914893,0.1976645721877897,0.18951550961707722,0.20465924292631346,0.21137249116423307,0.19678818410458604,16.898009585277237,,,
adamoe,112,0.004645067114068174,0.1964912010053093,0.18963641220566083,0.20485022940911463,0.21022332878967914,0.19879882859023512,16.848406062542608,,,
adamoe,113,0.0060086069311914014,0.1963643190018166,0.18841914591484804,0.20431894195191924,0.2090944610755846,0.2018031320558311,16.87214018819033,,,
adamoe,114,0.005067041103966274,0.1958813307397736,0.1879302312553629,0.20341014366186472,0.2084416417351842,0.2043366526078143,16.870845135283062,,,
adamoe,115,0.007305284357195074,0.19675506313487018,0.18703405948399673,0.20150284322414436,0.2075924717656731,0.20711556239131518,16.949611553086765,,,
adamoe,116,0.0023409481667934218,0.19651719613767776,0.18704998455244767,0.2010611816638585,0.2071015262397544,0.20827011140626067,16.94675754117062,,,
adamoe,117,0.00243199177705708,0.1953012002491492,0.18745491447043655,0.2011554287509181,0.20713254898479672,0.2089559075446984,16.884303764191497,,,
adamoe,118,0.004648089206256478,0.1967726347825322,0.18701808363634453,0.1997303755664464,0.2066703884002325,0.20980851761444394,16.97657926269146,,,
adamoe,119,0.004271856334132573,0.19836143497257652,0.18518447680292324,0.19945630147020588,0.20664214116282836,0.21035564559146624,17.076713505988458,,,
fixed_share,4,,0.2,0.2,0.2,0.2,0.2,17.0,,,
fixed_share,5,0.12681994097743837,0.218209176419306,0.13659002951128082,0.2087824412308012,0.218209176419306,0.218209176419306,18.43788064316747,,,
fixed_share,6,0.08619749099720969,0.23257542491884095,0.09377872356832512,0.20849500167515203,0.23257542491884095,0.23257542491884095,19.557873147019897,,,
fixed_share,7,0.0713349105794824,0.24446457668208801,0.0652752604998152,0.20133100945392074,0.24446457668208801,0.24446457668208801,20.470899000110705,,,
fixed_share,8,0.05406610365374428,0.2534755939577121,0.048558015727555214,0.19101520239930864,0.2534755939577121,0.2534755939577121,21.15312673350016,,,
fixed_share,9,0.048786388966457685,0.2628488464683126,0.0356021690354754,0.17957785460815961,0.2591222834197399,0.2628488464683126,21.839006355453265,,,
fixed_share,10,0.03446390580843555,0.26964495280484335,0.028236698585165802,0.16971137215425142,0.2627620236508961,0.26964495280484335,22.3304314881626,,,
fixed_share,11,0.02062403010751008,0.27480096033172086,0.02531498926395799,0.16252758636138107,0.2625555037112192,0.27480096033172086,22.68605733887398,,,
fixed_share,12,0.03146147855144181,0.2826663299695813,0.023328081969310296,0.14971522285496336,0.2616240352365637,0.2826663299695813,23.221150414939164,,,
fixed_share,13,0.02485614636610937,0.28888036656110866,0.022496248160968027,0.13975965567442483,0.25998336304238984,0.28888036656110866,23.638805882003012,,,
fixed_share,14,0.018676283697621022,0.29352962843851366,0.022459424593275903,0.13045833739330653,0.26002298113639044,0.29352962843851366,23.95518780917794,,,
fixed_share,15,0.016287826535448066,0.2976015850723756,0.021666507235528567,0.1232005891261151,0.25992973349360504,0.2976015850723756,24.233293704424902,,,
fixed_share,16,0.022127365528835197,0.3036418399488864,0.020828646316263542,0.11526253235252756,0.25764196842204,0.30262501296028244,24.625370600705264,,,
fixed_share,17,0.02273689457865345,0.3098955669923928,0.021143609537101555,0.10740950341998755,0.25412655006525336,0.3074247699852648,25.019938769591114,,,
fixed_share,18,0.017793864395028742,0.3156202146493903,0.020108714906626857,0.10203092830815362,0.2516430876100476,0.3105970545257817,25.37327475542578,,,
fixed_share,19,0.01233810804896257,0.319896175306068,0.02005242812818031,0.09775514009714138,0.24980610857502508,0.3124901478935852,25.63059319731905,,,
fixed_share,20,0.010769891730609313,0.3228066835404345,0.021056148013518045,0.0947596986352851,0.24741660417157676,0.3139608656391857,25.80110460449508,,,
fixed_share,21,0.013128522836521741,0.32766195310722085,0.020932963653219592,0.09128431878446114,0.24445090696443822,0.3156698574906601,26.085037460060164,,,
fixed_share,22,0.0125905515286692,0.33333216813486666,0.020519427404618137,0.08764339157954838,0.2422100946536178,0.3162949182273489,26.406979207993473,,,
fixed_share,23,0.013511965714572041,0.3378948641955882,0.02054204331628534,0.08389702014532098,0.23920048323055926,0.31846558911224626,26.6788465856729,,,
fixed_share,24,0.010018340183429113,0.34140627912762267,0.020590692512297427,0.08135105931554584,0.23673727396861985,0.31991469507591425,26.884987266959435,,,
fixed_share,25,0.012852713984812893,0.3468735237099005,0.020577804620747764,0.07884814596272197,0.2328267182205869,0.32087380748604283,27.19155399745165,,,
fixed_share,26,0.011404040601573434,0.3515409425758138,0.02161240605562116,0.0769017115818159,0.22921059948372802,0.32073434030302106,27.439529055978287,,,
fixed_share,27,0.011824834644596955,0.3566263915616717,0.0213118647445568,0.07530596127011394,0.22519447378419585,0.32156130863946164,27.723032879697037,,,
fixed_share,28,0.013558756609298128,0.3621888906837864,0.021452519965841,0.07268209786299858,0.22103895888666217,0.3226375326007118,28.035030423198624,,,
fixed_share,29,0.010522361035871973,0.3672214017578295,0.020123301759458895,0.07191886595852962,0.21787022847957727,0.3228662020446047,28.314382433086326,,,
fixed_share,30,0.009051678952122867,0.37111316230524816,0.020757380688101672,0.07167578894799219,0.2143934713810878,0.32206019667757013,28.512171539000565,,,
fixed_share,31,0.02924123890661508,0.3812010625766314,0.018246160650263066,0.06357924465141807,0.21038061626219307,0.3265929158594945,29.126012785070674,,,
fixed_share,32,0.12146004368513268,0.33549566279558185,0.03394501586537277,0.08880192224244676,0.23018910529862102,0.31156829379797774,26.403370400589658,,,
fixed_share,33,0.18699758674571065,0.2611378544576137,0.04568963406526902,0.1394481955123471,0.2612970072016797,0.2924273087630905,22.05536686115416,,,
fixed_share,34,0.23837187911124552,0.17909276542283573,0.05065140161178015,0.22504574977210362,0.2899236249510348,0.2552864582422457,17.07483036634692,,,
fixed_share,35,0.19448754127664797,0.12089967518259978,0.04738810077447213,0.29521010793638086,0.3170030374250815,0.21949907868146568,13.479007299055692,,,
fixed_share,36,0.16169804899379167,0.07926828569612734,0.04240016911033775,0.3461060287241943,0.34695614113416395,0.18526937533517673,10.859279639682184,,,
fixed_share,37,0.11712948390927869,0.053765252235135154,0.03691160629658559,0.37246692806185155,0.379159983751146,0.15769622965528168,9.242094626022215,,,
fixed_share,38,0.07968419647474041,0.040087501804030146,0.031654619073094616,0.37706211182441585,0.4144068982259519,0.13678886907250742,8.383983517384918,,,
fixed_share,39,0.06824876329996399,0.03305582308024036,0.02856285195463812,0.36270991653406903,0.44853127987593394,0.12714012855511858,8.019722745274464,,,
fixed_share,40,0.0647123278781026,0.028321697750048724,0.025601168473939034,0.344838813412116,0.4808874438149852,0.12035087654891102,7.810543852102861,,,
fixed_share,41,0.11043833469226713,0.04591322357938033,0.023352198503163266,0.30782708061148545,0.46492897924025794,0.15797851806571298,9.167828962702227,,,
fixed_share,42,0.042655140823794804,0.04702851393134227,0.021302540040885012,0.2885491686618663,0.47368389006974326,0.16943588729616313,9.396550534541507,,,
fixed_share,43,0.07786305239360446,0.04155766589262733,0.021281438818793876,0.25510959172587017,0.4997022445317859,0.18234905903092272,9.330872705709464,,,
fixed_share,44,0.09683871396000358,0.03520753397739299,0.02119002073547896,0.21313178474441768,0.527567529302048,0.2029031312406625,9.306653956095923,,,
fixed_share,45,0.042091471010896137,0.03187260062144381,0.021885879527871504,0.19663509016165787,0.5263534217353089,0.22325300795371797,9.334163250798687,,,
fixed_share,46,0.0310632041362878,0.03242801507480033,0.020844970916677148,0.18214439670470833,0.5270323844350131,0.23755023286880111,9.52788901672713,,,
fixed_share,47,0.02891227099846988,0.03746611417867977,0.021390371418031538,0.16768826120547342,0.5295173727299853,0.24393788046783002,9.894173941414756,,,
fixed_share,48,0.03968270395139593,0.05097357173732514,0.021923838946686737,0.15078226615309162,0.5353177996183827,0.2410025235445138,10.65394486859734,,,
fixed_share,49,0.06696649687432721,0.08150042356387029,0.023515662252433053,0.15214683945796378,0.509225335523244,0.23361173920248887,12.205123291956093,,,
fixed_share,50,0.1464011631009378,0.1288892534688623,0.027055918539710143,0.17441833481616356,0.4616158964055234,0.20802059676974055,14.42726576073497,,,
fixed_share,51,0.15377755981391553,0.174661568875531,0.03031413906474289,0.2022765787914199,0.418908089776624,0.1738396234916822,16.482949365290782,,,
fixed_share,52,0.11558028541301898,0.20499086590278365,0.03145487825046988,0.22859668528494972,0.3937425075919205,0.14121506296987624,17.74990532299405,,,
fixed_share,53,0.05079387117686644,0.22333237346775792,0.028506364897841717,0.23565211330840868,0.38970285048704595,0.12280629783894571,18.582613236043105,,,
fixed_share,54,0.05156575048092588,0.23604846684233188,0.02410029649741935,0.21427530646836815,0.400657630114539,0.1249183000773417,19.383293838326995,,,
fixed_share,55,0.07700211233857446,0.25685336669871967,0.02207399470641313,0.1848321324506799,0.39362604975394616,0.1426144563902411,20.73975713172263,,,
fixed_share,56,0.12541508434122706,0.2825279527268944,0.022577666310159103,0.16780358809012821,0.3479470519438844,0.179143740928934,22.421307330806474,,,
fixed_share,57,0.12810998056803574,0.29595538805585575,0.02595350062966069,0.17415180777896305,0.28389206165986647,0.22004724187565403,23.373638025196115,,,
fixed_share,58,0.10096717153001153,0.277408355416957,0.029084849064344227,0.19645834914855967,0.2519555085337594,0.24509293783637962,22.457950910973075,,,
fixed_share,59,0.08004277553477918,0.24364944743686828,0.029944466761383827,0.2329613645479854,0.2456930287464586,0.2477516925073039,20.5361703029449,,,
fixed_share,60,0.07479956012813044,0.21380190958027182,0.029291523617367712,0.25600043912936804,0.26005373422914113,0.2408523934438512,18.817717063639687,,,
fixed_share,61,0.11594269735019128,0.23700058492699363,0.023663669415004147,0.20365694465663597,0.2663798729389642,0.26929892806240197,20.489513702450907,,,
fixed_share,62,0.09871416203711678,0.26285605213250846,0.020589110006886263,0.1697911420550743,0.25396315393008534,0.2928005418754455,22.17827532788945,,,
fixed_share,63,0.07965835763079351,0.2849671869928601,0.01745284253578675,0.14946938973194193,0.23759199490892055,0.3105185858304907,23.57429639729253,,,
fixed_share,64,0.03783954464624545,0.2918111911305647,0.0168426045630529,0.13668244011058026,0.23206941017989333,0.3225943540159088,24.076368220210654,,,
fixed_share,65,0.04146186010130818,0.3000225276916415,0.01661612790898806,0.12312620658497131,0.22512119030891306,0.3351139475054861,24.654790006401587,,,
fixed_share,66,0.02900281779766304,0.30852369287465886,0.01659149408331758,0.11029335647857033,0.22347726534215298,0.34111419122130027,25.198832670491832,,,
fixed_share,67,0.02371990881248165,0.3173286807996381,0.01618617669332937,0.09979427682398813,0.22252170798048257,0.34416915770256185,25.731310018842823,,,
fixed_share,68,0.02198842478917164,0.3274005444467098,0.015622747023313555,0.08967773993275434,0.22220746214714635,0.34509150645007597,26.315421958955252,,,
fixed_share,69,0.013654277121490692,0.33007158157197475,0.01713166404732105,0.0841909423140843,0.2248546465586192,0.3437511655080006,26.4604982283304,,,
fixed_share,70,0.013913408952917206,0.3368987509309465,0.01660308715695707,0.07960770970288811,0.22498418167610604,0.3419062705331022,26.830928331318585,,,
fixed_share,71,0.019446467812155276,0.34590970368517515,0.016367418632842596,0.0742957197096794,0.2208086062873516,0.3426185516849512,27.33615676647317,,,
fixed_share,72,0.006633496054086797,0.3492264517122185,0.016308035404559676,0.07159802105661711,0.22044710021231945,0.3424203916142851,27.521704385393747,,,
fixed_share,73,0.015428787851833492,0.354473121401978,0.016008473894543435,0.06667536416064114,0.21795492469239494,0.3448881158504424,27.838539945248105,,,
fixed_share,74,0.026309180420566975,0.36241818077190435,0.015457552064656845,0.06110937871821853,0.21091724175442075,0.3500976466907996,28.321664280485717,,,
fixed_share,75,0.007531133265709426,0.36343098939937185,0.015605130612559692,0.05841168603740349,0.20984936780238106,0.35270282614828397,28.403484693379724,,,
fixed_share,76,0.010041468552165624,0.3608749012320822,0.016367100104429357,0.05788718433575288,0.20790922339523846,0.3569615909324971,28.29534956385825,,,
fixed_share,77,0.005993031553814202,0.36252610131461754,0.016878416261685614,0.05710731510178644,0.20569257685229778,0.35779559046961257,28.388752744984757,,,
fixed_share,78,0.008425685120701094,0.3658143446111375,0.016492262797572557,0.056819818747313504,0.2021533841105332,0.35872018973344316,28.5729687407497,,,
fixed_share,79,0.0033347793448724253,0.36733648191559837,0.016043711758274085,0.05670305736827404,0.20105130685643496,0.3588654421014185,28.657817136213904,,,
fixed_share,80,0.013996348293194013,0.3711516605070384,0.015878672781106527,0.054958115259305856,0.19596311379597373,0.3620484376565755,28.8902725727452,,,
fixed_share,81,0.07209437340612496,0.40678174214260515,0.01629577784860218,0.05258292096728454,0.18191154248948402,0.342428016552024,30.64832209846149,,,
fixed_share,82,0.04871647212316507,0.4260209916805099,0.02059416415025717,0.053403521189307426,0.17644389091467977,0.32353743206524577,31.506695513864972,,,
fixed_share,83,0.03304918861659241,0.4339858627550201,0.02271677627362433,0.059840632299726235,0.17563735621017795,0.30781937246145136,31.780323146405575,,,
fixed_share,84,0.021585399783132914,0.435766496828653,0.02190271133349013,0.06604711628480384,0.178442938043034,0.29784073751001916,31.784904761348585,,,
fixed_share,85,0.019688900949089632,0.43317244205703925,0.02196337975805068,0.06991833535325384,0.18435550102456816,0.290590341807088,31.580818201711377,,,
fixed_share,86,0.01632454127578301,0.4303926026022795,0.021256810115724258,0.07205023412998114,0.19038587288573247,0.28591448026628274,31.396467502570523,,,
fixed_share,87,0.007364363332549868,0.4308016237596087,0.02104655871460731,0.07113772573044054,0.19365903339467816,0.28335505840066527,31.40514121285451,,,
fixed_share,88,0.010771062665726007,0.435102978921916,0.020667021942025056,0.06984902832768572,0.18994173623715224,0.28443923457122094,31.648134279897203,,,
fixed_share,89,0.00998003698508907,0.43986554618230445,0.020013003562909748,0.06965374994421233,0.18580101450719635,0.284666685803377,31.906847727131467,,,
fixed_share,90,0.0092846331972736,0.4443264151633881,0.01958449512238611,0.06983519756176554,0.18244200483775258,0.2838118873147077,32.139135453881146,,,
fixed_share,91,0.013275903824878706,0.44874352685965335,0.020170108622989687,0.07147042427733602,0.18109606430478817,0.2785198759352327,32.32614370626097,,,
fixed_share,92,0.010374148876092087,0.453379991457033,0.02044706098283993,0.07174408175815221,0.18102830429961866,0.2734005615023562,32.533284784809595,,,
fixed_share,93,0.021986492690513684,0.45634435887063435,0.02082174902766077,0.07665313286127846,0.18377344408332708,0.26240731515709936,32.59155920063224,,,
fixed_share,94,0.0268489308114771,0.4561500238328996,0.021266919270623318,0.0825258132129788,0.19088005889440268,0.2491771847890955,32.46248678819169,,,
fixed_share,95,0.03830439006770514,0.450790114162482,0.022089799146875082,0.08759999038234137,0.20413519688264095,0.23538489942566057,32.05663159018055,,,
fixed_share,96,0.05625441642779055,0.4324895266528952,0.023591999281829062,0.09604137989508503,0.22231881544883864,0.22555827872135215,30.975135348381595,,,
fixed_share,97,0.06769028485413699,0.4082213973217957,0.02421236249155216,0.10596973835031286,0.24561523621095613,0.21598126562538308,29.57844978908229,,,
fixed_share,98,0.07526401149061532,0.37326713409989315,0.023899973119519434,0.11593958942530248,0.2732773908812742,0.2136159124740107,27.671311298194084,,,
fixed_share,99,0.09183089479673107,0.32898382624280315,0.024254911589207798,0.12810797853106634,0.3066695107041875,0.2119837729327352,25.262067817738203,,,
fixed_share,100,0.10279411975432194,0.27821281666843106,0.023628861286418917,0.14182528191573548,0.3420121390644142,0.21432090106500037,22.53645129550039,,,
fixed_share,101,0.3392428424162143,0.42546189349022573,0.015918594725802888,0.0779741792918975,0.24395208704076107,0.2366932454513129,30.798924787618745,,,
fixed_share,102,0.1944958709938222,0.516149302504344,0.022479121208595684,0.06544721084136366,0.1772869218623021,0.21863744358339454,35.48971156719696,,,
fixed_share,103,0.12134008710589317,0.566057585491688,0.026723985709013375,0.0719641069065484,0.14394548535036036,0.19130883654238962,37.89201354497592,,,
fixed_share,104,0.0734373715228592,0.585608965349623,0.027797659400747583,0.08805773911830883,0.13207223846169322,0.16646339766962717,38.68350203433969,,,
fixed_share,105,0.04381688731643043,0.5888085043911091,0.028844263781208718,0.10572003935457694,0.13019865788102902,0.14642853459207625,38.635904734767756,,,
fixed_share,106,0.04834969796111497,0.5807556968873465,0.02805519989358498,0.12099625121669497,0.1390972949994685,0.1310955570029051,38.04540462982141,,,
fixed_share,107,0.05249589042883361,0.5638546561255585,0.02758119894108272,0.13082536888882454,0.15551612254175579,0.12222265350277861,37.05106667997226,,,
fixed_share,108,0.08228557682011584,0.5311943485852346,0.026025761709537715,0.14068721242713703,0.18679706741350108,0.11529560986458945,35.24146632410378,,,
fixed_share,109,0.06798494562923064,0.49914677377313027,0.026255445338126973,0.1459940337933615,0.21525303523330264,0.11335071186207846,33.50672518580824,,,
fixed_share,110,0.07249502114568186,0.4628992632002894,0.026582178168974256,0.15272981893941767,0.24357272903758273,0.11421601065373592,31.562760679419974,,,
fixed_share,111,0.0676991423296367,0.43077785341912234,0.024854016785322938,0.15423345822146334,0.27061931822494495,0.11951535334914636,29.901775771059718,,,
fixed_share,112,0.0752600504203868,0.393147828208929,0.025081582461697977,0.16086241738818996,0.29409254018203795,0.12681563175914518,27.930605153064306,,,
fixed_share,113,0.06784645075293771,0.3599322944575514,0.024373890836606654,0.1632211503977143,0.31433042172281755,0.13814224258531005,26.2442793577369,,,
fixed_share,114,0.07220801178783633,0.3241453214569903,0.02405685794324962,0.1642625542089052,0.3348815549530441,0.15265371143781076,24.44688665279004,,,
fixed_share,115,0.06813748638993908,0.2962748971502623,0.0233873168793942,0.15873377638451908,0.3510768431419048,0.17052716644391958,23.121000707256897,,,
fixed_share,116,0.06431078707759688,0.26784874776202333,0.02345741321323168,0.1550045322339596,0.36603054354794473,0.18765876324284061,21.74883236587189,,,
fixed_share,117,0.06344442866312142,0.23766347365798415,0.02359425494979568,0.15346759200643809,0.3805817168717826,0.20469296251399946,20.273578943746628,,,
fixed_share,118,0.057532181496272546,0.21751803991291765,0.02316310855748053,0.14527808139568346,0.390402305469207,0.22363846466471132,19.373834391109998,,,
fixed_share,119,0.05088069775309757,0.2009843800646137,0.021791902889067898,0.1377425980358512,0.3977851791022524,0.24169593990821464,18.662321913304215,,,
learn_alpha,4,,0.2,0.2,0.2,0.2,0.2,17.0,,,
learn_alpha,5,0.1189818965049983,0.21708376716993238,0.14050905174750095,0.2082396467427021,0.21708376716993238,0.2170837671699324,18.34901313274013,,,
learn_alpha,6,0.07803355617349696,0.2300893598655152,0.10187707183088228,0.20785484857257225,0.2300893598655152,0.2300893598655152,19.362679766655333,,,
learn_alpha,7,0.06376071860103505,0.24071614629902102,0.07655143338498334,0.20130012771795364,0.24071614629902102,0.24071614629902108,20.178459666759547,,,
learn_alpha,8,0.04769687245258972,0.2486656250411193,0.06193373253452704,0.192069392342115,0.2486656250411193,0.2486656250411193,20.780057537891537,,,
learn_alpha,9,0.04417388600770426,0.2571860765839486,0.04987509748237992,0.1820410843904101,0.25371166495931297,0.2571860765839486,21.403749672580997,,,
learn_alpha,10,0.030994846323764147,0.26329690056035016,0.042939021247038744,0.17347973746386922,0.25698744016839187,0.2632969005603502,21.846260956283302,,,
learn_alpha,11,0.018074930230129335,0.2678156331178825,0.040448239414525064,0.16726530135505713,0.2566551929946529,0.2678156331178825,22.15718734516557,,,
learn_alpha,12,0.02916226127930223,0.275106198437708,0.03837809665956382,0.15546127138587132,0.25594823507914877,0.275106198437708,22.65425824076161,,,
learn_alpha,13,0.022675421572430215,0.28077505383081564,0.03748116341170438,0.146368482334987,0.2546002465916775,0.2807750538308156,23.036142320038763,,,
learn_alpha,14,0.017438594719817048,0.2850093303860212,0.03740604667871438,0.1377243017080684,0.25485099084117474,0.2850093303860212,23.325226336256712,,,
learn_alpha,15,0.015947308291606517,0.28889918277130755,0.036169740289574884,0.13098695395140464,0.25504494021640534,0.28889918277130755,23.592984708735386,,,
learn_alpha,16,0.02170558932467706,0.2948009075777216,0.034823806220644585,0.12332768145699993,0.2531973521174018,0.293850252627232,23.979146306858,,,
learn_alpha,17,0.02170302518652932,0.3007619333083197,0.035092517271642046,0.11561217406202799,0.2500613469191091,0.29847202843890114,24.356682864535284,,,
learn_alpha,18,0.018043044785884733,0.3064504331556567,0.033399174615654455,0.11029806629960469,0.24804727494457765,0.30180505098450655,24.712921001249004,,,
learn_alpha,19,0.012793726964689327,0.310736952825005,0.033084632874417264,0.10578207932537159,0.2464809401777033,0.3039153947975029,24.974830148759796,,,
learn_alpha,20,0.011425449932555953,0.31370806555058756,0.03414498280590378,0.1023329470925749,0.244217347444222,0.3055966571067118,25.151502388722403,,,
learn_alpha,21,0.014267969138949559,0.3187398249309052,0.03363428191083793,0.09843628867514206,0.2414907221872459,0.30769888229586895,25.451552051243464,,,
learn_alpha,22,0.014085006196461115,0.3246289080791424,0.03278279190668362,0.09432092557139357,0.23941507219691816,0.3088523022458623,25.79331779018991,,,
learn_alpha,23,0.01505237556375872,0.3295057102112244,0.03249574108091007,0.09001622524872824,0.23648063556347762,0.31150168789565963,26.089275108984136,,,
learn_alpha,24,0.011739434542722221,0.33343074996309646,0.032232294436690366,0.08690666446721373,0.23398392571785082,0.31344636541514875,26.324933881461156,,,
learn_alpha,25,0.014819621633929338,0.33932609575308986,0.03186994024287795,0.08380213668975174,0.2300409968721605,0.31496083044212,26.66258069979233,,,
learn_alpha,26,0.012775880332932754,0.3443723241971231,0.03285943329282974,0.0812129237862334,0.22624226960921243,0.3153130491146013,26.93691623134782,,,
learn_alpha,27,0.014422011097404978,0.3500999282254933,0.03202375500309259,0.07895936054702152,0.222120505589459,0.3167964506349336,27.26489137818904,,,
learn_alpha,28,0.015656255374935972,0.35628372055175,0.03181165307461098,0.0757154175635924,0.2177484228139017,0.31844078599614484,27.618391102513726,,,
learn_alpha,29,0.013428112708820765,0.36210621431388224,0.029838006430686494,0.07438126634763459,0.21434216431937358,0.31933234858842297,27.950402694780063,,,
learn_alpha,30,0.01046091102335888,0.36681063980608125,0.03036403645016697,0.07330780524830474,0.21040982438466452,0.3191076941107825,28.199302328803565,,,
learn_alpha,31,0.02690320108204404,0.3761915215380369,0.027672531909640044,0.06658366923922979,0.20637386439324443,0.3231784129198489,28.76802966354014,,,
learn_alpha,32,0.13589989053866752,0.326984882298857,0.05110191617829819,0.0938567664393411,0.22362132819380864,0.30443510688969494,25.77920594724013,,,
learn_alpha,33,0.188419082560585,0.25423717732718953,0.06858831186494747,0.14387085223422771,0.25033038799256535,0.28297327058107,21.46837001228194,,,
learn_alpha,34,0.21599107502178003,0.18062221174420684,0.07688202383014175,0.21964144536044022,0.2742616204120485,0.2485926986531626,16.97326818859249,,,
learn_alpha,35,0.15614321031339895,0.13273460026888476,0.07511848791700529,0.27308531632333655,0.29888935460585164,0.22017224088492168,14.033087307649966,,,
learn_alpha,36,0.12452504002404872,0.09931974416092453,0.07154708210469218,0.30622241266014877,0.32801477828106385,0.19489598279317072,11.974046176812447,,,
learn_alpha,37,0.08947358445440289,0.07878712074454107,0.06680755934298911,0.3186855016224613,0.3602884815459528,0.1754313367440558,10.728149394121289,,,
learn_alpha,38,0.07042948878589757,0.06769827105904273,0.06127536160411623,0.3147182814866784,0.3955032259389015,0.1608048599112611,10.087117089936681,,,
learn_alpha,39,0.06359790740516733,0.061827793002271626,0.058030254198301906,0.2972415558062297,0.4273021796414852,0.1555982173517116,9.828912802167647,,,
learn_alpha,40,0.06024378687628299,0.056816076354342354,0.05396488205459357,0.279887778887935,0.45742407307962674,0.15190718962350244,9.631261966265361,,,
learn_alpha,41,0.14164009442073422,0.08700286271746716,0.05114370121110326,0.2429022124068202,0.42641077319386467,0.1925404504707447,11.680463820427072,,,
learn_alpha,42,0.03379449981418316,0.08697749279334566,0.04867858955649322,0.22849544407846017,0.4318805704320505,0.20396790313965044,11.831529126372073,,,
learn_alpha,43,0.06790305620135473,0.0767636067167479,0.04891132533748589,0.2047578020543806,0.4535007480077533,0.21606651788363238,11.468437620930628,,,
learn_alpha,44,0.08183190229134822,0.06611812754008159,0.04813999531626345,0.17525866010659516,0.4756014242176687,0.234881792819391,11.1585586970361,,,
learn_alpha,45,0.03598852264020313,0.06116591113089935,0.048951577079082494,0.16565376018670952,0.4721642792266351,0.2520644723766736,11.049920093353048,,,
learn_alpha,46,0.022754911860279767,0.062457061238474755,0.04651025668890767,0.15741153740613487,0.47147036646724466,0.26215077819923804,11.236572003275842,,,
learn_alpha,47,0.019347063051086168,0.07042647881603446,0.047368208931434716,0.14854344695339577,0.4706649253944407,0.2629969399046944,11.695198915180496,,,
learn_alpha,48,0.04402051774703346,0.0910546263573204,0.04875032026366542,0.13783386942125347,0.46841098173029605,0.25395020222746456,12.759709213263225,,,
learn_alpha,49,0.1022095209216515,0.1338255244308438,0.0531392371485289,0.14177881492369235,0.43201557369320887,0.239240849803726,14.88148806087486,,,
learn_alpha,50,0.1660446038357951,0.18917984347993294,0.06150589991513018,0.16108013502589957,0.37935210114335055,0.20888202043568685,17.475349907891875,,,
learn_alpha,51,0.1434442866009074,0.23068971034673708,0.06933149388235804,0.18346681749232124,0.3394322017381852,0.17707977654039841,19.316256850896423,,,
learn_alpha,52,0.08601392236748043,0.24930023609083507,0.07302401457367469,0.20417073224064683,0.3216378764604261,0.15186714063441736,20.021155480850545,,,
learn_alpha,53,0.02897890659763752,0.2560244925903021,0.06898940763667813,0.20986191498934204,0.3237118905110826,0.14141229427259516,20.30580006141674,,,
learn_alpha,54,0.0473731368235884,0.2577343589264524,0.06184674968605408,0.1933180045281719,0.3370563503828381,0.15004453647648358,20.565880262208353,,,
learn_alpha,55,0.05917103223312854,0.2657421511135828,0.05914012712250001,0.17089585781481487,0.3325996035431849,0.17162226040591744,21.24726563786705,,,
learn_alpha,56,0.09665520671831648,0.2750980508338964,0.06156514506683604,0.1593322391651375,0.295835618833704,0.20816894610042605,22.030659489837927,,,
learn_alpha,57,0.1028440993904245,0.27272047131902943,0.06998615050590251,0.16737476813891225,0.24679114865335874,0.24312746138279712,22.066661233997074,,,
learn_alpha,58,0.0898459654280281,0.24860585794517714,0.07741014061014957,0.18843604904446715,0.225982779313197,0.2595651730870092,20.77486164286469,,,
learn_alpha,59,0.06792290641019912,0.21867313735810245,0.07953221710848501,0.21939464936524114,0.2268635556991871,0.2555364404689843,19.023659463150445,,,
learn_alpha,60,0.06767861093582267,0.19624048168285457,0.07841341233209911,0.2361128333287898,0.24398467720354977,0.24524859545270677,17.702553890052485,,,
learn_alpha,61,0.1102257305022627,0.2187980790199816,0.0670422515424266,0.19237112886733096,0.25252084608799974,0.2692676944822611,19.30943402471097,,,
learn_alpha,62,0.07569730700258376,0.23970897135445202,0.06162882567522613,0.16780141482497848,0.24465533249626073,0.2862054556490825,20.66703505797826,,,
learn_alpha,63,0.055123624182703404,0.25566457442625334,0.055519093475906355,0.15632107758747749,0.23468358984172988,0.29781166466863296,21.67650522606651,,,
learn_alpha,64,0.014260156612178158,0.2573518727299834,0.05493412817434973,0.1507485456926847,0.23371100873199022,0.303254444670992,21.829831415569227,,,
learn_alpha,65,0.019528899223565092,0.26074439800348903,0.054701608717993795,0.14377588470265884,0.23115173956658944,0.3096263690092689,22.0835244861312,,,
learn_alpha,66,0.01371032679628554,0.26465426015539,0.054777720469691024,0.13692072130451616,0.23296925573837024,0.3106780423320327,22.32507287652369,,,
learn_alpha,67,0.01324242812489182,0.26906777343526844,0.05364760104343218,0.13173843665042578,0.23517695652093765,0.31036923234993596,22.584337265656483,,,
learn_alpha,68,0.01640875774959924,0.2747033126860006,0.05210379637563571,0.12611847811191795,0.23774579614500513,0.3093286166814407,22.907479198426632,,,
learn_alpha,69,0.01498245296869817,0.27300855106799904,0.05597699428848939,0.12439192497611863,0.2413638247165005,0.30525870495089247,22.772834475624784,,,
learn_alpha,70,0.010263883641433963,0.276262739210266,0.05422387515581745,0.12329398205906902,0.2432415783949505,0.302977825179897,22.944250775232195,,,
learn_alpha,71,0.01148788081560264,0.2814959180196967,0.05355477960613007,0.1205157035487619,0.24094501204714372,0.3034885867782677,23.240312270659974,,,
learn_alpha,72,0.0023549753027743495,0.28173037364052106,0.0533226616636093,0.12038389924074686,0.24188804407770648,0.30267502137741625,23.24896338564489,,,
learn_alpha,73,0.010753457638357965,0.2845218254875924,0.05238764664743221,0.11652601116404682,0.24130421835140464,0.3052602983495239,23.436048914748284,,,
learn_alpha,74,0.02213151229300151,0.2900652205612236,0.050844617789949045,0.11159757257635226,0.23670992965008159,0.31078265942239347,23.7974773086565,,,
learn_alpha,75,0.005059421451493663,0.28903581776047443,0.05102906579419255,0.11009726465135457,0.23722975469598973,0.31260809709798865,23.76059156762049,,,
learn_alpha,76,0.010368806052530842,0.28509060594489133,0.052755108996882294,0.11118423620838608,0.2359905634853075,0.3149794853645329,23.553390913816134,,,
learn_alpha,77,0.0025046129690915048,0.2850785847068716,0.05376792114610321,0.11136703287352707,0.2347502782387814,0.31503618303471664,23.54634261233648,,,
learn_alpha,78,0.0070447498124346225,0.2869385294089763,0.0524865917511908,0.11211693359028091,0.23250923272747653,0.31594871252207546,23.655995761462002,,,
learn_alpha,79,0.002694164848088265,0.28737569651544387,0.051139509327146684,0.11264930837800637,0.2326426882042591,0.316192797575144,23.68682720886963,,,
learn_alpha,80,0.01258386095377096,0.2902348968422093,0.050677766719819044,0.11052857888980591,0.2289332298229017,0.31962552772526404,23.873647310835803,,,
learn_alpha,81,0.055970339662903996,0.31719294195480663,0.051704891438673684,0.10767507971391402,0.21706014892765552,0.30636693796495007,25.214864821871704,,,
learn_alpha,82,0.04228866415379197,0.3258834386353212,0.06248218479138762,0.10935162175758152,0.21200581761389078,0.29027693720181885,25.491461212306106,,,
learn_alpha,83,0.02983517154662081,0.3250363568232976,0.0666647931867449,0.12008659913553457,0.21135186181995477,0.27686038903446797,25.28461447921344,,,
learn_alpha,84,0.026029967928416622,0.321677146614481,0.0641096157837968,0.1294325895594584,0.21502085536023935,0.2697597926820245,25.03481926640105,,,
learn_alpha,85,0.020848382972027818,0.3159469010985027,0.06413873216063577,0.13357279356515595,0.22127572646371668,0.2650658467119888,24.681523117980127,,,
learn_alpha,86,0.015333343505923046,0.31180851685017413,0.062463124672065044,0.1350142895802971,0.22750090220153713,0.26321316669592665,24.453507653577137,,,
learn_alpha,87,0.007604582806403783,0.3112441449094605,0.06211188693333285,0.13212760785654099,0.23083844890812152,0.2636779113925441,24.440503306923052,,,
learn_alpha,88,0.014010795857801406,0.31428159079156753,0.06129171239312119,0.12960605463509864,0.22717477874087483,0.26764586343933777,24.64427086312932,,,
learn_alpha,89,0.01185186930219452,0.3175135377469882,0.059684021948959914,0.1291047055143887,0.22335788365464876,0.27033985113501435,24.84607350478416,,,
learn_alpha,90,0.007855738387136407,0.32018055169723963,0.05865428567230266,0.1291952343903835,0.22045975073773777,0.2715101775023363,25.001433830874703,,,
learn_alpha,91,0.009966234376448668,0.32171964104383083,0.06005149402432902,0.13124205387999033,0.21919601219617615,0.26779079885567364,25.04039938764681,,,
learn_alpha,92,0.006221681114111144,0.32389465142846063,0.06058767505672574,0.1311693561864202,0.21959566133620523,0.2647526559921882,25.131481642567696,,,
learn_alpha,93,0.019562902231678413,0.3234090284705742,0.06132335307153274,0.1379059896575669,0.22190480096609078,0.2554568278342355,25.009312226720617,,,
learn_alpha,94,0.029076269429362804,0.32018730493070885,0.06237656098548984,0.14521326183493877,0.2280824555894432,0.24414041665941943,24.72379766469081,,,
learn_alpha,95,0.0367234788512959,0.313406158591605,0.06426693834207882,0.1502225068010673,0.23954457269237361,0.23255982357287533,24.251953513108447,,,
learn_alpha,96,0.05040996325674918,0.29715923158892743,0.06749292594009763,0.15870855998528194,0.2530375135385148,0.22360176894717831,23.27485986126169,,,
learn_alpha,97,0.05423070338503769,0.27858658317558416,0.06864947895156172,0.1681870889599162,0.26951778324493525,0.2150590656680027,22.185857138432944,,,
learn_alpha,98,0.05255146841387154,0.25519133056128934,0.06777981074615615,0.1762959879122613,0.28768461849952587,0.2130482522807673,20.904615469587725,,,
learn_alpha,99,0.059857712213219644,0.22756022154367503,0.06859335895954179,0.1855762080186175,0.3075197062863939,0.21075050519177183,19.38208029232546,,,
learn_alpha,100,0.06074756582521615,0.19856418680149324,0.06721561078911546,0.19557853916500753,0.3266046063023857,0.21203705694199804,17.822553477678404,,,
learn_alpha,101,0.3237586460176124,0.32173456504315207,0.05112995428152424,0.12349729428912928,0.2528921846770489,0.2507460017091453,25.006385056405414,,,
learn_alpha,102,0.1646565785351065,0.385570397556377,0.0696224110358527,0.1130040082596365,0.1951472545252278,0.23665592862290608,28.222072071594663,,,
learn_alpha,103,0.10191681819477769,0.41190146039849906,0.07923941971060985,0.12801434584014607,0.1688445706512003,0.21200020339954467,29.327284923293018,,,
learn_alpha,104,0.056065845495834016,0.4129300023040019,0.08019504975893538,0.15406309663423473,0.16290435341400178,0.1899074978888262,29.117219922243333,,,
learn_alpha,105,0.05516530681065834,0.40225762850177155,0.08151909775569108,0.17748802486739695,0.16573803058941305,0.1729972182857274,28.33156815259025,,,
learn_alpha,106,0.05909768200734493,0.3867129115228725,0.07906065345361417,0.19382242794572135,0.17895246851476115,0.1614515385630309,27.37629144814889,,,
learn_alpha,107,0.05072058577565215,0.3675739363594284,0.07792411007863184,0.20019572386390092,0.1979394654844076,0.1563667642136312,26.30765842061773,,,
learn_alpha,108,0.0714180090897383,0.33980217683512204,0.07433218580578962,0.20491017857660432,0.22893401531657334,0.15202144346591062,24.808031647381686,,,
learn_alpha,109,0.04999239031594935,0.3158303023851342,0.07530908979467565,0.20388585786861746,0.25210201440685354,0.15287273554471906,23.541717204982625,,,
learn_alpha,110,0.04798311373207728,0.29183874551909567,0.076122285549939,0.20491586645704923,0.27128758588525764,0.15583551658865857,22.28190494950485,,,
learn_alpha,111,0.04991757560641022,0.2740015524078479,0.07241535525117543,0.2015012020638554,0.2882699540990756,0.1638119361780457,21.428268891099787,,,
learn_alpha,112,0.042147451488029924,0.25292782666383296,0.07326876394722784,0.20357532266746634,0.2983851617189017,0.1718429250025712,20.354161413847912,,,
learn_alpha,113,0.03885444641029055,0.23667627942361052,0.07187126821369845,0.20179714243607283,0.3058491732570171,0.18380613666960105,19.592069587112082,,,
learn_alpha,114,0.04113076743246549,0.2193881812771164,0.07137116788688184,0.1990199571931508,0.31282404999190944,0.19739664365094145,18.785043277149864,,,
learn_alpha,115,0.04108714178104189,0.2081493793494194,0.07011372646567311,0.1909726296515356,0.31718730889769686,0.213576955635675,18.34238291756877,,,
learn_alpha,116,0.03380714932755256,0.19627992543338077,0.07051622972980698,0.18593850890379798,0.3205341529401743,0.22673118299284,17.823102914925027,,,
learn_alpha,117,0.030533442524869628,0.18311173136383768,0.07087474922390562,0.18383998171090618,0.32385836926961636,0.23831516843173403,17.212519519118477,,,
learn_alpha,118,0.02968581191172341,0.17705412808882717,0.0699276584913208,0.17600176976263987,0.32526451624052904,0.2517519274166831,17.022559250626138,,,
learn_alpha,119,0.026211481593210406,0.17300845544469923,0.06678370708674816,0.1700856530147353,0.3262829144864647,0.26383926996735274,16.9352781737611,,,
m5b_smooth0,4,,0.20000606775283813,0.20000606775283813,0.20000606775283813,0.20000606775283813,0.20000606775283813,17.00051575899124,,,
m5b_smooth0,5,0.45524822548031807,0.2758760452270508,0.04135150834918022,0.1310223639011383,0.27587607502937317,0.2758760452270508,22.780378472059965,,,
m5b_smooth0,6,0.24468256160616875,0.3166562020778656,0.012879699468612671,0.037152111530303955,0.3166562020778656,0.3166562616825104,25.773489236831665,,,
m5b_smooth0,7,0.030404632911086082,0.3217235803604126,0.008559029549360275,0.026270223781466484,0.3217235803604126,0.3217235803604126,26.14697971008718,,,
m5b_smooth0,8,0.0370557215064764,0.31554749608039856,0.011948905885219574,0.04140781611204147,0.31554749608039856,0.31554749608039856,25.695519536733627,,,
m5b_smooth0,9,0.2500390149652958,0.3663625419139862,0.017546076327562332,0.05919981002807617,0.1905277967453003,0.366362601518631,28.6396690197289,,,
m5b_smooth0,10,0.17097587883472443,0.4015447199344635,0.022179577499628067,0.06969096511602402,0.10504087060689926,0.4015447199344635,30.680847842246294,,,
m5b_smooth0,11,0.05958479270339012,0.401469349861145,0.0256027951836586,0.09605977684259415,0.07539866864681244,0.40146952867507935,30.55030719935894,,,
m5b_smooth0,12,0.15009738691151142,0.43899378180503845,0.020271455869078636,0.05199577286839485,0.049745429307222366,0.438993901014328,33.01001830212772,,,
m5b_smooth0,13,0.07752664014697075,0.4583755433559418,0.016790125519037247,0.026904335245490074,0.03955499082803726,0.45837557315826416,34.29417869262397,,,
m5b_smooth0,14,0.03106428124010563,0.4506092965602875,0.021288156509399414,0.027947545051574707,0.04954559728503227,0.45060938596725464,33.79703916981816,,,
m5b_smooth0,15,0.11603394523262978,0.42160093784332275,0.030486829578876495,0.043953314423561096,0.08235829323530197,0.42160093784332275,31.937324225902557,,,
m5b_smooth0,16,0.14864537492394447,0.4752395749092102,0.026607703417539597,0.050841450691223145,0.09615443646907806,0.35115760564804077,34.28279408439994,,,
m5b_smooth0,17,0.3349784277379513,0.6427282094955444,0.017892714589834213,0.03718036040663719,0.06981516629457474,0.23238316178321838,42.43519679456949,,,
m5b_smooth0,18,0.302526505663991,0.7939919233322144,0.01258142851293087,0.026228439062833786,0.046857718378305435,0.12034102529287338,49.74356052838266,,,
m5b_smooth0,19,0.07253331318497658,0.8184716105461121,0.014304837211966515,0.0318506620824337,0.05129902809858322,0.08407434076070786,50.754287423565984,,,
m5b_smooth0,20,0.16596362739801407,0.7354899644851685,0.023167068138718605,0.06285707652568817,0.08643501996994019,0.0920516848564148,46.23490489460528,,,
m5b_smooth0,21,0.07164744473993778,0.7003574967384338,0.028849367052316666,0.0751141756772995,0.10431929677724838,0.09136038273572922,44.28492213413119,,,
m5b_smooth0,22,0.19695433788001537,0.7988347411155701,0.020793290808796883,0.04033831134438515,0.07510009407997131,0.06493443250656128,49.50667540542781,,,
m5b_smooth0,23,0.09022997599095106,0.8439488410949707,0.01538663636893034,0.02485828474164009,0.06053444743156433,0.055270884186029434,51.924425466917455,,,
m5b_smooth0,24,0.07629675697535276,0.8058010339736938,0.017713597044348717,0.027560576796531677,0.07481606304645538,0.07410896569490433,50.00969532690942,,,
m5b_smooth0,25,0.06964331679046154,0.7709789872169495,0.022422660142183304,0.03352507948875427,0.07671055197715759,0.09636218100786209,48.267781529575586,,,
m5b_smooth0,26,0.038016753271222115,0.785889744758606,0.024087419733405113,0.03595772013068199,0.0602463074028492,0.0938178300857544,49.020519038662314,,,
m5b_smooth0,27,0.09305847063660622,0.8324188590049744,0.019314149394631386,0.0319351889193058,0.04143832251429558,0.07489226013422012,51.39881115593016,,,
m5b_smooth0,28,0.08587866090238094,0.8753589391708374,0.014202389866113663,0.024332763627171516,0.02902907319366932,0.057077113538980484,53.611020132899284,,,
m5b_smooth0,29,0.008040105924010277,0.8773698806762695,0.01342679187655449,0.0259153600782156,0.029454849660396576,0.05383192002773285,53.69319654069841,,,
m5b_smooth0,30,0.11783291585743427,0.8184536695480347,0.01905972883105278,0.04470522701740265,0.046324193477630615,0.07145647704601288,50.585055615752935,,,
m5b_smooth0,31,0.602344986051321,0.5172818899154663,0.10797097533941269,0.10660861432552338,0.11860218644142151,0.14953705668449402,34.38844431191683,,,
m5b_smooth0,32,1.3939091358333826,0.047164689749479294,0.7285974025726318,0.1829366385936737,0.02167467027902603,0.01962708868086338,4.53379063680768,,,
m5b_smooth0,33,0.7106474654283375,0.005535065196454525,0.4463936686515808,0.5382601618766785,0.006393425166606903,0.003417750122025609,2.4858805439434946,,,
m5b_smooth0,34,0.8466229978366755,0.0005459414096549153,0.03576104715466499,0.9615715146064758,0.0015858833212405443,0.0005353921442292631,2.971828748821281,,,
m5b_smooth0,35,0.06642623608058784,7.979622751008719e-05,0.004501114133745432,0.9947853088378906,0.0005111625068821013,0.00012374931247904897,2.998955442220904,,,
m5b_smooth0,36,0.007134799094274058,2.7384458007873036e-05,0.0012293171603232622,0.9983521103858948,0.0003246548294555396,6.64681865600869e-05,3.00113185421651,,,
m5b_smooth0,37,0.0015348269162132055,1.412959045410389e-05,0.0005349149578250945,0.9991207122802734,0.0002789939462672919,5.3561117965728045e-05,3.001447640501283,,,
m5b_smooth0,38,0.00039351517625618726,1.0989709153363947e-05,0.00034174221218563616,0.9992706179618835,0.0003160090127494186,6.384291918948293e-05,3.001918842604937,,,
m5b_smooth0,39,0.00018761318642646074,1.0593176739348564e-05,0.0002799797512125224,0.9992390871047974,0.0003844966122414917,8.927865565055981e-05,3.002574209134764,,,
m5b_smooth0,40,0.0005030323072787724,1.3893732102587819e-05,0.000294518715236336,0.9989867210388184,0.0005488462629728019,0.00015775572683196515,3.004138809774304,,,
m5b_smooth0,41,0.00028677664249698864,1.4330708836496342e-05,0.0003104478237219155,0.9988425374031067,0.0006183756049722433,0.00021445330639835447,3.0050288780876144,,,
m5b_smooth0,42,0.0023767496741129435,3.550730980350636e-05,0.0005026101134717464,0.9976544380187988,0.0012227202532812953,0.0005854200571775436,3.0123512853315333,,,
m5b_smooth0,43,0.002434625526802847,5.479407263919711e-05,0.0006602990906685591,0.9964368343353271,0.0018041578587144613,0.0010440285550430417,3.0205039512366056,,,
m5b_smooth0,44,0.004505829485424329,8.420745871262625e-05,0.0008942685672082007,0.9941835999488831,0.002949599176645279,0.0018877994734793901,3.0355739028018434,,,
m5b_smooth0,45,0.015126044650969561,0.00020226874039508402,0.0016368713695555925,0.9866204261779785,0.006846845615655184,0.004692759830504656,3.0872608312638476,,,
m5b_smooth0,46,0.04368100065039471,0.0004588996234815568,0.0030933155212551355,0.964780867099762,0.019337346777319908,0.012330625206232071,3.232960074557923,,,
m5b_smooth0,47,0.30190955023863353,0.0012163679348304868,0.006538817659020424,0.8138256072998047,0.12943923473358154,0.04898005723953247,4.112793160136789,,,
m5b_smooth0,48,1.4326793169602752,0.0007104562828317285,0.0036169863305985928,0.10091450810432434,0.8235032558441162,0.07125651091337204,7.111101831309497,,,
m5b_smooth0,49,0.19147713863640092,0.00032261203159578145,0.001542169600725174,0.013779455795884132,0.9192408323287964,0.06511466205120087,7.408528353902511,,,
m5b_smooth0,50,0.10830598286702298,0.0004409735556691885,0.001786718494258821,0.0072380849160254,0.8716294765472412,0.11890500783920288,7.816035832162015,,,
m5b_smooth0,51,0.005727813171688467,0.0009298056247644126,0.003090210258960724,0.006965062581002712,0.8690384030342102,0.11997640132904053,7.842712175333872,,,
m5b_smooth0,52,0.1558627025806345,0.0018750380259007215,0.005173446144908667,0.007605206687003374,0.9433009624481201,0.04204487055540085,7.332226272672415,,,
m5b_smooth0,53,0.05384322092868388,0.0035123927518725395,0.008762824349105358,0.009474636986851692,0.9631267786026001,0.01512362901121378,7.201548556797206,,,
m5b_smooth0,54,0.03790097404271364,0.00781623087823391,0.01781742461025715,0.01506669633090496,0.9496123194694519,0.00968761183321476,7.314904168248177,,,
m5b_smooth0,55,0.1242288975045085,0.02075823023915291,0.04625033959746361,0.032903041690588,0.8874979615211487,0.012590891681611538,7.779211493209004,,,
m5b_smooth0,56,1.0250497506931424,0.12955448031425476,0.28676170110702515,0.1407339870929718,0.3749728202819824,0.0679769441485405,12.05871944129467,,,
m5b_smooth0,57,0.7247621351853013,0.20737101137638092,0.3080596923828125,0.15016984939575195,0.012591837905347347,0.32180771231651306,17.794280760921538,,,
m5b_smooth0,58,0.7496622524922714,0.08495653420686722,0.12895797193050385,0.0889229029417038,0.0005238397279754281,0.696638822555542,15.249729127041064,,,
m5b_smooth0,59,0.6068288483802462,0.07645141333341599,0.2617056965827942,0.2595897316932678,0.00017059790843632072,0.4020828902721405,11.257914340836578,,,
m5b_smooth0,60,0.8916563514794689,0.034083638340234756,0.16430220007896423,0.705417811870575,6.299548840615898e-05,0.09613349288702011,5.671883804941899,,,
m5b_smooth0,61,0.3690800655513158,0.0335102304816246,0.10760476440191269,0.5781885385513306,2.296837374160532e-05,0.28067341446876526,7.7823727901322854,,,
m5b_smooth0,62,1.2845290433597256,0.01742136850953102,0.02077483758330345,0.03885908052325249,7.044622179819271e-06,0.9229382872581482,14.103819523694256,,,
m5b_smooth0,63,0.13180410878362636,0.005382857751101255,0.003068611491471529,0.002706422470510006,2.146632823496475e-06,0.9888401031494141,14.177935814490638,,,
m5b_smooth0,64,0.01268278759732766,0.003228509798645973,0.001039760303683579,0.0005484913708642125,1.767828393894888e-06,0.9951813817024231,14.128947540967715,,,
m5b_smooth0,65,0.004029753374425127,0.0021264508832246065,0.000492288323584944,0.00018306892889086157,1.5451802255483926e-06,0.9971959590911865,14.089382791641924,,,
m5b_smooth0,66,0.0007580417030794706,0.0019489626865833998,0.0003672839084174484,0.00010677277896320447,2.3086272449290846e-06,0.9975744485855103,14.083683804028169,,,
m5b_smooth0,67,0.0003053716741305834,0.002100211102515459,0.0003476192068774253,8.3319035184104e-05,4.11773089581402e-06,0.9974652528762817,14.091152606847572,,,
m5b_smooth0,68,0.0010383019698565477,0.002561716828495264,0.0003992931160610169,8.451590110780671e-05,8.588720447733067e-06,0.9969457983970642,14.111657149131133,,,
m5b_smooth0,69,0.004031118200146011,0.004250721074640751,0.0006530047976411879,0.00013685986050404608,2.929478432633914e-05,0.9949304461479187,14.185338158418745,,,
m5b_smooth0,70,0.005890242198802298,0.006655516102910042,0.0010605535935610533,0.00021580127940978855,8.318624168168753e-05,0.9919853806495667,14.289416556392098,,,
m5b_smooth0,71,0.008502074706484564,0.010122045874595642,0.0016295956447720528,0.00031362145091407,0.0002006868744501844,0.9877341985702515,14.439576800577925,,,
m5b_smooth0,72,0.024842327591613866,0.01996023766696453,0.0033559391740709543,0.0006826859316788614,0.0006880451110191643,0.9753128290176392,14.862214179011062,,,
m5b_smooth0,73,0.043159932596608996,0.036989353597164154,0.006150233093649149,0.0012655101018026471,0.0018615840235725045,0.9537326693534851,15.594596438342705,,,
m5b_smooth0,74,0.10217600618489087,0.07738632708787918,0.012182863429188728,0.0026336670853197575,0.0051519135013222694,0.9026447534561157,17.336353432852775,,,
m5b_smooth0,75,0.26402729377150536,0.1846964955329895,0.02445005066692829,0.005721368361264467,0.014500412158668041,0.7706310153007507,22.01374098705128,,,
m5b_smooth0,76,0.45529559860005975,0.37465113401412964,0.04013491049408913,0.010642014443874359,0.031588681042194366,0.5429838299751282,30.374023381620646,,,
m5b_smooth0,77,0.45033805537968874,0.5698930621147156,0.048705123364925385,0.014633060432970524,0.04895377159118652,0.31781405210494995,39.07826116215438,,,
m5b_smooth0,78,0.2257193187251687,0.6663851737976074,0.04883591830730438,0.017490973696112633,0.062332723289728165,0.20495450496673584,43.39011139981449,,,
m5b_smooth0,79,0.06745986826717854,0.676668107509613,0.046598758548498154,0.021090209484100342,0.08218082040548325,0.17346206307411194,43.71369046345353,,,
m5b_smooth0,80,0.09972285851836205,0.6269170045852661,0.046488989144563675,0.02642933651804924,0.1096707433462143,0.19049499928951263,41.175422467291355,,,
m5b_smooth0,81,0.3530253451317549,0.803429126739502,0.028294138610363007,0.020487172529101372,0.05880832299590111,0.08898121118545532,49.95289847813547,,,
m5b_smooth0,82,0.2209044974297285,0.9138813614845276,0.01687031239271164,0.014489773660898209,0.02481018751859665,0.029948309063911438,55.486168961972,,,
m5b_smooth0,83,0.06676001846790314,0.9472609162330627,0.012967737391591072,0.011824939399957657,0.013751733116805553,0.014193709008395672,57.17907158751041,,,
m5b_smooth0,84,0.014665656723082066,0.954001784324646,0.012996370904147625,0.012388929724693298,0.010869954712688923,0.009743322618305683,57.50276641920209,,,
m5b_smooth0,85,0.021885637193918228,0.9430587291717529,0.017070259898900986,0.017412345856428146,0.01264927163720131,0.00980928260833025,56.878705905750394,,,
m5b_smooth0,86,0.03818913642317057,0.9239647388458252,0.023193636909127235,0.025564026087522507,0.016452863812446594,0.010825779289007187,55.80450100265443,,,
m5b_smooth0,87,0.11162350885570049,0.8681523203849792,0.03899724408984184,0.047318149358034134,0.02918311394751072,0.016348889097571373,52.70325716026127,,,
m5b_smooth0,88,0.1839153803884983,0.7761949300765991,0.061619825661182404,0.08448327332735062,0.053143762052059174,0.024558525532484055,47.60259114205837,,,
m5b_smooth0,89,0.1967110000550747,0.6778396368026733,0.07583672553300858,0.12682920694351196,0.08684380352497101,0.03265135735273361,42.19172818213701,,,
m5b_smooth0,90,0.13607999682426453,0.6126691102981567,0.07296691834926605,0.15370884537696838,0.1209750771522522,0.039680108428001404,38.69658713042736,,,
m5b_smooth0,91,0.05306512862443924,0.5969203114509583,0.06218387186527252,0.1593283861875534,0.13865207135677338,0.042916856706142426,37.926788210868835,,,
m5b_smooth0,92,0.03590930998325348,0.6091383695602417,0.05219074338674545,0.15136586129665375,0.14403477311134338,0.04326975345611572,38.66861046105623,,,
m5b_smooth0,93,0.09134779870510101,0.5666817426681519,0.04897353798151016,0.17815066874027252,0.16049493849277496,0.04569874703884125,36.34757713228464,,,
m5b_smooth0,94,0.3365100361406803,0.39842745661735535,0.053531255573034286,0.29152432084083557,0.20780545473098755,0.04871261119842529,26.97036635503173,,,
m5b_smooth0,95,0.4172116070985794,0.19482845067977905,0.054032329469919205,0.4239485561847687,0.28348541259765625,0.043705277144908905,15.611856807023287,,,
m5b_smooth0,96,0.28912265598773956,0.0837501809000969,0.04480220377445221,0.4120853543281555,0.4280468821525574,0.03131568804383278,9.740816928446293,,,
m5b_smooth0,97,0.41725234873592854,0.03399547562003136,0.030575063079595566,0.28044360876083374,0.6366729736328125,0.018313022330403328,7.624727554619312,,,
m5b_smooth0,98,0.2589378412812948,0.015462982468307018,0.02147362008690834,0.18534044921398163,0.7661420106887817,0.01158131379634142,7.030406383797526,,,
m5b_smooth0,99,0.06678163632750511,0.009672262705862522,0.01819389872252941,0.16334621608257294,0.799532413482666,0.009254754520952702,6.8148617669939995,,,
m5b_smooth0,100,0.07512520533055067,0.008500436320900917,0.019877247512340546,0.19843031466007233,0.763141930103302,0.01005020271986723,6.607890719547868,,,
m5b_smooth0,101,0.18617331515997648,0.012702514417469501,0.01697479374706745,0.10887106508016586,0.8520267009735107,0.00942543987184763,7.201881919056177,,,
m5b_smooth0,102,1.2893479689955711,0.27485787868499756,0.18466351926326752,0.2460176795721054,0.20735269784927368,0.08710870146751404,20.08517998456955,,,
m5b_smooth0,103,0.9242215887643397,0.6846767663955688,0.236955463886261,0.0430484376847744,0.0026294677518308163,0.032690417021512985,41.92277887323871,,,
m5b_smooth0,104,0.1305910270602908,0.7499721646308899,0.22938494384288788,0.010826884768903255,0.00011067642481066287,0.009705652482807636,45.39684934573597,,,
m5b_smooth0,105,0.20639504615974147,0.656694233417511,0.332582026720047,0.005638087633997202,1.8857026589103043e-05,0.005066236946731806,39.82220961111307,,,
m5b_smooth0,106,0.08421914318660129,0.6988039612770081,0.29497697949409485,0.0033284714445471764,4.770846317114774e-06,0.002885571215301752,42.273631463386664,,,
m5b_smooth0,107,0.13646922349835222,0.7670391201972961,0.22850246727466583,0.002431429922580719,2.423253135930281e-06,0.002025407971814275,46.28651664325753,,,
m5b_smooth0,108,0.09207689369759464,0.7210003137588501,0.2739260792732239,0.002788203302770853,2.7699725251295604e-06,0.002282763132825494,43.574287588379775,,,
m5b_smooth0,109,0.23222947492263302,0.6048861742019653,0.3888164758682251,0.003497733036056161,3.7890629300818546e-06,0.002797153079882264,36.731666793653176,,,
m5b_smooth0,110,0.09903884175696476,0.6533911824226379,0.3392966389656067,0.004085864871740341,5.155634426046163e-06,0.003221651306375861,39.60016438666935,,,
m5b_smooth0,111,0.2653577066885191,0.78561931848526,0.20661693811416626,0.0043527595698833466,7.067399565130472e-06,0.003402714617550373,47.40452180238208,,,
m5b_smooth0,112,0.09113492706637771,0.7400524616241455,0.24689947068691254,0.007298258598893881,1.9233097191317938e-05,0.005730587523430586,44.75230480094069,,,
m5b_smooth0,113,0.22718873874509882,0.6264581680297852,0.35231950879096985,0.011857232078909874,4.0254661143990234e-05,0.009324999526143074,38.10621306280882,,,
m5b_smooth0,114,0.04299633248228929,0.6049599051475525,0.35852593183517456,0.020101718604564667,0.00010017452586907893,0.016312239691615105,36.94549797386571,,,
m5b_smooth0,115,0.1711349115212215,0.6635124087333679,0.27295905351638794,0.03333097696304321,0.00021031091455370188,0.029988374561071396,40.60500592866447,,,
m5b_smooth0,116,0.23019648453919217,0.5484133958816528,0.28178369998931885,0.07812418788671494,0.0005969487247057259,0.09108135104179382,34.70027757220669,,,
m5b_smooth0,117,0.9163128460641019,0.1808767467737198,0.19116446375846863,0.16555418074131012,0.0013241204433143139,0.4610811471939087,18.004836716223508,,,
m5b_smooth0,118,0.8914923024130985,0.0138623658567667,0.02284969761967659,0.05592477321624756,0.0005361387738958001,0.906826913356781,13.721695727086626,,,
m5b_smooth0,119,0.149111704522511,0.0013289031339809299,0.002875114791095257,0.014217419549822807,0.00019570734002627432,0.9813827872276306,13.865990534046432,,,
m5b_smooth0.001,4,,0.20000606775283813,0.20000606775283813,0.20000606775283813,0.20000606775283813,0.20000606775283813,17.00051575899124,,,
m5b_smooth0.001,5,0.44685956835746765,0.2744775116443634,0.04181450605392456,0.13475239276885986,0.2744775116443634,0.2744775116443634,22.67875012755394,,,
m5b_smooth0.001,6,0.24016098026186228,0.31450456380844116,0.013586337678134441,0.04290073737502098,0.31450456380844116,0.31450456380844116,25.61715821828693,,,
m5b_smooth0.001,7,0.029783128760755062,0.31946828961372375,0.009244535118341446,0.03235064819455147,0.31946828961372375,0.31946834921836853,25.983228772878647,,,
m5b_smooth0.001,8,0.04379124287515879,0.31216973066329956,0.012947970069944859,0.05054274946451187,0.31216973066329956,0.31216976046562195,25.45032481942326,,,
m5b_smooth0.001,9,0.22891172673553228,0.3626622259616852,0.01846740022301674,0.05849398300051689,0.19771374762058258,0.36266234517097473,28.414951972663403,,,
m5b_smooth0.001,10,0.12701618671417236,0.3895649015903473,0.023546531796455383,0.06311772763729095,0.1342056393623352,0.3895648717880249,29.98014149069786,,,
m5b_smooth0.001,11,0.0627104677259922,0.39282724261283875,0.026528935879468918,0.0849665105342865,0.1028510108590126,0.39282718300819397,30.070600662380457,,,
m5b_smooth0.001,12,0.15755179338157177,0.4322151243686676,0.0206295233219862,0.05041011422872543,0.06453076004981995,0.43221503496170044,32.607493137940764,,,
m5b_smooth0.001,13,0.07490304857492447,0.45094072818756104,0.01772136241197586,0.031222188845276833,0.049174945801496506,0.4509405791759491,33.82522434927523,,,
m5b_smooth0.001,14,0.027134602889418602,0.4441567361354828,0.021906107664108276,0.034647297114133835,0.055131860077381134,0.4441567361354828,33.379369493573904,,,
m5b_smooth0.001,15,0.0859520398080349,0.4226688742637634,0.028573960065841675,0.0495024248957634,0.07658513635396957,0.42266881465911865,31.990673050284386,,,
m5b_smooth0.001,16,0.06843309290707111,0.453534334897995,0.02455235831439495,0.04912889748811722,0.07993683964014053,0.39284801483154297,33.44342922978103,,,
m5b_smooth0.001,17,0.19154610857367516,0.5493073463439941,0.01903933845460415,0.036793287843465805,0.06681811809539795,0.32804226875305176,38.14817857183516,,,
m5b_smooth0.001,18,0.2134294956922531,0.6560217142105103,0.016448358073830605,0.03159842640161514,0.06125722825527191,0.234673872590065,43.186781303957105,,,
m5b_smooth0.001,19,0.11419561877846718,0.6857605576515198,0.01860661245882511,0.04116218164563179,0.07689433544874191,0.1775762140750885,44.31205396167934,,,
m5b_smooth0.001,20,0.10079467110335827,0.6699303984642029,0.022763539105653763,0.06341579556465149,0.10088120400905609,0.14300911128520966,43.11713081970811,,,
m5b_smooth0.001,21,0.13070649839937687,0.7352835536003113,0.02252092771232128,0.05753721669316292,0.08691774308681488,0.09774041920900345,46.28893586434424,,,
m5b_smooth0.001,22,0.11567305773496628,0.7931200265884399,0.02010488696396351,0.041630350053310394,0.07383809983730316,0.07130638509988785,49.24735362268984,,,
m5b_smooth0.001,23,0.03282780200242996,0.7798601984977722,0.02072305791079998,0.03847662732005119,0.08341167867183685,0.07752888649702072,48.597051011398435,,,
m5b_smooth0.001,24,0.07930340804159641,0.7406925559043884,0.02245546504855156,0.03799199312925339,0.0997505933046341,0.09910869598388672,46.66376069560647,,,
m5b_smooth0.001,25,0.11759693175554276,0.7994915246963501,0.01936465874314308,0.026952311396598816,0.06506071984767914,0.08913109451532364,49.77297343686223,,,
m5b_smooth0.001,26,0.057382429018616676,0.828183114528656,0.019091200083494186,0.026305561885237694,0.04662215709686279,0.07979902625083923,51.232536224648356,,,
m5b_smooth0.001,27,0.014607658609747887,0.82622891664505,0.01957257091999054,0.03312724828720093,0.04329751431941986,0.07777326554059982,51.08459763228893,,,
m5b_smooth0.001,28,0.059063199907541275,0.8557611703872681,0.016351129859685898,0.02961951494216919,0.035509027540683746,0.06275998055934906,52.57808281853795,,,
m5b_smooth0.001,29,0.01722034066915512,0.8474665284156799,0.016035042703151703,0.03297067806124687,0.038905128836631775,0.06462232768535614,52.1399872712791,,,
m5b_smooth0.001,30,0.08085307665169239,0.8070406317710876,0.019153667613863945,0.04620865732431412,0.05136306583881378,0.07623496651649475,50.00704853795469,,,
m5b_smooth0.001,31,0.5007243920117617,0.5566779971122742,0.10345815122127533,0.0942106693983078,0.10848071426153183,0.13717257976531982,36.46655110269785,,,
m5b_smooth0.001,32,1.4223394691944122,0.05218866094946861,0.7210549116134644,0.18778367340564728,0.020837701857089996,0.018135223537683487,4.815482631325722,,,
m5b_smooth0.001,33,0.6931839378084987,0.005761630833148956,0.4505772292613983,0.5343759059906006,0.006292121950536966,0.0029938106890767813,2.485361000522971,,,
m5b_smooth0.001,34,0.8503797870362177,0.0005566544132307172,0.037693556398153305,0.9595656991004944,0.0017023328691720963,0.00048225512728095055,2.9684578203596175,,,
m5b_smooth0.001,35,0.06957876075466629,7.988104334799573e-05,0.004857840947806835,0.9943551421165466,0.0005909735918976367,0.0001167854861705564,2.9984879418479977,,,
m5b_smooth0.001,36,0.0076225028387852944,2.695204602787271e-05,0.0013467121170833707,0.9981667399406433,0.00039427512092515826,6.663677049800754e-05,3.001156895334134,,,
m5b_smooth0.001,37,0.001647177840823133,1.368654102407163e-05,0.0005929337348788977,0.998990535736084,0.00034741274430416524,5.716098894481547e-05,3.0016178764599317,,,
m5b_smooth0.001,38,0.0004263454293322866,1.0497931725694798e-05,0.00038234805106185377,0.9991430044174194,0.00039240351179614663,7.227267633425072e-05,3.0021998792581144,,,
m5b_smooth0.001,39,0.0002167398170058732,9.981305083783809e-06,0.00031553226290270686,0.9991025328636169,0.00046772632049396634,0.00010588571603875607,3.002978493426781,,,
m5b_smooth0.001,40,0.000572003216802841,1.2936315215483773e-05,0.0003337876114528626,0.9988155364990234,0.0006445601466111839,0.000192848383449018,3.0047683744160167,,,
m5b_smooth0.001,41,0.00032445176839246415,1.3154561202100012e-05,0.00035439900238998234,0.9986531734466553,0.0007096263580024242,0.00026904125115834177,3.0058371550367156,,,
m5b_smooth0.001,42,0.0026687388808568357,3.2419891795143485e-05,0.0005752724828198552,0.9973187446594238,0.0013399749295786023,0.0007328639621846378,3.014116619946435,,,
m5b_smooth0.001,43,0.002805713356792694,4.961236481904052e-05,0.0007623000419698656,0.995915949344635,0.001955917105078697,0.001315619796514511,3.0235969868517714,,,
m5b_smooth0.001,44,0.005515029504749691,7.597743388032541e-05,0.0010484005324542522,0.9931586384773254,0.003272266359999776,0.0024445236194878817,3.042212157190079,,,
m5b_smooth0.001,45,0.019309925301058684,0.00018391519552096725,0.0019486128585413098,0.9835029244422913,0.007992474362254143,0.006370376795530319,3.1086248935898766,,,
m5b_smooth0.001,46,0.06527570125763305,0.00042416653013788164,0.0037792378570884466,0.9508658647537231,0.025816945359110832,0.01911367103457451,3.3301368359243497,,,
m5b_smooth0.001,47,0.5817213419650216,0.0010502784280106425,0.007504042237997055,0.6600055694580078,0.2323066145181656,0.09913413226604462,5.064561609644443,,,
m5b_smooth0.001,48,1.2392370566085447,0.00036118258140049875,0.0024251877330243587,0.04615474492311478,0.8492571711540222,0.10180185735225677,7.532586578396149,,,
m5b_smooth0.001,49,0.08185286895604804,0.00016396123101003468,0.001051879022270441,0.006797916255891323,0.8809322714805603,0.1110522672533989,7.752540943562053,,,
m5b_smooth0.001,50,0.1918260977981845,0.00021769378508906811,0.0011957797687500715,0.0034903939813375473,0.788327693939209,0.20676863193511963,8.437783293484244,,,
m5b_smooth0.001,51,0.20223250532581005,0.00036642508348450065,0.0016371241072192788,0.0026255769189447165,0.8888536095619202,0.10651693493127823,7.74471171584446,,,
m5b_smooth0.001,52,0.16861587640596554,0.0005561769939959049,0.002017003484070301,0.0020799078047275543,0.9725918769836426,0.022754626348614693,7.168335254304111,,,
m5b_smooth0.001,53,0.031244253390468657,0.0008934823563322425,0.002878106664866209,0.002131873043254018,0.9869638681411743,0.007132737897336483,7.071488074725494,,,
m5b_smooth0.001,54,0.009853949770331383,0.0019483229843899608,0.0056596677750349045,0.0032222529407590628,0.984663724899292,0.004505713004618883,7.087951862020418,,,
m5b_smooth0.001,55,0.027428152854554355,0.0045725563541054726,0.0132468082010746,0.0063348496332764626,0.9709503650665283,0.004896535538136959,7.171808791346848,,,
m5b_smooth0.001,56,0.2377396086230874,0.02472573146224022,0.07568049430847168,0.028646377846598625,0.8520806431770325,0.018868032842874527,7.873880477622151,,,
m5b_smooth0.001,57,1.478588366881013,0.11315514892339706,0.5046301484107971,0.11158616095781326,0.11278558522462845,0.1578424870967865,10.62799148261547,,,
m5b_smooth0.001,58,1.0077015704009682,0.06751913577318192,0.19357961416244507,0.07429814338684082,0.002909725299105048,0.6616936326026917,13.751701124245301,,,
m5b_smooth0.001,59,0.11289907759055495,0.06097111105918884,0.18229259550571442,0.13074742257595062,0.00041717314161360264,0.6255714297294617,12.993721754988655,,,
m5b_smooth0.001,60,0.8671216524817282,0.05828586965799332,0.22682122886180878,0.5197795629501343,0.00015994113346096128,0.19495302438735962,8.013774026549072,,,
m5b_smooth0.001,61,0.4845641960455396,0.059067584574222565,0.11132428050041199,0.39311471581459045,4.0050388633972034e-05,0.43645381927490234,10.945357324966608,,,
m5b_smooth0.001,62,0.9371028526938971,0.0368635319173336,0.018302442505955696,0.03981964290142059,9.618187505111564e-06,0.9050052762031555,15.019714480406947,,,
m5b_smooth0.001,63,0.1282061380823052,0.020952800288796425,0.0039056329987943172,0.006030241493135691,3.549175062289578e-06,0.9691084027290344,14.846706857237905,,,
m5b_smooth0.001,64,0.015041848619603115,0.019541464745998383,0.0017391437431797385,0.002087709028273821,3.26991971633106e-06,0.9766296148300171,14.853327652646158,,,
m5b_smooth0.001,65,0.0059045117527603,0.01835269294679165,0.0010194486239925027,0.001043947646394372,3.0853136649966473e-06,0.9795817136764526,14.819478457036666,,,
m5b_smooth0.001,66,0.0079114956158719,0.02230609580874443,0.0008975410601124167,0.0008094898657873273,4.811387952941004e-06,0.9759817123413086,15.005469411676131,,,
m5b_smooth0.001,67,0.021301221000612713,0.03283865377306938,0.0010059671476483345,0.0008150845533236861,9.17651141207898e-06,0.9653314352035522,15.488474775621398,,,
m5b_smooth0.001,68,0.06573136449605954,0.0649237185716629,0.0014726724475622177,0.0011160250287503004,2.2186932255863212e-05,0.9324657917022705,16.954920254191165,,,
m5b_smooth0.001,69,0.3064370475931355,0.21528291702270508,0.003094923682510853,0.002285200171172619,9.028074418893084e-05,0.7792474627494812,23.837021989260393,,,
m5b_smooth0.001,70,0.9032804442758788,0.6638169288635254,0.004852659069001675,0.0034808639902621508,0.0002427378494758159,0.3276068866252899,44.4325065605517,,,
m5b_smooth0.001,71,0.42275658540893346,0.8750900626182556,0.00446941377595067,0.0031818505376577377,0.00034753899672068655,0.11691049486398697,54.15859842355712,,,
m5b_smooth0.001,72,0.03668269744957797,0.8902050256729126,0.0060486276634037495,0.004388683941215277,0.0007878040196374059,0.09856907278299332,54.816997866961174,,,
m5b_smooth0.001,73,0.11155103845521808,0.8344303965568542,0.009277544915676117,0.0067518325522542,0.0017700853059068322,0.14777113497257233,52.176543322741054,,,
m5b_smooth0.001,74,0.3619469840778038,0.6534562110900879,0.01560676284134388,0.01155761443078518,0.004207091871649027,0.3151719272136688,43.69950889563188,,,
m5b_smooth0.001,75,0.4816044536419213,0.41265442967414856,0.02084387093782425,0.015897994861006737,0.00824443344026804,0.5423597693443298,32.47855144087225,,,
m5b_smooth0.001,76,0.2621066616848111,0.28160107135772705,0.02464686892926693,0.019972702488303185,0.013449087738990784,0.6603307127952576,26.31940285116434,,,
m5b_smooth0.001,77,0.08637881837785244,0.3032895028591156,0.03106517717242241,0.026361452415585518,0.022143129259347916,0.6171414256095886,27.10250156931579,,,
m5b_smooth0.001,78,0.31257919035851955,0.43162715435028076,0.03856106847524643,0.03488064929842949,0.03407988324761391,0.4608517289161682,32.73131566494703,,,
m5b_smooth0.001,79,0.33845506608486176,0.5875083804130554,0.038721002638339996,0.03907006233930588,0.04307632893323898,0.29162368178367615,39.79069986194372,,,
m5b_smooth0.001,80,0.138069000095129,0.6488035321235657,0.036432381719350815,0.04071306809782982,0.04917312040925026,0.2248782515525818,42.57929087802768,,,
m5b_smooth0.001,81,0.3727698605507612,0.8351887464523315,0.022926481440663338,0.027727589011192322,0.032674673944711685,0.08148343116044998,51.586924789473414,,,
m5b_smooth0.001,82,0.17586330231279135,0.9231192469596863,0.01464685145765543,0.017977749928832054,0.019830092787742615,0.024424679577350616,55.936491082422435,,,
m5b_smooth0.001,83,0.05255133658647537,0.9493956565856934,0.011721165850758553,0.014014077372848988,0.01410349365323782,0.010765709914267063,57.26694718748331,,,
m5b_smooth0.001,84,0.00979201402515173,0.9538282155990601,0.011933799833059311,0.014265400357544422,0.013037009164690971,0.006936696358025074,57.472795750014484,,,
m5b_smooth0.001,85,0.026428164448589087,0.9407413601875305,0.015860704705119133,0.019798923283815384,0.016790030524134636,0.006808836478739977,56.7325930101797,,,
m5b_smooth0.001,86,0.04107096046209335,0.92020583152771,0.021187203004956245,0.028537040576338768,0.022995634004473686,0.007074049208313227,55.57915434334427,,,
m5b_smooth0.001,87,0.11946202954277396,0.8604748249053955,0.03511368855834007,0.05242328345775604,0.041566431522369385,0.010421546176075935,52.25773970037699,,,
m5b_smooth0.001,88,0.1928345626220107,0.7640576958656311,0.05401703715324402,0.09168273955583572,0.07509507983922958,0.015147526748478413,46.91025794111192,,,
m5b_smooth0.001,89,0.2022278318181634,0.6629437804222107,0.0657241940498352,0.1333794891834259,0.1184898093342781,0.01946280710399151,41.34439745172858,,,
m5b_smooth0.001,90,0.12492054887115955,0.6011847853660583,0.06502280384302139,0.1562003344297409,0.15377239882946014,0.023819535970687866,38.014591224491596,,,
m5b_smooth0.001,91,0.020227359607815742,0.6052922606468201,0.05721164867281914,0.15389791131019592,0.15731367468833923,0.026284566149115562,38.3056206703186,,,
m5b_smooth0.001,92,0.05015206336975098,0.628746747970581,0.050287917256355286,0.14358125627040863,0.14947786927223206,0.02790595032274723,39.64286495372653,,,
m5b_smooth0.001,93,0.07260887883603573,0.5932291150093079,0.04950161278247833,0.16963641345500946,0.15592823922634125,0.03170536458492279,37.687530532479286,,,
m5b_smooth0.001,94,0.33283714577555656,0.426810085773468,0.05667943134903908,0.2863595485687256,0.19277484714984894,0.03737591952085495,28.39705002680421,,,
m5b_smooth0.001,95,0.42920488864183426,0.21220754086971283,0.05961437523365021,0.44123855233192444,0.2485867291688919,0.03835243359208107,16.39282365888357,,,
m5b_smooth0.001,96,0.25342798978090286,0.09847045689821243,0.052670374512672424,0.4587940275669098,0.3577452301979065,0.032319504767656326,10.293969549238682,,,
m5b_smooth0.001,97,0.42211318016052246,0.045214757323265076,0.03951618820428848,0.3236871063709259,0.5688019394874573,0.022779840975999832,8.02399429678917,,,
m5b_smooth0.001,98,0.3466173065826297,0.020515548065304756,0.02713990956544876,0.1951093077659607,0.7421107292175293,0.015124610625207424,7.249920370057225,,,
m5b_smooth0.001,99,0.1339088212698698,0.011549943126738071,0.02062186226248741,0.1473800092935562,0.8090649247169495,0.0113829355686903,6.978574048727751,,,
m5b_smooth0.001,100,0.028293070383369923,0.009145884774625301,0.02037152089178562,0.16144007444381714,0.7975729703903198,0.011469586752355099,6.797029837965965,,,
m5b_smooth0.001,101,0.09668717347085476,0.015850499272346497,0.020480472594499588,0.11309633404016495,0.8372252583503723,0.013347165659070015,7.358236558735371,,,
m5b_smooth0.001,102,1.3497170079499483,0.3053681254386902,0.2016984075307846,0.22062717378139496,0.1623670905828476,0.10993960499763489,21.861391559243202,,,
m5b_smooth0.001,103,0.8424681825563312,0.6865300536155701,0.24177049100399017,0.033168528228998184,0.0022663073614239693,0.03626486286520958,42.05665152426809,,,
m5b_smooth0.001,104,0.13672849363501882,0.7548937797546387,0.22736531496047974,0.007663328666239977,0.00010470426786923781,0.009972074069082737,45.68432405307976,,,
m5b_smooth0.001,105,0.17509124856405833,0.6765928268432617,0.31491148471832275,0.0036556494887918234,1.8463471860741265e-05,0.004821868147701025,40.98908344215124,,,
m5b_smooth0.001,106,0.05024415563366347,0.7017148733139038,0.29359444975852966,0.0020417319610714912,4.782515134138521e-06,0.002644392428919673,42.43966701608679,,,
m5b_smooth0.001,107,0.11382866518374612,0.758629322052002,0.2381153702735901,0.0014464702690020204,2.4462199235131266e-06,0.001806853455491364,45.78552717611706,,,
m5b_smooth0.001,108,0.0727406900027745,0.7222586274147034,0.2742098271846771,0.0015936157433316112,2.6736140625871485e-06,0.0019350190414115787,43.641617301175074,,,
m5b_smooth0.001,109,0.18201662128649332,0.6312505602836609,0.3645816147327423,0.001915358705446124,3.4791507914633257e-06,0.002249237149953842,38.27687498202363,,,
m5b_smooth0.001,110,0.04674118440584607,0.6539955735206604,0.34121087193489075,0.002233036095276475,4.58681915915804e-06,0.0025558804627507925,39.62345882567297,,,
m5b_smooth0.001,111,0.23084471734409817,0.7690849900245667,0.22578874230384827,0.0024103557225316763,6.13547990724328e-06,0.002710183383896947,46.41610472667935,,,
m5b_smooth0.001,112,0.07828879414091716,0.72994065284729,0.2616855800151825,0.003973227459937334,1.566767787153367e-05,0.004385398700833321,44.131549688789164,,,
m5b_smooth0.001,113,0.14801339573750738,0.6559334397315979,0.3315744698047638,0.00593600794672966,2.97171591228107e-05,0.006525861565023661,39.79695895956502,,,
m5b_smooth0.001,114,0.04476016562512086,0.6335532665252686,0.34623196721076965,0.009536435827612877,6.932852556928992e-05,0.010608317330479622,38.53703900851542,,,
m5b_smooth0.001,115,0.11097986821550876,0.6778174042701721,0.2907426059246063,0.014337018132209778,0.00013569655129685998,0.016967736184597015,41.241296098975,,,
m5b_smooth0.001,116,0.11188563503674231,0.6218743324279785,0.31308263540267944,0.027453772723674774,0.00034636716009117663,0.03724284470081329,38.23172829518444,,,
m5b_smooth0.001,117,0.3373963908816222,0.45317602157592773,0.3592270016670227,0.06304550915956497,0.0009590136469341815,0.12359217554330826,29.475928376836237,,,
m5b_smooth0.001,118,0.9634139248519205,0.1858310103416443,0.14486545324325562,0.08666624873876572,0.0013001244515180588,0.5813376903533936,19.702553356066346,,,
m5b_smooth0.001,119,0.7244408089318313,0.01751716434955597,0.013062842190265656,0.02536023035645485,0.0005027935258112848,0.9435586929321289,14.353514649963472,,,
m5b_smooth0.01,4,,0.20000606775283813,0.20000606775283813,0.20000606775283813,0.20000606775283813,0.20000606775283813,17.00051575899124,,,
m5b_smooth0.01,5,0.3702651150524616,0.2617119252681732,0.047213952988386154,0.16765064001083374,0.2617119252681732,0.2617119252681732,21.748831819742918,,,
m5b_smooth0.01,6,0.11729326285421848,0.28126072883605957,0.022796811535954475,0.13342095911502838,0.28126072883605957,0.28126075863838196,23.20517914183438,,,
m5b_smooth0.01,7,0.048322439193725586,0.28931450843811035,0.016034135594964027,0.11602256447076797,0.28931450843811035,0.2893145680427551,23.798577846959233,,,
m5b_smooth0.01,8,0.011955903843045235,0.2906101942062378,0.018124517053365707,0.11004406958818436,0.2906101942062378,0.2906102240085602,23.887682873755693,,,
m5b_smooth0.01,9,0.10326910391449928,0.3093087673187256,0.018208324909210205,0.058409906923770905,0.304764062166214,0.3093089163303375,25.21563734859228,,,
m5b_smooth0.01,10,0.05055122822523117,0.3196241557598114,0.02285340055823326,0.05337406322360039,0.28452450037002563,0.31962427496910095,25.82683628797531,,,
m5b_smooth0.01,11,0.21252527460455894,0.3719117343425751,0.024016451090574265,0.05389878898859024,0.17826209962368011,0.37191179394721985,28.955016691237688,,,
m5b_smooth0.01,12,0.10805214196443558,0.39835354685783386,0.024126943200826645,0.05493050068616867,0.12423581629991531,0.398353636264801,30.536732878535986,,,
m5b_smooth0.01,13,0.027686232700943947,0.40203776955604553,0.02574390359222889,0.05978836491703987,0.11039279401302338,0.4020377993583679,30.728653920814395,,,
m5b_smooth0.01,14,0.020634381100535393,0.40663644671440125,0.026863418519496918,0.0580526627600193,0.1018110141158104,0.406636506319046,31.004796396940947,,,
m5b_smooth0.01,15,0.005390992388129234,0.40725475549697876,0.02634320594370365,0.05587774142622948,0.10327025502920151,0.40725481510162354,31.053720956668258,,,
m5b_smooth0.01,16,0.04920913092792034,0.38933366537094116,0.023775707930326462,0.05429193004965782,0.10073978453874588,0.4318590760231018,30.297876976430416,,,
m5b_smooth0.01,17,0.021113254129886627,0.38751745223999023,0.024512525647878647,0.05348933860659599,0.09280183911323547,0.4416787624359131,30.269143223762512,,,
m5b_smooth0.01,18,0.011755937710404396,0.38728412985801697,0.0239586029201746,0.05354603752493858,0.0986228808760643,0.4365878105163574,30.224234020337462,,,
m5b_smooth0.01,19,0.23167302645742893,0.5012747645378113,0.02152189612388611,0.054012980312108994,0.10000211745500565,0.32318830490112305,35.48469780012965,,,
m5b_smooth0.01,20,0.021016806364059448,0.4918275475502014,0.020460471510887146,0.055713724344968796,0.10245449095964432,0.3295433521270752,35.02804286405444,,,
m5b_smooth0.01,21,0.13604683429002762,0.5579811334609985,0.02115738019347191,0.05381350219249725,0.103627510368824,0.2634202539920807,38.07474202290177,,,
m5b_smooth0.01,22,0.05949949286878109,0.5865604877471924,0.021680733188986778,0.05194789543747902,0.10427454859018326,0.2355361133813858,39.39858111180365,,,
m5b_smooth0.01,23,0.011746367439627647,0.5904101133346558,0.0217500738799572,0.0491882748901844,0.10116123408079147,0.23749057948589325,39.6269184499979,,,
m5b_smooth0.01,24,0.0962849035859108,0.6385523080825806,0.021452032029628754,0.04415144771337509,0.0902649462223053,0.2055790275335312,41.97700586915016,,,
m5b_smooth0.01,25,0.03189241327345371,0.6528054475784302,0.023145245388150215,0.042163558304309845,0.08502252399921417,0.19686327874660492,42.66920634545386,,,
m5b_smooth0.01,26,0.2191064227372408,0.7623584866523743,0.020402926951646805,0.033185847103595734,0.05889193341135979,0.12516051530838013,48.02596041560173,,,
m5b_smooth0.01,27,0.013377254828810692,0.7556705474853516,0.022014768794178963,0.03564874455332756,0.05970253050327301,0.1269644945859909,47.66461448930204,,,
m5b_smooth0.01,28,0.06623077765107155,0.7887851595878601,0.019461574032902718,0.0316707119345665,0.050989679992198944,0.10909240692853928,49.32580474205315,,,
m5b_smooth0.01,29,0.01826425828039646,0.7975578904151917,0.01771077886223793,0.03203057125210762,0.04834922403097153,0.10435198992490768,49.76664834469557,,,
m5b_smooth0.01,30,0.03011849895119667,0.7824981212615967,0.019064757972955704,0.03904476761817932,0.05192042142152786,0.10747134685516357,48.95412814244628,,,
m5b_smooth0.01,31,0.15718583762645721,0.8494201898574829,0.03073594719171524,0.023689689114689827,0.027534859254956245,0.06861940771341324,52.22043212875724,,,
m5b_smooth0.01,32,1.4417443871498108,0.13733620941638947,0.51615309715271,0.23143692314624786,0.05524260550737381,0.059831131249666214,10.674970507621765,,,
m5b_smooth0.01,33,0.6118737827055156,0.0044412147253751755,0.44217678904533386,0.5373737215995789,0.010514178313314915,0.005493876989930868,2.4712843634188175,,,
m5b_smooth0.01,34,0.8022854100272525,0.0002368974091950804,0.058503683656454086,0.9385170340538025,0.002097552642226219,0.0006458277930505574,2.9119930879678577,,,
m5b_smooth0.01,35,0.10054314155968314,2.4128285076585598e-05,0.010524123907089233,0.9887883067131042,0.0005432936595752835,0.00012054674880346283,2.9838274512512726,,,
m5b_smooth0.01,36,0.014036153804681817,6.970200502109947e-06,0.003851699410006404,0.9958059787750244,0.00028006924549117684,5.487200178322382e-05,2.9944165405086096,,,
m5b_smooth0.01,37,0.0034814456225831236,3.3138139770017006e-06,0.0022066293749958277,0.9975467324256897,0.00020358848269097507,3.938721420126967e-05,2.9970221958683396,,,
m5b_smooth0.01,38,0.0007780377227391,2.571663571870886e-06,0.001819100696593523,0.9979296922683716,0.0002057758829323575,4.400686520966701e-05,2.9978190046094824,,,
m5b_smooth0.01,39,0.00022015363038008218,2.5971553441195283e-06,0.001877921400591731,0.9978196024894714,0.00024068198399618268,6.0318419855320826e-05,2.998021789955601,,,
m5b_smooth0.01,40,0.0014491371064195846,3.734713800440659e-06,0.002437733579427004,0.9970948696136475,0.00035404786467552185,0.00011040703247999772,2.9979704587558444,,,
m5b_smooth0.01,41,0.001894101954121652,4.095407348359004e-06,0.0032521444372832775,0.9961474537849426,0.0004345290653873235,0.00016184040578082204,2.9972476993716555,,,
m5b_smooth0.01,42,0.007639534608642862,1.2299119589442853e-05,0.006131534464657307,0.9923279881477356,0.0010197664378210902,0.0005090782651677728,2.998118906860327,,,
m5b_smooth0.01,43,0.010782667280182068,2.1701363948523067e-05,0.010164538398385048,0.9869354367256165,0.001793946255929768,0.0010826081270352006,2.999987067982147,,,
m5b_smooth0.01,44,0.026089966408108012,4.055097815580666e-05,0.01963183842599392,0.9738913774490356,0.003840973135083914,0.002595338737592101,3.006960583734326,,,
m5b_smooth0.01,45,0.09411485386954155,0.0001302588643739,0.05034210532903671,0.926834225654602,0.013162742368876934,0.009531296789646149,3.0642376657924615,,,
m5b_smooth0.01,46,0.29409428634971846,0.00036383685073815286,0.11785963177680969,0.7797871828079224,0.06175395846366882,0.0402362197637558,3.474636177183129,,,
m5b_smooth0.01,47,1.0442218384996522,0.000635050586424768,0.11293309181928635,0.26260268688201904,0.4653858244419098,0.15844394266605377,6.414760156068951,,,
m5b_smooth0.01,48,0.682788281381363,0.0002575234684627503,0.03206521272659302,0.03132905066013336,0.8067798614501953,0.12956874072551727,7.602925173123367,,,
m5b_smooth0.01,49,0.41206397325731814,0.0003252438909839839,0.042665526270866394,0.01799873262643814,0.6140776872634888,0.32493218779563904,8.963770797592588,,,
m5b_smooth0.01,50,0.45151117027853616,0.0011263000778853893,0.21095524728298187,0.03233197703957558,0.38832202553749084,0.36726367473602295,8.23547480814159,,,
m5b_smooth0.01,51,1.1088274188805372,0.002386371372267604,0.7511391639709473,0.04530134052038193,0.14198675751686096,0.05918487533926964,2.852721025235951,,,
m5b_smooth0.01,52,0.8216507243923843,0.0034408310893923044,0.37866219878196716,0.06818170845508575,0.5288779139518738,0.020837100222706795,4.783521990291774,,,
m5b_smooth0.01,53,0.6892389045096934,0.001976697938516736,0.06335601955652237,0.0565032921731472,0.8734980225563049,0.004667032975703478,6.531292391940951,,,
m5b_smooth0.01,54,0.09413887769915164,0.0014700840692967176,0.019626259803771973,0.05666569992899895,0.9204049706459045,0.0018338847439736128,6.746337584685534,,,
m5b_smooth0.01,55,0.0234742647735402,0.0011050692992284894,0.009141159243881702,0.06012244522571564,0.9286850690841675,0.000946579035371542,6.769860242959112,,,
m5b_smooth0.01,56,0.0871774036786519,0.001246068743057549,0.007527576293796301,0.10356959700584412,0.8868029713630676,0.0008530072518624365,6.612563392962329,,,
m5b_smooth0.01,57,1.1674052312155254,0.0019543806556612253,0.009689206257462502,0.6840777397155762,0.30310139060020447,0.0011785731185227633,4.3173950226046145,,,
m5b_smooth0.01,58,0.6001355805201456,0.0007635222864337265,0.0030045306775718927,0.9841448664665222,0.01162097416818142,0.00046606973046436906,3.0891222626669332,,,
m5b_smooth0.01,59,0.024532643117709085,0.00047826606896705925,0.0014219137374311686,0.9964109659194946,0.001386520336382091,0.0003018530551344156,3.033282360760495,,,
m5b_smooth0.01,60,0.002995165705215186,0.00040785796591080725,0.0010167831787839532,0.9979090094566345,0.00038755647256039083,0.0002792334125842899,3.0258374525874387,,,
m5b_smooth0.01,61,0.0018154213394154795,0.00022533684386871755,0.0006743449484929442,0.9988169074058533,0.00010263524745823815,0.00018159059982281178,3.013905992927903,,,
m5b_smooth0.01,62,0.0002810904406942427,0.00026563569554127753,0.000717272749170661,0.9987119436264038,6.644799577770755e-05,0.0002383033570367843,3.0165926283298177,,,
m5b_smooth0.01,63,0.0010033898943220265,0.0003749708703253418,0.0009641610085964203,0.9982125759124756,6.457055860664696e-05,0.00038422466604970396,3.023931280200486,,,
m5b_smooth0.01,64,0.0033967954077525064,0.0007995114428922534,0.0016895593143999577,0.9965134263038635,0.00010893205762840807,0.0008875700877979398,3.0523890304320958,,,
m5b_smooth0.01,65,0.004662948063923977,0.0013134563341736794,0.0026812786236405373,0.9941823482513428,0.00015598979371134192,0.0016667181625962257,3.088461686260416,,,
m5b_smooth0.01,66,0.012149569796747528,0.0026616856921464205,0.005055933725088835,0.9881079792976379,0.00030028470791876316,0.00387473963201046,3.1854293609503657,,,
m5b_smooth0.01,67,0.03373194532468915,0.006281555164605379,0.010757948271930218,0.971241295337677,0.0006814831867814064,0.011036918498575687,3.4606623854488134,,,
m5b_smooth0.01,68,0.18789924960583448,0.023326044902205467,0.03378729149699211,0.8772915005683899,0.0022482709027826786,0.06334575265645981,4.967802920844406,,,
m5b_smooth0.01,69,1.3838270851410925,0.07549519091844559,0.06954769045114517,0.18537898361682892,0.005812185816466808,0.6637668609619141,14.488817450590432,,,
m5b_smooth0.01,70,0.47672796738334,0.0530228428542614,0.029487691819667816,0.012141593731939793,0.0032175190281122923,0.9021304249763489,15.899631627136841,,,
m5b_smooth0.01,71,0.0380218462087214,0.06540489941835403,0.02089359611272812,0.0022614244371652603,0.0026805077213793993,0.9087589383125305,16.69336052495055,,,
m5b_smooth0.01,72,0.2317561627132818,0.17027033865451813,0.029744502156972885,0.001362212817184627,0.004842621274292469,0.7937804460525513,21.39687605353538,,,
m5b_smooth0.01,73,0.4556662690010853,0.3887292146682739,0.036704909056425095,0.0009080386371351779,0.007256766781210899,0.5664017796516418,31.34360418765573,,,
m5b_smooth0.01,74,0.4902404414024204,0.6320845484733582,0.03643151745200157,0.0006755453650839627,0.009021447971463203,0.3217872381210327,42.53170253144344,,,
m5b_smooth0.01,75,0.09150052815675735,0.6760075092315674,0.032791461795568466,0.0005984542076475918,0.010848583653569221,0.2797539532184601,44.58753280894598,,,
m5b_smooth0.01,76,0.3363070096820593,0.5078545212745667,0.03309944272041321,0.0006748142768628895,0.013875198550522327,0.4444970190525055,36.826479818613734,,,
m5b_smooth0.01,77,0.0654511654865928,0.47512826323509216,0.033110760152339935,0.0007875609444454312,0.016935622319579124,0.47403743863105774,35.29824273416307,,,
m5b_smooth0.01,78,0.010080214822664857,0.4728410542011261,0.0340794213116169,0.0010206600418314338,0.02077408693730831,0.4712846577167511,35.15100847010035,,,
m5b_smooth0.01,79,0.12835471180733293,0.5312464237213135,0.03467760607600212,0.001413289224728942,0.02555513195693493,0.4071071743965149,37.79208926227875,,,
m5b_smooth0.01,80,0.04769583325833082,0.5074295997619629,0.034647248685359955,0.001981233013793826,0.02968328818678856,0.42625972628593445,36.66178611875512,,,
m5b_smooth0.01,81,0.5415365674998611,0.7776190042495728,0.030460668727755547,0.0025596902705729008,0.02847290225327015,0.16088798642158508,49.14702212018892,,,
m5b_smooth0.01,82,0.26598533568903804,0.9098830819129944,0.024480624124407768,0.0032886620610952377,0.0232864860445261,0.03906216099858284,55.3372071813792,,,
m5b_smooth0.01,83,0.060290537774562836,0.9394468665122986,0.02277873270213604,0.003869675099849701,0.019810639321804047,0.014094159007072449,56.73719245009124,,,
m5b_smooth0.01,84,0.012865342199802399,0.9422464966773987,0.025173433125019073,0.004992880392819643,0.0199251901358366,0.007660903502255678,56.821670854929835,,,
m5b_smooth0.01,85,0.029590812511742115,0.9288379549980164,0.03221438452601433,0.0077811903320252895,0.024891942739486694,0.0062746466137468815,56.047923907171935,,,
m5b_smooth0.01,86,0.028091333340853453,0.9157951474189758,0.03803212568163872,0.01082935556769371,0.030071614310145378,0.00527169881388545,55.302534121088684,,,
m5b_smooth0.01,87,0.07873954949900508,0.8764251470565796,0.052775487303733826,0.018328264355659485,0.04594438150525093,0.006526210345327854,53.106246719136834,,,
m5b_smooth0.01,88,0.07445483328774571,0.8391977548599243,0.06270746141672134,0.027006203308701515,0.06333540380001068,0.007752716075628996,51.047477214597166,,,
m5b_smooth0.01,89,0.066459437366575,0.8059686422348022,0.06534309685230255,0.03641938790678978,0.08319472521543503,0.00907489936798811,49.242131462320685,,,
m5b_smooth0.01,90,0.07819455303251743,0.7668711543083191,0.06622346490621567,0.0486704520881176,0.10642704367637634,0.011808213777840137,47.13480837829411,,,
m5b_smooth0.01,91,0.018893594853579998,0.7647866010665894,0.05995514988899231,0.05601421743631363,0.10533251613378525,0.013910647481679916,47.04727054387331,,,
m5b_smooth0.01,92,0.0226540919393301,0.7538490295410156,0.059566132724285126,0.06302881985902786,0.10685684531927109,0.01669921912252903,46.46138134971261,,,
m5b_smooth0.01,93,0.10108458995819092,0.7033069729804993,0.06492197513580322,0.08769715577363968,0.12241556495428085,0.02165885455906391,43.68656473979354,,,
m5b_smooth0.01,94,0.29754355922341347,0.5545347332954407,0.08232554793357849,0.16709895431995392,0.1667952537536621,0.02924511395394802,35.43270478025079,,,
m5b_smooth0.01,95,0.532081576064229,0.288494348526001,0.09425074607133865,0.34585902094841003,0.23695887625217438,0.03443741798400879,20.58232470601797,,,
m5b_smooth0.01,96,0.3430163096636534,0.13436827063560486,0.08109372109174728,0.4272395372390747,0.3270860016345978,0.030211852863430977,12.137476522475481,,,
m5b_smooth0.01,97,0.3250215668231249,0.06918250024318695,0.06557489186525345,0.35172945261001587,0.4895970821380615,0.023916050791740417,9.033717550337315,,,
m5b_smooth0.01,98,0.21581018157303333,0.03896788880228996,0.052470285445451736,0.29091957211494446,0.597502589225769,0.020140474662184715,7.727787099778652,,,
m5b_smooth0.01,99,0.13904929906129837,0.023055216297507286,0.039905205368995667,0.25327837467193604,0.6670272350311279,0.0167347714304924,7.08653075248003,,,
m5b_smooth0.01,100,0.026188824325799942,0.016271881759166718,0.034063585102558136,0.25373131036758423,0.6796684861183167,0.016265088692307472,6.756961066275835,,,
m5b_smooth0.01,101,0.3540819566696882,0.03160513564944267,0.03219877555966377,0.0785551518201828,0.8360301852226257,0.021611124277114868,8.31893940642476,,,
m5b_smooth0.01,102,1.507359392940998,0.5218991041183472,0.18873639404773712,0.06596130132675171,0.09494424611330032,0.1284591406583786,34.163604237139225,,,
m5b_smooth0.01,103,0.5692394633078948,0.8065178990364075,0.16048666834831238,0.00669433455914259,0.0012505309423431754,0.02504887990653515,48.93108164949808,,,
m5b_smooth0.01,104,0.07423403159918962,0.7938358783721924,0.1976047158241272,0.001530397217720747,7.372943946393207e-05,0.006955655291676521,47.93024388996855,,,
m5b_smooth0.01,105,0.20646044330169389,0.6952227354049683,0.3008342981338501,0.0006840256974101067,1.4369057680596597e-05,0.003243669169023633,42.06176245129427,,,
m5b_smooth0.01,106,0.03656099784848266,0.7135038375854492,0.2844476103782654,0.00035274040419608355,3.7782742765557487e-06,0.0016923373332247138,43.11945525730289,,,
m5b_smooth0.01,107,0.034391607355019005,0.7306997179985046,0.2678593695163727,0.0002600175212137401,1.980915612875833e-06,0.0011793714947998524,44.12714756932678,,,
m5b_smooth0.01,108,0.04367304360312119,0.7088627219200134,0.28963249921798706,0.0002883986453525722,2.026781430686242e-06,0.0012138623278588057,42.83926927041489,,,
m5b_smooth0.01,109,0.008930979604429012,0.7043976783752441,0.2939984202384949,0.0003310504835098982,2.2956012344366172e-06,0.001270956709049642,42.57666173733901,,,
m5b_smooth0.01,110,0.029258722362328626,0.6897683143615723,0.3083565831184387,0.0004116160562261939,2.843956735887332e-06,0.0014610382495447993,41.71616473617223,,,
m5b_smooth0.01,111,0.0044978009150327125,0.6916150450706482,0.3061075508594513,0.0005324378143996,3.883856152242515e-06,0.001741214538924396,41.82901175907955,,,
m5b_smooth0.01,112,0.011748717820410093,0.6857408285140991,0.31065788865089417,0.0009109299280680716,8.781695214565843e-06,0.0026819880586117506,41.49544969396811,,,
m5b_smooth0.01,113,0.04315545157442102,0.7061705589294434,0.2890801429748535,0.0012630716664716601,1.3663433492183685e-05,0.0034729400649666786,42.71181969868485,,,
m5b_smooth0.01,114,0.0489317305800796,0.6817045211791992,0.3107850253582001,0.002088174456730485,2.89420313492883e-05,0.005393369123339653,41.295030581426545,,,
m5b_smooth0.01,115,0.033407685470592696,0.6948260068893433,0.29408127069473267,0.003121021669358015,5.1210776291554794e-05,0.007920698262751102,42.10425300017596,,,
m5b_smooth0.01,116,0.09818962296048994,0.6457310914993286,0.3343997895717621,0.005487771239131689,0.00011437945795478299,0.014266968704760075,39.2952668113212,,,
m5b_smooth0.01,117,0.04966288862488,0.6208996772766113,0.3410077393054962,0.009622322395443916,0.000257413019426167,0.028212908655405045,38.02063795540016,,,
m5b_smooth0.01,118,0.08593431315966882,0.6121852993965149,0.30675506591796875,0.015246961265802383,0.0004317530256230384,0.06538119167089462,38.001972868078155,,,
m5b_smooth0.01,119,0.47149700843147,0.4603838324546814,0.22280757129192352,0.025364527478814125,0.0008083163993433118,0.2906351089477539,31.996480841073208,,,
m5b_smooth0.1,4,,0.20000606775283813,0.20000606775283813,0.20000606775283813,0.20000606775283813,0.20000606775283813,17.00051575899124,,,
m5b_smooth0.1,5,0.10809396207332611,0.20287533104419708,0.14594395458698273,0.24543015658855438,0.20287533104419708,0.2028753012418747,17.315135821700096,,,
m5b_smooth0.1,6,0.06342048943042755,0.19230522215366364,0.15925480425357819,0.26382946968078613,0.19230522215366364,0.19230519235134125,16.527465790510178,,,
m5b_smooth0.1,7,0.12150295823812485,0.21255576610565186,0.10705683380365372,0.2552761733531952,0.21255581080913544,0.21255575120449066,18.089902512729168,,,
m5b_smooth0.1,8,0.05772218853235245,0.22217611968517303,0.10035048425197601,0.2331213802099228,0.22217614948749542,0.22217610478401184,18.79598031938076,,,
m5b_smooth0.1,9,0.08315303176641464,0.24019049108028412,0.08564402908086777,0.20625098049640656,0.22772356867790222,0.24019049108028412,20.072558291256428,,,
m5b_smooth0.1,10,0.043611377477645874,0.24928900599479675,0.07971418648958206,0.2098604142665863,0.21184849739074707,0.24928900599479675,20.63962135463953,,,
m5b_smooth0.1,11,0.16596956551074982,0.2907812297344208,0.0546647384762764,0.15193219482898712,0.21184104681015015,0.2907812297344208,23.511159650981426,,,
m5b_smooth0.1,12,0.0768672525882721,0.2888012230396271,0.04289715737104416,0.1292264759540558,0.2502749562263489,0.2888011932373047,23.553791366517544,,,
m5b_smooth0.1,13,0.026368115097284317,0.2858904302120209,0.04547310993075371,0.13983400166034698,0.24291196465492249,0.2858903408050537,23.321249451488256,,,
m5b_smooth0.1,14,0.021308720111846924,0.2848784625530243,0.04481292888522148,0.13186399638652802,0.2535666227340698,0.2848784327507019,23.29637708887458,,,
m5b_smooth0.1,15,0.07296915724873543,0.2666732668876648,0.0447382852435112,0.13708551228046417,0.2848292291164398,0.2666732370853424,22.183620758354664,,,
m5b_smooth0.1,16,0.08264574408531189,0.2786620557308197,0.04588673263788223,0.15626481175422668,0.24350640177726746,0.2756796181201935,22.798463977873325,,,
m5b_smooth0.1,17,0.25552279129624367,0.3481924533843994,0.038918036967515945,0.13490594923496246,0.14407294988632202,0.3339110016822815,27.018447760492563,,,
m5b_smooth0.1,18,0.06715244054794312,0.3273482620716095,0.03748977556824684,0.13462674617767334,0.1330479383468628,0.36748677492141724,26.158416155725718,,,
m5b_smooth0.1,19,0.07832968235015869,0.3557494580745697,0.03986068442463875,0.13629072904586792,0.1397773176431656,0.32832255959510803,27.368657413870096,,,
m5b_smooth0.1,20,0.06306736171245575,0.38300830125808716,0.04026765003800392,0.12866048514842987,0.14364475011825562,0.304418683052063,28.674121994525194,,,
m5b_smooth0.1,21,0.060450874269008636,0.41001635789871216,0.03998705372214317,0.12113307416439056,0.12122713029384613,0.3076358735561371,30.159859891980886,,,
m5b_smooth0.1,22,0.03697242960333824,0.41666465997695923,0.042211927473545074,0.12708598375320435,0.12488733232021332,0.2891497313976288,30.345657043159008,,,
m5b_smooth0.1,23,0.00966474786400795,0.4158225953578949,0.04201767221093178,0.12503236532211304,0.12314505875110626,0.29398226737976074,30.34423764422536,,,
m5b_smooth0.1,24,0.06811094284057617,0.4185848534107208,0.03757263347506523,0.10898016393184662,0.10958694666624069,0.32527559995651245,30.800571355968714,,,
m5b_smooth0.1,25,0.05572805926203728,0.43401989340782166,0.03931558132171631,0.11133494228124619,0.11791784316301346,0.2974112033843994,31.40369576215744,,,
m5b_smooth0.1,26,0.09855752065777779,0.46341875195503235,0.03278626129031181,0.08939968794584274,0.09710434824228287,0.317291796207428,33.22792602702975,,,
m5b_smooth0.1,27,0.03984922170639038,0.47780126333236694,0.03483475372195244,0.09057895839214325,0.09941811859607697,0.2973666191101074,33.83370692655444,,,
m5b_smooth0.1,28,0.07923183217644691,0.5174173712730408,0.03209449350833893,0.08280579000711441,0.08294139802455902,0.28474104404449463,35.892518542706966,,,
m5b_smooth0.1,29,0.07194183394312859,0.5533884763717651,0.03117332234978676,0.08237770944833755,0.08058379590511322,0.25247716903686523,37.58038197085261,,,
m5b_smooth0.1,30,0.02719710022211075,0.5445563793182373,0.03416265919804573,0.08860056847333908,0.08496978133916855,0.24771034717559814,37.036080453544855,,,
m5b_smooth0.1,31,0.3048807233572006,0.6969965696334839,0.01617550477385521,0.04537639021873474,0.05234665423631668,0.18910427391529083,44.98598526790738,,,
m5b_smooth0.1,32,0.7516816593706608,0.3211560845375061,0.1234450712800026,0.1393400877714157,0.1258123517036438,0.29024648666381836,24.75496768206358,,,
m5b_smooth0.1,33,0.9429737366735935,0.053699810057878494,0.546545147895813,0.18772687017917633,0.07349775731563568,0.13853047788143158,6.7856253534555435,,,
m5b_smooth0.1,34,0.3873526705428958,0.015264430083334446,0.4684363305568695,0.3814033567905426,0.05173627287149429,0.08315997570753098,4.054905775934458,,,
m5b_smooth0.1,35,0.7559466827660799,0.00542984064668417,0.14301538467407227,0.7593764066696167,0.03876464441418648,0.0534135065972805,3.766076646745205,,,
m5b_smooth0.1,36,0.23144174902699888,0.0024672478903084993,0.0549241378903389,0.8750971555709839,0.030863502994179726,0.0366474874317646,3.557359823025763,,,
m5b_smooth0.1,37,0.04818190494552255,0.0015890176873654127,0.03403029963374138,0.8982906937599182,0.031760524958372116,0.03432821109890938,3.527162072248757,,,
m5b_smooth0.1,38,0.01462961663492024,0.0013385149650275707,0.02721751108765602,0.8980396389961243,0.036577798426151276,0.03682620823383331,3.5732588302344084,,,
m5b_smooth0.1,39,0.015185245778411627,0.0010905545204877853,0.022096287459135056,0.9056326746940613,0.036117538809776306,0.03506344184279442,3.548138540238142,,,
m5b_smooth0.1,40,0.036434453330002725,0.0011649898951873183,0.022069748491048813,0.8874416351318359,0.04606321081519127,0.04326020926237106,3.6823794529773295,,,
m5b_smooth0.1,41,0.015726560610346496,0.0010003005154430866,0.02079664170742035,0.8822534084320068,0.044826190918684006,0.0511237271130085,3.757090413942933,,,
m5b_smooth0.1,42,0.14631082385312766,0.0016824280610308051,0.02697089873254299,0.8090974688529968,0.06271584331989288,0.09953257441520691,4.387675934005529,,,
m5b_smooth0.1,43,0.03665169212035835,0.0016309755155816674,0.023822011426091194,0.8005210161209106,0.05616729333996773,0.11785892397165298,4.566439579706639,,,
m5b_smooth0.1,44,0.26293329836335033,0.0018724612891674042,0.02555796504020691,0.6690548062324524,0.07325521111488342,0.23026065528392792,5.881505712866783,,,
m5b_smooth0.1,45,0.4784865251276642,0.0024565274361521006,0.02653616853058338,0.42981088161468506,0.08857399225234985,0.4526222050189972,8.420089275576174,,,
m5b_smooth0.1,46,0.005797904450446367,0.002733309520408511,0.024338236078619957,0.4324328303337097,0.08802623301744461,0.45246872305870056,8.43638105224818,,,
m5b_smooth0.1,47,0.23017025971785188,0.0032241803128272295,0.02372962236404419,0.3179568350315094,0.09514188766479492,0.5599478483200073,9.676314036361873,,,
m5b_smooth0.1,48,0.07123868027701974,0.002962658880278468,0.02272620052099228,0.3535754084587097,0.09293609857559204,0.5277984738349915,9.300943282432854,,,
m5b_smooth0.1,49,0.04143608990125358,0.002935962751507759,0.025208091363310814,0.3648050129413605,0.0999431386590004,0.5071076154708862,9.094889482483268,,,
m5b_smooth0.1,50,0.02574686612933874,0.0036343438550829887,0.033818233758211136,0.36620739102363586,0.10210557281970978,0.4942340850830078,8.984517239034176,,,
m5b_smooth0.1,51,0.18836022866889834,0.0051603191532194614,0.057354290038347244,0.4353252053260803,0.10076601058244705,0.40139326453208923,7.9978168327361345,,,
m5b_smooth0.1,52,0.43758598854765296,0.006539098918437958,0.07886330783367157,0.6312307715415955,0.07302446663379669,0.2103421837091446,5.8208633959293365,,,
m5b_smooth0.1,53,0.19540144130587578,0.007048759609460831,0.0826098769903183,0.7246753573417664,0.06048886477947235,0.12517715990543365,4.855463817715645,,,
m5b_smooth0.1,54,0.04140099883079529,0.008907336741685867,0.08501528948545456,0.7039743065834045,0.06595432013273239,0.1361476629972458,5.099125936627388,,,
m5b_smooth0.1,55,0.06679414864629507,0.009117304347455502,0.07161413878202438,0.6915816068649292,0.05835152789950371,0.16933520138263702,5.472550734877586,,,
m5b_smooth0.1,56,0.34290631022304296,0.010194292291998863,0.07613588124513626,0.5209179520606995,0.05756231024861336,0.33518990874290466,7.346142169088125,,,
m5b_smooth0.1,57,0.4317704997956753,0.009705135598778725,0.07765812426805496,0.3194747269153595,0.04360920563340187,0.5495526790618896,9.617392387241125,,,
m5b_smooth0.1,58,0.09588096104562283,0.011094469577074051,0.098600372672081,0.27550721168518066,0.039636239409446716,0.5751615762710571,9.920505926012993,,,
m5b_smooth0.1,59,0.3601770903915167,0.014786859974265099,0.14298762381076813,0.40482187271118164,0.042330626398324966,0.39507317543029785,8.072003681212664,,,
m5b_smooth0.1,60,0.18947479873895645,0.01603684015572071,0.1439836323261261,0.4973127543926239,0.03866913169622421,0.303996741771698,7.124770611524582,,,
m5b_smooth0.1,61,0.051759058609604836,0.013092376291751862,0.12776689231395721,0.5207632780075073,0.031951434910297394,0.30642637610435486,6.989228613674641,,,
m5b_smooth0.1,62,0.40663160756230354,0.014793936163187027,0.11396069079637527,0.3312530815601349,0.03760185092687607,0.5023896098136902,9.292023599147797,,,
m5b_smooth0.1,63,0.08765397034585476,0.0169669296592474,0.09416542202234268,0.3072214424610138,0.04635797068476677,0.5352875590324402,9.852377150207758,,,
m5b_smooth0.1,64,0.06997878104448318,0.02248605154454708,0.10270192474126816,0.27223286032676697,0.062088582664728165,0.54049152135849,10.270064976066351,,,
m5b_smooth0.1,65,0.054758358746767044,0.023315897211432457,0.08738984167575836,0.2638693153858185,0.05838426202535629,0.5670400857925415,10.625202655792236,,,
m5b_smooth0.1,66,0.22622180357575417,0.023620596155524254,0.08001862466335297,0.16127502918243408,0.05523933842778206,0.6798467636108398,11.885609541088343,,,
m5b_smooth0.1,67,0.04065166041254997,0.02808058075606823,0.07513473927974701,0.14583304524421692,0.06718172878026962,0.6837701797485352,12.240523338317871,,,
m5b_smooth0.1,68,0.03494624234735966,0.03216154873371124,0.06891652941703796,0.13457803428173065,0.07199744880199432,0.6923465132713318,12.59917688369751,,,
m5b_smooth0.1,69,0.06795942038297653,0.038365527987480164,0.07033218443393707,0.10059835016727448,0.0813908502459526,0.7093132138252258,13.1741798594594,,,
m5b_smooth0.1,70,0.0200231671333313,0.04183989763259888,0.06468876451253891,0.09623005241155624,0.0830036923289299,0.7142374515533447,13.444122947752476,,,
m5b_smooth0.1,71,0.045750122517347336,0.040510356426239014,0.05834672972559929,0.09554078429937363,0.06848936527967453,0.7371124029159546,13.574589665979147,,,
m5b_smooth0.1,72,0.05360081046819687,0.04964276775717735,0.061492085456848145,0.1084013357758522,0.07015182077884674,0.7103123664855957,13.800698034465313,,,
m5b_smooth0.1,73,0.05182122439146042,0.048146672546863556,0.052139561623334885,0.10220302641391754,0.06128772348165512,0.7362225651741028,13.983678970485926,,,
m5b_smooth0.1,74,0.027530308812856674,0.05165405198931694,0.05087391659617424,0.10874845087528229,0.06500007212162018,0.7237230539321899,14.063485648483038,,,
m5b_smooth0.1,75,0.07225674390792847,0.05503359064459801,0.03894037380814552,0.0855138823390007,0.06403961777687073,0.7564716935157776,14.63637849316001,,,
m5b_smooth0.1,76,0.019803829491138458,0.05943453311920166,0.03375694155693054,0.08247778564691544,0.06235794723033905,0.7619733810424805,14.951395250856876,,,
m5b_smooth0.1,77,0.09914162755012512,0.05297863110899925,0.02616625651717186,0.06376227736473083,0.04554873704910278,0.8115437030792236,15.07662395760417,,,
m5b_smooth0.1,78,0.013447465375065804,0.059702325612306595,0.025310033932328224,0.0623544305562973,0.044473566114902496,0.8081591725349426,15.42005624063313,,,
m5b_smooth0.1,79,0.018253440037369728,0.0667816698551178,0.025366462767124176,0.060124386101961136,0.04646505042910576,0.8012630343437195,15.755577646195889,,,
m5b_smooth0.1,80,0.023994505405426025,0.06204485148191452,0.024012885987758636,0.057356107980012894,0.04332602396607399,0.8132598400115967,15.60769222676754,,,
m5b_smooth0.1,81,0.024185186251997948,0.07136549055576324,0.0251078512519598,0.05573134869337082,0.04500313848257065,0.8027921319007874,16.028343146666884,,,
m5b_smooth0.1,82,0.08876368217170238,0.08863934129476547,0.034749627113342285,0.060744233429431915,0.05745651200413704,0.7584103345870972,16.555283073335886,,,
m5b_smooth0.1,83,0.06146503984928131,0.073017418384552,0.03514197841286659,0.05352845788002014,0.04956153780221939,0.7887503504753113,15.96620812639594,,,
m5b_smooth0.1,84,0.012823816388845444,0.07310771942138672,0.03640395402908325,0.05798399820923805,0.050166402012109756,0.7823392152786255,15.900732941925526,,,
m5b_smooth0.1,85,0.016551364213228226,0.07535656541585922,0.037541184574365616,0.061932504177093506,0.051106780767440796,0.7740628123283386,15.939359460026026,,,
m5b_smooth0.1,86,0.019428957253694534,0.07040123641490936,0.03567248955368996,0.060204800218343735,0.04994385689496994,0.783777117729187,15.76284772157669,,,
m5b_smooth0.1,87,0.03103552758693695,0.07581893354654312,0.036952994763851166,0.06537275016307831,0.053596533834934235,0.7682604193687439,15.913028866052628,,,
m5b_smooth0.1,88,0.044793300330638885,0.06904889643192291,0.03246729448437691,0.06000877544283867,0.04781801998615265,0.7906554937362671,15.759330458939075,,,
m5b_smooth0.1,89,0.04568200558423996,0.07987786084413528,0.03366577625274658,0.0652860626578331,0.05335544794797897,0.7678156495094299,16.145102843642235,,,
m5b_smooth0.1,90,0.0037601180374622345,0.08043555915355682,0.03474707156419754,0.06498879939317703,0.05359543487429619,0.7662317752838135,16.1582599170506,,,
m5b_smooth0.1,91,0.02415904775261879,0.07502943277359009,0.03598373755812645,0.05985031649470329,0.052061475813388824,0.7770755887031555,15.96078922599554,,,
m5b_smooth0.1,92,0.008853200823068619,0.07251408696174622,0.036362722516059875,0.060941290110349655,0.050149790942668915,0.7800318002700806,15.841525550931692,,,
m5b_smooth0.1,93,0.08158339560031891,0.087596595287323,0.041232649236917496,0.0741724744439125,0.05775793641805649,0.7392401695251465,16.27321371808648,,,
m5b_smooth0.1,94,0.06122913211584091,0.09580796957015991,0.04620964080095291,0.08861887454986572,0.06073804572224617,0.7086259126663208,16.40647353604436,,,
m5b_smooth0.1,95,0.08908979594707489,0.1017550528049469,0.05615810677409172,0.11091917008161545,0.06708670407533646,0.6640806198120117,16.26095439121127,,,
m5b_smooth0.1,96,0.050519730895757675,0.08918902277946472,0.06148963421583176,0.12771953642368317,0.07021498680114746,0.651387095451355,15.406913854181767,,,
m5b_smooth0.1,97,0.04902210831642151,0.07364855706691742,0.05858808010816574,0.14666268229484558,0.06414613127708435,0.6569551825523376,14.563885025680065,,,
m5b_smooth0.1,98,0.09434555470943451,0.07030399888753891,0.06562158465385437,0.18496325612068176,0.06598462164402008,0.6131267547607422,13.884418204426765,,,
m5b_smooth0.1,99,0.08013786748051643,0.05767275020480156,0.06361319124698639,0.22503189742565155,0.06514856964349747,0.5885332226753235,12.894579000771046,,,
m5b_smooth0.1,100,0.054079461842775345,0.05613312870264053,0.06985249370336533,0.224614217877388,0.08594943583011627,0.5634512305259705,12.601646147668362,,,
m5b_smooth0.1,101,0.4122390206903219,0.04775192216038704,0.030539074912667274,0.11000337451696396,0.04213536158204079,0.7695707082748413,14.294601975008845,,,
m5b_smooth0.1,102,0.37488351948559284,0.1744445264339447,0.06569157540798187,0.12074137479066849,0.05699430778622627,0.5821292400360107,19.443356800824404,,,
m5b_smooth0.1,103,0.33770012855529785,0.28727802634239197,0.12170789390802383,0.09939452260732651,0.037538763135671616,0.45408132672309875,24.276482958346605,,,
m5b_smooth0.1,104,0.14494597911834717,0.2929975688457489,0.18418923020362854,0.10366623103618622,0.02354879304766655,0.395597904920578,23.77825427427888,,,
m5b_smooth0.1,105,0.20304620452225208,0.30703532695770264,0.2193581610918045,0.1559830904006958,0.018280038610100746,0.299344003200531,23.42820336483419,,,
m5b_smooth0.1,106,0.19213689677417278,0.31758320331573486,0.13876010477542877,0.24150362610816956,0.015810664743185043,0.28634294867515564,24.037739116698503,,,
m5b_smooth0.1,107,0.17453162465244532,0.3017735183238983,0.13623113930225372,0.3287689983844757,0.015198136679828167,0.21802787482738495,22.387726438231766,,,
m5b_smooth0.1,108,0.0689740190282464,0.2731470465660095,0.13037072122097015,0.3544372618198395,0.018619682639837265,0.22342519462108612,20.840795803815126,,,
m5b_smooth0.1,109,0.04194804094731808,0.29215309023857117,0.13024036586284637,0.34829503297805786,0.020587535575032234,0.20872363448143005,21.770554510876536,,,
m5b_smooth0.1,110,0.06634650006890297,0.31786102056503296,0.1345108151435852,0.32047611474990845,0.023782527074217796,0.20336942374706268,23.18125001527369,,,
m5b_smooth0.1,111,0.05605386942625046,0.2939620614051819,0.1378716379404068,0.3393828868865967,0.029542220756411552,0.19924180209636688,21.789924757555127,,,
m5b_smooth0.1,112,0.0791341420263052,0.2756929397583008,0.11657305806875229,0.35695165395736694,0.04128454253077507,0.20949715375900269,20.950956355780363,,,
m5b_smooth0.1,113,0.055116042494773865,0.28367048501968384,0.09923651814460754,0.37264925241470337,0.0451677031815052,0.19927595555782318,21.34345067664981,,,
m5b_smooth0.1,114,0.07636085525155067,0.28167104721069336,0.08827978372573853,0.3474251627922058,0.05332491546869278,0.22929933667182922,21.614283226430416,,,
m5b_smooth0.1,115,0.06311900913715363,0.2626837491989136,0.07570761442184448,0.3559414744377136,0.05584277957677841,0.24982470273971558,20.793002285063267,,,
m5b_smooth0.1,116,0.16966154426336288,0.1778527796268463,0.07605092227458954,0.4099557399749756,0.06516948342323303,0.27097100019454956,16.22686530649662,,,
m5b_smooth0.1,117,0.013071782886981964,0.17944003641605377,0.0735868513584137,0.4085425138473511,0.0625106617808342,0.2759194076061249,16.36606291681528,,,
m5b_smooth0.1,118,0.11562351882457733,0.17589880526065826,0.07061542570590973,0.3610422909259796,0.05871196836233139,0.33373135328292847,16.790893338620663,,,
m5b_smooth0.1,119,0.10887628048658371,0.17322759330272675,0.06559634953737259,0.3142944574356079,0.06553614884614944,0.38134533166885376,17.1997230052948,,,
m5b_smooth0.3,4,,0.20000606775283813,0.20000606775283813,0.20000606775283813,0.20000606775283813,0.20000606775283813,17.00051575899124,,,
m5b_smooth0.3,5,0.08578355610370636,0.1940259337425232,0.24288275837898254,0.17503957450389862,0.19402596354484558,0.1940259337425232,16.484102323651314,,,
m5b_smooth0.3,6,0.06942178308963776,0.18999633193016052,0.2202608436346054,0.20975065231323242,0.18999633193016052,0.1899963766336441,16.239216312766075,,,
m5b_smooth0.3,7,0.04972182214260101,0.19031856954097748,0.19539931416511536,0.2336442619562149,0.19031856954097748,0.19031858444213867,16.312136441469193,,,
m5b_smooth0.3,8,0.0751289576292038,0.19757157564163208,0.21120482683181763,0.19607987999916077,0.1975715607404709,0.19757165014743805,16.802743032574654,,,
m5b_smooth0.3,9,0.14390234649181366,0.21695424616336823,0.13925394415855408,0.21377624571323395,0.2130613476037979,0.2169542908668518,18.32662695646286,,,
m5b_smooth0.3,10,0.048403069376945496,0.22806675732135773,0.13183102011680603,0.19699761271476746,0.2150377631187439,0.22806687653064728,19.10502991080284,,,
m5b_smooth0.3,11,0.1972011998295784,0.2662758529186249,0.10339318960905075,0.12683480978012085,0.23722010850906372,0.2662760019302368,21.848853580653667,,,
m5b_smooth0.3,12,0.06732448935508728,0.25384920835494995,0.09458399564027786,0.13309045135974884,0.2646263837814331,0.2538492679595947,21.13108228892088,,,
m5b_smooth0.3,13,0.08093582838773727,0.2541128993034363,0.10381612181663513,0.16379927098751068,0.22415891289710999,0.25411298871040344,20.968682125210762,,,
m5b_smooth0.3,14,0.07662247121334076,0.26782771944999695,0.09238483011722565,0.17468062043190002,0.19727881252765656,0.2678278982639313,21.816632121801376,,,
m5b_smooth0.3,15,0.03470934182405472,0.2722083628177643,0.08139532059431076,0.18327419459819794,0.19091378152370453,0.27220848202705383,22.111034892499447,,,
m5b_smooth0.3,16,0.032773181796073914,0.2729725241661072,0.08561698347330093,0.16710644960403442,0.20231440663337708,0.27198949456214905,22.18934155255556,,,
m5b_smooth0.3,17,0.07605531811714172,0.29159778356552124,0.08944664150476456,0.16568759083747864,0.16570529341697693,0.28756192326545715,23.268180407583714,,,
m5b_smooth0.3,18,0.07176084816455841,0.27630138397216797,0.0982222631573677,0.18570011854171753,0.17279742658138275,0.2669777572154999,22.180676244199276,,,
m5b_smooth0.3,19,0.04155725985765457,0.2691081762313843,0.10269005596637726,0.1965375542640686,0.17827139794826508,0.25339290499687195,21.634193748235703,,,
m5b_smooth0.3,20,0.058685027062892914,0.2530101239681244,0.08944553881883621,0.19887475669384003,0.18662257492542267,0.2720469832420349,20.981693036854267,,,
m5b_smooth0.3,21,0.11149581521749496,0.2699985206127167,0.07873803377151489,0.15383435785770416,0.20098987221717834,0.29643920063972473,22.297230258584023,,,
m5b_smooth0.3,22,0.09280144423246384,0.2816801369190216,0.07443652302026749,0.1509396731853485,0.2357093244791031,0.25723502039909363,22.679319314658642,,,
m5b_smooth0.3,23,0.01510637253522873,0.28298941254615784,0.07615967094898224,0.15360990166664124,0.22815561294555664,0.2590850293636322,22.740633830428123,,,
m5b_smooth0.3,24,0.04618939757347107,0.28352251648902893,0.0772324651479721,0.13051548600196838,0.24594533443450928,0.2627843916416168,22.880728736519814,,,
m5b_smooth0.3,25,0.03446172922849655,0.27640485763549805,0.08902039378881454,0.13595816493034363,0.23883523046970367,0.25978103280067444,22.389967419207096,,,
m5b_smooth0.3,26,0.07344955205917358,0.2996203899383545,0.08215826004743576,0.11582495272159576,0.25234460830688477,0.25005173683166504,23.673993088304996,,,
m5b_smooth0.3,27,0.05814152956008911,0.3200254738330841,0.0875968411564827,0.11905217170715332,0.23568403720855713,0.23764166235923767,24.623053319752216,,,
m5b_smooth0.3,28,0.17967435717582703,0.3919627368450165,0.07885940372943878,0.10391510277986526,0.1697210818529129,0.25554129481315613,28.6739946231246,,,
m5b_smooth0.3,29,0.052000708878040314,0.41796281933784485,0.07509691268205643,0.10180746763944626,0.15571121871471405,0.2494206577539444,30.040156215429306,,,
m5b_smooth0.3,30,0.044249698519706726,0.3978635370731354,0.08068205416202545,0.10543514788150787,0.15368600189685822,0.2623330354690552,29.01726423203945,,,
m5b_smooth0.3,31,0.20806894451379776,0.4716222286224365,0.036773182451725006,0.08084319531917572,0.11815227568149567,0.29260873794555664,33.500224746763706,,,
m5b_smooth0.3,32,0.33110711723566055,0.3672899901866913,0.10381695628166199,0.14506974816322327,0.15243582427501678,0.23138773441314697,26.882904663681984,,,
m5b_smooth0.3,33,0.3445645868778229,0.3364783823490143,0.20641766488552094,0.21475160121917725,0.1137194037437439,0.12863373756408691,23.636283561587334,,,
m5b_smooth0.3,34,0.22581207752227783,0.28630417585372925,0.20570538938045502,0.3276573419570923,0.09731481969356537,0.0830184668302536,20.210390239953995,,,
m5b_smooth0.3,35,0.20905257016420364,0.2707465589046478,0.15248063206672668,0.4321833550930023,0.08766984194517136,0.05691926181316376,19.104382790625095,,,
m5b_smooth0.3,36,0.1884075328707695,0.18833117187023163,0.15365353226661682,0.5216192603111267,0.09126485139131546,0.045130930840969086,14.28906861692667,,,
m5b_smooth0.3,37,0.09062252193689346,0.14881041646003723,0.1674269139766693,0.5529982447624207,0.09142422676086426,0.03934090584516525,11.945788905024529,,,
m5b_smooth0.3,38,0.04434427618980408,0.14095447957515717,0.18094801902770996,0.5386817455291748,0.09944066405296326,0.039975203573703766,11.50999952852726,,,
m5b_smooth0.3,39,0.09103298559784889,0.131895512342453,0.1521649807691574,0.5841981768608093,0.09494204819202423,0.036799270659685135,10.998274378478527,,,
m5b_smooth0.3,40,0.032550469040870667,0.13169600069522858,0.13608914613723755,0.6001309156417847,0.09502770751714706,0.03705599531531334,11.022219821810722,,,
m5b_smooth0.3,41,0.1282919980585575,0.13079531490802765,0.09390319138765335,0.6642768383026123,0.07927535474300385,0.03174891322851181,10.933864869177341,,,
m5b_smooth0.3,42,0.17779282107949257,0.18821260333061218,0.093768410384655,0.5755152106285095,0.10022794455289841,0.04227544739842415,14.406522117555141,,,
m5b_smooth0.3,43,0.05946176499128342,0.18384739756584167,0.07214707136154175,0.6052461862564087,0.1001768559217453,0.03858229145407677,14.16011955589056,,,
m5b_smooth0.3,44,0.11307673156261444,0.2031826376914978,0.07018474489450455,0.5506703853607178,0.13579532504081726,0.040167186409235,15.426062047481537,,,
m5b_smooth0.3,45,0.05041077360510826,0.2040853053331375,0.07319021970033646,0.5254650712013245,0.15146423876285553,0.045795589685440063,15.59609168022871,,,
m5b_smooth0.3,46,0.03329409286379814,0.20154225826263428,0.07586744427680969,0.5390146970748901,0.13736003637313843,0.04621558263897896,15.393985442817211,,,
m5b_smooth0.3,47,0.02649838477373123,0.19009029865264893,0.07407046854496002,0.5399388074874878,0.14928632974624634,0.0466146282851696,14.796913914382458,,,
m5b_smooth0.3,48,0.06274469196796417,0.2009090632200241,0.06701114028692245,0.5604921579360962,0.13323874771595,0.0383489616215229,15.272588104009628,,,
m5b_smooth0.3,49,0.1017366535961628,0.24969592690467834,0.06749352812767029,0.5133426785469055,0.13483759760856628,0.03462988883256912,18.01795880496502,,,
m5b_smooth0.3,50,0.10329165309667587,0.29367685317993164,0.07289198040962219,0.467009574174881,0.1295250505208969,0.036896511912345886,20.517758414149284,,,
m5b_smooth0.3,51,0.08159582316875458,0.32135990262031555,0.08161372691392899,0.42865467071533203,0.1270822286605835,0.041289813816547394,22.116804890334606,,,
m5b_smooth0.3,52,0.04880876466631889,0.3433542549610138,0.08402349054813385,0.4208656847476959,0.11175990104675293,0.03999647870659828,23.290145851671696,,,
m5b_smooth0.3,53,0.038902200758457184,0.3539073169231415,0.08367292582988739,0.4297638237476349,0.09824491292238235,0.03441103175282478,23.776872247457504,,,
m5b_smooth0.3,54,0.07097156718373299,0.3893935978412628,0.08203376084566116,0.40648412704467773,0.09120383858680725,0.03088568150997162,25.735928423702717,,,
m5b_smooth0.3,55,0.10472732223570347,0.4417562782764435,0.07569504529237747,0.3739604949951172,0.082571841776371,0.0260153841227293,28.645171497017145,,,
m5b_smooth0.3,56,0.06530877202749252,0.4091954231262207,0.07821834087371826,0.39516767859458923,0.0914960652589798,0.025922169908881187,26.818829599767923,,,
m5b_smooth0.3,57,0.031427161768078804,0.4006456732749939,0.08501744270324707,0.38800397515296936,0.09727223962545395,0.02906060218811035,26.37552387267351,,,
m5b_smooth0.3,58,0.04551246762275696,0.37956294417381287,0.09944787621498108,0.38773664832115173,0.0958656594157219,0.03738600015640259,25.230898089706898,,,
m5b_smooth0.3,59,0.17496180161833763,0.3061038553714752,0.10379054397344589,0.4659561812877655,0.08184432238340378,0.042305175215005875,21.033073119819164,,,
m5b_smooth0.3,60,0.04097418487071991,0.29516637325286865,0.09888752549886703,0.48644325137138367,0.07955709099769592,0.03994579240679741,20.384340405464172,,,
m5b_smooth0.3,61,0.0840739794075489,0.28133732080459595,0.09471789747476578,0.5284795165061951,0.06557375192642212,0.029890097677707672,19.43787332624197,,,
m5b_smooth0.3,62,0.19776871800422668,0.3577852249145508,0.1018543615937233,0.4295959770679474,0.0776621624827385,0.03310249745845795,23.864825889468193,,,
m5b_smooth0.3,63,0.04149777442216873,0.34919407963752747,0.09604447335004807,0.4232482612133026,0.0941537544131279,0.03735993057489395,23.499549344182014,,,
m5b_smooth0.3,64,0.06073871627449989,0.3484525978565216,0.0997743308544159,0.39362016320228577,0.11298097670078278,0.045171987265348434,23.611065350472927,,,
m5b_smooth0.3,65,0.07149152457714081,0.3403162956237793,0.07947596907615662,0.42936572432518005,0.11115030944347382,0.03969135507941246,23.120282016694546,,,
m5b_smooth0.3,66,0.02611054852604866,0.33012816309928894,0.08105888962745667,0.4264988303184509,0.1219136118888855,0.04040065407752991,22.587249606847763,,,
m5b_smooth0.3,67,0.043263502418994904,0.3411983549594879,0.080628402531147,0.40529772639274597,0.13039781153202057,0.04247817397117615,23.27590199559927,,,
m5b_smooth0.3,68,0.09992128983139992,0.36654841899871826,0.08023201674222946,0.35573336482048035,0.15264159440994263,0.044844869524240494,24.83665658533573,,,
m5b_smooth0.3,69,0.031216684728860855,0.3509402275085449,0.08422638475894928,0.3595866560935974,0.156481072306633,0.04876622557640076,23.99749466776848,,,
m5b_smooth0.3,70,0.09963460266590118,0.31563469767570496,0.08259902149438858,0.409403532743454,0.14646030962467194,0.045902155339717865,21.9167438223958,,,
m5b_smooth0.3,71,0.13149556890130043,0.3797166645526886,0.08426528424024582,0.3455691337585449,0.14626894891262054,0.044180575758218765,25.546383261680603,,,
m5b_smooth0.3,72,0.029571037739515305,0.3760520815849304,0.09288813173770905,0.3409102261066437,0.13980679214000702,0.050343118607997894,25.362194910645485,,,
m5b_smooth0.3,73,0.14776620641350746,0.44993510842323303,0.07172250002622604,0.3338806629180908,0.09765756875276566,0.04680435732007027,29.408334977924824,,,
m5b_smooth0.3,74,0.03438865765929222,0.43274036049842834,0.07333186268806458,0.3388890027999878,0.10036451369524002,0.05467361956834793,28.52240277081728,,,
m5b_smooth0.3,75,0.05251035839319229,0.4196254014968872,0.07599437236785889,0.3257492184638977,0.11302262544631958,0.06560861319303513,27.940445080399513,,,
m5b_smooth0.3,76,0.09995412081480026,0.37149301171302795,0.07573750615119934,0.37466320395469666,0.11408542841672897,0.064020536839962,25.184193335473537,,,
m5b_smooth0.3,77,0.13677017763257027,0.4398781657218933,0.07396512478590012,0.32661575078964233,0.10152845084667206,0.05801232531666756,28.969374030828476,,,
m5b_smooth0.3,78,0.042033322155475616,0.4188617765903473,0.07817588746547699,0.3347042500972748,0.10703814029693604,0.061220306903123856,27.820346511900425,,,
m5b_smooth0.3,79,0.16210464760661125,0.49002233147621155,0.083910271525383,0.264116495847702,0.09657345712184906,0.06537757813930511,31.868899941444397,,,
m5b_smooth0.3,80,0.03421381115913391,0.47895169258117676,0.09116160869598389,0.25808024406433105,0.10514702647924423,0.0666595920920372,31.271767370402813,,,
m5b_smooth0.3,81,0.03908597677946091,0.4758194088935852,0.09074760973453522,0.24208351969718933,0.12381908297538757,0.06753050535917282,31.178323358297348,,,
m5b_smooth0.3,82,0.041738592088222504,0.46798011660575867,0.10243888199329376,0.2290533035993576,0.12384463846683502,0.07668276131153107,30.808876916766167,,,
m5b_smooth0.3,83,0.056298717856407166,0.48928892612457275,0.10370616614818573,0.23462654650211334,0.09889744967222214,0.07348056882619858,31.885931484401226,,,
m5b_smooth0.3,84,0.05532102286815643,0.46813517808914185,0.12315672636032104,0.24149762094020844,0.10023610293865204,0.06697358191013336,30.57504314184189,,,
m5b_smooth0.3,85,0.09449244290590286,0.5062751770019531,0.11280983686447144,0.2161542773246765,0.10934221744537354,0.055417485535144806,32.67902360856533,,,
m5b_smooth0.3,86,0.06233861669898033,0.5374453067779541,0.10350431501865387,0.20720317959785461,0.10217274725437164,0.04967508837580681,34.38249272853136,,,
m5b_smooth0.3,87,0.06136948615312576,0.5067605972290039,0.11267228424549103,0.2202211320400238,0.10837899893522263,0.051967691630125046,32.665172189474106,,,
m5b_smooth0.3,88,0.028069689869880676,0.5156694054603577,0.11296886950731277,0.20763519406318665,0.1132083460688591,0.05051868036389351,33.175758726894855,,,
m5b_smooth0.3,89,0.07328581809997559,0.4790267050266266,0.1230635792016983,0.21120351552963257,0.13274464011192322,0.05396247282624245,31.182963527739048,,,
m5b_smooth0.3,90,0.013277057558298111,0.48543834686279297,0.12100145220756531,0.20745916664600372,0.13191188871860504,0.05418866127729416,31.551704242825508,,,
m5b_smooth0.3,91,0.12238691374659538,0.5466323494911194,0.09816823154687881,0.17880785465240479,0.12429116666316986,0.052101004868745804,35.03198499977589,,,
m5b_smooth0.3,92,0.039883289486169815,0.531762957572937,0.09709978103637695,0.1851743906736374,0.13786567747592926,0.04809660464525223,34.196812614798546,,,
m5b_smooth0.3,93,0.09482287243008614,0.5736764669418335,0.0769869014620781,0.16090473532676697,0.14336425065994263,0.045068349689245224,36.61479577422142,,,
m5b_smooth0.3,94,0.04104839265346527,0.5544602274894714,0.07567883282899857,0.17102299630641937,0.15210004150867462,0.046738382428884506,35.57539911568165,,,
m5b_smooth0.3,95,0.029140356928110123,0.54379802942276,0.08085611462593079,0.16711527109146118,0.15724584460258484,0.050985731184482574,35.024604842066765,,,
m5b_smooth0.3,96,0.012113016098737717,0.5437107086181641,0.07786893844604492,0.17317110300064087,0.1562323272228241,0.0490165613591671,34.99988291412592,,,
m5b_smooth0.3,97,0.0277024544775486,0.5511943101882935,0.07271873205900192,0.17953941226005554,0.1522643268108368,0.04428422451019287,35.368825010955334,,,
m5b_smooth0.3,98,0.049692898988723755,0.5263472199440002,0.08284518122673035,0.18236000835895538,0.16005867719650269,0.048388637602329254,34.00861006975174,,,
m5b_smooth0.3,99,0.02021147310733795,0.518763542175293,0.08432076871395111,0.18615342676639557,0.16489523649215698,0.045866407454013824,33.56498993933201,,,
m5b_smooth0.3,100,0.15850702300667763,0.4395102262496948,0.09592913091182709,0.21960823237895966,0.1960625797510147,0.04888960346579552,29.182259909808636,,,
m5b_smooth0.3,101,0.24664858542382717,0.5339711308479309,0.06606268137693405,0.24847155809402466,0.12158282101154327,0.029911456629633904,34.11958534643054,,,
m5b_smooth0.3,102,0.16929608024656773,0.513728678226471,0.09905620664358139,0.1840665638446808,0.15621702373027802,0.04693236202001572,33.22554882615805,,,
m5b_smooth0.3,103,0.0394509881734848,0.517559826374054,0.09827103465795517,0.1980898678302765,0.13727563619613647,0.04880233854055405,33.390292413532734,,,
m5b_smooth0.3,104,0.08200230821967125,0.5090392827987671,0.08695773035287857,0.23909130692481995,0.12174735218286514,0.04316360130906105,32.803110502660275,,,
m5b_smooth0.3,105,0.06028645485639572,0.5391831994056702,0.08206745982170105,0.2342091053724289,0.10655076801776886,0.03799011930823326,34.413403786718845,,,
m5b_smooth0.3,106,0.02253877744078636,0.5313339233398438,0.08798373490571976,0.2395622283220291,0.10460782796144485,0.03651295602321625,33.93014200031757,,,
m5b_smooth0.3,107,0.021718166768550873,0.5400373339653015,0.09013960510492325,0.23169398307800293,0.1018841564655304,0.03624598681926727,34.40809450298548,,,
m5b_smooth0.3,108,0.2017933651804924,0.4391401708126068,0.10999152809381485,0.2799791991710663,0.1290999799966812,0.0417892262339592,28.78708840161562,,,
m5b_smooth0.3,109,0.028664153069257736,0.4285212755203247,0.10767533630132675,0.2906029224395752,0.1328081488609314,0.04039205238223076,28.185906410217285,,,
m5b_smooth0.3,110,0.09995163977146149,0.3785456418991089,0.12522557377815247,0.2989671528339386,0.15418119728565216,0.043080542236566544,25.417261518537998,,,
m5b_smooth0.3,111,0.02621454745531082,0.38175898790359497,0.11358661949634552,0.3027268946170807,0.16031567752361298,0.04161251708865166,25.6320915594697,,,
m5b_smooth0.3,112,0.05704851076006889,0.38929295539855957,0.08506184071302414,0.31417766213417053,0.1658332794904709,0.045633912086486816,26.18487987667322,,,
m5b_smooth0.3,113,0.05192963033914566,0.3860536813735962,0.0671282634139061,0.3364713490009308,0.16950450837612152,0.040842048823833466,25.99808343499899,,,
m5b_smooth0.3,114,0.10217167809605598,0.3987029492855072,0.0704832673072815,0.28538545966148376,0.2036646455526352,0.04176342859864235,26.859157122671604,,,
m5b_smooth0.3,115,0.08729176968336105,0.3550572395324707,0.07997424900531769,0.3149659335613251,0.20817029476165771,0.04183238372206688,24.371151857078075,,,
m5b_smooth0.3,116,0.034216564148664474,0.36890938878059387,0.07997503876686096,0.2978576421737671,0.21120192110538483,0.042056091129779816,25.175310015678406,,,
m5b_smooth0.3,117,0.10231615975499153,0.39924564957618713,0.0686386227607727,0.3186791241168976,0.17263615131378174,0.040799859911203384,26.759066067636013,,,
m5b_smooth0.3,118,0.0300980843603611,0.38823646306991577,0.06862056255340576,0.3337284326553345,0.17050792276859283,0.038906559348106384,26.102240934967995,,,
m5b_smooth0.3,119,0.1104409322142601,0.4168205261230469,0.0740160197019577,0.2785080075263977,0.18749263882637024,0.04316283017396927,27.835499703884125,,,
ensemble3,4,,,,,,,,0.33332547545433044,0.33332547545433044,0.33332547545433044
ensemble3,5,0.6907382011413574,,,,,,,0.6787059903144836,0.16064663231372833,0.16064663231372833
ensemble3,6,0.16067124158143997,,,,,,,0.6366303563117981,0.24098274111747742,0.12238713353872299
ensemble3,7,0.3170088678598404,,,,,,,0.49171462655067444,0.3994866907596588,0.10879794508218765
ensemble3,8,0.07592839747667313,,,,,,,0.46528178453445435,0.3879556357860565,0.1467624455690384
ensemble3,9,0.0999765396118164,,,,,,,0.5152702331542969,0.3548581898212433,0.12987180054187775
ensemble3,10,0.03456196188926697,,,,,,,0.5325513482093811,0.349631130695343,0.11781801283359528
ensemble3,11,0.033912792801856995,,,,,,,0.5305402874946594,0.3346852958202362,0.13477391004562378
ensemble3,12,0.03375980257987976,,,,,,,0.5337275266647339,0.31780558824539185,0.14846676588058472
ensemble3,13,0.04220151901245117,,,,,,,0.5126270055770874,0.3243884742259979,0.16298487782478333
ensemble3,14,0.15292184054851532,,,,,,,0.4361656606197357,0.3670031726360321,0.19683067500591278
ensemble3,15,0.09704668819904327,,,,,,,0.38764187693595886,0.39554744958877563,0.21680930256843567
ensemble3,16,0.15747514367103577,,,,,,,0.4663802981376648,0.35053518414497375,0.18308484554290771
ensemble3,17,0.11902620643377304,,,,,,,0.5133239030838013,0.3631044626235962,0.12357152253389359
ensemble3,18,0.028941206634044647,,,,,,,0.5207400918006897,0.3486340343952179,0.1306261122226715
ensemble3,19,0.10831204056739807,,,,,,,0.5424434542655945,0.2944773733615875,0.16307812929153442
ensemble3,20,0.16598570346832275,,,,,,,0.4594513475894928,0.31622835993766785,0.22432073950767517
ensemble3,21,0.030869439244270325,,,,,,,0.4668823182582855,0.3242318034172058,0.20888571441173553
ensemble3,22,0.09308348596096039,,,,,,,0.4443918466567993,0.37077343463897705,0.1848343312740326
ensemble3,23,0.03866158425807953,,,,,,,0.4347878694534302,0.3901045322418213,0.17510782182216644
ensemble3,24,0.049302712082862854,,,,,,,0.41829386353492737,0.3819473385810852,0.1997593343257904
ensemble3,25,0.0979120135307312,,,,,,,0.46724963188171387,0.3476076126098633,0.18514281511306763
ensemble3,26,0.02422192692756653,,,,,,,0.47120925784111023,0.35575902462005615,0.17303192615509033
ensemble3,27,0.02571690082550049,,,,,,,0.45835041999816895,0.3662647604942322,0.1753842532634735
ensemble3,28,0.04230901598930359,,,,,,,0.479505330324173,0.35726550221443176,0.16322940587997437
ensemble3,29,0.07477328181266785,,,,,,,0.44211840629577637,0.38187211751937866,0.1760091483592987
ensemble3,30,0.03166109323501587,,,,,,,0.43471789360046387,0.373442679643631,0.1918402910232544
ensemble3,31,0.29877743124961853,,,,,,,0.28532874584198,0.40828388929367065,0.30638736486434937
ensemble3,32,1.0668562855571508,,,,,,,0.026482464745640755,0.9417120218276978,0.03180549293756485
ensemble3,33,0.09724990976974368,,,,,,,0.004526364617049694,0.9903372526168823,0.0051369140855968
ensemble3,34,0.009323559002950788,,,,,,,0.00249165715649724,0.9949987530708313,0.002509562997147441
ensemble3,35,0.003373674815520644,,,,,,,0.0017471491592004895,0.9966849684715271,0.001566611579619348
ensemble3,36,0.0007950094295665622,,,,,,,0.002066542860120535,0.9962883591651917,0.0016456180019304156
ensemble3,37,0.002980415360070765,,,,,,,0.0030344489496201277,0.9947972893714905,0.002167057478800416
ensemble3,38,0.008033697959035635,,,,,,,0.005590635817497969,0.9907808303833008,0.0036281095817685127
ensemble3,39,0.01626054709777236,,,,,,,0.01079453807324171,0.9826511144638062,0.006555038504302502
ensemble3,40,0.042443119920790195,,,,,,,0.02417411282658577,0.9614300727844238,0.014397541992366314
ensemble3,41,0.044855198822915554,,,,,,,0.037742190062999725,0.9390016198158264,0.0232562106102705
ensemble3,42,0.23965980298817158,,,,,,,0.10352004319429398,0.8191712498664856,0.077307790517807
ensemble3,43,0.4496105685830116,,,,,,,0.16643266379833221,0.5943666696548462,0.239201158285141
ensemble3,44,1.0946058258414268,,,,,,,0.07974430173635483,0.1337520182132721,0.7865039706230164
ensemble3,45,0.3773503676056862,,,,,,,0.012484913691878319,0.012336084619164467,0.9751790165901184
ensemble3,46,0.03791816346347332,,,,,,,0.0034186961129307747,0.0024428265169262886,0.994137704372406
ensemble3,47,0.005943262716755271,,,,,,,0.0018553880508989096,0.0010350574739277363,0.9971098899841309
ensemble3,48,0.0012422521249391139,,,,,,,0.0015588827664032578,0.0007108678692020476,0.9977314472198486
ensemble3,49,0.0009931093081831932,,,,,,,0.002015940146520734,0.0007499362691305578,0.9972344636917114
ensemble3,50,0.005070689192507416,,,,,,,0.004090792965143919,0.0012097738217562437,0.9946984648704529
ensemble3,51,0.019064072519540787,,,,,,,0.012122884392738342,0.0027101377490907907,0.9851668477058411
ensemble3,52,0.0917603902053088,,,,,,,0.05289081484079361,0.007822279818356037,0.9392865300178528
ensemble3,53,0.5253493441268802,,,,,,,0.3021880090236664,0.0212007537484169,0.6766128540039062
ensemble3,54,1.173301126807928,,,,,,,0.8888381123542786,0.018403690308332443,0.0927588939666748
ensemble3,55,0.1805176818743348,,,,,,,0.9790965914726257,0.009383190423250198,0.011520191095769405
ensemble3,56,0.021309983683750033,,,,,,,0.9897516369819641,0.007020147982984781,0.003228295361623168
ensemble3,57,0.002842951100319624,,,,,,,0.9905863404273987,0.007607025094330311,0.001806924818083644
ensemble3,58,0.021137508563697338,,,,,,,0.9800172448158264,0.017380468547344208,0.0026018943171948195
ensemble3,59,0.13024102547205985,,,,,,,0.9148969650268555,0.07788828760385513,0.007214820943772793
ensemble3,60,0.9568823305889964,,,,,,,0.436455637216568,0.5380054712295532,0.025538640096783638
ensemble3,61,0.17531304247677326,,,,,,,0.34879931807518005,0.6094614863395691,0.04173934832215309
ensemble3,62,0.04735615476965904,,,,,,,0.3339703679084778,0.6006124019622803,0.06541746854782104
ensemble3,63,0.16196727752685547,,,,,,,0.2529866397380829,0.6561286449432373,0.09088477492332458
ensemble3,64,0.06644647568464279,,,,,,,0.2362247109413147,0.6396671533584595,0.12410783022642136
ensemble3,65,0.15401280671358109,,,,,,,0.2847496271133423,0.5626608729362488,0.15258944034576416
ensemble3,66,0.4114648401737213,,,,,,,0.4893111288547516,0.3569282591342926,0.15376016497612
ensemble3,67,0.43471961468458176,,,,,,,0.7066706418991089,0.1830403208732605,0.11028800159692764
ensemble3,68,0.026485122740268707,,,,,,,0.6934281587600708,0.18680627644062042,0.11976468563079834
ensemble3,69,0.44300542771816254,,,,,,,0.47192609310150146,0.3336524963378906,0.19442182779312134
ensemble3,70,0.13260789215564728,,,,,,,0.40562206506729126,0.3996489346027374,0.1947292536497116
ensemble3,71,0.06000024080276489,,,,,,,0.43562206625938416,0.38558056950569153,0.1787973791360855
ensemble3,72,0.18659482896327972,,,,,,,0.45057833194732666,0.29228314757347107,0.25713852047920227
ensemble3,73,0.3160223811864853,,,,,,,0.4108571410179138,0.1739930957555771,0.41514965891838074
ensemble3,74,0.1274431124329567,,,,,,,0.42685893177986145,0.11027181893587112,0.46286970376968384
ensemble3,75,0.19224432855844498,,,,,,,0.5229809284210205,0.08213141560554504,0.394887775182724
ensemble3,76,0.037631139159202576,,,,,,,0.5131098031997681,0.07318691909313202,0.4137032926082611
ensemble3,77,0.003887586295604706,,,,,,,0.5118294954299927,0.0725235566496849,0.4156472086906433
ensemble3,78,0.057701028883457184,,,,,,,0.5332911610603333,0.07991230487823486,0.38679659366607666
ensemble3,79,0.07712804526090622,,,,,,,0.5605077147483826,0.09126003831624985,0.34823283553123474
ensemble3,80,0.045367173850536346,,,,,,,0.5378239154815674,0.10926710069179535,0.3529091477394104
ensemble3,81,0.4740530624985695,,,,,,,0.7743650078773499,0.1097518727183342,0.11588194966316223
ensemble3,82,0.24584435485303402,,,,,,,0.8972878456115723,0.08038967102766037,0.022322634235024452
ensemble3,83,0.06474079610779881,,,,,,,0.9296581149101257,0.06342903524637222,0.006912743207067251
ensemble3,84,0.020415301201865077,,,,,,,0.9398657083511353,0.05652427300810814,0.0036097976844757795
ensemble3,85,0.0057241967879235744,,,,,,,0.9374962449073792,0.05938651040196419,0.003117301734164357
ensemble3,86,0.009084922960028052,,,,,,,0.9329542517662048,0.06376268714666367,0.003284054808318615
ensemble3,87,0.037942692171782255,,,,,,,0.9139826893806458,0.08081091940402985,0.005206952337175608
ensemble3,88,0.06825994094833732,,,,,,,0.8798536062240601,0.11079523712396622,0.00935349240899086
ensemble3,89,0.10901134088635445,,,,,,,0.8253465294837952,0.15683206915855408,0.017820924520492554
ensemble3,90,0.1804332323372364,,,,,,,0.7351300716400146,0.22875380516052246,0.03611596301198006
ensemble3,91,0.197420384734869,,,,,,,0.6364205479621887,0.2986403703689575,0.06494025886058807
ensemble3,92,0.1704494059085846,,,,,,,0.5511953830718994,0.35149845480918884,0.09730641543865204
ensemble3,93,0.07820606976747513,,,,,,,0.5120917558670044,0.3779018819332123,0.11000543087720871
ensemble3,94,0.033531345427036285,,,,,,,0.5152733325958252,0.39148688316345215,0.0932406634092331
ensemble3,95,0.1428762748837471,,,,,,,0.46654006838798523,0.46292462944984436,0.07053539901971817
ensemble3,96,0.3847445696592331,,,,,,,0.295928031206131,0.6552965641021729,0.048774801194667816
ensemble3,97,0.37385203689336777,,,,,,,0.1287747323513031,0.8422232270240784,0.029002726078033447
ensemble3,98,0.16544989682734013,,,,,,,0.05618049576878548,0.9249478578567505,0.018871696665883064
ensemble3,99,0.057259281165897846,,,,,,,0.031482964754104614,0.9535778760910034,0.01493996474891901
ensemble3,100,0.013124070130288601,,,,,,,0.024920865893363953,0.9596257209777832,0.015454091131687164
ensemble3,101,0.05190526694059372,,,,,,,0.033651918172836304,0.9336728453636169,0.03267543017864227
ensemble3,102,1.2136369496583939,,,,,,,0.2916426658630371,0.32685405015945435,0.38150283694267273
ensemble3,103,1.0676876325160265,,,,,,,0.8254862427711487,0.017747042700648308,0.15676578879356384
ensemble3,104,0.30269163998309523,,,,,,,0.9768320322036743,0.0011804703390225768,0.02198651060461998
ensemble3,105,0.033228991815121844,,,,,,,0.9934465289115906,0.00022566932602785528,0.006326816510409117
ensemble3,106,0.00656371775403386,,,,,,,0.9967304468154907,8.557231194572523e-05,0.0031871136743575335
ensemble3,107,0.0012057657586410642,,,,,,,0.9973316788673401,6.56831034575589e-05,0.002602469176054001
ensemble3,108,0.0014663424008176662,,,,,,,0.9965976476669312,9.199079067911953e-05,0.003308472689241171
ensemble3,109,0.0037770358758280054,,,,,,,0.9947102665901184,0.00016530160792171955,0.005124816671013832
ensemble3,110,0.009238699334673584,,,,,,,0.9900907278060913,0.0003535152645781636,0.009555763565003872
ensemble3,111,0.02714467910118401,,,,,,,0.9765179753303528,0.0009627401595935225,0.022518465295433998
ensemble3,112,0.12704307830426842,,,,,,,0.9129963517189026,0.003514896146953106,0.08348776400089264
ensemble3,113,1.0350263314321637,,,,,,,0.3954832851886749,0.010679557919502258,0.5938363671302795
ensemble3,114,0.7703455034643412,,,,,,,0.016082672402262688,0.00490792840719223,0.9790096282958984
ensemble3,115,0.03507111466024071,,,,,,,0.001268767868168652,0.002185927936807275,0.9965448379516602
ensemble3,116,0.0031198097858577967,,,,,,,0.0002850805176422,0.001610135892406106,0.9981051683425903
ensemble3,117,0.0002920759143307805,,,,,,,0.00013914797455072403,0.0017046020366251469,0.9981568455696106
ensemble3,118,0.0010876294036279432,,,,,,,0.00011624798207776621,0.0022483868524432182,0.9976359009742737
ensemble3,119,0.003228256457077805,,,,,,,0.0001559826050652191,0.0038225764874368906,0.996021568775177
amgtp,4,,0.20000606775283813,0.20000606775283813,0.20000606775283813,0.20000606775283813,0.20000606775283813,17.00051575899124,,,
amgtp,5,0.3572707399725914,0.2595461308956146,0.07767275720834732,0.14368882775306702,0.2595461308956146,0.2595461308956146,21.531975843012333,,,
amgtp,6,0.22546549141407013,0.2971237599849701,0.04367118328809738,0.06495773792266846,0.2971237301826477,0.2971237301826477,24.30556832998991,,,
amgtp,7,0.06172603368759155,0.30741143226623535,0.030120424926280975,0.04764559864997864,0.30741143226623535,0.3074114918708801,25.073384068906307,,,
amgtp,8,0.028118938207626343,0.30272507667541504,0.030897364020347595,0.060928501188755035,0.30272507667541504,0.3027251064777374,24.734414495527744,,,
amgtp,9,0.19125313684344292,0.3399956226348877,0.035224851220846176,0.07768598943948746,0.20709794759750366,0.3399955928325653,26.87764411047101,,,
amgtp,10,0.13236714899539948,0.3707517385482788,0.03778739646077156,0.07979440689086914,0.14091402292251587,0.3707517385482788,28.699197430163622,,,
amgtp,11,0.04707188904285431,0.3767040967941284,0.03902604803442955,0.09018752723932266,0.11737868189811707,0.3767041563987732,29.007343400269747,,,
amgtp,12,0.09443628042936325,0.40031301975250244,0.034246254712343216,0.0668095126748085,0.09831805527210236,0.4003130793571472,30.546065475791693,,,
amgtp,13,0.05904406122863293,0.41507411003112793,0.03123338334262371,0.05122050642967224,0.08739805221557617,0.4150741696357727,31.512166244909167,,,
amgtp,14,0.018885476514697075,0.4103527367115021,0.034323640167713165,0.05301748588681221,0.0919535756111145,0.41035282611846924,31.203154895454645,,,
amgtp,15,0.08638016134500504,0.38875752687454224,0.039990197867155075,0.06718582659959793,0.11530832946300507,0.38875752687454224,29.81676297262311,,,
amgtp,16,0.06745099276304245,0.41696837544441223,0.034879665821790695,0.06519553810358047,0.12082318216562271,0.36213305592536926,31.164193864911795,,,
amgtp,17,0.1896162163466215,0.5117765069007874,0.028539413586258888,0.05112450197339058,0.10019126534461975,0.30836817622184753,35.906996658071876,,,
amgtp,18,0.22037121653556824,0.6219620108604431,0.024644901975989342,0.04286894202232361,0.08224066346883774,0.2282831370830536,41.24262094311416,,,
amgtp,19,0.10519932024180889,0.6690719127655029,0.025480516254901886,0.047507394105196,0.08225646615028381,0.17568358778953552,43.34768295660615,,,
amgtp,20,0.11551231518387794,0.626958429813385,0.03218579292297363,0.0748162642121315,0.10599874705076218,0.1600411832332611,40.85670816898346,,,
amgtp,21,0.023695029318332672,0.6334038972854614,0.03365301340818405,0.07528060674667358,0.10946880280971527,0.14819324016571045,41.10471565276384,,,
amgtp,22,0.15081451646983624,0.7088112831115723,0.02702050842344761,0.0500638484954834,0.08820237219333649,0.12590180337429047,45.085930893197656,,,
amgtp,23,0.05751352943480015,0.7375678420066833,0.024062372744083405,0.04131617397069931,0.0801091343164444,0.11694388091564178,46.60005968809128,,,
amgtp,24,0.07577809691429138,0.6996791362762451,0.0274532288312912,0.04638482630252838,0.092482790350914,0.13400010764598846,44.67073692381382,,,
amgtp,25,0.049639344215393066,0.6748588681221008,0.031119104474782944,0.05106407031416893,0.09366410225629807,0.1492927521467209,43.42159064859152,,,
amgtp,26,0.050827689468860626,0.7002737522125244,0.03109501302242279,0.04971391707658768,0.0815265029668808,0.13739179074764252,44.69083248823881,,,
amgtp,27,0.08588653430342674,0.7432169318199158,0.026986882090568542,0.04508272930979729,0.06834666430950165,0.11636759340763092,46.86282393708825,,,
amgtp,28,0.06947753019630909,0.7779552340507507,0.023566732183098793,0.039701350033283234,0.058481365442276,0.10029519349336624,48.63348709233105,,,
amgtp,29,0.008075438439846039,0.7791010737419128,0.02360050193965435,0.04255961999297142,0.05827166140079498,0.09646733850240707,48.6557881552726,,,
amgtp,30,0.08822735771536827,0.7349870800971985,0.028055893257260323,0.05853121355175972,0.07043992727994919,0.10798545181751251,46.30775015614927,,,
amgtp,31,0.45671928860247135,0.5066277384757996,0.11989451944828033,0.09949761629104614,0.11792928725481033,0.15605100989341736,33.82627082616091,,,
amgtp,32,1.2675311081111431,0.11213648319244385,0.7536603212356567,0.07810669392347336,0.024696871638298035,0.031400296837091446,8.328651651740074,,,
amgtp,33,0.17037944309413433,0.06436555832624435,0.747113049030304,0.16329580545425415,0.010948337614536285,0.014276696369051933,5.375446077436209,,,
amgtp,34,1.1645450172945857,0.07015589624643326,0.1655465066432953,0.7397781014442444,0.010277233086526394,0.014241959899663925,6.865562655963004,,,
amgtp,35,0.22238916903734207,0.05765775963664055,0.07211998105049133,0.8509727120399475,0.007849645800888538,0.011399650946259499,6.2990463292226195,,,
amgtp,36,0.11129590636119246,0.03693239763379097,0.04415344074368477,0.9066210389137268,0.005006096791476011,0.007287522777915001,5.1170284119434655,,,
amgtp,37,0.0519294086843729,0.026765942573547363,0.03173118829727173,0.9325866103172302,0.0036372384056448936,0.005281251389533281,4.534845761954784,,,
amgtp,38,0.02739904262125492,0.02133314311504364,0.025237075984477997,0.9462863206863403,0.0029296642169356346,0.004216405097395182,4.223621945828199,,,
amgtp,39,0.01650809682905674,0.018036948516964912,0.021324994042515755,0.9545390009880066,0.0025213914923369884,0.0035775378346443176,4.03489417815581,,,
amgtp,40,0.008674018317833543,0.016273684799671173,0.019241662696003914,0.9588765501976013,0.00235395017080009,0.00325510511174798,3.9343415240291506,,,
amgtp,41,0.0009428900666534901,0.01644035428762436,0.019436316564679146,0.9584054946899414,0.002412143861874938,0.003307422623038292,3.9442629816476256,,,
amgtp,42,0.017205493757501245,0.019756797701120377,0.0233599953353405,0.949801504611969,0.0030272086150944233,0.0040537393651902676,4.136115182656795,,,
amgtp,43,0.009041248820722103,0.021470481529831886,0.025385890156030655,0.9452813267707825,0.0033764448016881943,0.0044859955087304115,4.235897812992334,,,
amgtp,44,0.00460710353218019,0.0222820695489645,0.026347659528255463,0.9429776072502136,0.003621030831709504,0.004771436098963022,4.284351975424215,,,
amgtp,45,0.0023776532616466284,0.022520989179611206,0.026639118790626526,0.941787838935852,0.0039509558118879795,0.005099017173051834,4.302304917480797,,,
amgtp,46,0.0017388383857905865,0.022120699286460876,0.026170892640948296,0.9419090747833252,0.0043348525650799274,0.005464206915348768,4.285982938949019,,,
amgtp,47,0.0029196366667747498,0.021514493972063065,0.025429243221879005,0.9417969584465027,0.005066686775535345,0.0061920383013784885,4.263845100533217,,,
amgtp,48,0.0032938336953520775,0.02127058431506157,0.025100039318203926,0.9407244324684143,0.005905108992010355,0.0070018102414906025,4.262869501952082,,,
amgtp,49,0.004925859160721302,0.021265612915158272,0.02500581555068493,0.9383594393730164,0.007160058245062828,0.008208531886339188,4.281060762703419,,,
amgtp,50,0.009229762479662895,0.021390579640865326,0.024872681125998497,0.9338787198066711,0.009394451975822449,0.010465079918503761,4.322215901687741,,,
amgtp,51,0.01733548939228058,0.022129999473690987,0.024960525333881378,0.9252092242240906,0.01325551513582468,0.014442746527493,4.423375223763287,,,
amgtp,52,0.033145759254693985,0.024346040561795235,0.025588305667042732,0.9086369872093201,0.020231792703270912,0.021196169778704643,4.650630626827478,,,
amgtp,53,0.0759426336735487,0.02911137416958809,0.027014831081032753,0.8706659078598022,0.0373477041721344,0.03585995361208916,5.149168284609914,,,
amgtp,54,0.20821916311979294,0.035259585827589035,0.027732154354453087,0.7665561437606812,0.08233412355184555,0.08811739832162857,6.2529581766575575,,,
amgtp,55,0.46663782000541687,0.0313594676554203,0.022410551086068153,0.5701521039009094,0.05464110150933266,0.32143643498420715,8.497032722458243,,,
amgtp,56,0.8069556728005409,0.014234072528779507,0.009705185890197754,0.23598411679267883,0.015162053517997265,0.7249143123626709,11.826636635698378,,,
amgtp,57,0.40694679552689195,0.004907818976789713,0.002923104213550687,0.06017355993390083,0.003607539227232337,0.9283877015113831,13.500593518372625,,,
amgtp,58,0.07600380328949541,0.0032371776178479195,0.0016911308048292994,0.02704334445297718,0.0016392359975725412,0.9663903713226318,13.81799167173449,,,
amgtp,59,0.015527383075095713,0.004159943200647831,0.0019103082595393062,0.019568700343370438,0.0013495624298229814,0.9730114936828613,13.94182084989734,,,
amgtp,60,0.01179972302634269,0.008002604357898235,0.0035234831739217043,0.017089422792196274,0.0017935208743438125,0.9695908427238464,14.121774457278661,,,
amgtp,61,0.02643729082774371,0.01576807349920273,0.007505954708904028,0.012773104012012482,0.0032637640833854675,0.960688054561615,14.464388789143413,,,
amgtp,62,0.13923481153324246,0.05301350727677345,0.025228673592209816,0.016095738857984543,0.014590278267860413,0.891070544719696,15.831445900723338,,,
amgtp,63,0.6345920078456402,0.21730706095695496,0.08501870185136795,0.030156267806887627,0.09374262392520905,0.5737749934196472,21.902959438040853,,,
amgtp,64,0.768065856769681,0.3733553886413574,0.08704520016908646,0.03719891607761383,0.3126583993434906,0.18974238634109497,27.444967471063137,,,
amgtp,65,0.3407130055129528,0.5437119007110596,0.04633665457367897,0.027548789978027344,0.3061288595199585,0.07627410441637039,35.96243654564023,,,
amgtp,66,0.20229719206690788,0.6448599696159363,0.025310346856713295,0.020869994536042213,0.2575581967830658,0.051400747150182724,41.302036345005035,,,
amgtp,67,0.1913828682154417,0.5727606415748596,0.0161751601845026,0.016727972775697708,0.353250116109848,0.041086334735155106,37.47995707206428,,,
amgtp,68,0.11174267064779997,0.6286318302154541,0.012929811142385006,0.015718750655651093,0.3079703450202942,0.034749194979667664,40.42027702089399,,,
amgtp,69,0.16728824004530907,0.5477613210678101,0.0121115418151021,0.016852429136633873,0.3904803991317749,0.03279346600174904,36.12081941124052,,,
amgtp,70,0.0725673595443368,0.5795891284942627,0.01301547884941101,0.020334012806415558,0.35419711470603943,0.03286421298980713,37.788844011723995,,,
amgtp,71,0.3077511340379715,0.7199366688728333,0.014847822487354279,0.026076164096593857,0.20032168924808502,0.038817886263132095,45.234978679567575,,,
amgtp,72,0.09224382787942886,0.6919395327568054,0.020080294460058212,0.0389435701072216,0.18219713866710663,0.06684014946222305,43.86442503333092,,,
amgtp,73,0.29696574434638023,0.5434563159942627,0.025267858058214188,0.052969999611377716,0.2250131219625473,0.1532927006483078,36.51274647936225,,,
amgtp,74,0.3471662160009146,0.4484321177005768,0.025767216458916664,0.05164510756731033,0.14777933061122894,0.32637667655944824,32.69035838730633,,,
amgtp,75,0.23369298689067364,0.40942683815956116,0.022974960505962372,0.0417851097881794,0.08259055763483047,0.44322335720062256,31.4972014836967,,,
amgtp,76,0.05414040572941303,0.4282930791378021,0.02249048836529255,0.037829313427209854,0.059959929436445236,0.45142662525177,32.57325543649495,,,
amgtp,77,0.18875477276742458,0.5212634801864624,0.023897763341665268,0.03769031912088394,0.05170704051852226,0.3654414117336273,36.8909065797925,,,
amgtp,78,0.15999511629343033,0.5993815064430237,0.02531600371003151,0.03815137594938278,0.04957374557852745,0.28757691383361816,40.47575353085995,,,
amgtp,79,0.01563560962677002,0.596242368221283,0.026898488402366638,0.0401826947927475,0.05377849191427231,0.28289899230003357,40.25902400165796,,,
amgtp,80,0.15279551595449448,0.5198442935943604,0.02852727472782135,0.04249868541955948,0.0621311292052269,0.34699901938438416,36.63958512246609,,,
amgtp,81,0.522137925028801,0.7809133529663086,0.02275329828262329,0.03308609873056412,0.043914616107940674,0.11933322995901108,48.95488030463457,,,
amgtp,82,0.2050802120938897,0.8834525346755981,0.015196201391518116,0.020825592800974846,0.0249127596616745,0.055611658841371536,54.037777601741254,,,
amgtp,83,0.06084423512220383,0.9138755798339844,0.012267003767192364,0.016032161191105843,0.01806844212114811,0.039757415652275085,55.57598119135946,,,
amgtp,84,0.02192190382629633,0.9248365759849548,0.01225866936147213,0.015589145943522453,0.016225101426243782,0.031091198325157166,56.098073152825236,,,
amgtp,85,0.022764701396226883,0.9184216856956482,0.015814535319805145,0.020101038739085197,0.01953967660665512,0.02612372115254402,55.683928625658154,,,
amgtp,86,0.055124349892139435,0.8948429226875305,0.022313479334115982,0.030016766861081123,0.030686188489198685,0.02213931828737259,54.3276929166168,,,
amgtp,87,0.18269171006977558,0.8047019839286804,0.03878111392259598,0.05822042375802994,0.07736135274171829,0.020935002714395523,49.330180928111076,,,
amgtp,88,0.3898782003670931,0.6097626090049744,0.0560653880238533,0.09728176146745682,0.21445943415164948,0.022430134937167168,38.74890514090657,,,
amgtp,89,0.26462857611477375,0.47744888067245483,0.05692136287689209,0.11679338663816452,0.3233610689640045,0.025475747883319855,31.674422316253185,,,
amgtp,90,0.17000921815633774,0.5320138931274414,0.05825144052505493,0.13566255569458008,0.23835626244544983,0.03571590036153793,34.55458913743496,,,
amgtp,91,0.2176453210413456,0.6287885904312134,0.05383703112602234,0.1342250555753708,0.13538512587547302,0.04776347801089287,39.80021219700575,,,
amgtp,92,0.1080474779009819,0.6742792129516602,0.048297226428985596,0.12569426000118256,0.09543256461620331,0.056297171860933304,42.33832114189863,,,
amgtp,93,0.0674278773367405,0.6524273157119751,0.048715025186538696,0.148498997092247,0.08357031643390656,0.06678836792707443,41.15988032519817,,,
amgtp,94,0.2542642876505852,0.5252949595451355,0.05629213899374008,0.2555689513683319,0.08879520744085312,0.07404834032058716,33.99893978238106,,,
amgtp,95,0.43109459429979324,0.32457074522972107,0.0582282617688179,0.4542807340621948,0.10369474440813065,0.059225402772426605,22.450334027409554,,,
amgtp,96,0.29016393795609474,0.2081638127565384,0.04931950196623802,0.5696573257446289,0.13339979946613312,0.039458803832530975,15.734342094510794,,,
amgtp,97,0.3153840024024248,0.14906497299671173,0.04006858915090561,0.4921034872531891,0.2910923361778259,0.027670929208397865,12.885316792875528,,,
amgtp,98,0.6935003791004419,0.10185051709413528,0.024002838879823685,0.2193191796541214,0.6378424763679504,0.016985204070806503,11.495681595057249,,,
amgtp,99,0.3169335713610053,0.06248270720243454,0.01465635932981968,0.11613479256629944,0.7963089942932129,0.010416827164590359,9.832021709531546,,,
amgtp,100,0.10830115247517824,0.03969796001911163,0.012481982819736004,0.08923356235027313,0.8504598140716553,0.008126848377287388,8.729054846800864,,,
amgtp,101,0.022096299566328526,0.043680720031261444,0.013636834919452667,0.09377087652683258,0.8394114375114441,0.00949984509497881,8.924670560285449,,,
amgtp,102,0.6081071896478534,0.10054072737693787,0.06061520799994469,0.26144614815711975,0.5353580117225647,0.04203995689749718,11.21346277371049,,,
amgtp,103,0.11406804621219635,0.11864421516656876,0.09649992734193802,0.2600812613964081,0.479689359664917,0.04508625715970993,11.984429739415646,,,
amgtp,104,0.045715585350990295,0.11988446861505508,0.11811666935682297,0.24738892912864685,0.47847604751586914,0.036133311688899994,11.908550269901752,,,
amgtp,105,0.07163506001234055,0.11742134392261505,0.14113865792751312,0.2601875960826874,0.4488266706466675,0.032431408762931824,11.562808498740196,,,
amgtp,106,0.07916466146707535,0.11433780938386917,0.14410902559757233,0.29679691791534424,0.4149210751056671,0.029835566878318787,11.216913804411888,,,
amgtp,107,0.104815773665905,0.11031592637300491,0.13056306540966034,0.34920209646224976,0.382212370634079,0.027701519429683685,10.860432803630829,,,
amgtp,108,0.09230003133416176,0.1067725196480751,0.11304088681936264,0.3953568637371063,0.3584573268890381,0.026376884430646896,10.583940327167511,,,
amgtp,109,0.049754710868000984,0.10497573763132095,0.10288126766681671,0.42023226618766785,0.3460685908794403,0.025842713192105293,10.446400444954634,,,
amgtp,110,0.02610655501484871,0.10494202375411987,0.09817808121442795,0.4331548810005188,0.33775222301483154,0.025973385199904442,10.42205710336566,,,
amgtp,111,0.010323766618967056,0.10670673847198486,0.09637746959924698,0.43575724959373474,0.33439067006111145,0.026767903938889503,10.521538872271776,,,
amgtp,112,0.01796942576766014,0.1100238561630249,0.09559573233127594,0.4396168887615204,0.32618725299835205,0.028575418516993523,10.699244398623705,,,
amgtp,113,0.013997042551636696,0.1141263097524643,0.09524262696504593,0.43894097208976746,0.3202184736728668,0.031472206115722656,10.941784329712391,,,
amgtp,114,0.02278042584657669,0.1199134811758995,0.09524298459291458,0.4331250488758087,0.3146437704563141,0.03707447648048401,11.310976065695286,,,
amgtp,115,0.03496855869889259,0.12684394419193268,0.09526477009057999,0.41790980100631714,0.3123745024204254,0.047606270760297775,11.812740132212639,,,
amgtp,116,0.05049436166882515,0.13165989518165588,0.09426286071538925,0.39372631907463074,0.3123131990432739,0.0680379867553711,12.313759736716747,,,
amgtp,117,0.06691362708806992,0.12771180272102356,0.09128051996231079,0.3671998679637909,0.3131940960884094,0.10061383247375488,12.456540614366531,,,
amgtp,118,0.0866575837135315,0.11890210211277008,0.08690108358860016,0.3438003361225128,0.30645424127578735,0.14394289255142212,12.412808403372765,,,
amgtp,119,0.12730015069246292,0.10925871878862381,0.08061058819293976,0.3146992027759552,0.2878389358520508,0.20759272575378418,12.501402035355568,,,
amgtp_global_q,4,,0.20000606775283813,0.20000606775283813,0.20000606775283813,0.20000606775283813,0.20000606775283813,17.00051575899124,,,
amgtp_global_q,5,0.1460137516260147,0.2243366539478302,0.13537836074829102,0.19161178171634674,0.2243366539478302,0.2243366539478302,18.881482675671577,,,
amgtp_global_q,6,0.25289278477430344,0.26648539304733276,0.08464036881923676,0.11590320616960526,0.26648539304733276,0.26648539304733276,22.017666824162006,,,
amgtp_global_q,7,0.14027034863829613,0.28986403346061707,0.05414728447794914,0.07626186311244965,0.28986403346061707,0.28986403346061707,23.76191958412528,,,
amgtp_global_q,8,0.027221936732530594,0.29440072178840637,0.045450709760189056,0.07134665548801422,0.29440072178840637,0.29440081119537354,24.105950392782688,,,
amgtp_global_q,9,0.0757831409573555,0.31036365032196045,0.04360237717628479,0.07731238007545471,0.2583574652671814,0.3103637099266052,25.05095273256302,,,
amgtp_global_q,10,0.09604174643754959,0.3255850076675415,0.047102488577365875,0.0913907140493393,0.2103368490934372,0.3255850374698639,25.88692355901003,,,
amgtp_global_q,11,0.07575268298387527,0.3328096568584442,0.05254358798265457,0.10937678068876266,0.1724606305360794,0.3328096866607666,26.215813368558884,,,
amgtp_global_q,12,0.10030178725719452,0.35788512229919434,0.051871150732040405,0.09502503275871277,0.13733401894569397,0.3578852117061615,27.781784683465958,,,
amgtp_global_q,13,0.0860535204410553,0.3793981969356537,0.04948437958955765,0.07518386840820312,0.11653458327054977,0.37939828634262085,29.16624589264393,,,
amgtp_global_q,14,0.03184628486633301,0.38736042380332947,0.04878292977809906,0.06760017573833466,0.108897864818573,0.38736048340797424,29.67854070663452,,,
amgtp_global_q,15,0.013360217213630676,0.38401973247528076,0.049118876457214355,0.06945329159498215,0.11338760703802109,0.38401976227760315,29.468652620911598,,,
amgtp_global_q,16,0.04314638674259186,0.39040616154670715,0.04791737347841263,0.07519592344760895,0.12283243983983994,0.36364877223968506,29.64878472685814,,,
amgtp_global_q,17,0.0842287540435791,0.42980700731277466,0.04521813988685608,0.07578551024198532,0.12495613843202591,0.32423338294029236,31.474955439567566,,,
amgtp_global_q,18,0.1520751379430294,0.5058445334434509,0.040781643241643906,0.07105153799057007,0.1176857128739357,0.26463666558265686,35.133321572095156,,,
amgtp_global_q,19,0.13400931656360626,0.5728495121002197,0.038278255611658096,0.06940001249313354,0.11035297811031342,0.209119975566864,38.31759952381253,,,
amgtp_global_q,20,0.05484107881784439,0.5887139439582825,0.04001828655600548,0.07764873653650284,0.11191999167203903,0.18169909715652466,38.92302843555808,,,
amgtp_global_q,21,0.028591550886631012,0.5918360352516174,0.04355541989207268,0.08427867293357849,0.1129266694188118,0.16740338504314423,38.940687630325556,,,
amgtp_global_q,22,0.053707391023635864,0.6178811192512512,0.044363927096128464,0.07867126911878586,0.1080055832862854,0.15107807517051697,40.224377024918795,,,
amgtp_global_q,23,0.05333523452281952,0.6445490717887878,0.04261459782719612,0.06900572031736374,0.10316740721464157,0.14066384732723236,41.6140417791903,,,
amgtp_global_q,24,0.01030605286359787,0.648309588432312,0.0418909452855587,0.06457620114088058,0.10449046641588211,0.14073315262794495,41.835892256349325,,,
amgtp_global_q,25,0.005878780037164688,0.6471031308174133,0.04291730374097824,0.06328776478767395,0.10404572635889053,0.1426459401845932,41.78433169424534,,,
amgtp_global_q,26,0.013698544353246689,0.6528040170669556,0.043751101940870285,0.06360254436731339,0.10041268914937973,0.13942989706993103,42.05770714208484,,,
amgtp_global_q,27,0.026053745299577713,0.6650820374488831,0.04310634732246399,0.06435146182775497,0.09438471496105194,0.13307581841945648,42.66483744233847,,,
amgtp_global_q,28,0.058134227991104126,0.6941485404968262,0.04007240757346153,0.05981661006808281,0.0836554765701294,0.12230612337589264,44.16630873084068,,,
amgtp_global_q,29,0.04481927305459976,0.7165582776069641,0.03657672181725502,0.05752744898200035,0.07611601799726486,0.11322089284658432,45.32056035101414,,,
amgtp_global_q,30,0.04720897972583771,0.6929540038108826,0.039289020001888275,0.06764841824769974,0.08189962804317474,0.11820872128009796,44.047693997621536,,,
amgtp_global_q,31,0.04253850504755974,0.6716850399971008,0.047574806958436966,0.06915384531021118,0.08538737148046494,0.12619930505752563,42.920640613883734,,,
amgtp_global_q,32,0.7499482817947865,0.33975300192832947,0.21631228923797607,0.2621610462665558,0.09861672669649124,0.08315709978342056,23.242492027580738,,,
amgtp_global_q,33,0.8043761681765318,0.07699368894100189,0.4392794668674469,0.4413818418979645,0.023176556453108788,0.019168388098478317,6.813639657571912,,,
amgtp_global_q,34,0.5783428885042667,0.018313361331820488,0.23943692445755005,0.7305527925491333,0.006534899584949017,0.005160977132618427,3.6478949589654803,,,
amgtp_global_q,35,0.3652955300640315,0.008317732252180576,0.07330470532178879,0.9132004380226135,0.002763575641438365,0.0024122647009789944,3.3650866898242384,,,
amgtp_global_q,36,0.09177648741751909,0.0053535327315330505,0.0321122445166111,0.9590892791748047,0.0017876916099339724,0.001657162792980671,3.2663061663042754,,,
amgtp_global_q,37,0.027078439481556416,0.00408661924302578,0.02028495818376541,0.9726290702819824,0.0015393377980217338,0.001461068051867187,3.214599640923552,,,
amgtp_global_q,38,0.008318320964463055,0.0034964606165885925,0.016715239733457565,0.9763811230659485,0.001736257690936327,0.0016705392627045512,3.1911875994410366,,,
amgtp_global_q,39,0.00437762017827481,0.0029285643249750137,0.015094407834112644,0.9778119325637817,0.002098489785566926,0.0020663896575570107,3.1678629487287253,,,
amgtp_global_q,40,0.008240887429565191,0.0027363914996385574,0.01667262427508831,0.9738829731941223,0.003330334322527051,0.0033760839141905308,3.1730825488921255,,,
amgtp_global_q,41,0.006589170079678297,0.0020172640215605497,0.01769401878118515,0.9713078737258911,0.004257369786500931,0.004722597077488899,3.1485714288428426,,,
amgtp_global_q,42,0.0619311579503119,0.0029990889597684145,0.029961585998535156,0.9403429627418518,0.011717226356267929,0.014979595318436623,3.3226707307621837,,,
amgtp_global_q,43,0.13050890783779323,0.0033676736056804657,0.045455608516931534,0.8750889301300049,0.028317423537373543,0.04777166619896889,3.7398081067949533,,,
amgtp_global_q,44,0.7188660209067166,0.003849341068416834,0.06776858121156693,0.5156555771827698,0.10823023319244385,0.3044968843460083,6.866263790056109,,,
amgtp_global_q,45,0.7781288889236748,0.0030685830861330032,0.03711006045341492,0.15803006291389465,0.112588070333004,0.689203143119812,11.132275730371475,,,
amgtp_global_q,46,0.2970158769749105,0.0019574747420847416,0.018227318301796913,0.0780741348862648,0.0640297457575798,0.8377109169960022,12.546059265732765,,,
amgtp_global_q,47,0.0900284806266427,0.0016662231646478176,0.013133993372321129,0.05646355822682381,0.04601068049669266,0.882725179195404,12.962725330144167,,,
amgtp_global_q,48,0.06026199564803392,0.0012194052105769515,0.00997992604970932,0.04030613601207733,0.03563791513442993,0.9128561019897461,13.233513480518013,,,
amgtp_global_q,49,0.014255764777772129,0.0011408193968236446,0.009901197627186775,0.03484729677438736,0.034125588834285736,0.9199833869934082,13.301538791507483,,,
amgtp_global_q,50,0.05251340428367257,0.0017526233568787575,0.015017029829323292,0.04406950995326042,0.045433297753334045,0.8937275409698486,13.08260161895305,,,
amgtp_global_q,51,0.135344703681767,0.0034410385414958,0.02882213518023491,0.06464022397994995,0.07704133540391922,0.826055109500885,12.533266000449657,,,
amgtp_global_q,52,0.24569871183484793,0.006387287750840187,0.054456617683172226,0.08491895347833633,0.15103064477443695,0.7032051682472229,11.594537612050772,,,
amgtp_global_q,53,0.12714802520349622,0.006700953934341669,0.059667639434337616,0.09603559225797653,0.1979638636112213,0.6396316885948181,11.09042233787477,,,
amgtp_global_q,54,0.03155304817482829,0.006178981624543667,0.05420079454779625,0.10016746819019318,0.18817634880542755,0.6512765288352966,11.160547941923141,,,
amgtp_global_q,55,0.012246929109096527,0.006238977424800396,0.056010425090789795,0.09970171749591827,0.1924300491809845,0.6456186771392822,11.115126047283411,,,
amgtp_global_q,56,0.00929869245737791,0.006510606035590172,0.06029462069272995,0.09979531913995743,0.18907509744167328,0.6443243622779846,11.09438369423151,,,
amgtp_global_q,57,0.019733968190848827,0.006935366429388523,0.06705136597156525,0.10045291483402252,0.17920798063278198,0.6463521122932434,11.087917532771826,,,
amgtp_global_q,58,0.026128897443413734,0.007842372171580791,0.0792093351483345,0.10036015510559082,0.1716785430908203,0.6409103870391846,11.02532735094428,,,
amgtp_global_q,59,0.04726731404662132,0.009909077547490597,0.10077586024999619,0.09946811944246292,0.1661376804113388,0.6237092018127441,10.88861745968461,,,
amgtp_global_q,60,0.07949473056942225,0.013823345303535461,0.1366093009710312,0.09815135598182678,0.15920990705490112,0.5922067165374756,10.665827468037605,,,
amgtp_global_q,61,0.05225319880992174,0.01543999183923006,0.1611190140247345,0.09715547412633896,0.15338477492332458,0.5729008913040161,10.473290849477053,,,
amgtp_global_q,62,0.02386763971298933,0.017652079463005066,0.17015984654426575,0.09783637523651123,0.1510709673166275,0.5632808804512024,10.46622283756733,,,
amgtp_global_q,63,0.010068701580166817,0.01886707730591297,0.16512492299079895,0.0991489589214325,0.15168900787830353,0.5651690363883972,10.56878600269556,,,
amgtp_global_q,64,0.009647760540246964,0.021052947267889977,0.16054904460906982,0.10081955790519714,0.15265712141990662,0.5649217367172241,10.703688718378544,,,
amgtp_global_q,65,0.007992872968316078,0.022334128618240356,0.1565522998571396,0.10184301435947418,0.15374815464019775,0.5655221939086914,10.795676857233047,,,
amgtp_global_q,66,0.007821053266525269,0.0241527259349823,0.15438437461853027,0.10284116864204407,0.154841810464859,0.5637794733047485,10.888876736164093,,,
amgtp_global_q,67,0.009767433628439903,0.026647454127669334,0.15333235263824463,0.10389940440654755,0.15617215633392334,0.5599473714828491,10.996346108615398,,,
amgtp_global_q,68,0.011622048914432526,0.029679393395781517,0.15253101289272308,0.10495781153440475,0.15789322555065155,0.5549380779266357,11.12255372107029,,,
amgtp_global_q,69,0.017875464633107185,0.034607499837875366,0.151853546500206,0.1064971387386322,0.16036401689052582,0.5466783046722412,11.323839336633682,,,
amgtp_global_q,70,0.021351125091314316,0.04085741564631462,0.1510753184556961,0.10816323757171631,0.1631234884262085,0.5367808938026428,11.583806902170181,,,
amgtp_global_q,71,0.025430645793676376,0.04921608418226242,0.14985337853431702,0.10997149348258972,0.16567158699035645,0.5252872109413147,11.946454972028732,,,
amgtp_global_q,72,0.03745986521244049,0.06292097270488739,0.14821545779705048,0.11274000257253647,0.167928084731102,0.508195161819458,12.55192268639803,,,
amgtp_global_q,73,0.04503133147954941,0.08196546882390976,0.1452365666627884,0.11510191112756729,0.16903723776340485,0.48865827918052673,13.432947002351284,,,
amgtp_global_q,74,0.05847962200641632,0.11008452624082565,0.14063391089439392,0.11622265726327896,0.16729192435741425,0.46576642990112305,14.786146946251392,,,
amgtp_global_q,75,0.09134111553430557,0.15575549006462097,0.13261917233467102,0.11554994434118271,0.16254284977912903,0.43353280425071716,17.03185761719942,,,
amgtp_global_q,76,0.12000974267721176,0.2157604992389679,0.12164231389760971,0.11192978173494339,0.15448042750358582,0.39618751406669617,20.03104980289936,,,
amgtp_global_q,77,0.15695447474718094,0.2942373752593994,0.10709157586097717,0.1042565181851387,0.14163713157176971,0.3527772128582001,24.004444546997547,,,
amgtp_global_q,78,0.19544671475887299,0.39196112751960754,0.08971600234508514,0.09251094609498978,0.12357775866985321,0.3022347688674927,28.981247566640377,,,
amgtp_global_q,79,0.203491672873497,0.4937063753604889,0.07162047177553177,0.07892865687608719,0.10466212779283524,0.25108179450035095,34.17856898158789,,,
amgtp_global_q,80,0.16294926777482033,0.5751811861991882,0.056964222341775894,0.06659790873527527,0.08829604089260101,0.21296042203903198,38.36714731529355,,,
amgtp_global_q,81,0.26324229687452316,0.7068020105361938,0.04085656255483627,0.04919011518359184,0.0591915026307106,0.1439589411020279,45.02631323412061,,,
amgtp_global_q,82,0.17056778073310852,0.7920867800712585,0.033722978085279465,0.04036332294344902,0.04202864691615105,0.09179916232824326,49.2594085521996,,,
amgtp_global_q,83,0.08569774031639099,0.834934413433075,0.030990317463874817,0.03614211454987526,0.03376011550426483,0.0641714558005333,51.37020265683532,,,
amgtp_global_q,84,0.0215468630194664,0.8363441824913025,0.03476109728217125,0.040666986256837845,0.034828703850507736,0.053398601710796356,51.32879435643554,,,
amgtp_global_q,85,0.08634314686059952,0.7931728363037109,0.04689677059650421,0.05736652761697769,0.048681311309337616,0.05388258025050163,48.90449183434248,,,
amgtp_global_q,86,0.15610253810882568,0.715121328830719,0.06238364055752754,0.0853549987077713,0.08061838150024414,0.05652119964361191,44.58135383203626,,,
amgtp_global_q,87,0.2780620791018009,0.5760906338691711,0.08021362125873566,0.12593817710876465,0.1552434265613556,0.06251437962055206,36.985371485352516,,,
amgtp_global_q,88,0.2211931347846985,0.46614763140678406,0.0808146744966507,0.1441706418991089,0.24700605869293213,0.06186039745807648,31.077272459864616,,,
amgtp_global_q,89,0.034339629113674164,0.4593920111656189,0.07166527956724167,0.14391596615314484,0.2641761600971222,0.060850560665130615,30.768074817955494,,,
amgtp_global_q,90,0.14913970977067947,0.5305665135383606,0.0650847852230072,0.1386740505695343,0.20142899453639984,0.06424619257450104,34.62454740703106,,,
amgtp_global_q,91,0.15939455851912498,0.6098883748054504,0.058053310960531235,0.12668970227241516,0.14074774086475372,0.06462181359529495,38.92136448249221,,,
amgtp_global_q,92,0.09523367881774902,0.6575047373771667,0.052654754370450974,0.11689545959234238,0.11008458584547043,0.06286045163869858,41.504263799637556,,,
amgtp_global_q,93,0.025578010827302933,0.6655846834182739,0.05126873403787613,0.12087122350931168,0.09868175536394119,0.06359390169382095,41.93005032092333,,,
amgtp_global_q,94,0.08933451399207115,0.620917022228241,0.05516265705227852,0.1512538194656372,0.10554089397192001,0.0671250969171524,39.44248306378722,,,
amgtp_global_q,95,0.2640276588499546,0.48890364170074463,0.06611676514148712,0.22952541708946228,0.14241433143615723,0.07304023206233978,32.10837508738041,,,
amgtp_global_q,96,0.4013548940420151,0.296239972114563,0.06956354528665543,0.35374048352241516,0.2154296338558197,0.06502615660429001,21.32355695217848,,,
amgtp_global_q,97,0.33877164125442505,0.16261406242847443,0.055527981370687485,0.42019107937812805,0.3183648884296417,0.043301839381456375,13.907724935561419,,,
amgtp_global_q,98,0.36907784827053547,0.09140780568122864,0.038946058601140976,0.33976590633392334,0.5029038786888123,0.026976333931088448,10.440707944333553,,,
amgtp_global_q,99,0.34548901952803135,0.04827001318335533,0.025355665013194084,0.23455926775932312,0.6756488680839539,0.016167128458619118,8.581116134300828,,,
amgtp_global_q,100,0.10659762937575579,0.02764303609728813,0.02126113511621952,0.20956633985042572,0.7289474010467529,0.012582466937601566,7.587328664958477,,,
amgtp_global_q,101,0.2770285471342504,0.024439914152026176,0.010206222534179688,0.09098270535469055,0.8674615025520325,0.006909690331667662,7.9185153702273965,,,
amgtp_global_q,102,0.3338079624809325,0.0713934451341629,0.03021804615855217,0.17611545324325562,0.7005577683448792,0.021715816110372543,10.050096917897463,,,
amgtp_global_q,103,0.2615188658237457,0.10398689657449722,0.046909578144550323,0.24669069051742554,0.5697976350784302,0.0326143279671669,11.471379481256008,,,
amgtp_global_q,104,0.017122499644756317,0.1114850863814354,0.04661330580711365,0.24775440990924835,0.5622242093086243,0.031923435628414154,11.86147928237915,,,
amgtp_global_q,105,0.010896863415837288,0.11272698640823364,0.045396361500024796,0.24452900886535645,0.5664305686950684,0.030917176976799965,11.94045703113079,,,
amgtp_global_q,106,0.00540553592145443,0.11262654513120651,0.04609687626361847,0.24648812413215637,0.5638280510902405,0.030960123986005783,11.923392049968243,,,
amgtp_global_q,107,0.013018831610679626,0.1121765673160553,0.04789368063211441,0.25062841176986694,0.557767927646637,0.03153176233172417,11.87619312107563,,,
amgtp_global_q,108,0.01819099858403206,0.11183411628007889,0.050845835357904434,0.255530446767807,0.5490149259567261,0.03277311846613884,11.829412292689085,,,
amgtp_global_q,109,0.019201766699552536,0.11172321438789368,0.05408531054854393,0.26037487387657166,0.5395252108573914,0.0342903658747673,11.795344393700361,,,
amgtp_global_q,110,0.02122410014271736,0.11204896867275238,0.057809703052043915,0.2648751139640808,0.5289134383201599,0.036352306604385376,11.786699526011944,,,
amgtp_global_q,111,0.016595490276813507,0.11285798996686935,0.06058943271636963,0.2675154209136963,0.5206155180931091,0.038420818746089935,11.816815182566643,,,
amgtp_global_q,112,0.025536831468343735,0.11452505737543106,0.06491569429636002,0.2705705463886261,0.5078479051589966,0.04214158281683922,11.893048271536827,,,
amgtp_global_q,113,0.019852347671985626,0.11627795547246933,0.06772402673959732,0.27230384945869446,0.49792158603668213,0.04577307775616646,11.987587094306946,,,
amgtp_global_q,114,0.02272188663482666,0.1186055913567543,0.07063022255897522,0.2733210325241089,0.48656022548675537,0.05088258907198906,12.125206626951694,,,
amgtp_global_q,115,0.021411463618278503,0.12093838304281235,0.07270684838294983,0.27258896827697754,0.4765870273113251,0.057179372757673264,12.283397145569324,,,
amgtp_global_q,116,0.026240359991788864,0.12336986511945724,0.0745718777179718,0.2701095640659332,0.4659457504749298,0.06600254029035568,12.472748294472694,,,
amgtp_global_q,117,0.03125365078449249,0.12526944279670715,0.07597805559635162,0.26570048928260803,0.45472848415374756,0.078324094414711,12.668882802128792,,,
amgtp_global_q,118,0.028812319040298462,0.12540198862552643,0.07586350291967392,0.25959512591362,0.44654199481010437,0.09259746223688126,12.800926633179188,,,
amgtp_global_q,119,0.04320688545703888,0.12511558830738068,0.07529821991920471,0.25054872035980225,0.4348362982273102,0.11420056223869324,12.976541638374329,,,
amgtp_uniform_q,4,,0.20000606775283813,0.20000606775283813,0.20000606775283813,0.20000606775283813,0.20000606775283813,17.00051575899124,,,
amgtp_uniform_q,5,0.0,0.20000606775283813,0.20000606775283813,0.20000606775283813,0.20000606775283813,0.20000606775283813,17.00051575899124,,,
amgtp_uniform_q,6,0.0,0.20000606775283813,0.20000606775283813,0.20000606775283813,0.20000606775283813,0.20000606775283813,17.00051575899124,,,
amgtp_uniform_q,7,0.0,0.20000606775283813,0.20000606775283813,0.20000606775283813,0.20000606775283813,0.20000606775283813,17.00051575899124,,,
amgtp_uniform_q,8,0.0,0.20000606775283813,0.20000606775283813,0.20000606775283813,0.20000606775283813,0.20000606775283813,17.00051575899124,,,
amgtp_uniform_q,9,0.0,0.20000606775283813,0.20000606775283813,0.20000606775283813,0.20000606775283813,0.20000606775283813,17.00051575899124,,,
amgtp_uniform_q,10,0.0,0.20000606775283813,0.20000606775283813,0.20000606775283813,0.20000606775283813,0.20000606775283813,17.00051575899124,,,
amgtp_uniform_q,11,0.0,0.20000606775283813,0.20000606775283813,0.20000606775283813,0.20000606775283813,0.20000606775283813,17.00051575899124,,,
amgtp_uniform_q,12,0.0,0.20000606775283813,0.20000606775283813,0.20000606775283813,0.20000606775283813,0.20000606775283813,17.00051575899124,,,
amgtp_uniform_q,13,0.0,0.20000606775283813,0.20000606775283813,0.20000606775283813,0.20000606775283813,0.20000606775283813,17.00051575899124,,,
amgtp_uniform_q,14,0.0,0.20000606775283813,0.20000606775283813,0.20000606775283813,0.20000606775283813,0.20000606775283813,17.00051575899124,,,
amgtp_uniform_q,15,0.0,0.20000606775283813,0.20000606775283813,0.20000606775283813,0.20000606775283813,0.20000606775283813,17.00051575899124,,,
amgtp_uniform_q,16,0.0,0.20000606775283813,0.20000606775283813,0.20000606775283813,0.20000606775283813,0.20000606775283813,17.00051575899124,,,
amgtp_uniform_q,17,0.0,0.20000606775283813,0.20000606775283813,0.20000606775283813,0.20000606775283813,0.20000606775283813,17.00051575899124,,,
amgtp_uniform_q,18,0.0,0.20000606775283813,0.20000606775283813,0.20000606775283813,0.20000606775283813,0.20000606775283813,17.00051575899124,,,
amgtp_uniform_q,19,0.0,0.20000606775283813,0.20000606775283813,0.20000606775283813,0.20000606775283813,0.20000606775283813,17.00051575899124,,,
amgtp_uniform_q,20,0.0,0.20000606775283813,0.20000606775283813,0.20000606775283813,0.20000606775283813,0.20000606775283813,17.00051575899124,,,
amgtp_uniform_q,21,0.0,0.20000606775283813,0.20000606775283813,0.20000606775283813,0.20000606775283813,0.20000606775283813,17.00051575899124,,,
amgtp_uniform_q,22,0.0,0.20000606775283813,0.20000606775283813,0.20000606775283813,0.20000606775283813,0.20000606775283813,17.00051575899124,,,
amgtp_uniform_q,23,0.0,0.20000606775283813,0.20000606775283813,0.20000606775283813,0.20000606775283813,0.20000606775283813,17.00051575899124,,,
amgtp_uniform_q,24,0.0,0.20000606775283813,0.20000606775283813,0.20000606775283813,0.20000606775283813,0.20000606775283813,17.00051575899124,,,
amgtp_uniform_q,25,0.0,0.20000606775283813,0.20000606775283813,0.20000606775283813,0.20000606775283813,0.20000606775283813,17.00051575899124,,,
amgtp_uniform_q,26,0.0,0.20000606775283813,0.20000606775283813,0.20000606775283813,0.20000606775283813,0.20000606775283813,17.00051575899124,,,
amgtp_uniform_q,27,0.0,0.20000606775283813,0.20000606775283813,0.20000606775283813,0.20000606775283813,0.20000606775283813,17.00051575899124,,,
amgtp_uniform_q,28,0.0,0.20000606775283813,0.20000606775283813,0.20000606775283813,0.20000606775283813,0.20000606775283813,17.00051575899124,,,
amgtp_uniform_q,29,0.0,0.20000606775283813,0.20000606775283813,0.20000606775283813,0.20000606775283813,0.20000606775283813,17.00051575899124,,,
amgtp_uniform_q,30,0.0,0.20000606775283813,0.20000606775283813,0.20000606775283813,0.20000606775283813,0.20000606775283813,17.00051575899124,,,
amgtp_uniform_q,31,0.0,0.20000606775283813,0.20000606775283813,0.20000606775283813,0.20000606775283813,0.20000606775283813,17.00051575899124,,,
amgtp_uniform_q,32,0.0,0.20000606775283813,0.20000606775283813,0.20000606775283813,0.20000606775283813,0.20000606775283813,17.00051575899124,,,
amgtp_uniform_q,33,0.0,0.20000606775283813,0.20000606775283813,0.20000606775283813,0.20000606775283813,0.20000606775283813,17.00051575899124,,,
amgtp_uniform_q,34,0.0,0.20000606775283813,0.20000606775283813,0.20000606775283813,0.20000606775283813,0.20000606775283813,17.00051575899124,,,
amgtp_uniform_q,35,0.0,0.20000606775283813,0.20000606775283813,0.20000606775283813,0.20000606775283813,0.20000606775283813,17.00051575899124,,,
amgtp_uniform_q,36,0.0,0.20000606775283813,0.20000606775283813,0.20000606775283813,0.20000606775283813,0.20000606775283813,17.00051575899124,,,
amgtp_uniform_q,37,0.0,0.20000606775283813,0.20000606775283813,0.20000606775283813,0.20000606775283813,0.20000606775283813,17.00051575899124,,,
amgtp_uniform_q,38,0.0,0.20000606775283813,0.20000606775283813,0.20000606775283813,0.20000606775283813,0.20000606775283813,17.00051575899124,,,
amgtp_uniform_q,39,0.0,0.20000606775283813,0.20000606775283813,0.20000606775283813,0.20000606775283813,0.20000606775283813,17.00051575899124,,,
amgtp_uniform_q,40,0.0,0.20000606775283813,0.20000606775283813,0.20000606775283813,0.20000606775283813,0.20000606775283813,17.00051575899124,,,
amgtp_uniform_q,41,0.0,0.20000606775283813,0.20000606775283813,0.20000606775283813,0.20000606775283813,0.20000606775283813,17.00051575899124,,,
amgtp_uniform_q,42,0.0,0.20000606775283813,0.20000606775283813,0.20000606775283813,0.20000606775283813,0.20000606775283813,17.00051575899124,,,
amgtp_uniform_q,43,0.0,0.20000606775283813,0.20000606775283813,0.20000606775283813,0.20000606775283813,0.20000606775283813,17.00051575899124,,,
amgtp_uniform_q,44,0.0,0.20000606775283813,0.20000606775283813,0.20000606775283813,0.20000606775283813,0.20000606775283813,17.00051575899124,,,
amgtp_uniform_q,45,0.0,0.20000606775283813,0.20000606775283813,0.20000606775283813,0.20000606775283813,0.20000606775283813,17.00051575899124,,,
amgtp_uniform_q,46,0.0,0.20000606775283813,0.20000606775283813,0.20000606775283813,0.20000606775283813,0.20000606775283813,17.00051575899124,,,
amgtp_uniform_q,47,0.0,0.20000606775283813,0.20000606775283813,0.20000606775283813,0.20000606775283813,0.20000606775283813,17.00051575899124,,,
amgtp_uniform_q,48,0.0,0.20000606775283813,0.20000606775283813,0.20000606775283813,0.20000606775283813,0.20000606775283813,17.00051575899124,,,
amgtp_uniform_q,49,0.0,0.20000606775283813,0.20000606775283813,0.20000606775283813,0.20000606775283813,0.20000606775283813,17.00051575899124,,,
amgtp_uniform_q,50,0.0,0.20000606775283813,0.20000606775283813,0.20000606775283813,0.20000606775283813,0.20000606775283813,17.00051575899124,,,
amgtp_uniform_q,51,0.0,0.20000606775283813,0.20000606775283813,0.20000606775283813,0.20000606775283813,0.20000606775283813,17.00051575899124,,,
amgtp_uniform_q,52,0.0,0.20000606775283813,0.20000606775283813,0.20000606775283813,0.20000606775283813,0.20000606775283813,17.00051575899124,,,
amgtp_uniform_q,53,0.0,0.20000606775283813,0.20000606775283813,0.20000606775283813,0.20000606775283813,0.20000606775283813,17.00051575899124,,,
amgtp_uniform_q,54,0.0,0.20000606775283813,0.20000606775283813,0.20000606775283813,0.20000606775283813,0.20000606775283813,17.00051575899124,,,
amgtp_uniform_q,55,0.0,0.20000606775283813,0.20000606775283813,0.20000606775283813,0.20000606775283813,0.20000606775283813,17.00051575899124,,,
amgtp_uniform_q,56,0.0,0.20000606775283813,0.20000606775283813,0.20000606775283813,0.20000606775283813,0.20000606775283813,17.00051575899124,,,
amgtp_uniform_q,57,0.0,0.20000606775283813,0.20000606775283813,0.20000606775283813,0.20000606775283813,0.20000606775283813,17.00051575899124,,,
amgtp_uniform_q,58,0.0,0.20000606775283813,0.20000606775283813,0.20000606775283813,0.20000606775283813,0.20000606775283813,17.00051575899124,,,
amgtp_uniform_q,59,0.0,0.20000606775283813,0.20000606775283813,0.20000606775283813,0.20000606775283813,0.20000606775283813,17.00051575899124,,,
amgtp_uniform_q,60,0.0,0.20000606775283813,0.20000606775283813,0.20000606775283813,0.20000606775283813,0.20000606775283813,17.00051575899124,,,
amgtp_uniform_q,61,0.0,0.20000606775283813,0.20000606775283813,0.20000606775283813,0.20000606775283813,0.20000606775283813,17.00051575899124,,,
amgtp_uniform_q,62,0.0,0.20000606775283813,0.20000606775283813,0.20000606775283813,0.20000606775283813,0.20000606775283813,17.00051575899124,,,
amgtp_uniform_q,63,0.0,0.20000606775283813,0.20000606775283813,0.20000606775283813,0.20000606775283813,0.20000606775283813,17.00051575899124,,,
amgtp_uniform_q,64,0.0,0.20000606775283813,0.20000606775283813,0.20000606775283813,0.20000606775283813,0.20000606775283813,17.00051575899124,,,
amgtp_uniform_q,65,0.0,0.20000606775283813,0.20000606775283813,0.20000606775283813,0.20000606775283813,0.20000606775283813,17.00051575899124,,,
amgtp_uniform_q,66,0.0,0.20000606775283813,0.20000606775283813,0.20000606775283813,0.20000606775283813,0.20000606775283813,17.00051575899124,,,
amgtp_uniform_q,67,0.0,0.20000606775283813,0.20000606775283813,0.20000606775283813,0.20000606775283813,0.20000606775283813,17.00051575899124,,,
amgtp_uniform_q,68,0.0,0.20000606775283813,0.20000606775283813,0.20000606775283813,0.20000606775283813,0.20000606775283813,17.00051575899124,,,
amgtp_uniform_q,69,0.0,0.20000606775283813,0.20000606775283813,0.20000606775283813,0.20000606775283813,0.20000606775283813,17.00051575899124,,,
amgtp_uniform_q,70,0.0,0.20000606775283813,0.20000606775283813,0.20000606775283813,0.20000606775283813,0.20000606775283813,17.00051575899124,,,
amgtp_uniform_q,71,0.0,0.20000606775283813,0.20000606775283813,0.20000606775283813,0.20000606775283813,0.20000606775283813,17.00051575899124,,,
amgtp_uniform_q,72,0.0,0.20000606775283813,0.20000606775283813,0.20000606775283813,0.20000606775283813,0.20000606775283813,17.00051575899124,,,
amgtp_uniform_q,73,0.0,0.20000606775283813,0.20000606775283813,0.20000606775283813,0.20000606775283813,0.20000606775283813,17.00051575899124,,,
amgtp_uniform_q,74,0.0,0.20000606775283813,0.20000606775283813,0.20000606775283813,0.20000606775283813,0.20000606775283813,17.00051575899124,,,
amgtp_uniform_q,75,0.0,0.20000606775283813,0.20000606775283813,0.20000606775283813,0.20000606775283813,0.20000606775283813,17.00051575899124,,,
amgtp_uniform_q,76,0.0,0.20000606775283813,0.20000606775283813,0.20000606775283813,0.20000606775283813,0.20000606775283813,17.00051575899124,,,
amgtp_uniform_q,77,0.0,0.20000606775283813,0.20000606775283813,0.20000606775283813,0.20000606775283813,0.20000606775283813,17.00051575899124,,,
amgtp_uniform_q,78,0.0,0.20000606775283813,0.20000606775283813,0.20000606775283813,0.20000606775283813,0.20000606775283813,17.00051575899124,,,
amgtp_uniform_q,79,0.0,0.20000606775283813,0.20000606775283813,0.20000606775283813,0.20000606775283813,0.20000606775283813,17.00051575899124,,,
amgtp_uniform_q,80,0.0,0.20000606775283813,0.20000606775283813,0.20000606775283813,0.20000606775283813,0.20000606775283813,17.00051575899124,,,
amgtp_uniform_q,81,0.0,0.20000606775283813,0.20000606775283813,0.20000606775283813,0.20000606775283813,0.20000606775283813,17.00051575899124,,,
amgtp_uniform_q,82,0.0,0.20000606775283813,0.20000606775283813,0.20000606775283813,0.20000606775283813,0.20000606775283813,17.00051575899124,,,
amgtp_uniform_q,83,0.0,0.20000606775283813,0.20000606775283813,0.20000606775283813,0.20000606775283813,0.20000606775283813,17.00051575899124,,,
amgtp_uniform_q,84,0.0,0.20000606775283813,0.20000606775283813,0.20000606775283813,0.20000606775283813,0.20000606775283813,17.00051575899124,,,
amgtp_uniform_q,85,0.0,0.20000606775283813,0.20000606775283813,0.20000606775283813,0.20000606775283813,0.20000606775283813,17.00051575899124,,,
amgtp_uniform_q,86,0.0,0.20000606775283813,0.20000606775283813,0.20000606775283813,0.20000606775283813,0.20000606775283813,17.00051575899124,,,
amgtp_uniform_q,87,0.0,0.20000606775283813,0.20000606775283813,0.20000606775283813,0.20000606775283813,0.20000606775283813,17.00051575899124,,,
amgtp_uniform_q,88,0.0,0.20000606775283813,0.20000606775283813,0.20000606775283813,0.20000606775283813,0.20000606775283813,17.00051575899124,,,
amgtp_uniform_q,89,0.0,0.20000606775283813,0.20000606775283813,0.20000606775283813,0.20000606775283813,0.20000606775283813,17.00051575899124,,,
amgtp_uniform_q,90,0.0,0.20000606775283813,0.20000606775283813,0.20000606775283813,0.20000606775283813,0.20000606775283813,17.00051575899124,,,
amgtp_uniform_q,91,0.0,0.20000606775283813,0.20000606775283813,0.20000606775283813,0.20000606775283813,0.20000606775283813,17.00051575899124,,,
amgtp_uniform_q,92,0.0,0.20000606775283813,0.20000606775283813,0.20000606775283813,0.20000606775283813,0.20000606775283813,17.00051575899124,,,
amgtp_uniform_q,93,0.0,0.20000606775283813,0.20000606775283813,0.20000606775283813,0.20000606775283813,0.20000606775283813,17.00051575899124,,,
amgtp_uniform_q,94,0.0,0.20000606775283813,0.20000606775283813,0.20000606775283813,0.20000606775283813,0.20000606775283813,17.00051575899124,,,
amgtp_uniform_q,95,0.0,0.20000606775283813,0.20000606775283813,0.20000606775283813,0.20000606775283813,0.20000606775283813,17.00051575899124,,,
amgtp_uniform_q,96,0.0,0.20000606775283813,0.20000606775283813,0.20000606775283813,0.20000606775283813,0.20000606775283813,17.00051575899124,,,
amgtp_uniform_q,97,0.0,0.20000606775283813,0.20000606775283813,0.20000606775283813,0.20000606775283813,0.20000606775283813,17.00051575899124,,,
amgtp_uniform_q,98,0.0,0.20000606775283813,0.20000606775283813,0.20000606775283813,0.20000606775283813,0.20000606775283813,17.00051575899124,,,
amgtp_uniform_q,99,0.0,0.20000606775283813,0.20000606775283813,0.20000606775283813,0.20000606775283813,0.20000606775283813,17.00051575899124,,,
amgtp_uniform_q,100,0.0,0.20000606775283813,0.20000606775283813,0.20000606775283813,0.20000606775283813,0.20000606775283813,17.00051575899124,,,
amgtp_uniform_q,101,0.0,0.20000606775283813,0.20000606775283813,0.20000606775283813,0.20000606775283813,0.20000606775283813,17.00051575899124,,,
amgtp_uniform_q,102,0.0,0.20000606775283813,0.20000606775283813,0.20000606775283813,0.20000606775283813,0.20000606775283813,17.00051575899124,,,
amgtp_uniform_q,103,0.0,0.20000606775283813,0.20000606775283813,0.20000606775283813,0.20000606775283813,0.20000606775283813,17.00051575899124,,,
amgtp_uniform_q,104,0.0,0.20000606775283813,0.20000606775283813,0.20000606775283813,0.20000606775283813,0.20000606775283813,17.00051575899124,,,
amgtp_uniform_q,105,0.0,0.20000606775283813,0.20000606775283813,0.20000606775283813,0.20000606775283813,0.20000606775283813,17.00051575899124,,,
amgtp_uniform_q,106,0.0,0.20000606775283813,0.20000606775283813,0.20000606775283813,0.20000606775283813,0.20000606775283813,17.00051575899124,,,
amgtp_uniform_q,107,0.0,0.20000606775283813,0.20000606775283813,0.20000606775283813,0.20000606775283813,0.20000606775283813,17.00051575899124,,,
amgtp_uniform_q,108,0.0,0.20000606775283813,0.20000606775283813,0.20000606775283813,0.20000606775283813,0.20000606775283813,17.00051575899124,,,
amgtp_uniform_q,109,0.0,0.20000606775283813,0.20000606775283813,0.20000606775283813,0.20000606775283813,0.20000606775283813,17.00051575899124,,,
amgtp_uniform_q,110,0.0,0.20000606775283813,0.20000606775283813,0.20000606775283813,0.20000606775283813,0.20000606775283813,17.00051575899124,,,
amgtp_uniform_q,111,0.0,0.20000606775283813,0.20000606775283813,0.20000606775283813,0.20000606775283813,0.20000606775283813,17.00051575899124,,,
amgtp_uniform_q,112,0.0,0.20000606775283813,0.20000606775283813,0.20000606775283813,0.20000606775283813,0.20000606775283813,17.00051575899124,,,
amgtp_uniform_q,113,0.0,0.20000606775283813,0.20000606775283813,0.20000606775283813,0.20000606775283813,0.20000606775283813,17.00051575899124,,,
amgtp_uniform_q,114,0.0,0.20000606775283813,0.20000606775283813,0.20000606775283813,0.20000606775283813,0.20000606775283813,17.00051575899124,,,
amgtp_uniform_q,115,0.0,0.20000606775283813,0.20000606775283813,0.20000606775283813,0.20000606775283813,0.20000606775283813,17.00051575899124,,,
amgtp_uniform_q,116,0.0,0.20000606775283813,0.20000606775283813,0.20000606775283813,0.20000606775283813,0.20000606775283813,17.00051575899124,,,
amgtp_uniform_q,117,0.0,0.20000606775283813,0.20000606775283813,0.20000606775283813,0.20000606775283813,0.20000606775283813,17.00051575899124,,,
amgtp_uniform_q,118,0.0,0.20000606775283813,0.20000606775283813,0.20000606775283813,0.20000606775283813,0.20000606775283813,17.00051575899124,,,
amgtp_uniform_q,119,0.0,0.20000606775283813,0.20000606775283813,0.20000606775283813,0.20000606775283813,0.20000606775283813,17.00051575899124,,,
amgtp_no_state,4,,0.20000606775283813,0.20000606775283813,0.20000606775283813,0.20000606775283813,0.20000606775283813,17.00051575899124,,,
amgtp_no_state,5,0.3574037179350853,0.2595682442188263,0.07762766629457474,0.1436672806739807,0.2595682442188263,0.2595682442188263,21.533657290041447,,,
amgtp_no_state,6,0.19581900909543037,0.29220491647720337,0.051133882254362106,0.07225204259157181,0.29220491647720337,0.292204886674881,23.936487827450037,,,
amgtp_no_state,7,0.04092320054769516,0.2990253269672394,0.042696889489889145,0.06022709608078003,0.2990253269672394,0.2990253269672394,24.44442966207862,,,
amgtp_no_state,8,0.018271073698997498,0.2963932454586029,0.04145791009068489,0.06936297565698624,0.2963932454586029,0.2963932752609253,24.257400136440992,,,
amgtp_no_state,9,0.15531698614358902,0.32689744234085083,0.043330494314432144,0.08413994312286377,0.21873417496681213,0.32689744234085083,26.01730028167367,,,
amgtp_no_state,10,0.1214827410876751,0.3552953600883484,0.04434419423341751,0.08707217127084732,0.1579931676387787,0.355295330286026,27.703369110822678,,,
amgtp_no_state,11,0.0568435862660408,0.36601367592811584,0.04390314221382141,0.09405725449323654,0.13001231849193573,0.36601361632347107,28.321172319352627,,,
amgtp_no_state,12,0.10617412254214287,0.3925575017929077,0.03806843236088753,0.06943594664335251,0.10738174617290497,0.3925573229789734,30.04730112478137,,,
amgtp_no_state,13,0.06342772394418716,0.4084140956401825,0.034419089555740356,0.054226335138082504,0.09452622383832932,0.40841397643089294,31.081423070281744,,,
amgtp_no_state,14,0.01464337483048439,0.40475332736968994,0.03691674396395683,0.056090932339429855,0.09748589992523193,0.40475329756736755,30.839336648583412,,,
amgtp_no_state,15,0.07914160937070847,0.3849679231643677,0.041981667280197144,0.07010653614997864,0.11797620356082916,0.3849679231643677,29.565761014819145,,,
amgtp_no_state,16,0.06302372738718987,0.4119236171245575,0.03691677376627922,0.06773840636014938,0.1225326657295227,0.36088937520980835,30.865728933364153,,,
amgtp_no_state,17,0.1819242350757122,0.5028853416442871,0.030514661222696304,0.05307261273264885,0.10276222974061966,0.31076520681381226,35.43290150165558,,,
amgtp_no_state,18,0.20429326593875885,0.6050320863723755,0.02676701545715332,0.04512275010347366,0.08647693693637848,0.23660148680210114,40.38181982189417,,,
amgtp_no_state,19,0.08977878279983997,0.6429249048233032,0.027723627164959908,0.049813829362392426,0.08782590925693512,0.1917121857404709,42.05141136981547,,,
amgtp_no_state,20,0.10804569534957409,0.6033039689064026,0.03410005569458008,0.0752631202340126,0.11002302169799805,0.1773102581501007,39.71063231676817,,,
amgtp_no_state,21,0.026233062148094177,0.6046168208122253,0.036477357149124146,0.07947138696908951,0.11524142324924469,0.1641940176486969,39.65730697661638,,,
amgtp_no_state,22,0.1548260562121868,0.6820296049118042,0.029733803123235703,0.05408274382352829,0.09415074437856674,0.14000362157821655,43.73286424204707,,,
amgtp_no_state,23,0.07528022862970829,0.7196696996688843,0.02567370794713497,0.04348311200737953,0.08331217616796494,0.12786178290843964,45.70955521799624,,,
amgtp_no_state,24,0.05690298229455948,0.6912182569503784,0.028051210567355156,0.04700234904885292,0.0926947221159935,0.14103403687477112,44.26549324579537,,,
amgtp_no_state,25,0.0539881456643343,0.6642240285873413,0.03201058879494667,0.052865467965602875,0.09560352563858032,0.15529665350914001,42.887426536530256,,,
amgtp_no_state,26,0.03936045616865158,0.6823551654815674,0.032998375594615936,0.053426843136548996,0.08606289327144623,0.145157128572464,43.769228886812925,,,
amgtp_no_state,27,0.09174022451043129,0.7282251119613647,0.02855828031897545,0.04769985005259514,0.07215583324432373,0.1233609989285469,46.09730936586857,,,
amgtp_no_state,28,0.07901415415108204,0.7677318453788757,0.024458611384034157,0.04071105644106865,0.061106011271476746,0.10599186271429062,48.12213066034019,,,
amgtp_no_state,29,0.008778508752584457,0.769959568977356,0.024351829662919044,0.04287275671958923,0.060663267970085144,0.10215230286121368,48.20531935431063,,,
amgtp_no_state,30,0.09163245372474194,0.7241432070732117,0.029246442019939423,0.05929233878850937,0.07328043133020401,0.11403703689575195,45.76519741863012,,,
amgtp_no_state,31,0.42132066935300827,0.5134831666946411,0.11523941904306412,0.09807263314723969,0.11689653247594833,0.15630829334259033,34.22503915429115,,,
amgtp_no_state,32,0.9837191589176655,0.23913809657096863,0.6070989370346069,0.060066476464271545,0.038518693298101425,0.0551777184009552,16.177703071385622,,,
amgtp_no_state,33,0.29783958941698074,0.1607864648103714,0.7560186386108398,0.027681900188326836,0.022099701687693596,0.033413030207157135,11.10873256251216,,,
amgtp_no_state,34,0.08635655045509338,0.1299789547920227,0.7991967797279358,0.026385493576526642,0.017644934356212616,0.026793304830789566,9.17571135610342,,,
amgtp_no_state,35,0.05014666169881821,0.11805079132318497,0.7901589274406433,0.05145839601755142,0.016025513410568237,0.024304982274770737,8.480029940605164,,,
amgtp_no_state,36,0.6085591595619917,0.11200401932001114,0.4938858151435852,0.3557388186454773,0.015296315774321556,0.023075327277183533,8.711472222581506,,,
amgtp_no_state,37,0.5582561064511538,0.10018033534288406,0.2308109998703003,0.6348667144775391,0.013554241508245468,0.02058769017457962,8.529338616877794,,,
amgtp_no_state,38,0.1280404133722186,0.08444655686616898,0.1879192292690277,0.6988861560821533,0.011400752700865269,0.01734575629234314,7.674016966484487,,,
amgtp_no_state,39,0.10643552057445049,0.06962762773036957,0.15456219017505646,0.7521023750305176,0.009401030838489532,0.014302144758403301,6.854564221575856,,,
amgtp_no_state,40,0.09164039557799697,0.056765008717775345,0.1259678304195404,0.7979235649108887,0.007676973473280668,0.011663975194096565,6.142673515249044,,,
amgtp_no_state,41,0.05518604815006256,0.049011778086423874,0.10875462740659714,0.8255190253257751,0.006641340907663107,0.010075453668832779,5.713564126286656,,,
amgtp_no_state,42,0.0380908059887588,0.043636687099933624,0.09684353321790695,0.8445664048194885,0.005965638905763626,0.008993914350867271,5.416418246924877,,,
amgtp_no_state,43,0.03211887599900365,0.03908964619040489,0.08677026629447937,0.8606246113777161,0.005419405642896891,0.008099786005914211,5.165355715434998,,,
amgtp_no_state,44,0.02686872100457549,0.03525278717279434,0.07828141003847122,0.8740578889846802,0.005015149246901274,0.007394314277917147,4.954248751979321,,,
amgtp_no_state,45,0.022587845101952553,0.03190365433692932,0.07089905440807343,0.8853508830070496,0.004875107202678919,0.006970993708819151,4.772890625987202,,,
amgtp_no_state,46,0.018916849046945572,0.028949568048119545,0.06439495086669922,0.8945267796516418,0.005128927528858185,0.006999935954809189,4.618850968778133,,,
amgtp_no_state,47,0.014849293977022171,0.026667986065149307,0.059252120554447174,0.8994460701942444,0.006421773694455624,0.0082126809284091,4.5175994439050555,,,
amgtp_no_state,48,0.012086325325071812,0.02534346841275692,0.05604865401983261,0.8979304432868958,0.009472950361669064,0.011204218491911888,4.493617800064385,,,
amgtp_no_state,49,0.03754680696874857,0.025703122839331627,0.055592019110918045,0.8796137571334839,0.01872996799647808,0.020361032336950302,4.652784889563918,,,
amgtp_no_state,50,0.11724715679883957,0.030927803367376328,0.05957796052098274,0.8209906220436096,0.04212561994791031,0.04637878015637398,5.322400290518999,,,
amgtp_no_state,51,0.1621512584388256,0.05131163448095322,0.0701422393321991,0.7399147748947144,0.06371669471263885,0.07491500675678253,6.863411590456963,,,
amgtp_no_state,52,0.163714449852705,0.11635959148406982,0.0869515985250473,0.670129656791687,0.062021102756261826,0.06453858315944672,10.416603941470385,,,
amgtp_no_state,53,0.2494138516485691,0.23859913647174835,0.08941889554262161,0.5757465362548828,0.05057956278324127,0.0456562340259552,17.125850908458233,,,
amgtp_no_state,54,0.24494574964046478,0.3610721528530121,0.07435180991888046,0.48910167813301086,0.040375035256147385,0.035099972039461136,23.980010870844126,,,
amgtp_no_state,55,0.20831363089382648,0.46522825956344604,0.06061854586005211,0.412100225687027,0.03313596546649933,0.028916234150528908,29.847393833100796,,,
amgtp_no_state,56,0.18845975026488304,0.5594586730003357,0.05018487945199013,0.338042289018631,0.027834266424179077,0.024480199441313744,35.16939478367567,,,
amgtp_no_state,57,0.14448594488203526,0.6317017674446106,0.04337753728032112,0.2784048318862915,0.02445858344435692,0.022057831287384033,39.260717801749706,,,
amgtp_no_state,58,0.07122276537120342,0.6650786399841309,0.04222617670893669,0.2439448982477188,0.024852817878127098,0.02389819547533989,41.18732373230159,,,
amgtp_no_state,59,0.054833369329571724,0.6502060294151306,0.04926042631268501,0.2314007431268692,0.03325803577899933,0.03587533161044121,40.4908853136003,,,
amgtp_no_state,60,0.20718861371278763,0.5471601486206055,0.06974510848522186,0.2308518886566162,0.07516303658485413,0.07707952708005905,35.197164326906204,,,
amgtp_no_state,61,0.23561250418424606,0.4341751039028168,0.0849609225988388,0.22603079676628113,0.12701058387756348,0.12782253324985504,29.492149099707603,,,
amgtp_no_state,62,0.11117947846651077,0.38964298367500305,0.086191825568676,0.21793019771575928,0.12405344843864441,0.182181254029274,27.537473134696484,,,
amgtp_no_state,63,0.10688357800245285,0.3631105124950409,0.08080929517745972,0.20786726474761963,0.11258947849273682,0.23562292754650116,26.577889174222946,,,
amgtp_no_state,64,0.07446707785129547,0.3417433798313141,0.07532262057065964,0.19748786091804504,0.1241050586104393,0.2613412141799927,25.699901401996613,,,
amgtp_no_state,65,0.07201646268367767,0.32179808616638184,0.07063493132591248,0.18611252307891846,0.1499616950750351,0.27149271965026855,24.787487611174583,,,
amgtp_no_state,66,0.05333244055509567,0.30789828300476074,0.06787236779928207,0.17610886693000793,0.1752135455608368,0.2729072868824005,24.117292784154415,,,
amgtp_no_state,67,0.022137708961963654,0.30605754256248474,0.06664325296878815,0.16811004281044006,0.1830137073993683,0.2761761546134949,24.0819880515337,,,
amgtp_no_state,68,0.05013633519411087,0.3286263048648834,0.06587091833353043,0.1611613780260086,0.1656663566827774,0.278675377368927,25.32805312424898,,,
amgtp_no_state,69,0.10261626541614532,0.37993425130844116,0.06423342972993851,0.15320894122123718,0.14154626429080963,0.26107707619667053,27.965818248689175,,,
amgtp_no_state,70,0.12864995002746582,0.44425973296165466,0.05965970456600189,0.14037901163101196,0.12044163793325424,0.23526088893413544,31.273124627768993,,,
amgtp_no_state,71,0.11249859631061554,0.500508189201355,0.053562842309474945,0.12519872188568115,0.10350765287876129,0.21722188591957092,34.22531033307314,,,
amgtp_no_state,72,0.05396845564246178,0.5257778167724609,0.04926951602101326,0.1128731518983841,0.09314223378896713,0.21893639862537384,35.651663195341825,,,
amgtp_no_state,73,0.061166148632764816,0.5183680057525635,0.045112401247024536,0.10117556899785995,0.0858241394162178,0.249519944190979,35.544767647981644,,,
amgtp_no_state,74,0.11664070188999176,0.48192861676216125,0.041036851704120636,0.08958563953638077,0.07960867881774902,0.3078403174877167,34.092535972595215,,,
amgtp_no_state,75,0.10621999949216843,0.44557368755340576,0.03763403743505478,0.07954529672861099,0.07629688829183578,0.36095044016838074,32.598075561225414,,,
amgtp_no_state,76,0.08149812743067741,0.41452208161354065,0.03555501624941826,0.0719265267252922,0.07689914852380753,0.401096910238266,31.27631027624011,,,
amgtp_no_state,77,0.0322691947221756,0.42349523305892944,0.03572502359747887,0.06805215775966644,0.08389085531234741,0.38883695006370544,31.680548768490553,,,
amgtp_no_state,78,0.11757579445838928,0.4729866087436676,0.037793803960084915,0.0674658715724945,0.0911184772849083,0.3306352198123932,33.88611036166549,,,
amgtp_no_state,79,0.11414828896522522,0.5256803631782532,0.03926622495055199,0.06745195388793945,0.0940261036157608,0.2735746502876282,36.27067170664668,,,
amgtp_no_state,80,0.05854599550366402,0.5541750192642212,0.040045157074928284,0.06696642190217972,0.08986296504735947,0.24895091354846954,37.60579912364483,,,
amgtp_no_state,81,0.27927637845277786,0.6938126087188721,0.033500202000141144,0.05492434278130531,0.05752674862742424,0.16023537516593933,44.4730122461915,,,
amgtp_no_state,82,0.15881490893661976,0.7732201218605042,0.02790849097073078,0.04383862763643265,0.04072752967476845,0.11430462449789047,48.43798913620412,,,
amgtp_no_state,83,0.07724284566938877,0.8118415474891663,0.025949515402317047,0.03852876275777817,0.0331936739385128,0.09048590064048767,50.351186979562044,,,
amgtp_no_state,84,0.035813672468066216,0.8255363702774048,0.02840709686279297,0.04028284177184105,0.030961403623223305,0.07481098175048828,50.945521408692,,,
amgtp_no_state,85,0.0697078313678503,0.7999089956283569,0.0389198437333107,0.05649077519774437,0.03909578174352646,0.06558558344841003,49.394800547510386,,,
amgtp_no_state,86,0.21049483865499496,0.6972246766090393,0.056763116270303726,0.10261600464582443,0.08037437498569489,0.06302215903997421,43.64302257820964,,,
amgtp_no_state,87,0.4197728671133518,0.4873380959033966,0.06473290920257568,0.15687452256679535,0.225962296128273,0.06509221345186234,32.26866929233074,,,
amgtp_no_state,88,0.28607364371418953,0.3659321665763855,0.053757619112730026,0.14621908962726593,0.36855921149253845,0.06553228944540024,25.94571141526103,,,
amgtp_no_state,89,0.10830083116889,0.38352271914482117,0.055211491882801056,0.16011203825473785,0.3144086003303528,0.08674513548612595,26.962202854454517,,,
amgtp_no_state,90,0.30029231309890747,0.4962330758571625,0.05574455112218857,0.1556219756603241,0.16875238716602325,0.12364775687456131,33.20893033593893,,,
amgtp_no_state,91,0.212047278881073,0.6022569537162781,0.047986000776290894,0.12447967380285263,0.1077580451965332,0.1175195500254631,38.95642226189375,,,
amgtp_no_state,92,0.13551434129476547,0.6700137853622437,0.04244164377450943,0.10622770339250565,0.08644764125347137,0.09486877173185349,42.495248168706894,,,
amgtp_no_state,93,0.04920351132750511,0.691831648349762,0.04171992465853691,0.10901185125112534,0.07694947719573975,0.08048715442419052,43.544120881706476,,,
amgtp_no_state,94,0.10835840553045273,0.6441594958305359,0.04804861918091774,0.15542174875736237,0.07839038968086243,0.0739804059267044,40.74834202602506,,,
amgtp_no_state,95,0.4054841846227646,0.4493536055088043,0.058287832885980606,0.3256835341453552,0.10063109546899796,0.06604381650686264,29.625585865229368,,,
amgtp_no_state,96,0.4105842411518097,0.27397608757019043,0.04703253507614136,0.5078073143959045,0.12379975616931915,0.0473848320543766,19.539005674421787,,,
amgtp_no_state,97,0.17527354508638382,0.2085709571838379,0.036125484853982925,0.5190139412879944,0.20022983849048615,0.03606017678976059,16.01387608423829,,,
amgtp_no_state,98,0.5548342876136303,0.16193005442619324,0.02655532769858837,0.30611443519592285,0.47764652967453003,0.02775314636528492,14.39277165569365,,,
amgtp_no_state,99,0.3540186081081629,0.12085288763046265,0.019265592098236084,0.18435661494731903,0.6546564698219299,0.02086920104920864,12.698272798210382,,,
amgtp_no_state,100,0.11684657260775566,0.0869741216301918,0.01788203790783882,0.1646965891122818,0.7130792737007141,0.017367778345942497,10.965122915804386,,,
amgtp_no_state,101,0.09015851095318794,0.08059109002351761,0.01612410694360733,0.12775814533233643,0.7580610513687134,0.017465105280280113,10.785802777856588,,,
amgtp_no_state,102,0.4722538907080889,0.0911034420132637,0.06312936544418335,0.24292981624603271,0.5219341516494751,0.0809028148651123,11.044303804636002,,,
amgtp_no_state,103,0.46452899277210236,0.09752184897661209,0.19720374047756195,0.32390668988227844,0.28966954350471497,0.09169754385948181,10.331687167286873,,,
amgtp_no_state,104,0.14252447709441185,0.09297695755958557,0.20043127238750458,0.3919413685798645,0.27269449830055237,0.041955213993787766,9.451107315719128,,,
amgtp_no_state,105,0.25465095043182373,0.08433572947978973,0.11288223415613174,0.51926589012146,0.2508228123188019,0.03269073739647865,8.94425368309021,,,
amgtp_no_state,106,0.1456364095211029,0.07512111216783524,0.07888233661651611,0.5920867323875427,0.22527910768985748,0.028633389621973038,8.340230472385883,,,
amgtp_no_state,107,0.0903879962861538,0.06760978698730469,0.06672697514295578,0.6372811794281006,0.2026972472667694,0.02568838745355606,7.8136758878827095,,,
amgtp_no_state,108,0.06124037131667137,0.06231826916337013,0.06081083044409752,0.6678997874259949,0.18539965152740479,0.023571882396936417,7.431410256773233,,,
amgtp_no_state,109,0.04158211499452591,0.05888409912586212,0.05736945569515228,0.688690185546875,0.17288871109485626,0.022166650742292404,7.177040047943592,,,
amgtp_no_state,110,0.028018804267048836,0.057004883885383606,0.05566445365548134,0.7026999592781067,0.16323187947273254,0.021398669108748436,7.026261888444424,,,
amgtp_no_state,111,0.015536446124315262,0.056920602917671204,0.05559396743774414,0.7102373838424683,0.1556180864572525,0.021629130467772484,6.993676725775003,,,
amgtp_no_state,112,0.017839014530181885,0.06031893566250801,0.05815025791525841,0.7076905369758606,0.1492457538843155,0.024594342336058617,7.18939907848835,,,
amgtp_no_state,113,0.04562552832067013,0.06864071637392044,0.06306936591863632,0.689203679561615,0.14492006599903107,0.03416643664240837,7.741893962025642,,,
amgtp_no_state,114,0.121854979544878,0.0865577682852745,0.07053770124912262,0.6282761096954346,0.146792471408844,0.06783605366945267,9.126084178686142,,,
amgtp_no_state,115,0.2169577106833458,0.0924215093255043,0.06713689863681793,0.5231980681419373,0.14949919283390045,0.1677444577217102,10.576938420534134,,,
amgtp_no_state,116,0.21499041840434074,0.07366329431533813,0.05547599121928215,0.4587922692298889,0.1368289440870285,0.2752397060394287,10.662808950990438,,,
amgtp_no_state,117,0.16659696027636528,0.06211115047335625,0.04808374121785164,0.4085911512374878,0.12267576158046722,0.3585379719734192,10.878788162022829,,,
amgtp_no_state,118,0.1668289341032505,0.05430202558636665,0.04190429300069809,0.35271790623664856,0.1091235876083374,0.4419529139995575,11.30938545614481,,,
amgtp_no_state,119,0.16752099245786667,0.0485365130007267,0.03632137179374695,0.2914001941680908,0.09802873432636261,0.5257129073143005,11.868894577026367,,,
amgtp_fixed_beta0,4,,0.20000606775283813,0.20000606775283813,0.20000606775283813,0.20000606775283813,0.20000606775283813,17.00051575899124,,,
amgtp_fixed_beta0,5,0.45524822548031807,0.2758760452270508,0.04135150834918022,0.1310223639011383,0.27587607502937317,0.2758760452270508,22.780378472059965,,,
amgtp_fixed_beta0,6,0.24468256160616875,0.3166562020778656,0.012879699468612671,0.037152111530303955,0.3166562020778656,0.3166562616825104,25.773489236831665,,,
amgtp_fixed_beta0,7,0.030404632911086082,0.3217235803604126,0.008559029549360275,0.026270223781466484,0.3217235803604126,0.3217235803604126,26.14697971008718,,,
amgtp_fixed_beta0,8,0.0370557215064764,0.31554749608039856,0.011948905885219574,0.04140781611204147,0.31554749608039856,0.31554749608039856,25.695519536733627,,,
amgtp_fixed_beta0,9,0.2500390149652958,0.3663625419139862,0.017546076327562332,0.05919981002807617,0.1905277967453003,0.366362601518631,28.6396690197289,,,
amgtp_fixed_beta0,10,0.17097587883472443,0.4015447199344635,0.022179577499628067,0.06969096511602402,0.10504087060689926,0.4015447199344635,30.680847842246294,,,
amgtp_fixed_beta0,11,0.05958479270339012,0.401469349861145,0.0256027951836586,0.09605977684259415,0.07539866864681244,0.40146952867507935,30.55030719935894,,,
amgtp_fixed_beta0,12,0.15009738691151142,0.43899378180503845,0.020271455869078636,0.05199577286839485,0.049745429307222366,0.438993901014328,33.01001830212772,,,
amgtp_fixed_beta0,13,0.07752664014697075,0.4583755433559418,0.016790125519037247,0.026904335245490074,0.03955499082803726,0.45837557315826416,34.29417869262397,,,
amgtp_fixed_beta0,14,0.03106428124010563,0.4506092965602875,0.021288156509399414,0.027947545051574707,0.04954559728503227,0.45060938596725464,33.79703916981816,,,
amgtp_fixed_beta0,15,0.11603394523262978,0.42160093784332275,0.030486829578876495,0.043953314423561096,0.08235829323530197,0.42160093784332275,31.937324225902557,,,
amgtp_fixed_beta0,16,0.14864537492394447,0.4752395749092102,0.026607703417539597,0.050841450691223145,0.09615443646907806,0.35115760564804077,34.28279408439994,,,
amgtp_fixed_beta0,17,0.3349784277379513,0.6427282094955444,0.017892714589834213,0.03718036040663719,0.06981516629457474,0.23238316178321838,42.43519679456949,,,
amgtp_fixed_beta0,18,0.302526505663991,0.7939919233322144,0.01258142851293087,0.026228439062833786,0.046857718378305435,0.12034102529287338,49.74356052838266,,,
amgtp_fixed_beta0,19,0.07253331318497658,0.8184716105461121,0.014304837211966515,0.0318506620824337,0.05129902809858322,0.08407434076070786,50.754287423565984,,,
amgtp_fixed_beta0,20,0.16596362739801407,0.7354899644851685,0.023167068138718605,0.06285707652568817,0.08643501996994019,0.0920516848564148,46.23490489460528,,,
amgtp_fixed_beta0,21,0.07164744473993778,0.7003574967384338,0.028849367052316666,0.0751141756772995,0.10431929677724838,0.09136038273572922,44.28492213413119,,,
amgtp_fixed_beta0,22,0.19695433788001537,0.7988347411155701,0.020793290808796883,0.04033831134438515,0.07510009407997131,0.06493443250656128,49.50667540542781,,,
amgtp_fixed_beta0,23,0.09022997599095106,0.8439488410949707,0.01538663636893034,0.02485828474164009,0.06053444743156433,0.055270884186029434,51.924425466917455,,,
amgtp_fixed_beta0,24,0.07629675697535276,0.8058010339736938,0.017713597044348717,0.027560576796531677,0.07481606304645538,0.07410896569490433,50.00969532690942,,,
amgtp_fixed_beta0,25,0.06964331679046154,0.7709789872169495,0.022422660142183304,0.03352507948875427,0.07671055197715759,0.09636218100786209,48.267781529575586,,,
amgtp_fixed_beta0,26,0.038016753271222115,0.785889744758606,0.024087419733405113,0.03595772013068199,0.0602463074028492,0.0938178300857544,49.020519038662314,,,
amgtp_fixed_beta0,27,0.09305847063660622,0.8324188590049744,0.019314149394631386,0.0319351889193058,0.04143832251429558,0.07489226013422012,51.39881115593016,,,
amgtp_fixed_beta0,28,0.08587866090238094,0.8753589391708374,0.014202389866113663,0.024332763627171516,0.02902907319366932,0.057077113538980484,53.611020132899284,,,
amgtp_fixed_beta0,29,0.008040105924010277,0.8773698806762695,0.01342679187655449,0.0259153600782156,0.029454849660396576,0.05383192002773285,53.69319654069841,,,
amgtp_fixed_beta0,30,0.11783291585743427,0.8184536695480347,0.01905972883105278,0.04470522701740265,0.046324193477630615,0.07145647704601288,50.585055615752935,,,
amgtp_fixed_beta0,31,0.602344986051321,0.5172818899154663,0.10797097533941269,0.10660861432552338,0.11860218644142151,0.14953705668449402,34.38844431191683,,,
amgtp_fixed_beta0,32,1.3939091358333826,0.047164689749479294,0.7285974025726318,0.1829366385936737,0.02167467027902603,0.01962708868086338,4.53379063680768,,,
amgtp_fixed_beta0,33,0.7106474654283375,0.005535065196454525,0.4463936686515808,0.5382601618766785,0.006393425166606903,0.003417750122025609,2.4858805439434946,,,
amgtp_fixed_beta0,34,0.8466229978366755,0.0005459414096549153,0.03576104715466499,0.9615715146064758,0.0015858833212405443,0.0005353921442292631,2.971828748821281,,,
amgtp_fixed_beta0,35,0.06642623608058784,7.979622751008719e-05,0.004501114133745432,0.9947853088378906,0.0005111625068821013,0.00012374931247904897,2.998955442220904,,,
amgtp_fixed_beta0,36,0.007134799094274058,2.7384458007873036e-05,0.0012293171603232622,0.9983521103858948,0.0003246548294555396,6.64681865600869e-05,3.00113185421651,,,
amgtp_fixed_beta0,37,0.0015348269162132055,1.412959045410389e-05,0.0005349149578250945,0.9991207122802734,0.0002789939462672919,5.3561117965728045e-05,3.001447640501283,,,
amgtp_fixed_beta0,38,0.00039351517625618726,1.0989709153363947e-05,0.00034174221218563616,0.9992706179618835,0.0003160090127494186,6.384291918948293e-05,3.001918842604937,,,
amgtp_fixed_beta0,39,0.00018761318642646074,1.0593176739348564e-05,0.0002799797512125224,0.9992390871047974,0.0003844966122414917,8.927865565055981e-05,3.002574209134764,,,
amgtp_fixed_beta0,40,0.0005030323072787724,1.3893732102587819e-05,0.000294518715236336,0.9989867210388184,0.0005488462629728019,0.00015775572683196515,3.004138809774304,,,
amgtp_fixed_beta0,41,0.00028677664249698864,1.4330708836496342e-05,0.0003104478237219155,0.9988425374031067,0.0006183756049722433,0.00021445330639835447,3.0050288780876144,,,
amgtp_fixed_beta0,42,0.0023767496741129435,3.550730980350636e-05,0.0005026101134717464,0.9976544380187988,0.0012227202532812953,0.0005854200571775436,3.0123512853315333,,,
amgtp_fixed_beta0,43,0.002434625526802847,5.479407263919711e-05,0.0006602990906685591,0.9964368343353271,0.0018041578587144613,0.0010440285550430417,3.0205039512366056,,,
amgtp_fixed_beta0,44,0.004505829485424329,8.420745871262625e-05,0.0008942685672082007,0.9941835999488831,0.002949599176645279,0.0018877994734793901,3.0355739028018434,,,
amgtp_fixed_beta0,45,0.015126044650969561,0.00020226874039508402,0.0016368713695555925,0.9866204261779785,0.006846845615655184,0.004692759830504656,3.0872608312638476,,,
amgtp_fixed_beta0,46,0.04368100065039471,0.0004588996234815568,0.0030933155212551355,0.964780867099762,0.019337346777319908,0.012330625206232071,3.232960074557923,,,
amgtp_fixed_beta0,47,0.30190955023863353,0.0012163679348304868,0.006538817659020424,0.8138256072998047,0.12943923473358154,0.04898005723953247,4.112793160136789,,,
amgtp_fixed_beta0,48,1.4326793169602752,0.0007104562828317285,0.0036169863305985928,0.10091450810432434,0.8235032558441162,0.07125651091337204,7.111101831309497,,,
amgtp_fixed_beta0,49,0.19147713863640092,0.00032261203159578145,0.001542169600725174,0.013779455795884132,0.9192408323287964,0.06511466205120087,7.408528353902511,,,
amgtp_fixed_beta0,50,0.10830598286702298,0.0004409735556691885,0.001786718494258821,0.0072380849160254,0.8716294765472412,0.11890500783920288,7.816035832162015,,,
amgtp_fixed_beta0,51,0.005727813171688467,0.0009298056247644126,0.003090210258960724,0.006965062581002712,0.8690384030342102,0.11997640132904053,7.842712175333872,,,
amgtp_fixed_beta0,52,0.1558627025806345,0.0018750380259007215,0.005173446144908667,0.007605206687003374,0.9433009624481201,0.04204487055540085,7.332226272672415,,,
amgtp_fixed_beta0,53,0.05384322092868388,0.0035123927518725395,0.008762824349105358,0.009474636986851692,0.9631267786026001,0.01512362901121378,7.201548556797206,,,
amgtp_fixed_beta0,54,0.03790097404271364,0.00781623087823391,0.01781742461025715,0.01506669633090496,0.9496123194694519,0.00968761183321476,7.314904168248177,,,
amgtp_fixed_beta0,55,0.1242288975045085,0.02075823023915291,0.04625033959746361,0.032903041690588,0.8874979615211487,0.012590891681611538,7.779211493209004,,,
amgtp_fixed_beta0,56,1.0250497506931424,0.12955448031425476,0.28676170110702515,0.1407339870929718,0.3749728202819824,0.0679769441485405,12.05871944129467,,,
amgtp_fixed_beta0,57,0.7247621351853013,0.20737101137638092,0.3080596923828125,0.15016984939575195,0.012591837905347347,0.32180771231651306,17.794280760921538,,,
amgtp_fixed_beta0,58,0.7496622524922714,0.08495653420686722,0.12895797193050385,0.0889229029417038,0.0005238397279754281,0.696638822555542,15.249729127041064,,,
amgtp_fixed_beta0,59,0.6068288483802462,0.07645141333341599,0.2617056965827942,0.2595897316932678,0.00017059790843632072,0.4020828902721405,11.257914340836578,,,
amgtp_fixed_beta0,60,0.8916563514794689,0.034083638340234756,0.16430220007896423,0.705417811870575,6.299548840615898e-05,0.09613349288702011,5.671883804941899,,,
amgtp_fixed_beta0,61,0.3690800655513158,0.0335102304816246,0.10760476440191269,0.5781885385513306,2.296837374160532e-05,0.28067341446876526,7.7823727901322854,,,
amgtp_fixed_beta0,62,1.2845290433597256,0.01742136850953102,0.02077483758330345,0.03885908052325249,7.044622179819271e-06,0.9229382872581482,14.103819523694256,,,
amgtp_fixed_beta0,63,0.13180410878362636,0.005382857751101255,0.003068611491471529,0.002706422470510006,2.146632823496475e-06,0.9888401031494141,14.177935814490638,,,
amgtp_fixed_beta0,64,0.01268278759732766,0.003228509798645973,0.001039760303683579,0.0005484913708642125,1.767828393894888e-06,0.9951813817024231,14.128947540967715,,,
amgtp_fixed_beta0,65,0.004029753374425127,0.0021264508832246065,0.000492288323584944,0.00018306892889086157,1.5451802255483926e-06,0.9971959590911865,14.089382791641924,,,
amgtp_fixed_beta0,66,0.0007580417030794706,0.0019489626865833998,0.0003672839084174484,0.00010677277896320447,2.3086272449290846e-06,0.9975744485855103,14.083683804028169,,,
amgtp_fixed_beta0,67,0.0003053716741305834,0.002100211102515459,0.0003476192068774253,8.3319035184104e-05,4.11773089581402e-06,0.9974652528762817,14.091152606847572,,,
amgtp_fixed_beta0,68,0.0010383019698565477,0.002561716828495264,0.0003992931160610169,8.451590110780671e-05,8.588720447733067e-06,0.9969457983970642,14.111657149131133,,,
amgtp_fixed_beta0,69,0.004031118200146011,0.004250721074640751,0.0006530047976411879,0.00013685986050404608,2.929478432633914e-05,0.9949304461479187,14.185338158418745,,,
amgtp_fixed_beta0,70,0.005890242198802298,0.006655516102910042,0.0010605535935610533,0.00021580127940978855,8.318624168168753e-05,0.9919853806495667,14.289416556392098,,,
amgtp_fixed_beta0,71,0.008502074706484564,0.010122045874595642,0.0016295956447720528,0.00031362145091407,0.0002006868744501844,0.9877341985702515,14.439576800577925,,,
amgtp_fixed_beta0,72,0.024842327591613866,0.01996023766696453,0.0033559391740709543,0.0006826859316788614,0.0006880451110191643,0.9753128290176392,14.862214179011062,,,
amgtp_fixed_beta0,73,0.043159932596608996,0.036989353597164154,0.006150233093649149,0.0012655101018026471,0.0018615840235725045,0.9537326693534851,15.594596438342705,,,
amgtp_fixed_beta0,74,0.10217600618489087,0.07738632708787918,0.012182863429188728,0.0026336670853197575,0.0051519135013222694,0.9026447534561157,17.336353432852775,,,
amgtp_fixed_beta0,75,0.26402729377150536,0.1846964955329895,0.02445005066692829,0.005721368361264467,0.014500412158668041,0.7706310153007507,22.01374098705128,,,
amgtp_fixed_beta0,76,0.45529559860005975,0.37465113401412964,0.04013491049408913,0.010642014443874359,0.031588681042194366,0.5429838299751282,30.374023381620646,,,
amgtp_fixed_beta0,77,0.45033805537968874,0.5698930621147156,0.048705123364925385,0.014633060432970524,0.04895377159118652,0.31781405210494995,39.07826116215438,,,
amgtp_fixed_beta0,78,0.2257193187251687,0.6663851737976074,0.04883591830730438,0.017490973696112633,0.062332723289728165,0.20495450496673584,43.39011139981449,,,
amgtp_fixed_beta0,79,0.06745986826717854,0.676668107509613,0.046598758548498154,0.021090209484100342,0.08218082040548325,0.17346206307411194,43.71369046345353,,,
amgtp_fixed_beta0,80,0.09972285851836205,0.6269170045852661,0.046488989144563675,0.02642933651804924,0.1096707433462143,0.19049499928951263,41.175422467291355,,,
amgtp_fixed_beta0,81,0.3530253451317549,0.803429126739502,0.028294138610363007,0.020487172529101372,0.05880832299590111,0.08898121118545532,49.95289847813547,,,
amgtp_fixed_beta0,82,0.2209044974297285,0.9138813614845276,0.01687031239271164,0.014489773660898209,0.02481018751859665,0.029948309063911438,55.486168961972,,,
amgtp_fixed_beta0,83,0.06676001846790314,0.9472609162330627,0.012967737391591072,0.011824939399957657,0.013751733116805553,0.014193709008395672,57.17907158751041,,,
amgtp_fixed_beta0,84,0.014665656723082066,0.954001784324646,0.012996370904147625,0.012388929724693298,0.010869954712688923,0.009743322618305683,57.50276641920209,,,
amgtp_fixed_beta0,85,0.021885637193918228,0.9430587291717529,0.017070259898900986,0.017412345856428146,0.01264927163720131,0.00980928260833025,56.878705905750394,,,
amgtp_fixed_beta0,86,0.03818913642317057,0.9239647388458252,0.023193636909127235,0.025564026087522507,0.016452863812446594,0.010825779289007187,55.80450100265443,,,
amgtp_fixed_beta0,87,0.11162350885570049,0.8681523203849792,0.03899724408984184,0.047318149358034134,0.02918311394751072,0.016348889097571373,52.70325716026127,,,
amgtp_fixed_beta0,88,0.1839153803884983,0.7761949300765991,0.061619825661182404,0.08448327332735062,0.053143762052059174,0.024558525532484055,47.60259114205837,,,
amgtp_fixed_beta0,89,0.1967110000550747,0.6778396368026733,0.07583672553300858,0.12682920694351196,0.08684380352497101,0.03265135735273361,42.19172818213701,,,
amgtp_fixed_beta0,90,0.13607999682426453,0.6126691102981567,0.07296691834926605,0.15370884537696838,0.1209750771522522,0.039680108428001404,38.69658713042736,,,
amgtp_fixed_beta0,91,0.05306512862443924,0.5969203114509583,0.06218387186527252,0.1593283861875534,0.13865207135677338,0.042916856706142426,37.926788210868835,,,
amgtp_fixed_beta0,92,0.03590930998325348,0.6091383695602417,0.05219074338674545,0.15136586129665375,0.14403477311134338,0.04326975345611572,38.66861046105623,,,
amgtp_fixed_beta0,93,0.09134779870510101,0.5666817426681519,0.04897353798151016,0.17815066874027252,0.16049493849277496,0.04569874703884125,36.34757713228464,,,
amgtp_fixed_beta0,94,0.3365100361406803,0.39842745661735535,0.053531255573034286,0.29152432084083557,0.20780545473098755,0.04871261119842529,26.97036635503173,,,
amgtp_fixed_beta0,95,0.4172116070985794,0.19482845067977905,0.054032329469919205,0.4239485561847687,0.28348541259765625,0.043705277144908905,15.611856807023287,,,
amgtp_fixed_beta0,96,0.28912265598773956,0.0837501809000969,0.04480220377445221,0.4120853543281555,0.4280468821525574,0.03131568804383278,9.740816928446293,,,
amgtp_fixed_beta0,97,0.41725234873592854,0.03399547562003136,0.030575063079595566,0.28044360876083374,0.6366729736328125,0.018313022330403328,7.624727554619312,,,
amgtp_fixed_beta0,98,0.2589378412812948,0.015462982468307018,0.02147362008690834,0.18534044921398163,0.7661420106887817,0.01158131379634142,7.030406383797526,,,
amgtp_fixed_beta0,99,0.06678163632750511,0.009672262705862522,0.01819389872252941,0.16334621608257294,0.799532413482666,0.009254754520952702,6.8148617669939995,,,
amgtp_fixed_beta0,100,0.07512520533055067,0.008500436320900917,0.019877247512340546,0.19843031466007233,0.763141930103302,0.01005020271986723,6.607890719547868,,,
amgtp_fixed_beta0,101,0.18617331515997648,0.012702514417469501,0.01697479374706745,0.10887106508016586,0.8520267009735107,0.00942543987184763,7.201881919056177,,,
amgtp_fixed_beta0,102,1.2893479689955711,0.27485787868499756,0.18466351926326752,0.2460176795721054,0.20735269784927368,0.08710870146751404,20.08517998456955,,,
amgtp_fixed_beta0,103,0.9242215887643397,0.6846767663955688,0.236955463886261,0.0430484376847744,0.0026294677518308163,0.032690417021512985,41.92277887323871,,,
amgtp_fixed_beta0,104,0.1305910270602908,0.7499721646308899,0.22938494384288788,0.010826884768903255,0.00011067642481066287,0.009705652482807636,45.39684934573597,,,
amgtp_fixed_beta0,105,0.20639504615974147,0.656694233417511,0.332582026720047,0.005638087633997202,1.8857026589103043e-05,0.005066236946731806,39.82220961111307,,,
amgtp_fixed_beta0,106,0.08421914318660129,0.6988039612770081,0.29497697949409485,0.0033284714445471764,4.770846317114774e-06,0.002885571215301752,42.273631463386664,,,
amgtp_fixed_beta0,107,0.13646922349835222,0.7670391201972961,0.22850246727466583,0.002431429922580719,2.423253135930281e-06,0.002025407971814275,46.28651664325753,,,
amgtp_fixed_beta0,108,0.09207689369759464,0.7210003137588501,0.2739260792732239,0.002788203302770853,2.7699725251295604e-06,0.002282763132825494,43.574287588379775,,,
amgtp_fixed_beta0,109,0.23222947492263302,0.6048861742019653,0.3888164758682251,0.003497733036056161,3.7890629300818546e-06,0.002797153079882264,36.731666793653176,,,
amgtp_fixed_beta0,110,0.09903884175696476,0.6533911824226379,0.3392966389656067,0.004085864871740341,5.155634426046163e-06,0.003221651306375861,39.60016438666935,,,
amgtp_fixed_beta0,111,0.2653577066885191,0.78561931848526,0.20661693811416626,0.0043527595698833466,7.067399565130472e-06,0.003402714617550373,47.40452180238208,,,
amgtp_fixed_beta0,112,0.09113492706637771,0.7400524616241455,0.24689947068691254,0.007298258598893881,1.9233097191317938e-05,0.005730587523430586,44.75230480094069,,,
amgtp_fixed_beta0,113,0.22718873874509882,0.6264581680297852,0.35231950879096985,0.011857232078909874,4.0254661143990234e-05,0.009324999526143074,38.10621306280882,,,
amgtp_fixed_beta0,114,0.04299633248228929,0.6049599051475525,0.35852593183517456,0.020101718604564667,0.00010017452586907893,0.016312239691615105,36.94549797386571,,,
amgtp_fixed_beta0,115,0.1711349115212215,0.6635124087333679,0.27295905351638794,0.03333097696304321,0.00021031091455370188,0.029988374561071396,40.60500592866447,,,
amgtp_fixed_beta0,116,0.23019648453919217,0.5484133958816528,0.28178369998931885,0.07812418788671494,0.0005969487247057259,0.09108135104179382,34.70027757220669,,,
amgtp_fixed_beta0,117,0.9163128460641019,0.1808767467737198,0.19116446375846863,0.16555418074131012,0.0013241204433143139,0.4610811471939087,18.004836716223508,,,
amgtp_fixed_beta0,118,0.8914923024130985,0.0138623658567667,0.02284969761967659,0.05592477321624756,0.0005361387738958001,0.906826913356781,13.721695727086626,,,
amgtp_fixed_beta0,119,0.149111704522511,0.0013289031339809299,0.002875114791095257,0.014217419549822807,0.00019570734002627432,0.9813827872276306,13.865990534046432,,,
amgtp_fixed_beta_hi,4,,0.20000606775283813,0.20000606775283813,0.20000606775283813,0.20000606775283813,0.20000606775283813,17.00051575899124,,,
amgtp_fixed_beta_hi,5,0.17404507100582123,0.22900837659835815,0.1424349844455719,0.1705390065908432,0.22900837659835815,0.22900837659835815,19.203730508685112,,,
amgtp_fixed_beta_hi,6,0.0998002290725708,0.24564212560653687,0.12460847198963165,0.13846653699874878,0.24564212560653687,0.24564212560653687,20.437020257115364,,,
amgtp_fixed_beta_hi,7,0.022119805216789246,0.2493283748626709,0.11639468371868134,0.13561926782131195,0.2493283748626709,0.2493283748626709,20.71885085105896,,,
amgtp_fixed_beta_hi,8,0.020685948431491852,0.246465265750885,0.11464182287454605,0.14596302807331085,0.246465265750885,0.246465265750885,20.516217432916164,,,
amgtp_fixed_beta_hi,9,0.09825658798217773,0.27102914452552795,0.10980585962533951,0.13170403242111206,0.2164313942193985,0.27102914452552795,22.076094411313534,,,
amgtp_fixed_beta_hi,10,0.1037035584449768,0.29695504903793335,0.0994301587343216,0.11778276413679123,0.18887652456760406,0.2969549596309662,23.74958650022745,,,
amgtp_fixed_beta_hi,11,0.040018580853939056,0.30666643381118774,0.0930446907877922,0.1183694377541542,0.17525291442871094,0.30666640400886536,24.36823908984661,,,
amgtp_fixed_beta_hi,12,0.036781877279281616,0.3158619999885559,0.08821146935224533,0.11585140973329544,0.1642134189605713,0.3158619701862335,24.959047213196754,,,
amgtp_fixed_beta_hi,13,0.037336960434913635,0.32519617676734924,0.08477663993835449,0.10690468549728394,0.15792636573314667,0.32519614696502686,25.575491920113564,,,
amgtp_fixed_beta_hi,14,0.012034408748149872,0.32589930295944214,0.08292220532894135,0.10274160653352737,0.16253697872161865,0.32589930295944214,25.645454294979572,,,
amgtp_fixed_beta_hi,15,0.028779856860637665,0.3203160762786865,0.07969935983419418,0.10334975272417068,0.17631939053535461,0.3203160762786865,25.32737399637699,,,
amgtp_fixed_beta_hi,16,0.05154459923505783,0.3445952236652374,0.07208216190338135,0.0983123704791069,0.16320128738880157,0.3218088448047638,26.690465532243252,,,
amgtp_fixed_beta_hi,17,0.10688430070877075,0.3980373442173004,0.06658488512039185,0.09032780677080154,0.14108213782310486,0.3039676547050476,29.462931089103222,,,
amgtp_fixed_beta_hi,18,0.09965140372514725,0.44786298274993896,0.06403798609972,0.08738835901021957,0.1329284906387329,0.2677818834781647,31.877427831292152,,,
amgtp_fixed_beta_hi,19,0.05302806943655014,0.46492624282836914,0.06371506303548813,0.09130953252315521,0.13845829665660858,0.2415909767150879,32.58469998091459,,,
amgtp_fixed_beta_hi,20,0.05165863782167435,0.4484807550907135,0.0644250214099884,0.10000376403331757,0.15488336980342865,0.23220708966255188,31.608364462852478,,,
amgtp_fixed_beta_hi,21,0.04523630067706108,0.47109895944595337,0.06152811273932457,0.09166593104600906,0.14860719442367554,0.22709991037845612,32.82211257889867,,,
amgtp_fixed_beta_hi,22,0.10074139013886452,0.5214695930480957,0.056011758744716644,0.07985851913690567,0.12948575615882874,0.21317435801029205,35.474604204297066,,,
amgtp_fixed_beta_hi,23,0.025602642446756363,0.5342706441879272,0.05408552661538124,0.07854820042848587,0.12404850125312805,0.20904657244682312,36.140960302203894,,,
amgtp_fixed_beta_hi,24,0.05148022621870041,0.5085310339927673,0.05591627582907677,0.08448890596628189,0.13207004964351654,0.21899418532848358,34.81165397539735,,,
amgtp_fixed_beta_hi,25,0.03097979724407196,0.5240209698677063,0.05449041351675987,0.07839914411306381,0.12824402749538422,0.21484597027301788,35.63649781420827,,,
amgtp_fixed_beta_hi,26,0.07177708297967911,0.5599086284637451,0.052266646176576614,0.07287999987602234,0.11850772053003311,0.19643576443195343,37.44507909938693,,,
amgtp_fixed_beta_hi,27,0.04655899852514267,0.5831164121627808,0.049779053777456284,0.07295170426368713,0.11135228723287582,0.18279927968978882,38.59427482262254,,,
amgtp_fixed_beta_hi,28,0.03072386607527733,0.5984789133071899,0.04772245138883591,0.07187165319919586,0.10623179376125336,0.17569506168365479,39.37542562931776,,,
amgtp_fixed_beta_hi,29,0.007706779986619949,0.5960414409637451,0.04683961346745491,0.07371294498443604,0.10824388265609741,0.17516197264194489,39.24043970182538,,,
amgtp_fixed_beta_hi,30,0.031294818967580795,0.5803942084312439,0.04740583896636963,0.07975111156702042,0.11399207264184952,0.17845697700977325,38.40665386617184,,,
amgtp_fixed_beta_hi,31,0.16972047090530396,0.49553394317626953,0.1087571308016777,0.08410917967557907,0.12487441301345825,0.18672548234462738,33.58139890432358,,,
amgtp_fixed_beta_hi,32,0.539143729954958,0.3546332120895386,0.37832894921302795,0.06055409088730812,0.08027524501085281,0.12620855867862701,24.166830483824015,,,
amgtp_fixed_beta_hi,33,0.149026557803154,0.3165501058101654,0.45284217596054077,0.0488000251352787,0.07031784951686859,0.11148979514837265,21.6453306786716,,,
amgtp_fixed_beta_hi,34,0.09988678619265556,0.28786876797676086,0.5027865171432495,0.04411078989505768,0.06389544159173965,0.10134033113718033,19.773277692496777,,,
amgtp_fixed_beta_hi,35,0.08950024470686913,0.26193463802337646,0.5475346446037292,0.04017217084765434,0.058147795498371124,0.0922086089849472,18.08208453282714,,,
amgtp_fixed_beta_hi,36,0.0808820128440857,0.23835761845111847,0.5879740715026855,0.03677377477288246,0.05296904593706131,0.0839201882481575,16.545418459922075,,,
amgtp_fixed_beta_hi,37,0.07283388450741768,0.21691478788852692,0.6243951320648193,0.033939510583877563,0.048355601727962494,0.07639790326356888,15.149160794913769,,,
amgtp_fixed_beta_hi,38,0.06438469141721725,0.19739848375320435,0.6565858721733093,0.03193176910281181,0.04447067901492119,0.06961292028427124,13.882165841758251,,,
amgtp_fixed_beta_hi,39,0.054729364812374115,0.1796504706144333,0.683949887752533,0.031125836074352264,0.04167703539133072,0.06359516084194183,12.738427132368088,,,
amgtp_fixed_beta_hi,40,0.042103588581085205,0.16353441774845123,0.7016931176185608,0.03439861908555031,0.041713014245033264,0.058659616857767105,11.730179775506258,,,
amgtp_fixed_beta_hi,41,0.06544392183423042,0.14891178905963898,0.6870183348655701,0.05859372392296791,0.05024048686027527,0.05523568391799927,10.922489833086729,,,
amgtp_fixed_beta_hi,42,0.5339931212365627,0.1356126219034195,0.43659883737564087,0.26752859354019165,0.10830245912075043,0.05195806920528412,10.861472114920616,,,
amgtp_fixed_beta_hi,43,0.35523736476898193,0.12332582473754883,0.3658294677734375,0.17913515865802765,0.28592103719711304,0.04578888416290283,10.945276066660881,,,
amgtp_fixed_beta_hi,44,0.29675059393048286,0.11218038946390152,0.3310904800891876,0.08153896778821945,0.43429630994796753,0.04089417681097984,10.919123396277428,,,
amgtp_fixed_beta_hi,45,0.10836385190486908,0.1020822823047638,0.30122482776641846,0.07106487452983856,0.48847827315330505,0.03715014085173607,10.578806273639202,,,
amgtp_fixed_beta_hi,46,0.09246190264821053,0.09290201961994171,0.2741153836250305,0.06444837898015976,0.5347105860710144,0.03382675349712372,10.258130349218845,,,
amgtp_fixed_beta_hi,47,0.08323381841182709,0.08457517623901367,0.24945996701717377,0.05875271186232567,0.5763270854949951,0.030887361615896225,9.966941338032484,,,
amgtp_fixed_beta_hi,48,0.07494448870420456,0.07707511633634567,0.22704313695430756,0.05371325835585594,0.6137970089912415,0.02836913987994194,9.706436913460493,,,
amgtp_fixed_beta_hi,49,0.06505691818892956,0.07062728703022003,0.2067471742630005,0.04958070442080498,0.6463266015052795,0.02671816013753414,9.491466961801052,,,
amgtp_fixed_beta_hi,50,0.046052874997258186,0.06735693663358688,0.18879275023937225,0.04777900129556656,0.6675539016723633,0.028517257422208786,9.445664867758751,,,
amgtp_fixed_beta_hi,51,0.09257501363754272,0.08589562028646469,0.17545188963413239,0.056726325303316116,0.6346074342727661,0.04731893539428711,10.604085218161345,,,
amgtp_fixed_beta_hi,52,0.39427920058369637,0.22124187648296356,0.17027512192726135,0.10072240978479385,0.4426444470882416,0.0651160404086113,17.757090635597706,,,
amgtp_fixed_beta_hi,53,0.2678867131471634,0.327197790145874,0.15623141825199127,0.12870998680591583,0.3491237461566925,0.0387372225522995,23.16041612625122,,,
amgtp_fixed_beta_hi,54,0.11703588254749775,0.3848499059677124,0.14171771705150604,0.12957577407360077,0.3128722012042999,0.030984489247202873,26.245327655225992,,,
amgtp_fixed_beta_hi,55,0.14679749496281147,0.45824819803237915,0.12859801948070526,0.10175643861293793,0.2839621901512146,0.0274343304336071,30.30057517439127,,,
amgtp_fixed_beta_hi,56,0.12063372321426868,0.5185654163360596,0.11708489805459976,0.08096873015165329,0.25827497243881226,0.025105873122811317,33.63332309946418,,,
amgtp_fixed_beta_hi,57,0.08374479785561562,0.5604376792907715,0.10781116038560867,0.07280663400888443,0.235085591673851,0.023858552798628807,35.93211070075631,,,
amgtp_fixed_beta_hi,58,0.05212986841797829,0.580778181552887,0.10254497081041336,0.07652655243873596,0.21428778767585754,0.0258640069514513,37.04092613235116,,,
amgtp_fixed_beta_hi,59,0.19496491737663746,0.500805139541626,0.10915765166282654,0.14812786877155304,0.19677744805812836,0.04513154551386833,32.6111334040761,,,
amgtp_fixed_beta_hi,60,0.4561973735690117,0.3050196170806885,0.09766592085361481,0.3762265145778656,0.1797727793455124,0.0413147397339344,21.36433830112219,,,
amgtp_fixed_beta_hi,61,0.1581310946494341,0.2676617503166199,0.08308057487010956,0.4552921950817108,0.1630193442106247,0.030945973470807076,19.083041217178106,,,
amgtp_fixed_beta_hi,62,0.09375297278165817,0.24310211837291718,0.07544343918561935,0.5021687150001526,0.14878727495670319,0.030498357489705086,17.6365646161139,,,
amgtp_fixed_beta_hi,63,0.0779306273907423,0.2211942821741104,0.07038260251283646,0.5348542928695679,0.13679063320159912,0.03677809238433838,16.419030137360096,,,
amgtp_fixed_beta_hi,64,0.07593418657779694,0.20137007534503937,0.06936200708150864,0.5250275731086731,0.12949497997760773,0.07474510371685028,15.679545558989048,,,
amgtp_fixed_beta_hi,65,0.4463485926389694,0.1832990050315857,0.06606503576040268,0.3295425474643707,0.12317374348640442,0.2979193925857544,17.08572068065405,,,
amgtp_fixed_beta_hi,66,0.24569668993353844,0.16673310101032257,0.055583853274583817,0.24899649620056152,0.10791923850774765,0.4207684397697449,17.452752228826284,,,
amgtp_fixed_beta_hi,67,0.11095063760876656,0.15172681212425232,0.049998149275779724,0.2243318259716034,0.0977003201842308,0.4762434959411621,17.177913539111614,,,
amgtp_fixed_beta_hi,68,0.09148786589503288,0.13811750710010529,0.046008143573999405,0.20397716760635376,0.08990988880395889,0.5219869613647461,16.882176753133535,,,
amgtp_fixed_beta_hi,69,0.07337043806910515,0.1259145438671112,0.04405217617750168,0.1857771873474121,0.0855841264128685,0.5586727261543274,16.576763421297073,,,
amgtp_fixed_beta_hi,70,0.05314308777451515,0.11558523774147034,0.04656391963362694,0.16953447461128235,0.08832787722349167,0.5799883008003235,16.228412959724665,,,
amgtp_fixed_beta_hi,71,0.05851925164461136,0.10907544940710068,0.05879257246851921,0.15545198321342468,0.10535896569490433,0.5713210701942444,15.805683229118586,,,
amgtp_fixed_beta_hi,72,0.1405990533530712,0.1130218505859375,0.08606480807065964,0.14472012221813202,0.14443965256214142,0.5117532014846802,15.477158598601818,,,
amgtp_fixed_beta_hi,73,0.09126987308263779,0.12747283279895782,0.09247744083404541,0.13576640188694,0.16921095550060272,0.4750719666481018,15.98363083600998,,,
amgtp_fixed_beta_hi,74,0.08141496032476425,0.1528511494398117,0.07745765894651413,0.12716512382030487,0.15212470293045044,0.4904012978076935,17.560513086616993,,,
amgtp_fixed_beta_hi,75,0.09421781450510025,0.19996000826358795,0.06404493749141693,0.11923964321613312,0.1285143494606018,0.48824089765548706,20.154337376356125,,,
amgtp_fixed_beta_hi,76,0.13329077512025833,0.26660528779029846,0.05556326359510422,0.11212673783302307,0.11184616386890411,0.4538581669330597,23.525198228657246,,,
amgtp_fixed_beta_hi,77,0.1625666245818138,0.34788867831230164,0.04964984208345413,0.10550615191459656,0.09990880638360977,0.39704629778862,27.49749881029129,,,
amgtp_fixed_beta_hi,78,0.1361585110425949,0.41596829891204834,0.045198798179626465,0.09945586323738098,0.09114399552345276,0.34823355078697205,30.814942002296448,,,
amgtp_fixed_beta_hi,79,0.09249961376190186,0.46221792697906494,0.04191422462463379,0.09503734111785889,0.08539369702339172,0.3154369592666626,33.073975175619125,,,
amgtp_fixed_beta_hi,80,0.05733620002865791,0.49088606238365173,0.0396975539624691,0.092832051217556,0.08235441893339157,0.2942301332950592,34.46706024929881,,,
amgtp_fixed_beta_hi,81,0.09423454478383064,0.5380033254623413,0.037210166454315186,0.08727145195007324,0.07691972702741623,0.26059553027153015,36.76599956303835,,,
amgtp_fixed_beta_hi,82,0.07886554673314095,0.5774358510971069,0.035700563341379166,0.08226732164621353,0.07226961106061935,0.23232635855674744,38.687109891325235,,,
amgtp_fixed_beta_hi,83,0.050577208399772644,0.6027246713638306,0.03553932532668114,0.0805899128317833,0.06996075809001923,0.21118547022342682,39.887111235409975,,,
amgtp_fixed_beta_hi,84,0.032071493566036224,0.6054036617279053,0.03846687451004982,0.08825219422578812,0.07272769510746002,0.1951497346162796,39.868633311241865,,,
amgtp_fixed_beta_hi,85,0.10640045255422592,0.5627231597900391,0.04724479094147682,0.11923062801361084,0.08617135882377625,0.18462979793548584,37.35634294524789,,,
amgtp_fixed_beta_hi,86,0.18875424563884735,0.47622907161712646,0.05628765746951103,0.1810769885778427,0.10965967923402786,0.1767471879720688,32.415341306477785,,,
amgtp_fixed_beta_hi,87,0.14708203077316284,0.4091310203075409,0.06010683253407478,0.21784771978855133,0.14261025190353394,0.17030368745326996,28.6440345980227,,,
amgtp_fixed_beta_hi,88,0.10308854654431343,0.37396344542503357,0.060580648481845856,0.20351414382457733,0.19368071854114532,0.1682605743408203,26.820342876017094,,,
amgtp_fixed_beta_hi,89,0.10190198570489883,0.35496386885643005,0.05808180570602417,0.17406179010868073,0.24057529866695404,0.17231720685958862,25.97456729412079,,,
amgtp_fixed_beta_hi,90,0.04133729636669159,0.35519635677337646,0.05681271851062775,0.15466231107711792,0.2461552917957306,0.18717345595359802,26.176096484065056,,,
amgtp_fixed_beta_hi,91,0.08267313987016678,0.38308292627334595,0.056885577738285065,0.14292892813682556,0.21655207872390747,0.20055057108402252,27.794220484793186,,,
amgtp_fixed_beta_hi,92,0.11396757140755653,0.4400665760040283,0.056182611733675,0.13307012617588043,0.18220680952072144,0.1884736865758896,30.77346682921052,,,
amgtp_fixed_beta_hi,93,0.11369901522994041,0.4969162940979004,0.0551394447684288,0.12734678387641907,0.15934418141841888,0.16125352680683136,33.62511608749628,,,
amgtp_fixed_beta_hi,94,0.05679244548082352,0.5173751711845398,0.057417482137680054,0.13300560414791107,0.15095190703868866,0.14124909043312073,34.53309518098831,,,
amgtp_fixed_beta_hi,95,0.11430680751800537,0.47205767035484314,0.06724536418914795,0.17011435329914093,0.16116908192634583,0.12941358983516693,31.841022476553917,,,
amgtp_fixed_beta_hi,96,0.2651861011981964,0.35192862153053284,0.07386690378189087,0.2745737135410309,0.18268124759197235,0.11694960296154022,24.929368510842323,,,
amgtp_fixed_beta_hi,97,0.1918525993824005,0.2858659327030182,0.06309549510478973,0.37049970030784607,0.17765893042087555,0.10287940502166748,21.010474741458893,,,
amgtp_fixed_beta_hi,98,0.09545982256531715,0.25530901551246643,0.055666666477918625,0.41500774025917053,0.1808813214302063,0.0931357592344284,19.189300697296858,,,
amgtp_fixed_beta_hi,99,0.06878845766186714,0.231638565659523,0.052192769944667816,0.4196740388870239,0.21060927212238312,0.0858858972787857,17.886196292936802,,,
amgtp_fixed_beta_hi,100,0.13464032113552094,0.2108439952135086,0.05027525871992111,0.3803207278251648,0.2779289186000824,0.08063061535358429,16.91620820015669,,,
amgtp_fixed_beta_hi,101,0.35111163184046745,0.19148734211921692,0.04191822186112404,0.23948323726654053,0.4534851014614105,0.07362634688615799,16.454773027449846,,,
amgtp_fixed_beta_hi,102,0.10037874430418015,0.1747078001499176,0.042416248470544815,0.20607340335845947,0.5013732314109802,0.07542955875396729,15.708730909973383,,,
amgtp_fixed_beta_hi,103,0.15283874794840813,0.16146236658096313,0.06701603531837463,0.19494560360908508,0.44932714104652405,0.12724919617176056,15.266373574733734,,,
amgtp_fixed_beta_hi,104,0.3575911819934845,0.1541213095188141,0.18368269503116608,0.19637611508369446,0.27787211537361145,0.1879471242427826,14.596454158425331,,,
amgtp_fixed_beta_hi,105,0.2987658903002739,0.1466781347990036,0.3244651257991791,0.20497678220272064,0.22107726335525513,0.10280235856771469,12.726857423782349,,,
amgtp_fixed_beta_hi,106,0.1892295777797699,0.14161355793476105,0.27941685914993286,0.29959195852279663,0.19781938195228577,0.08155868202447891,12.20156343281269,,,
amgtp_fixed_beta_hi,107,0.3626774325966835,0.1260034739971161,0.14311978220939636,0.4809306561946869,0.17913667857646942,0.07080981135368347,11.391414299607277,,,
amgtp_fixed_beta_hi,108,0.13467764109373093,0.1119304671883583,0.11305350065231323,0.5482696294784546,0.16287194192409515,0.06387516856193542,10.508046373724937,,,
amgtp_fixed_beta_hi,109,0.08551902323961258,0.10176295787096024,0.10089737921953201,0.5910282135009766,0.14821100234985352,0.05809929966926575,9.830626703798771,,,
amgtp_fixed_beta_hi,110,0.07084540650248528,0.09396295249462128,0.09161201864480972,0.6264514327049255,0.13493812084197998,0.05303535982966423,9.295805349946022,,,
amgtp_fixed_beta_hi,111,0.059011150151491165,0.08861887454986572,0.08363314718008041,0.6559568047523499,0.12300415337085724,0.04878649860620499,8.912676088511944,,,
amgtp_fixed_beta_hi,112,0.03884212300181389,0.08842501044273376,0.07699456065893173,0.6753784418106079,0.1128067746758461,0.04639584198594093,8.847819723188877,,,
amgtp_fixed_beta_hi,113,0.024147696793079376,0.09761504828929901,0.07191985845565796,0.6755276918411255,0.10580743104219437,0.04913020506501198,9.383880719542503,,,
amgtp_fixed_beta_hi,114,0.13133687153458595,0.1340239942073822,0.06997530162334442,0.6118038296699524,0.10930062085390091,0.07489652186632156,11.760482095181942,,,
amgtp_fixed_beta_hi,115,0.3474559709429741,0.16634708642959595,0.06782682985067368,0.44022417068481445,0.1257632076740265,0.19983868300914764,15.047408543527126,,,
amgtp_fixed_beta_hi,116,0.33553773909807205,0.10568693280220032,0.058631621301174164,0.3592286705970764,0.10884494334459305,0.3676072955131531,13.385950341820717,,,
amgtp_fixed_beta_hi,117,0.16108227148652077,0.08342976123094559,0.05200958624482155,0.3235098421573639,0.09290196001529694,0.44814854860305786,12.952718187123537,,,
amgtp_fixed_beta_hi,118,0.10315236449241638,0.0742453783750534,0.047291290014982224,0.2940819561481476,0.08465683460235596,0.49972522258758545,12.973010819405317,,,
amgtp_fixed_beta_hi,119,0.07914269343018532,0.06808054447174072,0.04374140501022339,0.26765576004981995,0.08122550696134567,0.5392956733703613,13.050259329378605,,,
amgtp_hidden8,4,,0.20000606775283813,0.20000606775283813,0.20000606775283813,0.20000606775283813,0.20000606775283813,17.00051575899124,,,
amgtp_hidden8,5,0.3586834892630577,0.25978147983551025,0.077193982899189,0.1434609591960907,0.25978150963783264,0.25978150963783264,21.549877353012562,,,
amgtp_hidden8,6,0.19572950527071953,0.29240334033966064,0.05082948878407478,0.07196152955293655,0.29240337014198303,0.29240337014198303,23.951385270804167,,,
amgtp_hidden8,7,0.04324566200375557,0.2996106743812561,0.04182197153568268,0.05934532731771469,0.2996106743812561,0.2996106743812561,24.48832257837057,,,
amgtp_hidden8,8,0.019448570907115936,0.29660043120384216,0.04112830013036728,0.06906949728727341,0.29660043120384216,0.29660043120384216,24.272971719503403,,,
amgtp_hidden8,9,0.155691247433424,0.3270151615142822,0.04318230226635933,0.08403218537569046,0.21875536441802979,0.3270151913166046,26.025688778609037,,,
amgtp_hidden8,10,0.12202014401555061,0.35556095838546753,0.04414618760347366,0.08698635548353195,0.15774492919445038,0.3555610477924347,27.72083193063736,,,
amgtp_hidden8,11,0.05668284371495247,0.3662140369415283,0.04375641420483589,0.0940215066075325,0.12979307770729065,0.3662140369415283,28.334211211651564,,,
amgtp_hidden8,12,0.10527447611093521,0.3925325572490692,0.038014549762010574,0.06942962855100632,0.10748959332704544,0.3925327658653259,30.046142745763063,,,
amgtp_hidden8,13,0.06304743885993958,0.40829452872276306,0.03440535068511963,0.05428663268685341,0.09471814334392548,0.40829458832740784,31.07408821210265,,,
amgtp_hidden8,14,0.014348018914461136,0.40470772981643677,0.03689588978886604,0.05610716715455055,0.09758143126964569,0.40470772981643677,30.83665941655636,,,
amgtp_hidden8,15,0.07910595461726189,0.38493120670318604,0.04196486249566078,0.07009593397378922,0.11807651072740555,0.38493111729621887,29.563696283847094,,,
amgtp_hidden8,16,0.06300908699631691,0.41192084550857544,0.036881014704704285,0.06769189238548279,0.12259174883365631,0.36091479659080505,30.866156816482544,,,
amgtp_hidden8,17,0.18127774074673653,0.5025593042373657,0.030506767332553864,0.053098585456609726,0.10285783559083939,0.3109769821166992,35.41704337671399,,,
amgtp_hidden8,18,0.203111469745636,0.60411536693573,0.026799343526363373,0.045228224247694016,0.08667581528425217,0.2371813803911209,40.3366760648787,,,
amgtp_hidden8,19,0.08969772979617119,0.6419371962547302,0.027770377695560455,0.04993516951799393,0.08802520483732224,0.19233284890651703,42.00264398008585,,,
amgtp_hidden8,20,0.1078365221619606,0.6027729511260986,0.03414032608270645,0.07535933703184128,0.11014847457408905,0.17757795751094818,39.683726131916046,,,
amgtp_hidden8,21,0.026800721883773804,0.6047086715698242,0.03647194057703018,0.07940195500850677,0.11523916572332382,0.16417787969112396,39.662362575531006,,,
amgtp_hidden8,22,0.1545609813183546,0.6819891929626465,0.029702158644795418,0.05402176082134247,0.09409382939338684,0.14019273221492767,43.73247407563031,,,
amgtp_hidden8,23,0.07351021282374859,0.7187445759773254,0.025726310908794403,0.0436323843896389,0.08346585929393768,0.12843109667301178,45.663594391196966,,,
amgtp_hidden8,24,0.056916369125247,0.6902859807014465,0.028144029900431633,0.047212082892656326,0.09288927912712097,0.14146803319454193,44.217716539278626,,,
amgtp_hidden8,25,0.053882868960499763,0.6633450388908386,0.03212187811732292,0.05305923521518707,0.09581922739744186,0.15565501153469086,42.84190667048097,,,
amgtp_hidden8,26,0.040121208876371384,0.6821575164794922,0.033020880073308945,0.05340861901640892,0.08609763532876968,0.1453162580728531,43.7598087862134,,,
amgtp_hidden8,27,0.09199878573417664,0.7281560897827148,0.028535153716802597,0.047613475471735,0.07218395173549652,0.12351059913635254,46.09517701715231,,,
amgtp_hidden8,28,0.07691995054483414,0.7666159868240356,0.02454240620136261,0.040877506136894226,0.06142108142375946,0.10654213279485703,48.0656715631485,,,
amgtp_hidden8,29,0.007918685674667358,0.7682217359542847,0.024523921310901642,0.043230924755334854,0.06112449988722801,0.10289768129587173,48.11595989018679,,,
amgtp_hidden8,30,0.09143362008035183,0.7225052118301392,0.029424646869301796,0.05972152575850487,0.07369446009397507,0.11465349048376083,45.67991202138364,,,
amgtp_hidden8,31,0.42105101235210896,0.5119795203208923,0.11652228981256485,0.09776511788368225,0.11704561114311218,0.1566864252090454,34.14151809364557,,,
amgtp_hidden8,32,1.0381772331893444,0.2175719141960144,0.6356116533279419,0.05929367244243622,0.036149896681308746,0.05137332156300545,14.840083301067352,,,
amgtp_hidden8,33,0.1372979488223791,0.19527390599250793,0.7042604088783264,0.03288774564862251,0.026866337284445763,0.040711622685194016,13.277385083958507,,,
amgtp_hidden8,34,0.228450084105134,0.27516716718673706,0.5900349617004395,0.040693044662475586,0.0372481495141983,0.05685588717460632,18.278863593935966,,,
amgtp_hidden8,35,0.018235497176647186,0.2684040367603302,0.5925774574279785,0.047267213463783264,0.03631529584527016,0.055433038622140884,17.868890915066004,,,
amgtp_hidden8,36,0.11412535794079304,0.22578051686286926,0.6063438057899475,0.09056587517261505,0.030651448294520378,0.046660058200359344,15.292673395946622,,,
amgtp_hidden8,37,1.1428716843947768,0.06229843571782112,0.2539564371109009,0.6620015501976013,0.008776712231338024,0.012968234717845917,6.220859502442181,,,
amgtp_hidden8,38,0.587496085325256,0.011857986450195312,0.02816295064985752,0.9557486772537231,0.0017432754393666983,0.0024866489693522453,3.653904183069244,,,
amgtp_hidden8,39,0.012829384417273104,0.012533082626760006,0.021747872233390808,0.9613342881202698,0.0017744520446285605,0.00260907132178545,3.7066838570171967,,,
amgtp_hidden8,40,0.05601881549227983,0.02218271605670452,0.036806441843509674,0.9333251714706421,0.003081786446273327,0.0046032327227294445,4.253762682899833,,,
amgtp_hidden8,41,0.1956131956540048,0.05501585453748703,0.0905548483133316,0.8355217576026917,0.007528246380388737,0.011385009624063969,6.110159252770245,,,
amgtp_hidden8,42,0.08023962005972862,0.06845084577798843,0.11260206252336502,0.7953993082046509,0.009375694207847118,0.014172527007758617,6.869895971380174,,,
amgtp_hidden8,43,0.009881709702312946,0.07008083909749985,0.11529488116502762,0.7904586791992188,0.009634505026042461,0.01453198492527008,6.962410588748753,,,
amgtp_hidden8,44,0.0053196195513010025,0.06912834942340851,0.11377818882465363,0.7931166887283325,0.009583286941051483,0.014390775002539158,6.90938307903707,,,
amgtp_hidden8,45,0.009561445564031601,0.06735089421272278,0.11097481101751328,0.7978987097740173,0.00956560205668211,0.014209868386387825,6.811621964909136,,,
amgtp_hidden8,46,0.008662681095302105,0.0656188577413559,0.10837618261575699,0.8018035292625427,0.009848800487816334,0.014353866688907146,6.720813971944153,,,
amgtp_hidden8,47,0.009084593504667282,0.06645143777132034,0.11003129184246063,0.7972604036331177,0.010809320025146008,0.015447125770151615,6.780823769979179,,,
amgtp_hidden8,48,0.01640343200415373,0.06880173087120056,0.11402016133069992,0.7890586853027344,0.011633305810391903,0.01648569107055664,6.921532885171473,,,
amgtp_hidden8,49,0.009409705176949501,0.06940087676048279,0.11531122773885727,0.7843542695045471,0.013002241961658001,0.017931832000613213,6.974487983621657,,,
amgtp_hidden8,50,0.016305378638207912,0.06958884745836258,0.11608763784170151,0.7762014269828796,0.016545074060559273,0.021577155217528343,7.037918457761407,,,
amgtp_hidden8,51,0.035519182682037354,0.07086825370788574,0.1178995668888092,0.7584420442581177,0.02379431575536728,0.028996378183364868,7.217830426990986,,,
amgtp_hidden8,52,0.07502734661102295,0.07646312564611435,0.12258629500865936,0.7209283709526062,0.03794756531715393,0.042075201869010925,7.727844730019569,,,
amgtp_hidden8,53,0.32333019375801086,0.10991417616605759,0.13892334699630737,0.5592625737190247,0.10153891146183014,0.09036014974117279,10.387376114726067,,,
amgtp_hidden8,54,0.9078251346945763,0.2168053537607193,0.10963831841945648,0.1346353143453598,0.3184076249599457,0.22051310539245605,18.8379023373127,,,
amgtp_hidden8,55,0.739884227514267,0.24122294783592224,0.04693048074841499,0.04601291939616203,0.09979565441608429,0.5660375356674194,23.281441189348698,,,
amgtp_hidden8,56,0.7068792833015323,0.04671211168169975,0.009298593737185001,0.01671055145561695,0.007801687344908714,0.9194777607917786,15.789457411505282,,,
amgtp_hidden8,57,0.10446488391608,0.010685564950108528,0.003543592058122158,0.010778414085507393,0.0032827546820044518,0.9717100262641907,14.303932381793857,,,
amgtp_hidden8,58,0.008037988096475601,0.00708824023604393,0.003133514430373907,0.011098954826593399,0.0032709394581615925,0.9754082560539246,14.140336954034865,,,
amgtp_hidden8,59,0.023988538421690464,0.009468954987823963,0.0046676574274897575,0.01735033094882965,0.005099299363791943,0.9634143114089966,14.148351404815912,,,
amgtp_hidden8,60,0.061788047663867474,0.016611142084002495,0.00862210988998413,0.03264044597744942,0.009606074541807175,0.932519793510437,14.22573160380125,,,
amgtp_hidden8,61,0.0377479987218976,0.021019557490944862,0.011079042218625546,0.041884247213602066,0.012371471151709557,0.9136463403701782,14.275554296560585,,,
amgtp_hidden8,62,0.01000400073826313,0.02105528675019741,0.010624839924275875,0.03808659315109253,0.011621255427598953,0.918612539768219,14.330126169137657,,,
amgtp_hidden8,63,0.010768063366413116,0.024141641333699226,0.011022847145795822,0.03270185738801956,0.012593070976436138,0.9195396900177002,14.519334056414664,,,
amgtp_hidden8,64,0.10671510081738234,0.04473881050944328,0.018280047923326492,0.03824562579393387,0.03255249187350273,0.8661821484565735,15.171763077378273,,,
amgtp_hidden8,65,0.32922403886914253,0.09367632120847702,0.03583400696516037,0.0629604160785675,0.10595881193876266,0.7015706896781921,16.408995866775513,,,
amgtp_hidden8,66,0.4454425424337387,0.19744208455085754,0.0556882843375206,0.09564198553562164,0.17237813770771027,0.4788490831851959,20.099673442542553,,,
amgtp_hidden8,67,0.4517921060323715,0.4233378767967224,0.051441043615341187,0.08212975412607193,0.11256057024002075,0.3305298089981079,31.113444231450558,,,
amgtp_hidden8,68,0.3763406462967396,0.6115086674690247,0.03162715211510658,0.04797445610165596,0.05925753340125084,0.24963217973709106,40.775723818689585,,,
amgtp_hidden8,69,0.10510939359664917,0.6640633344650269,0.02439660206437111,0.03761480748653412,0.047394827008247375,0.22653035819530487,43.484229896217585,,,
amgtp_hidden8,70,0.02739718370139599,0.6777623891830444,0.02255931682884693,0.03492042422294617,0.04586749151349068,0.2188912332057953,44.17861364595592,,,
amgtp_hidden8,71,0.025245819240808487,0.6889252662658691,0.022020088508725166,0.03385567665100098,0.04732709378004074,0.20787186920642853,44.70059891976416,,,
amgtp_hidden8,72,0.024043099954724312,0.6895366311073303,0.02357003092765808,0.03533794730901718,0.0557047463953495,0.19584999978542328,44.6336149610579,,,
amgtp_hidden8,73,0.05452903360128403,0.6715493202209473,0.026256505399942398,0.03896329551935196,0.07665764540433884,0.18657299876213074,43.584731105715036,,,
amgtp_hidden8,74,0.08935236185789108,0.6274242997169495,0.030323460698127747,0.044901441782712936,0.11132863163948059,0.18602174520492554,41.194090623408556,,,
amgtp_hidden8,75,0.15173513814806938,0.551557183265686,0.03473922610282898,0.05189160257577896,0.16132433712482452,0.2004881352186203,37.219949282705784,,,
amgtp_hidden8,76,0.17192602530121803,0.4655938744544983,0.03833387792110443,0.058652546256780624,0.1975974291563034,0.2398221641778946,32.89061628654599,,,
amgtp_hidden8,77,0.13605154678225517,0.4108169674873352,0.040976010262966156,0.06336753070354462,0.18434859812259674,0.3004908561706543,30.37740882486105,,,
amgtp_hidden8,78,0.12643445655703545,0.38967618346214294,0.04242822900414467,0.06531600654125214,0.1422721892595291,0.3603074252605438,29.659156534820795,,,
amgtp_hidden8,79,0.058114249259233475,0.3999077081680298,0.042262181639671326,0.06529459357261658,0.11340254545211792,0.37913304567337036,30.33428891003132,,,
amgtp_hidden8,80,0.08808165043592453,0.44394856691360474,0.041319042444229126,0.06270675361156464,0.09359873086214066,0.3584270477294922,32.53952310234308,,,
amgtp_hidden8,81,0.40317128971219063,0.6455342769622803,0.03378503769636154,0.048869963735342026,0.07143062353134155,0.2003803700208664,42.217791091650724,,,
amgtp_hidden8,82,0.19732979126274586,0.7441989183425903,0.025699133053421974,0.0357084758579731,0.055505771189928055,0.1388874650001526,47.117724569514394,,,
amgtp_hidden8,83,0.09199617430567741,0.7901965975761414,0.021675173193216324,0.029414119198918343,0.04608974605798721,0.11262331157922745,49.42106796987355,,,
amgtp_hidden8,84,0.056465499103069305,0.8184299468994141,0.020194821059703827,0.02685062400996685,0.040279924869537354,0.0942448303103447,50.807930605486035,,,
amgtp_hidden8,85,0.031070133671164513,0.831071674823761,0.02158130332827568,0.028357215225696564,0.0386631041765213,0.08032631874084473,51.3661636300385,,,
amgtp_hidden8,86,0.031407859176397324,0.8262997269630432,0.02554835006594658,0.03517664968967438,0.04358067736029625,0.06939446181058884,50.98564912378788,,,
amgtp_hidden8,87,0.123439259827137,0.771781325340271,0.03667386248707771,0.0579742006957531,0.07137724757194519,0.062193237245082855,47.88782203942537,,,
amgtp_hidden8,88,0.2642602063715458,0.6432260274887085,0.05021650344133377,0.09689389169216156,0.15104490518569946,0.058618318289518356,40.81243062019348,,,
amgtp_hidden8,89,0.24911869689822197,0.5199322700500488,0.05356582626700401,0.12519583106040955,0.24395285546779633,0.057352591305971146,34.13569578900933,,,
amgtp_hidden8,90,0.05906279757618904,0.49040135741233826,0.056068070232868195,0.14611855149269104,0.2450680136680603,0.06234435364603996,32.50680221617222,,,
amgtp_hidden8,91,0.13034320622682571,0.5280583500862122,0.0591801293194294,0.15850119292736053,0.17989644408226013,0.07436429709196091,34.518559981137514,,,
amgtp_hidden8,92,0.1263570338487625,0.5822610855102539,0.05727482959628105,0.14539887011051178,0.13172541558742523,0.08333994448184967,37.51797370240092,,,
amgtp_hidden8,93,0.04651305451989174,0.5898848176002502,0.0559220165014267,0.15798358619213104,0.10982173681259155,0.08638805896043777,37.901146814227104,,,
amgtp_hidden8,94,0.20560431107878685,0.49786078929901123,0.0584605447947979,0.25824669003486633,0.10424990952014923,0.08118123561143875,32.57113463804126,,,
amgtp_hidden8,95,0.3843434005975723,0.3346485495567322,0.05312696471810341,0.4504188597202301,0.10053294152021408,0.061272792518138885,23.044846203178167,,,
amgtp_hidden8,96,0.23466727510094643,0.243141770362854,0.043441254645586014,0.5677456855773926,0.10053931921720505,0.04513121023774147,17.67079671099782,,,
amgtp_hidden8,97,0.11638738587498665,0.1965656280517578,0.03959696739912033,0.5825245976448059,0.1439543515443802,0.03735819831490517,15.11180368065834,,,
amgtp_hidden8,98,0.505337119102478,0.16079945862293243,0.03598903864622116,0.3747277557849884,0.39662283658981323,0.03186050429940224,14.030546739697456,,,
amgtp_hidden8,99,0.46188827231526375,0.12678179144859314,0.025175834074616432,0.19636648893356323,0.6275671720504761,0.024108706042170525,12.951674876734614,,,
amgtp_hidden8,100,0.17948880977928638,0.09994004666805267,0.020432962104678154,0.14273835718631744,0.717311680316925,0.019577153027057648,11.740312738344073,,,
amgtp_hidden8,101,0.05746828578412533,0.09004291892051697,0.019664792343974113,0.12544889748096466,0.7460454106330872,0.01879735477268696,11.284067461267114,,,
amgtp_hidden8,102,0.41640493273735046,0.11490531265735626,0.09173794835805893,0.18786218762397766,0.5378434658050537,0.06765150278806686,12.26166857033968,,,
amgtp_hidden8,103,0.5435759052634239,0.14625009894371033,0.3171713352203369,0.20024850964546204,0.26605549454689026,0.07027494162321091,12.539160445332527,,,
amgtp_hidden8,104,0.10538215935230255,0.16354934871196747,0.3268647789955139,0.22594662010669708,0.24265551567077637,0.04098356515169144,13.090024083852768,,,
amgtp_hidden8,105,0.37882980704307556,0.1650703400373459,0.1684769243001938,0.41383904218673706,0.22224672138690948,0.030363820493221283,13.295034989714622,,,
amgtp_hidden8,106,0.27573027834296227,0.11939116567373276,0.10465384274721146,0.5517053008079529,0.19948966801166534,0.024759110063314438,10.666294902563095,,,
amgtp_hidden8,107,0.11919782310724258,0.09965240210294724,0.08883541822433472,0.6113082766532898,0.17839886248111725,0.021812256425619125,9.456068001687527,,,
amgtp_hidden8,108,0.07551695220172405,0.09096277505159378,0.0795622169971466,0.6490618586540222,0.16071847081184387,0.019692106172442436,8.885233078151941,,,
amgtp_hidden8,109,0.05419612117111683,0.08718704432249069,0.07246030867099762,0.6761626601219177,0.14611385762691498,0.018079038709402084,8.608074493706226,,,
amgtp_hidden8,110,0.03845311142504215,0.09000944346189499,0.06679442524909973,0.6925641894340515,0.13361626863479614,0.01701332814991474,8.718554075807333,,,
amgtp_hidden8,111,0.04039783030748367,0.11012236773967743,0.06275053322315216,0.6871404647827148,0.1228858008980751,0.017100149765610695,9.831116694957018,,,
amgtp_hidden8,112,0.1323745884001255,0.17274729907512665,0.06105169281363487,0.6321611404418945,0.11337672919034958,0.020662570372223854,13.405286148190498,,,
amgtp_hidden8,113,0.20851179957389832,0.26794514060020447,0.06084032729268074,0.5359261631965637,0.10556734353303909,0.02972079999744892,18.9003898575902,,,
amgtp_hidden8,114,0.12640984170138836,0.3068062365055084,0.06245025619864464,0.4755467474460602,0.10274166613817215,0.052454523742198944,21.35101968422532,,,
amgtp_hidden8,115,0.18807342275977135,0.2618940770626068,0.06483270972967148,0.4264225363731384,0.1102738231420517,0.13657696545124054,19.741739220917225,,,
amgtp_hidden8,116,0.36327963694930077,0.16380654275417328,0.05599785968661308,0.353611558675766,0.10836741328239441,0.31821683049201965,16.158832620829344,,,
amgtp_hidden8,117,0.23805661872029305,0.12665200233459473,0.04535529762506485,0.29870712757110596,0.09204056859016418,0.43724507093429565,15.306311793625355,,,
amgtp_hidden8,118,0.1988130509853363,0.10310947895050049,0.03709842264652252,0.24596738815307617,0.07717271894216537,0.5366511344909668,15.014894239604473,,,
amgtp_hidden8,119,0.2534018103033304,0.07310500741004944,0.027392400428652763,0.17450931668281555,0.061640650033950806,0.6633523106575012,14.655637694522738,,,
amgtp_hidden16,4,,0.20000606775283813,0.20000606775283813,0.20000606775283813,0.20000606775283813,0.20000606775283813,17.00051575899124,,,
amgtp_hidden16,5,0.3624759539961815,0.26041337847709656,0.07590315490961075,0.1428549885749817,0.26041337847709656,0.26041340827941895,21.59795219451189,,,
amgtp_hidden16,6,0.1949702389538288,0.2929086983203888,0.05004643276333809,0.07122740149497986,0.2929086983203888,0.2929086983203888,23.98933320119977,,,
amgtp_hidden16,7,0.04336870089173317,0.30013686418533325,0.04102539271116257,0.058564238250255585,0.30013686418533325,0.30013686418533325,24.527804106473923,,,
amgtp_hidden16,8,0.020478155463933945,0.29678604006767273,0.040838006883859634,0.0688025951385498,0.29678604006767273,0.2967860996723175,24.286915872246027,,,
amgtp_hidden16,9,0.15603386983275414,0.32727229595184326,0.04285017400979996,0.08383554965257645,0.21876977384090424,0.32727232575416565,26.043895557522774,,,
amgtp_hidden16,10,0.12207841873168945,0.3556736707687378,0.043967410922050476,0.08695481717586517,0.15773066878318787,0.35567376017570496,27.728799432516098,,,
amgtp_hidden16,11,0.05570182949304581,0.3660564422607422,0.04372294247150421,0.09404059499502182,0.1301245391368866,0.3660564422607422,28.324893228709698,,,
amgtp_hidden16,12,0.10520417988300323,0.3923572301864624,0.03800128400325775,0.06953125447034836,0.1077529639005661,0.3923572599887848,30.035301245748997,,,
amgtp_hidden16,13,0.0632704459130764,0.4081745743751526,0.03438612446188927,0.05433785915374756,0.09492579102516174,0.40817463397979736,31.066799577325583,,,
amgtp_hidden16,14,0.014271426945924759,0.4046073257923126,0.03687312453985214,0.05611839145421982,0.09779512882232666,0.4046073257923126,30.830736309289932,,,
amgtp_hidden16,15,0.07872631773352623,0.3849254250526428,0.04191621020436287,0.07002091407775879,0.11821197718381882,0.38492536544799805,29.563943412154913,,,
amgtp_hidden16,16,0.06295379623770714,0.4119393229484558,0.036833688616752625,0.067647784948349,0.12267504632472992,0.36090418696403503,30.867520362138748,,,
amgtp_hidden16,17,0.18144557811319828,0.5026620030403137,0.030462780967354774,0.053088489919900894,0.1028900220990181,0.31089651584625244,35.42222980968654,,,
amgtp_hidden16,18,0.20342838764190674,0.6043766140937805,0.026756806299090385,0.045207612216472626,0.0866607129573822,0.23699890077114105,40.34958609007299,,,
amgtp_hidden16,19,0.0898338109254837,0.6423193216323853,0.02772979997098446,0.04989905655384064,0.08797016739845276,0.19208168983459473,42.02152109704912,,,
amgtp_hidden16,20,0.10780294798314571,0.6030527949333191,0.034107889980077744,0.07529859244823456,0.1100938618183136,0.17744658887386322,39.69808064028621,,,
amgtp_hidden16,21,0.026689905673265457,0.6048231720924377,0.03644544631242752,0.07937712967395782,0.11525236815214157,0.16410166025161743,39.6681569814682,,,
amgtp_hidden16,22,0.15434781089425087,0.6819974184036255,0.02968420460820198,0.05402832478284836,0.09415020048618317,0.14014030992984772,43.73263002559543,,,
amgtp_hidden16,23,0.0734398365020752,0.7187169790267944,0.025713521987199783,0.04364030063152313,0.08351748436689377,0.1284114569425583,45.66203595325351,,,
amgtp_hidden16,24,0.056889526546001434,0.6902726292610168,0.02813490480184555,0.04721694067120552,0.09291120618581772,0.14146488904953003,44.21703037247062,,,
amgtp_hidden16,25,0.05386300012469292,0.6633403301239014,0.03211735188961029,0.05305582284927368,0.09582529962062836,0.15566016733646393,42.84172406792641,,,
amgtp_hidden16,26,0.040052786469459534,0.6821063756942749,0.033023055642843246,0.05341101065278053,0.08612348139286041,0.14533613622188568,43.7572089061141,,,
amgtp_hidden16,27,0.0919683575630188,0.7280904054641724,0.028536129742860794,0.047621022909879684,0.07221921533346176,0.1235329881310463,46.09181986749172,,,
amgtp_hidden16,28,0.07697056420147419,0.7665759921073914,0.024539144709706306,0.04088114574551582,0.06144750118255615,0.10655658692121506,48.06366683356464,,,
amgtp_hidden16,29,0.007961366325616837,0.7682076096534729,0.024518737569451332,0.043229762464761734,0.06113689765334129,0.10290646553039551,48.11531340517104,,,
amgtp_hidden16,30,0.0913997869938612,0.7225079536437988,0.02942167967557907,0.059718191623687744,0.07369165867567062,0.11466046422719955,45.68014158308506,,,
amgtp_hidden16,31,0.4211755469441414,0.5119198560714722,0.11656520515680313,0.09777941554784775,0.11704181134700775,0.1566930115222931,34.138089656829834,,,
amgtp_hidden16,32,1.1434431076049805,0.17694248259067535,0.6882871985435486,0.05938400700688362,0.03156093508005142,0.043825555592775345,12.317472498863935,,,
amgtp_hidden16,33,0.17103872448205948,0.25108620524406433,0.6195859909057617,0.0425657257437706,0.03447343781590462,0.052288565784692764,16.785809468477964,,,
amgtp_hidden16,34,0.025827322155237198,0.24186474084854126,0.6244508028030396,0.05061455816030502,0.03294508904218674,0.050124701112508774,16.22054036706686,,,
amgtp_hidden16,35,0.1600644662976265,0.20344465970993042,0.5959851741790771,0.13064704835414886,0.027762796729803085,0.042160727083683014,13.979195658117533,,,
amgtp_hidden16,36,1.276578234974295,0.053716663271188736,0.15865357220172882,0.7689356207847595,0.007503115106374025,0.011190344579517841,5.8976468606851995,,,
amgtp_hidden16,37,0.3960580111015588,0.00993726123124361,0.019593210890889168,0.966964602470398,0.0014246415812522173,0.002079552039504051,3.555808911798522,,,
amgtp_hidden16,38,0.013302004779689014,0.009211198426783085,0.013953806832432747,0.9736160635948181,0.0012995465658605099,0.001919570262543857,3.5234447128605098,,,
amgtp_hidden16,39,0.0601241736439988,0.020317930728197098,0.029102012515068054,0.9435527920722961,0.00280780834145844,0.004217272624373436,4.1575327075552195,,,
amgtp_hidden16,40,0.1438581843394786,0.046424996107816696,0.06596488505601883,0.871627688407898,0.006365076173096895,0.009623147547245026,5.645627315621823,,,
amgtp_hidden16,41,0.16718715382739902,0.07673784345388412,0.1088731661438942,0.7880362868309021,0.01047038659453392,0.01589246094226837,7.373039793223143,,,
amgtp_hidden16,42,0.02635056897997856,0.08151033520698547,0.11563024669885635,0.7748619914054871,0.01112603209912777,0.016883516684174538,7.645087791606784,,,
amgtp_hidden16,43,0.0017107939347624779,0.08180301636457443,0.11605728417634964,0.7739996910095215,0.011183272115886211,0.016955051571130753,7.661890965886414,,,
amgtp_hidden16,44,0.009921404533088207,0.0799497663974762,0.11346950381994247,0.7789607048034668,0.011000500991940498,0.016618462279438972,7.556999580934644,,,
amgtp_hidden16,45,0.03651868458837271,0.07292475551366806,0.10376713424921036,0.797220766544342,0.010531061328947544,0.015556659549474716,7.162425427697599,,,
amgtp_hidden16,46,0.05807503219693899,0.060648951679468155,0.08743603527545929,0.8256878852844238,0.011101633310317993,0.015126220881938934,6.492915317416191,,,
amgtp_hidden16,47,0.037920963019132614,0.06615128368139267,0.09565236419439316,0.8067272901535034,0.013434398919343948,0.0180351622402668,6.831444319337606,,,
amgtp_hidden16,48,0.025963072665035725,0.07083598524332047,0.1021328717470169,0.7937454581260681,0.014195547439157963,0.019090045243501663,7.100157826207578,,,
amgtp_hidden16,49,0.013589859940111637,0.07140831649303436,0.10339978337287903,0.78695148229599,0.016730181872844696,0.021512052044272423,7.167033221572638,,,
amgtp_hidden16,50,0.026251206174492836,0.07163194566965103,0.10451877862215042,0.77382493019104,0.02264225482940674,0.027382008731365204,7.2657542154192924,,,
amgtp_hidden16,51,0.05352184921503067,0.07354284822940826,0.10754413157701492,0.7470642328262329,0.03313977271318436,0.03870938718318939,7.5352175533771515,,,
amgtp_hidden16,52,0.10772249102592468,0.08374068886041641,0.11693897843360901,0.6932027339935303,0.050603996962308884,0.05551346763968468,8.352405037730932,,,
amgtp_hidden16,53,0.3634905591607094,0.13976767659187317,0.14434422552585602,0.5114577412605286,0.10936982929706573,0.09506096690893173,12.161220386624336,,,
amgtp_hidden16,54,0.7855235636234283,0.31443583965301514,0.11382731050252914,0.14921262860298157,0.2656431794166565,0.15688098967075348,23.483451686799526,,,
amgtp_hidden16,55,0.6118761859834194,0.4628369212150574,0.05062610283493996,0.060652345418930054,0.1114669218659401,0.31441834568977356,33.18492370471358,,,
amgtp_hidden16,56,1.055363543331623,0.10989835858345032,0.012829951010644436,0.02390202507376671,0.011270091868937016,0.8421000242233276,18.54672852344811,,,
amgtp_hidden16,57,0.24386175838299096,0.015515320934355259,0.003943657968193293,0.012790310196578503,0.0037195610348135233,0.9640302062034607,14.495693658711389,,,
amgtp_hidden16,58,0.0079841751139611,0.011648125015199184,0.0038192104548215866,0.014436041936278343,0.004088202025741339,0.9660083651542664,14.298749363515526,,,
amgtp_hidden16,59,0.07357433391734958,0.023164601996541023,0.007894144393503666,0.03095780685544014,0.008762923069298267,0.9292219281196594,14.561091139912605,,,
amgtp_hidden16,60,0.10976306442171335,0.04082968831062317,0.01398670207709074,0.0552082359790802,0.015634851530194283,0.8743388652801514,14.9795807832852,,,
amgtp_hidden16,61,0.017153793014585972,0.03802892565727234,0.013059583492577076,0.05141444876790047,0.014580192975699902,0.8829163312911987,14.9119284581393,,,
amgtp_hidden16,62,0.05356483068317175,0.029388463124632835,0.010177239775657654,0.039420366287231445,0.011315300129354,0.9096993803977966,14.706744552589953,,,
amgtp_hidden16,63,0.030786389485001564,0.024265984073281288,0.008706646971404552,0.031931161880493164,0.01000414602458477,0.925092339515686,14.58178095240146,,,
amgtp_hidden16,64,0.01183724869042635,0.024106724187731743,0.009708323515951633,0.030452653765678406,0.014921383000910282,0.9208117723464966,14.543284229934216,,,
amgtp_hidden16,65,0.08091441728174686,0.02974185347557068,0.014612333849072456,0.03660237416625023,0.03868909552693367,0.8803539276123047,14.504709320142865,,,
amgtp_hidden16,66,0.2485662642866373,0.04839948192238808,0.027565468102693558,0.059753526002168655,0.10821031033992767,0.7560707926750183,14.453258231282234,,,
amgtp_hidden16,67,0.33752476796507835,0.08684422075748444,0.04462677985429764,0.09154577553272247,0.18967486917972565,0.5873088836669922,15.079965807497501,,,
amgtp_hidden16,68,0.25480440631508827,0.18409471213817596,0.0551198311150074,0.10052252560853958,0.20035631954669952,0.4599062204360962,19.243551459163427,,,
amgtp_hidden16,69,0.3938004858791828,0.38099512457847595,0.05219373106956482,0.07921706885099411,0.1378849893808365,0.34970903396606445,29.010673813521862,,,
amgtp_hidden16,70,0.36406409740448,0.5630274415016174,0.038486480712890625,0.052543990314006805,0.0837102085351944,0.26223236322402954,38.23498948663473,,,
amgtp_hidden16,71,0.2032487615942955,0.66465163230896,0.028661776334047318,0.03828602656722069,0.0596090704202652,0.2087915986776352,43.362963669002056,,,
amgtp_hidden16,72,0.056412387639284134,0.692857563495636,0.02639446035027504,0.034849345684051514,0.05458696931600571,0.19131124019622803,44.76286245509982,,,
amgtp_hidden16,73,0.020178331062197685,0.7018712759017944,0.02610222063958645,0.03405717387795448,0.055662449449300766,0.18230651319026947,45.182478627189994,,,
amgtp_hidden16,74,0.017043454572558403,0.7003246545791626,0.027509454637765884,0.034848179668188095,0.06198643520474434,0.17533190548419952,45.04008499160409,,,
amgtp_hidden16,75,0.06543309986591339,0.6676077246665955,0.031055103987455368,0.038645558059215546,0.08339141309261322,0.17930006980895996,43.29739612713456,,,
amgtp_hidden16,76,0.215827364474535,0.5596942901611328,0.036481499671936035,0.04668544977903366,0.14230239391326904,0.2148367315530777,37.76202625781298,,,
amgtp_hidden16,77,0.23834484815597534,0.44052189588546753,0.03864895552396774,0.05234000086784363,0.19845180213451385,0.27003777027130127,31.796674109995365,,,
amgtp_hidden16,78,0.1574745811522007,0.386200875043869,0.04000960662961006,0.057155437767505646,0.17403544485569,0.34259888529777527,29.398160930722952,,,
amgtp_hidden16,79,0.11201385408639908,0.37025314569473267,0.040414582937955856,0.06103084236383438,0.13397622108459473,0.3943254053592682,28.897085074335337,,,
amgtp_hidden16,80,0.06266485899686813,0.3873160779476166,0.04058340564370155,0.06259214133024216,0.102643683552742,0.4068646728992462,29.881935711950064,,,
amgtp_hidden16,81,0.4039253108203411,0.5892791748046875,0.03735065087676048,0.05568346753716469,0.07703955471515656,0.24064801633358002,39.46950065344572,,,
amgtp_hidden16,82,0.26268661580979824,0.7206218838691711,0.028589094057679176,0.03967350348830223,0.05825403705239296,0.15286114811897278,45.932756969705224,,,
amgtp_hidden16,83,0.10376290418207645,0.7725034356117249,0.024055246263742447,0.03223814815282822,0.048099834471940994,0.12310320138931274,48.531119488179684,,,
amgtp_hidden16,84,0.06018374115228653,0.8025956153869629,0.022621940821409225,0.029806751757860184,0.041730985045433044,0.10324519127607346,50.00532869249582,,,
amgtp_hidden16,85,0.03578297980129719,0.8161064982414246,0.024476150050759315,0.03233279287815094,0.03914615511894226,0.08793817460536957,50.593021953478456,,,
amgtp_hidden16,86,0.03352557308971882,0.8116650581359863,0.029143985360860825,0.04131295159459114,0.04226088896393776,0.07561676949262619,50.207447323948145,,,
amgtp_hidden16,87,0.12376070767641068,0.7587528228759766,0.0412646047770977,0.06887692958116531,0.06445707380771637,0.06664907932281494,47.15735139325261,,,
amgtp_hidden16,88,0.2441427931189537,0.6427634358406067,0.05502719804644585,0.11325788497924805,0.12838450074195862,0.060566648840904236,40.70723159238696,,,
amgtp_hidden16,89,0.23247096315026283,0.5306255221366882,0.0573313906788826,0.1417512446641922,0.21382257342338562,0.05646922439336777,34.6074436083436,,,
amgtp_hidden16,90,0.06039603799581528,0.500427782535553,0.05737923085689545,0.15385612845420837,0.2316351681947708,0.056702204048633575,32.959891602396965,,,
amgtp_hidden16,91,0.10428653657436371,0.539884090423584,0.05907063186168671,0.15885940194129944,0.1794913113117218,0.06269390136003494,35.062848061323166,,,
amgtp_hidden16,92,0.1231134831905365,0.5946003198623657,0.057235658168792725,0.14494428038597107,0.13368505239486694,0.0695348009467125,38.07737027108669,,,
amgtp_hidden16,93,0.043573446571826935,0.5997840762138367,0.056348688900470734,0.15490493178367615,0.11278507858514786,0.07617689669132233,38.36408016085625,,,
amgtp_hidden16,94,0.18493648618459702,0.5097519755363464,0.0597563311457634,0.2409018576145172,0.11034940928220749,0.07924104481935501,33.249400928616524,,,
amgtp_hidden16,95,0.36493244022130966,0.3451814353466034,0.056114643812179565,0.42034289240837097,0.1133740246295929,0.06498648226261139,23.731458365917206,,,
amgtp_hidden16,96,0.2548249736428261,0.24631395936012268,0.04533901810646057,0.5411677360534668,0.11996196210384369,0.047217391431331635,17.94845700263977,,,
amgtp_hidden16,97,0.14138716831803322,0.19607844948768616,0.03941323980689049,0.5360438823699951,0.19065561890602112,0.03780902177095413,15.276167493313551,,,
amgtp_hidden16,98,0.5696855951100588,0.15685568749904633,0.031616441905498505,0.30619561672210693,0.475497841835022,0.0298334751278162,14.10769808664918,,,
amgtp_hidden16,99,0.3551099058240652,0.1232241615653038,0.02306860312819481,0.17804552614688873,0.6530532836914062,0.02260846644639969,12.838546391576529,,,
amgtp_hidden16,100,0.1493780966848135,0.09628055989742279,0.02004867047071457,0.1371360719203949,0.7277419567108154,0.018792031332850456,11.565572615712881,,,
amgtp_hidden16,101,0.0446343719959259,0.08690781891345978,0.020585110411047935,0.12427549064159393,0.7495226860046387,0.01870815083384514,11.116453630849719,,,
amgtp_hidden16,102,0.6077379118651152,0.11704210191965103,0.11974800378084183,0.2417631447315216,0.4456540644168854,0.07579261064529419,12.048238553106785,,,
amgtp_hidden16,103,0.49022264778614044,0.12655727565288544,0.35534432530403137,0.20165744423866272,0.25156348943710327,0.06487773358821869,11.22298589348793,,,
amgtp_hidden16,104,0.10371480882167816,0.1367613971233368,0.3790148198604584,0.21963979303836823,0.22163069248199463,0.04295268654823303,11.396370485424995,,,
amgtp_hidden16,105,0.44258321076631546,0.14376549422740936,0.18382135033607483,0.43392807245254517,0.20629967749118805,0.03218633681535721,12.00624167919159,,,
amgtp_hidden16,106,0.2714569941163063,0.10617691278457642,0.11344559490680695,0.5696583390235901,0.1857253462076187,0.02499827742576599,9.843088686466217,,,
amgtp_hidden16,107,0.11095836013555527,0.08946873992681503,0.09722809493541718,0.6251335740089417,0.16632850468158722,0.021837666630744934,8.810780078172684,,,
amgtp_hidden16,108,0.07118458300828934,0.08216296136379242,0.08728645741939545,0.660726010799408,0.15008997917175293,0.019731462001800537,8.326112493872643,,,
amgtp_hidden16,109,0.051902104169130325,0.07921724021434784,0.07942971587181091,0.6866793632507324,0.1365315318107605,0.01814362034201622,8.102233625948429,,,
amgtp_hidden16,110,0.03578111529350281,0.0826350599527359,0.07336502522230148,0.7011508941650391,0.12565797567367554,0.017190102487802505,8.255188569426537,,,
amgtp_hidden16,111,0.03863941691815853,0.10176264494657516,0.06924837827682495,0.6940773725509644,0.11752884089946747,0.017382631078362465,9.323297914117575,,,
amgtp_hidden16,112,0.11894926615059376,0.15832769870758057,0.06665300577878952,0.6440048813819885,0.11072243005037308,0.02029256895184517,12.557482548058033,,,
amgtp_hidden16,113,0.19900972954928875,0.25126928091049194,0.06436444818973541,0.5531479716300964,0.1043625921010971,0.026855411008000374,17.906479116529226,,,
amgtp_hidden16,114,0.13350228779017925,0.3039235770702362,0.06328300386667252,0.48945075273513794,0.10239015519618988,0.040952302515506744,21.057113207876682,,,
amgtp_hidden16,115,0.10457900911569595,0.2957746088504791,0.06351277977228165,0.4453103840351105,0.11055272072553635,0.08484963327646255,21.10768437385559,,,
amgtp_hidden16,116,0.32828513905406,0.20302124321460724,0.059998657554388046,0.3774350583553314,0.1274580955505371,0.23208658397197723,17.514997269958258,,,
amgtp_hidden16,117,0.3995382823050022,0.12728062272071838,0.04619508981704712,0.2836129665374756,0.11105575412511826,0.431856244802475,15.357249058783054,,,
amgtp_hidden16,118,0.5054597053676844,0.06561462581157684,0.026092341169714928,0.15056553483009338,0.07314185053110123,0.6845858693122864,14.510861618444324,,,
amgtp_hidden16,119,0.4124981677159667,0.017883630469441414,0.009770688600838184,0.041029129177331924,0.04048191383481026,0.8908350467681885,13.96093995589763,,,
