method,day,gate_move_l1,pi_expanding,pi_rolling_1,pi_rolling_3,pi_rolling_7,pi_rolling_14,h_eff,pi_m2,pi_m5b,pi_m5b_hs
adamoe,4,,0.2,0.2,0.2,0.2,0.2,17.0,,,
adamoe,5,0.010843831661398406,0.2016377620453541,0.19457808416930067,0.2005086296946368,0.2016377620453541,0.2016377620453541,17.12876269892689,,,
adamoe,6,0.00536589140057625,0.20253207727878358,0.19213982796396384,0.2002639401996858,0.20253207727878358,0.20253207727878358,17.19802990814449,,,
adamoe,7,0.0026006786325720455,0.20296552371754553,0.19173203913075193,0.1993713897166115,0.20296552371754553,0.20296552371754553,17.230053629401773,,,
adamoe,8,0.0074458219330677256,0.2041618909971229,0.18800912816421836,0.19950519884441356,0.2041618909971229,0.2041618909971229,17.323637895464415,,,
adamoe,9,0.0028241637330374547,0.20474215242775923,0.18695617972776138,0.1991460654143516,0.20441345000236874,0.20474215242775923,17.36620780564158,,,
adamoe,10,0.002316102900950384,0.20442975085643372,0.188114231178237,0.19914199393003104,0.20388427317886554,0.20442975085643372,17.340531688596485,,,
adamoe,11,0.0025670969067804195,0.20496568176211727,0.18749229606719345,0.19848038058768402,0.2040959598208883,0.20496568176211727,17.37906560697314,,,
adamoe,12,0.006101649614188298,0.20631788446319033,0.18559990584256952,0.19732194600521363,0.20444237922583616,0.20631788446319033,17.476185848715147,,,
adamoe,13,0.0017812701500360961,0.2063622936450772,0.18640172255381407,0.19696515626658828,0.2039085338894437,0.2063622936450772,17.475466658315398,,,
adamoe,14,0.0024945595183615277,0.2063111301337498,0.18525676981728803,0.1979313702413686,0.2041895996738441,0.2063111301337498,17.475401708155786,,,
adamoe,15,0.0011124556366292615,0.20645282388428726,0.18552961013452784,0.1976722091398121,0.20389253295708606,0.20645282388428726,17.483302935690826,,,
adamoe,16,0.0023445264791635556,0.206804418714037,0.18635027854435965,0.19700633164688752,0.20343923185261897,0.20639973924209692,17.499305368684933,,,
adamoe,17,0.0014302457869521668,0.20658926832480096,0.18677409429589112,0.19729763878883205,0.20331621553168217,0.20602278305879362,17.481555581695332,,,
adamoe,18,0.003351099947244779,0.2070181891557884,0.18525649531212374,0.19713968779897706,0.2041072030045168,0.20647842472859396,17.51721527528829,,,
adamoe,19,0.0016962488177123536,0.20708388435550967,0.18603892452125864,0.1968144542474758,0.203726732696628,0.20633600417912784,17.51630653597845,,,
adamoe,20,0.0013638869065359382,0.20737354035368913,0.1855804564565462,0.1965909788589201,0.20396049065855043,0.20649453367229376,17.536412720276623,,,
adamoe,21,0.002376183919322178,0.20710870131316605,0.1861667210798579,0.19719280619526977,0.20340450189508255,0.2061272695166239,17.513880504953942,,,
adamoe,22,0.001473077523741123,0.207081867779678,0.1869032598417287,0.1971215142174041,0.20298902221400428,0.2059043359471856,17.50676372803325,,,
adamoe,23,0.003211063349177784,0.2075599457375344,0.18529772816713946,0.1975981679005892,0.20331798027830056,0.20622617791643635,17.542081328899183,,,
adamoe,24,0.001528055454253996,0.20786365895626768,0.18485351775945336,0.19727835058114795,0.20360053082915766,0.2064039418739726,17.56336700891868,,,
adamoe,25,0.0014888393491756247,0.2077052292384891,0.18466849405519414,0.19802277025573578,0.2033724182526787,0.20623108819790154,17.55189272167112,,,
adamoe,26,0.0017381332892785206,0.20799426600873416,0.1850186903905086,0.1974918772605791,0.20303424460319613,0.20646092173698127,17.568842899236405,,,
adamoe,27,0.0012069948596967195,0.2082216736310864,0.1851506038212376,0.19692533919881372,0.20327842097996385,0.20642396236889887,17.582111459307193,,,
adamoe,28,0.0015889667652361772,0.20784389547850804,0.18594508720385577,0.19687649224483833,0.2031541590760028,0.20618036599679568,17.555812530136013,,,
adamoe,29,0.0040321704872365305,0.20884433218175275,0.18392900196023734,0.19707709494533376,0.20334076829888983,0.2068088026137866,17.624528832386645,,,
adamoe,30,0.0018090603592257892,0.20822940240713772,0.1845421890174273,0.197136042964561,0.2035731634020852,0.2065192022087884,17.585995437077006,,,
adamoe,31,0.0014547641225248764,0.20835563904349885,0.18442702379139952,0.1977371883894622,0.20340623518190215,0.20607391359373667,17.587855368155346,,,
adamoe,32,0.003237312396145192,0.20763928640676788,0.18594136819635695,0.1978415001825775,0.2032214880522457,0.20535635716205164,17.535362469784605,,,
adamoe,33,0.0023796648276670496,0.20808346927542165,0.18493781841511492,0.197655217549986,0.203450978075529,0.20587251668394807,17.56928370769435,,,
adamoe,34,0.0013181603836046052,0.20790048799668112,0.18446171950205315,0.19806694894043952,0.20367884804605085,0.205891995514775,17.560931719653446,,,
adamoe,35,0.0014910750475684853,0.20828262258044106,0.1846053630695451,0.19760971989652426,0.20339053956618244,0.20611175488730793,17.58369022297117,,,
adamoe,36,0.0010810253401082326,0.2084544303300621,0.18430721536327976,0.19736735493273516,0.20354445135304522,0.2063265480208779,17.59705793172882,,,
adamoe,37,0.0004136905570809035,0.20850664031828536,0.18430315668092356,0.19728464858226274,0.20369908664336242,0.20620646777516607,17.599339676880696,,,
adamoe,38,0.0009682357784756013,0.20887506162916153,0.18441491446305253,0.19690785034088798,0.2035917669954992,0.20621040657139855,17.619730224203483,,,
adamoe,39,0.0019962497135238566,0.20920411974886688,0.1849228679194559,0.19628906892662246,0.20321242355300267,0.20637151985205165,17.637725502431078,,,
adamoe,40,0.0020904592579246706,0.20873002554689468,0.18451276383850657,0.19731033022997604,0.20323639187861153,0.20621048850601095,17.60984686957655,,,
adamoe,41,0.0023459504267966946,0.20940249485633028,0.1847756614139822,0.1963135034016545,0.20306024349353477,0.2064480968344981,17.64956092313648,,,
adamoe,42,0.0033655546641629674,0.20839250356072908,0.18641847765178093,0.19632399539416218,0.2030897125953099,0.2057753107980179,17.581423016817432,,,
adamoe,43,0.0019183139985864683,0.20868489746890223,0.1854593206524878,0.19635765678193398,0.20344987031712874,0.2060482547795474,17.60445079826599,,,
adamoe,44,0.001246805861089606,0.20840951745645636,0.1854257913716533,0.1969810597124788,0.20322756231006464,0.2059560691493471,17.586917922157784,,,
adamoe,45,0.0013551000933043622,0.20822945747089439,0.18607970240163374,0.19700469872915033,0.2029298821586227,0.20575625923969862,17.571958051308886,,,
adamoe,46,0.004542004038785158,0.20912373227658004,0.18431486101524666,0.19649853809614493,0.20375727273133137,0.20630559588069697,17.635813663347562,,,
adamoe,47,0.001079453505585387,0.20882539090590124,0.1845921427753009,0.19676098308888357,0.20355903040454787,0.20626245282536676,17.616986098782995,,,
adamoe,48,0.00239195547549903,0.2084824869574492,0.18578812051305021,0.19661999910475428,0.2031736799302907,0.20593571349445555,17.589913083708677,,,
adamoe,49,0.0019384749491045405,0.2092878269577313,0.1854290853362714,0.19637282772500986,0.20281064901226148,0.20609961096872553,17.636886282623166,,,
adamoe,50,0.0004098822707752081,0.20930895692549384,0.18536592544043712,0.1962324027898261,0.20280929270789189,0.20628342213635056,17.640233508203696,,,
adamoe,51,0.001925782779465507,0.20878921816954313,0.1859220109030074,0.19663920871698845,0.20280035933922225,0.20584920287123804,17.60468408279845,,,
adamoe,52,0.0017044254802941472,0.20876018476412755,0.18546541976785075,0.1962726205174136,0.2032185334773225,0.20628324147328486,17.61038948213499,,,
adamoe,53,0.002092386402648777,0.2085404540209849,0.184702157793862,0.19723365112041027,0.2033036960756503,0.20622004098909197,17.599036798791026,,,
adamoe,54,0.002931457268286586,0.20798819297871324,0.18575907163280536,0.1976424659156102,0.20301188529981315,0.20559838417305745,17.557438623623927,,,
adamoe,55,0.004226698351229269,0.20961174331296717,0.18480772867614165,0.19685417133347813,0.20263817366299425,0.2060881830144181,17.65577661929742,,,
adamoe,56,0.0028224587017986746,0.20872175442524,0.1860419284203398,0.19703120094017937,0.20239473470791886,0.20581038150632142,17.598549280799208,,,
adamoe,57,0.0035741881101063466,0.20945205341105683,0.18522106486726903,0.1960649704381972,0.20298229549823954,0.2062796157852373,17.64932987032627,,,
adamoe,58,0.0011283006475532875,0.20945694686633565,0.18530249855661657,0.19654279361734753,0.20288499688157874,0.2058127640781215,17.64392136665355,,,
adamoe,59,0.001695523332011506,0.2098259591276228,0.1845993049603717,0.19639822554758687,0.2032669968329342,0.20590951353148484,17.668953696531826,,,
adamoe,60,0.0013629839346421813,0.20959864157052852,0.1851993948059735,0.1964540952170838,0.20281282242270746,0.20593504598370727,17.65326057541979,,,
adamoe,61,0.0003339231132165055,0.20961304688449736,0.18525392808375832,0.1965412949647229,0.20264586086609918,0.20594586920092273,17.653423820923383,,,
adamoe,62,0.0010407948798394906,0.2096069068696781,0.1855781654216811,0.19613743878349932,0.20253545962222255,0.20614202930291997,17.654141521549302,,,
adamoe,63,0.0023009717343755176,0.20914912294281168,0.18509788961578988,0.19686258512767388,0.2029607991452353,0.20592960316848938,17.628373059943012,,,
adamoe,64,0.003241315619266716,0.21011110829071666,0.18368213263085015,0.19666778612885644,0.2029506973193591,0.20658827563021775,17.69324272851898,,,
adamoe,65,0.003456383227330745,0.20902265250159036,0.18503658410312915,0.19682231642789189,0.20316990716171007,0.20594853980567873,17.622331590893697,,,
adamoe,66,0.0017935182759760693,0.2089151069937862,0.1857004971515986,0.19705516251741056,0.20283062660853113,0.20549860672867387,17.608567284792155,,,
adamoe,67,0.0019231711375906346,0.20929493310839264,0.18577497776249471,0.19609357694861507,0.20298044053202166,0.2058560716484759,17.634599781914712,,,
adamoe,68,0.0028529182116278085,0.2089115546555113,0.18473189710956225,0.19678387558696192,0.20322448405306276,0.20634818859490198,17.621222831901193,,,
adamoe,69,0.0017305402719246243,0.2085839049720721,0.18559716724552433,0.196590018142005,0.20309502511042643,0.2061338845299719,17.59794107918846,,,
adamoe,70,0.001982388050477263,0.20918090971061412,0.18523322176119988,0.19698420742870149,0.20262768563770756,0.20597397546177645,17.629069882612974,,,
adamoe,71,0.003949946151645761,0.20818695058291192,0.18711119397073717,0.19708120829498732,0.2025941051559699,0.20502654199539366,17.558102177857716,,,
adamoe,72,0.005454595802264373,0.20914266361688738,0.18466702662032378,0.19679807774426866,0.2031016973762279,0.20629053464229252,17.63340044349206,,,
adamoe,73,0.0023382800333332787,0.20947879249607793,0.18380445945487922,0.19666575991267454,0.20393470851370366,0.2061162796226642,17.655700163270804,,,
adamoe,74,0.0027211003332489325,0.21047500847433404,0.18339882330237123,0.1961435692245208,0.20350198518774124,0.2064806138110329,17.715572529104627,,,
adamoe,75,0.0014610196064084313,0.20980936140998901,0.18334985968927286,0.19672266259886856,0.20348608606198054,0.2066320302398895,17.679330557877538,,,
adamoe,76,0.003915316338903269,0.2091948209592202,0.18530751785872435,0.19588444924470444,0.20334827771838487,0.2062649342189663,17.63579714624027,,,
adamoe,77,0.0027707713020544145,0.20909299643075333,0.18486619865028986,0.19726983489573158,0.20272568389706572,0.20604528612615955,17.62596928222838,,,
adamoe,78,0.0010308394583598557,0.2089513021748505,0.18529986747915872,0.1968961094224545,0.20276440944106947,0.2060883114824669,17.617653553079574,,,
adamoe,79,0.0025739382421546553,0.20996373761720277,0.1843166075739615,0.1965924002065742,0.2028268347185812,0.20630041988368003,17.67991178662744,,,
adamoe,80,0.0030335767027461213,0.20929221993426722,0.18545939770769426,0.1969663984242147,0.2023628154307569,0.20591916850306702,17.63329985609461,,,
adamoe,81,0.0011419025811405803,0.20937397659354484,0.1850055307230099,0.19736461643140782,0.20245379205485659,0.2058020841971812,17.637943698774457,,,
adamoe,82,0.0008511318986990368,0.20942852432566678,0.18470174439636955,0.19724283680869853,0.20257573630478518,0.20605115816448008,17.64488808279869,,,
adamoe,83,0.001447236809188568,0.20982578108857503,0.1848147715614104,0.19655783061896764,0.2025371240899218,0.20626449264112529,17.669497894338022,,,
adamoe,84,0.0032974941176598938,0.21028939259015195,0.18362458635680237,0.19609926876474576,0.20331749632262164,0.2066692559656785,17.705878005838006,,,
adamoe,85,0.003832034735150064,0.20926758574148985,0.1850880675552083,0.1965518049339147,0.20305205567989099,0.20604048608949604,17.636729821858527,,,
adamoe,86,0.0014351993433707466,0.20961425864102567,0.18545899432735813,0.196217070190979,0.20278432746351932,0.20592534937711832,17.653410906886126,,,
adamoe,87,0.003018110664776058,0.20898353775983883,0.1859685907857413,0.19721652906498374,0.202418892347691,0.20541245004174533,17.609336990589295,,,
adamoe,88,0.001514748053024484,0.2090300838333698,0.18536956739365115,0.19705817843056161,0.20280191254038718,0.2057402578020304,17.61832612969866,,,
adamoe,89,0.0032650818803813264,0.20933865723057288,0.18669353493663854,0.19652639048565718,0.20201715355167416,0.205424263795457,17.6266519082261,,,
adamoe,90,0.0032952126692207817,0.2101814566982594,0.1851773958575762,0.1963949232301091,0.20232040216754482,0.20592582204651017,17.684453891267424,,,
adamoe,91,0.0009570954214462857,0.2102916831483119,0.1847070665043405,0.19638670487262166,0.20254523608322814,0.2060693093914975,17.69415515408448,,,
adamoe,92,0.0015193325414336878,0.20980022863748365,0.1845866264213148,0.19689195208312021,0.20279965514344653,0.2059215377146347,17.665775314928705,,,
adamoe,93,0.0014299114150964076,0.2097031954763635,0.18396870387488684,0.19694888473796818,0.20326207819138395,0.20611713771939763,17.665481562081858,,,
adamoe,94,0.0009904289577783165,0.20927631678120046,0.18412748768809506,0.19703957914590584,0.20350781444912722,0.20604880193567152,17.64106316024113,,,
adamoe,95,0.001597617464410367,0.20968116673092735,0.1845214464705735,0.19688988536037394,0.2028900430752965,0.2060174583628291,17.66053582501402,,,
adamoe,96,0.0020840497858981566,0.2087840580036499,0.18480891349654227,0.19717699974800357,0.20335748655464708,0.20587254219715734,17.60910138960228,,,
adamoe,97,0.001379155022810108,0.20881647119799446,0.18542559590696334,0.19721748165464287,0.20287840454802064,0.2056620466923786,17.605483798280005,,,
adamoe,98,0.0010493535485115724,0.20847299000992886,0.18595027268121928,0.19711902195595743,0.20284823375665598,0.20560948159623865,17.584157117788756,,,
adamoe,99,0.0025240255442253723,0.209264137574752,0.1847717714112491,0.19736711999065065,0.20276472225451334,0.20583224876883482,17.633725924413604,,,
adamoe,100,0.0029086863551236464,0.2099250941365588,0.18378603845742325,0.1968985097669148,0.20319875342403018,0.20619160421507315,17.679060948930932,,,
adamoe,101,0.0010662007891246439,0.21013918563450662,0.18409429265170685,0.19665527908847819,0.20290888370790477,0.20620235891740435,17.689606478786533,,,
adamoe,102,0.0021046515908624552,0.20953635868103315,0.1848302775583327,0.19637109689195387,0.20322522459670997,0.20603704227197073,17.653220253080743,,,
adamoe,103,0.0015847546789087286,0.20978097340473714,0.1853780401740829,0.19632055596519138,0.2025146932279932,0.20600573722799545,17.662881286141776,,,
adamoe,104,0.0011342440303951928,0.20975328686733263,0.18558693328952147,0.19598952269987252,0.2028729221277523,0.20579733501552128,17.66002585854066,,,
adamoe,105,0.002699301375716362,0.20926042488102442,0.18473014458797174,0.1965470484197746,0.20323699729703132,0.20622538481419858,17.63981115118676,,,
adamoe,106,0.0039003781193588105,0.21050295857325327,0.18279395196921533,0.19675901496773313,0.20322300085610862,0.2067210736336909,17.719904548132043,,,
adamoe,107,0.0009111064507358602,0.21017779965439232,0.18298273602169607,0.19696792354684245,0.20328086144988622,0.20659067932718367,17.69979002665554,,,
adamoe,108,0.003397983636097862,0.20924732454135853,0.18451714746603087,0.19713250392055623,0.20309837859775975,0.20600464547429465,17.636507818533655,,,
adamoe,109,0.0003369630284531522,0.20931527724124144,0.18449496959868433,0.19699168777117443,0.20309289110026152,0.2061051742886383,17.64150934512946,,,
adamoe,110,0.0010227540517873113,0.2096719803163491,0.18446667037661527,0.19665930448127183,0.20294219658633972,0.2062598482394245,17.662996654257697,,,
adamoe,111,0.0009635462907464365,0.20972269345154865,0.18489288298819623,0.19666415187986436,0.20263555022694485,0.20608472145344597,17.661881897657565,,,
adamoe,112,0.0015483059110367736,0.21000495308565692,0.1849458861647209,0.19710304202474965,0.2023935921286031,0.20555252659626919,17.671042714626374,,,
adamoe,113,0.002011838947697353,0.21004583238931623,0.1847778752983086,0.1962651334173135,0.20268156007941404,0.20622959881564784,17.682308522884192,,,
adamoe,114,0.004262554131882118,0.20948210722508856,0.1865150919492116,0.19665919383235167,0.20195807149771972,0.20538553549562888,17.634523104374423,,,
adamoe,115,0.0038704337259329036,0.20830302705578135,0.18723953707350632,0.19786996557102332,0.20178468153727586,0.20480278876241342,17.558762870568174,,,
adamoe,116,0.005018927541288604,0.20936642116308926,0.18555574212661535,0.19704429674726992,0.20221664394712208,0.20581689601590353,17.635626954006284,,,
adamoe,117,0.003603816635187246,0.20874866016412097,0.18729997582811075,0.19642482442253978,0.20227431856322017,0.2052522210220082,17.590945383193645,,,
adamoe,118,0.002060076604894323,0.20921987148415466,0.18633607371188105,0.19687523220420478,0.20220818237700294,0.2053606402227569,17.620660299131394,,,
adamoe,119,0.0025419233433920108,0.20948456823348566,0.18506511204018483,0.19731016085976427,0.20274970249231353,0.20539045637425163,17.640783995314333,,,
m5b_smooth0,4,,0.20000606775283813,0.20000606775283813,0.20000606775283813,0.20000606775283813,0.20000606775283813,17.00051575899124,,,
m5b_smooth0,5,0.432427354156971,0.2720721960067749,0.04504317790269852,0.13873998820781708,0.2720721960067749,0.2720721960067749,22.499111019074917,,,
m5b_smooth0,6,0.21051489003002644,0.3071582317352295,0.016790324822068214,0.061736058443784714,0.3071582317352295,0.3071582317352295,25.08181527070701,,,
m5b_smooth0,7,0.0012334473431110382,0.3071361184120178,0.016239779070019722,0.06235262006521225,0.3071361184120178,0.3071361184120178,25.0813232306391,,,
m5b_smooth0,8,0.00811191275715828,0.3057839870452881,0.018638668581843376,0.06400924921035767,0.3057839870452881,0.3057839870452881,24.97916936688125,,,
m5b_smooth0,9,0.0627299603074789,0.32076674699783325,0.020038262009620667,0.06106079742312431,0.27736756205558777,0.32076671719551086,25.881532449275255,,,
m5b_smooth0,10,0.06294729933142662,0.3203199505805969,0.025629453361034393,0.08694304525852203,0.24678726494312286,0.3203199505805969,25.717645786702633,,,
m5b_smooth0,11,0.13102119229733944,0.3507820963859558,0.03021579049527645,0.06788220256567001,0.20033754408359528,0.3507820963859558,27.594100339338183,,,
m5b_smooth0,12,0.30884539522230625,0.42799368500709534,0.021306395530700684,0.024265635758638382,0.09844128787517548,0.42799368500709534,32.4547250084579,,,
m5b_smooth0,13,0.09426796436309814,0.45156046748161316,0.01908271759748459,0.016873694956302643,0.06092250719666481,0.45156046748161316,33.91163594648242,,,
m5b_smooth0,14,0.041308240965008736,0.4412332773208618,0.022830188274383545,0.025720303878188133,0.0689823180437088,0.4412333071231842,33.2341302651912,,,
m5b_smooth0,15,0.12015129998326302,0.4111958146095276,0.028921758756041527,0.05274733528494835,0.09594006091356277,0.4111958146095276,31.287234472110868,,,
m5b_smooth0,16,0.20091159269213676,0.4961501955986023,0.030116504058241844,0.06705354154109955,0.09464754164218903,0.3120320737361908,35.03127068839967,,,
m5b_smooth0,17,0.32835158333182335,0.6603261828422546,0.025670519098639488,0.051736634224653244,0.07475877553224564,0.18750813603401184,42.94887672550976,,,
m5b_smooth0,18,0.21025938726961613,0.7654556632041931,0.019736602902412415,0.03208199143409729,0.06367435306310654,0.11905121058225632,48.155759789049625,,,
m5b_smooth0,19,0.03926030173897743,0.7783056497573853,0.02000339701771736,0.027654998004436493,0.07018791884183884,0.10384824872016907,48.74649829044938,,,
m5b_smooth0,20,0.06392868421971798,0.7463409900665283,0.02387206442654133,0.030344434082508087,0.0899205356836319,0.10952155292034149,47.05811026133597,,,
m5b_smooth0,21,0.07439479418098927,0.7091440558433533,0.029007118195295334,0.03908182680606842,0.10085704177618027,0.121910460293293,45.10764168575406,,,
m5b_smooth0,22,0.06337822042405605,0.7371525168418884,0.0288002397865057,0.04276198893785477,0.07517456263303757,0.11611022055149078,46.53800224326551,,,
m5b_smooth0,23,0.1152575220912695,0.7947812676429749,0.021114178001880646,0.03970182687044144,0.051297664642333984,0.09310457110404968,49.48964336514473,,,
m5b_smooth0,24,0.01736518368124962,0.800520658493042,0.01906466856598854,0.04122854769229889,0.05271449685096741,0.08647184073925018,49.75359706953168,,,
m5b_smooth0,25,0.15338249504566193,0.7238290309906006,0.025306347757577896,0.05988893657922745,0.08047207444906235,0.11050306260585785,45.74506241455674,,,
m5b_smooth0,26,0.037424398586153984,0.733981192111969,0.024297373369336128,0.0501658134162426,0.07249224931001663,0.1190633773803711,46.387999368831515,,,
m5b_smooth0,27,0.17673800699412823,0.822350263595581,0.0166330523788929,0.024074964225292206,0.043349411338567734,0.09359245002269745,51.04361394047737,,,
m5b_smooth0,28,0.014230489730834961,0.8290032744407654,0.016393400728702545,0.01975824683904648,0.04079069197177887,0.09405484050512314,51.41816721856594,,,
m5b_smooth0,29,0.02370278351008892,0.8190431594848633,0.018372662365436554,0.024540787562727928,0.04588102549314499,0.0921643078327179,50.84605208225548,,,
m5b_smooth0,30,0.12313543073832989,0.7574747204780579,0.02362274006009102,0.04157589375972748,0.06799210608005524,0.1093350350856781,47.603468883782625,,,
m5b_smooth0,31,0.03722870349884033,0.7606949210166931,0.021608304232358932,0.05344788730144501,0.07151441276073456,0.09273526817560196,47.62254187092185,,,
m5b_smooth0,32,0.054333215579390526,0.7854182720184326,0.019451672211289406,0.055891018360853195,0.06798788905143738,0.07125169038772583,48.78565993718803,,,
m5b_smooth0,33,0.03272218815982342,0.8017789721488953,0.018772583454847336,0.04734848067164421,0.06700267642736435,0.06509704142808914,49.647933669388294,,,
m5b_smooth0,34,0.11596258357167244,0.7437973022460938,0.02242625132203102,0.054902516305446625,0.09365112334489822,0.0852218046784401,46.663635063916445,,,
m5b_smooth0,35,0.04722854308784008,0.7216411232948303,0.023117059841752052,0.05344495177268982,0.10043101012706757,0.10136590898036957,45.60405910946429,,,
m5b_smooth0,36,0.05832805670797825,0.7430749535560608,0.020109262317419052,0.042028751224279404,0.08569065481424332,0.10909578204154968,46.8578682616353,,,
m5b_smooth0,37,0.019861096516251564,0.7530065178871155,0.018989471718668938,0.037121035158634186,0.08530956506729126,0.1055748462677002,47.38595845364034,,,
m5b_smooth0,38,0.0976127739995718,0.8018118739128113,0.01840123161673546,0.03204258158802986,0.0689086839556694,0.07883500307798386,49.80929224193096,,,
m5b_smooth0,39,0.09934642352163792,0.8514847755432129,0.017326949164271355,0.02607433870434761,0.04728073999285698,0.05783195048570633,52.325248984619975,,,
m5b_smooth0,40,0.08296658284962177,0.8100022077560425,0.022410281002521515,0.038169827312231064,0.056504327803850174,0.07291355729103088,50.15337232500315,,,
m5b_smooth0,41,0.04009907506406307,0.8300515413284302,0.020450865849852562,0.033493079245090485,0.04713030532002449,0.06887400150299072,51.218170741572976,,,
m5b_smooth0,42,0.024684246629476547,0.8423938155174255,0.01961115561425686,0.02694304659962654,0.044502031058073044,0.06655004620552063,51.88728409074247,,,
m5b_smooth0,43,0.057806190103292465,0.813490629196167,0.022568827494978905,0.027964822947978973,0.056045714765787125,0.07992991805076599,50.42723990418017,,,
m5b_smooth0,44,0.1465229745954275,0.7402289509773254,0.028097759932279587,0.039985861629247665,0.07858671993017197,0.11310023814439774,46.69530277699232,,,
m5b_smooth0,45,0.027774829417467117,0.7326685190200806,0.02896934002637863,0.0494069866836071,0.07225962728261948,0.11669483780860901,46.276846561580896,,,
m5b_smooth0,46,0.21990758553147316,0.8426228165626526,0.017172718420624733,0.026930147781968117,0.04693998768925667,0.06633464992046356,51.91259716823697,,,
m5b_smooth0,47,0.03376352321356535,0.8569634556770325,0.015447611920535564,0.021282291039824486,0.04948035255074501,0.05682509392499924,52.63901560846716,,,
m5b_smooth0,48,0.15533534158021212,0.7792961597442627,0.025073768571019173,0.03290095180273056,0.08128734678030014,0.08144132792949677,48.59073622711003,,,
m5b_smooth0,49,0.02832168899476528,0.7868380546569824,0.02669241651892662,0.037234704941511154,0.06712663173675537,0.08210800588130951,48.968078315258026,,,
m5b_smooth0,50,0.1571798324584961,0.8654283285140991,0.01695767417550087,0.027050897479057312,0.03269543871283531,0.05786819010972977,53.062832809984684,,,
m5b_smooth0,51,0.007144205272197723,0.864809513092041,0.016566095873713493,0.029971769079566002,0.030133813619613647,0.058519504964351654,53.02526195347309,,,
m5b_smooth0,52,0.10917151346802711,0.8102229833602905,0.020832903683185577,0.03527945652604103,0.04884028807282448,0.08482351899147034,50.269461557269096,,,
m5b_smooth0,53,0.1910888645797968,0.7146793603897095,0.0242858175188303,0.04251684248447418,0.08723439276218414,0.13128435611724854,45.48121970333159,,,
m5b_smooth0,54,0.16646931506693363,0.6314442157745361,0.028371810913085938,0.060214120894670486,0.12649141252040863,0.1534782350063324,41.12980229780078,,,
m5b_smooth0,55,0.5215769801288843,0.8922330141067505,0.012786772102117538,0.021698985248804092,0.028731735423207283,0.04454990476369858,54.43668538890779,,,
m5b_smooth0,56,0.10275739338248968,0.9436116814613342,0.009638677351176739,0.013346711173653603,0.011580891907215118,0.02182239107787609,57.05295941699296,,,
m5b_smooth0,57,0.031303453259170055,0.9279597401618958,0.01383695937693119,0.01834598369896412,0.013574475422501564,0.026282764971256256,56.20943935774267,,,
m5b_smooth0,58,0.14536407217383385,0.8552771806716919,0.024184847250580788,0.03830241039395332,0.032462023198604584,0.049772415310144424,52.37977089546621,,,
m5b_smooth0,59,0.11411309987306595,0.7992405891418457,0.023165090009570122,0.04545558616518974,0.06551902741193771,0.06661898642778397,49.50526619888842,,,
m5b_smooth0,60,0.04111960902810097,0.8112510442733765,0.0169302336871624,0.031131120398640633,0.07332117110490799,0.06736667454242706,50.24176789261401,,,
m5b_smooth0,61,0.08956881426274776,0.8560356497764587,0.014865865930914879,0.021844612434506416,0.048159100115299225,0.059095412492752075,52.60698816552758,,,
m5b_smooth0,62,0.035154739394783974,0.8712590336799622,0.017219794914126396,0.02156621590256691,0.03206345811486244,0.057892024517059326,53.392393013462424,,,
m5b_smooth0,63,0.04068968445062637,0.850914478302002,0.022217880934476852,0.029857857152819633,0.032111357897520065,0.06489952653646469,52.3000330273062,,,
m5b_smooth0,64,0.025999806821346283,0.8635716438293457,0.017934564501047134,0.030200233682990074,0.03166501596570015,0.05662892013788223,52.93729388900101,,,
m5b_smooth0,65,0.04139850102365017,0.8438530564308167,0.01695367693901062,0.03340704366564751,0.04557367414236069,0.060212478041648865,51.91034860536456,,,
m5b_smooth0,66,0.07283714041113853,0.8074345588684082,0.019566059112548828,0.04219537600874901,0.06844990700483322,0.06235417351126671,49.944333497434855,,,
m5b_smooth0,67,0.05023025907576084,0.8317292332649231,0.02038612775504589,0.0321950763463974,0.06285565346479416,0.05283321067690849,51.2003798764199,,,
m5b_smooth0,68,0.044077448546886444,0.8134350776672363,0.02333677001297474,0.03108600154519081,0.06022060289978981,0.07192173600196838,50.35114795900881,,,
m5b_smooth0,69,0.17857054434716702,0.7241498827934265,0.027548186480998993,0.040305934846401215,0.07306896150112152,0.13492737710475922,45.99792496860027,,,
m5b_smooth0,70,0.07856245152652264,0.7634311318397522,0.020821621641516685,0.038529690355062485,0.053348273038864136,0.12386967241764069,48.049891928210855,,,
m5b_smooth0,71,0.08952874690294266,0.798048198223114,0.022525524720549583,0.046972744166851044,0.05083710327744484,0.0816161185503006,49.544821033254266,,,
m5b_smooth0,72,0.037059102207422256,0.8119819164276123,0.02110247127711773,0.041746217757463455,0.05543268844485283,0.06973589956760406,50.22958752326667,,,
m5b_smooth0,73,0.05398036539554596,0.8298513293266296,0.015959622338414192,0.026339683681726456,0.06455384939908981,0.06329549103975296,51.22407225333154,,,
m5b_smooth0,74,0.09939506836235523,0.879549503326416,0.011571183800697327,0.01664811000227928,0.04856208711862564,0.04367037117481232,53.78580551967025,,,
m5b_smooth0,75,0.03177029453217983,0.8656629323959351,0.01415632851421833,0.022819556295871735,0.04656299948692322,0.05079841613769531,53.059509763494134,,,
m5b_smooth0,76,0.2191728837788105,0.7560763955116272,0.027886228635907173,0.04447871074080467,0.07064712792634964,0.10091158002614975,47.4331981074065,,,
m5b_smooth0,77,0.07736103981733322,0.7243338227272034,0.027935082092881203,0.05926068499684334,0.06370898336172104,0.12476107478141785,45.85836443118751,,,
m5b_smooth0,78,0.1455688327550888,0.7971179485321045,0.017453724518418312,0.03995784372091293,0.04174812510609627,0.10372142493724823,49.708740992471576,,,
m5b_smooth0,79,0.17422243487089872,0.8842294812202454,0.011071602813899517,0.02084409072995186,0.028145447373390198,0.055709075182676315,54.10431793238968,,,
m5b_smooth0,80,0.025963704101741314,0.8800090551376343,0.01509789563715458,0.02330351248383522,0.03464169055223465,0.04694775491952896,53.785312144085765,,,
m5b_smooth0,81,0.0767656285315752,0.8416271805763245,0.02248942106962204,0.035970643162727356,0.04733063653111458,0.052583906799554825,51.69552133604884,,,
m5b_smooth0,82,0.09785679541528225,0.7926979064941406,0.02432955615222454,0.04868172109127045,0.061286911368370056,0.07300394028425217,49.183312652632594,,,
m5b_smooth0,83,0.1063912445679307,0.8458937406539917,0.014908975921571255,0.02461889199912548,0.04442894458770752,0.07014990597963333,52.13549138698727,,,
m5b_smooth0,84,0.07507606502622366,0.8834314942359924,0.010383213870227337,0.013473483733832836,0.033325426280498505,0.05938628315925598,54.121379267424345,,,
m5b_smooth0,85,0.06425097025930882,0.8513056039810181,0.014281174167990685,0.01872927136719227,0.044731833040714264,0.07095120847225189,52.45524497702718,,,
m5b_smooth0,86,0.05526544526219368,0.8257139325141907,0.02206118032336235,0.031587403267621994,0.05172696337103844,0.06891070306301117,50.986497927457094,,,
m5b_smooth0,87,0.042100364342331886,0.8205965757369995,0.02582857944071293,0.04887009784579277,0.04760526120662689,0.057099491357803345,50.5408631246537,,,
m5b_smooth0,88,0.03840593993663788,0.8397998809814453,0.020359670743346214,0.043801065534353256,0.04281226545572281,0.05322779342532158,51.58463069237769,,,
m5b_smooth0,89,0.05931002460420132,0.8694548606872559,0.016799340024590492,0.028687233105301857,0.036382369697093964,0.048676807433366776,53.20630457252264,,,
m5b_smooth0,90,0.07394706271588802,0.9064283967018127,0.013756932690739632,0.01784842647612095,0.02641512267291546,0.03555174171924591,55.13563625700772,,,
m5b_smooth0,91,0.014437668025493622,0.8992095589637756,0.015333693474531174,0.019588496536016464,0.028683600947260857,0.03718526288866997,54.748051607981324,,,
m5b_smooth0,92,0.09932317025959492,0.8495481610298157,0.020834844559431076,0.03288909047842026,0.04419688880443573,0.052532002329826355,52.13721803203225,,,
m5b_smooth0,93,0.08425475656986237,0.8074766397476196,0.020777851343154907,0.039559151977300644,0.0625021681189537,0.06968290358781815,50.001129519194365,,,
m5b_smooth0,94,0.04898722097277641,0.7971624135971069,0.016225945204496384,0.02993236854672432,0.07394919544458389,0.08273018151521683,49.61163477599621,,,
m5b_smooth0,95,0.1325895767658949,0.8634568452835083,0.013557152822613716,0.020786751061677933,0.043313369154930115,0.05888527259230614,53.01091552339494,,,
m5b_smooth0,96,0.04011300764977932,0.8447881937026978,0.018749713897705078,0.02928655967116356,0.04192553833127022,0.06524942815303802,52.000871777534485,,,
m5b_smooth0,97,0.10735985822975636,0.791108250617981,0.02568848617374897,0.047036752104759216,0.052827998995780945,0.08333791792392731,49.16982062347233,,,
m5b_smooth0,98,0.08866746723651886,0.7467744946479797,0.028003433719277382,0.0526319220662117,0.06779804825782776,0.10479146242141724,46.93403569050133,,,
m5b_smooth0,99,0.15505288913846016,0.8243014216423035,0.016871405765414238,0.03450732305645943,0.0508420504629612,0.07347812503576279,50.96306677721441,,,
m5b_smooth0,100,0.1315682316198945,0.8900853395462036,0.00994547177106142,0.022518757730722427,0.03462229669094086,0.042828064411878586,54.32457109633833,,,
m5b_smooth0,101,0.006935073994100094,0.8908230066299438,0.011525612324476242,0.023231204599142075,0.03505982086062431,0.03936076909303665,54.32706913724542,,,
m5b_smooth0,102,0.14595870301127434,0.8178434371948242,0.02354220300912857,0.036913368850946426,0.05878787115216255,0.06291309744119644,50.49718700349331,,,
m5b_smooth0,103,0.01846684329211712,0.818198025226593,0.026954131200909615,0.03476937487721443,0.0516987219452858,0.06838028132915497,50.542358761653304,,,
m5b_smooth0,104,0.14403747767210007,0.8902164101600647,0.015689153224229813,0.01933620683848858,0.03000229224562645,0.04475576430559158,54.323279129341245,,,
m5b_smooth0,105,0.040710607543587685,0.8703466653823853,0.015203375369310379,0.022832397371530533,0.03604704141616821,0.055569909512996674,53.33480851352215,,,
m5b_smooth0,106,0.028400328010320663,0.8579689264297485,0.013381917029619217,0.027202390134334564,0.03926171362400055,0.06218637526035309,52.71856592223048,,,
m5b_smooth0,107,0.024932402186095715,0.8455026745796204,0.013854186050593853,0.0319770947098732,0.042541589587926865,0.06612567603588104,52.06349653657526,,,
m5b_smooth0,108,0.18051087204366922,0.7552469372749329,0.023576728999614716,0.05609065294265747,0.07259486615657806,0.09249143302440643,47.309709049761295,,,
m5b_smooth0,109,0.028061481192708015,0.7491686940193176,0.023670857772231102,0.04813764616847038,0.08207554370164871,0.09694685786962509,47.04999025352299,,,
m5b_smooth0,110,0.24469805229455233,0.8715176582336426,0.012653431855142117,0.019255833700299263,0.03852500021457672,0.05804755166172981,53.44382115174085,,,
m5b_smooth0,111,0.07008814811706543,0.9065613746643066,0.01036310289055109,0.015024356544017792,0.024883687496185303,0.04316623881459236,55.22763180825859,,,
m5b_smooth0,112,0.05748540721833706,0.8778194189071655,0.015608183108270168,0.02833103947341442,0.0310580562800169,0.047183558344841,53.64774264674634,,,
m5b_smooth0,113,0.08273983653634787,0.8364494442939758,0.021287450566887856,0.040973421186208725,0.044113922864198685,0.057175904512405396,51.44043449498713,,,
m5b_smooth0,114,0.022365417331457138,0.8467892408370972,0.022120648995041847,0.03170650824904442,0.044124141335487366,0.055260613560676575,52.00711220316589,,,
m5b_smooth0,115,0.043016217648983,0.8252806067466736,0.02458585612475872,0.03958240896463394,0.04907258599996567,0.061478644609451294,50.86437861435115,,,
m5b_smooth0,116,0.03755003586411476,0.8434599041938782,0.01747032068669796,0.03586803004145622,0.041127678006887436,0.062074560672044754,51.889606257900596,,,
m5b_smooth0,117,0.03319958411157131,0.8283692002296448,0.019197437912225723,0.03435845673084259,0.046335820108652115,0.07173860818147659,51.15311607718468,,,
m5b_smooth0,118,0.018448712304234505,0.8363904356956482,0.02026415430009365,0.033942293375730515,0.046472832560539246,0.06293102353811264,51.51186133362353,,,
m5b_smooth0,119,0.0892789913341403,0.8810297846794128,0.01524366531521082,0.027598919346928596,0.03730195015668869,0.03882612660527229,53.7645069276914,,,
m5b_smooth0.001,4,,0.20000606775283813,0.20000606775283813,0.20000606775283813,0.20000606775283813,0.20000606775283813,17.00051575899124,,,
m5b_smooth0.001,5,0.4231613352894783,0.270528107881546,0.04557592421770096,0.14284099638462067,0.270528107881546,0.270528107881546,22.38687565177679,,,
m5b_smooth0.001,6,0.20845428481698036,0.30527016520500183,0.017407145351171494,0.0667816624045372,0.30527016520500183,0.30527016520500183,24.94463551416993,,,
m5b_smooth0.001,7,0.0031594038009643555,0.30579689145088196,0.016618113964796066,0.06599146872758865,0.30579689145088196,0.30579689145088196,24.984140727669,,,
m5b_smooth0.001,8,0.009451143443584442,0.30422165989875793,0.01903955265879631,0.06829547882080078,0.30422165989875793,0.30422165989875793,24.86588044092059,,,
m5b_smooth0.001,9,0.007046030834317207,0.3052552342414856,0.020495502278208733,0.06507948040962219,0.30391472578048706,0.3052552342414856,24.93202435784042,,,
m5b_smooth0.001,10,0.03688284941017628,0.30470675230026245,0.02542254328727722,0.07859376072883606,0.28657016158103943,0.30470675230026245,24.815494626760483,,,
m5b_smooth0.001,11,0.1453131102025509,0.3389575183391571,0.029577583074569702,0.06119658425450325,0.23131082952022552,0.3389575481414795,26.915199916809797,,,
m5b_smooth0.001,12,0.2946590632200241,0.41262224316596985,0.02241739071905613,0.02649981714785099,0.12583814561367035,0.41262224316596985,31.51682985574007,,,
m5b_smooth0.001,13,0.09504316747188568,0.43638312816619873,0.021461131051182747,0.021891536191105843,0.08388134837150574,0.4363831877708435,32.96665749698877,,,
m5b_smooth0.001,14,0.037067657336592674,0.42711612582206726,0.024352608248591423,0.03429698571562767,0.08711804449558258,0.42711615562438965,32.34366360493004,,,
m5b_smooth0.001,15,0.07345642894506454,0.40875187516212463,0.02652364782989025,0.0592508427798748,0.09672104567289352,0.40875187516212463,31.128962257876992,,,
m5b_smooth0.001,16,0.15303896740078926,0.48527151346206665,0.02572285197675228,0.055982284247875214,0.08004063367843628,0.3529823124408722,34.81199732236564,,,
m5b_smooth0.001,17,0.20023992285132408,0.5847311019897461,0.026383141055703163,0.04695060849189758,0.07652078568935394,0.2654137909412384,39.50253965891898,,,
m5b_smooth0.001,18,0.06399680487811565,0.6074097752571106,0.025425873696804047,0.03846215829253197,0.08584073930978775,0.2428613305091858,40.58634266629815,,,
m5b_smooth0.001,19,0.04659831523895264,0.6292810440063477,0.02406742051243782,0.03324078768491745,0.08726902306079865,0.22614239156246185,41.657529067248106,,,
m5b_smooth0.001,20,0.05642057955265045,0.6574907898902893,0.0230141319334507,0.030813224613666534,0.08717948198318481,0.20150195062160492,42.99618488177657,,,
m5b_smooth0.001,21,0.02045726589858532,0.6542885899543762,0.02566983364522457,0.037164557725191116,0.088401660323143,0.19447609782218933,42.73595589585602,,,
m5b_smooth0.001,22,0.1252704355865717,0.7124251127243042,0.026340115815401077,0.040992580354213715,0.06780394166707993,0.1524382084608078,45.50358713045716,,,
m5b_smooth0.001,23,0.06792948208749294,0.7424100637435913,0.023804044350981712,0.0449722483754158,0.060356199741363525,0.12845715880393982,46.92421823553741,,,
m5b_smooth0.001,24,0.023031022399663925,0.7341898679733276,0.022933484986424446,0.04646831750869751,0.07037587463855743,0.12603263556957245,46.47081853635609,,,
m5b_smooth0.001,25,0.06525773368775845,0.7015609741210938,0.02501554787158966,0.05368515104055405,0.08738814294338226,0.13235031068325043,44.74435079842806,,,
m5b_smooth0.001,26,0.13786471262574196,0.770493745803833,0.020337659865617752,0.04016437008976936,0.06182067468762398,0.1071845069527626,48.30378333851695,,,
m5b_smooth0.001,27,0.12015948630869389,0.8305731415748596,0.016302358359098434,0.025438698008656502,0.041798193007707596,0.08588787168264389,51.42202450148761,,,
m5b_smooth0.001,28,0.03809749148786068,0.8115243315696716,0.019304506480693817,0.02716047689318657,0.04742139205336571,0.09458942711353302,50.448447555303574,,,
m5b_smooth0.001,29,0.01946571283042431,0.8170024156570435,0.019266905263066292,0.030060213059186935,0.04877648875117302,0.08489423245191574,50.659547159448266,,,
m5b_smooth0.001,30,0.07387947104871273,0.7800629734992981,0.021233417093753815,0.039429694414138794,0.06306301802396774,0.096211738884449,48.731706380844116,,,
m5b_smooth0.001,31,0.04597761854529381,0.7998984456062317,0.018822114914655685,0.04258299618959427,0.059226877987384796,0.07947033643722534,49.66765069589019,,,
m5b_smooth0.001,32,0.02272285521030426,0.8039477467536926,0.01950165256857872,0.0484272800385952,0.060014743357896805,0.068108469247818,49.77527007088065,,,
m5b_smooth0.001,33,0.0382708515971899,0.7848120331764221,0.021756937727332115,0.0498960055410862,0.07039762288331985,0.07313671708106995,48.776864344254136,,,
m5b_smooth0.001,34,0.09369443729519844,0.7379648685455322,0.02294221706688404,0.055859897285699844,0.09368784725666046,0.08954459428787231,46.37785327248275,,,
m5b_smooth0.001,35,0.032920753583312035,0.7538802623748779,0.020272832363843918,0.04832706227898598,0.0874294713139534,0.0900893583893776,47.27132707834244,,,
m5b_smooth0.001,36,0.025724036619067192,0.7462565898895264,0.019897649064660072,0.04444032162427902,0.08645321428775787,0.1029515415430069,46.97510808892548,,,
m5b_smooth0.001,37,0.01425931416451931,0.7401970028877258,0.02070886641740799,0.04337054491043091,0.09255772083997726,0.10316576808691025,46.654865473508835,,,
m5b_smooth0.001,38,0.05128093250095844,0.7657647132873535,0.020781030878424644,0.03742328658699989,0.08201313018798828,0.09401655942201614,47.96925743110478,,,
m5b_smooth0.001,39,0.1394827626645565,0.8355066776275635,0.0174851194024086,0.025205349549651146,0.051211632788181305,0.07059110701084137,51.57025875337422,,,
m5b_smooth0.001,40,0.07847597263753414,0.7962691783905029,0.021461188793182373,0.03534207120537758,0.058957986533641815,0.08797043561935425,49.54793011024594,,,
m5b_smooth0.001,41,0.06018303707242012,0.826360821723938,0.019810199737548828,0.03212352842092514,0.047162577509880066,0.07454398274421692,51.0715838894248,,,
m5b_smooth0.001,42,0.02282749116420746,0.8372368812561035,0.02034706063568592,0.028685903176665306,0.04537146911025047,0.06835814565420151,51.61523196846247,,,
m5b_smooth0.001,43,0.06239232420921326,0.806040346622467,0.023651493713259697,0.03103840909898281,0.058163680136203766,0.08110478520393372,50.02180027216673,,,
m5b_smooth0.001,44,0.09162219986319542,0.7602298855781555,0.026166219264268875,0.03960789367556572,0.07297728955745697,0.10101870447397232,47.68388592451811,,,
m5b_smooth0.001,45,0.03453256003558636,0.7736178636550903,0.025591300800442696,0.04348599910736084,0.06301158666610718,0.09429284930229187,48.33430211432278,,,
m5b_smooth0.001,46,0.08444872498512268,0.8158422708511353,0.019922444596886635,0.029810048639774323,0.05688502639532089,0.07753989845514297,50.54364260472357,,,
m5b_smooth0.001,47,0.05558141507208347,0.7900341153144836,0.020463792607188225,0.02782701887190342,0.07204306870698929,0.08963073790073395,49.26512357965112,,,
m5b_smooth0.001,48,0.04523543454706669,0.7674170136451721,0.02544083632528782,0.03363388776779175,0.07986556738615036,0.09364265948534012,48.041419522836804,,,
m5b_smooth0.001,49,0.09071810357272625,0.812775731086731,0.02306079864501953,0.03246403858065605,0.05589228868484497,0.07580643892288208,50.33953294530511,,,
m5b_smooth0.001,50,0.06616765446960926,0.8458600044250488,0.018403248861432076,0.030169222503900528,0.03832731023430824,0.0672404021024704,52.07016798295081,,,
m5b_smooth0.001,51,0.026280760765075684,0.8327195644378662,0.019746718928217888,0.03608497977256775,0.04079108312726021,0.07065772265195847,51.365921223536134,,,
m5b_smooth0.001,52,0.026111051440238953,0.8259093165397644,0.01952485181391239,0.030061248689889908,0.0511145181953907,0.07338949292898178,51.049522118642926,,,
m5b_smooth0.001,53,0.09672018513083458,0.7775495052337646,0.020738964900374413,0.03348556160926819,0.07460292428731918,0.09362303465604782,48.60710891894996,,,
m5b_smooth0.001,54,0.14663462340831757,0.704231858253479,0.0269173514097929,0.05683145672082901,0.10341330617666245,0.10860534757375717,44.69569122605026,,,
m5b_smooth0.001,55,0.380897069349885,0.8946806788444519,0.013540897518396378,0.02336619235575199,0.02849516086280346,0.03991696238517761,54.52278380468488,,,
m5b_smooth0.001,56,0.045275705866515636,0.9173182845115662,0.013213836587965488,0.019318778067827225,0.01766996830701828,0.03247852995991707,55.688656439073384,,,
m5b_smooth0.001,57,0.05889963638037443,0.8878684043884277,0.018464041873812675,0.025165600702166557,0.023678425699472427,0.044822800904512405,54.15933329984546,,,
m5b_smooth0.001,58,0.10551276244223118,0.8351128101348877,0.02272559143602848,0.03631165996193886,0.04448610544204712,0.06136468052864075,51.40893744491041,,,
m5b_smooth0.001,59,0.03661229461431503,0.8398452401161194,0.017230620607733727,0.03238440304994583,0.05805974826216698,0.05248068645596504,51.646246084943414,,,
m5b_smooth0.001,60,0.008587216958403587,0.8378952741622925,0.01664792187511921,0.03062351979315281,0.05965879186987877,0.055175311863422394,51.57230084016919,,,
m5b_smooth0.001,61,0.025484146550297737,0.836266040802002,0.01986399106681347,0.0313599556684494,0.048545751720666885,0.06396467983722687,51.52523208595812,,,
m5b_smooth0.001,62,0.03420065715909004,0.8517507910728455,0.02058715932071209,0.027508176863193512,0.03529618680477142,0.06485607475042343,52.36321750842035,,,
m5b_smooth0.001,63,0.0043007731437683105,0.8501037359237671,0.020084239542484283,0.028417108580470085,0.03630660101771355,0.06508752703666687,52.27693130634725,,,
m5b_smooth0.001,64,0.025977052748203278,0.8620801568031311,0.015625182539224625,0.026837779209017754,0.0373188816010952,0.05813756212592125,52.89610596932471,,,
m5b_smooth0.001,65,0.07102755457162857,0.8265663981437683,0.01772543229162693,0.034254174679517746,0.05463864281773567,0.06681495159864426,51.03235166706145,,,
m5b_smooth0.001,66,0.03671461343765259,0.8178830742835999,0.02083216793835163,0.04131908714771271,0.06282459199428558,0.0571412593126297,50.457523660734296,,,
m5b_smooth0.001,67,0.053128691390156746,0.8436713218688965,0.021607890725135803,0.03189252316951752,0.053141847252845764,0.049685847014188766,51.80515956133604,,,
m5b_smooth0.001,68,0.07813938893377781,0.8046020269393921,0.02424745447933674,0.03497827798128128,0.05818470939993858,0.07798776030540466,49.90442551486194,,,
m5b_smooth0.001,69,0.12262854725122452,0.7432878613471985,0.024356244131922722,0.04024922102689743,0.06735768914222717,0.12474942952394485,46.96037142537534,,,
m5b_smooth0.001,70,0.09772774949669838,0.792151689529419,0.018501317128539085,0.03515448421239853,0.049871694296598434,0.10432116687297821,49.462664337828755,,,
m5b_smooth0.001,71,0.0769953690469265,0.7586957216262817,0.026569178327918053,0.0525331124663353,0.06292251497507095,0.09927907586097717,47.536276480183005,,,
m5b_smooth0.001,72,0.0644189901649952,0.7909052968025208,0.0215619970113039,0.03663554787635803,0.05958089232444763,0.09131602942943573,49.28127710707486,,,
m5b_smooth0.001,73,0.04401691537350416,0.8063395023345947,0.014573204331099987,0.02330753579735756,0.06615538150072098,0.08962461352348328,50.18269821163267,,,
m5b_smooth0.001,74,0.1326700421050191,0.8726744055747986,0.010798770934343338,0.01759106107056141,0.04760218784213066,0.05133357644081116,53.47592167370021,,,
m5b_smooth0.001,75,0.037541880272328854,0.85390305519104,0.015032392926514149,0.029509801417589188,0.048355162143707275,0.05319876968860626,52.42101401928812,,,
m5b_smooth0.001,76,0.18146870378404856,0.7631688714027405,0.029559867456555367,0.0476822555065155,0.07055343687534332,0.08903508633375168,47.70310418494046,,,
m5b_smooth0.001,77,0.032410940155386925,0.7710978984832764,0.026053115725517273,0.04736458510160446,0.058172646909952164,0.09731178730726242,48.20359433069825,,,
m5b_smooth0.001,78,0.056661445647478104,0.7956603169441223,0.017957039177417755,0.03936136141419411,0.04594090208411217,0.10107976943254471,49.61236322671175,,,
m5b_smooth0.001,79,0.116260826587677,0.8537907004356384,0.012921635061502457,0.026584681123495102,0.03642056882381439,0.0702817440032959,52.55900610238314,,,
m5b_smooth0.001,80,0.047365136444568634,0.8301082253456116,0.018747471272945404,0.03338140994310379,0.04619845747947693,0.0715639516711235,51.25066974759102,,,
m5b_smooth0.001,81,0.034182844683527946,0.843071699142456,0.020974965766072273,0.035281792283058167,0.042086996138095856,0.05858391895890236,51.825906129553914,,,
m5b_smooth0.001,82,0.03294465318322182,0.8269879817962646,0.02058655582368374,0.03925720229744911,0.04603826254606247,0.06712976843118668,51.01972166635096,,,
m5b_smooth0.001,83,0.04580492153763771,0.8498903512954712,0.01575435698032379,0.025185691192746162,0.042309973388910294,0.06685921549797058,52.316931338980794,,,
m5b_smooth0.001,84,0.01910133007913828,0.8527892231941223,0.013367976061999798,0.018021738156676292,0.04539913311600685,0.07042217999696732,52.53849103394896,,,
m5b_smooth0.001,85,0.05737403128296137,0.8241026401519775,0.016311336308717728,0.023750117048621178,0.058749597519636154,0.07708742469549179,51.02419122494757,,,
m5b_smooth0.001,86,0.0629742443561554,0.847671389579773,0.019142156466841698,0.02883722260594368,0.04655953124165535,0.05778992176055908,52.100912822410464,,,
m5b_smooth0.001,87,0.03983204625546932,0.8320071697235107,0.023826777935028076,0.0440678671002388,0.043458644300699234,0.05663824826478958,51.17360654845834,,,
m5b_smooth0.001,88,0.013932235538959503,0.8378865718841553,0.021165277808904648,0.040670543909072876,0.04255237430334091,0.05772598832845688,51.52240167930722,,,
m5b_smooth0.001,89,0.040621524676680565,0.8581968545913696,0.01916143298149109,0.028966115787625313,0.040103040635585785,0.05357235297560692,52.62860528193414,,,
m5b_smooth0.001,90,0.06255443952977657,0.889474630355835,0.015949901193380356,0.020637698471546173,0.03176427260041237,0.042174406349658966,54.25913241505623,,,
m5b_smooth0.001,91,0.021372893825173378,0.8787875175476074,0.0164957158267498,0.024256328120827675,0.03465975821018219,0.045800257474184036,53.70033766515553,,,
m5b_smooth0.001,92,0.06573224812746048,0.8459215760231018,0.01912929303944111,0.034748625010252,0.045113127678632736,0.05508732050657272,51.96568411029875,,,
m5b_smooth0.001,93,0.026531314477324486,0.8352251052856445,0.018119312822818756,0.03318959102034569,0.05356152355670929,0.05990475416183472,51.44479162618518,,,
m5b_smooth0.001,94,0.02191808819770813,0.833529531955719,0.016221962869167328,0.025822721421718597,0.060372624546289444,0.06405194848775864,51.42479769513011,,,
m5b_smooth0.001,95,0.025535771623253822,0.8448187112808228,0.017504677176475525,0.026019612327218056,0.049345072358846664,0.06231251358985901,52.00247688777745,,,
m5b_smooth0.001,96,0.07042264007031918,0.8096066117286682,0.02193409949541092,0.03884771838784218,0.0544591099023819,0.0751514881849289,50.14820856228471,,,
m5b_smooth0.001,97,0.024861974641680717,0.8214255571365356,0.02013995684683323,0.039459921419620514,0.04961514100432396,0.06935877352952957,50.742381965741515,,,
m5b_smooth0.001,98,0.03749080002307892,0.8026807308197021,0.022341297939419746,0.040508389472961426,0.05516813322901726,0.07930194586515427,49.80111449025571,,,
m5b_smooth0.001,99,0.02545272931456566,0.8154066801071167,0.020037377253174782,0.03948509320616722,0.050297509878873825,0.07477300614118576,50.461798118427396,,,
m5b_smooth0.001,100,0.04916371125727892,0.839988112449646,0.014285639859735966,0.033027283847332,0.04636063054203987,0.06633715331554413,51.76589879859239,,,
m5b_smooth0.001,101,0.011048809625208378,0.8443955183029175,0.014186181128025055,0.027603134512901306,0.04735075309872627,0.06646482646465302,52.022689525038004,,,
m5b_smooth0.001,102,0.0851439144462347,0.8018233776092529,0.02213682048022747,0.03136974200606346,0.06359880417585373,0.08107130229473114,49.805838564410806,,,
m5b_smooth0.001,103,0.0717080757021904,0.8365666270256042,0.023248041048645973,0.02928401157259941,0.04690578207373619,0.06399644911289215,51.52938845939934,,,
m5b_smooth0.001,104,0.10736583545804024,0.8902488350868225,0.016421200707554817,0.02245236746966839,0.029948262497782707,0.04092882573604584,54.28134980611503,,,
m5b_smooth0.001,105,0.09344253689050674,0.843527615070343,0.019135287031531334,0.03373483940958977,0.04395587742328644,0.05964596942067146,51.87473142333329,,,
m5b_smooth0.001,106,0.06383073423057795,0.8754432797431946,0.012196297757327557,0.024469805881381035,0.03576311841607094,0.05212768167257309,53.592331872321665,,,
m5b_smooth0.001,107,0.021299391053617,0.8650683760643005,0.011921731755137444,0.02478114888072014,0.03840252384543419,0.05982685461640358,53.09676137380302,,,
m5b_smooth0.001,108,0.20647263899445534,0.7618321776390076,0.02318478189408779,0.05138568580150604,0.07209373265504837,0.09150449931621552,47.672991616651416,,,
m5b_smooth0.001,109,0.05047108978033066,0.7870673537254333,0.0222634207457304,0.04349778592586517,0.06893584877252579,0.07823573052883148,48.95464917086065,,,
m5b_smooth0.001,110,0.17305270954966545,0.8735935091972351,0.012916836887598038,0.020327722653746605,0.0370170958340168,0.05614457651972771,53.53465429879725,,,
m5b_smooth0.001,111,0.01692335307598114,0.8677181005477905,0.013031013309955597,0.02148081175982952,0.034430842846632004,0.063339002430439,53.268321415409446,,,
m5b_smooth0.001,112,0.0544056948274374,0.8438588976860046,0.017671015113592148,0.037553153932094574,0.040921375155448914,0.059995386749506,51.88824937865138,,,
m5b_smooth0.001,113,0.03889968991279602,0.8632540702819824,0.017725467681884766,0.032625772058963776,0.04037021845579147,0.046023860573768616,52.83777257800102,,,
m5b_smooth0.001,114,0.017076460644602776,0.8588132262229919,0.02091214619576931,0.028528936207294464,0.042674265801906586,0.049071915447711945,52.62101920507848,,,
m5b_smooth0.001,115,0.08160687610507011,0.8180088996887207,0.026761801913380623,0.04535626620054245,0.049300044775009155,0.06057170033454895,50.436468699947,,,
m5b_smooth0.001,116,0.05283506028354168,0.8444271087646484,0.017654798924922943,0.03760567680001259,0.040041159838438034,0.06027132645249367,51.920185044407845,,,
m5b_smooth0.001,117,0.04789213836193085,0.8244426846504211,0.019360575824975967,0.0336439348757267,0.050180207937955856,0.07237247377634048,50.95132954791188,,,
m5b_smooth0.001,118,0.04947991296648979,0.8491836786270142,0.019071709364652634,0.030154522508382797,0.04493661969900131,0.05665542185306549,52.16828823834658,,,
m5b_smooth0.001,119,0.043575089424848557,0.8709701299667358,0.015876099467277527,0.029654312878847122,0.039945319294929504,0.043553903698921204,53.25241872295737,,,
m5b_smooth0.01,4,,0.20000606775283813,0.20000606775283813,0.20000606775283813,0.20000606775283813,0.20000606775283813,17.00051575899124,,,
m5b_smooth0.01,5,0.3472997508943081,0.25788432359695435,0.05203453078866005,0.17431262135505676,0.25788432359695435,0.25788432359695435,21.463602606207132,,,
m5b_smooth0.01,6,0.17458870448172092,0.28698238730430603,0.023888232186436653,0.11516440659761429,0.28698238730430603,0.28698238730430603,23.614954823628068,,,
m5b_smooth0.01,7,0.004567733034491539,0.28714555501937866,0.021604042500257492,0.11695844680070877,0.28714555501937866,0.28714555501937866,23.631269339472055,,,
m5b_smooth0.01,8,0.0031115785241127014,0.28742578625679016,0.022319350391626358,0.11540284007787704,0.28742578625679016,0.2874257564544678,23.650016140192747,,,
m5b_smooth0.01,9,0.053950002416968346,0.28170037269592285,0.022559257224202156,0.09987881779670715,0.3141610622406006,0.28170037269592285,23.36715072579682,,,
m5b_smooth0.01,10,0.05391812138259411,0.2711324393749237,0.024612829089164734,0.09405620396137238,0.33906713128089905,0.2711324393749237,22.74405187368393,,,
m5b_smooth0.01,11,0.10811957158148289,0.2980607748031616,0.024815121665596962,0.07976756989955902,0.2992951571941376,0.2980607748031616,24.415681267157197,,,
m5b_smooth0.01,12,0.0757704246789217,0.3170032203197479,0.024686291813850403,0.06670396775007248,0.2746020257472992,0.31700319051742554,25.605250261723995,,,
m5b_smooth0.01,13,0.050994569435715675,0.32827499508857727,0.027640173211693764,0.06259291619062424,0.2532159686088562,0.32827499508857727,26.280280338600278,,,
m5b_smooth0.01,14,0.17151162028312683,0.37115320563316345,0.025193849578499794,0.054681383073329926,0.17781856656074524,0.3711531460285187,28.899304347112775,,,
m5b_smooth0.01,15,0.01893538050353527,0.375887006521225,0.0246603824198246,0.05265378952026367,0.17091190814971924,0.375887006521225,29.1946435905993,,,
m5b_smooth0.01,16,0.010129831731319427,0.37500452995300293,0.02701803669333458,0.05198155343532562,0.16740159690380096,0.37859416007995605,29.15536391362548,,,
m5b_smooth0.01,17,0.05126466788351536,0.35099515318870544,0.03033621795475483,0.050358664244413376,0.17555810511112213,0.39275187253952026,27.96855435334146,,,
m5b_smooth0.01,18,0.07814536988735199,0.3900676667690277,0.03014182113111019,0.05004597455263138,0.16643062233924866,0.36331358551979065,29.835744304582477,,,
m5b_smooth0.01,19,0.14855834282934666,0.46434685587882996,0.025652743875980377,0.04312082752585411,0.1191888153553009,0.3476904630661011,33.71781476959586,,,
m5b_smooth0.01,20,0.08489147759974003,0.5025829076766968,0.021896420046687126,0.03511727973818779,0.08850280940532684,0.35190001130104065,35.828342543914914,,,
m5b_smooth0.01,21,0.03763095661997795,0.4837677776813507,0.024319639429450035,0.03825007379055023,0.09006831049919128,0.36359432339668274,34.88593522273004,,,
m5b_smooth0.01,22,0.0322709996253252,0.47891539335250854,0.024142488837242126,0.03731910511851311,0.07989338785409927,0.37972989678382874,34.74649567529559,,,
m5b_smooth0.01,23,0.035623883828520775,0.4617030918598175,0.023542752489447594,0.03816685825586319,0.08176910132169724,0.3948182761669159,33.94006841443479,,,
m5b_smooth0.01,24,0.11055127717554569,0.5093379020690918,0.024457409977912903,0.039909057319164276,0.08675297349691391,0.33954253792762756,36.0653250515461,,,
m5b_smooth0.01,25,0.02915259450674057,0.5192107558250427,0.025665048509836197,0.04340509697794914,0.08637136965990067,0.3253480792045593,36.46799838542938,,,
m5b_smooth0.01,26,0.25736479833722115,0.6478928923606873,0.021827027201652527,0.04066715016961098,0.06960819661617279,0.22000455856323242,42.584723215550184,,,
m5b_smooth0.01,27,0.10929366201162338,0.7025395631790161,0.02007361128926277,0.038435108959674835,0.060987070202827454,0.17796415090560913,45.206160333007574,,,
m5b_smooth0.01,28,0.0094139464199543,0.6980020999908447,0.021564636379480362,0.040097933262586594,0.06253992021083832,0.17779436707496643,44.94888501614332,,,
m5b_smooth0.01,29,0.016671136021614075,0.6898072361946106,0.021424077451229095,0.04045353829860687,0.06450389325618744,0.1838105022907257,44.55609314888716,,,
m5b_smooth0.01,30,0.04525054804980755,0.6671819090843201,0.023086698725819588,0.043949659913778305,0.0715629979968071,0.19421787559986115,43.405841467902064,,,
m5b_smooth0.01,31,0.06957954540848732,0.7019721865653992,0.02147532068192959,0.043229397386312485,0.0694352388381958,0.16388800740242004,45.04997348226607,,,
m5b_smooth0.01,32,0.0173557847738266,0.7024867534637451,0.02206350676715374,0.0468502901494503,0.07338928431272507,0.15520991384983063,44.998483369126916,,,
m5b_smooth0.01,33,0.017376825213432312,0.6938450336456299,0.02201656810939312,0.04828309640288353,0.07702677696943283,0.1588277816772461,44.56034425832331,,,
m5b_smooth0.01,34,0.028489617630839348,0.6796512603759766,0.021966230124235153,0.05287598818540573,0.07950804382562637,0.1659991294145584,43.84021393582225,,,
m5b_smooth0.01,35,0.05256391502916813,0.7059337496757507,0.021173862740397453,0.050808172672986984,0.07235042005777359,0.14973551034927368,45.13237344659865,,,
m5b_smooth0.01,36,0.011086292564868927,0.7013711929321289,0.020192379131913185,0.05083996057510376,0.07495630532503128,0.15264008939266205,44.91663922555745,,,
m5b_smooth0.01,37,0.104901859536767,0.7538222670555115,0.017353828996419907,0.04036502167582512,0.06715534627437592,0.1213037520647049,47.536124870181084,,,
m5b_smooth0.01,38,0.01027609407901764,0.754754900932312,0.018967602401971817,0.03961377963423729,0.06974669545888901,0.11691665649414062,47.548163056373596,,,
m5b_smooth0.01,39,0.07649548724293709,0.7930034399032593,0.018483180552721024,0.03293732926249504,0.05755824223160744,0.09801903367042542,49.47267572954297,,,
m5b_smooth0.01,40,0.017608391121029854,0.7841986417770386,0.021091079339385033,0.03554529696702957,0.058953359723091125,0.10021164268255234,48.99528199248016,,,
m5b_smooth0.01,41,0.020238952711224556,0.7740795612335205,0.02299848198890686,0.036765094846487045,0.061812255531549454,0.1043454185128212,48.47158908843994,,,
m5b_smooth0.01,42,0.031248418614268303,0.7897036075592041,0.022719314321875572,0.0322701521217823,0.058915406465530396,0.09639200568199158,49.26364214904606,,,
m5b_smooth0.01,43,0.02303515560925007,0.7786297798156738,0.024280164390802383,0.03182581067085266,0.06389684230089188,0.10136670619249344,48.70395616814494,,,
m5b_smooth0.01,44,0.022204356268048286,0.7675275206565857,0.026184501126408577,0.03430306538939476,0.06757442653179169,0.10440962761640549,48.11550070904195,,,
m5b_smooth0.01,45,0.016259217634797096,0.7756580114364624,0.025605611503124237,0.03315173462033272,0.06358107924461365,0.10200446844100952,48.537671614438295,,,
m5b_smooth0.01,46,0.006312068551778793,0.7788130640983582,0.023530665785074234,0.03309408947825432,0.06259267032146454,0.10196845233440399,48.717303805053234,,,
m5b_smooth0.01,47,0.015611089766025543,0.7847869992256165,0.02214662730693817,0.033705875277519226,0.06381355971097946,0.09554801136255264,48.994851283729076,,,
m5b_smooth0.01,48,0.06186637654900551,0.8157193064689636,0.021219199523329735,0.029939869418740273,0.055947739630937576,0.07717319577932358,50.52625611424446,,,
m5b_smooth0.01,49,0.010830357670783997,0.8189929723739624,0.022515591233968735,0.03078542649745941,0.05513950437307358,0.0725666880607605,50.65636037662625,,,
m5b_smooth0.01,50,0.01657305285334587,0.8107069730758667,0.02354539930820465,0.03345946967601776,0.05700558423995972,0.07528381049633026,50.2193546295166,,,
m5b_smooth0.01,51,0.003763169050216675,0.8124307990074158,0.023242026567459106,0.0329953171312809,0.05716251954436302,0.07416892796754837,50.306578546762466,,,
m5b_smooth0.01,52,0.010812534019351006,0.8142775297164917,0.02163342759013176,0.030421437695622444,0.06072278693318367,0.07294587045907974,50.4158512186259,,,
m5b_smooth0.01,53,0.06095651537179947,0.7837986946105957,0.021897001191973686,0.03493494912981987,0.07455329596996307,0.08481595665216446,48.86391999013722,,,
m5b_smooth0.01,54,0.029186632484197617,0.769205629825592,0.022647468373179436,0.039733827114105225,0.08051297068595886,0.08790050446987152,48.08838459663093,,,
m5b_smooth0.01,55,0.014109071344137192,0.7752749919891357,0.021341191604733467,0.037589170038700104,0.07690931856632233,0.08888562768697739,48.43337223865092,,,
m5b_smooth0.01,56,0.0253757331520319,0.7642183303833008,0.023326832801103592,0.038636647164821625,0.07527833431959152,0.09854059666395187,47.89885329082608,,,
m5b_smooth0.01,57,0.11133258230984211,0.8198845386505127,0.018583383411169052,0.02875381149351597,0.05172126367688179,0.0810575783252716,50.794772079214454,,,
m5b_smooth0.01,58,0.027077598497271538,0.8063459992408752,0.020411718636751175,0.03259822353720665,0.053795889019966125,0.08684926480054855,50.09142727404833,,,
m5b_smooth0.01,59,0.03157593309879303,0.8214824199676514,0.018905602395534515,0.03324912115931511,0.050941843539476395,0.0754208117723465,50.82008243352175,,,
m5b_smooth0.01,60,0.019648477435112,0.8116683959960938,0.02063922956585884,0.037823546677827835,0.054458603262901306,0.07541117072105408,50.271180242300034,,,
m5b_smooth0.01,61,0.010608084499835968,0.8068035244941711,0.021486405283212662,0.037383683025836945,0.0571756474673748,0.07715030014514923,50.022182658314705,,,
m5b_smooth0.01,62,0.04574395716190338,0.8296762108802795,0.019479554146528244,0.029434967786073685,0.050594575703144073,0.07081566751003265,51.23393848538399,,,
m5b_smooth0.01,63,0.008104003965854645,0.8261979818344116,0.020108461380004883,0.02886054292321205,0.05258167162537575,0.07225101441144943,51.05815490335226,,,
m5b_smooth0.01,64,0.007054351270198822,0.8290984630584717,0.018172508105635643,0.029392102733254433,0.05267704650759697,0.07066003233194351,51.21023637801409,,,
m5b_smooth0.01,65,0.02663055621087551,0.815782904624939,0.019188379868865013,0.03310685604810715,0.05747838690876961,0.07444306463003159,50.510034838691354,,,
m5b_smooth0.01,66,0.011083066463470459,0.8196051716804504,0.019529109820723534,0.034485168755054474,0.05667669698596001,0.06970299780368805,50.671873765066266,,,
m5b_smooth0.01,67,0.005746319890022278,0.8175944089889526,0.020475706085562706,0.03362318128347397,0.05840788409113884,0.06989878416061401,50.56444795615971,,,
m5b_smooth0.01,68,0.01925576850771904,0.807966411113739,0.02094070427119732,0.03516676276922226,0.06315141171216965,0.07277444750070572,50.06532780639827,,,
m5b_smooth0.01,69,0.019367089495062828,0.79828280210495,0.021135274320840836,0.03706655651330948,0.06740202754735947,0.07611294835805893,49.56669854000211,,,
m5b_smooth0.01,70,0.041970690712332726,0.8192681670188904,0.018740443512797356,0.03424890339374542,0.05784697085618973,0.06989516317844391,50.661038255319,,,
m5b_smooth0.01,71,0.02364213950932026,0.8074474930763245,0.023066576570272446,0.03949422016739845,0.058193378150463104,0.07179877161979675,50.00093527138233,,,
m5b_smooth0.01,72,0.04283422976732254,0.8288645148277283,0.020925115793943405,0.03549040108919144,0.05022871866822243,0.06449150294065475,51.11374928057194,,,
m5b_smooth0.01,73,0.016503775492310524,0.8229318261146545,0.01922299526631832,0.034873463213443756,0.05471242219209671,0.0682598277926445,50.83837749622762,,,
m5b_smooth0.01,74,0.07380148954689503,0.8598324656486511,0.01437772624194622,0.024257441982626915,0.04591405391693115,0.055618636310100555,52.77715727686882,,,
m5b_smooth0.01,75,0.015261302702128887,0.8522018790245056,0.015284030698239803,0.02464381232857704,0.04921834170818329,0.05865238979458809,52.386990058235824,,,
m5b_smooth0.01,76,0.006851552985608578,0.8506834506988525,0.018709473311901093,0.024475974962115288,0.0483151450753212,0.05781574174761772,52.280770840123296,,,
m5b_smooth0.01,77,0.011032912880182266,0.8519818782806396,0.02072039060294628,0.026683051139116287,0.04484866186976433,0.05576573312282562,52.31434313766658,,,
m5b_smooth0.01,78,0.006366819143295288,0.8507566452026367,0.020095935091376305,0.0298662930727005,0.043653447180986404,0.05562705919146538,52.2394464854151,,,
m5b_smooth0.01,79,0.040577406994998455,0.8710448145866394,0.01555312518030405,0.02724551595747471,0.03833653777837753,0.047818318009376526,53.29779076483101,,,
m5b_smooth0.01,80,0.029771572910249233,0.8561602234840393,0.01747017912566662,0.03190036118030548,0.04229562729597092,0.05217431113123894,52.50929441861808,,,
m5b_smooth0.01,81,0.027812648564577103,0.8700665831565857,0.015606952831149101,0.029618367552757263,0.03730648383498192,0.047402385622262955,53.23323583044112,,,
m5b_smooth0.01,82,0.03576823137700558,0.8521824479103088,0.017148487269878387,0.034746117889881134,0.04183090850710869,0.05409277230501175,52.30244888737798,,,
m5b_smooth0.01,83,0.02490479126572609,0.8646345734596252,0.015757767483592033,0.029278280213475227,0.03863528370857239,0.05169428884983063,52.97583404555917,,,
m5b_smooth0.01,84,0.02204963192343712,0.8536679148674011,0.016627658158540726,0.02921966463327408,0.04259883984923363,0.057885199785232544,52.43294622004032,,,
m5b_smooth0.01,85,0.0015162322670221329,0.8534512519836426,0.017095079645514488,0.02934035286307335,0.042768675833940506,0.05734357610344887,52.41438205353916,,,
m5b_smooth0.01,86,0.006844760850071907,0.8500292897224426,0.017940158024430275,0.03041870705783367,0.0434604249894619,0.05815119296312332,52.22929333895445,,,
m5b_smooth0.01,87,0.04694009758532047,0.82655930519104,0.02037549577653408,0.03789764270186424,0.04927841201424599,0.06588904559612274,50.99502225778997,,,
m5b_smooth0.01,88,0.023711567744612694,0.8384151458740234,0.018526997417211533,0.03613543137907982,0.045593298971652985,0.06132914125919342,51.609603114426136,,,
m5b_smooth0.01,89,0.0066722724586725235,0.8351771831512451,0.020335623994469643,0.0364387147128582,0.04549526795744896,0.0625535100698471,51.43449877388775,,,
m5b_smooth0.01,90,0.010364772751927376,0.8396421670913696,0.02021574229001999,0.033292584121227264,0.043578825891017914,0.06327084451913834,51.68946712464094,,,
m5b_smooth0.01,91,0.007605757564306259,0.8398359417915344,0.018823934718966484,0.03088187240064144,0.04388086497783661,0.06657826900482178,51.74088788032532,,,
m5b_smooth0.01,92,0.01651776395738125,0.8315768837928772,0.019282883033156395,0.031753625720739365,0.04649811238050461,0.07088902592658997,51.3270899374038,,,
m5b_smooth0.01,93,0.005719900131225586,0.833182692527771,0.01863170973956585,0.03221503645181656,0.04729042574763298,0.06867983192205429,51.398788997903466,,,
m5b_smooth0.01,94,0.05097504984587431,0.8586706519126892,0.015522721223533154,0.026458844542503357,0.042686544358730316,0.056661803275346756,52.70720942597836,,,
m5b_smooth0.01,95,0.013577195815742016,0.8519048690795898,0.01811804249882698,0.028108978644013405,0.04522963613271713,0.0566389374434948,52.326289700344205,,,
m5b_smooth0.01,96,0.008027367293834686,0.8533430695533752,0.019440675154328346,0.029361549764871597,0.04472051560878754,0.053134094923734665,52.365030435845256,,,
m5b_smooth0.01,97,0.010191045701503754,0.8583326935768127,0.018499383702874184,0.029467526823282242,0.0435868464410305,0.05011361092329025,52.61356205679476,,,
m5b_smooth0.01,98,0.028001490980386734,0.8443322777748108,0.020953116938471794,0.03201688081026077,0.048430535942316055,0.05426790937781334,51.8757049087435,,,
m5b_smooth0.01,99,0.010131584480404854,0.8465213179588318,0.018954496830701828,0.031767260283231735,0.04561242833733559,0.057144105434417725,52.0248398296535,,,
m5b_smooth0.01,100,0.023755572736263275,0.8371105194091797,0.016487885266542435,0.03417814522981644,0.047877490520477295,0.0643463209271431,51.58164441213012,,,
m5b_smooth0.01,101,0.0020715631544589996,0.8366650938987732,0.016254175454378128,0.03382105752825737,0.048608921468257904,0.06465023010969162,51.56298865377903,,,
m5b_smooth0.01,102,0.01526201143860817,0.842182457447052,0.01836826279759407,0.0311538465321064,0.04695397615432739,0.06134182587265968,51.83024064451456,,,
m5b_smooth0.01,103,0.003179319202899933,0.8416438102722168,0.019957344979047775,0.030520055443048477,0.04672391340136528,0.061154089868068695,51.79337077960372,,,
m5b_smooth0.01,104,0.004275592043995857,0.8400040864944458,0.019463343545794487,0.030748717486858368,0.048633281141519547,0.06115025281906128,51.70849119313061,,,
m5b_smooth0.01,105,0.06554172374308109,0.8072330951690674,0.021131500601768494,0.03655363619327545,0.060765501111745834,0.07431568950414658,50.03055628016591,,,
m5b_smooth0.01,106,0.08401456382125616,0.8492403030395508,0.012944833375513554,0.026970669627189636,0.047584060579538345,0.06325940787792206,52.26699515897781,,,
m5b_smooth0.01,107,0.008310080505907536,0.8472731113433838,0.012644484639167786,0.028278898447752,0.04569725692272186,0.06610691547393799,52.179245475679636,,,
m5b_smooth0.01,108,0.015651097521185875,0.84307861328125,0.016499841585755348,0.03224857151508331,0.04418694227933884,0.0639856606721878,51.903070198372006,,,
m5b_smooth0.01,109,0.024713430553674698,0.8540691137313843,0.017865683883428574,0.03048929013311863,0.04110026732087135,0.05647452920675278,52.43182565830648,,,
m5b_smooth0.01,110,0.0056230612099170685,0.8568808436393738,0.017438014969229698,0.03043903037905693,0.04091866686940193,0.054322727024555206,52.568554570898414,,,
m5b_smooth0.01,111,0.0053447093814611435,0.8552570939064026,0.01638970896601677,0.03143080323934555,0.04195110499858856,0.05497116968035698,52.489361863583326,,,
m5b_smooth0.01,112,0.012735055759549141,0.8488900661468506,0.016558857634663582,0.03421131521463394,0.04347936064004898,0.056861281394958496,52.15301023609936,,,
m5b_smooth0.01,113,0.024105247110128403,0.8609422445297241,0.016313813626766205,0.02984539605677128,0.03975566849112511,0.05314286798238754,52.78467450477183,,,
m5b_smooth0.01,114,0.02364123985171318,0.8491219282150269,0.02051370032131672,0.030758850276470184,0.04199792817234993,0.057608190923929214,52.1606061141938,,,
m5b_smooth0.01,115,0.017622992396354675,0.8559854626655579,0.021468454971909523,0.031752292066812515,0.0381571464240551,0.05263771116733551,52.4798810724169,,,
m5b_smooth0.01,116,0.018876824527978897,0.8488517999649048,0.019163476303219795,0.03636836260557175,0.03982511907815933,0.05579185113310814,52.11923831142485,,,
m5b_smooth0.01,117,0.02866857312619686,0.8345175981521606,0.02116597443819046,0.04082685336470604,0.04358717426657677,0.05990317836403847,51.35845714062452,,,
m5b_smooth0.01,118,0.027728073298931122,0.8483811020851135,0.019772011786699295,0.0369296595454216,0.04060731828212738,0.05430962145328522,52.07801304385066,,,
m5b_smooth0.01,119,0.005668044090270996,0.8487807512283325,0.018329158425331116,0.03553833067417145,0.04294542968273163,0.05440572276711464,52.11408735066652,,,
m5b_smooth0.1,4,,0.20000606775283813,0.20000606775283813,0.20000606775283813,0.20000606775283813,0.20000606775283813,17.00051575899124,,,
m5b_smooth0.1,5,0.08694614470005035,0.19978581368923187,0.15717816352844238,0.24346354603767395,0.19978581368923187,0.19978581368923187,17.070219710469246,,,
m5b_smooth0.1,6,0.18508252501487732,0.23063291609287262,0.10512250661849976,0.2029779851436615,0.23063291609287262,0.23063291609287262,19.395322665572166,,,
m5b_smooth0.1,7,0.21013469249010086,0.26565542817115784,0.08582178503274918,0.11721155047416687,0.26565542817115784,0.26565542817115784,21.955546118319035,,,
m5b_smooth0.1,8,0.04716233164072037,0.2735159397125244,0.07998216152191162,0.09947037696838379,0.2735159397125244,0.2735159397125244,22.53318440914154,,,
m5b_smooth0.1,9,0.02353265881538391,0.27103811502456665,0.08411300182342529,0.1071057915687561,0.2667052149772644,0.27103808522224426,22.329186975955963,,,
m5b_smooth0.1,10,0.07318945974111557,0.2527407705783844,0.08529704064130783,0.10986402630805969,0.29935771226882935,0.252740740776062,21.213209711015224,,,
m5b_smooth0.1,11,0.0630369633436203,0.25914454460144043,0.06781721860170364,0.09582516551017761,0.31806841492652893,0.25914454460144043,21.75846792012453,,,
m5b_smooth0.1,12,0.025960341095924377,0.26547566056251526,0.06687042862176895,0.09614337980747223,0.3060353100299835,0.26547566056251526,22.1427466198802,,,
m5b_smooth0.1,13,0.03174671530723572,0.25753867626190186,0.07296876609325409,0.10374341160058975,0.30820968747138977,0.25753867626190186,21.59952885657549,,,
m5b_smooth0.1,14,0.059161342680454254,0.2723292410373688,0.0640067458152771,0.09316413104534149,0.2981707751750946,0.2723292410373688,22.583058401942253,,,
m5b_smooth0.1,15,0.027796495705842972,0.2750861644744873,0.05686115846037865,0.08641144633293152,0.3065551817417145,0.2750861346721649,22.81835752353072,,,
m5b_smooth0.1,16,0.01662030816078186,0.276599645614624,0.05344141647219658,0.08523295819759369,0.31335195899009705,0.27137431502342224,22.89782315120101,,,
m5b_smooth0.1,17,0.04383792728185654,0.2564186751842499,0.05622035637497902,0.08349491655826569,0.3161720037460327,0.2876942455768585,21.932749081403017,,,
m5b_smooth0.1,18,0.03913126885890961,0.2687581181526184,0.05890664830803871,0.0835186243057251,0.3206881582736969,0.26812857389450073,22.433566752821207,,,
m5b_smooth0.1,19,0.04487217962741852,0.28331664204597473,0.05046030506491661,0.06952901929616928,0.3238012194633484,0.2728932201862335,23.345159504562616,,,
m5b_smooth0.1,20,0.04183530434966087,0.29020604491233826,0.048026978969573975,0.06539060920476913,0.3378291130065918,0.25854694843292236,23.641022570431232,,,
m5b_smooth0.1,21,0.02497859299182892,0.292519748210907,0.05235698074102402,0.07123647630214691,0.3322003483772278,0.251686692237854,23.666267432272434,,,
m5b_smooth0.1,22,0.051707420498132706,0.29761993885040283,0.0472879596054554,0.06469126045703888,0.3179607093334198,0.2724400460720062,24.138443682342768,,,
m5b_smooth0.1,23,0.04867638275027275,0.3189811110496521,0.04691276699304581,0.06630288064479828,0.29399779438972473,0.27380552887916565,25.27595003694296,,,
m5b_smooth0.1,24,0.05127023905515671,0.3239109516143799,0.04577154666185379,0.06761295348405838,0.26950377225875854,0.29320061206817627,25.6746024787426,,,
m5b_smooth0.1,25,0.035421792417764664,0.31854248046875,0.04748174175620079,0.0681861862540245,0.28493136167526245,0.2808583080768585,25.29112497344613,,,
m5b_smooth0.1,26,0.02951318398118019,0.3332993686199188,0.046756453812122345,0.06800705939531326,0.27964717149734497,0.2722906172275543,26.018338590860367,,,
m5b_smooth0.1,27,0.03077365830540657,0.3293524980545044,0.041827332228422165,0.0669345110654831,0.27420854568481445,0.2876771092414856,25.950720097869635,,,
m5b_smooth0.1,28,0.10964695736765862,0.2776130139827728,0.03874358534812927,0.06767462193965912,0.2742733359336853,0.3416959345340729,23.602204725146294,,,
m5b_smooth0.1,29,0.02796310931444168,0.2838497459888458,0.0369768962264061,0.07034902274608612,0.2793435752391815,0.3294808864593506,23.847146160900593,,,
m5b_smooth0.1,30,0.066168874502182,0.3045344650745392,0.04033076763153076,0.07939467579126358,0.25260260701179504,0.32313722372055054,24.842722080647945,,,
m5b_smooth0.1,31,0.015563089400529861,0.3080091178417206,0.03777461126446724,0.07582059502601624,0.2509515881538391,0.3274444043636322,25.086666245013475,,,
m5b_smooth0.1,32,0.033148251473903656,0.32458287477493286,0.03379211947321892,0.07177218794822693,0.24360443651676178,0.3262479603290558,25.996783670037985,,,
m5b_smooth0.1,33,0.026889082044363022,0.3243623971939087,0.032014891505241394,0.06980378925800323,0.23412606120109558,0.3396925628185272,26.097748398780823,,,
m5b_smooth0.1,34,0.017241880297660828,0.3248511552810669,0.03389051556587219,0.0720364898443222,0.23815056681632996,0.33107227087020874,26.043135061860085,,,
m5b_smooth0.1,35,0.05134877189993858,0.3505252003669739,0.03339807316660881,0.06890641897916794,0.2165384143590927,0.33063220977783203,27.416249189525843,,,
m5b_smooth0.1,36,0.021448224782943726,0.3414430320262909,0.03439319506287575,0.07132259011268616,0.22385083138942719,0.3289898633956909,26.90775679424405,,,
m5b_smooth0.1,37,0.09797890670597553,0.3904326558113098,0.030914710834622383,0.06316693127155304,0.19202443957328796,0.32346111536026,29.519001545384526,,,
m5b_smooth0.1,38,0.064818961545825,0.4125974476337433,0.03305120766162872,0.06539866328239441,0.1979011595249176,0.2910518944263458,30.445128694176674,,,
m5b_smooth0.1,39,0.05063821189105511,0.436458021402359,0.02971809171140194,0.056052353233098984,0.1993589848279953,0.27841150760650635,31.678630435839295,,,
m5b_smooth0.1,40,0.01870601251721382,0.43438318371772766,0.030261998996138573,0.0573684424161911,0.19208115339279175,0.2859048545360565,31.612594386562705,,,
m5b_smooth0.1,41,0.03362244553864002,0.44240689277648926,0.03261099010705948,0.06380756199359894,0.18214276432991028,0.2790326178073883,31.94990324229002,,,
m5b_smooth0.1,42,0.025099873542785645,0.43568697571754456,0.029279887676239014,0.061308152973651886,0.18606148660182953,0.2876633405685425,31.68414006382227,,,
m5b_smooth0.1,43,0.14123252034187317,0.36507079005241394,0.029448114335536957,0.06251919269561768,0.20619654655456543,0.3367653489112854,28.27934380620718,,,
m5b_smooth0.1,44,0.01563280262053013,0.3706660270690918,0.030893506482243538,0.06329458951950073,0.20375262200832367,0.3313924968242645,28.526502208784223,,,
m5b_smooth0.1,45,0.07455168478190899,0.3766225278377533,0.028488431125879288,0.054917678236961365,0.17725889384746552,0.36271196603775024,29.109372917562723,,,
m5b_smooth0.1,46,0.02535148337483406,0.38101816177368164,0.029103778302669525,0.05444741249084473,0.18492382764816284,0.35050666332244873,29.255095802247524,,,
m5b_smooth0.1,47,0.13579836674034595,0.4453144073486328,0.02993016131222248,0.05722387880086899,0.16687484085559845,0.30065637826919556,32.297779420390725,,,
m5b_smooth0.1,48,0.0410669781267643,0.4658481478691101,0.02763356827199459,0.05687706172466278,0.15127016603946686,0.29837122559547424,33.3852419462055,,,
m5b_smooth0.1,49,0.006803741678595543,0.4647284746170044,0.027121976017951965,0.05907587707042694,0.14949899911880493,0.29957371950149536,33.328583151102066,,,
m5b_smooth0.1,50,0.011193908751010895,0.46655064821243286,0.029290955513715744,0.06068175658583641,0.1466425359249115,0.2968333065509796,33.38653916120529,,,
m5b_smooth0.1,51,0.06713991053402424,0.5001213550567627,0.02836831845343113,0.05239531025290489,0.14076831936836243,0.2783474028110504,35.07507742755115,,,
m5b_smooth0.1,52,0.17621818371117115,0.5882298350334167,0.027154050767421722,0.04636150225996971,0.13810433447360992,0.2001497596502304,39.22885563597083,,,
m5b_smooth0.1,53,0.031030243262648582,0.5868178606033325,0.028580034151673317,0.04712653160095215,0.15142850577831268,0.18604667484760284,39.04368425346911,,,
m5b_smooth0.1,54,0.13278535567224026,0.6532110571861267,0.026268944144248962,0.04214044287800789,0.1360500007867813,0.14233019948005676,42.29032650217414,,,
m5b_smooth0.1,55,0.037412505596876144,0.6706995368003845,0.023139383643865585,0.0384020172059536,0.13726715743541718,0.13049131631851196,43.168066173791885,,,
m5b_smooth0.1,56,0.024973489344120026,0.6582127809524536,0.02443263679742813,0.04236883670091629,0.1443442702293396,0.13064086437225342,42.48368799686432,,,
m5b_smooth0.1,57,0.021268881857395172,0.6580061316490173,0.023791074752807617,0.04150871932506561,0.15497910976409912,0.12171515077352524,42.41755101084709,,,
m5b_smooth0.1,58,0.024131938815116882,0.6530593037605286,0.0246439166367054,0.04572967067360878,0.14785993099212646,0.12870728969573975,42.18231272697449,,,
m5b_smooth0.1,59,0.09159802831709385,0.698858380317688,0.021258020773530006,0.04099832847714424,0.12855905294418335,0.11032645404338837,44.52023955248296,,,
m5b_smooth0.1,60,0.00846739299595356,0.6946242451667786,0.02134028822183609,0.042217716574668884,0.1306818574666977,0.11113525182008743,44.296114675700665,,,
m5b_smooth0.1,61,0.04496626742184162,0.6721416711807251,0.023314358666539192,0.04632933437824249,0.13905006647109985,0.11916504800319672,43.132463769987226,,,
m5b_smooth0.1,62,0.019817516207695007,0.681942880153656,0.02342158742249012,0.04581634700298309,0.13205336034297943,0.11676566302776337,43.63653624244034,,,
m5b_smooth0.1,63,0.004669811576604843,0.6828213930130005,0.023814966902136803,0.045976996421813965,0.12971895933151245,0.1176685318350792,43.686421697959304,,,
m5b_smooth0.1,64,0.004982946440577507,0.6820412874221802,0.023509811609983444,0.047070425003767014,0.1311168074607849,0.11626212298870087,43.6326857060194,,,
m5b_smooth0.1,65,0.024797817692160606,0.6749981045722961,0.025683550164103508,0.05071122199296951,0.13770100474357605,0.110906220972538,43.194297617301345,,,
m5b_smooth0.1,66,0.03484685905277729,0.6924211382865906,0.02472572773694992,0.04799465462565422,0.12805461883544922,0.10680317133665085,44.105604719370604,,,
m5b_smooth0.1,67,0.009425239637494087,0.6916447877883911,0.024815740063786507,0.047087136656045914,0.12502619624137878,0.11142610758543015,44.099913297221065,,,
m5b_smooth0.1,68,0.07043418474495411,0.7268619537353516,0.024762757122516632,0.045894648879766464,0.10294260829687119,0.09953814744949341,45.888296250253916,,,
m5b_smooth0.1,69,0.024299081414937973,0.7147125601768494,0.02551586925983429,0.050014980137348175,0.10320857912302017,0.10654842108488083,45.27245236933231,,,
m5b_smooth0.1,70,0.02699536830186844,0.7282097935676575,0.022259704768657684,0.04726819694042206,0.10128388553857803,0.10097792744636536,45.97933009266853,,,
m5b_smooth0.1,71,0.029797686263918877,0.7133111953735352,0.023246007040143013,0.05112713202834129,0.10934095084667206,0.10297471284866333,45.18233176134527,,,
m5b_smooth0.1,72,0.07904603704810143,0.7528339624404907,0.019998563453555107,0.04376823827624321,0.09609461575746536,0.08730411529541016,47.21626094914973,,,
m5b_smooth0.1,73,0.009115951135754585,0.748276948928833,0.020372942090034485,0.04464975371956825,0.0989760160446167,0.08772575855255127,46.971931871026754,,,
m5b_smooth0.1,74,0.02104257419705391,0.7394397854804993,0.020197156816720963,0.043141257017850876,0.10558081418275833,0.09164208918809891,46.53806300461292,,,
m5b_smooth0.1,75,0.0025823842734098434,0.7400423288345337,0.020582782104611397,0.043443892151117325,0.10496167838573456,0.09096964448690414,46.561760960146785,,,
m5b_smooth0.1,76,0.04836165904998779,0.7642228007316589,0.01957845501601696,0.039232537150382996,0.09422490745782852,0.0827409103512764,47.80859120748937,,,
m5b_smooth0.1,77,0.016751030460000038,0.7723214626312256,0.01985553279519081,0.038103748112916946,0.08962202817201614,0.08009728789329529,48.222170762717724,,,
m5b_smooth0.1,78,0.013760901987552643,0.7654409408569336,0.02025967836380005,0.040045179426670074,0.09114714711904526,0.08310697227716446,47.868379309773445,,,
m5b_smooth0.1,79,0.027676738798618317,0.779279351234436,0.018328383564949036,0.03803156316280365,0.08504723757505417,0.07931346446275711,48.5949033126235,,,
m5b_smooth0.1,80,0.044348932802677155,0.7571049928665161,0.02034863457083702,0.042892780154943466,0.0918235257267952,0.08783028274774551,47.44771518558264,,,
m5b_smooth0.1,81,0.0651762057095766,0.7896928787231445,0.017631588503718376,0.037146732211112976,0.07831521332263947,0.07721336930990219,49.139838172122836,,,
m5b_smooth0.1,82,0.015434643253684044,0.781975507736206,0.018433235585689545,0.03900009021162987,0.07977472990751266,0.0808161199092865,48.74381275847554,,,
m5b_smooth0.1,83,0.01853659562766552,0.7912440299987793,0.01791650988161564,0.03723760321736336,0.07525916397571564,0.07834282517433167,49.227884819731116,,,
m5b_smooth0.1,84,0.0068208444863557816,0.7878339886665344,0.018644560128450394,0.03761119768023491,0.07552129775285721,0.0803898498415947,49.05562445521355,,,
m5b_smooth0.1,85,0.06327955052256584,0.8194730877876282,0.016634508967399597,0.03149711713194847,0.06355460733175278,0.06884022057056427,50.688156466931105,,,
m5b_smooth0.1,86,0.014654271304607391,0.8121455907821655,0.017119932919740677,0.031768858432769775,0.06796431541442871,0.0710001215338707,50.31091386452317,,,
m5b_smooth0.1,87,0.048955025151371956,0.7876687049865723,0.019229831174016,0.03667556121945381,0.07523878663778305,0.0811871886253357,49.052670961245894,,,
m5b_smooth0.1,88,0.029167447239160538,0.8022525310516357,0.0180866327136755,0.03453647717833519,0.0690612643957138,0.076063372194767,49.80516398884356,,,
m5b_smooth0.1,89,0.012499047443270683,0.8084995150566101,0.01808900013566017,0.03395272418856621,0.0656072348356247,0.07385145872831345,50.123089142143726,,,
m5b_smooth0.1,90,0.0047972798347473145,0.8108983039855957,0.01762385666370392,0.03385421633720398,0.0639757513999939,0.07364810258150101,50.25198844075203,,,
m5b_smooth0.1,91,0.004021648317575455,0.8099926710128784,0.016712769865989685,0.0344519279897213,0.06378209590911865,0.07506166398525238,50.21696678176522,,,
m5b_smooth0.1,92,0.02276555448770523,0.7986093759536743,0.017159126698970795,0.03703390434384346,0.06683924049139023,0.08035844564437866,49.63771631941199,,,
m5b_smooth0.1,93,0.006403684616088867,0.8018109798431396,0.016889873892068863,0.0365384966135025,0.06557141989469528,0.07918884605169296,49.802807938307524,,,
m5b_smooth0.1,94,0.07606624998152256,0.839844822883606,0.013816092163324356,0.028900744393467903,0.05354832485318184,0.06389106810092926,51.76052092574537,,,
m5b_smooth0.1,95,0.003670714795589447,0.8412237167358398,0.014272496104240417,0.028619179502129555,0.05284325033426285,0.0630422905087471,51.82604785822332,,,
m5b_smooth0.1,96,0.039503698237240314,0.8609747886657715,0.013357850722968578,0.024991249665617943,0.04626256227493286,0.054412927478551865,52.83243784029037,,,
m5b_smooth0.1,97,0.0038805585354566574,0.8590344786643982,0.013460914604365826,0.025718189775943756,0.04676356166601181,0.05502217262983322,52.73033955227584,,,
m5b_smooth0.1,98,0.03279702365398407,0.8426357507705688,0.014571025036275387,0.029483947902917862,0.05186367779970169,0.0614444836974144,51.88443643134087,,,
m5b_smooth0.1,99,0.024741544388234615,0.8550064563751221,0.012744707986712456,0.027617236599326134,0.04804760217666626,0.056582748889923096,52.5244754999876,,,
m5b_smooth0.1,100,0.0014449162408709526,0.8548930883407593,0.01296928059309721,0.028115537017583847,0.04783185198903084,0.056189823895692825,52.51238169055432,,,
m5b_smooth0.1,101,0.015515542589128017,0.8626514673233032,0.012804258614778519,0.02677156776189804,0.04508599266409874,0.05268751084804535,52.90543410181999,,,
m5b_smooth0.1,102,0.0009057251736521721,0.8623100519180298,0.012929496355354786,0.027076249942183495,0.04510839283466339,0.05257552117109299,52.88457740750164,,,
m5b_smooth0.1,103,0.010391374118626118,0.8675050735473633,0.012782847508788109,0.0262456052005291,0.043265122920274734,0.050199732184410095,53.14747618697584,,,
m5b_smooth0.1,104,0.04400263819843531,0.889508068561554,0.011099557392299175,0.021586088463664055,0.03625217452645302,0.041555844247341156,54.281888977624476,,,
m5b_smooth0.1,105,0.004054001532495022,0.8874796032905579,0.012026751413941383,0.022081857547163963,0.036604635417461395,0.04180595651268959,54.16856436058879,,,
m5b_smooth0.1,106,0.03433897625654936,0.9046489000320435,0.010568707250058651,0.018499553203582764,0.031020695343613625,0.03526056557893753,55.055794154293835,,,
m5b_smooth0.1,107,0.035311538726091385,0.8869936466217041,0.012801838107407093,0.022542934864759445,0.03618569299578667,0.041475340723991394,54.13400406111032,,,
m5b_smooth0.1,108,0.00899111945182085,0.8824979066848755,0.013508884236216545,0.02392766624689102,0.03737640380859375,0.04268823191523552,53.89443635754287,,,
m5b_smooth0.1,109,0.004576023668050766,0.8847863674163818,0.013454316183924675,0.023860160261392593,0.036468107253313065,0.041431039571762085,54.00752814672887,,,
m5b_smooth0.1,110,0.015883002430200577,0.8768447041511536,0.014626512303948402,0.026051707565784454,0.03855825960636139,0.04391848295927048,53.58823046274483,,,
m5b_smooth0.1,111,0.009302332997322083,0.8721936941146851,0.015335489064455032,0.027188675478100777,0.0402974933385849,0.04498462751507759,53.34039040096104,,,
m5b_smooth0.1,112,0.01936645619571209,0.8625103235244751,0.016810964792966843,0.029757395386695862,0.042808953672647476,0.04811205714941025,52.829934038221836,,,
m5b_smooth0.1,113,0.02988441288471222,0.8774529099464417,0.014926642179489136,0.02617497742176056,0.038311783224344254,0.043134141713380814,53.61268663778901,,,
m5b_smooth0.1,114,0.015017058700323105,0.8699443340301514,0.016291899606585503,0.027882276102900505,0.04026072844862938,0.0456211231648922,53.217119593173265,,,
m5b_smooth0.1,115,0.028873362578451633,0.8843806982040405,0.01470451895147562,0.024556124582886696,0.0357644259929657,0.040593959391117096,53.96988119836897,,,
m5b_smooth0.1,116,0.0036315806210041046,0.8825652599334717,0.015221408568322659,0.025141369551420212,0.035972002893686295,0.0411003902554512,53.871770597063005,,,
m5b_smooth0.1,117,0.030332657508552074,0.8673982620239258,0.018091140314936638,0.028790183365345,0.03988362103700638,0.045835886150598526,53.06924516521394,,,
m5b_smooth0.1,118,0.0021955035626888275,0.8684216141700745,0.01776518113911152,0.028865709900856018,0.03942299261689186,0.04552584886550903,53.12298199348152,,,
m5b_smooth0.1,119,0.02906140685081482,0.8538903594017029,0.018598919734358788,0.03305281326174736,0.04370247945189476,0.05075567215681076,52.36767568998039,,,
m5b_smooth0.3,4,,0.20000606775283813,0.20000606775283813,0.20000606775283813,0.20000606775283813,0.20000606775283813,17.00051575899124,,,
m5b_smooth0.3,5,0.15169869363307953,0.17471793293952942,0.2190822809934616,0.25676414370536804,0.17471793293952942,0.17471793293952942,15.141527280211449,,,
m5b_smooth0.3,6,0.34305883944034576,0.11754146218299866,0.2865675389766693,0.3608083128929138,0.11754146218299866,0.11754146218299866,10.889850914478302,,,
m5b_smooth0.3,7,0.02584153413772583,0.1166335940361023,0.2763703763484955,0.37372907996177673,0.1166335940361023,0.1166335940361023,10.844878733158112,,,
m5b_smooth0.3,8,0.024413615465164185,0.11614990234375,0.26561439037323,0.38593563437461853,0.11614990234375,0.11614990234375,10.831563383340836,,,
m5b_smooth0.3,9,0.06739206612110138,0.12767863273620605,0.2456182837486267,0.37223589420318604,0.1267886608839035,0.12767863273620605,11.698065415024757,,,
m5b_smooth0.3,10,0.08183310925960541,0.1420052945613861,0.20996448397636414,0.3669731020927429,0.13905185461044312,0.1420052945613861,12.792638570070267,,,
m5b_smooth0.3,11,0.06922227144241333,0.15381048619747162,0.21283076703548431,0.3323618471622467,0.14718620479106903,0.15381048619747162,13.622195720672607,,,
m5b_smooth0.3,12,0.02965293824672699,0.15082469582557678,0.21825431287288666,0.3417648375034332,0.13833138346672058,0.15082469582557678,13.372896000742912,,,
m5b_smooth0.3,13,0.02604113519191742,0.153538778424263,0.2258465588092804,0.3337865471839905,0.13328894972801208,0.153538778424263,13.522098451852798,,,
m5b_smooth0.3,14,0.026627570390701294,0.1468820422887802,0.22829291224479675,0.3439175486564636,0.1340256929397583,0.1468820422887802,13.067496538162231,,,
m5b_smooth0.3,15,0.06275197863578796,0.15844258666038513,0.229786217212677,0.31254157423973083,0.1407873034477234,0.15844258666038513,13.877673476934433,,,
m5b_smooth0.3,16,0.06874755024909973,0.1655622124671936,0.1956986039876938,0.33359330892562866,0.14050094783306122,0.16464480757713318,14.418745219707489,,,
m5b_smooth0.3,17,0.03419928252696991,0.17456255853176117,0.19697940349578857,0.32369351387023926,0.1333010494709015,0.1714632511138916,14.97540631890297,,,
m5b_smooth0.3,18,0.0569491982460022,0.18044626712799072,0.16850484907627106,0.33828046917915344,0.13814927637577057,0.17461900413036346,15.421833276748657,,,
m5b_smooth0.3,19,0.0275641530752182,0.17867466807365417,0.1610780954360962,0.34258297085762024,0.14762920141220093,0.17003563046455383,15.323210328817368,,,
m5b_smooth0.3,20,0.041308820247650146,0.18489524722099304,0.17331257462501526,0.3219284117221832,0.14836415648460388,0.17149987816810608,15.67236003279686,,,
m5b_smooth0.3,21,0.09218484163284302,0.2114109843969345,0.15739229321479797,0.2917560636997223,0.14916345477104187,0.19027705490589142,17.42534250020981,,,
m5b_smooth0.3,22,0.02233828604221344,0.2118123173713684,0.15168297290802002,0.3025239109992981,0.14829640090465546,0.18568432331085205,17.405649080872536,,,
m5b_smooth0.3,23,0.09031277894973755,0.1968861073255539,0.15682731568813324,0.34253573417663574,0.135911226272583,0.16783909499645233,16.298726871609688,,,
m5b_smooth0.3,24,0.03874468803405762,0.1916249543428421,0.1527612954378128,0.35866719484329224,0.13915228843688965,0.15779410302639008,15.909443601965904,,,
m5b_smooth0.3,25,0.040011852979660034,0.20522569119930267,0.1566319465637207,0.34714245796203613,0.1306714117527008,0.1603289544582367,16.67090603709221,,,
m5b_smooth0.3,26,0.07331020385026932,0.23028746247291565,0.1504719853401184,0.3483881950378418,0.10017608851194382,0.1706763654947281,18.103586055338383,,,
m5b_smooth0.3,27,0.03789825737476349,0.24354150891304016,0.14970505237579346,0.3302057385444641,0.10385658591985703,0.17269068956375122,18.89747855812311,,,
m5b_smooth0.3,28,0.030454181134700775,0.2558344006538391,0.15185151994228363,0.31497883796691895,0.10460011661052704,0.1727350801229477,19.597344011068344,,,
m5b_smooth0.3,29,0.03573225438594818,0.2713750898838043,0.15417692065238953,0.3022018074989319,0.10069644451141357,0.17154961824417114,20.449857503175735,,,
m5b_smooth0.3,30,0.11245640367269516,0.2528952956199646,0.15707547962665558,0.26445338129997253,0.10776054114103317,0.21781514585018158,19.927889190614223,,,
m5b_smooth0.3,31,0.034100331366062164,0.25776785612106323,0.14127692580223083,0.26744532585144043,0.10650904476642609,0.22700092196464539,20.333260491490364,,,
m5b_smooth0.3,32,0.07308555394411087,0.268044114112854,0.13814161717891693,0.29371199011802673,0.10295196622610092,0.19715067744255066,20.582697682082653,,,
m5b_smooth0.3,33,0.022792428731918335,0.27101343870162964,0.13306640088558197,0.294810026884079,0.11028056591749191,0.19082942605018616,20.721878729760647,,,
m5b_smooth0.3,34,0.04097752273082733,0.2505249083042145,0.13690190017223358,0.30802664160728455,0.11042492836713791,0.19412194192409515,19.583158008754253,,,
m5b_smooth0.3,35,0.1075265109539032,0.2786615192890167,0.13514403998851776,0.2560213506221771,0.11117827147245407,0.2189953476190567,21.467082016170025,,,
m5b_smooth0.3,36,0.04141690582036972,0.27278968691825867,0.14143626391887665,0.2449585497379303,0.125593900680542,0.21522092819213867,21.135943427681923,,,
m5b_smooth0.3,37,0.06120160222053528,0.28672799468040466,0.12457264214754105,0.24457906186580658,0.11223674565553665,0.2318839579820633,22.094022139906883,,,
m5b_smooth0.3,38,0.048458993434906006,0.31095731258392334,0.1111496239900589,0.23633474111557007,0.11079868674278259,0.23075968027114868,23.48381893336773,,,
m5b_smooth0.3,39,0.0603688508272171,0.33648356795310974,0.09659022092819214,0.22139261662960052,0.11011575162410736,0.23541781306266785,25.01644179224968,,,
m5b_smooth0.3,40,0.045768022537231445,0.31412091851234436,0.1018737182021141,0.232195183634758,0.11691371351480484,0.2348964661359787,23.752660900354385,,,
m5b_smooth0.3,41,0.02311483770608902,0.31048551201820374,0.10403977334499359,0.22613397240638733,0.11505302041769028,0.24428793787956238,23.636974684894085,,,
m5b_smooth0.3,42,0.09342477470636368,0.34454014897346497,0.0881071463227272,0.20355680584907532,0.10685010999441147,0.2569453716278076,25.716372475028038,,,
m5b_smooth0.3,43,0.039248183369636536,0.3411054015159607,0.0924844890832901,0.2087281048297882,0.11692583560943604,0.2407563030719757,25.37406198680401,,,
m5b_smooth0.3,44,0.041563987731933594,0.3582385778427124,0.09613347053527832,0.1988281011581421,0.11617857217788696,0.23062174022197723,26.22888681292534,,,
m5b_smooth0.3,45,0.14261247217655182,0.41295742988586426,0.08555833995342255,0.1609020233154297,0.09337329864501953,0.2472088783979416,29.460247591137886,,,
m5b_smooth0.3,46,0.03215409815311432,0.42751529812812805,0.08700486272573471,0.15444764494895935,0.09344587475061417,0.2375861257314682,30.18159256875515,,,
m5b_smooth0.3,47,0.10749246925115585,0.44954973459243774,0.07728938013315201,0.1277727335691452,0.07609021663665771,0.26929810643196106,31.73639666289091,,,
m5b_smooth0.3,48,0.09522897005081177,0.4971640110015869,0.07002630084753036,0.11161191016435623,0.06833674758672714,0.25286078453063965,34.25311090797186,,,
m5b_smooth0.3,49,0.04059810936450958,0.4768652021884918,0.07528907805681229,0.11717934906482697,0.07612921297550201,0.2545374035835266,33.13516739755869,,,
m5b_smooth0.3,50,0.011476144194602966,0.4784594774246216,0.07760202884674072,0.11711012572050095,0.07796025276184082,0.24886874854564667,33.16638530045748,,,
m5b_smooth0.3,51,0.03746248781681061,0.4744219183921814,0.0740048885345459,0.11020302027463913,0.07377085089683533,0.26760002970695496,33.132725425064564,,,
m5b_smooth0.3,52,0.04519093036651611,0.49691057205200195,0.07239425927400589,0.10669462382793427,0.07387682795524597,0.2501227557659149,34.22596883028746,,,
m5b_smooth0.3,53,0.03725608438253403,0.47828325629234314,0.07701069861650467,0.11284138262271881,0.08153259009122849,0.2503325641155243,33.18791425228119,,,
m5b_smooth0.3,54,0.14893820881843567,0.5527517199516296,0.07217559218406677,0.10538867115974426,0.07697440683841705,0.192708820104599,36.79018913209438,,,
m5b_smooth0.3,55,0.03382829576730728,0.5593405961990356,0.07609149068593979,0.11179836094379425,0.07380305230617523,0.17896634340286255,36.99407251924276,,,
m5b_smooth0.3,56,0.006844259798526764,0.5624204277992249,0.07610156387090683,0.1121307909488678,0.07191479951143265,0.17743267118930817,37.145180597901344,,,
m5b_smooth0.3,57,0.1488179862499237,0.6368294954299927,0.06530512124300003,0.09646967798471451,0.06586301326751709,0.13553309440612793,40.922988295555115,,,
m5b_smooth0.3,58,0.012248389422893524,0.6332734227180481,0.06527397781610489,0.09699494391679764,0.0714612677693367,0.13299544155597687,40.71482922881842,,,
m5b_smooth0.3,59,0.13190148398280144,0.6992245316505432,0.05487530678510666,0.08221452683210373,0.06135215237736702,0.10233327001333237,44.11712163314223,,,
m5b_smooth0.3,60,0.014821086078882217,0.7049095630645752,0.0532224103808403,0.08034776151180267,0.06307809799909592,0.09844282269477844,44.40858568251133,,,
m5b_smooth0.3,61,0.022219866514205933,0.6938944458961487,0.05589640885591507,0.08434119820594788,0.06298293173313141,0.10288497060537338,43.82385686784983,,,
m5b_smooth0.3,62,0.030987810343503952,0.709388256072998,0.05442938208580017,0.08228113502264023,0.05547604337334633,0.09842494875192642,44.630849737674,,,
m5b_smooth0.3,63,0.0016291551291942596,0.7101728320121765,0.05412576347589493,0.08228384703397751,0.05496520549058914,0.0984523594379425,44.67443669587374,,,
m5b_smooth0.3,64,0.03048034757375717,0.7252427339553833,0.05106005445122719,0.07775312662124634,0.05513500049710274,0.09080813825130463,45.45614241063595,,,
m5b_smooth0.3,65,0.0973232053220272,0.7739039659500122,0.042679671198129654,0.0651947408914566,0.046674005687236786,0.07154592871665955,48.00086289271712,,,
m5b_smooth0.3,66,0.017626143991947174,0.782717764377594,0.04055102914571762,0.06236918270587921,0.04661093279719353,0.06775085628032684,48.465512957423925,,,
m5b_smooth0.3,67,0.043592534959316254,0.7609216570854187,0.04400153458118439,0.06780881434679031,0.053403589874506,0.07386448979377747,47.310655388981104,,,
m5b_smooth0.3,68,0.008694909512996674,0.7565739154815674,0.04560378938913345,0.06831752508878708,0.05434196814894676,0.07516231387853622,47.07765746489167,,,
m5b_smooth0.3,69,0.02757997065782547,0.7703636884689331,0.0433051697909832,0.06506945937871933,0.05173999071121216,0.06952077895402908,47.79580569639802,,,
m5b_smooth0.3,70,0.031900838017463684,0.786314845085144,0.039541177451610565,0.06043055281043053,0.04896335303783417,0.06475063413381577,48.648975890129805,,,
m5b_smooth0.3,71,0.06350213289260864,0.7545629143714905,0.044687170535326004,0.06826400011777878,0.05816246569156647,0.07432228326797485,46.970903258770704,,,
m5b_smooth0.3,72,0.012404490262269974,0.7483614683151245,0.04507514461874962,0.06937122344970703,0.060835231095552444,0.07635736465454102,46.64972663670778,,,
m5b_smooth0.3,73,0.0739242471754551,0.7113988399505615,0.050335388630628586,0.07797328382730484,0.07210967689752579,0.088182233273983,44.70750464126468,,,
m5b_smooth0.3,74,0.03722621500492096,0.730012059211731,0.04871734604239464,0.07328782975673676,0.06627615541219711,0.08170625567436218,45.67712505534291,,,
m5b_smooth0.3,75,0.09636962041258812,0.7781971096992493,0.044504664838314056,0.06162989139556885,0.05073720961809158,0.06493125110864639,48.18541890382767,,,
m5b_smooth0.3,76,0.018569424748420715,0.7874811887741089,0.044033803045749664,0.05889574810862541,0.04771842062473297,0.061869699507951736,48.669797111302614,,,
m5b_smooth0.3,77,0.031169869005680084,0.7718968987464905,0.046095363795757294,0.06310244649648666,0.051871754229068756,0.06703368574380875,47.85079050809145,,,
m5b_smooth0.3,78,0.008032720535993576,0.7678804397583008,0.04609766602516174,0.06445249170064926,0.05298857018351555,0.06858078390359879,47.64333249256015,,,
m5b_smooth0.3,79,0.02447124943137169,0.7556451559066772,0.04741540178656578,0.06756506860256195,0.056552041321992874,0.07282296568155289,47.00420577079058,,,
m5b_smooth0.3,80,0.08984033018350601,0.7107247114181519,0.05495510250329971,0.07888191193342209,0.06848053634166718,0.08695781230926514,44.63185665011406,,,
m5b_smooth0.3,81,0.04910394549369812,0.7352767586708069,0.04927430674433708,0.07285071164369583,0.06213349476456642,0.08046495169401169,45.945875748991966,,,
m5b_smooth0.3,82,0.04408484697341919,0.7132343649864197,0.052176110446453094,0.07853443175554276,0.06806094199419022,0.08799443393945694,44.79018997400999,,,
m5b_smooth0.3,83,0.04426012933254242,0.7318395972251892,0.04609829559922218,0.07137887179851532,0.0591638945043087,0.09151890873908997,45.86602272838354,,,
m5b_smooth0.3,84,0.056113116443157196,0.7037836909294128,0.04827681928873062,0.0758296325802803,0.06317112594842911,0.10893960297107697,44.47013949602842,,,
m5b_smooth0.3,85,0.06621911749243736,0.736892819404602,0.04202153533697128,0.0672232061624527,0.053802791982889175,0.10005965828895569,46.234715078026056,,,
m5b_smooth0.3,86,0.02070155367255211,0.7267170548439026,0.04184681922197342,0.06801968067884445,0.05473904311656952,0.10867800563573837,45.753594532608986,,,
m5b_smooth0.3,87,0.019882123917341232,0.7172622084617615,0.04471291974186897,0.07329444587230682,0.054252222180366516,0.11047759652137756,45.22678067162633,,,
m5b_smooth0.3,88,0.021271344274282455,0.7067164778709412,0.04462346434593201,0.07373395562171936,0.05644519627094269,0.11848127096891403,44.722668170928955,,,
m5b_smooth0.3,89,0.007761426270008087,0.7105969190597534,0.043387867510318756,0.07208063453435898,0.055622853338718414,0.11831154674291611,44.941166542470455,,,
m5b_smooth0.3,90,0.01119663193821907,0.7101572155952454,0.04501829668879509,0.07604829221963882,0.05376820266246796,0.11500735580921173,44.86907650902867,,,
m5b_smooth0.3,91,0.035681769251823425,0.6923168301582336,0.048364121466875076,0.08308667689561844,0.05567557364702225,0.12055715918540955,43.91416320577264,,,
m5b_smooth0.3,92,0.02833373472094536,0.7064831256866455,0.04726213961839676,0.08193256705999374,0.052609339356422424,0.11171204596757889,44.61428140103817,,,
m5b_smooth0.3,93,0.021373756229877472,0.6957968473434448,0.04936100170016289,0.08645348250865936,0.05458324775099754,0.11380583792924881,44.0318967550993,,,
m5b_smooth0.3,94,0.034433797001838684,0.7130136489868164,0.04658127948641777,0.08316431939601898,0.051627982407808304,0.10561299324035645,44.91687095910311,,,
m5b_smooth0.3,95,0.05691315233707428,0.684556782245636,0.05048075690865517,0.0913001075387001,0.05731053277850151,0.11635146290063858,43.427882224321365,,,
m5b_smooth0.3,96,0.05999724194407463,0.7145552635192871,0.046582940965890884,0.08433312922716141,0.05251942574977875,0.10200860351324081,44.968654569238424,,,
m5b_smooth0.3,97,0.014024965465068817,0.7213446497917175,0.044438064098358154,0.08120425045490265,0.05078135058283806,0.10223235189914703,45.35545218363404,,,
m5b_smooth0.3,98,0.015107516199350357,0.7265733480453491,0.042270954698324203,0.07751403003931046,0.04908401891589165,0.10455650836229324,45.67659317702055,,,
m5b_smooth0.3,99,0.010124679654836655,0.7307168841362,0.04154124855995178,0.07750188559293747,0.05000367388129234,0.10023687034845352,45.87040185555816,,,
m5b_smooth0.3,100,0.01101653277873993,0.7252083420753479,0.04185780510306358,0.07986278086900711,0.052477315068244934,0.10059376806020737,45.56960063055158,,,
m5b_smooth0.3,101,0.021072763949632645,0.7345396876335144,0.043063174933195114,0.07702235877513885,0.05138516053557396,0.09399029612541199,46.02207177877426,,,
m5b_smooth0.3,102,0.010135538876056671,0.7300258874893188,0.046372685581445694,0.07741935551166534,0.05274558439850807,0.09343548864126205,45.7574999332428,,,
m5b_smooth0.3,103,0.07040118426084518,0.763800859451294,0.047798577696084976,0.06671637296676636,0.04510348662734032,0.07658024877309799,47.463847152888775,,,
m5b_smooth0.3,104,0.007301632314920425,0.7601509690284729,0.048732608556747437,0.06729088723659515,0.04664677754044533,0.0771801546216011,47.26671301946044,,,
m5b_smooth0.3,105,0.03253285586833954,0.7439454197883606,0.04986872896552086,0.07493555545806885,0.05413156747817993,0.07711842656135559,46.3699795268476,,,
m5b_smooth0.3,106,0.08130841329693794,0.784599781036377,0.039863068610429764,0.06579353660345078,0.04783075302839279,0.06191286817193031,48.51482596620917,,,
m5b_smooth0.3,107,0.012512389570474625,0.7801862955093384,0.03898056596517563,0.0686413049697876,0.051239460706710815,0.060952942818403244,48.26809963583946,,,
m5b_smooth0.3,108,0.009866870939731598,0.7762987613677979,0.03793460130691528,0.06995698064565659,0.052294764667749405,0.06351533532142639,48.08100927248597,,,
m5b_smooth0.3,109,0.01751786097884178,0.7841774821281433,0.036764539778232574,0.07083719968795776,0.046743158251047134,0.061478082090616226,48.48782032355666,,,
m5b_smooth0.3,110,0.03752025216817856,0.7654180526733398,0.03927499055862427,0.0795046016573906,0.04881630092859268,0.06698790937662125,47.48241679370403,,,
m5b_smooth0.3,111,0.0040471963584423065,0.7655993103981018,0.03878726810216904,0.08091167360544205,0.04727945104241371,0.06742220371961594,47.49234792217612,,,
m5b_smooth0.3,112,0.030743788927793503,0.750227689743042,0.04088636860251427,0.08728078007698059,0.049518685787916183,0.07208693027496338,46.672237917780876,,,
m5b_smooth0.3,113,0.06807564198970795,0.7842651605606079,0.03563806042075157,0.0757259652018547,0.041731979697942734,0.06263858824968338,48.48778968304396,,,
m5b_smooth0.3,114,0.027869727462530136,0.7703304290771484,0.0376506932079792,0.08058327436447144,0.04430878162384033,0.06712684035301208,47.74916349723935,,,
m5b_smooth0.3,115,0.032867636531591415,0.78676438331604,0.034838128834962845,0.0745939239859581,0.04094346985220909,0.0628603845834732,48.63113257288933,,,
m5b_smooth0.3,116,0.005291588604450226,0.789410412311554,0.03401268646121025,0.07357407361268997,0.04038916900753975,0.06261441856622696,48.77868568897247,,,
m5b_smooth0.3,117,0.0365239679813385,0.771147608757019,0.03685401380062103,0.07978491485118866,0.0441279411315918,0.06808464229106903,47.80714586377144,,,
m5b_smooth0.3,118,0.022329162806272507,0.7823126912117004,0.034735701978206635,0.07536642253398895,0.04217511788010597,0.06541018933057785,48.41056491807103,,,
m5b_smooth0.3,119,0.049548596143722534,0.7575385570526123,0.038039807230234146,0.08359676599502563,0.047541335225105286,0.07328398525714874,47.09990866854787,,,
ensemble3,4,,,,,,,,0.33332547545433044,0.33332547545433044,0.33332547545433044
ensemble3,5,0.6244024038314819,,,,,,,0.6455382704734802,0.17723067104816437,0.17723067104816437
ensemble3,6,0.13283313810825348,,,,,,,0.6200077533721924,0.24364729225635529,0.13634467124938965
ensemble3,7,0.3243873864412308,,,,,,,0.45781370997428894,0.3636065125465393,0.17857879400253296
ensemble3,8,0.016684576869010925,,,,,,,0.4494715929031372,0.3656819760799408,0.18484579026699066
ensemble3,9,0.020254284143447876,,,,,,,0.45725247263908386,0.3555554151535034,0.1871926337480545
ensemble3,10,0.0645446926355362,,,,,,,0.42498013377189636,0.363216757774353,0.2118036448955536
ensemble3,11,0.01823793351650238,,,,,,,0.43409866094589233,0.35844630002975464,0.20745469629764557
ensemble3,12,0.033572033047676086,,,,,,,0.4340380132198334,0.37523263692855835,0.19072964787483215
ensemble3,13,0.036292240023612976,,,,,,,0.4210507273674011,0.39337894320487976,0.18557099997997284
ensemble3,14,0.02688102424144745,,,,,,,0.43449079990386963,0.39157935976982117,0.1739296317100525
ensemble3,15,0.10570833086967468,,,,,,,0.4781799614429474,0.338725209236145,0.18309465050697327
ensemble3,16,0.06260165572166443,,,,,,,0.5094811320304871,0.3196949362754822,0.17082443833351135
ensemble3,17,0.05672580003738403,,,,,,,0.5300439596176147,0.2913321554660797,0.17862462997436523
ensemble3,18,0.10327394306659698,,,,,,,0.4784070551395416,0.33248481154441833,0.18910901248455048
ensemble3,19,0.03450000286102295,,,,,,,0.46896374225616455,0.349734365940094,0.18130187690258026
ensemble3,20,0.008039623498916626,,,,,,,0.4696572721004486,0.3457146883010864,0.18462829291820526
ensemble3,21,0.002809688448905945,,,,,,,0.4700942933559418,0.3443099856376648,0.1855962574481964
ensemble3,22,0.04929457604885101,,,,,,,0.47855931520462036,0.3604922294616699,0.1609489470720291
ensemble3,23,0.018740400671958923,,,,,,,0.4691891372203827,0.3629118800163269,0.16789951920509338
ensemble3,24,0.023510828614234924,,,,,,,0.45743313431739807,0.36572155356407166,0.17684467136859894
ensemble3,25,0.020953461527824402,,,,,,,0.4565742313861847,0.3561044931411743,0.18732216954231262
ensemble3,26,0.08030711114406586,,,,,,,0.49155351519584656,0.3612784743309021,0.1471683233976364
ensemble3,27,0.06193065643310547,,,,,,,0.4605877697467804,0.39071744680404663,0.1486942619085312
ensemble3,28,0.024799376726150513,,,,,,,0.45084452629089355,0.388060986995697,0.16109393537044525
ensemble3,29,0.04945346713066101,,,,,,,0.4755713641643524,0.37531667947769165,0.14911161363124847
ensemble3,30,0.06454043090343475,,,,,,,0.44330114126205444,0.3906415104866028,0.16605699062347412
ensemble3,31,0.07252708077430725,,,,,,,0.4795641303062439,0.3744511604309082,0.1459832489490509
ensemble3,32,0.01822628080844879,,,,,,,0.47429949045181274,0.3706030547618866,0.15509678423404694
ensemble3,33,0.15518800914287567,,,,,,,0.3967058062553406,0.3921925127506256,0.21110165119171143
ensemble3,34,0.032405778765678406,,,,,,,0.38050296902656555,0.39606136083602905,0.22343574464321136
ensemble3,35,0.08548757433891296,,,,,,,0.4026872515678406,0.4166209399700165,0.18069203197956085
ensemble3,36,0.007918328046798706,,,,,,,0.3987281620502472,0.41900888085365295,0.1822633296251297
ensemble3,37,0.016896530985832214,,,,,,,0.39622917771339417,0.41305941343307495,0.19071140885353088
ensemble3,38,0.0524010956287384,,,,,,,0.41855961084365845,0.4169292747974396,0.1645106077194214
ensemble3,39,0.051627978682518005,,,,,,,0.44437336921691895,0.4057747721672058,0.14985089004039764
ensemble3,40,0.08332289755344391,,,,,,,0.44468268752098083,0.3641136884689331,0.19120338559150696
ensemble3,41,0.04325565695762634,,,,,,,0.4345325231552124,0.3857417106628418,0.17972591519355774
ensemble3,42,0.04818643629550934,,,,,,,0.4235001504421234,0.40983495116233826,0.16666509211063385
ensemble3,43,0.08968465030193329,,,,,,,0.39206913113594055,0.3964235782623291,0.21150735020637512
ensemble3,44,0.04034420847892761,,,,,,,0.39359602332115173,0.37625113129615784,0.2301522195339203
ensemble3,45,0.07982434332370758,,,,,,,0.42339494824409485,0.3863649368286133,0.19024060666561127
ensemble3,46,0.02190549671649933,,,,,,,0.4158608019351959,0.39731737971305847,0.18682169914245605
ensemble3,47,0.007214486598968506,,,,,,,0.4122539460659027,0.3976786732673645,0.19006803631782532
ensemble3,48,0.03784242272377014,,,,,,,0.4115455746650696,0.3794650733470917,0.2089884877204895
ensemble3,49,0.04874303936958313,,,,,,,0.43591755628585815,0.3692482113838196,0.19483429193496704
ensemble3,50,0.08092445135116577,,,,,,,0.4763798713684082,0.3680284023284912,0.1555919647216797
ensemble3,51,0.06987890601158142,,,,,,,0.4414404034614563,0.38304603099823,0.17551377415657043
ensemble3,52,0.07933381199836731,,,,,,,0.42078524827957153,0.3640342652797699,0.2151806652545929
ensemble3,53,0.0337827205657959,,,,,,,0.4063258171081543,0.361601859331131,0.23207154870033264
ensemble3,54,0.08102092146873474,,,,,,,0.3922717273235321,0.33514586091041565,0.27258238196372986
ensemble3,55,0.0549657940864563,,,,,,,0.41975390911102295,0.31256920099258423,0.2676754295825958
ensemble3,56,0.022182464599609375,,,,,,,0.40866315364837646,0.31396257877349854,0.2773737609386444
ensemble3,57,0.05804473161697388,,,,,,,0.3858095705509186,0.3429850935935974,0.2712051272392273
ensemble3,58,0.009597420692443848,,,,,,,0.3864627778530121,0.347130686044693,0.26640650629997253
ensemble3,59,0.0917525440454483,,,,,,,0.43233922123908997,0.33305713534355164,0.23460395634174347
ensemble3,60,0.05669419467449188,,,,,,,0.41809526085853577,0.3189537227153778,0.2629507780075073
ensemble3,61,0.05056828260421753,,,,,,,0.3928113877773285,0.34388065338134766,0.26330825686454773
ensemble3,62,0.05789533257484436,,,,,,,0.3638635575771332,0.36298868060112,0.27314773201942444
ensemble3,63,0.06466260552406311,,,,,,,0.33153218030929565,0.3652638792991638,0.3032037615776062
ensemble3,64,0.16493180394172668,,,,,,,0.41399821639060974,0.35472244024276733,0.2312794327735901
ensemble3,65,0.01911020278930664,,,,,,,0.4091387391090393,0.364277720451355,0.22658398747444153
ensemble3,66,0.08197715878486633,,,,,,,0.4424014091491699,0.3232883810997009,0.2343091368675232
ensemble3,67,0.08663304150104523,,,,,,,0.3990853726863861,0.354343056678772,0.24657146632671356
ensemble3,68,0.04624010622501373,,,,,,,0.38244855403900146,0.3478598892688751,0.2696915864944458
ensemble3,69,0.1141284704208374,,,,,,,0.34848013520240784,0.3247639536857605,0.32675570249557495
ensemble3,70,0.046442627906799316,,,,,,,0.3717012107372284,0.3171864151954651,0.3111116886138916
ensemble3,71,0.008614569902420044,,,,,,,0.3760087788105011,0.31683236360549927,0.3071587383747101
ensemble3,72,0.040997594594955444,,,,,,,0.3830350637435913,0.29633378982543945,0.3206314742565155
ensemble3,73,0.10677006840705872,,,,,,,0.32964953780174255,0.33261653780937195,0.33773326873779297
ensemble3,74,0.07435265183448792,,,,,,,0.3668263852596283,0.329254150390625,0.30391985177993774
ensemble3,75,0.004910975694656372,,,,,,,0.36928150057792664,0.3269317150115967,0.30378642678260803
ensemble3,76,0.01010403037071228,,,,,,,0.3731590211391449,0.32188019156455994,0.3049614131450653
ensemble3,77,0.03393462300300598,,,,,,,0.387326180934906,0.30491191148757935,0.3077605962753296
ensemble3,78,0.06845581531524658,,,,,,,0.3619479238986969,0.2960629463195801,0.3419891893863678
ensemble3,79,0.030559122562408447,,,,,,,0.35063111782073975,0.31134214997291565,0.3380260765552521
ensemble3,80,0.08689224720001221,,,,,,,0.3321495056152344,0.3547886908054352,0.31306198239326477
ensemble3,81,0.038040339946746826,,,,,,,0.3511698842048645,0.3409138321876526,0.30791687965393066
ensemble3,82,0.07483470439910889,,,,,,,0.35549503564834595,0.3034963309764862,0.3410089313983917
ensemble3,83,0.030233919620513916,,,,,,,0.36818915605545044,0.30591896176338196,0.32589176297187805
ensemble3,84,0.10674530267715454,,,,,,,0.314816415309906,0.3339262902736664,0.35125699639320374
ensemble3,85,0.04463973641395569,,,,,,,0.31911513209342957,0.3519474267959595,0.3289371132850647
ensemble3,86,0.04470565915107727,,,,,,,0.33100003004074097,0.32959505915641785,0.33940550684928894
ensemble3,87,0.07011809945106506,,,,,,,0.3403598666191101,0.29453542828559875,0.36510413885116577
ensemble3,88,0.037153661251068115,,,,,,,0.35326099395751953,0.3002111315727234,0.3465273082256317
ensemble3,89,0.04098796844482422,,,,,,,0.3650722801685333,0.30889391899108887,0.32603341341018677
ensemble3,90,0.07147449254989624,,,,,,,0.3293348252773285,0.32875871658325195,0.3419056534767151
ensemble3,91,0.09406888484954834,,,,,,,0.3550427258014679,0.35008540749549866,0.29487136006355286
ensemble3,92,0.00819253921508789,,,,,,,0.3591393530368805,0.34923693537712097,0.29162392020225525
ensemble3,93,0.007469862699508667,,,,,,,0.3554040789604187,0.35073351860046387,0.29386192560195923
ensemble3,94,0.03465297818183899,,,,,,,0.3675623834133148,0.3334074020385742,0.29903048276901245
ensemble3,95,0.1343928873538971,,,,,,,0.37702372670173645,0.2662104666233063,0.35676509141921997
ensemble3,96,0.03631731867790222,,,,,,,0.3693430721759796,0.28436926007270813,0.34628722071647644
ensemble3,97,0.07717540860176086,,,,,,,0.352600634098053,0.32295745611190796,0.32444244623184204
ensemble3,98,0.04559046030044556,,,,,,,0.3298048973083496,0.3232134282588959,0.3469811975955963
ensemble3,99,0.06408229470252991,,,,,,,0.34964314103126526,0.2911722958087921,0.3591841161251068
ensemble3,100,0.09827151894569397,,,,,,,0.30903446674346924,0.28264519572257996,0.4083198606967926
ensemble3,101,0.08217969536781311,,,,,,,0.3089727759361267,0.32373538613319397,0.36729204654693604
ensemble3,102,0.03450927138328552,,,,,,,0.29171839356422424,0.3368909955024719,0.37139132618904114
ensemble3,103,0.12024906277656555,,,,,,,0.34917834401130676,0.2767658531665802,0.37405529618263245
ensemble3,104,0.04135218262672424,,,,,,,0.32850244641304016,0.2774176001548767,0.3940798342227936
ensemble3,105,0.030213475227355957,,,,,,,0.33140501379966736,0.2896217107772827,0.3789730370044708
ensemble3,106,0.00979679822921753,,,,,,,0.3355907201766968,0.2903340756893158,0.3740743100643158
ensemble3,107,0.07284057140350342,,,,,,,0.3315809667110443,0.3267550468444824,0.34166446328163147
ensemble3,108,0.011232912540435791,,,,,,,0.33018937706947327,0.32252973318099976,0.34728047251701355
ensemble3,109,0.10196313261985779,,,,,,,0.2953656315803528,0.3063719570636749,0.398262083530426
ensemble3,110,0.009944736957550049,,,,,,,0.2981056869029999,0.30139991641044617,0.4004947245121002
ensemble3,111,0.08939871191978455,,,,,,,0.334103524684906,0.31010138988494873,0.35579532384872437
ensemble3,112,0.024075061082839966,,,,,,,0.34614071249961853,0.2995434105396271,0.3543154299259186
ensemble3,113,0.041991472244262695,,,,,,,0.3467702567577362,0.27854761481285095,0.3746815621852875
ensemble3,114,0.08280390501022339,,,,,,,0.3538324236869812,0.3128877282142639,0.33327993750572205
ensemble3,115,0.005663275718688965,,,,,,,0.35646021366119385,0.3130913972854614,0.33044812083244324
ensemble3,116,0.13309410214424133,,,,,,,0.2953890860080719,0.30761516094207764,0.39699485898017883
ensemble3,117,0.026569485664367676,,,,,,,0.29379892349243164,0.32090041041374207,0.38530078530311584
ensemble3,118,0.12751126289367676,,,,,,,0.32849541306495667,0.3499595522880554,0.32154515385627747
ensemble3,119,0.11261144280433655,,,,,,,0.3695124089717865,0.2936537563800812,0.33683380484580994
