method,day,gate_move_l1,pi_expanding,pi_rolling_1,pi_rolling_3,pi_rolling_7,pi_rolling_14,h_eff,pi_m2,pi_m5b,pi_m5b_hs
adamoe,4,,0.2,0.2,0.2,0.2,0.2,17.0,,,
adamoe,5,0.01644519089631824,0.19725913485061353,0.20715892206909137,0.20106367337906744,0.19725913485061353,0.19725913485061353,16.78833986510599,,,
adamoe,6,0.006048290358228292,0.19715581966060985,0.20444472245998896,0.2040878185581823,0.19715581966060985,0.19715581966060985,16.786329570643932,,,
adamoe,7,0.006769380382808554,0.19720003467809794,0.20106003226858465,0.20733986369712232,0.19720003467809794,0.19720003467809794,16.796282432285885,,,
adamoe,8,0.008576383107064905,0.19815381256297215,0.19677184071505252,0.20876672159603243,0.19815381256297215,0.19815381256297215,16.873530823103895,,,
adamoe,9,0.010235545968424381,0.199323883810471,0.19312723600499376,0.20729355332187882,0.20093144305218646,0.199323883810471,16.97149539931079,,,
adamoe,10,0.004501965047056772,0.19945878346106022,0.1928572859940596,0.20531252080928425,0.20291262627453607,0.19945878346106022,16.98913320846212,,,
adamoe,11,0.0063416970595026045,0.20001823800723012,0.19148453574584673,0.2035144225277456,0.20496456571194735,0.20001823800723012,17.038129375847745,,,
adamoe,12,0.006556131443349461,0.20113030353961137,0.189878849675307,0.2018420428766109,0.20601850036885988,0.20113030353961137,17.1211769428184,,,
adamoe,13,0.006564515732720794,0.20242624272140294,0.18839507167557898,0.200043563009978,0.2067088798716366,0.20242624272140294,17.215029881190787,,,
adamoe,14,0.0043053896515081735,0.20320759938982624,0.18661992851019554,0.1996660113496075,0.20729886136054423,0.20320759938982624,17.27407234692997,,,
adamoe,15,0.0013244855407089362,0.2032089547327024,0.1863148183613545,0.2003255434342101,0.20694172873903127,0.2032089547327024,17.27334620005718,,,
adamoe,16,0.003892736482604464,0.20362062040758333,0.18583761777485305,0.1998325548589378,0.2059655496595025,0.20474365729912342,17.31074255661091,,,
adamoe,17,0.0027699005822338085,0.20393054332186117,0.18515157798784954,0.19935355768344415,0.20574563633088305,0.20581868467596276,17.340725890129512,,,
adamoe,18,0.006864363626828018,0.20557409746948868,0.18694020565363562,0.19809405300568933,0.20375029385287735,0.20564135001830885,17.420899170066487,,,
adamoe,19,0.010126632276640762,0.20797234816290955,0.18960527109853487,0.1969406224241997,0.2016278933789004,0.20385386493545476,17.524117390894375,,,
adamoe,20,0.013838881524399632,0.20800325655583038,0.19599139702927584,0.19744302886273807,0.19868554208477435,0.19987677546738136,17.457589528104073,,,
adamoe,21,0.02955364730296353,0.20323938297515362,0.20519736243650843,0.20301388710698703,0.19514977136736034,0.19339959611399016,17.08224474743407,,,
adamoe,22,0.041273276152412,0.19395061903224498,0.21553569042023413,0.21331219719946765,0.1919745766355772,0.18522691671247624,16.429508294377044,,,
adamoe,23,0.01882969081176486,0.1878264323756389,0.21783371664346612,0.21999126485292309,0.19241232816477194,0.18193625796319962,16.041387362378767,,,
adamoe,24,0.01846192478557218,0.18374142757291823,0.21371451198813773,0.22501498129330244,0.19661957411717884,0.18090950502846276,15.822315199461869,,,
adamoe,25,0.016234520806634845,0.18269240119819494,0.20776503471750493,0.22389622453534078,0.2027762626905984,0.1828700768583603,15.820612695066457,,,
adamoe,26,0.01703750031651924,0.18261429298858828,0.2025726260348344,0.2206479912693586,0.208600838279244,0.18556425142797456,15.879479567104559,,,
adamoe,27,0.013287859785664907,0.18307089275371424,0.19938841497315007,0.21718827243821065,0.2121902623016842,0.18816215753324103,15.9548088390878,,,
adamoe,28,0.013839055453234217,0.1842864668583679,0.19638967812645447,0.21326748155828923,0.21470910201884758,0.1913472714380412,16.075205648567906,,,
adamoe,29,0.007548514530245465,0.18431264662067137,0.19534253869461576,0.210540363725005,0.21563896644065242,0.1941654845190554,16.113511975461254,,,
adamoe,30,0.009398080783480062,0.1857248034837393,0.19314200889188776,0.2085650115546336,0.21511580802201175,0.19745236804772748,16.232469061402412,,,
adamoe,31,0.008367704020891736,0.1864817974272119,0.1907802244082838,0.2080742639283793,0.21378448812142448,0.20087922611470105,16.312711444281923,,,
adamoe,32,0.008779506730664494,0.18729801990077058,0.18940606664874637,0.20611310059954077,0.21273005584446836,0.2044527570064748,16.39707555149553,,,
adamoe,33,0.008164841096190284,0.18833661588411676,0.18886275239595007,0.20401573659175942,0.2112883135569509,0.2074965815712238,16.485077252114024,,,
adamoe,34,0.005109457357676539,0.18920923811288365,0.18771504548267276,0.2034378214041543,0.21045920697899492,0.20917868802129505,16.55229887761925,,,
adamoe,35,0.07216514427686557,0.22529181025131623,0.1865448932941911,0.19127811239359585,0.1981528143028167,0.1987323697580804,18.447210722286794,,,
adamoe,36,0.06654794567813663,0.21045447362427824,0.21811757767730255,0.1929794008495525,0.189848665529887,0.18859988231897956,17.39366320885758,,,
adamoe,37,0.03207834740496063,0.19899976971477945,0.2233061058325861,0.20383004639674912,0.18948085948893437,0.1843832185669505,16.682513504269448,,,
adamoe,38,0.0369492142105437,0.18894130970398385,0.21734586812026127,0.22082952376585377,0.19095598922510187,0.18192730918479938,16.099987274819757,,,
adamoe,39,0.017457796063634845,0.18355536880326376,0.2140029109891638,0.22484599226106544,0.19535004857687333,0.18224567936963354,15.820752867181168,,,
adamoe,40,0.01570425244226148,0.1823751877321135,0.20799464852517235,0.2241823095750768,0.20112358698514982,0.18432426718248818,15.811457690628096,,,
adamoe,41,0.01916667075813039,0.17963951912766785,0.20352564889632802,0.22180364242930134,0.20821114334381152,0.18682004620289142,15.720266374091464,,,
adamoe,42,0.01314200621656228,0.17894272319922094,0.2013889441271314,0.2180661400186633,0.21347460462941464,0.18812758802556903,15.720259220900246,,,
adamoe,43,0.013596112795213694,0.1796698561439224,0.1981237334144259,0.2145332943337621,0.21582020265181,0.1918529134560792,15.818597191998833,,,
adamoe,44,0.010478247599454732,0.17950170163126372,0.19539026284244287,0.21219579561867655,0.2171698721344841,0.1957423677731326,15.86266200133954,,,
adamoe,45,0.006139084231724767,0.1793021906595506,0.19407785966453028,0.21063816765243987,0.21731122243523016,0.19867055958824892,15.886690193476982,,,
adamoe,46,0.006555605201611303,0.17925294166190703,0.1948630177368709,0.20915600269888154,0.21556483378562635,0.2011632041167139,15.902746219681315,,,
adamoe,47,0.007618917468999731,0.17963980714385216,0.19352952789318253,0.20770834698839907,0.21453652060529743,0.20458579736926874,15.960999804896355,,,
adamoe,48,0.006678395656021574,0.17995690557763694,0.19371281557855585,0.20601339448052702,0.2128922752851586,0.20742460907812135,16.003357787768163,,,
adamoe,49,0.009050988360982948,0.18116724300183024,0.1917649616721193,0.20473708898814721,0.21159094050348348,0.2107397658344195,16.107504113952633,,,
adamoe,50,0.004491693593197732,0.18099578569876318,0.19002442405301911,0.2044032371137155,0.2117964901632871,0.21278006297121466,16.12447759005997,,,
adamoe,51,0.0036479404533048543,0.18269963047204696,0.18937450753221396,0.20382761552260875,0.21119805804854647,0.2129001884245832,16.221824226706847,,,
adamoe,52,0.08800109096456088,0.2267001759543274,0.18423527031047593,0.19190240586802013,0.1973666318087337,0.19979551605844217,18.540656692653506,,,
adamoe,53,0.06943226127050048,0.214080361110561,0.21715124817546558,0.1937025586382808,0.18829911897440405,0.18676671310128806,17.575908406962828,,,
adamoe,54,0.03637623850977181,0.20199662585628791,0.22347928449334353,0.2055626415752888,0.1875157026672678,0.18144574540781155,16.812815114976722,,,
adamoe,55,0.032758113293429314,0.19225175494188548,0.21764917457928856,0.21889653052915609,0.19056087036011551,0.18064166958955463,16.27235352945446,,,
adamoe,56,0.01983679477298317,0.18619236994185762,0.21411398795155032,0.22450308706972577,0.19487271120603739,0.18031784383082913,15.947724237746053,,,
adamoe,57,0.020302858672215235,0.18173207351501486,0.2085512604962917,0.22437468161571933,0.20184250859229855,0.18349947578067538,15.767489937319887,,,
adamoe,58,0.017233419021858737,0.18041928657420137,0.20461529064087314,0.2210067289010222,0.208270555762108,0.18568813812179547,15.750320495835915,,,
adamoe,59,0.020047111867640938,0.17925484152640864,0.20000061570292205,0.21676229295294566,0.2145104638009866,0.18947178601673748,15.759756236987508,,,
adamoe,60,0.013245976056701664,0.1790428106577066,0.19649540381210756,0.2138565476841113,0.21763168674424377,0.1929735511018311,15.80568520896218,,,
adamoe,61,0.008114970007220196,0.17834798088931114,0.1951621363198928,0.2118271599411114,0.21784150590478346,0.19682121694490146,15.811910048064,,,
adamoe,62,0.006310694553236185,0.17836763788956694,0.19448491527404618,0.21087630127208756,0.21631423834303587,0.1999569072212638,15.842768461963269,,,
adamoe,63,0.005583087842750717,0.17788164965788522,0.19393302568092502,0.20925348949494232,0.21618338402360857,0.2027484511426391,15.846354477801073,,,
adamoe,64,0.005459752627166414,0.17788554794197126,0.1938010169301677,0.20789589828528196,0.2149431076704428,0.20547442917213604,15.871865350407294,,,
adamoe,65,0.010847603648006687,0.17997517449847,0.1917719363019298,0.2061270940666579,0.21331719069330152,0.20880860443964072,16.025204485418183,,,
adamoe,66,0.006318058051870579,0.17950418168709142,0.1904447608468458,0.2055810268754069,0.21250239712508007,0.2119676334655763,16.03250239109218,,,
adamoe,67,0.0032244163154776795,0.1787256099088933,0.19016514021771705,0.20548139622515943,0.21204801202491558,0.21357984162331511,16.004599790327614,,,
adamoe,68,0.0026497526669191362,0.17912509961675419,0.19109052684331565,0.20503290794142354,0.21118454289301344,0.2135669227054935,16.02192394580084,,,
adamoe,69,0.1146164699744045,0.23643333460395627,0.18251911355122463,0.18993227547453245,0.19426817941912647,0.19684709695116015,19.054052629462326,,,
adamoe,70,0.0547533071147146,0.22802239310027317,0.20989576710858168,0.18981308060485153,0.18662345761914745,0.18564530156714565,18.3660770202136,,,
adamoe,71,0.03278357702731294,0.21804611201515475,0.21465399142494065,0.20144664480214963,0.18545682187059237,0.18039642988716328,17.725508418255107,,,
adamoe,72,0.031054678010922793,0.2067482073105395,0.2124428856329534,0.21528234671996616,0.18714845895823704,0.17837810137830418,17.07051499642914,,,
adamoe,73,0.020807396543243012,0.19938610728744482,0.2094012873844266,0.21988916850131057,0.1915082206727397,0.1798152161540786,16.690205801001326,,,
adamoe,74,0.020106293160107147,0.19503802529238634,0.20389912662927256,0.2196862646714692,0.19844977517936557,0.182926808227506,16.515363179627503,,,
adamoe,75,0.01851115977465556,0.19135110419537943,0.20077261359670306,0.21724411891371812,0.2050914039301365,0.18554075936406314,16.366781680668463,,,
adamoe,76,0.01711799151771587,0.18963692099677376,0.19712022615562644,0.2140516937945425,0.2115304471480639,0.1876607119049937,16.325453664052038,,,
adamoe,77,0.011532460293672053,0.1882890349855514,0.19486563373905974,0.2118879420754955,0.21394912611750855,0.19100826308238505,16.29963112507458,,,
adamoe,78,0.008166516776589361,0.18724336864726768,0.1943617443415784,0.20935423942296577,0.21442700241530452,0.19461364517288365,16.282606630774037,,,
adamoe,79,0.008906292844904073,0.18770080043176962,0.1914842423833339,0.20777859495875803,0.21474548503268986,0.19829087719344818,16.356158729102887,,,
adamoe,80,0.007315242826953394,0.18631199225629214,0.19005898882825037,0.20741272338935945,0.2142677969191728,0.20194849860692493,16.318170253305016,,,
adamoe,81,0.007123024232979003,0.18700664883114734,0.189801399290137,0.20567364587971004,0.2127029518504462,0.20481535414855934,16.383556887831062,,,
adamoe,82,0.006189223155009499,0.18640432557422024,0.18912092061974928,0.2045878105852571,0.21197697749470923,0.2079099657260641,16.381722249456597,,,
adamoe,83,0.005035218975542544,0.18608679204644957,0.18939635375115266,0.20365887031683655,0.21070584180312896,0.21015214208243177,16.382651369264583,,,
adamoe,84,0.003994268714785892,0.1865805000861186,0.188551218008307,0.2027934092303489,0.21041930427506964,0.21165556840015598,16.42787453839414,,,
adamoe,85,0.0018461589913368603,0.1872747508555576,0.18837410249093423,0.20281568279153822,0.20967334029677417,0.2118621235651963,16.46708931418917,,,
adamoe,86,0.006766191406390759,0.19065784655875284,0.18729150637523065,0.2021696500745795,0.20880210008604652,0.21107889690539075,16.649990507401935,,,
adamoe,87,0.01987204880678034,0.19661626766333873,0.19126910967403465,0.19957182270791698,0.20515927791244612,0.2073835220422632,16.926444891576917,,,
adamoe,88,0.024449089410672947,0.201217355064876,0.19860568725766087,0.19985870242809012,0.20001651670660434,0.20030173854276867,17.075563054979483,,,
adamoe,89,0.02369559274308239,0.20209003516896384,0.206376429005288,0.20306307694791642,0.19560331042276952,0.19286714845506236,17.01033102131713,,,
adamoe,90,0.028261401201005093,0.19914290678978955,0.21319460997480622,0.21037559657890115,0.19217023586073984,0.1851166507957642,16.72972056926476,,,
adamoe,91,0.02076577562718665,0.19232444586766784,0.21669746242781412,0.21607592950735888,0.19334993829286734,0.1815522239042924,16.299572705720127,,,
adamoe,92,0.018897663542163462,0.18547073538208392,0.21410234114231644,0.21945120551980113,0.19807505925671404,0.1829006586990853,15.947834717210949,,,
adamoe,93,0.018803443257841307,0.18197552698969133,0.20819582790578833,0.22086229704841176,0.20441020196052076,0.18455614609558857,15.803971797494388,,,
adamoe,94,0.016489419769111058,0.17941856501866968,0.20439719914008642,0.2189731779005798,0.20978210859644575,0.1874289493442191,15.718910684956194,,,
adamoe,95,0.014370280339173924,0.17683220017652485,0.20093700078078303,0.21783460093244106,0.2141198810533324,0.19027631705691941,15.627080420339796,,,
adamoe,96,0.011354802630894972,0.17647509503104525,0.1985306969583418,0.21492060858491457,0.21625182311057217,0.19382177631512731,15.659065854761588,,,
adamoe,97,0.007543452432377057,0.17565526467364798,0.1977361052469717,0.21276330443749303,0.2168248240177882,0.19702050162409943,15.65140268984024,,,
adamoe,98,0.008066010958123176,0.17628783142071863,0.19573795576704445,0.21116288947112588,0.21639038298502056,0.20042094035608993,15.727122355303942,,,
adamoe,99,0.00986285507719517,0.17723128133423363,0.19314114907364477,0.20904809052022397,0.21617056109072466,0.2044089179811726,15.829081080059824,,,
adamoe,100,0.007314919907403822,0.17808050671796882,0.1914547752526231,0.20815807921594,0.21508948626232793,0.2072171525511389,15.907425955530812,,,
adamoe,101,0.005751544195992636,0.17786887068134105,0.1908557952092291,0.2070856080916333,0.21409680136866027,0.21009292464913537,15.92422341503311,,,
adamoe,102,0.004748830847790958,0.17796595426823164,0.1911921413020347,0.20570478083684512,0.21310321319955322,0.2120339103933349,15.94646097781003,,,
adamoe,103,0.006126054301329675,0.18077759231844245,0.19144353040248885,0.2044118663390968,0.2115155270266293,0.21185148391334244,16.097864132499527,,,
adamoe,104,0.012814924614603651,0.18718505462574442,0.19124813879400832,0.20236246203657518,0.20888503480202117,0.21031930974165103,16.436104382445663,,,
adamoe,105,0.02128526115406823,0.1966992761036374,0.19237654789314934,0.2004155110022401,0.20452719405429529,0.2059814709466778,16.91101059875167,,,
adamoe,106,0.023135920984474867,0.2044830386189372,0.19564097499485833,0.20093528187746879,0.19974944268767286,0.19919126182106284,17.25435290207209,,,
adamoe,107,0.020330826191507473,0.20686572937519757,0.199611417643976,0.2047475615678449,0.19591776555642948,0.19285752585655289,17.29722758574611,,,
adamoe,108,0.02030058391712164,0.205398892475598,0.20412957904086104,0.21037969212952035,0.1940715607376431,0.18602027561637768,17.121986987758092,,,
adamoe,109,0.015122051718849117,0.2001262768923924,0.20626660931061902,0.2143259159407002,0.19554933251612988,0.18373186534015878,16.797912413051396,,,
adamoe,110,0.016087785352892486,0.19370493954424822,0.204644053982317,0.21741211987908737,0.2003092783953034,0.18392960819904436,16.456356249828218,,,
adamoe,111,0.013406204158509932,0.18970070554149068,0.20207292857956383,0.21728437720534305,0.2052718764026308,0.18567011227097185,16.272253099297057,,,
adamoe,112,0.01257596342137618,0.1861933125004186,0.19977317011802098,0.2168035469972695,0.20950604496483524,0.18772392541945512,16.116459831761162,,,
adamoe,113,0.014673623828077853,0.18454613663000163,0.19656114840303424,0.2143259326686346,0.21277735435969786,0.19178942793863174,16.086800615867766,,,
adamoe,114,0.010681467419854374,0.18306142758567917,0.1945221500347331,0.21250890637133107,0.21463859707593447,0.1952689189323224,16.05196956887353,,,
adamoe,115,0.010893725107891966,0.1834620463484095,0.1916482457748505,0.2099359480772675,0.21525613597912144,0.1996976238203509,16.131738556249985,,,
adamoe,116,0.006718626428809715,0.18337928248213087,0.19254908346747862,0.20755462273977304,0.2143609119684895,0.20215609934212744,16.14868167518386,,,
adamoe,117,0.005674910795861909,0.1829538228019913,0.1917437252944643,0.20655038055392844,0.21375851660955725,0.2049935547400586,16.15484361770345,,,
adamoe,118,0.007572870164291784,0.18271890559137105,0.18878137473692758,0.2059612132399391,0.2140214471806245,0.20851705925113684,16.187188309719293,,,
adamoe,119,0.0060085443464681365,0.18302493597055264,0.1894779076436663,0.20420065451141478,0.2127777337359148,0.21051876813845066,16.220282919500782,,,
m5b_smooth0,4,,0.20000606775283813,0.20000606775283813,0.20000606775283813,0.20000606775283813,0.20000606775283813,17.00051575899124,,,
m5b_smooth0,5,0.8195742666721344,0.06340530514717102,0.3990119695663452,0.4107721447944641,0.06340530514717102,0.06340530514717102,6.76715812087059,,,
m5b_smooth0,6,0.6452142782509327,0.047282662242650986,0.12477301806211472,0.7333795428276062,0.047282662242650986,0.047282662242650986,6.154807288199663,,,
m5b_smooth0,7,0.15751097351312637,0.05469273775815964,0.046017322689294815,0.7899045944213867,0.05469273775815964,0.05469273775815964,6.845842864364386,,,
m5b_smooth0,8,0.2858865801244974,0.10234055668115616,0.02920096553862095,0.6637778282165527,0.10234055668115616,0.10234055668115616,10.310119541361928,,,
m5b_smooth0,9,0.5892337989062071,0.18725107610225677,0.01980901136994362,0.3785524368286133,0.22713597118854523,0.18725107610225677,16.6019977517426,,,
m5b_smooth0,10,0.5617814715951681,0.14250054955482483,0.012455908581614494,0.19451598823070526,0.5080268383026123,0.14250054955482483,14.697232408449054,,,
m5b_smooth0,11,0.6372383488342166,0.04792075976729393,0.005645032040774822,0.07186716794967651,0.8266459107398987,0.04792075976729393,9.553904133848846,,,
m5b_smooth0,12,0.1878169560804963,0.020522253587841988,0.0036445632576942444,0.034756362438201904,0.9205545783042908,0.02052225172519684,8.07044243812561,,,
m5b_smooth0,13,0.043880024226382375,0.014328205026686192,0.003382024122402072,0.025466786697506905,0.9424943923950195,0.014328205026686192,7.737530302954838,,,
m5b_smooth0,14,0.01635753666050732,0.016395097598433495,0.00493050180375576,0.027963289991021156,0.9343156218528748,0.016395097598433495,7.842266947031021,,,
m5b_smooth0,15,0.06884668488055468,0.025634890422225,0.008924386464059353,0.03991338983178139,0.8998925089836121,0.025634892284870148,8.32489403616637,,,
m5b_smooth0,16,0.1818351550027728,0.0520220585167408,0.018310852348804474,0.0669143795967102,0.8089743852615356,0.0537772998213768,9.756080396473408,,,
m5b_smooth0,17,0.39621033892035484,0.11435772478580475,0.034612856805324554,0.10280252248048782,0.6108699440956116,0.13735738396644592,13.403576895594597,,,
m5b_smooth0,18,0.8084561303257942,0.2951367199420929,0.04107135534286499,0.09550673514604568,0.21393747627735138,0.35434776544570923,24.494225807487965,,,
m5b_smooth0,19,0.8963798731565475,0.7433257102966309,0.0241339523345232,0.04070264846086502,0.030559135600924492,0.161276713013649,47.21757244691253,,,
m5b_smooth0,20,0.4439855976961553,0.9653200507164001,0.007755383849143982,0.008970902301371098,0.0025420994497835636,0.015412806533277035,58.18744512135163,,,
m5b_smooth0,21,0.03784463420743123,0.9842423796653748,0.006620083004236221,0.005087350960820913,0.0006988511304371059,0.0033526017796248198,59.12825329863699,,,
m5b_smooth0,22,0.06815607979660854,0.9501628279685974,0.031036341562867165,0.014255053363740444,0.0010790691012516618,0.0034649509470909834,57.13963397673797,,,
m5b_smooth0,23,1.12750599544961,0.3864104151725769,0.4836747646331787,0.11965825408697128,0.003483850508928299,0.006772128399461508,24.146471188403666,,,
m5b_smooth0,24,0.7212492418475449,0.03510991856455803,0.47810816764831543,0.4802832305431366,0.002957844641059637,0.0035409624688327312,4.095831360202283,,,
m5b_smooth0,25,0.939118432928808,0.0030934896785765886,0.04458538815379143,0.9498422741889954,0.0013480822090059519,0.0011305439984425902,3.1049857828766108,,,
m5b_smooth0,26,0.08679309830768034,0.00039437413215637207,0.005385004449635744,0.9932387471199036,0.0005887588486075401,0.00039274123264476657,3.0183833829360083,,,
m5b_smooth0,27,0.009533225224004127,0.00010039609333034605,0.0012886931654065847,0.9980053901672363,0.00038193384534679353,0.00022327338228933513,3.0071279935364146,,,
m5b_smooth0,28,0.0016812008070701268,4.7879864723654464e-05,0.0005571399815380573,0.9988467693328857,0.0003522296028677374,0.00019722539582289755,3.0051970026252093,,,
m5b_smooth0,29,0.0004561050845950376,3.275699418736622e-05,0.0003445698821451515,0.9990171790122986,0.0003883379977196455,0.00021911943622399122,3.0051475646614563,,,
m5b_smooth0,30,0.00020046765348524787,2.542164656915702e-05,0.00025082280626520514,0.9990419149398804,0.00043009157525375485,0.00025201516109518707,3.0054407197021646,,,
m5b_smooth0,31,0.0005241235758148832,2.9965392968733795e-05,0.00025348487542942166,0.998780369758606,0.0005732179270125926,0.00036426138831302524,3.007504702654842,,,
m5b_smooth0,32,0.0007431100548274117,3.601177377277054e-05,0.0002773757150862366,0.9984081983566284,0.0007554386393167078,0.0005230421083979309,3.0102733372041257,,,
m5b_smooth0,33,0.0012207158506498672,4.906770118395798e-05,0.0003401170833967626,0.997798502445221,0.0010281954891979694,0.0007855079020373523,3.014874165543006,,,
m5b_smooth0,34,0.002168115348467836,7.790645759087056e-05,0.00047216867096722126,0.9967132210731506,0.0014826578553766012,0.001252989168278873,3.023206672689412,,,
m5b_smooth0,35,0.0055327432305603,3.459001618466573e-06,5.5125732615124434e-05,0.9994798898696899,0.00023066117137204856,0.00023040181258693337,3.0035425890146144,,,
m5b_smooth0,36,0.0051205642698732845,4.3493353587109596e-05,0.0003494721604511142,0.9969196915626526,0.0012684059329330921,0.001418642234057188,3.0224579808709677,,,
m5b_smooth0,37,0.006061075459001586,0.00010962904343614355,0.0007035813177935779,0.9938891530036926,0.0024041400756686926,0.0028932001441717148,3.046282565483125,,,
m5b_smooth0,38,0.012097625258320477,0.0002914794604294002,0.0014722978230565786,0.987840473651886,0.004604922141879797,0.005790797062218189,3.095788100268692,,,
m5b_smooth0,39,0.01935633603716269,0.0006321121472865343,0.0027160767931491137,0.9781619310379028,0.008082988671958447,0.010406112298369408,3.1773950916249305,,,
m5b_smooth0,40,0.04366569919511676,0.0012491578236222267,0.004772273823618889,0.9563300609588623,0.01636573113501072,0.021283956244587898,3.361247431486845,,,
m5b_smooth0,41,0.13244145596399903,0.002693603280931711,0.00892606656998396,0.8901087045669556,0.04613855481147766,0.052132993936538696,3.8937001759186387,,,
m5b_smooth0,42,0.5203452156856656,0.005239209625869989,0.01522425189614296,0.6299364566802979,0.2498493194580078,0.09975140541791916,5.364851111546159,,,
m5b_smooth0,43,1.2679201550781727,0.002219005022197962,0.00580621138215065,0.07973437756299973,0.8838089108467102,0.02843116596341133,6.962848344817758,,,
m5b_smooth0,44,0.20757039746968076,0.0005265480722300708,0.0012471963418647647,0.007062135264277458,0.9875936508178711,0.003569222753867507,7.017151160747744,,,
m5b_smooth0,45,0.01702007299172692,0.00029062674730084836,0.0006252484163269401,0.0018350224709138274,0.9961039423942566,0.0011444233823567629,7.01231744477991,,,
m5b_smooth0,46,0.0021245124517008662,0.00030756890191696584,0.0006110483664087951,0.0011212333338335156,0.9971491098403931,0.0008100097184069455,7.013812787423376,,,
m5b_smooth0,47,0.00233057196601294,0.0005530504859052598,0.0010242171119898558,0.0013391446555033326,0.9959843158721924,0.00109922606498003,7.0255040562478825,,,
m5b_smooth0,48,0.008724284882191569,0.0013708245242014527,0.002359932055696845,0.002361120656132698,0.9916225671768188,0.002286297269165516,7.065058897482231,,,
m5b_smooth0,49,0.022223233128897846,0.0034742860589176416,0.005769353359937668,0.004794832319021225,0.980510413646698,0.005450782366096973,7.1684948625043035,,,
m5b_smooth0,50,0.05952917761169374,0.009054356254637241,0.014632458798587322,0.010716190561652184,0.9507459998130798,0.014851012267172337,7.45317857619375,,,
m5b_smooth0,51,0.1556151146069169,0.0226062573492527,0.03519761562347412,0.023995399475097656,0.8729386329650879,0.04526249319314957,8.207804590463638,,,
m5b_smooth0,52,1.133957076817751,0.2921869158744812,0.15019303560256958,0.08233626186847687,0.3059599697589874,0.16932396590709686,22.44067208468914,,,
m5b_smooth0,53,0.9739939831197262,0.43256139755249023,0.4968150556087494,0.05109243839979172,0.0070524755865335464,0.012477802112698555,26.827832782641053,,,
m5b_smooth0,54,0.6814967677637469,0.13387395441532135,0.8375636339187622,0.027068940922617912,0.000370382476830855,0.001122646383009851,8.96951744830585,,,
m5b_smooth0,55,0.5123542918954627,0.35774946212768555,0.5821787118911743,0.05937059596180916,0.00012035719555569813,0.0005804645479656756,22.234227231478144,,,
m5b_smooth0,56,0.4389706273759657,0.41485586762428284,0.3629414737224579,0.2217491865158081,5.290619083098136e-05,0.00039952239603735507,25.925504747607192,,,
m5b_smooth0,57,1.2371064025392116,0.05430801212787628,0.10522472113370895,0.8403030037879944,1.3221993867773563e-05,0.00015122941113077104,5.886824225883174,,,
m5b_smooth0,58,0.28458781605309014,0.003881853073835373,0.01348017156124115,0.9825972318649292,2.4523853880964452e-06,3.911966996383853e-05,3.1947478936633615,,,
m5b_smooth0,59,0.026667763295563418,0.0006889610085636377,0.0033583177719265223,0.9959311485290527,1.086858901544474e-06,2.138441959687043e-05,3.03279641375957,,,
m5b_smooth0,60,0.004786692367019896,0.00023513440100941807,0.0014211686793714762,0.9983235597610474,6.98308099345013e-07,1.8467535483068787e-05,3.010763345676537,,,
m5b_smooth0,61,0.0014907317840311407,0.0001123518159147352,0.0007989175501279533,0.9990678429603577,6.026434107297973e-07,1.9786741177085787e-05,3.0050247882664394,,,
m5b_smooth0,62,0.00030838822851819714,9.0210342023056e-05,0.0006678037461824715,0.9992096424102783,8.557368005313037e-07,3.286714854766615e-05,3.004175481735672,,,
m5b_smooth0,63,7.812002451146327e-05,8.080468251137063e-05,0.0006378460093401372,0.9992270469665527,1.2396484407872777e-06,5.383530879043974e-05,3.0039296397218322,,,
m5b_smooth0,64,0.00031895553490812745,9.36216238187626e-05,0.0007330055232159793,0.9990673065185547,2.269039441671339e-06,0.00010404454951640218,3.005024729477327,,,
m5b_smooth0,65,0.0006230627147942869,0.00011682833428494632,0.000927451706957072,0.998755693435669,4.301297849451657e-06,0.00019580902880989015,3.0069756675593453,,,
m5b_smooth0,66,0.001101481925616099,0.0001629821927053854,0.0012438929406926036,0.9982048273086548,8.908529707696289e-06,0.00037922250339761376,3.0110087811845005,,,
m5b_smooth0,67,0.0022733244331902824,0.0002639267186168581,0.00187195825856179,0.9970683455467224,2.1962972823530436e-05,0.0007740008877590299,3.0199023512541316,,,
m5b_smooth0,68,0.002859464497305453,0.000376316427718848,0.002587638795375824,0.9956388473510742,4.2727479012683034e-05,0.0013551324373111129,3.0313541129871737,,,
m5b_smooth0,69,0.004778635492129979,5.495144068845548e-05,0.0015093617839738727,0.9980273246765137,5.829107522004051e-06,0.00040151464054360986,3.004550430975087,,,
m5b_smooth0,70,0.01513573772581367,0.0005404786788858473,0.0056679267436265945,0.9904602766036987,9.454169776290655e-05,0.0032373995054513216,3.0554628622485325,,,
m5b_smooth0,71,0.030222846078686416,0.001590902917087078,0.01383951585739851,0.9753491878509521,0.00035807775566354394,0.008863607421517372,3.1619383026263677,,,
m5b_smooth0,72,0.0722146758926101,0.004464905243366957,0.032139383256435394,0.9392408728599548,0.0012477593263611197,0.022906417027115822,3.4471804701024666,,,
m5b_smooth0,73,0.1419227336300537,0.009703841991722584,0.06576181203126907,0.8682798147201538,0.0032239395659416914,0.05303054675459862,4.017827007221058,,,
m5b_smooth0,74,0.2044668833259493,0.018881523981690407,0.10398449748754501,0.766046404838562,0.00737348385155201,0.10371410846710205,5.038627056404948,,,
m5b_smooth0,75,0.08907663449645042,0.027815137058496475,0.11620914936065674,0.7215081453323364,0.012957613915205002,0.1215100884437561,5.741486344486475,,,
m5b_smooth0,76,0.08022477850317955,0.034376565366983414,0.10479653626680374,0.7480804324150085,0.019935771822929382,0.09280979633331299,5.850519306957722,,,
m5b_smooth0,77,0.04925251379609108,0.03945968300104141,0.0873231589794159,0.7569069862365723,0.030653096735477448,0.08565765619277954,6.139403961598873,,,
m5b_smooth0,78,0.26361730694770813,0.05120011791586876,0.08183176815509796,0.6305890083312988,0.060679975897073746,0.17569828033447266,7.930141624063253,,,
m5b_smooth0,79,0.6074743904173374,0.05057956278324127,0.06067552790045738,0.34862902760505676,0.1165330782532692,0.4235827922821045,10.887227017432451,,,
m5b_smooth0,80,0.34989427402615547,0.039046112447977066,0.039033468812704086,0.20685744285583496,0.24869821965694427,0.4663648307323456,11.272367712110281,,,
m5b_smooth0,81,0.5720741022378206,0.02552802488207817,0.02440820075571537,0.12055189162492752,0.5347350835800171,0.2947764992713928,9.787761943414807,,,
m5b_smooth0,82,0.3933323100209236,0.013626370579004288,0.013244500383734703,0.056390952318906784,0.731401801109314,0.18533720076084137,8.71453301049769,,,
m5b_smooth0,83,0.07376004289835691,0.008104976266622543,0.008043517358601093,0.030233124271035194,0.7535890936851501,0.20002974569797516,8.660581561736763,,,
m5b_smooth0,84,0.36279149493202567,0.005373242776840925,0.005596848204731941,0.01882084086537361,0.5887836813926697,0.381425142288208,9.845891699194908,,,
m5b_smooth0,85,0.7450076655950397,0.0030234758742153645,0.0032958195079118013,0.009869169443845749,0.22988229990005493,0.7539289593696594,12.378493410767987,,,
m5b_smooth0,86,0.3161395265487954,0.0016387096839025617,0.0019098471384495497,0.005112944170832634,0.07933958619832993,0.9119988083839417,13.438931681448594,,,
m5b_smooth0,87,0.0639732638373971,0.0013547647977247834,0.00168737699277699,0.004170447587966919,0.048802006989717484,0.9439855813980103,13.65289679612033,,,
m5b_smooth0,88,0.0517413035267964,0.0021749120205640793,0.0028646644204854965,0.0068727475591003895,0.06997337192296982,0.9181153774261475,13.497406515758485,,,
m5b_smooth0,89,0.8262620675377548,0.009800972416996956,0.013916952535510063,0.03565525636076927,0.43564334511756897,0.5049841403961182,10.828222448006272,,,
m5b_smooth0,90,0.976873155683279,0.016390863806009293,0.030103864148259163,0.12442348152399063,0.812534749507904,0.016547417268157005,7.306233225390315,,,
m5b_smooth0,91,1.422338365460746,0.02023889124393463,0.05417872965335846,0.8076700568199158,0.11693025380373001,0.0009830157505348325,4.523796371882781,,,
m5b_smooth0,92,0.3067659057560377,0.006633549463003874,0.02620094269514084,0.9610527157783508,0.006055737379938364,5.7414115872234106e-05,3.3505660170922056,,,
m5b_smooth0,93,0.03818393668370845,0.003001047996804118,0.016019746661186218,0.9801448583602905,0.0008257412118837237,9.313682312495075e-06,3.142427781585866,,,
m5b_smooth0,94,0.00812615010272566,0.002135737333446741,0.013388817198574543,0.9842073321342468,0.00026362750213593245,3.991189259977546e-06,3.0960563227727107,,,
m5b_smooth0,95,0.002469480338277208,0.001787296263501048,0.012640156783163548,0.9854426980018616,0.00012781232362613082,2.7933824640058447e-06,3.07713982021869,,,
m5b_smooth0,96,0.004359895871857589,0.0019947069231420755,0.0146116241812706,0.9832836389541626,0.00010686568566597998,3.8055109143897425e-06,3.0849462933847462,,,
m5b_smooth0,97,0.007932332286145538,0.002474181354045868,0.018089095130562782,0.9793182015419006,0.0001138038860517554,6.816804216214223e-06,3.105386643460406,,,
m5b_smooth0,98,0.010946282141503616,0.0031123447697609663,0.02290429174900055,0.9738448262214661,0.00012798722309526056,1.2180254088889342e-05,3.132245890717968,,,
m5b_smooth0,99,0.01959317539603944,0.004435003735125065,0.03129725530743599,0.9640477895736694,0.0001897832116810605,3.090048994636163e-05,3.1913019374769647,,,
m5b_smooth0,100,0.030689301405800506,0.006695987191051245,0.04422890394926071,0.9487026929855347,0.00029431088478304446,7.794553675921634e-05,3.2952476280770497,,,
m5b_smooth0,101,0.0476255815665354,0.010597760789096355,0.06380262225866318,0.9248895049095154,0.0004988284781575203,0.00021032952645327896,3.480773197050439,,,
m5b_smooth0,102,0.0842098390130559,0.01812886819243431,0.09752529859542847,0.8827851414680481,0.0009448088239878416,0.000616041012108326,3.848851050483063,,,
m5b_smooth0,103,0.1510518805589527,0.03421146795153618,0.1547824889421463,0.807259202003479,0.0019116472685709596,0.0018353535560891032,4.668324652709998,,,
m5b_smooth0,104,0.2403703739400953,0.07831835001707077,0.22652773559093475,0.687074601650238,0.0034097416792064905,0.004670904017984867,7.076113389572129,,,
m5b_smooth0,105,0.552349078701809,0.33547842502593994,0.23428314924240112,0.41089922189712524,0.006548075471073389,0.012790780514478683,21.82059377199039,,,
m5b_smooth0,106,0.7011770238168538,0.6791747808456421,0.10921724140644073,0.18537703156471252,0.0072783781215548515,0.018953047692775726,41.73212650138885,,,
m5b_smooth0,107,0.3446262562647462,0.5143752098083496,0.1017034724354744,0.34014806151390076,0.010447047650814056,0.03332626447081566,32.52435728162527,,,
m5b_smooth0,108,0.9487489676102996,0.09073767066001892,0.06480953842401505,0.8145226836204529,0.007979911752045155,0.021950528025627136,8.315804603509605,,,
m5b_smooth0,109,0.21964123751968145,0.021341294050216675,0.0378401055932045,0.9243426322937012,0.005520584061741829,0.010954376310110092,4.283351002261043,,,
m5b_smooth0,110,0.04518481716513634,0.00958834309130907,0.030406609177589417,0.9469354748725891,0.00514910276979208,0.00792033039033413,3.5934419641271234,,,
m5b_smooth0,111,0.007952963002026081,0.006322415545582771,0.03001006506383419,0.9502617120742798,0.0057988353073596954,0.007605808787047863,3.4072133041918278,,,
m5b_smooth0,112,0.019371848553419113,0.0058218128979206085,0.0352616161108017,0.9410767555236816,0.008099359460175037,0.00974002294242382,3.400856493972242,,,
m5b_smooth0,113,0.05420944606885314,0.007075043860822916,0.04837632179260254,0.9139716625213623,0.013946626335382462,0.01662917248904705,3.5452287402004004,,,
m5b_smooth0,114,0.12245855061337352,0.010110840201377869,0.07135824859142303,0.8527424931526184,0.028490614145994186,0.0372968427836895,3.9578262381255627,,,
m5b_smooth0,115,0.3749007526785135,0.016480768099427223,0.10434775054454803,0.6652922630310059,0.07575341314077377,0.13812513649463654,5.553096428513527,,,
m5b_smooth0,116,0.9298807960003614,0.017795264720916748,0.08406014740467072,0.22064031660556793,0.16662518680095673,0.5108801126480103,10.13239486515522,,,
m5b_smooth0,117,0.4375514416024089,0.010938943363726139,0.03779982402920723,0.054980985820293427,0.26376873254776,0.6325120329856873,11.560628972947598,,,
m5b_smooth0,118,0.4547344953753054,0.007204978261142969,0.01866626925766468,0.01919971965253353,0.4911358654499054,0.46379345655441284,10.439623573794961,,,
m5b_smooth0,119,0.2863829401321709,0.004859262146055698,0.009916096925735474,0.008178354240953922,0.6343270540237427,0.3427189588546753,9.564361690543592,,,
m5b_smooth0.001,4,,0.20000606775283813,0.20000606775283813,0.20000606775283813,0.20000606775283813,0.20000606775283813,17.00051575899124,,,
m5b_smooth0.001,5,0.8096509799361229,0.06505908817052841,0.40029484033584595,0.40452733635902405,0.06505908817052841,0.06505908817052841,6.8836629912257195,,,
m5b_smooth0.001,6,0.6350791864097118,0.050558481365442276,0.1262574940919876,0.7220673561096191,0.050558481365442276,0.050558481365442276,6.387696553021669,,,
m5b_smooth0.001,7,0.15977248176932335,0.05983562394976616,0.04637066647410393,0.7741215825080872,0.05983562394976616,0.05983562394976616,7.215420953929424,,,
m5b_smooth0.001,8,0.29318825900554657,0.10870037972927094,0.02863607555627823,0.6452621817588806,0.10870037972927094,0.10870037972927094,10.769153378903866,,,
m5b_smooth0.001,9,0.5423870179802179,0.18430335819721222,0.019171399995684624,0.3835334777832031,0.2286880761384964,0.18430334329605103,16.409036664292216,,,
m5b_smooth0.001,10,0.5412443894892931,0.1386968195438385,0.012359093874692917,0.21093709766864777,0.499310702085495,0.1386968046426773,14.403909739106894,,,
m5b_smooth0.001,11,0.6284331134520471,0.048779021948575974,0.005891079548746347,0.08302488178014755,0.8135280013084412,0.048779018223285675,9.559309306088835,,,
m5b_smooth0.001,12,0.19093762477859855,0.022291768342256546,0.003997582010924816,0.04242360219359398,0.9089963436126709,0.022291766479611397,8.143833625130355,,,
m5b_smooth0.001,13,0.04659884423017502,0.016170000657439232,0.0037829121574759483,0.03158188238739967,0.9322952628135681,0.016169998794794083,7.821175421588123,,,
m5b_smooth0.001,14,0.021649396046996117,0.01915649324655533,0.005555237643420696,0.03466051071882248,0.9214698076248169,0.01915649324655533,7.977405923418701,,,
m5b_smooth0.001,15,0.0782675351947546,0.029987292364239693,0.009847297333180904,0.04784149304032326,0.8823369145393372,0.029987294226884842,8.54878983926028,,,
m5b_smooth0.001,16,0.19512262102216482,0.05921924486756325,0.01927940919995308,0.07502511888742447,0.784774899482727,0.061700209975242615,10.154736693948507,,,
m5b_smooth0.001,17,0.40336355566978455,0.1236719861626625,0.03408161550760269,0.10468856990337372,0.5830931067466736,0.15446357429027557,14.012608282268047,,,
m5b_smooth0.001,18,0.7863953001797199,0.29356053471565247,0.03760237619280815,0.08761785179376602,0.2069668173789978,0.3742525577545166,24.60239154472947,,,
m5b_smooth0.001,19,0.9013138264417648,0.7442173957824707,0.02262888103723526,0.038290057331323624,0.03303428739309311,0.16182941198349,47.28739457949996,,,
m5b_smooth0.001,20,0.44278099993243814,0.9656071066856384,0.007374211214482784,0.008690332993865013,0.0029899035580456257,0.01533690094947815,58.2055175495334,,,
m5b_smooth0.001,21,0.037047106423415244,0.9841318130493164,0.006430457346141338,0.005144695285707712,0.0008916152874007821,0.0034021807368844748,59.12364516349044,,,
m5b_smooth0.001,22,0.07046383246779442,0.9488996863365173,0.03075871616601944,0.015228225849568844,0.0014823527308180928,0.003631359664723277,57.07164007832762,,,
m5b_smooth0.001,23,1.1370508024701849,0.38037434220314026,0.47360920906066895,0.13410310447216034,0.004854773636907339,0.007059025578200817,23.83118882821873,,,
m5b_smooth0.001,24,0.7820270543452352,0.03131667524576187,0.4361426532268524,0.5251164436340332,0.00395254185423255,0.0034717649687081575,3.9667650014162064,,,
m5b_smooth0.001,25,0.8583343552891165,0.0024749496951699257,0.04047703742980957,0.9542839527130127,0.0017207596683874726,0.0010440422920510173,3.0784877870464697,,,
m5b_smooth0.001,26,0.07794258411740884,0.0003134107682853937,0.005287874490022659,0.9932551980018616,0.0007715841056779027,0.0003725808928720653,3.0144753358326852,,,
m5b_smooth0.001,27,0.009196091821650043,8.01547575974837e-05,0.0013431283878162503,0.9978529214859009,0.0005057472735643387,0.00021805150026921183,3.0063041302200872,,,
m5b_smooth0.001,28,0.0016815750641399063,3.857170668197796e-05,0.0006062203319743276,0.9986932873725891,0.0004632101336028427,0.00019787056953646243,3.0050130437593907,,,
m5b_smooth0.001,29,0.0004629901268344838,2.6686790079111233e-05,0.00038735996349714696,0.9988614916801453,0.0004999053198844194,0.00022521591745316982,3.005225402492215,,,
m5b_smooth0.001,30,0.00020723929083033,2.0956455045961775e-05,0.0002894910576287657,0.9988857507705688,0.0005396383348852396,0.00026486386195756495,3.0056896930836956,,,
m5b_smooth0.001,31,0.0005859164157300256,2.5160583390970714e-05,0.0002975216484628618,0.9985923767089844,0.0006949955713935196,0.00038981426041573286,3.007906655424449,,,
m5b_smooth0.001,32,0.0008243931570177665,3.067052603000775e-05,0.00033078421256504953,0.9981798529624939,0.0008884688722901046,0.0005694378633052111,3.010901986854151,,,
m5b_smooth0.001,33,0.0013600307538581546,4.2463423596927896e-05,0.000410840060794726,0.9975004196166992,0.0011777811450883746,0.0008688742527738214,3.01586861188116,,,
m5b_smooth0.001,34,0.0024315734881383833,6.8634282797575e-05,0.0005753852310590446,0.9962841868400574,0.0016657343367114663,0.0014055457431823015,3.024883783480618,,,
m5b_smooth0.001,35,0.006193364005639523,3.0018024972378043e-06,7.323923637159169e-05,0.9993805885314941,0.00026340660406276584,0.0002786896366160363,3.004140614121752,,,
m5b_smooth0.001,36,0.0060952536653076095,3.9349670259980485e-05,0.0004538149805739522,0.9963332414627075,0.0014504011487588286,0.0017226780764758587,3.026084820696269,,,
m5b_smooth0.001,37,0.0074395757146703545,0.00010161659156437963,0.0009184116497635841,0.9926134347915649,0.00278740213252604,0.0035785825457423925,3.054467682086397,,,
m5b_smooth0.001,38,0.014844602599623613,0.0002760981733445078,0.0019204262644052505,0.9851912260055542,0.0053795622661709785,0.00723232002928853,3.1129694109549746,,,
m5b_smooth0.001,39,0.024125292751705274,0.0006098274607211351,0.0035466693807393312,0.9731293320655823,0.009570185095071793,0.013145123608410358,3.210547339404002,,,
m5b_smooth0.001,40,0.058561160578392446,0.0012300008675083518,0.006289384793490171,0.9438480734825134,0.020382530987262726,0.028249790892004967,3.44980844669044,,,
m5b_smooth0.001,41,0.1821270101936534,0.002659670077264309,0.011618690565228462,0.8527845144271851,0.06317374855279922,0.06976304948329926,4.148451371118426,,,
m5b_smooth0.001,42,0.6879335502162576,0.004540503025054932,0.016981663182377815,0.5088176727294922,0.38004162907600403,0.08961807191371918,5.730809273198247,,,
m5b_smooth0.001,43,1.1022479312960058,0.0014108235482126474,0.004612230230122805,0.0500575453042984,0.9311659336090088,0.012753685005009174,6.936147404368967,,,
m5b_smooth0.001,44,0.11848388722864911,0.00041459890780970454,0.0012072601821273565,0.0061218771152198315,0.9904078841209412,0.0018486111657693982,7.003184571163729,,,
m5b_smooth0.001,45,0.011264402186498046,0.00029042246751487255,0.0007547098211944103,0.0021533286198973656,0.9960402846336365,0.0007618847885169089,7.007588423206471,,,
m5b_smooth0.001,46,0.001139530591899529,0.00037128690746612847,0.0008783938828855753,0.0016553938621655107,0.9964051246643066,0.0006896774866618216,7.012613147380762,,,
m5b_smooth0.001,47,0.004621171130565926,0.0007640254334546626,0.0016621743561699986,0.002314727520570159,0.9940950274467468,0.0011648987419903278,7.029421657440253,,,
m5b_smooth0.001,48,0.015390513755846769,0.0020662574097514153,0.004130043555051088,0.00450746389105916,0.9863994121551514,0.002896959660574794,7.08698120014742,,,
m5b_smooth0.001,49,0.03961986326612532,0.0054527465254068375,0.010449553839862347,0.009615791961550713,0.966589093208313,0.007892176508903503,7.243075844831765,,,
m5b_smooth0.001,50,0.0991292167454958,0.01365314144641161,0.025323357433080673,0.020906105637550354,0.917025089263916,0.023092877119779587,7.649706065654755,,,
m5b_smooth0.001,51,0.20491789374500513,0.028110546991229057,0.049476999789476395,0.03913819417357445,0.8145658373832703,0.0687083825469017,8.517402619123459,,,
m5b_smooth0.001,52,1.18334917165339,0.31466343998908997,0.16428068280220032,0.11003227531909943,0.22289130091667175,0.1881323605775833,23.568276062607765,,,
m5b_smooth0.001,53,0.8936010547913611,0.4319831430912018,0.4937615692615509,0.056988876312971115,0.005823598708957434,0.011442996561527252,26.784683926496655,,,
m5b_smooth0.001,54,0.6815740464662667,0.1345440149307251,0.8345485925674438,0.029579922556877136,0.00034996718750335276,0.0009776868391782045,9.0120666421426,,,
m5b_smooth0.001,55,0.5205170069239102,0.35562771558761597,0.5750031471252441,0.06875477731227875,0.0001288127969019115,0.0004858351603616029,22.126633796142414,,,
m5b_smooth0.001,56,0.4805431394815969,0.37837329506874084,0.3349781036376953,0.28628063201904297,5.9750975196948275e-05,0.00030823517590761185,23.90095125310836,,,
m5b_smooth0.001,57,1.2105110648126356,0.03876002877950668,0.06960209459066391,0.8915363550186157,1.3071384273644071e-05,8.884829003363848e-05,5.0711482621672985,,,
m5b_smooth0.001,58,0.1918888792888538,0.0031319246627390385,0.009361767210066319,0.9874805212020874,2.662107362993993e-06,2.2975958927418105e-05,3.1600591087571956,,,
m5b_smooth0.001,59,0.01872244872356532,0.0006261260714381933,0.0025169190485030413,0.9968411326408386,1.3148992366041057e-06,1.313263510382967e-05,3.0308009424434204,,,
m5b_smooth0.001,60,0.003572530480767,0.0002324182860320434,0.0011267404770478606,0.9986279010772705,9.318617344433733e-07,1.1639985132205766e-05,3.011125023694774,,,
m5b_smooth0.001,61,0.0011643682897783947,0.00011785693641286343,0.0006599593325518072,0.9992097020149231,8.687895274306356e-07,1.2801770935766399e-05,3.0055457878818856,,,
m5b_smooth0.001,62,0.00021506296837969785,9.892961679724976e-05,0.000571129668969661,0.99930739402771,1.3147279105396592e-06,2.1969804947730154e-05,3.0047458691245765,,,
m5b_smooth0.001,63,4.018513493520004e-05,9.139267785940319e-05,0.0005594260874204338,0.9993124008178711,2.0108107037231093e-06,3.721154644154012e-05,3.0045152265377055,,,
m5b_smooth0.001,64,0.00030787708078605647,0.00010816937719937414,0.0006560858455486596,0.9991576075553894,3.849123459076509e-06,7.502059452235699e-05,3.005696303331206,,,
m5b_smooth0.001,65,0.0005877159833289625,0.00013695665984414518,0.0008435579366050661,0.9988628625869751,7.573567472718423e-06,0.00014800779172219336,3.007774669344599,,,
m5b_smooth0.001,66,0.0010385262144154694,0.00019307695038150996,0.0011452434118837118,0.9983444809913635,1.608432830835227e-05,0.00030183588387444615,3.0121015960812656,,,
m5b_smooth0.001,67,0.002182219117457862,0.00031348029733635485,0.0017417492344975471,0.9972524642944336,3.9859725802671164e-05,0.0006513537373393774,3.0217059303613496,,,
m5b_smooth0.001,68,0.002796017099171877,0.00044827975216321647,0.0024216026067733765,0.9958550333976746,7.925659156171605e-05,0.0011958902468904853,3.034180747526989,,,
m5b_smooth0.001,69,0.004609242250808165,6.753469642717391e-05,0.0014171756338328123,0.9981597661972046,1.4508068488794379e-05,0.00034130134736187756,3.004828331353565,,,
m5b_smooth0.001,70,0.015110181049749372,0.000678716751281172,0.005468756891787052,0.9906048774719238,0.00020753902208525687,0.003040799405425787,3.0620303592149867,,,
m5b_smooth0.001,71,0.03148332277487498,0.0020365146920084953,0.0135390879586339,0.9748629331588745,0.0007610933971591294,0.008800494484603405,3.1888533455203287,,,
m5b_smooth0.001,72,0.076821620517876,0.005771485157310963,0.0316435843706131,0.9364516735076904,0.002537314547225833,0.023595167323946953,3.5353812586981803,,,
m5b_smooth0.001,73,0.14826178108341992,0.012571025639772415,0.06445260345935822,0.8623210191726685,0.0064039407297968864,0.054251108318567276,4.210020300932229,,,
m5b_smooth0.001,74,0.20150076411664486,0.024144792929291725,0.1003965213894844,0.7615708112716675,0.01393845584243536,0.09994946420192719,5.3306582206860185,,,
m5b_smooth0.001,75,0.08202784974128008,0.03490551933646202,0.11032243818044662,0.7205563187599182,0.023988256230950356,0.11022637784481049,6.077409638091922,,,
m5b_smooth0.001,76,0.07141070626676083,0.04288977012038231,0.1002555564045906,0.73309326171875,0.03917265683412552,0.08458814769983292,6.331364214420319,,,
m5b_smooth0.001,77,0.08394290506839752,0.049867745488882065,0.08616236597299576,0.7150636911392212,0.07416670024394989,0.07474002242088318,6.788945384323597,,,
m5b_smooth0.001,78,0.39280085638165474,0.0625261589884758,0.08037566393613815,0.5244497656822205,0.22271500527858734,0.1099335327744484,8.503368996083736,,,
m5b_smooth0.001,79,0.8598871007561684,0.04224929213523865,0.043088510632514954,0.16447854042053223,0.6526588201522827,0.09752549231052399,9.005450293421745,,,
m5b_smooth0.001,80,0.5129282670095563,0.01344242226332426,0.011935824528336525,0.029338421300053596,0.90912264585495,0.036160726100206375,7.776605110615492,,,
m5b_smooth0.001,81,0.11604785919189453,0.005080716218799353,0.004216750618070364,0.007656147703528404,0.9671472311019897,0.0159005057066679,7.324665864463896,,,
m5b_smooth0.001,82,0.028244749177247286,0.0029061937239021063,0.002328993519768119,0.0034063225612044334,0.981269359588623,0.010089989751577377,7.197064958279952,,,
m5b_smooth0.001,83,0.010042781592346728,0.0020919351372867823,0.0016213288763538003,0.0020477650687098503,0.986290454864502,0.007948784157633781,7.148596894578077,,,
m5b_smooth0.001,84,0.003024426056072116,0.001797467702999711,0.001401202054694295,0.001589556341059506,0.9878021478652954,0.0074088540859520435,7.132356925518252,,,
m5b_smooth0.001,85,0.004039080580696464,0.0020567416213452816,0.0016121019143611193,0.0017111628549173474,0.9857827425003052,0.008836749009788036,7.154343771398999,,,
m5b_smooth0.001,86,0.008310988894663751,0.0025953049771487713,0.0020977496169507504,0.0021169662941247225,0.9816272854804993,0.011562266387045383,7.197429674910381,,,
m5b_smooth0.001,87,0.014346032636240125,0.0034798297565430403,0.002922465093433857,0.0028390276711434126,0.9744547605514526,0.01630447246134281,7.269675271818414,,,
m5b_smooth0.001,88,0.030196286737918854,0.00545720849186182,0.00471813790500164,0.0044792103581130505,0.959355890750885,0.025988655164837837,7.424920686054975,,,
m5b_smooth0.001,89,0.07751936791464686,0.011808068491518497,0.010557916946709156,0.009730281308293343,0.9205967783927917,0.047307200729846954,7.854711129330099,,,
m5b_smooth0.001,90,0.32368550077080727,0.05382043868303299,0.054959557950496674,0.04703914001584053,0.7587538361549377,0.08542688935995102,9.932556603103876,,,
m5b_smooth0.001,91,1.3403721638023853,0.16189195215702057,0.35823893547058105,0.3058743178844452,0.14144712686538696,0.03254750370979309,12.435173958539963,,,
m5b_smooth0.001,92,0.8248406886123121,0.04444869980216026,0.22716350853443146,0.7182948589324951,0.007549280300736427,0.0025438820011913776,5.137429383583367,,,
m5b_smooth0.001,93,0.4604704691155348,0.007095807231962681,0.04366568848490715,0.9485304355621338,0.0004780339077115059,0.00023094852804206312,3.321584945835639,,,
m5b_smooth0.001,94,0.07268461017156369,0.00203503156080842,0.012956522405147552,0.9848724603652954,7.97653992776759e-05,5.657341898768209e-05,3.0910261828103103,,,
m5b_smooth0.001,95,0.016831552104122238,0.0008810849976725876,0.005777864251285791,0.993287205696106,2.4871302230167203e-05,2.7265459721093066e-05,3.0390603967516654,,,
m5b_smooth0.001,96,0.00417593214478984,0.0006230580620467663,0.0039576697163283825,0.9953758716583252,1.6365214833058417e-05,2.7804084311355837e-05,3.0279725820983003,,,
m5b_smooth0.001,97,0.00128166981630784,0.0005601448938250542,0.003380374051630497,0.9960036873817444,1.5499030268983915e-05,4.0583159716334194e-05,3.0256767872742785,,,
m5b_smooth0.001,98,0.0003264853366999887,0.0005485667497850955,0.0032281368039548397,0.9961404800415039,1.5968591469572857e-05,6.599088374059647e-05,3.0255992344282276,,,
m5b_smooth0.001,99,0.0015014323398645502,0.0006783691933378577,0.0037601813673973083,0.9953902363777161,2.477041562087834e-05,0.00014653072867076844,3.032857865211554,,,
m5b_smooth0.001,100,0.002604740875540301,0.0008884559501893818,0.004651758354157209,0.9940873384475708,3.94830567529425e-05,0.00033199728932231665,3.0451454741560156,,,
m5b_smooth0.001,101,0.004917236517940182,0.0012693434255197644,0.006236145738512278,0.9916295409202576,7.143936090869829e-05,0.0007942051161080599,3.0689043211823446,,,
m5b_smooth0.001,102,0.009939117117028218,0.0020095373038202524,0.009168344549834728,0.9866597652435303,0.0001489362184656784,0.002013657009229064,3.1189536301681073,,,
m5b_smooth0.001,103,0.021002926529035904,0.0034533191937953234,0.014759933575987816,0.9761582016944885,0.00033582461765035987,0.005292760673910379,3.2268831120454706,,,
m5b_smooth0.001,104,0.04455119982594624,0.005859185475856066,0.025453979149460793,0.953882098197937,0.0006520112510770559,0.014151758514344692,3.441340100253001,,,
m5b_smooth0.001,105,0.253870589309372,0.01679527573287487,0.07127545773983002,0.826947033405304,0.0019125946564599872,0.08306913077831268,4.736189095419832,,,
m5b_smooth0.001,106,0.982998596620746,0.057492755353450775,0.20966613292694092,0.33544817566871643,0.005281322635710239,0.39211198687553406,10.192113055847585,,,
m5b_smooth0.001,107,0.7496991707012057,0.2235226035118103,0.41207799315452576,0.2631131112575531,0.01168845221400261,0.0895967185497284,15.948946762830019,,,
m5b_smooth0.001,108,0.6124149337410927,0.4147738814353943,0.18587042391300201,0.3761873245239258,0.013570576906204224,0.009596969932317734,26.430216901004314,,,
m5b_smooth0.001,109,0.8417694829404354,0.13545441627502441,0.057103775441646576,0.7970724105834961,0.009173033758997917,0.0011962298303842545,10.656544437631965,,,
m5b_smooth0.001,110,0.3122205616964493,0.027855155989527702,0.014496377669274807,0.9531826376914978,0.0042653814889490604,0.00020020556985400617,4.57801419851603,,,
m5b_smooth0.001,111,0.05655338374344865,0.01000453345477581,0.005780237261205912,0.9814593195915222,0.0026873357128351927,6.831244536442682e-05,3.5701979275472695,,,
m5b_smooth0.001,112,0.01313444106199313,0.005901663564145565,0.0036056891549378633,0.9880268573760986,0.002419046126306057,4.7116751375142485e-05,3.339379032535362,,,
m5b_smooth0.001,113,0.0028509619369287975,0.004989266861230135,0.0030917879194021225,0.9890725016593933,0.0027907714247703552,5.4411168093793094e-05,3.2899624608980957,,,
m5b_smooth0.001,114,0.0020736816368298605,0.005066415760666132,0.003157001221552491,0.9880361557006836,0.003659415990114212,8.07400792837143e-05,3.2979966870043427,,,
m5b_smooth0.001,115,0.006856033651274629,0.00605468824505806,0.003775615943595767,0.9846082925796509,0.005410993471741676,0.00015044592146296054,3.360864985588705,,,
m5b_smooth0.001,116,0.016722429121728055,0.0086744399741292,0.0053177522495388985,0.9762473106384277,0.00940967071801424,0.0003513278206810355,3.5253123671282083,,,
m5b_smooth0.001,117,0.033599441521801054,0.013526794500648975,0.008126779459416866,0.9594472646713257,0.018031351268291473,0.0008676610887050629,3.8364429576322436,,,
m5b_smooth0.001,118,0.1056379887741059,0.02668100781738758,0.015148197300732136,0.906628429889679,0.04888596758246422,0.002656567608937621,4.7152876756154,,,
m5b_smooth0.001,119,0.5223586133215576,0.0643605887889862,0.03321148455142975,0.645449161529541,0.24723191559314728,0.009747096337378025,7.6982770543545485,,,
m5b_smooth0.01,4,,0.20000606775283813,0.20000606775283813,0.20000606775283813,0.20000606775283813,0.20000606775283813,17.00051575899124,,,
m5b_smooth0.01,5,0.685488186776638,0.08575286716222763,0.41199079155921936,0.3307499289512634,0.08575286716222763,0.08575286716222763,8.350222818553448,,,
m5b_smooth0.01,6,0.5475821271538734,0.0852808803319931,0.13961581885814667,0.6045411229133606,0.0852808803319931,0.0852808803319931,8.86099049448967,,,
m5b_smooth0.01,7,0.1850317157804966,0.09508054703474045,0.047100190073251724,0.6676582098007202,0.09508054703474045,0.09508054703474045,9.751599129289389,,,
m5b_smooth0.01,8,0.13091720081865788,0.11690007895231247,0.0255074892193079,0.623792290687561,0.11690007895231247,0.11690006405115128,11.365790547803044,,,
m5b_smooth0.01,9,0.2108832411468029,0.1427908092737198,0.017745470628142357,0.5261125564575195,0.1705601066350937,0.1427907943725586,13.356523564085364,,,
m5b_smooth0.01,10,0.31663172505795956,0.14078788459300995,0.013856664299964905,0.375691682100296,0.3288763165473938,0.14078788459300995,13.861369386315346,,,
m5b_smooth0.01,11,0.5748114241287112,0.08606436103582382,0.009670679457485676,0.2019188404083252,0.6162818670272827,0.08606436103582382,11.298162986524403,,,
m5b_smooth0.01,12,0.2068077102303505,0.07059098035097122,0.008711223490536213,0.13042104244232178,0.7196855545043945,0.07059097290039062,10.661505674012005,,,
m5b_smooth0.01,13,0.06448824610561132,0.07187969237565994,0.008785147219896317,0.09817666560411453,0.7492780685424805,0.07187969237565994,10.867358859628439,,,
m5b_smooth0.01,14,0.0937761515378952,0.09413282573223114,0.011166993528604507,0.08947678655385971,0.7110899090766907,0.09413282573223114,12.223055820912123,,,
m5b_smooth0.01,15,0.032486408948898315,0.10106602311134338,0.013544078916311264,0.0811724066734314,0.7031513452529907,0.10106600821018219,12.658006217330694,,,
m5b_smooth0.01,16,0.033168377354741096,0.09953552484512329,0.016440285369753838,0.0775497555732727,0.6917201280593872,0.11475381255149841,12.669815314933658,,,
m5b_smooth0.01,17,0.12352106533944607,0.10230715572834015,0.020831365138292313,0.07797843217849731,0.6299600005149841,0.16892336308956146,13.167843092232943,,,
m5b_smooth0.01,18,0.2024686112999916,0.1275961846113205,0.023361507803201675,0.06926428526639938,0.5374400019645691,0.2423386573791504,15.041746657341719,,,
m5b_smooth0.01,19,0.5797695815563202,0.4034263789653778,0.02681557461619377,0.06632457673549652,0.25049468874931335,0.2529389560222626,29.72598024830222,,,
m5b_smooth0.01,20,0.9193928819149733,0.8631235361099243,0.01823725365102291,0.03505898639559746,0.04221579059958458,0.04136604070663452,52.78546148352325,,,
m5b_smooth0.01,21,0.13593195751309395,0.8422472476959229,0.05021170526742935,0.07104997336864471,0.0212456863373518,0.015245914459228516,51.160359093919396,,,
m5b_smooth0.01,22,1.3514865348115563,0.1828751564025879,0.3695754110813141,0.4274291694164276,0.013542603701353073,0.006577455438673496,12.81125490553677,,,
m5b_smooth0.01,23,0.7381320019485429,0.00879441387951374,0.1906432956457138,0.7964953780174255,0.002947824075818062,0.0011192996753379703,3.144099226454273,,,
m5b_smooth0.01,24,0.31542989748413675,0.0007327281637117267,0.044076431542634964,0.9542098045349121,0.0007194761419668794,0.0002607264614198357,2.9593560384237207,,,
m5b_smooth0.01,25,0.05784192035207525,0.00014885843847878277,0.01626306213438511,0.9831314086914062,0.0003284173144493252,0.00012870822683908045,2.9786896308942232,,,
m5b_smooth0.01,26,0.015083280788530828,5.5411899666069075e-05,0.008939199149608612,0.9906723499298096,0.00022661111142951995,0.00010548440332058817,2.9873440223454963,,,
m5b_smooth0.01,27,0.004491585918003693,3.3483356673968956e-05,0.006721068639308214,0.992895245552063,0.0002210030215792358,0.00012850755592808127,2.990761933629983,,,
m5b_smooth0.01,28,0.0003368750403751619,3.132563506369479e-05,0.006667788606137037,0.9927831292152405,0.0003000341239385307,0.00021879740233998746,2.9920601168560097,,,
m5b_smooth0.01,29,0.0029031296908215154,3.72964350390248e-05,0.007720684166997671,0.9913305640220642,0.00047724510659463704,0.0004332845564931631,2.9933568618725985,,,
m5b_smooth0.01,30,0.004518703801295487,4.5811848394805565e-05,0.009293859824538231,0.9890715479850769,0.0007572587346658111,0.0008312676218338311,2.9961957725317916,,,
m5b_smooth0.01,31,0.010401591502159135,7.685505988774821e-05,0.01277767214924097,0.9838711023330688,0.0014357400359585881,0.0018390766344964504,3.004799535876373,,,
m5b_smooth0.01,32,0.017830181801400613,0.0001275495596928522,0.018169356510043144,0.974955141544342,0.002728845691308379,0.004017813131213188,3.0260390584007837,,,
m5b_smooth0.01,33,0.03848689801816363,0.0002361420774832368,0.02823183685541153,0.9557122588157654,0.0057031880132853985,0.010116413235664368,3.091089239344001,,,
m5b_smooth0.01,34,0.09377310739364475,0.0004875953309237957,0.044818632304668427,0.9088257551193237,0.013184445910155773,0.03268351033329964,3.3504118835553527,,,
m5b_smooth0.01,35,0.7172766455551027,0.00011364071542629972,0.07507339119911194,0.5505617260932922,0.020033465698361397,0.35421839356422424,6.832868782192236,,,
m5b_smooth0.01,36,1.3185712403137586,0.0006003784365020692,0.7087289094924927,0.07231270521879196,0.045176345854997635,0.17318131029605865,3.7024624964687973,,,
m5b_smooth0.01,37,0.3639147310750559,0.0005582275916822255,0.8741649389266968,0.01430230587720871,0.06169813498854637,0.04927694797515869,2.0723297286313027,,,
m5b_smooth0.01,38,1.1122075049206614,0.000807247415650636,0.32364317774772644,0.008720088750123978,0.6095114946365356,0.05731809511780739,5.4672720830421895,,,
m5b_smooth0.01,39,0.5762450381880626,0.0005219100858084857,0.07232055068016052,0.003343066433444619,0.8976336121559143,0.02618016116321087,6.763621896505356,,,
m5b_smooth0.01,40,0.0718407891690731,0.0005176225095055997,0.04444069415330887,0.0023571141064167023,0.9335545897483826,0.019130446016788483,6.885277759516612,,,
m5b_smooth0.01,41,0.019616172066889703,0.0006757425726391375,0.036222394555807114,0.0022514124866575003,0.9432045221328735,0.01764632761478424,6.933001427911222,,,
m5b_smooth0.01,42,0.002415381430182606,0.001032815664075315,0.035016488283872604,0.0027163769118487835,0.9432024955749512,0.018031738698482513,6.959996369667351,,,
m5b_smooth0.01,43,0.010854411637410522,0.001204466330818832,0.031990136951208115,0.0027397635858505964,0.9484344124794006,0.015630632638931274,6.970347151858732,,,
m5b_smooth0.01,44,0.002920573460869491,0.0015169607941061258,0.03113674931228161,0.003058558562770486,0.9492634534835815,0.015023777261376381,6.986507128691301,,,
m5b_smooth0.01,45,0.005774341290816665,0.002115922048687935,0.03167383372783661,0.0038190281484276056,0.9463765621185303,0.016014711931347847,7.018928142962977,,,
m5b_smooth0.01,46,0.004191189538687468,0.0027946552727371454,0.031444139778614044,0.004693746101111174,0.9445111751556396,0.016557369381189346,7.056586091872305,,,
m5b_smooth0.01,47,0.008250720100477338,0.003723728470504284,0.03239329904317856,0.005999015644192696,0.9403855204582214,0.017498932778835297,7.101497756317258,,,
m5b_smooth0.01,48,0.01275216182693839,0.005060167051851749,0.033386893570423126,0.007716193329542875,0.934009850025177,0.01982821337878704,7.175809434149414,,,
m5b_smooth0.01,49,0.0052042147144675255,0.005907756742089987,0.03317977115511894,0.008972575888037682,0.9316137433052063,0.020325226709246635,7.220412280410528,,,
m5b_smooth0.01,50,0.0063967457972466946,0.00666673481464386,0.03160176798701286,0.01028748694807291,0.9299940466880798,0.021450383588671684,7.272732014767826,,,
m5b_smooth0.01,51,0.018815282732248306,0.008314933627843857,0.03279328718781471,0.012904678471386433,0.9205859899520874,0.02540070004761219,7.370115070603788,,,
m5b_smooth0.01,52,0.13676333148032427,0.017463181167840958,0.08464381098747253,0.01797430031001568,0.8522048592567444,0.027714507654309273,7.5397947039455175,,,
m5b_smooth0.01,53,1.5674310512840748,0.1907431185245514,0.6097928881645203,0.054871007800102234,0.0684891790151596,0.07610415667295456,13.763875469565392,,,
m5b_smooth0.01,54,0.27112631825730205,0.2427440732717514,0.6933547258377075,0.034341078251600266,0.002788944635540247,0.02677079476416111,15.75533609604463,,,
m5b_smooth0.01,55,0.3848849662754219,0.4224328100681305,0.5127342343330383,0.04709559306502342,0.00042824706179089844,0.01731026917695999,26.245331115525914,,,
m5b_smooth0.01,56,0.3573282758879941,0.24677559733390808,0.6008787155151367,0.13761413097381592,0.00014111498603597283,0.014589357189834118,16.025495754031,,,
m5b_smooth0.01,57,1.096820136448514,0.06987256556749344,0.23562605679035187,0.6860249042510986,4.381421240395866e-05,0.008432985283434391,6.604423197048163,,,
m5b_smooth0.01,58,0.5683775574343599,0.006671059876680374,0.021484702825546265,0.9702132344245911,6.928841685294174e-06,0.0016235030489042401,3.3551655432765983,,,
m5b_smooth0.01,59,0.04816638780584981,0.0012936994899064302,0.003897068090736866,0.9942964911460876,2.2850595087220427e-06,0.0005100108683109283,3.0715646584962997,,,
m5b_smooth0.01,60,0.007272988885347331,0.0004696835239883512,0.0013357949210330844,0.9979326128959656,1.1578898693187512e-06,0.0002595600381027907,3.026956590810755,,,
m5b_smooth0.01,61,0.00200261269475277,0.00023983301070984453,0.0006575019215233624,0.9989354014396667,8.180664394785708e-07,0.00016821922326926142,3.0142144824739603,,,
m5b_smooth0.01,62,0.0003899430686828964,0.00019654240168165416,0.0005067974561825395,0.9991306066513062,9.562897957948735e-07,0.00016761466395109892,3.012044460834886,,,
m5b_smooth0.01,63,9.998859388815617e-05,0.00018508968059904873,0.0004673738148994744,0.9991679787635803,1.1817550102932728e-06,0.00017912931798491627,3.0115927736784442,,,
m5b_smooth0.01,64,0.00030080630233442207,0.0002196470886701718,0.0005270374240353703,0.9990178942680359,1.8645846466824878e-06,0.0002349472779314965,3.014061859531921,,,
m5b_smooth0.01,65,0.0006321711946384312,0.0002884197747334838,0.0006809873739257455,0.998700737953186,3.1164379379333695e-06,0.00032598766847513616,3.0186740301417103,,,
m5b_smooth0.01,66,0.0010618380931646243,0.0004103326064068824,0.0009249366703443229,0.9981704354286194,5.748852345277555e-06,0.0004890286945737898,3.0269428430310654,,,
m5b_smooth0.01,67,0.0022199495424501947,0.0006681288359686732,0.0014321677153930068,0.9970602989196777,1.296225036639953e-05,0.0008266010554507375,3.0443639451614217,,,
m5b_smooth0.01,68,0.0026699599120547646,0.0009862359147518873,0.0020162344444543123,0.9957255721092224,2.275394399475772e-05,0.001249868655577302,3.0660245444432803,,,
m5b_smooth0.01,69,0.002977449611762495,0.0004932707524858415,0.0018854406662285328,0.9972143769264221,2.4781299998721806e-06,0.000405258615501225,3.0288157841216616,,,
m5b_smooth0.01,70,0.026816788248879675,0.005262449849396944,0.0074592833407223225,0.9838056564331055,5.172385135665536e-05,0.003421058878302574,3.322880134859588,,,
m5b_smooth0.01,71,0.08905573487572838,0.02543468214571476,0.02358817309141159,0.9392777681350708,0.00024114201369229704,0.011458365246653557,4.5296075137885055,,,
m5b_smooth0.01,72,0.24281901014910545,0.09320593625307083,0.05835700407624245,0.8178683519363403,0.0008962630527094007,0.02967275306582451,8.526010619360022,,,
m5b_smooth0.01,73,0.21404177020303905,0.15794607996940613,0.08889695256948471,0.7108471393585205,0.0017265229253098369,0.04058295860886574,12.278450249810703,,,
m5b_smooth0.01,74,0.06597161653917283,0.13197731971740723,0.08559933304786682,0.7429710030555725,0.002588823204860091,0.03686388581991196,10.767367689171806,,,
m5b_smooth0.01,75,0.12022850289940834,0.09223427623510361,0.07133881747722626,0.8023672103881836,0.003306630766019225,0.030752956867218018,8.46618483425118,,,
m5b_smooth0.01,76,0.03846661071293056,0.07883971929550171,0.06694542616605759,0.820528507232666,0.004378198180347681,0.029307158663868904,7.699861714150757,,,
m5b_smooth0.01,77,0.0126341856084764,0.07529430836439133,0.06417454779148102,0.8249821662902832,0.005531582981348038,0.03001801110804081,7.515752784907818,,,
m5b_smooth0.01,78,0.0844759177416563,0.09533599019050598,0.07235978543758392,0.7827438116073608,0.008414704352617264,0.041145533323287964,8.775691028684378,,,
m5b_smooth0.01,79,0.10320134926587343,0.11534645408391953,0.07732951641082764,0.7311426401138306,0.01300587598234415,0.06317434459924698,10.167026638053358,,,
m5b_smooth0.01,80,0.07759222108870745,0.09745211899280548,0.0665140375494957,0.7210570573806763,0.01800474338233471,0.09697230160236359,9.560457775369287,,,
m5b_smooth0.01,81,0.2242409996688366,0.07903413474559784,0.06082911044359207,0.633039116859436,0.02593875862658024,0.20115843415260315,9.699783934280276,,,
m5b_smooth0.01,82,0.6708171349018812,0.04776386171579361,0.04654790088534355,0.3431825339794159,0.03140473738312721,0.5311015248298645,11.597181715071201,,,
m5b_smooth0.01,83,0.6128526274114847,0.015856748446822166,0.021203812211751938,0.10445328056812286,0.02095813676714897,0.8375270962715149,13.158054865896702,,,
m5b_smooth0.01,84,0.19483943469822407,0.005628025159239769,0.010002387687563896,0.03658590093255043,0.01283567026257515,0.9349465370178223,13.636542810127139,,,
m5b_smooth0.01,85,0.05113788018934429,0.003052687970921397,0.006549757439643145,0.01953958347439766,0.010341871529817581,0.9605163335800171,13.767951556947082,,,
m5b_smooth0.01,86,0.016399102983996272,0.0022153411991894245,0.0054810987785458565,0.013878456316888332,0.009709294885396957,0.9687157273292542,13.810022186487913,,,
m5b_smooth0.01,87,0.002683317055925727,0.0020561341661959887,0.005623753648251295,0.01269620656967163,0.010592416860163212,0.969031810760498,13.80767269199714,,,
m5b_smooth0.01,88,0.019827432231977582,0.002584101166576147,0.007552686613053083,0.016163000836968422,0.01458241231739521,0.9591180682182312,13.74081760039553,,,
m5b_smooth0.01,89,0.130496839992702,0.006070578470826149,0.019570762291550636,0.04506733641028404,0.0354214571416378,0.893869161605835,13.281125942245126,,,
m5b_smooth0.01,90,1.4358226172626019,0.021909289062023163,0.10235999524593353,0.5739403367042542,0.12583193182945251,0.17595796287059784,6.482973352074623,,,
m5b_smooth0.01,91,0.6371365052182227,0.00841087568551302,0.06385792791843414,0.892508864402771,0.032930802553892136,0.0022915953304618597,3.5086350147612393,,,
m5b_smooth0.01,92,0.06431247672298923,0.004834192804992199,0.05584840476512909,0.9246652126312256,0.014503708109259605,0.00014876731438562274,3.2235043101245537,,,
m5b_smooth0.01,93,0.01498234826431144,0.003561442019417882,0.05528184026479721,0.9321567416191101,0.008976145647466183,2.4825785658322275e-05,3.1286191668186802,,,
m5b_smooth0.01,94,0.00883378335947782,0.0035459359642118216,0.059697724878787994,0.9288243055343628,0.00792162586003542,9.388967555423733e-06,3.1145096259006095,,,
m5b_smooth0.01,95,0.003748272913526307,0.0036529009230434895,0.061465464532375336,0.9273499250411987,0.007526810746639967,5.016273007640848e-06,3.1154471980871676,,,
m5b_smooth0.01,96,0.015239839581681736,0.004508160054683685,0.06691734492778778,0.9197306036949158,0.008839860558509827,4.687376531364862e-06,3.158543406474564,,,
m5b_smooth0.01,97,0.008475511726373952,0.005610218737274408,0.0679948702454567,0.9154930710792542,0.010897629894316196,5.313151177688269e-06,3.2274450010963847,,,
m5b_smooth0.01,98,0.007183694394825579,0.006736205890774727,0.06576785445213318,0.91412752866745,0.013362416997551918,5.675084139511455e-06,3.3059391640617832,,,
m5b_smooth0.01,99,0.02456983538741042,0.009315760806202888,0.06950826197862625,0.9018430709838867,0.019324328750371933,9.178593245451339e-06,3.4693819248604996,,,
m5b_smooth0.01,100,0.03430871797627333,0.013586850836873055,0.07083773612976074,0.8846879601478577,0.03087230958044529,1.4240721611713525e-05,3.756418203951398,,,
m5b_smooth0.01,101,0.0964485021386281,0.022359423339366913,0.0790802612900734,0.8364645838737488,0.06207059696316719,2.598154060251545e-05,4.36489733358394,,,
m5b_smooth0.01,102,0.3339943056435004,0.04106755554676056,0.09837474673986435,0.6694669723510742,0.19103263318538666,5.802178202429786e-05,5.908869733844767,,,
m5b_smooth0.01,103,0.768652249884326,0.04796236753463745,0.08099266141653061,0.30252283811569214,0.5684211254119873,0.00010074789315694943,7.8466615762299625,,,
m5b_smooth0.01,104,0.5595962087973021,0.03301519155502319,0.03996332734823227,0.0787208080291748,0.8482188582420349,8.081206033239141e-05,8.195700621276046,,,
m5b_smooth0.01,105,0.07777285073825624,0.05771823599934578,0.0370640829205513,0.04273432493209839,0.8623842000961304,9.954897541319951e-05,9.66644430400629,,,
m5b_smooth0.01,106,0.8756744277707185,0.45700928568840027,0.06977847963571548,0.04846350476145744,0.42454659938812256,0.00020174980454612523,30.610376828204608,,,
m5b_smooth0.01,107,0.7010006354976213,0.7955566644668579,0.0817018449306488,0.03704094514250755,0.08546881377696991,0.00023129599867388606,48.52774438878987,,,
m5b_smooth0.01,108,0.674045956810005,0.4585331976413727,0.35815393924713135,0.09716958552598953,0.08552209287881851,0.0006197721813805401,28.768986014998518,,,
m5b_smooth0.01,109,0.7395664360956289,0.09711349755525589,0.5188985466957092,0.30572208762168884,0.07715969532728195,0.0011070010950788856,7.818490545498207,,,
m5b_smooth0.01,110,1.1565039622946642,0.017683861777186394,0.058765895664691925,0.8839734792709351,0.038875021040439606,0.0007013915455900133,4.053662669030018,,,
m5b_smooth0.01,111,0.1805136373732239,0.003249727888032794,0.006463277153670788,0.9742299914360046,0.015752362087368965,0.0003036776906810701,3.23865494702477,,,
m5b_smooth0.01,112,0.0231946697604144,0.0012438500998541713,0.001668958691880107,0.9858284592628479,0.011042613536119461,0.0002174205583287403,3.1141275250411127,,,
m5b_smooth0.01,113,0.0025329574127681553,0.0008238974260166287,0.0008216371643356979,0.9868063926696777,0.011319487355649471,0.00022829654335509986,3.0931072238308843,,,
m5b_smooth0.01,114,0.006770091815269552,0.0007384638884104788,0.0005857385112904012,0.9837430715560913,0.014642920345067978,0.00029030206496827304,3.1026874578092247,,,
m5b_smooth0.01,115,0.01769473441527225,0.0008630935335531831,0.000581525731831789,0.9749000668525696,0.023216426372528076,0.0004396833246573806,3.1457378894556314,,,
m5b_smooth0.01,116,0.0549947340041399,0.0013326939661055803,0.0007737448904663324,0.9474023580551147,0.04965610429644585,0.0008352110162377357,3.2822281413245946,,,
m5b_smooth0.01,117,0.20893193874508142,0.002419352764263749,0.0012580518377944827,0.84293532371521,0.15161624550819397,0.001769008464179933,3.761305025895126,,,
m5b_smooth0.01,118,1.096003201440908,0.003912436310201883,0.0018610866973176599,0.2949346899986267,0.6961090564727783,0.003182646818459034,6.0387317860731855,,,
m5b_smooth0.01,119,0.5166646279394627,0.0023859955836087465,0.0010740520665422082,0.04001086205244064,0.954441487789154,0.0020877534989267588,6.974585336749442,,,
m5b_smooth0.1,4,,0.20000606775283813,0.20000606775283813,0.20000606775283813,0.20000606775283813,0.20000606775283813,17.00051575899124,,,
m5b_smooth0.1,5,0.08157159388065338,0.20157387852668762,0.23607361316680908,0.15920545160770416,0.20157387852668762,0.20157387852668762,17.04117412865162,,,
m5b_smooth0.1,6,0.3120947331190109,0.2535896897315979,0.15104009211063385,0.0881916731595993,0.2535896897315979,0.2535896897315979,20.95637997984886,,,
m5b_smooth0.1,7,0.0755242183804512,0.24100221693515778,0.1521996408700943,0.12479392439126968,0.24100221693515778,0.24100221693515778,20.047760985791683,,,
m5b_smooth0.1,8,0.06036623567342758,0.2417052984237671,0.12201626598834991,0.15286754071712494,0.2417052984237671,0.2417052984237671,20.15874806046486,,,
m5b_smooth0.1,9,0.0864546000957489,0.25081169605255127,0.09613446891307831,0.17788226902484894,0.22436001896858215,0.25081169605255127,20.760366916656494,,,
m5b_smooth0.1,10,0.04618518054485321,0.24810215830802917,0.0889069139957428,0.20097461342811584,0.21391384303569794,0.2481021285057068,20.54878695309162,,,
m5b_smooth0.1,11,0.041382335126399994,0.23958748579025269,0.08524513989686966,0.21401992440223694,0.2215597778558731,0.23958748579025269,20.00769730657339,,,
m5b_smooth0.1,12,0.03515782952308655,0.24837690591812134,0.08183706551790237,0.20730502903461456,0.21410375833511353,0.24837690591812134,20.58236949890852,,,
m5b_smooth0.1,13,0.03601257503032684,0.24817612767219543,0.07533284276723862,0.22531139850616455,0.20300333201885223,0.24817612767219543,20.53732381016016,,,
m5b_smooth0.1,14,0.08806464821100235,0.25513365864753723,0.07641008496284485,0.18127894401550293,0.2320432811975479,0.25513359904289246,21.124439790844917,,,
m5b_smooth0.1,15,0.021360181272029877,0.25674545764923096,0.07265219837427139,0.1887359470129013,0.2251216173171997,0.25674542784690857,21.21387480944395,,,
m5b_smooth0.1,16,0.0507732629776001,0.28213146328926086,0.07063106447458267,0.17830531299114227,0.21871253848075867,0.2502190172672272,22.567488811910152,,,
m5b_smooth0.1,17,0.06022045016288757,0.2858617901802063,0.0696665570139885,0.16321039199829102,0.20466190576553345,0.27659907937049866,23.016025595366955,,,
m5b_smooth0.1,18,0.05411779135465622,0.29910367727279663,0.06374022364616394,0.17702773213386536,0.1894693374633789,0.2706594169139862,23.656561255455017,,,
m5b_smooth0.1,19,0.12905114889144897,0.3633061647415161,0.057821840047836304,0.14223389327526093,0.16565538942813873,0.27098190784454346,27.236227840185165,,,
m5b_smooth0.1,20,0.10884760320186615,0.40967100858688354,0.0658814013004303,0.1389661282300949,0.15440931916236877,0.2310725450515747,29.378921166062355,,,
m5b_smooth0.1,21,0.16666091233491898,0.38062968850135803,0.11742749065160751,0.16250014305114746,0.1626594513654709,0.17678318917751312,27.05629003793001,,,
m5b_smooth0.1,22,0.49906355887651443,0.20383037626743317,0.3346947729587555,0.19476470351219177,0.13867542147636414,0.1280348151922226,15.912026822566986,,,
m5b_smooth0.1,23,0.14539885520935059,0.1576080322265625,0.3598637282848358,0.24229490756988525,0.1271173357963562,0.11311554908752441,13.016669422388077,,,
m5b_smooth0.1,24,0.23424500226974487,0.1061556413769722,0.332604318857193,0.35941755771636963,0.12017710506916046,0.08164522796869278,9.764468401670456,,,
m5b_smooth0.1,25,0.3252122774720192,0.076729916036129,0.21777036786079407,0.5131751298904419,0.12902623414993286,0.06329932808876038,8.150464951992035,,,
m5b_smooth0.1,26,0.20497772097587585,0.06028780713677406,0.141313835978508,0.5987293124198914,0.1459599882364273,0.05370818451046944,7.328404702246189,,,
m5b_smooth0.1,27,0.0724635198712349,0.054709818214178085,0.11099572479724884,0.6151427030563354,0.1657787263393402,0.05337289348244667,7.146684519946575,,,
m5b_smooth0.1,28,0.03697170317173004,0.05752613767981529,0.099538654088974,0.6081140637397766,0.17242860794067383,0.06239268556237221,7.455946959555149,,,
m5b_smooth0.1,29,0.0747963897883892,0.05817059800028801,0.09370625764131546,0.5765480995178223,0.20572204887866974,0.0658528134226799,7.67558016628027,,,
m5b_smooth0.1,30,0.0442088358104229,0.051971159875392914,0.0835350900888443,0.5875000953674316,0.21687451004981995,0.06011904031038284,7.3240931034088135,,,
m5b_smooth0.1,31,0.0124775730073452,0.05240264907479286,0.07729651033878326,0.5924876928329468,0.21762937307357788,0.06018408387899399,7.364901319146156,,,
m5b_smooth0.1,32,0.016700495034456253,0.05416214466094971,0.06894617527723312,0.5958971977233887,0.21909983456134796,0.06189478188753128,7.506592236459255,,,
m5b_smooth0.1,33,0.023658115416765213,0.05241725221276283,0.0625533014535904,0.6051623821258545,0.21540899574756622,0.06445910781621933,7.433366060256958,,,
m5b_smooth0.1,34,0.032043587416410446,0.05075822025537491,0.06566654145717621,0.59079909324646,0.22040370106697083,0.0723724290728569,7.439596951007843,,,
m5b_smooth0.1,35,0.18630577996373177,0.05051928758621216,0.04926683381199837,0.6839514374732971,0.16502368450164795,0.05123765021562576,7.0047712959349155,,,
m5b_smooth0.1,36,0.8312391899526119,0.2326848804950714,0.17296276986598969,0.26833274960517883,0.22756138443946838,0.0984589233994484,17.910408467054367,,,
m5b_smooth0.1,37,0.5624142549932003,0.1970561295747757,0.454169362783432,0.15925326943397522,0.13012872636318207,0.05939215049147606,14.497688136994839,,,
m5b_smooth0.1,38,0.1561971940100193,0.15791063010692596,0.49605879187583923,0.19546234607696533,0.10753149539232254,0.043036192655563354,11.912310801446438,,,
m5b_smooth0.1,39,0.22547048330307007,0.11364837735891342,0.4470427334308624,0.30819806456565857,0.0967799574136734,0.03433127701282501,9.348637148737907,,,
m5b_smooth0.1,40,0.2563851326704025,0.07321149855852127,0.3829555809497833,0.4363906681537628,0.08096696436405182,0.026475772261619568,7.022247061133385,,,
m5b_smooth0.1,41,0.3692679274827242,0.05477132648229599,0.2195715308189392,0.6165806651115417,0.08541068434715271,0.023665783926844597,6.284788880497217,,,
m5b_smooth0.1,42,0.09213136322796345,0.04599614441394806,0.18228119611740112,0.6481888294219971,0.0995744839310646,0.02395966649055481,5.9190730676054955,,,
m5b_smooth0.1,43,0.04492332600057125,0.04300012066960335,0.17697173357009888,0.6340326070785522,0.12159455567598343,0.024401212111115456,5.851855654269457,,,
m5b_smooth0.1,44,0.0680509340018034,0.041374001652002335,0.1445724219083786,0.6400368809700012,0.14928874373435974,0.024728253483772278,5.938339918851852,,,
m5b_smooth0.1,45,0.0762900561094284,0.03877396509051323,0.10902756452560425,0.6483538150787354,0.17693199217319489,0.02691323310136795,5.99583612382412,,,
m5b_smooth0.1,46,0.017130328342318535,0.03662562370300293,0.1069723591208458,0.64399254322052,0.182718425989151,0.029692308977246284,5.931208718568087,,,
m5b_smooth0.1,47,0.04325959272682667,0.03626991808414459,0.11107552796602249,0.6227176189422607,0.19807495176792145,0.031861577183008194,5.988010212779045,,,
m5b_smooth0.1,48,0.029562510550022125,0.03461279720067978,0.09954037517309189,0.6374990344047546,0.19705115258693695,0.03129655495285988,5.9063151478767395,,,
m5b_smooth0.1,49,0.021389303728938103,0.032871875911951065,0.09339291602373123,0.6348903775215149,0.20774619281291962,0.03109932877123356,5.859990555793047,,,
m5b_smooth0.1,50,0.016041701659560204,0.031481895595788956,0.08676186949014664,0.6394433379173279,0.20970438420772552,0.03260885179042816,5.818460233509541,,,
m5b_smooth0.1,51,0.04433239623904228,0.03293132781982422,0.08303958177566528,0.6209993362426758,0.2253911942243576,0.03763871639966965,6.026597648859024,,,
m5b_smooth0.1,52,0.11193812265992165,0.03313184529542923,0.08831904828548431,0.671488344669342,0.18621905148029327,0.020841728895902634,5.686012364923954,,,
m5b_smooth0.1,53,0.552767563611269,0.18526652455329895,0.18938496708869934,0.3951042592525482,0.19178244471549988,0.038461215794086456,14.37162335216999,,,
m5b_smooth0.1,54,0.3262628074735403,0.18684391677379608,0.350939005613327,0.35991427302360535,0.07519498467445374,0.02710728533565998,13.547183718532324,,,
m5b_smooth0.1,55,0.29873468540608883,0.10142216831445694,0.33455029129981995,0.5092820525169373,0.03696310520172119,0.017782721668481827,8.455426387488842,,,
m5b_smooth0.1,56,0.2824588641524315,0.0540677048265934,0.2635047733783722,0.6505112051963806,0.020272890105843544,0.01164320670068264,5.76401580311358,,,
m5b_smooth0.1,57,0.05298723094165325,0.036111678928136826,0.2799667418003082,0.6605427861213684,0.014189817011356354,0.00918862409889698,4.656265292316675,,,
m5b_smooth0.1,58,0.03426446579396725,0.02881695330142975,0.27297085523605347,0.677675187587738,0.011960698291659355,0.008576290681958199,4.238806573674083,,,
m5b_smooth0.1,59,0.02618952188640833,0.028202753514051437,0.2604902386665344,0.690061628818512,0.012020956724882126,0.009224296547472477,4.236127184703946,,,
m5b_smooth0.1,60,0.029038073495030403,0.028498822823166847,0.24597115814685822,0.7024717330932617,0.012831548228859901,0.01022652443498373,4.296307906508446,,,
m5b_smooth0.1,61,0.02307924348860979,0.027167415246367455,0.23576338589191437,0.712915301322937,0.013185656629502773,0.010968911461532116,4.250418561510742,,,
m5b_smooth0.1,62,0.02300745900720358,0.029004951938986778,0.2242594212293625,0.7176172137260437,0.015459720976650715,0.01365889236330986,4.416850718669593,,,
m5b_smooth0.1,63,0.0922799352556467,0.027312016114592552,0.17981286346912384,0.7620869874954224,0.01592428982257843,0.014864991419017315,4.4243747014552355,,,
m5b_smooth0.1,64,0.021555759944021702,0.029711570590734482,0.18112440407276154,0.7513076066970825,0.018785756081342697,0.01906880922615528,4.616205081343651,,,
m5b_smooth0.1,65,0.01942620426416397,0.03153081610798836,0.1784190684556961,0.7443007230758667,0.021469466388225555,0.024279838427901268,4.793374206870794,,,
m5b_smooth0.1,66,0.05789140239357948,0.03293837979435921,0.1494734138250351,0.7627879977226257,0.024261286482214928,0.030538927763700485,5.011514188721776,,,
m5b_smooth0.1,67,0.03897707164287567,0.0359814427793026,0.14739538729190826,0.7453778386116028,0.029170190915465355,0.04207584634423256,5.335668655112386,,,
m5b_smooth0.1,68,0.04235311225056648,0.032009273767471313,0.13019083440303802,0.759606122970581,0.02978275530040264,0.04841138795018196,5.215804347768426,,,
m5b_smooth0.1,69,0.13846805226057768,0.04564467817544937,0.18578936159610748,0.7153146266937256,0.014581373892724514,0.038670144975185394,5.713865579105914,,,
m5b_smooth0.1,70,0.8297822969034314,0.40202799439430237,0.1937301605939865,0.3004235327243805,0.03010840341448784,0.07371020317077637,26.459382090717554,,,
m5b_smooth0.1,71,0.39943057484924793,0.5197907090187073,0.2756824791431427,0.13583751022815704,0.025365831330418587,0.04332325607538223,32.65472395531833,,,
m5b_smooth0.1,72,0.4118699561804533,0.3270086348056793,0.4692111909389496,0.148081436753273,0.02552834525704384,0.03017052635550499,21.135059375315905,,,
m5b_smooth0.1,73,0.1160500980913639,0.28941601514816284,0.45693331956863403,0.2061067521572113,0.02402050979435444,0.023524070158600807,18.93769503571093,,,
m5b_smooth0.1,74,0.23042571358382702,0.293282151222229,0.34272632002830505,0.316242516040802,0.02523099258542061,0.022517738863825798,19.380248233675957,,,
m5b_smooth0.1,75,0.22359622456133366,0.2214597761631012,0.3056778609752655,0.42804020643234253,0.025000516325235367,0.01982051506638527,15.329875875264406,,,
m5b_smooth0.1,76,0.13561919145286083,0.15694893896579742,0.32171353697776794,0.47981464862823486,0.024023249745368958,0.017499545589089394,11.591250207275152,,,
m5b_smooth0.1,77,0.1122885812073946,0.12665244936943054,0.29820576310157776,0.5359591245651245,0.023341262713074684,0.015841690823435783,9.890402609482408,,,
m5b_smooth0.1,78,0.06162571720778942,0.13900691270828247,0.2673928737640381,0.5491117238998413,0.026759250089526176,0.017729468643665314,10.690670119598508,,,
m5b_smooth0.1,79,0.06543687358498573,0.15575926005840302,0.23467473685741425,0.5540686249732971,0.033614516258239746,0.021883690729737282,11.784109499305487,,,
m5b_smooth0.1,80,0.2639891505241394,0.12669208645820618,0.13174684345722198,0.6837306022644043,0.035332802683115005,0.02249751053750515,10.346758604049683,,,
m5b_smooth0.1,81,0.03719022497534752,0.1271885484457016,0.11315225064754486,0.6960399746894836,0.0389910489320755,0.02462906204164028,10.450329292565584,,,
m5b_smooth0.1,82,0.03169595077633858,0.13486474752426147,0.10814797878265381,0.6851961016654968,0.04367394372820854,0.028117774054408073,10.954987578094006,,,
m5b_smooth0.1,83,0.021584365516901016,0.126386821269989,0.10583362728357315,0.6917333006858826,0.04541870206594467,0.0306279044598341,10.510964382439852,,,
m5b_smooth0.1,84,0.028442414477467537,0.11469848453998566,0.11358238756656647,0.6892008185386658,0.04748191311955452,0.03503752872347832,9.885992709547281,,,
m5b_smooth0.1,85,0.052873242646455765,0.11873606592416763,0.116522878408432,0.6627635955810547,0.054664094001054764,0.04731329530477524,10.27401241287589,,,
m5b_smooth0.1,86,0.015713326632976532,0.11616240441799164,0.11283758282661438,0.6611655950546265,0.0560632161796093,0.05377054214477539,10.211308736354113,,,
m5b_smooth0.1,87,0.12520955875515938,0.14779360592365265,0.11532625555992126,0.5985613465309143,0.06648555397987366,0.07183364033699036,12.249696493148804,,,
m5b_smooth0.1,88,0.09111462533473969,0.19204117357730865,0.10393895208835602,0.564551591873169,0.06632529944181442,0.0731433853507042,14.808348633348942,,,
m5b_smooth0.1,89,0.03811415657401085,0.2110985517501831,0.10172460973262787,0.5619257688522339,0.06286971271038055,0.06238235905766487,15.766856037080288,,,
m5b_smooth0.1,90,0.026143375784158707,0.21238912642002106,0.1123179942369461,0.5544180274009705,0.06405628472566605,0.05681725591421127,15.762755237519741,,,
m5b_smooth0.1,91,0.11936510354280472,0.2385755181312561,0.1287873238325119,0.49473652243614197,0.07512131333351135,0.06278010457754135,17.332298636436462,,,
m5b_smooth0.1,92,0.14575431123375893,0.17523378133773804,0.16733631491661072,0.5290640592575073,0.07114705443382263,0.057218316942453384,13.56764119118452,,,
m5b_smooth0.1,93,0.17824861407279968,0.09813424944877625,0.1813630312681198,0.6041621565818787,0.06941364705562592,0.04692745581269264,9.024784378707409,,,
m5b_smooth0.1,94,0.12670329958200455,0.060609567910432816,0.15840570628643036,0.6560843586921692,0.08084253966808319,0.04405725747346878,6.945932239294052,,,
m5b_smooth0.1,95,0.04787381738424301,0.03953922539949417,0.16137392818927765,0.6745129227638245,0.08338309824466705,0.04119112715125084,5.717623688280582,,,
m5b_smooth0.1,96,0.027866899967193604,0.030827496200799942,0.15615278482437134,0.6807116866111755,0.08920485526323318,0.0431046336889267,5.2758364751935005,,,
m5b_smooth0.1,97,0.08806388825178146,0.024619318544864655,0.11832817643880844,0.7139030694961548,0.09715582430362701,0.0459933839738369,5.061194643378258,,,
m5b_smooth0.1,98,0.01715165004134178,0.021021708846092224,0.11334976553916931,0.7201151251792908,0.09771394729614258,0.04779883474111557,4.888178989291191,,,
m5b_smooth0.1,99,0.03111874684691429,0.020320117473602295,0.1156524270772934,0.7052577137947083,0.09957532584667206,0.05919453874230385,4.976383440196514,,,
m5b_smooth0.1,100,0.04844223894178867,0.019029775634407997,0.0927215963602066,0.7118733525276184,0.10691908746957779,0.06945620477199554,5.090948671102524,,,
m5b_smooth0.1,101,0.15677856281399727,0.01974785141646862,0.08772450685501099,0.6384809017181396,0.13865946233272552,0.11538677662611008,5.774069406092167,,,
m5b_smooth0.1,102,0.03757571242749691,0.019187994301319122,0.08008301258087158,0.6278944611549377,0.14916668832302094,0.12366747111082077,5.8905574679374695,,,
m5b_smooth0.1,103,0.06475790776312351,0.019376376643776894,0.07737734913825989,0.5982217788696289,0.17597337067127228,0.12905196845531464,6.073166437447071,,,
m5b_smooth0.1,104,0.04074890911579132,0.01759454794228077,0.07642576843500137,0.5885921716690063,0.16796191036701202,0.1494264006614685,6.16557814180851,,,
m5b_smooth0.1,105,0.10073859803378582,0.01814749836921692,0.07647465914487839,0.5382224321365356,0.16946464776992798,0.1976906806230545,6.733913920819759,,,
m5b_smooth0.1,106,0.036173099651932716,0.02341371215879917,0.07644879072904587,0.5265336036682129,0.182284876704216,0.19131872057914734,7.01532855629921,,,
m5b_smooth0.1,107,0.1158160325139761,0.03531484305858612,0.08694004267454147,0.5620497465133667,0.16899949312210083,0.14669659733772278,7.1287286803126335,,,
m5b_smooth0.1,108,0.08510160446166992,0.05497954785823822,0.10151944309473038,0.5612114071846008,0.17730563879013062,0.10498358309268951,7.794836170971394,,,
m5b_smooth0.1,109,0.09438095986843109,0.08345142006874084,0.1202382743358612,0.5560142993927002,0.1616317182779312,0.07866435497999191,9.028089374303818,,,
m5b_smooth0.1,110,0.07534536346793175,0.08014305680990219,0.13136300444602966,0.5808631777763367,0.1633305698633194,0.044299814850091934,8.446047343313694,,,
m5b_smooth0.1,111,0.05596519075334072,0.06722042709589005,0.14017097651958466,0.599180281162262,0.16418851912021637,0.029240278527140617,7.5296209789812565,,,
m5b_smooth0.1,112,0.06672419793903828,0.06140492856502533,0.14070694148540497,0.577077329158783,0.19701428711414337,0.023796264082193375,7.2684823498129845,,,
m5b_smooth0.1,113,0.03912385553121567,0.0573921762406826,0.13296478986740112,0.5711991786956787,0.21657612919807434,0.021867305040359497,7.112268075346947,,,
m5b_smooth0.1,114,0.03713587485253811,0.05320790782570839,0.11900977790355682,0.5759264230728149,0.23041702806949615,0.021438853815197945,6.952326666563749,,,
m5b_smooth0.1,115,0.11083970405161381,0.05068260803818703,0.10365428775548935,0.53838711977005,0.2851008474826813,0.022174645215272903,7.065923094749451,,,
m5b_smooth0.1,116,0.017364632338285446,0.05186609551310539,0.09825234115123749,0.5436689257621765,0.28182050585746765,0.024391695857048035,7.155452132225037,,,
m5b_smooth0.1,117,0.15296795219182968,0.049813393503427505,0.09484128654003143,0.4726490080356598,0.3581306040287018,0.02456587553024292,7.3524284064769745,,,
m5b_smooth0.1,118,0.042837079614400864,0.04748263210058212,0.08948592841625214,0.45891642570495605,0.3764481246471405,0.027666732668876648,7.337664261460304,,,
m5b_smooth0.1,119,0.036746229976415634,0.04328765720129013,0.08740466088056564,0.4468197822570801,0.3925946056842804,0.029893595725297928,7.1917960196733475,,,
m5b_smooth0.3,4,,0.20000606775283813,0.20000606775283813,0.20000606775283813,0.20000606775283813,0.20000606775283813,17.00051575899124,,,
m5b_smooth0.3,5,0.1605578511953354,0.2267606556415558,0.1699243187904358,0.14979372918605804,0.2267606556415558,0.2267606556415558,18.98691861331463,,,
m5b_smooth0.3,6,0.40121736004948616,0.293630450963974,0.06559699773788452,0.05351307615637779,0.293630450963974,0.293630450963974,24.010202754288912,,,
m5b_smooth0.3,7,0.02061847597360611,0.29706665873527527,0.060065850615501404,0.04873437061905861,0.29706665873527527,0.29706665873527527,24.268668320029974,,,
m5b_smooth0.3,8,0.0033327601850032806,0.2976219952106476,0.05996716395020485,0.047166306525468826,0.2976219952106476,0.2976219952106476,24.308847695589066,,,
m5b_smooth0.3,9,0.10437455773353577,0.32145270705223083,0.06449346244335175,0.04701380431652069,0.24558766186237335,0.32145270705223083,25.71214883029461,,,
m5b_smooth0.3,10,0.027059469372034073,0.32258903980255127,0.06973463296890259,0.053029898554086685,0.23205812275409698,0.32258903980255127,25.724820133298635,,,
m5b_smooth0.3,11,0.04882873594760895,0.3333890438079834,0.0691864863038063,0.05584382638335228,0.20819146931171417,0.3333890438079834,26.364847492426634,,,
m5b_smooth0.3,12,0.033211708068847656,0.3416917324066162,0.06054319068789482,0.053420744836330414,0.2026515156030655,0.3416917324066162,26.924554232507944,,,
m5b_smooth0.3,13,0.02697388082742691,0.3425861895084381,0.06712847203016281,0.05853434279561043,0.18916542828083038,0.3425861895084381,26.918267522007227,,,
m5b_smooth0.3,14,0.09813879802823067,0.31805139780044556,0.07349524646997452,0.06322629004716873,0.22717592120170593,0.31805139780044556,25.389209002256393,,,
m5b_smooth0.3,15,0.04807797074317932,0.32658055424690247,0.07569617033004761,0.06800608336925507,0.20313698053359985,0.32658055424690247,25.868634298443794,,,
m5b_smooth0.3,16,0.05182109773159027,0.32010477781295776,0.08533304929733276,0.08204703032970428,0.18370188772678375,0.32881295680999756,25.427055418491364,,,
m5b_smooth0.3,17,0.07981104403734207,0.3508019745349884,0.08528632670640945,0.091255322098732,0.16439875960350037,0.30825725197792053,26.8735636100173,,,
m5b_smooth0.3,18,0.07448628544807434,0.34645360708236694,0.07075340300798416,0.08289073407649994,0.1544017791748047,0.3455006778240204,27.02446397393942,,,
m5b_smooth0.3,19,0.023454464972019196,0.3581809997558594,0.06432769447565079,0.08098805695772171,0.15352103114128113,0.3429827392101288,27.67455741763115,,,
m5b_smooth0.3,20,0.055465586483478546,0.3760251998901367,0.0644971951842308,0.08212733268737793,0.16210028529167175,0.31524938344955444,28.420584551990032,,,
m5b_smooth0.3,21,0.10644948482513428,0.32280072569847107,0.0761147141456604,0.08577107638120651,0.16829583048820496,0.3470175862312317,25.737788505852222,,,
m5b_smooth0.3,22,0.18211621791124344,0.3854301869869232,0.10216822475194931,0.0881463959813118,0.16710209846496582,0.25715339183807373,28.26228080689907,,,
m5b_smooth0.3,23,0.10505945980548859,0.3387681543827057,0.14389793574810028,0.09522484242916107,0.17082332074642181,0.2512853443622589,25.469419792294502,,,
m5b_smooth0.3,24,0.19403581321239471,0.33101946115493774,0.20476460456848145,0.13137638568878174,0.15991486608982086,0.17292489111423492,24.000413969159126,,,
m5b_smooth0.3,25,0.11524851620197296,0.314046174287796,0.2018669694662094,0.18207204341888428,0.16684356331825256,0.13517165184020996,22.65116162598133,,,
m5b_smooth0.3,26,0.07892920076847076,0.2953891456127167,0.20081424713134766,0.20957614481449127,0.17880383133888245,0.11541657149791718,21.42035023868084,,,
m5b_smooth0.3,27,0.016824349761009216,0.29384535551071167,0.20428816974163055,0.21324239671230316,0.1800757497549057,0.108548104763031,21.254940405488014,,,
m5b_smooth0.3,28,0.05726924538612366,0.31323859095573425,0.19564925134181976,0.19324688613414764,0.18281681835651398,0.1150486171245575,22.46010373532772,,,
m5b_smooth0.3,29,0.0364656075835228,0.32126742601394653,0.19939424097537994,0.19970591366291046,0.16943879425525665,0.1101938858628273,22.803343504667282,,,
m5b_smooth0.3,30,0.043382368981838226,0.33489754796028137,0.20667220652103424,0.20048870146274567,0.1506955623626709,0.10724562406539917,23.45829886198044,,,
m5b_smooth0.3,31,0.13655509054660797,0.3625953495502472,0.15245400369167328,0.1864294707775116,0.18002749979496002,0.11849354207515717,25.38656547665596,,,
m5b_smooth0.3,32,0.021262213587760925,0.36852893233299255,0.14451910555362701,0.1901838183403015,0.1809706836938858,0.11579734086990356,25.714764058589935,,,
m5b_smooth0.3,33,0.06112608313560486,0.3455273509025574,0.15187771618366241,0.1909625381231308,0.2033964842557907,0.10823597013950348,24.39548535645008,,,
m5b_smooth0.3,34,0.022165320813655853,0.3420083820819855,0.1489742398262024,0.18630264699459076,0.2115684151649475,0.11114702373743057,24.265422344207764,,,
m5b_smooth0.3,35,0.20446327701210976,0.3661934435367584,0.18847428262233734,0.22484885156154633,0.16045145690441132,0.060032013803720474,24.798235841095448,,,
m5b_smooth0.3,36,0.34962273016572,0.37970268726348877,0.13031522929668427,0.10819654166698456,0.2995283603668213,0.0822572335600853,26.485365882515907,,,
m5b_smooth0.3,37,0.1073613166809082,0.37650638818740845,0.17021174728870392,0.12198043614625931,0.2575884163379669,0.07371257245540619,25.961631275713444,,,
m5b_smooth0.3,38,0.20119169354438782,0.3456193506717682,0.21562927961349487,0.177158385515213,0.2026241421699524,0.058967672288417816,23.72818188369274,,,
m5b_smooth0.3,39,0.24972591176629066,0.22858616709709167,0.23851194977760315,0.26958736777305603,0.21217598021030426,0.05113843455910683,16.963614024221897,,,
m5b_smooth0.3,40,0.14463747292757034,0.16245850920677185,0.247625470161438,0.32478559017181396,0.22018316388130188,0.0449475459754467,13.140040583908558,,,
m5b_smooth0.3,41,0.08021115511655807,0.14183218777179718,0.2281462550163269,0.35546985268592834,0.22958190739154816,0.044970158487558365,12.041142649948597,,,
m5b_smooth0.3,42,0.05234077200293541,0.12495904415845871,0.2314239740371704,0.37836238741874695,0.22198262810707092,0.04327206313610077,11.023741066455841,,,
m5b_smooth0.3,43,0.050401680171489716,0.10847246646881104,0.22853657603263855,0.39671316742897034,0.22883281111717224,0.037445321679115295,10.053088247776031,,,
m5b_smooth0.3,44,0.05675933510065079,0.10769269615411758,0.21437852084636688,0.3832712471485138,0.2564939856529236,0.03816373646259308,10.155504241585732,,,
m5b_smooth0.3,45,0.10349277406930923,0.1105869859457016,0.16263219714164734,0.3883465528488159,0.2976132333278656,0.040821343660354614,10.617682456970215,,,
m5b_smooth0.3,46,0.03012935072183609,0.11436626315116882,0.15180142223834991,0.3841959238052368,0.3088985085487366,0.040737949311733246,10.898985832929611,,,
m5b_smooth0.3,47,0.01450931653380394,0.10802534967660904,0.15200938284397125,0.38783663511276245,0.31230413913726807,0.03982384875416756,10.540703125298023,,,
m5b_smooth0.3,48,0.019132912158966064,0.10421048104763031,0.14918559789657593,0.3849092721939087,0.32028982043266296,0.04140506312251091,10.378241904079914,,,
m5b_smooth0.3,49,0.03963907063007355,0.09000764042139053,0.15310607850551605,0.40080830454826355,0.31687623262405396,0.03920193389058113,9.522950120270252,,,
m5b_smooth0.3,50,0.09296613931655884,0.09250108152627945,0.13085736334323883,0.3765738010406494,0.3586615324020386,0.041406113654375076,9.900959976017475,,,
m5b_smooth0.3,51,0.09530482813715935,0.09641963988542557,0.12059683352708817,0.41524067521095276,0.3212698698043823,0.046473316848278046,10.05101277679205,,,
m5b_smooth0.3,52,0.4856062699109316,0.048376794904470444,0.1145886555314064,0.658043384552002,0.16049198806285858,0.018498660996556282,6.373751673847437,,,
m5b_smooth0.3,53,0.7241390030831099,0.14624547958374023,0.25100284814834595,0.2959740161895752,0.26896166801452637,0.03781573846936226,12.325805686414242,,,
m5b_smooth0.3,54,0.2077597677707672,0.16792236268520355,0.3331579267978668,0.24754685163497925,0.21350939571857452,0.03786410763859749,13.175803519785404,,,
m5b_smooth0.3,55,0.0673321895301342,0.15577664971351624,0.3390682637691498,0.27530229091644287,0.1951133757829666,0.034739427268505096,12.36371973156929,,,
m5b_smooth0.3,56,0.09759866632521152,0.13251516222953796,0.3411310315132141,0.3220389187335968,0.17612186074256897,0.02819315902888775,10.885714773088694,,,
m5b_smooth0.3,57,0.045498041436076164,0.1149720847606659,0.3401973843574524,0.34139710664749146,0.17951273918151855,0.023920908570289612,9.854195684194565,,,
m5b_smooth0.3,58,0.08117201551795006,0.10196593403816223,0.3147667348384857,0.3762936294078827,0.18520225584506989,0.021771732717752457,9.162823714315891,,,
m5b_smooth0.3,59,0.02973145805299282,0.09658964723348618,0.30633240938186646,0.3756837546825409,0.2000674605369568,0.021325966343283653,8.927798260003328,,,
m5b_smooth0.3,60,0.03397614508867264,0.09372816234827042,0.29800617694854736,0.3926721513271332,0.1946941763162613,0.020899219438433647,8.755160678178072,,,
m5b_smooth0.3,61,0.04111467860639095,0.09398916363716125,0.2798685133457184,0.41296833753585815,0.19337013363838196,0.01980343461036682,8.788962364196777,,,
m5b_smooth0.3,62,0.1088365912437439,0.10117776691913605,0.26343676447868347,0.37498214840888977,0.23940934240818024,0.02099427580833435,9.428834483027458,,,
m5b_smooth0.3,63,0.047398289665579796,0.08764705061912537,0.28468620777130127,0.36632809042930603,0.24185900390148163,0.019479865208268166,8.608224656432867,,,
m5b_smooth0.3,64,0.04780951514840126,0.07769905030727386,0.27125468850135803,0.3723408877849579,0.25975093245506287,0.018954595550894737,8.13384123519063,,,
m5b_smooth0.3,65,0.07335420697927475,0.06936459243297577,0.24357962608337402,0.3819684684276581,0.2868005633354187,0.018287120386958122,7.814984206110239,,,
m5b_smooth0.3,66,0.022557055577635765,0.07241024821996689,0.24152803421020508,0.37274134159088135,0.2947657108306885,0.018554653972387314,8.027492083609104,,,
m5b_smooth0.3,67,0.01397624984383583,0.07291857153177261,0.2475561499595642,0.36893945932388306,0.2915795147418976,0.019006386399269104,8.03663483262062,,,
m5b_smooth0.3,68,0.04423066787421703,0.06809443235397339,0.24271801114082336,0.3574361503124237,0.3136948347091675,0.018056625500321388,7.84934900328517,,,
m5b_smooth0.3,69,0.19949406711384654,0.048945847898721695,0.34246528148651123,0.34852898120880127,0.25291159749031067,0.007148819509893656,6.195267754606903,,,
m5b_smooth0.3,70,0.3693792442791164,0.15383568406105042,0.22690464556217194,0.27939990162849426,0.32572656869888306,0.014133540913462639,12.773200947791338,,,
m5b_smooth0.3,71,0.20356496050953865,0.21820136904716492,0.262944757938385,0.24833686649799347,0.2550068497657776,0.015509949997067451,16.102224748581648,,,
m5b_smooth0.3,72,0.12783061526715755,0.21302969753742218,0.30550670623779297,0.26947274804115295,0.1962631642818451,0.01572737842798233,15.489732250571251,,,
m5b_smooth0.3,73,0.12400266621261835,0.17561233043670654,0.3575573265552521,0.27942347526550293,0.17339402437210083,0.014012566767632961,13.14250168390572,,,
m5b_smooth0.3,74,0.062314809300005436,0.17148979008197784,0.3305225074291229,0.2871435880661011,0.1963338404893875,0.014510087668895721,13.05881878733635,,,
m5b_smooth0.3,75,0.05830566957592964,0.15157920122146606,0.35967516899108887,0.2794419825077057,0.19528503715991974,0.014018077403306961,11.856001533567905,,,
m5b_smooth0.3,76,0.0541227413341403,0.13579487800598145,0.36749449372291565,0.29868409037590027,0.18452242016792297,0.013503708876669407,10.891948310658336,,,
m5b_smooth0.3,77,0.02329301368445158,0.12776429951190948,0.3755631446838379,0.3022623062133789,0.182195246219635,0.01221531443297863,10.39458915963769,,,
m5b_smooth0.3,78,0.06250973045825958,0.13204430043697357,0.38721373677253723,0.27125871181488037,0.19751934707164764,0.011963872238993645,10.673777539283037,,,
m5b_smooth0.3,79,0.02882641926407814,0.1392371654510498,0.38489359617233276,0.2591651976108551,0.20400142669677734,0.012701692059636116,11.122452791780233,,,
m5b_smooth0.3,80,0.027622850611805916,0.1355190873146057,0.3961953818798065,0.24928422272205353,0.2065117359161377,0.012489989399909973,10.895635291934013,,,
m5b_smooth0.3,81,0.060355037450790405,0.14441926777362823,0.39641398191452026,0.21910634636878967,0.22756807506084442,0.01249203085899353,11.486754044890404,,,
m5b_smooth0.3,82,0.25458390172570944,0.1405174434185028,0.2730239927768707,0.24029603600502014,0.33271023631095886,0.013452268205583096,11.942262114956975,,,
m5b_smooth0.3,83,0.06811264436692,0.10710693150758743,0.28132373094558716,0.2517954409122467,0.34696751832962036,0.012806560844182968,10.071190424263477,,,
m5b_smooth0.3,84,0.045675648376345634,0.09104860574007034,0.29943883419036865,0.2565179765224457,0.3407975733280182,0.012196822091937065,9.088247630745173,,,
m5b_smooth0.3,85,0.03362452331930399,0.1016867607831955,0.3044552206993103,0.2516838610172272,0.3288196325302124,0.01335474755614996,9.649416344240308,,,
m5b_smooth0.3,86,0.04601702559739351,0.1036633774638176,0.28144654631614685,0.2543069124221802,0.3467874228954315,0.0137956403195858,9.884820856153965,,,
m5b_smooth0.3,87,0.04300037119537592,0.11061786115169525,0.2898525297641754,0.2604465186595917,0.32533642649650574,0.01374633889645338,10.178067484870553,,,
m5b_smooth0.3,88,0.047045025043189526,0.11824110150337219,0.27174198627471924,0.27616211771965027,0.3199244737625122,0.013930028304457664,10.629186142235994,,,
m5b_smooth0.3,89,0.06842056103050709,0.1415032297372818,0.2425314486026764,0.2865809202194214,0.3149246573448181,0.014459304511547089,11.999370858073235,,,
m5b_smooth0.3,90,0.05524933710694313,0.14958679676055908,0.2461705356836319,0.25895628333091736,0.3297507166862488,0.015535291284322739,12.523996286094189,,,
m5b_smooth0.3,91,0.08274342492222786,0.17638102173805237,0.22425206005573273,0.26937443017959595,0.31029781699180603,0.019694969058036804,14.06305094063282,,,
m5b_smooth0.3,92,0.16126097179949284,0.16177579760551453,0.2837609350681305,0.2886655032634735,0.24427250027656555,0.02152545191347599,12.867569129914045,,,
m5b_smooth0.3,93,0.09194881282746792,0.11798650771379471,0.2940129339694977,0.30255386233329773,0.26610633730888367,0.01934012398123741,10.414371080696583,,,
m5b_smooth0.3,94,0.062349868938326836,0.09777985513210297,0.3040625751018524,0.29298660159111023,0.2872316837310791,0.01793915592133999,9.311583656817675,,,
m5b_smooth0.3,95,0.04766523279249668,0.08392135798931122,0.30188506841659546,0.286947637796402,0.3110639750957489,0.016181182116270065,8.601993836462498,,,
m5b_smooth0.3,96,0.06133314408361912,0.07773805409669876,0.27740195393562317,0.29605621099472046,0.33173155784606934,0.01707175187766552,8.390979263931513,,,
m5b_smooth0.3,97,0.21292578428983688,0.07011472433805466,0.17902269959449768,0.32198387384414673,0.4122673273086548,0.016611983999609947,8.47029684856534,,,
m5b_smooth0.3,98,0.07160458154976368,0.064494788646698,0.16886891424655914,0.3577858805656433,0.39314526319503784,0.01570519432425499,8.083803437650204,,,
m5b_smooth0.3,99,0.058464815840125084,0.06445474922657013,0.18051402270793915,0.37465596199035645,0.36395263671875,0.016422154381871223,7.949345480650663,,,
m5b_smooth0.3,100,0.0753648467361927,0.061460644006729126,0.14632093906402588,0.40448278188705444,0.3718087077140808,0.0159273874014616,7.873052302747965,,,
m5b_smooth0.3,101,0.057952383533120155,0.0642501711845398,0.1448698788881302,0.37695789337158203,0.396766722202301,0.01715628057718277,8.14830881357193,,,
m5b_smooth0.3,102,0.032789502292871475,0.061222538352012634,0.13150210678577423,0.37889131903648376,0.4103301465511322,0.018053527921438217,8.066588781774044,,,
m5b_smooth0.3,103,0.02084328420460224,0.05876326933503151,0.12436287105083466,0.38894182443618774,0.40950724482536316,0.018424900248646736,7.941483821719885,,,
m5b_smooth0.3,104,0.01598753035068512,0.05529418960213661,0.12380436062812805,0.39693567156791687,0.40690749883651733,0.01705855317413807,7.71943498775363,,,
m5b_smooth0.3,105,0.02787879668176174,0.06422349810600281,0.11862964183092117,0.40125638246536255,0.39814257621765137,0.01774768903851509,8.211274355649948,,,
m5b_smooth0.3,106,0.05009827949106693,0.08449414372444153,0.11981980502605438,0.38380497694015503,0.3905453681945801,0.021336546167731285,9.37341258302331,,,
m5b_smooth0.3,107,0.1174950823187828,0.11547364294528961,0.14366711676120758,0.35464534163475037,0.36095744371414185,0.025257257744669914,11.016325432807207,,,
m5b_smooth0.3,108,0.043064605444669724,0.13136404752731323,0.14205287396907806,0.35826626420021057,0.3410390317440033,0.027277881279587746,11.867858078330755,,,
m5b_smooth0.3,109,0.05506163090467453,0.12994755804538727,0.1534658968448639,0.37326380610466003,0.31492483615875244,0.028398262336850166,11.67216032370925,,,
m5b_smooth0.3,110,0.11134558543562889,0.09633762389421463,0.1669035404920578,0.41549885272979736,0.29623693227767944,0.02502320520579815,9.617640931159258,,,
m5b_smooth0.3,111,0.04843827523291111,0.07822281122207642,0.18346980214118958,0.4231514036655426,0.2924172580242157,0.022738229483366013,8.511548705399036,,,
m5b_smooth0.3,112,0.057325370609760284,0.06914208829402924,0.1900414377450943,0.44524267315864563,0.2734193801879883,0.022154364734888077,7.898391522467136,,,
m5b_smooth0.3,113,0.04636969417333603,0.06742352247238159,0.19536450505256653,0.423930823802948,0.29128140211105347,0.022000174969434738,7.859540589153767,,,
m5b_smooth0.3,114,0.028794802725315094,0.06755518168210983,0.19294799864292145,0.41195014119148254,0.30518826842308044,0.02235926315188408,7.931456886231899,,,
m5b_smooth0.3,115,0.016520164906978607,0.06336597353219986,0.19876132905483246,0.4078788161277771,0.3075885474681854,0.022405285388231277,7.691150017082691,,,
m5b_smooth0.3,116,0.009011350572109222,0.06089101731777191,0.19673049449920654,0.40833747386932373,0.31119364500045776,0.022847089916467667,7.573418729007244,,,
m5b_smooth0.3,117,0.04435264505445957,0.060750652104616165,0.17469477653503418,0.4211621880531311,0.3202972710132599,0.02309531159698963,7.6486357264220715,,,
m5b_smooth0.3,118,0.029215635731816292,0.06651753932237625,0.17991912364959717,0.4113100469112396,0.31554144620895386,0.02671174705028534,7.987656205892563,,,
m5b_smooth0.3,119,0.043400902301073074,0.06397868692874908,0.19065675139427185,0.42111507058143616,0.29637956619262695,0.027869265526533127,7.757549859583378,,,
ensemble3,4,,,,,,,,0.33332547545433044,0.33332547545433044,0.33332547545433044
ensemble3,5,0.5056557953357697,,,,,,,0.08051002025604248,0.4597456455230713,0.4597456455230713
ensemble3,6,0.06965357065200806,,,,,,,0.11533576250076294,0.43901363015174866,0.4456498324871063
ensemble3,7,0.5134552419185638,,,,,,,0.1929635852575302,0.6181136965751648,0.1889224797487259
ensemble3,8,0.23603828251361847,,,,,,,0.31098291277885437,0.58091139793396,0.10810582339763641
ensemble3,9,0.27271556854248047,,,,,,,0.4473406970500946,0.45648640394210815,0.09617303311824799
ensemble3,10,0.020515024662017822,,,,,,,0.4416302442550659,0.45193949341773987,0.10643069446086884
ensemble3,11,0.3922666683793068,,,,,,,0.2454967498779297,0.6445133090019226,0.10999005287885666
ensemble3,12,0.3579951897263527,,,,,,,0.09044159948825836,0.8235106468200684,0.08604735136032104
ensemble3,13,0.13452869281172752,,,,,,,0.04070192202925682,0.890774667263031,0.06852235645055771
ensemble3,14,0.023310314863920212,,,,,,,0.033374130725860596,0.8864481449127197,0.08017835766077042
ensemble3,15,0.08279785141348839,,,,,,,0.040632572025060654,0.8450491428375244,0.11431876569986343
ensemble3,16,0.2515222914516926,,,,,,,0.07142192870378494,0.7192879915237427,0.20929054915905
ensemble3,17,0.2969974875450134,,,,,,,0.12232344597578049,0.5707891583442688,0.306887686252594
ensemble3,18,0.41359249502420425,,,,,,,0.22730404138565063,0.36399319767951965,0.40870362520217896
ensemble3,19,0.6110638678073883,,,,,,,0.5328355431556702,0.17394986748695374,0.2932145893573761
ensemble3,20,0.6605977155268192,,,,,,,0.8631340861320496,0.05462990328669548,0.08223538100719452
ensemble3,21,0.1506629791110754,,,,,,,0.9384661316871643,0.023232968524098396,0.03830138221383095
ensemble3,22,0.05504273250699043,,,,,,,0.9150723218917847,0.019105756655335426,0.06582309305667877
ensemble3,23,0.5407391618937254,,,,,,,0.6447016596794128,0.023045770823955536,0.33225157856941223
ensemble3,24,0.06645096838474274,,,,,,,0.6779271364212036,0.0179617777466774,0.3041100800037384
ensemble3,25,0.322165853343904,,,,,,,0.8390108346939087,0.015017018653452396,0.14597268402576447
ensemble3,26,0.03269840870052576,,,,,,,0.8499749898910522,0.0204013604670763,0.12962277233600616
ensemble3,27,0.24038312397897243,,,,,,,0.7297835946083069,0.04187905043363571,0.22833681106567383
ensemble3,28,0.7667934969067574,,,,,,,0.34638723731040955,0.07867255806922913,0.5749404430389404
ensemble3,29,0.5809036642313004,,,,,,,0.07363595813512802,0.06097301095724106,0.8653932809829712
ensemble3,30,0.1611675377935171,,,,,,,0.01819540373980999,0.035828884690999985,0.9459761381149292
ensemble3,31,0.038188961800187826,,,,,,,0.007809363771229982,0.027120787650346756,0.9650709629058838
ensemble3,32,0.008747282437980175,,,,,,,0.005214759614318609,0.025342077016830444,0.9694449305534363
ensemble3,33,0.0015086852945387363,,,,,,,0.004846568219363689,0.0260956771671772,0.9690580368041992
ensemble3,34,0.0103271403349936,,,,,,,0.006192799191921949,0.029913095757365227,0.9638945460319519
ensemble3,35,0.0457659347448498,,,,,,,0.0028478887397795916,0.01037435419857502,0.9867768287658691
ensemble3,36,0.013225342845544219,,,,,,,0.007455619052052498,0.012379308231174946,0.9801641702651978
ensemble3,37,0.038654414005577564,,,,,,,0.01725667715072632,0.021905500441789627,0.9608370065689087
ensemble3,38,0.4081985242664814,,,,,,,0.08185204118490219,0.1614094227552414,0.7567377686500549
ensemble3,39,1.3461443930864334,,,,,,,0.1460791379213333,0.7702547907829285,0.08366584032773972
ensemble3,40,0.2285708226263523,,,,,,,0.10758551955223083,0.8845400214195251,0.007873866707086563
ensemble3,41,0.018684168811887503,,,,,,,0.10407212376594543,0.8938827514648438,0.0020458237268030643
ensemble3,42,0.017228723969310522,,,,,,,0.11268672347068787,0.8861792683601379,0.0011351825669407845
ensemble3,43,0.04823341721203178,,,,,,,0.08894023299217224,0.910295844078064,0.0007648315513506532
ensemble3,44,0.053145559038966894,,,,,,,0.06238390505313873,0.9368678331375122,0.0007475895108655095
ensemble3,45,0.031087118783034384,,,,,,,0.04684041440486908,0.9521198868751526,0.0010391639079898596
ensemble3,46,0.008037755265831947,,,,,,,0.042821984738111496,0.9553604125976562,0.0018179637845605612
ensemble3,47,0.013651651563122869,,,,,,,0.04740286245942116,0.9485344886779785,0.0040628137066960335
ensemble3,48,0.02270363550633192,,,,,,,0.05371725559234619,0.9371825456619263,0.009100113064050674
ensemble3,49,0.029456274583935738,,,,,,,0.05836355686187744,0.9224545955657959,0.01918213628232479
ensemble3,50,0.03149562142789364,,,,,,,0.05775988847017288,0.907309889793396,0.03492938354611397
ensemble3,51,0.03948686644434929,,,,,,,0.052716564387083054,0.892610490322113,0.05467352643609047
ensemble3,52,0.3150690793991089,,,,,,,0.1476716697216034,0.7350762486457825,0.11725325882434845
ensemble3,53,0.5435868054628372,,,,,,,0.3543529808521271,0.46328213810920715,0.18236464262008667
ensemble3,54,0.481893390417099,,,,,,,0.11340649425983429,0.6792704463005066,0.20732323825359344
ensemble3,55,1.0638196505606174,,,,,,,0.0559406541287899,0.2048264741897583,0.7392330765724182
ensemble3,56,0.4773887703195214,,,,,,,0.009958941489458084,0.012113249860703945,0.9779269099235535
ensemble3,57,0.03492047137115151,,,,,,,0.0029511009342968464,0.0016622169641777873,0.9953885078430176
ensemble3,58,0.005125737690832466,,,,,,,0.0015419448027387261,0.0005073834327049553,0.9979502558708191
ensemble3,59,0.0011409801372792572,,,,,,,0.0011978866532444954,0.0002812951279338449,0.998521089553833
ensemble3,60,0.00034392415545880795,,,,,,,0.001369643840007484,0.00025605360860936344,0.9983741641044617
ensemble3,61,0.0009569968096911907,,,,,,,0.0018100537126883864,0.0002943132712971419,0.9978958368301392
ensemble3,62,0.0033711719152051955,,,,,,,0.003273105714470148,0.000516217784024775,0.9962096214294434
ensemble3,63,0.0061674052849411964,,,,,,,0.005927827674895525,0.0009452548110857606,0.9931259751319885
ensemble3,64,0.013377501280047,,,,,,,0.011584542691707611,0.001977803884074092,0.9864377379417419
ensemble3,65,0.02747251489199698,,,,,,,0.022901756688952446,0.004396558739244938,0.9727011919021606
ensemble3,66,0.05393492244184017,,,,,,,0.04439152404665947,0.009874665178358555,0.9457341432571411
ensemble3,67,0.09757925849407911,,,,,,,0.08126522600650787,0.021790482103824615,0.8969444036483765
ensemble3,68,0.11175903677940369,,,,,,,0.11920308321714401,0.039732426404953,0.8410651683807373
ensemble3,69,0.20797014608979225,,,,,,,0.03539806604385376,0.01955290511250496,0.9450507760047913
ensemble3,70,0.04737912490963936,,,,,,,0.014203431084752083,0.01705714873969555,0.9687395095825195
ensemble3,71,0.013124318793416023,,,,,,,0.008413849398493767,0.01628488302230835,0.97530198097229
ensemble3,72,0.021465211175382137,,,,,,,0.00942977238446474,0.026001520454883575,0.9645693302154541
ensemble3,73,0.10681627597659826,,,,,,,0.017045240849256516,0.0717940628528595,0.9111610651016235
ensemble3,74,0.805573120713234,,,,,,,0.05048799142241478,0.4411377012729645,0.5083743333816528
ensemble3,75,0.9007571488618851,,,,,,,0.04699282720685005,0.8915159702301025,0.06149061769247055
ensemble3,76,0.12804572004824877,,,,,,,0.03438742458820343,0.955538809299469,0.01007313933223486
ensemble3,77,0.02308562840335071,,,,,,,0.02988685853779316,0.9670823812484741,0.0030316489282995462
ensemble3,78,0.0029719328740611672,,,,,,,0.0308726467192173,0.967582106590271,0.001545229577459395
ensemble3,79,0.008742734091356397,,,,,,,0.03524400293827057,0.9635156989097595,0.0012402593856677413
ensemble3,80,0.010726581211201847,,,,,,,0.04051212593913078,0.9581522345542908,0.0013352532405406237
ensemble3,81,0.00935147050768137,,,,,,,0.04484088718891144,0.9534774422645569,0.0016831702087074518
ensemble3,82,0.008803561562672257,,,,,,,0.04832107201218605,0.9490752816200256,0.002604386303573847
ensemble3,83,0.002857065759599209,,,,,,,0.047905612736940384,0.9480617046356201,0.004032415803521872
ensemble3,84,0.004773993045091629,,,,,,,0.046486787497997284,0.9470937252044678,0.006419604178518057
ensemble3,85,0.014371489640325308,,,,,,,0.0488627664744854,0.939908504486084,0.011229894123971462
ensemble3,86,0.0329832723364234,,,,,,,0.05664990097284317,0.9234155416488647,0.019933069124817848
ensemble3,87,0.12497355602681637,,,,,,,0.09854602068662643,0.8609291315078735,0.04052409529685974
ensemble3,88,1.137094996869564,,,,,,,0.5956262946128845,0.29238206148147583,0.111991748213768
ensemble3,89,0.6861322056502104,,,,,,,0.9386921525001526,0.010178012773394585,0.05112944915890694
ensemble3,90,0.0629509148420766,,,,,,,0.9701673984527588,0.0008707920787855983,0.028961000964045525
ensemble3,91,0.001942493487149477,,,,,,,0.9697853326797485,0.00028200389351695776,0.029932640492916107
ensemble3,92,0.017179476402816363,,,,,,,0.9612722992897034,0.0002053091739071533,0.0385223887860775
ensemble3,93,0.02568252748460509,,,,,,,0.9484315514564514,0.00021088957146275789,0.05135858803987503
ensemble3,94,0.05002289610274602,,,,,,,0.9234196543693542,0.000298437342280522,0.07628203928470612
ensemble3,95,0.10647421513567679,,,,,,,0.8701822757720947,0.00056583306286484,0.12925148010253906
ensemble3,96,0.24602932890411466,,,,,,,0.7471674680709839,0.0012943921610713005,0.2515374422073364
ensemble3,97,0.5027524752076715,,,,,,,0.49579116702079773,0.002909282920882106,0.501298725605011
ensemble3,98,0.544874883024022,,,,,,,0.22335447371006012,0.0050835623405873775,0.7715626358985901
ensemble3,99,0.26856863172724843,,,,,,,0.08907006680965424,0.007589368149638176,0.9033410549163818
ensemble3,100,0.09453691821545362,,,,,,,0.041801877319812775,0.010669120587408543,0.9475300312042236
ensemble3,101,0.03235394321382046,,,,,,,0.025624845176935196,0.015519957058131695,0.9588561058044434
ensemble3,102,0.014914539642632008,,,,,,,0.019871773198246956,0.022976672276854515,0.9571513533592224
ensemble3,103,0.019485320895910263,,,,,,,0.018243223428726196,0.032719582319259644,0.949037492275238
ensemble3,104,0.011867228895425797,,,,,,,0.016482431441545486,0.038652919232845306,0.9448643922805786
ensemble3,105,0.009130267426371574,,,,,,,0.016703905537724495,0.042996056377887726,0.9402987360954285
ensemble3,106,0.03157403878867626,,,,,,,0.021224472671747208,0.05426323786377907,0.9245124459266663
ensemble3,107,0.10103435814380646,,,,,,,0.03819521516561508,0.08780959248542786,0.8739951848983765
ensemble3,108,0.40291719138622284,,,,,,,0.10324480384588242,0.22421832382678986,0.672536313533783
ensemble3,109,0.5829573050141335,,,,,,,0.22031833231449127,0.3986237347126007,0.3810579478740692
ensemble3,110,0.3211749494075775,,,,,,,0.2182510793209076,0.5592105984687805,0.2225371152162552
ensemble3,111,0.20759719610214233,,,,,,,0.1692376434803009,0.6630099415779114,0.1677526980638504
ensemble3,112,0.05801400542259216,,,,,,,0.16697564721107483,0.6362648606300354,0.19675962626934052
ensemble3,113,0.3274727612733841,,,,,,,0.17526009678840637,0.47252827882766724,0.3522113561630249
ensemble3,114,0.6254557222127914,,,,,,,0.1300479769706726,0.20501284301280975,0.6649395227432251
ensemble3,115,0.4298449940979481,,,,,,,0.059780023992061615,0.060357216745615005,0.8798609375953674
ensemble3,116,0.14648065902292728,,,,,,,0.026870854198932648,0.020026663318276405,0.9531018733978271
ensemble3,117,0.04357410315424204,,,,,,,0.015590480528771877,0.009520219638943672,0.9748891592025757
ensemble3,118,0.013159096706658602,,,,,,,0.012037727050483227,0.006493811961263418,0.9814690947532654
ensemble3,119,0.002111078705638647,,,,,,,0.011625965125858784,0.0058501530438661575,0.9825247526168823
amgtp,4,,0.20000606775283813,0.20000606775283813,0.20000606775283813,0.20000606775283813,0.20000606775283813,17.00051575899124,,,
amgtp,5,0.6406932920217514,0.09321872889995575,0.39934399724006653,0.320999413728714,0.09321872889995575,0.09321872889995575,8.913059279322624,,,
amgtp,6,0.47583747655153275,0.0827263668179512,0.192902609705925,0.5589184165000916,0.0827263668179512,0.0827263668179512,8.570493571460247,,,
amgtp,7,0.26704321056604385,0.06718388199806213,0.10600823163986206,0.6924397945404053,0.06718388199806213,0.06718388199806213,7.625222057104111,,,
amgtp,8,0.112688347697258,0.05746080353856087,0.07883291691541672,0.7487835884094238,0.05746080353856087,0.05746079981327057,6.979508716613054,,,
amgtp,9,0.019917413592338562,0.06071220338344574,0.07329040765762329,0.7443673610687256,0.06091668829321861,0.060712192207574844,7.2255122028291225,,,
amgtp,10,0.10996125638484955,0.07737565785646439,0.07598140090703964,0.6893870234489441,0.07987970113754272,0.07737565040588379,8.429098956286907,,,
amgtp,11,0.26424164324998856,0.1151232197880745,0.07627812027931213,0.5572664141654968,0.13620887696743011,0.11512322723865509,11.220657870173454,,,
amgtp,12,0.38472677022218704,0.14585457742214203,0.06419393420219421,0.3769872784614563,0.26710963249206543,0.14585456252098083,13.858161717653275,,,
amgtp,13,0.3873819634318352,0.11902432143688202,0.04714681953191757,0.25400400161743164,0.4608007073402405,0.11902432143688202,12.842563562095165,,,
amgtp,14,0.37884085811674595,0.0901561751961708,0.027727043256163597,0.1417400985956192,0.650221586227417,0.09015616774559021,11.676055302843451,,,
amgtp,15,0.1886750292032957,0.08074639737606049,0.017468787729740143,0.07647956162691116,0.7445582747459412,0.08074639737606049,11.434048801660538,,,
amgtp,16,0.16637021489441395,0.11329814791679382,0.01805650256574154,0.052072737365961075,0.6857807040214539,0.1307927519083023,13.603727044537663,,,
amgtp,17,0.5215726848691702,0.1634371429681778,0.027241408824920654,0.045227743685245514,0.4318390190601349,0.3322548568248749,17.643594346940517,,,
amgtp,18,0.6037097498774529,0.2157926708459854,0.027799203991889954,0.03385430574417114,0.14135724306106567,0.5811960697174072,22.20316804945469,,,
amgtp,19,0.9261367917060852,0.6788613796234131,0.026104861870408058,0.02350633777678013,0.050989385694265366,0.2205381542444229,44.27276651188731,,,
amgtp,20,0.5051130726933479,0.9314180612564087,0.01075530331581831,0.009923637844622135,0.020066823810338974,0.02783658355474472,56.455789828673005,,,
amgtp,21,0.03606422059237957,0.948388934135437,0.011816609650850296,0.00796416960656643,0.015979360789060593,0.015851473435759544,57.27282132022083,,,
amgtp,22,0.19196748174726963,0.8524047136306763,0.08655954152345657,0.016548871994018555,0.02305767312645912,0.0214287880808115,51.74189572036266,,,
amgtp,23,1.2231831718236208,0.24081343412399292,0.6786686778068542,0.03102545626461506,0.02636474370956421,0.02312788926064968,15.72889474965632,,,
amgtp,24,0.05544795095920563,0.21308955550193787,0.679453432559967,0.03807481750845909,0.036716073751449585,0.032666515558958054,14.293394949287176,,,
amgtp,25,0.2395789697766304,0.28257933259010315,0.5596638917922974,0.0642964243888855,0.04930849373340607,0.044152140617370605,18.670602545142174,,,
amgtp,26,0.266014963388443,0.34130093455314636,0.4266567826271057,0.11942516267299652,0.059267546981573105,0.053350601345300674,22.424769591540098,,,
amgtp,27,0.12912487238645554,0.34722262620925903,0.36209461092948914,0.1763588935136795,0.06007178872823715,0.05425363779067993,22.90458231419325,,,
amgtp,28,0.09046118706464767,0.33190274238586426,0.33727407455444336,0.22159190475940704,0.057379622012376785,0.051858048886060715,22.043884370476007,,,
amgtp,29,0.1985739730298519,0.28960463404655457,0.29407504200935364,0.3208780586719513,0.05016961693763733,0.04527737572789192,19.61805783957243,,,
amgtp,30,0.3299940600991249,0.21855391561985016,0.22320690751075745,0.485873818397522,0.038115955889225006,0.03425158932805061,15.540397241711617,,,
amgtp,31,0.398595554754138,0.13221248984336853,0.13792714476585388,0.6851704120635986,0.023694805800914764,0.020994966849684715,10.585980948060751,,,
amgtp,32,0.26480304915457964,0.07377089560031891,0.08174097537994385,0.8175723552703857,0.014468495734035969,0.012447934597730637,7.236262331716716,,,
amgtp,33,0.1169038163498044,0.045144036412239075,0.05799978971481323,0.8760235905647278,0.011307206936180592,0.009524687193334103,5.607208815403283,,,
amgtp,34,0.0323694022372365,0.03186824917793274,0.05509106069803238,0.8875121474266052,0.013547142967581749,0.011981080286204815,4.892287578433752,,,
amgtp,35,0.07385741826146841,0.03029821254312992,0.07793919742107391,0.8521540760993958,0.019335640594363213,0.020273756235837936,4.87147624976933,,,
amgtp,36,0.8868712410330772,0.04686247184872627,0.41426122188568115,0.4087180495262146,0.05864332616329193,0.07151500135660172,5.863876983523369,,,
amgtp,37,0.14610189571976662,0.05625186115503311,0.47792232036590576,0.3978230655193329,0.03183427453041077,0.036167629063129425,5.775689914822578,,,
amgtp,38,0.0416337288916111,0.059040430933237076,0.4657329022884369,0.41585156321525574,0.02841244265437126,0.03096221759915352,5.888071592897177,,,
amgtp,39,0.10676640830934048,0.06548450142145157,0.4123518168926239,0.4621501564979553,0.02901538833975792,0.031001931056380272,6.365007124841213,,,
amgtp,40,0.06716552935540676,0.06938285380601883,0.37877246737480164,0.4902286231517792,0.02986989915370941,0.03175678104162216,6.666113793849945,,,
amgtp,41,0.01761101558804512,0.07039725035429001,0.3699653744697571,0.4974327087402344,0.03017232194542885,0.03203979879617691,6.745861958712339,,,
amgtp,42,0.004452668130397797,0.07065953314304352,0.3677336573600769,0.49914655089378357,0.030304204672574997,0.03215274214744568,6.767013121396303,,,
amgtp,43,0.0022240672260522842,0.0707945004105568,0.36661723256111145,0.500018835067749,0.030358580872416496,0.03219875693321228,6.7776364255696535,,,
amgtp,44,0.0008850302547216415,0.07075902074575424,0.36701497435569763,0.4996247887611389,0.030394185334444046,0.03222091495990753,6.775282692164183,,,
amgtp,45,0.0033641085028648376,0.07059650868177414,0.36861032247543335,0.49809351563453674,0.030443690717220306,0.032246384769678116,6.763236612081528,,,
amgtp,46,0.004347626119852066,0.07039850205183029,0.3706332743167877,0.4961170554161072,0.03053341433405876,0.032306868582963943,6.748924624174833,,,
amgtp,47,0.0053793806582689285,0.07018480449914932,0.3730050027370453,0.49364981055259705,0.030716942623257637,0.03245005011558533,6.734362004324794,,,
amgtp,48,0.008588908240199089,0.06991039216518402,0.37647661566734314,0.4896279573440552,0.03116687759757042,0.03282114490866661,6.717648189514875,,,
amgtp,49,0.006917346268892288,0.06979496031999588,0.3786543905735016,0.4862823188304901,0.031858593225479126,0.03340793028473854,6.715920142829418,,,
amgtp,50,0.007388673722743988,0.06977812945842743,0.38005074858665466,0.48260584473609924,0.033111363649368286,0.03445417061448097,6.72869398444891,,,
amgtp,51,0.010261442512273788,0.06988702714443207,0.38034722208976746,0.47747498750686646,0.03572148457169533,0.0365692637860775,6.768013898283243,,,
amgtp,52,0.01219484955072403,0.07011988013982773,0.3763960897922516,0.4833402633666992,0.034509267657995224,0.03563589230179787,6.77407705411315,,,
amgtp,53,0.010445870459079742,0.07024375349283218,0.37644892930984497,0.4781172275543213,0.03707830235362053,0.038112979382276535,6.818555649369955,,,
amgtp,54,0.015407688915729523,0.0710861086845398,0.375057578086853,0.47180411219596863,0.04027099907398224,0.04178114980459213,6.922469526529312,,,
amgtp,55,0.022440478205680847,0.07329928874969482,0.37221500277519226,0.4634264409542084,0.04457218572497368,0.04648701474070549,7.1232751570641994,,,
amgtp,56,0.018148891627788544,0.07606551796197891,0.3693649172782898,0.4572017788887024,0.04857112094759941,0.048795994371175766,7.328043099492788,,,
amgtp,57,0.023682087659835815,0.07898909598588943,0.36477407813072205,0.4499519467353821,0.05594591796398163,0.05033903568983078,7.550343602895737,,,
amgtp,58,0.03309465944766998,0.08036044239997864,0.3570731282234192,0.4411056637763977,0.07108654081821442,0.05037449300289154,7.704865351319313,,,
amgtp,59,0.0642048642039299,0.07788829505443573,0.3436897099018097,0.42707088589668274,0.1031886488199234,0.048162080347537994,7.694789737462997,,,
amgtp,60,0.10482936352491379,0.07243742048740387,0.32355567812919617,0.40387508273124695,0.1556038111448288,0.04452858865261078,7.594053074717522,,,
amgtp,61,0.1610853523015976,0.06570137292146683,0.29211366176605225,0.36541321873664856,0.23614607751369476,0.0406254306435585,7.55221426486969,,,
amgtp,62,0.2877563424408436,0.05541020631790161,0.23457537591457367,0.29454177618026733,0.3800245225429535,0.035448428243398666,7.599262736737728,,,
amgtp,63,0.4209046773612499,0.040365688502788544,0.14993079006671906,0.1904745250940323,0.5904763340950012,0.0287519171833992,7.679156854748726,,,
amgtp,64,0.3522135689854622,0.027271205559372902,0.07835439592599869,0.10297144204378128,0.7665839791297913,0.024819953367114067,7.737108256667852,,,
amgtp,65,0.16296312399208546,0.02085963264107704,0.04444258660078049,0.0618126355111599,0.8450062870979309,0.02787858061492443,7.786802589893341,,,
amgtp,66,0.051014889031648636,0.01916494406759739,0.03307225927710533,0.04937012121081352,0.8537642955780029,0.04462793096899986,7.932220369577408,,,
amgtp,67,0.1300423126667738,0.01983734592795372,0.03210319206118584,0.05081366375088692,0.7897120118141174,0.10753294825553894,8.408230297267437,,,
amgtp,68,0.8255289271473885,0.02013709768652916,0.03420169651508331,0.05714832991361618,0.3769478499889374,0.5115647912025452,11.214414574205875,,,
amgtp,69,0.7873324044048786,0.27459716796875,0.10916218906641006,0.1213938519358635,0.06082139164209366,0.4340249300003052,23.45127258449793,,,
amgtp,70,1.1358886724337935,0.8326175212860107,0.11908651888370514,0.027002301067113876,0.010913664475083351,0.010380218736827374,50.37886341288686,,,
amgtp,71,0.5112521722912788,0.6047408580780029,0.3747122883796692,0.01055872067809105,0.006281765643507242,0.0037059583701193333,36.78669571178034,,,
amgtp,72,0.6278093233704567,0.2948841154575348,0.6865593791007996,0.006510814651846886,0.007714060600847006,0.004331247415393591,18.513774638529867,,,
amgtp,73,0.6552016644272953,0.6224851608276367,0.36282584071159363,0.005425228271633387,0.005941448267549276,0.0033223654609173536,37.816314429510385,,,
amgtp,74,0.13965834840200841,0.6891300678253174,0.29299667477607727,0.006103086285293102,0.007554444018751383,0.004215787164866924,41.771012131590396,,,
amgtp,75,0.4423566935583949,0.46803218126296997,0.5129910707473755,0.007287230808287859,0.007514521479606628,0.004175443202257156,28.727841494139284,,,
amgtp,76,0.03430531919002533,0.45087918639183044,0.5269973874092102,0.009301689453423023,0.008273853920400143,0.004547659773379564,27.72923785354942,,,
amgtp,77,0.317311046179384,0.6068381667137146,0.36848920583724976,0.011998438276350498,0.008271208964288235,0.0044031692668795586,36.93431735597551,,,
amgtp,78,0.01943279057741165,0.59712153673172,0.37147659063339233,0.017576320096850395,0.009284465573728085,0.004540806636214256,36.38006030675024,,,
amgtp,79,0.14706662762910128,0.5236915946006775,0.4302122890949249,0.030311215668916702,0.011347318068146706,0.004437567666172981,32.08419878594577,,,
amgtp,80,0.10265138233080506,0.47251009941101074,0.4337584376335144,0.07177452743053436,0.017663298174738884,0.0042931209318339825,29.18343476485461,,,
amgtp,81,0.4313031733036041,0.36940228939056396,0.32186925411224365,0.2705930471420288,0.03449709340929985,0.003639256116002798,23.590214998461306,,,
amgtp,82,0.732498741010204,0.17947621643543243,0.14668522775173187,0.6308591365814209,0.040479738265275955,0.0024993487168103456,13.126184673514217,,,
amgtp,83,0.3502673063194379,0.08405456691980362,0.06816469132900238,0.7998138070106506,0.046658772975206375,0.0013079334748908877,7.8558026070240885,,,
amgtp,84,0.154345394752454,0.05216723307967186,0.04225936532020569,0.7808991074562073,0.1238313615322113,0.0008424866828136146,6.393605016754009,,,
amgtp,85,1.1524060502415523,0.03335489332675934,0.02702338434755802,0.23902574181556702,0.700034499168396,0.0005612604436464608,7.653493349789642,,,
amgtp,86,0.4057967372064013,0.020987574011087418,0.01709914207458496,0.05861830711364746,0.9029322862625122,0.00036130662192590535,7.7777928006253205,,,
amgtp,87,0.06463463776162826,0.015121795237064362,0.012333936057984829,0.03703223541378975,0.9352501034736633,0.00026154256192967296,7.5811506767058745,,,
amgtp,88,0.0020195783872622997,0.015101431868970394,0.012320663779973984,0.03605613857507706,0.9362587332725525,0.0002627586654853076,7.5840647458680905,,,
amgtp,89,0.04223739466397092,0.02019321732223034,0.016477186232805252,0.047833602875471115,0.9151400327682495,0.00035568061866797507,7.782530792232137,,,
amgtp,90,0.11011646696715616,0.03337428718805313,0.027231892570853233,0.07871205359697342,0.8600817322731018,0.0005996201653033495,8.294792092870921,,,
amgtp,91,0.08687218313571066,0.043841540813446045,0.03573179244995117,0.10293097048997879,0.8166457414627075,0.0008497420931234956,8.703433732269332,,,
amgtp,92,0.03359764674678445,0.04809451848268509,0.03911378234624863,0.11180118471384048,0.7998464107513428,0.0011428763391450047,8.875113589456305,,,
amgtp,93,0.01961836824193597,0.05096198990941048,0.04129722714424133,0.11593486368656158,0.7900378704071045,0.0017681090394034982,9.001839832169935,,,
amgtp,94,0.02103148784954101,0.05441013723611832,0.04388909786939621,0.11897177994251251,0.7795220613479614,0.003206853521987796,9.166963050607592,,,
amgtp,95,0.018029207130894065,0.05710352212190628,0.04623015224933624,0.12137704342603683,0.7705079913139343,0.004782287869602442,9.297080579213798,,,
amgtp,96,0.010327888187021017,0.05829142406582832,0.047656554728746414,0.12271666526794434,0.7653437256813049,0.005991984158754349,9.354585852473974,,,
amgtp,97,0.009139344096183777,0.05915428325533867,0.04893353953957558,0.1238483265042305,0.7607744336128235,0.007290530949831009,9.397223982959986,,,
amgtp,98,0.008559951558709145,0.05982612445950508,0.05012959614396095,0.12495820969343185,0.7564946413040161,0.008592909201979637,9.430334910750389,,,
amgtp,99,0.008961312472820282,0.06045997142791748,0.051370199769735336,0.1261414736509323,0.752013087272644,0.010014953091740608,9.461693860590458,,,
amgtp,100,0.01096829678863287,0.06124504655599594,0.05279412865638733,0.12755627930164337,0.7465291619300842,0.01187551487237215,9.502127101644874,,,
amgtp,101,0.01222953386604786,0.06203644350171089,0.05432925745844841,0.12910452485084534,0.740414559841156,0.01411567535251379,9.544350815936923,,,
amgtp,102,0.014443137682974339,0.062903992831707,0.056080617010593414,0.13081760704517365,0.733193039894104,0.017005302011966705,9.593198515474796,,,
amgtp,103,0.016648199409246445,0.06384541839361191,0.058071624487638474,0.1325971931219101,0.7248692512512207,0.020617693662643433,9.649320777505636,,,
amgtp,104,0.01279163546860218,0.06451862305402756,0.0597112737596035,0.13365773856639862,0.7184733152389526,0.023639993742108345,9.692074991762638,,,
amgtp,105,0.017321700230240822,0.06585769355297089,0.06209050491452217,0.13484081625938416,0.7098119258880615,0.02739892527461052,9.770343001931906,,,
amgtp,106,0.02988104522228241,0.06892311573028564,0.06653871387243271,0.13703253865242004,0.6948714852333069,0.032634176313877106,9.93400213867426,,,
amgtp,107,0.05214263126254082,0.07557377964258194,0.07534912973642349,0.1416933685541153,0.6688003540039062,0.03858376666903496,10.256631225347519,,,
amgtp,108,0.1009952463209629,0.08955472707748413,0.094674251973629,0.15391232073307037,0.6183019876480103,0.04355562478303909,10.867587499320507,,,
amgtp,109,0.19602548331022263,0.10946611315011978,0.13476906716823578,0.19155733287334442,0.5202898383140564,0.04391774535179138,11.53428515791893,,,
amgtp,110,0.30205461755394936,0.10138385742902756,0.15925393998622894,0.3180996775627136,0.3867391347885132,0.03452330455183983,10.387084625661373,,,
amgtp,111,0.4526617359369993,0.06182440370321274,0.10496284812688828,0.5444304943084717,0.2677333652973175,0.02104870043694973,7.616533916443586,,,
amgtp,112,0.3087316285818815,0.037606991827487946,0.05995408073067665,0.6987965703010559,0.19021008908748627,0.01343260332942009,5.932290371507406,,,
amgtp,113,0.11148581188172102,0.02946249209344387,0.04438202083110809,0.7545391321182251,0.16079877316951752,0.010817228816449642,5.352781558409333,,,
amgtp,114,0.011796996928751469,0.028238395228981972,0.04126865416765213,0.7604376673698425,0.15954995155334473,0.010505052283406258,5.280805762857199,,,
amgtp,115,0.03587551601231098,0.03011278249323368,0.04339571297168732,0.7425002455711365,0.17271338403224945,0.011278267949819565,5.444552838802338,,,
amgtp,116,0.04943364579230547,0.03289162740111351,0.04714066535234451,0.7177832722663879,0.18980631232261658,0.012378214858472347,5.675927320495248,,,
amgtp,117,0.03614882007241249,0.03494968265295029,0.050068940967321396,0.6997085809707642,0.2020600438117981,0.01321228127926588,5.84556788764894,,,
amgtp,118,0.021835140883922577,0.03621646389365196,0.052053965628147125,0.6887909173965454,0.20914870500564575,0.013789291493594646,5.948505567386746,,,
amgtp,119,0.015196844935417175,0.03709309175610542,0.05366745963692665,0.6811924576759338,0.21372778713703156,0.01431847270578146,6.019383465871215,,,
amgtp_global_q,4,,0.20000606775283813,0.20000606775283813,0.20000606775283813,0.20000606775283813,0.20000606775283813,17.00051575899124,,,
amgtp_global_q,5,0.2546607106924057,0.15755745768547058,0.28894802927970886,0.23837898671627045,0.15755745768547058,0.15755745768547058,13.766239061951637,,,
amgtp_global_q,6,0.22877530753612518,0.13650017976760864,0.23773252964019775,0.3527669608592987,0.13650017976760864,0.13650017976760864,12.352547973394394,,,
amgtp_global_q,7,0.385575108230114,0.10203329473733902,0.14834557473659515,0.5455544590950012,0.10203329473733902,0.10203329473733902,10.04970582574606,,,
amgtp_global_q,8,0.21863312274217606,0.08563721925020218,0.08821731805801392,0.6548711061477661,0.08563721925020218,0.08563722670078278,8.989445500075817,,,
amgtp_global_q,9,0.06411632895469666,0.09619532525539398,0.0702107697725296,0.6408194303512573,0.09657911956310272,0.09619532525539398,9.787176966667175,,,
amgtp_global_q,10,0.18672122806310654,0.12547902762889862,0.06810180097818375,0.5495678186416626,0.1313723772764206,0.12547901272773743,11.921859733760357,,,
amgtp_global_q,11,0.2575462833046913,0.15748804807662964,0.0645616352558136,0.4243347942829132,0.19612741470336914,0.15748804807662964,14.36457347869873,,,
amgtp_global_q,12,0.2580111734569073,0.16326874494552612,0.054991740733385086,0.30489930510520935,0.3135718107223511,0.16326874494552612,15.246579457074404,,,
amgtp_global_q,13,0.35024669766426086,0.13637788593769073,0.04023890569806099,0.1983104646205902,0.4886951148509979,0.13637788593769073,14.147999662905931,,,
amgtp_global_q,14,0.2891573775559664,0.10742037743330002,0.029521921649575233,0.12236393243074417,0.6332739591598511,0.10742037743330002,12.778639363124967,,,
amgtp_global_q,15,0.1233389675617218,0.09492740035057068,0.027872459962964058,0.08732937276363373,0.6949429512023926,0.09492740035057068,12.179088862612844,,,
amgtp_global_q,16,0.06533685140311718,0.1045902892947197,0.03348711133003235,0.07697674632072449,0.6726269125938416,0.11231804639101028,12.820675745606422,,,
amgtp_global_q,17,0.20841651782393456,0.1337176263332367,0.045582663267850876,0.07975204288959503,0.568419337272644,0.17252880334854126,14.702234979718924,,,
amgtp_global_q,18,0.3955584615468979,0.20574206113815308,0.05302026495337486,0.07613436877727509,0.37425774335861206,0.29084596037864685,19.317594688385725,,,
amgtp_global_q,19,0.42008373886346817,0.41438519954681396,0.05441878363490105,0.06464450806379318,0.1887664794921875,0.2777850031852722,30.321819681674242,,,
amgtp_global_q,20,0.6421655975282192,0.7354678511619568,0.044976990669965744,0.03998470678925514,0.07850684970617294,0.10106328129768372,46.25743606686592,,,
amgtp_global_q,21,0.1415019892156124,0.7765825986862183,0.07461293786764145,0.03793315961956978,0.0590185783803463,0.05185180529952049,47.92242366075516,,,
amgtp_global_q,22,0.5258558355271816,0.5152683258056641,0.29458996653556824,0.06708594411611557,0.07281707227230072,0.05023854970932007,32.625006549060345,,,
amgtp_global_q,23,0.695049837231636,0.1979675143957138,0.6149110198020935,0.09428996592760086,0.0568961501121521,0.03593552112579346,13.677202127873898,,,
amgtp_global_q,24,0.1542905978858471,0.17274229228496552,0.5629905462265015,0.15768744051456451,0.06656533479690552,0.040013764053583145,12.426740445196629,,,
amgtp_global_q,25,0.36660609394311905,0.19689702987670898,0.37968799471855164,0.29559841752052307,0.08015567809343338,0.047661248594522476,14.308652266860008,,,
amgtp_global_q,26,0.2958931252360344,0.18020907044410706,0.2581113576889038,0.44354474544525146,0.07414527982473373,0.04398944601416588,13.53615902364254,,,
amgtp_global_q,27,0.35613188706338406,0.12473361939191818,0.17080578207969666,0.6216111779212952,0.052065324038267136,0.03078497387468815,10.315103381872177,,,
amgtp_global_q,28,0.30223084054887295,0.07369072735309601,0.10292118042707443,0.7727265357971191,0.031913939863443375,0.018748369067907333,7.328419174998999,,,
amgtp_global_q,29,0.15784366987645626,0.04675896093249321,0.06727618724107742,0.8516478538513184,0.021655471995472908,0.012661244720220566,5.756603134796023,,,
amgtp_global_q,30,0.06755216233432293,0.035170990973711014,0.051513589918613434,0.8854238986968994,0.017590900883078575,0.01030026562511921,5.0853847693651915,,,
amgtp_global_q,31,0.023716628551483154,0.030236147344112396,0.045453354716300964,0.8972822427749634,0.01695110648870468,0.010076854377985,4.811202630400658,,,
amgtp_global_q,32,0.007115610875189304,0.02832379937171936,0.04380866885185242,0.8985679745674133,0.01819911226630211,0.011101693846285343,4.721758054569364,,,
amgtp_global_q,33,0.015949605964124203,0.028733018785715103,0.045599181205034256,0.8905929923057556,0.02146676555275917,0.013608932495117188,4.782151699066162,,,
amgtp_global_q,34,0.027944831177592278,0.029711980372667313,0.04879298806190491,0.8766200542449951,0.026888180524110794,0.017986642196774483,4.901402227580547,,,
amgtp_global_q,35,0.033961132168769836,0.03879589959979057,0.05668982118368149,0.861555814743042,0.026099281385540962,0.016859401017427444,5.387837825343013,,,
amgtp_global_q,36,0.05207652971148491,0.043787632137537,0.06529680639505386,0.8355173468589783,0.03302250802516937,0.022375518456101418,5.743521589785814,,,
amgtp_global_q,37,0.021107127889990807,0.045316874980926514,0.06812534481287003,0.8249639272689819,0.03608325123786926,0.025510702282190323,5.871762216091156,,,
amgtp_global_q,38,0.014987140893936157,0.046055566519498825,0.06993886828422546,0.8174703121185303,0.038349349051713943,0.02818591520190239,5.948732051998377,,,
amgtp_global_q,39,0.012353742495179176,0.04642735421657562,0.07143009454011917,0.811293363571167,0.04036234691739082,0.0304866973310709,6.000301629304886,,,
amgtp_global_q,40,0.01080126129090786,0.046801671385765076,0.07287099957466125,0.8058931231498718,0.04224687069654465,0.03218797221779823,6.045010358095169,,,
amgtp_global_q,41,0.018789220601320267,0.04733975604176521,0.07504868507385254,0.7964979410171509,0.046028152108192444,0.035084959119558334,6.118314363062382,,,
amgtp_global_q,42,0.027085840702056885,0.04834763705730438,0.07810501009225845,0.7829549908638,0.05206762254238129,0.03852417320013046,6.231639988720417,,,
amgtp_global_q,43,0.03392830863595009,0.04958861321210861,0.08139510452747345,0.7659911513328552,0.060830794274806976,0.04219439998269081,6.371222510933876,,,
amgtp_global_q,44,0.05465148761868477,0.05130879580974579,0.08522061258554459,0.7386659979820251,0.07714151591062546,0.04766432195901871,6.5870374739170074,,,
amgtp_global_q,45,0.09592970460653305,0.0535443052649498,0.08899253606796265,0.690700352191925,0.11117060482501984,0.05559185892343521,6.9302321672439575,,,
amgtp_global_q,46,0.16087549924850464,0.05510071665048599,0.09031745046377182,0.610262930393219,0.1788312941789627,0.06548792123794556,7.395799197256565,,,
amgtp_global_q,47,0.28620022162795067,0.052976276725530624,0.08410976827144623,0.4754948616027832,0.31168198585510254,0.07573726028203964,7.931266501545906,,,
amgtp_global_q,48,0.3972312957048416,0.04554164037108421,0.06856932491064072,0.29985445737838745,0.5017242431640625,0.08431081473827362,8.393052227795124,,,
amgtp_global_q,49,0.32580650225281715,0.0351683534681797,0.05092226341366768,0.16497118771076202,0.6516254544258118,0.09731248766183853,8.579690042883158,,,
amgtp_global_q,50,0.16780165024101734,0.029267197474837303,0.041291072964668274,0.09660270065069199,0.6905368566513062,0.14230190217494965,8.91311565041542,,,
amgtp_global_q,51,0.276441415771842,0.028492845594882965,0.03942752629518509,0.07206910103559494,0.5794879198074341,0.280522882938385,9.948941364884377,,,
amgtp_global_q,52,0.6131631769239902,0.0319022610783577,0.03170214220881462,0.03532089293003082,0.3173799216747284,0.5836950540542603,12.445190694183111,,,
amgtp_global_q,53,1.117933426052332,0.3034137785434723,0.24163009226322174,0.11284814774990082,0.11721915751695633,0.2248891144990921,22.753982953727245,,,
amgtp_global_q,54,0.6955703254789114,0.23421840369701385,0.5779028534889221,0.12436037510633469,0.030582720413804054,0.03293558955192566,15.679265497252345,,,
amgtp_global_q,55,0.2220203559845686,0.14949537813663483,0.5759831070899963,0.23537065088748932,0.021867413073778152,0.017283588647842407,10.646859880536795,,,
amgtp_global_q,56,0.7579850554466248,0.08771069347858429,0.25988587737083435,0.6136812567710876,0.022549299523234367,0.01617293991148472,7.747837511822581,,,
amgtp_global_q,57,0.4229446705430746,0.040522899478673935,0.09720221161842346,0.8251538276672363,0.021797096356749535,0.015324503183364868,5.371160382404923,,,
amgtp_global_q,58,0.13458685670047998,0.024111734703183174,0.05560377612709999,0.8924469947814941,0.01636589877307415,0.011471611447632313,4.454812694340944,,,
amgtp_global_q,59,0.02869504876434803,0.02022685669362545,0.04665612429380417,0.9067941308021545,0.015482463873922825,0.010839663445949554,4.240782453678548,,,
amgtp_global_q,60,0.005505206063389778,0.019320538267493248,0.04481011629104614,0.9094554781913757,0.015542694367468357,0.01087096519768238,4.1934012202546,,,
amgtp_global_q,61,0.0015102140605449677,0.019271930679678917,0.044933971017599106,0.9087486267089844,0.015920279547572136,0.011124280281364918,4.194677572697401,,,
amgtp_global_q,62,0.0036499174311757088,0.019757019355893135,0.045728906989097595,0.9069235920906067,0.01625731587409973,0.011332102119922638,4.224371485412121,,,
amgtp_global_q,63,0.0017827991396188736,0.020070498809218407,0.04611602798104286,0.9060336351394653,0.01639302261173725,0.011388637125492096,4.242638939991593,,,
amgtp_global_q,64,0.0023715421557426453,0.020571287721395493,0.04663948714733124,0.9048470258712769,0.01652950793504715,0.011412836611270905,4.270944096148014,,,
amgtp_global_q,65,0.001558113843202591,0.0210165586322546,0.046914368867874146,0.9041284918785095,0.01658817008137703,0.011352071538567543,4.2953395545482635,,,
amgtp_global_q,66,0.0012591853737831116,0.02158536948263645,0.04697548598051071,0.9037012457847595,0.016579318791627884,0.011158911511301994,4.3254813849925995,,,
amgtp_global_q,67,0.0014606909826397896,0.02231631428003311,0.046801574528217316,0.9034849405288696,0.016575686633586884,0.010823014192283154,4.363787258043885,,,
amgtp_global_q,68,0.0020510358735919,0.023159967735409737,0.04666151851415634,0.9029603600502014,0.016757050529122353,0.010461632162332535,4.408902866765857,,,
amgtp_global_q,69,0.006187752820551395,0.023179611191153526,0.048378828912973404,0.8998667001724243,0.01737041026353836,0.01120541151612997,4.417224233970046,,,
amgtp_global_q,70,0.009784666821360588,0.026076853275299072,0.049762435257434845,0.895267903804779,0.01798097789287567,0.010910957120358944,4.578797588124871,,,
amgtp_global_q,71,0.022526529617607594,0.03259260952472687,0.05270573869347572,0.8840970993041992,0.01978590153157711,0.010819215327501297,4.950523933395743,,,
amgtp_global_q,72,0.044312858022749424,0.0458909347653389,0.05770893767476082,0.8619400262832642,0.023638101294636726,0.010821276344358921,5.713949680328369,,,
amgtp_global_q,73,0.05849545821547508,0.0637761652469635,0.06383625417947769,0.8326919674873352,0.02869022637605667,0.011004003696143627,6.743369707837701,,,
amgtp_global_q,74,0.07951248530298471,0.08762408792972565,0.07158192992210388,0.7929359674453735,0.036230653524398804,0.011626463383436203,8.124220170080662,,,
amgtp_global_q,75,0.09148758463561535,0.11288794130086899,0.07988631725311279,0.7471926212310791,0.04721076413989067,0.012822350487112999,9.604728914797306,,,
amgtp_global_q,76,0.09618169069290161,0.13419824838638306,0.08805098384618759,0.6991020441055298,0.06414385139942169,0.014505403116345406,10.889334622770548,,,
amgtp_global_q,77,0.09832490980625153,0.14559197425842285,0.09416438639163971,0.6499393582344055,0.09410244971513748,0.01620190031826496,11.6650446690619,,,
amgtp_global_q,78,0.13769054971635342,0.1439869999885559,0.09691575169563293,0.5826991200447083,0.15841339528560638,0.01798492670059204,11.844915851950645,,,
amgtp_global_q,79,0.2748822048306465,0.12543843686580658,0.09021952003240585,0.4705027937889099,0.29497095942497253,0.018868446350097656,11.356989078223705,,,
amgtp_global_q,80,0.4466911293566227,0.08807330578565598,0.06886923313140869,0.30773282051086426,0.5183162093162537,0.01700795814394951,10.142790921032429,,,
amgtp_global_q,81,0.43385149352252483,0.05030090734362602,0.0438423752784729,0.15749478340148926,0.7352429032325745,0.01312045194208622,8.86476781591773,,,
amgtp_global_q,82,0.24486707616597414,0.027682578191161156,0.027416788041591644,0.07705606520175934,0.8576755523681641,0.010168659500777721,8.065629774704576,,,
amgtp_global_q,83,0.09897159412503242,0.01775600202381611,0.01993359439074993,0.04623575881123543,0.907161295413971,0.008912884630262852,7.698910444974899,,,
amgtp_global_q,84,0.0452021574601531,0.012933528050780296,0.016323646530508995,0.0326964296400547,0.9297634363174438,0.008284619078040123,7.5147533398121595,,,
amgtp_global_q,85,0.00787378940731287,0.01214953325688839,0.01697070337831974,0.02954261563718319,0.9315160512924194,0.009820927865803242,7.492675894871354,,,
amgtp_global_q,86,0.01608586311340332,0.013043208047747612,0.019896727055311203,0.031016811728477478,0.9234734773635864,0.01257032249122858,7.5358385015279055,,,
amgtp_global_q,87,0.051805020309984684,0.01701812818646431,0.02799200266599655,0.039037059992551804,0.897570788860321,0.018382210284471512,7.706537339836359,,,
amgtp_global_q,88,0.2541772983968258,0.03789626806974411,0.06783505529165268,0.0823853388428688,0.7704822421073914,0.041401490569114685,8.56176371872425,,,
amgtp_global_q,89,0.992063045501709,0.11515381932258606,0.2635799050331116,0.25927993655204773,0.274450421333313,0.08753571659326553,11.097301855683327,,,
amgtp_global_q,90,0.5321163535118103,0.11311735212802887,0.3767281472682953,0.4121900498867035,0.052580662071704865,0.04538394510746002,9.403779290616512,,,
amgtp_global_q,91,0.4012445602566004,0.06963204592466354,0.2652754783630371,0.6128122210502625,0.030959879979491234,0.021320313215255737,6.796838441863656,,,
amgtp_global_q,92,0.34095077216625214,0.03720918297767639,0.14167286455631256,0.7832869291305542,0.026760224252939224,0.01106938160955906,5.06637754291296,,,
amgtp_global_q,93,0.17884271312505007,0.02098090574145317,0.07603233307600021,0.8727084994316101,0.023792671039700508,0.006484600715339184,4.210345283150673,,,
amgtp_global_q,94,0.054691723082214594,0.01631135866045952,0.05445966497063637,0.8996620178222656,0.024185582995414734,0.0053815231658518314,3.976767643354833,,,
amgtp_global_q,95,0.020985976792871952,0.014427194371819496,0.046219438314437866,0.9084357023239136,0.025904813781380653,0.005012852605432272,3.8886718405410647,,,
amgtp_global_q,96,0.00910548772662878,0.015094182454049587,0.046503789722919464,0.9038827419281006,0.029073121026158333,0.005445733200758696,3.9435550747439265,,,
amgtp_global_q,97,0.01640143571421504,0.016462592408061028,0.049232665449380875,0.8956825137138367,0.03251831233501434,0.0061044637113809586,4.037126429378986,,,
amgtp_global_q,98,0.015217986889183521,0.01778876595199108,0.05213558301329613,0.8880735039710999,0.035291995853185654,0.006710666231811047,4.124675350263715,,,
amgtp_global_q,99,0.014385002665221691,0.019245553761720657,0.055185411125421524,0.88088059425354,0.03733856603503227,0.007349573075771332,4.216824404895306,,,
amgtp_global_q,100,0.012171449139714241,0.020836254581809044,0.058013442903757095,0.8747954964637756,0.038330357521772385,0.008025400340557098,4.313243314623833,,,
amgtp_global_q,101,0.011203503236174583,0.022690854966640472,0.06079186126589775,0.8691931962966919,0.03848860040307045,0.008835341781377792,4.422937735915184,,,
amgtp_global_q,102,0.014272565953433514,0.02523641474545002,0.06419647485017776,0.8623895049095154,0.03815601021051407,0.01002145279198885,4.5729422848671675,,,
amgtp_global_q,103,0.021184824407100677,0.029124483466148376,0.0690399557352066,0.8523204922676086,0.03763172775506973,0.011881432496011257,4.803232589736581,,,
amgtp_global_q,104,0.028625170700252056,0.034859612584114075,0.07532075047492981,0.8383735418319702,0.037266477942466736,0.014178479090332985,5.141382183879614,,,
amgtp_global_q,105,0.07367576286196709,0.05211881548166275,0.08977522701025009,0.8017693758010864,0.037032730877399445,0.019302649423480034,6.151678491383791,,,
amgtp_global_q,106,0.24275601468980312,0.12576837837696075,0.12357135117053986,0.6803919076919556,0.038215961307287216,0.03205227851867676,10.427093405276537,,,
amgtp_global_q,107,0.5004612021148205,0.3390459716320038,0.14737892150878906,0.4301615357398987,0.0388227216899395,0.044591184705495834,22.67665746435523,,,
amgtp_global_q,108,0.20853690430521965,0.441629558801651,0.1481533944606781,0.32817214727401733,0.039732903242111206,0.042311910539865494,28.500940434634686,,,
amgtp_global_q,109,0.2421521656215191,0.3231161832809448,0.16708174347877502,0.42434972524642944,0.045703284442424774,0.03974942862987518,21.70351690798998,,,
amgtp_global_q,110,0.1646118313074112,0.2523500919342041,0.15942709147930145,0.5065176486968994,0.0458405464887619,0.03586352616548538,17.642958745360374,,,
amgtp_global_q,111,0.04421636462211609,0.24176988005638123,0.15055541694164276,0.5286265015602112,0.044777948409318924,0.034270498901605606,17.03586034849286,,,
amgtp_global_q,112,0.010213814675807953,0.24049434065818787,0.14737354218959808,0.5337336659431458,0.044498223811388016,0.03390098735690117,16.96433636918664,,,
amgtp_global_q,113,0.003119383007287979,0.24032844603061676,0.14609330892562866,0.5352928638458252,0.04447321593761444,0.033811938017606735,16.956358306109905,,,
amgtp_global_q,114,0.0009099915623664856,0.2400543987751007,0.14622794091701508,0.5351114869117737,0.0447341725230217,0.033870916813611984,16.9421583712101,,,
amgtp_global_q,115,0.0026405751705169678,0.23962916433811188,0.14695970714092255,0.5342169404029846,0.045189715921878815,0.03400440141558647,16.91975001990795,,,
amgtp_global_q,116,0.004896804690361023,0.23891399800777435,0.148300439119339,0.532483696937561,0.04601851850748062,0.03428326174616814,16.8826867043972,,,
amgtp_global_q,117,0.007264312356710434,0.237858846783638,0.15017999708652496,0.5299065709114075,0.04731808975338936,0.03473616763949394,16.828963492065668,,,
amgtp_global_q,118,0.010803177952766418,0.23629525303840637,0.15264593064785004,0.5260688662528992,0.04945685714483261,0.035533346235752106,16.752232559025288,,,
amgtp_global_q,119,0.01664743199944496,0.233904168009758,0.1558154821395874,0.5201361775398254,0.05313242971897125,0.03701188042759895,16.640567429363728,,,
amgtp_uniform_q,4,,0.20000606775283813,0.20000606775283813,0.20000606775283813,0.20000606775283813,0.20000606775283813,17.00051575899124,,,
amgtp_uniform_q,5,0.0,0.20000606775283813,0.20000606775283813,0.20000606775283813,0.20000606775283813,0.20000606775283813,17.00051575899124,,,
amgtp_uniform_q,6,0.0,0.20000606775283813,0.20000606775283813,0.20000606775283813,0.20000606775283813,0.20000606775283813,17.00051575899124,,,
amgtp_uniform_q,7,0.0,0.20000606775283813,0.20000606775283813,0.20000606775283813,0.20000606775283813,0.20000606775283813,17.00051575899124,,,
amgtp_uniform_q,8,0.0,0.20000606775283813,0.20000606775283813,0.20000606775283813,0.20000606775283813,0.20000606775283813,17.00051575899124,,,
amgtp_uniform_q,9,0.0,0.20000606775283813,0.20000606775283813,0.20000606775283813,0.20000606775283813,0.20000606775283813,17.00051575899124,,,
amgtp_uniform_q,10,0.0,0.20000606775283813,0.20000606775283813,0.20000606775283813,0.20000606775283813,0.20000606775283813,17.00051575899124,,,
amgtp_uniform_q,11,0.0,0.20000606775283813,0.20000606775283813,0.20000606775283813,0.20000606775283813,0.20000606775283813,17.00051575899124,,,
amgtp_uniform_q,12,0.0,0.20000606775283813,0.20000606775283813,0.20000606775283813,0.20000606775283813,0.20000606775283813,17.00051575899124,,,
amgtp_uniform_q,13,0.0,0.20000606775283813,0.20000606775283813,0.20000606775283813,0.20000606775283813,0.20000606775283813,17.00051575899124,,,
amgtp_uniform_q,14,0.0,0.20000606775283813,0.20000606775283813,0.20000606775283813,0.20000606775283813,0.20000606775283813,17.00051575899124,,,
amgtp_uniform_q,15,0.0,0.20000606775283813,0.20000606775283813,0.20000606775283813,0.20000606775283813,0.20000606775283813,17.00051575899124,,,
amgtp_uniform_q,16,0.0,0.20000606775283813,0.20000606775283813,0.20000606775283813,0.20000606775283813,0.20000606775283813,17.00051575899124,,,
amgtp_uniform_q,17,0.0,0.20000606775283813,0.20000606775283813,0.20000606775283813,0.20000606775283813,0.20000606775283813,17.00051575899124,,,
amgtp_uniform_q,18,0.0,0.20000606775283813,0.20000606775283813,0.20000606775283813,0.20000606775283813,0.20000606775283813,17.00051575899124,,,
amgtp_uniform_q,19,0.0,0.20000606775283813,0.20000606775283813,0.20000606775283813,0.20000606775283813,0.20000606775283813,17.00051575899124,,,
amgtp_uniform_q,20,0.0,0.20000606775283813,0.20000606775283813,0.20000606775283813,0.20000606775283813,0.20000606775283813,17.00051575899124,,,
amgtp_uniform_q,21,0.0,0.20000606775283813,0.20000606775283813,0.20000606775283813,0.20000606775283813,0.20000606775283813,17.00051575899124,,,
amgtp_uniform_q,22,0.0,0.20000606775283813,0.20000606775283813,0.20000606775283813,0.20000606775283813,0.20000606775283813,17.00051575899124,,,
amgtp_uniform_q,23,0.0,0.20000606775283813,0.20000606775283813,0.20000606775283813,0.20000606775283813,0.20000606775283813,17.00051575899124,,,
amgtp_uniform_q,24,0.0,0.20000606775283813,0.20000606775283813,0.20000606775283813,0.20000606775283813,0.20000606775283813,17.00051575899124,,,
amgtp_uniform_q,25,0.0,0.20000606775283813,0.20000606775283813,0.20000606775283813,0.20000606775283813,0.20000606775283813,17.00051575899124,,,
amgtp_uniform_q,26,0.0,0.20000606775283813,0.20000606775283813,0.20000606775283813,0.20000606775283813,0.20000606775283813,17.00051575899124,,,
amgtp_uniform_q,27,0.0,0.20000606775283813,0.20000606775283813,0.20000606775283813,0.20000606775283813,0.20000606775283813,17.00051575899124,,,
amgtp_uniform_q,28,0.0,0.20000606775283813,0.20000606775283813,0.20000606775283813,0.20000606775283813,0.20000606775283813,17.00051575899124,,,
amgtp_uniform_q,29,0.0,0.20000606775283813,0.20000606775283813,0.20000606775283813,0.20000606775283813,0.20000606775283813,17.00051575899124,,,
amgtp_uniform_q,30,0.0,0.20000606775283813,0.20000606775283813,0.20000606775283813,0.20000606775283813,0.20000606775283813,17.00051575899124,,,
amgtp_uniform_q,31,0.0,0.20000606775283813,0.20000606775283813,0.20000606775283813,0.20000606775283813,0.20000606775283813,17.00051575899124,,,
amgtp_uniform_q,32,0.0,0.20000606775283813,0.20000606775283813,0.20000606775283813,0.20000606775283813,0.20000606775283813,17.00051575899124,,,
amgtp_uniform_q,33,0.0,0.20000606775283813,0.20000606775283813,0.20000606775283813,0.20000606775283813,0.20000606775283813,17.00051575899124,,,
amgtp_uniform_q,34,0.0,0.20000606775283813,0.20000606775283813,0.20000606775283813,0.20000606775283813,0.20000606775283813,17.00051575899124,,,
amgtp_uniform_q,35,0.0,0.20000606775283813,0.20000606775283813,0.20000606775283813,0.20000606775283813,0.20000606775283813,17.00051575899124,,,
amgtp_uniform_q,36,0.0,0.20000606775283813,0.20000606775283813,0.20000606775283813,0.20000606775283813,0.20000606775283813,17.00051575899124,,,
amgtp_uniform_q,37,0.0,0.20000606775283813,0.20000606775283813,0.20000606775283813,0.20000606775283813,0.20000606775283813,17.00051575899124,,,
amgtp_uniform_q,38,0.0,0.20000606775283813,0.20000606775283813,0.20000606775283813,0.20000606775283813,0.20000606775283813,17.00051575899124,,,
amgtp_uniform_q,39,0.0,0.20000606775283813,0.20000606775283813,0.20000606775283813,0.20000606775283813,0.20000606775283813,17.00051575899124,,,
amgtp_uniform_q,40,0.0,0.20000606775283813,0.20000606775283813,0.20000606775283813,0.20000606775283813,0.20000606775283813,17.00051575899124,,,
amgtp_uniform_q,41,0.0,0.20000606775283813,0.20000606775283813,0.20000606775283813,0.20000606775283813,0.20000606775283813,17.00051575899124,,,
amgtp_uniform_q,42,0.0,0.20000606775283813,0.20000606775283813,0.20000606775283813,0.20000606775283813,0.20000606775283813,17.00051575899124,,,
amgtp_uniform_q,43,0.0,0.20000606775283813,0.20000606775283813,0.20000606775283813,0.20000606775283813,0.20000606775283813,17.00051575899124,,,
amgtp_uniform_q,44,0.0,0.20000606775283813,0.20000606775283813,0.20000606775283813,0.20000606775283813,0.20000606775283813,17.00051575899124,,,
amgtp_uniform_q,45,0.0,0.20000606775283813,0.20000606775283813,0.20000606775283813,0.20000606775283813,0.20000606775283813,17.00051575899124,,,
amgtp_uniform_q,46,0.0,0.20000606775283813,0.20000606775283813,0.20000606775283813,0.20000606775283813,0.20000606775283813,17.00051575899124,,,
amgtp_uniform_q,47,0.0,0.20000606775283813,0.20000606775283813,0.20000606775283813,0.20000606775283813,0.20000606775283813,17.00051575899124,,,
amgtp_uniform_q,48,0.0,0.20000606775283813,0.20000606775283813,0.20000606775283813,0.20000606775283813,0.20000606775283813,17.00051575899124,,,
amgtp_uniform_q,49,0.0,0.20000606775283813,0.20000606775283813,0.20000606775283813,0.20000606775283813,0.20000606775283813,17.00051575899124,,,
amgtp_uniform_q,50,0.0,0.20000606775283813,0.20000606775283813,0.20000606775283813,0.20000606775283813,0.20000606775283813,17.00051575899124,,,
amgtp_uniform_q,51,0.0,0.20000606775283813,0.20000606775283813,0.20000606775283813,0.20000606775283813,0.20000606775283813,17.00051575899124,,,
amgtp_uniform_q,52,0.0,0.20000606775283813,0.20000606775283813,0.20000606775283813,0.20000606775283813,0.20000606775283813,17.00051575899124,,,
amgtp_uniform_q,53,0.0,0.20000606775283813,0.20000606775283813,0.20000606775283813,0.20000606775283813,0.20000606775283813,17.00051575899124,,,
amgtp_uniform_q,54,0.0,0.20000606775283813,0.20000606775283813,0.20000606775283813,0.20000606775283813,0.20000606775283813,17.00051575899124,,,
amgtp_uniform_q,55,0.0,0.20000606775283813,0.20000606775283813,0.20000606775283813,0.20000606775283813,0.20000606775283813,17.00051575899124,,,
amgtp_uniform_q,56,0.0,0.20000606775283813,0.20000606775283813,0.20000606775283813,0.20000606775283813,0.20000606775283813,17.00051575899124,,,
amgtp_uniform_q,57,0.0,0.20000606775283813,0.20000606775283813,0.20000606775283813,0.20000606775283813,0.20000606775283813,17.00051575899124,,,
amgtp_uniform_q,58,0.0,0.20000606775283813,0.20000606775283813,0.20000606775283813,0.20000606775283813,0.20000606775283813,17.00051575899124,,,
amgtp_uniform_q,59,0.0,0.20000606775283813,0.20000606775283813,0.20000606775283813,0.20000606775283813,0.20000606775283813,17.00051575899124,,,
amgtp_uniform_q,60,0.0,0.20000606775283813,0.20000606775283813,0.20000606775283813,0.20000606775283813,0.20000606775283813,17.00051575899124,,,
amgtp_uniform_q,61,0.0,0.20000606775283813,0.20000606775283813,0.20000606775283813,0.20000606775283813,0.20000606775283813,17.00051575899124,,,
amgtp_uniform_q,62,0.0,0.20000606775283813,0.20000606775283813,0.20000606775283813,0.20000606775283813,0.20000606775283813,17.00051575899124,,,
amgtp_uniform_q,63,0.0,0.20000606775283813,0.20000606775283813,0.20000606775283813,0.20000606775283813,0.20000606775283813,17.00051575899124,,,
amgtp_uniform_q,64,0.0,0.20000606775283813,0.20000606775283813,0.20000606775283813,0.20000606775283813,0.20000606775283813,17.00051575899124,,,
amgtp_uniform_q,65,0.0,0.20000606775283813,0.20000606775283813,0.20000606775283813,0.20000606775283813,0.20000606775283813,17.00051575899124,,,
amgtp_uniform_q,66,0.0,0.20000606775283813,0.20000606775283813,0.20000606775283813,0.20000606775283813,0.20000606775283813,17.00051575899124,,,
amgtp_uniform_q,67,0.0,0.20000606775283813,0.20000606775283813,0.20000606775283813,0.20000606775283813,0.20000606775283813,17.00051575899124,,,
amgtp_uniform_q,68,0.0,0.20000606775283813,0.20000606775283813,0.20000606775283813,0.20000606775283813,0.20000606775283813,17.00051575899124,,,
amgtp_uniform_q,69,0.0,0.20000606775283813,0.20000606775283813,0.20000606775283813,0.20000606775283813,0.20000606775283813,17.00051575899124,,,
amgtp_uniform_q,70,0.0,0.20000606775283813,0.20000606775283813,0.20000606775283813,0.20000606775283813,0.20000606775283813,17.00051575899124,,,
amgtp_uniform_q,71,0.0,0.20000606775283813,0.20000606775283813,0.20000606775283813,0.20000606775283813,0.20000606775283813,17.00051575899124,,,
amgtp_uniform_q,72,0.0,0.20000606775283813,0.20000606775283813,0.20000606775283813,0.20000606775283813,0.20000606775283813,17.00051575899124,,,
amgtp_uniform_q,73,0.0,0.20000606775283813,0.20000606775283813,0.20000606775283813,0.20000606775283813,0.20000606775283813,17.00051575899124,,,
amgtp_uniform_q,74,0.0,0.20000606775283813,0.20000606775283813,0.20000606775283813,0.20000606775283813,0.20000606775283813,17.00051575899124,,,
amgtp_uniform_q,75,0.0,0.20000606775283813,0.20000606775283813,0.20000606775283813,0.20000606775283813,0.20000606775283813,17.00051575899124,,,
amgtp_uniform_q,76,0.0,0.20000606775283813,0.20000606775283813,0.20000606775283813,0.20000606775283813,0.20000606775283813,17.00051575899124,,,
amgtp_uniform_q,77,0.0,0.20000606775283813,0.20000606775283813,0.20000606775283813,0.20000606775283813,0.20000606775283813,17.00051575899124,,,
amgtp_uniform_q,78,0.0,0.20000606775283813,0.20000606775283813,0.20000606775283813,0.20000606775283813,0.20000606775283813,17.00051575899124,,,
amgtp_uniform_q,79,0.0,0.20000606775283813,0.20000606775283813,0.20000606775283813,0.20000606775283813,0.20000606775283813,17.00051575899124,,,
amgtp_uniform_q,80,0.0,0.20000606775283813,0.20000606775283813,0.20000606775283813,0.20000606775283813,0.20000606775283813,17.00051575899124,,,
amgtp_uniform_q,81,0.0,0.20000606775283813,0.20000606775283813,0.20000606775283813,0.20000606775283813,0.20000606775283813,17.00051575899124,,,
amgtp_uniform_q,82,0.0,0.20000606775283813,0.20000606775283813,0.20000606775283813,0.20000606775283813,0.20000606775283813,17.00051575899124,,,
amgtp_uniform_q,83,0.0,0.20000606775283813,0.20000606775283813,0.20000606775283813,0.20000606775283813,0.20000606775283813,17.00051575899124,,,
amgtp_uniform_q,84,0.0,0.20000606775283813,0.20000606775283813,0.20000606775283813,0.20000606775283813,0.20000606775283813,17.00051575899124,,,
amgtp_uniform_q,85,0.0,0.20000606775283813,0.20000606775283813,0.20000606775283813,0.20000606775283813,0.20000606775283813,17.00051575899124,,,
amgtp_uniform_q,86,0.0,0.20000606775283813,0.20000606775283813,0.20000606775283813,0.20000606775283813,0.20000606775283813,17.00051575899124,,,
amgtp_uniform_q,87,0.0,0.20000606775283813,0.20000606775283813,0.20000606775283813,0.20000606775283813,0.20000606775283813,17.00051575899124,,,
amgtp_uniform_q,88,0.0,0.20000606775283813,0.20000606775283813,0.20000606775283813,0.20000606775283813,0.20000606775283813,17.00051575899124,,,
amgtp_uniform_q,89,0.0,0.20000606775283813,0.20000606775283813,0.20000606775283813,0.20000606775283813,0.20000606775283813,17.00051575899124,,,
amgtp_uniform_q,90,0.0,0.20000606775283813,0.20000606775283813,0.20000606775283813,0.20000606775283813,0.20000606775283813,17.00051575899124,,,
amgtp_uniform_q,91,0.0,0.20000606775283813,0.20000606775283813,0.20000606775283813,0.20000606775283813,0.20000606775283813,17.00051575899124,,,
amgtp_uniform_q,92,0.0,0.20000606775283813,0.20000606775283813,0.20000606775283813,0.20000606775283813,0.20000606775283813,17.00051575899124,,,
amgtp_uniform_q,93,0.0,0.20000606775283813,0.20000606775283813,0.20000606775283813,0.20000606775283813,0.20000606775283813,17.00051575899124,,,
amgtp_uniform_q,94,0.0,0.20000606775283813,0.20000606775283813,0.20000606775283813,0.20000606775283813,0.20000606775283813,17.00051575899124,,,
amgtp_uniform_q,95,0.0,0.20000606775283813,0.20000606775283813,0.20000606775283813,0.20000606775283813,0.20000606775283813,17.00051575899124,,,
amgtp_uniform_q,96,0.0,0.20000606775283813,0.20000606775283813,0.20000606775283813,0.20000606775283813,0.20000606775283813,17.00051575899124,,,
amgtp_uniform_q,97,0.0,0.20000606775283813,0.20000606775283813,0.20000606775283813,0.20000606775283813,0.20000606775283813,17.00051575899124,,,
amgtp_uniform_q,98,0.0,0.20000606775283813,0.20000606775283813,0.20000606775283813,0.20000606775283813,0.20000606775283813,17.00051575899124,,,
amgtp_uniform_q,99,0.0,0.20000606775283813,0.20000606775283813,0.20000606775283813,0.20000606775283813,0.20000606775283813,17.00051575899124,,,
amgtp_uniform_q,100,0.0,0.20000606775283813,0.20000606775283813,0.20000606775283813,0.20000606775283813,0.20000606775283813,17.00051575899124,,,
amgtp_uniform_q,101,0.0,0.20000606775283813,0.20000606775283813,0.20000606775283813,0.20000606775283813,0.20000606775283813,17.00051575899124,,,
amgtp_uniform_q,102,0.0,0.20000606775283813,0.20000606775283813,0.20000606775283813,0.20000606775283813,0.20000606775283813,17.00051575899124,,,
amgtp_uniform_q,103,0.0,0.20000606775283813,0.20000606775283813,0.20000606775283813,0.20000606775283813,0.20000606775283813,17.00051575899124,,,
amgtp_uniform_q,104,0.0,0.20000606775283813,0.20000606775283813,0.20000606775283813,0.20000606775283813,0.20000606775283813,17.00051575899124,,,
amgtp_uniform_q,105,0.0,0.20000606775283813,0.20000606775283813,0.20000606775283813,0.20000606775283813,0.20000606775283813,17.00051575899124,,,
amgtp_uniform_q,106,0.0,0.20000606775283813,0.20000606775283813,0.20000606775283813,0.20000606775283813,0.20000606775283813,17.00051575899124,,,
amgtp_uniform_q,107,0.0,0.20000606775283813,0.20000606775283813,0.20000606775283813,0.20000606775283813,0.20000606775283813,17.00051575899124,,,
amgtp_uniform_q,108,0.0,0.20000606775283813,0.20000606775283813,0.20000606775283813,0.20000606775283813,0.20000606775283813,17.00051575899124,,,
amgtp_uniform_q,109,0.0,0.20000606775283813,0.20000606775283813,0.20000606775283813,0.20000606775283813,0.20000606775283813,17.00051575899124,,,
amgtp_uniform_q,110,0.0,0.20000606775283813,0.20000606775283813,0.20000606775283813,0.20000606775283813,0.20000606775283813,17.00051575899124,,,
amgtp_uniform_q,111,0.0,0.20000606775283813,0.20000606775283813,0.20000606775283813,0.20000606775283813,0.20000606775283813,17.00051575899124,,,
amgtp_uniform_q,112,0.0,0.20000606775283813,0.20000606775283813,0.20000606775283813,0.20000606775283813,0.20000606775283813,17.00051575899124,,,
amgtp_uniform_q,113,0.0,0.20000606775283813,0.20000606775283813,0.20000606775283813,0.20000606775283813,0.20000606775283813,17.00051575899124,,,
amgtp_uniform_q,114,0.0,0.20000606775283813,0.20000606775283813,0.20000606775283813,0.20000606775283813,0.20000606775283813,17.00051575899124,,,
amgtp_uniform_q,115,0.0,0.20000606775283813,0.20000606775283813,0.20000606775283813,0.20000606775283813,0.20000606775283813,17.00051575899124,,,
amgtp_uniform_q,116,0.0,0.20000606775283813,0.20000606775283813,0.20000606775283813,0.20000606775283813,0.20000606775283813,17.00051575899124,,,
amgtp_uniform_q,117,0.0,0.20000606775283813,0.20000606775283813,0.20000606775283813,0.20000606775283813,0.20000606775283813,17.00051575899124,,,
amgtp_uniform_q,118,0.0,0.20000606775283813,0.20000606775283813,0.20000606775283813,0.20000606775283813,0.20000606775283813,17.00051575899124,,,
amgtp_uniform_q,119,0.0,0.20000606775283813,0.20000606775283813,0.20000606775283813,0.20000606775283813,0.20000606775283813,17.00051575899124,,,
amgtp_no_state,4,,0.20000606775283813,0.20000606775283813,0.20000606775283813,0.20000606775283813,0.20000606775283813,17.00051575899124,,,
amgtp_no_state,5,0.6409806311130524,0.09317100048065186,0.3994026780128479,0.3210848867893219,0.09317100048065186,0.09317100048065186,8.909508377313614,,,
amgtp_no_state,6,0.5355641394853592,0.07508358359336853,0.18588267266750336,0.5888667702674866,0.07508358359336853,0.07508358359336853,8.034253254532814,,,
amgtp_no_state,7,0.27219579368829727,0.06073722243309021,0.092824287712574,0.7249650955200195,0.06073722243309021,0.06073722243309021,7.18743459135294,,,
amgtp_no_state,8,0.07561403140425682,0.05570180341601372,0.07012266665697098,0.7627712488174438,0.05570180341601372,0.05570180341601372,6.870282489806414,,,
amgtp_no_state,9,0.04127053916454315,0.06244690343737602,0.060799192637205124,0.7514596581459045,0.0628470778465271,0.06244690343737602,7.376178566366434,,,
amgtp_no_state,10,0.2257206179201603,0.09771723300218582,0.055788472294807434,0.6436101198196411,0.10516677796840668,0.09771723300218582,9.953861519694328,,,
amgtp_no_state,11,0.525318019092083,0.1616676300764084,0.04901549965143204,0.38772428035736084,0.23992520570755005,0.1616676151752472,14.855069197714329,,,
amgtp_no_state,12,0.44316719844937325,0.12749145925045013,0.0401628203690052,0.24334588646888733,0.46150901913642883,0.12749147415161133,13.435131806880236,,,
amgtp_no_state,13,0.3253812938928604,0.08189766108989716,0.03174647316336632,0.18025879561901093,0.6241992712020874,0.08189766854047775,11.002344783395529,,,
amgtp_no_state,14,0.16219303384423256,0.06518160551786423,0.025362767279148102,0.13897822797298431,0.7052959203720093,0.06518161296844482,10.202807806432247,,,
amgtp_no_state,15,0.0787683967500925,0.062035705894231796,0.02157784439623356,0.1096707358956337,0.7446801066398621,0.06203571707010269,10.153993191197515,,,
amgtp_no_state,16,0.0635767299681902,0.07621928304433823,0.02178012579679489,0.09056582301855087,0.731996476650238,0.07943804562091827,11.102742552757263,,,
amgtp_no_state,17,0.2493270058184862,0.12053858488798141,0.029452385380864143,0.08115969598293304,0.6167394518852234,0.15211033821105957,13.951967464759946,,,
amgtp_no_state,18,0.6062863077968359,0.24187804758548737,0.03680715709924698,0.07222827523946762,0.32252785563468933,0.3265593945980072,21.595701351761818,,,
amgtp_no_state,19,0.6915422920137644,0.5876486897468567,0.029430704191327095,0.05489066615700722,0.1664506494998932,0.16157901287078857,38.88028481416404,,,
amgtp_no_state,20,0.3897879645228386,0.7825433015823364,0.016247110441327095,0.03651466220617294,0.11201057583093643,0.05268533155322075,48.60005786456168,,,
amgtp_no_state,21,0.09627641923725605,0.8306810855865479,0.014835745096206665,0.029047202318906784,0.08837289363145828,0.03706320375204086,51.08033759519458,,,
amgtp_no_state,22,0.0619391854852438,0.8127127289772034,0.043840691447257996,0.031011836603283882,0.07887118309736252,0.03356366604566574,49.92162954621017,,,
amgtp_no_state,23,0.8823313917964697,0.37826672196388245,0.46398428082466125,0.0520344041287899,0.07325119525194168,0.03246442601084709,24.28335114195943,,,
amgtp_no_state,24,0.38451631739735603,0.19968724250793457,0.6544584035873413,0.053817834705114365,0.0647825300693512,0.027253806591033936,13.632177460938692,,,
amgtp_no_state,25,0.10554119572043419,0.18365523219108582,0.6222467422485352,0.1065891832113266,0.06173336133360863,0.025776799768209457,12.754336949437857,,,
amgtp_no_state,26,0.6153691373765469,0.17703993618488312,0.32385072112083435,0.41427311301231384,0.059900812804698944,0.024935457855463028,12.957468330860138,,,
amgtp_no_state,27,0.3123043868690729,0.16266752779483795,0.18974721431732178,0.5704250335693359,0.05463899299502373,0.022520726546645164,12.358837105333805,,,
amgtp_no_state,28,0.111162468791008,0.14389920234680176,0.16198760271072388,0.6260049939155579,0.04825223609805107,0.019852912053465843,11.289661146700382,,,
amgtp_no_state,29,0.10091735795140266,0.12470300495624542,0.1397949606180191,0.6764644980430603,0.04182364046573639,0.01721249334514141,10.18510914221406,,,
amgtp_no_state,30,0.0918869860470295,0.10700904577970505,0.11986088752746582,0.7224088311195374,0.03592179715633392,0.01479971595108509,9.16627873107791,,,
amgtp_no_state,31,0.08264593780040741,0.09101006388664246,0.10196435451507568,0.7637321949005127,0.0306331105530262,0.012661343440413475,8.245455354452133,,,
amgtp_no_state,32,0.07019492145627737,0.07736779004335403,0.08674061298370361,0.7988285422325134,0.02617417462170124,0.010887720622122288,7.460940953344107,,,
amgtp_no_state,33,0.0553124463185668,0.06651876866817474,0.07468529045581818,0.8264859914779663,0.022730883210897446,0.009580358862876892,6.83851059153676,,,
amgtp_no_state,34,0.044166834093630314,0.05765161290764809,0.06493263691663742,0.8485684990882874,0.02012406289577484,0.00872266199439764,6.3327206168323755,,,
amgtp_no_state,35,0.02079527359455824,0.05396740883588791,0.06062870845198631,0.8589653968811035,0.01854241080582142,0.007894070819020271,6.115883296355605,,,
amgtp_no_state,36,0.005381091497838497,0.05254030227661133,0.059366244822740555,0.8610899448394775,0.01866590417921543,0.008337550796568394,6.042441256344318,,,
amgtp_no_state,37,0.0052183568477630615,0.051060598343610764,0.058236852288246155,0.8624228239059448,0.019128747284412384,0.009151089005172253,5.971157701686025,,,
amgtp_no_state,38,0.0066459402441978455,0.048981260508298874,0.05699383467435837,0.8627076148986816,0.02041403017938137,0.010904599912464619,5.87955491989851,,,
amgtp_no_state,39,0.01144092995673418,0.046708740293979645,0.05631837993860245,0.8599348068237305,0.023108629509806633,0.013930147513747215,5.79542968980968,,,
amgtp_no_state,40,0.02513258531689644,0.044815316796302795,0.057181283831596375,0.8492615818977356,0.029278073459863663,0.019463736563920975,5.77132386341691,,,
amgtp_no_state,41,0.061212193220853806,0.044026993215084076,0.0606754794716835,0.819443941116333,0.04626438766717911,0.0295894555747509,5.898729987442493,,,
amgtp_no_state,42,0.159331526607275,0.044566188007593155,0.06566933542490005,0.7397774457931519,0.10917051136493683,0.040815312415361404,6.294580906629562,,,
amgtp_no_state,43,0.33950263634324074,0.040338072925806046,0.05681696534156799,0.590513288974762,0.2789226770401001,0.033409483730793,6.668832719326019,,,
amgtp_no_state,44,0.24490239657461643,0.0338766947388649,0.0451664924621582,0.4976794123649597,0.401373952627182,0.02190409041941166,6.6870813481509686,,,
amgtp_no_state,45,0.17654018476605415,0.02898241952061653,0.038218509405851364,0.4252745509147644,0.48964405059814453,0.01788112334907055,6.730831414461136,,,
amgtp_no_state,46,0.1611566636711359,0.024854974821209908,0.032737087458372116,0.3562231957912445,0.5702217817306519,0.01596241258084774,6.807731412351131,,,
amgtp_no_state,47,0.1407516412436962,0.022066332399845123,0.029049430042505264,0.29232415556907654,0.6402949094772339,0.016265586018562317,6.939784411340952,,,
amgtp_no_state,48,0.11036789231002331,0.02263505384325981,0.029396455734968185,0.23714002966880798,0.6885464787483215,0.022282036021351814,7.230693630874157,,,
amgtp_no_state,49,0.08721040189266205,0.029369665309786797,0.03710000962018967,0.19353464245796204,0.6952477097511292,0.04474765434861183,7.873084984719753,,,
amgtp_no_state,50,0.1968871857970953,0.03911976143717766,0.04868707433342934,0.1609029322862625,0.629436194896698,0.12185445427894592,8.990597281605005,,,
amgtp_no_state,51,0.5215560123324394,0.03421566262841225,0.04300451651215553,0.1304609179496765,0.4096865952014923,0.38263219594955444,10.711983937770128,,,
amgtp_no_state,52,0.3509445860981941,0.16655685007572174,0.07926805317401886,0.11874713003635406,0.2459278404712677,0.3894995152950287,17.60340854525566,,,
amgtp_no_state,53,0.887737475335598,0.4326704442501068,0.2570236921310425,0.09544392675161362,0.1446501761674881,0.07021214067935944,28.49910333007574,,,
amgtp_no_state,54,0.8668877631425858,0.10095150768756866,0.6904671788215637,0.06218268722295761,0.10237179696559906,0.04402641952037811,8.267078153789043,,,
amgtp_no_state,55,0.17842888459563255,0.05200960114598274,0.7796820402145386,0.048326607793569565,0.08402475714683533,0.035957422107458115,5.136815141886473,,,
amgtp_no_state,56,0.03830992430448532,0.0435476191341877,0.7988367676734924,0.04473063722252846,0.07906381040811539,0.03382112458348274,4.572828244417906,,,
amgtp_no_state,57,0.0071250274777412415,0.0430990606546402,0.7957237958908081,0.04563722759485245,0.08092673122882843,0.034615110605955124,4.569677785038948,,,
amgtp_no_state,58,0.02319920063018799,0.04510364681482315,0.7841237783432007,0.04853310063481331,0.08562219142913818,0.03661837428808212,4.747954469174147,,,
amgtp_no_state,59,0.02668459713459015,0.047679636627435684,0.7707810997962952,0.05200394615530968,0.09073909372091293,0.0387965552508831,4.965896565467119,,,
amgtp_no_state,60,0.02207464724779129,0.049808669835329056,0.7597430944442749,0.055173832923173904,0.09477560222148895,0.04049776867032051,5.14418276026845,,,
amgtp_no_state,61,0.01464049518108368,0.051139745861291885,0.7524233460426331,0.05765831097960472,0.09726568311452866,0.041512880474328995,5.255823139101267,,,
amgtp_no_state,62,0.01042398065328598,0.0519568957388401,0.7472110390663147,0.06031772494316101,0.09856636822223663,0.04194730520248413,5.322804808616638,,,
amgtp_no_state,63,0.008822929114103317,0.05237443372607231,0.7428000569343567,0.06358187645673752,0.0992465391755104,0.04199739173054695,5.358700968325138,,,
amgtp_no_state,64,0.01375177875161171,0.052702225744724274,0.7361193895339966,0.06939025223255157,0.09998629987239838,0.04180220887064934,5.391558714210987,,,
amgtp_no_state,65,0.02830059453845024,0.05301227793097496,0.7223147749900818,0.08171233534812927,0.10150407254695892,0.04145613685250282,5.439102880656719,,,
amgtp_no_state,66,0.0542939156293869,0.05300459265708923,0.6956575512886047,0.10647603124380112,0.10388737916946411,0.04097413271665573,5.496210716664791,,,
amgtp_no_state,67,0.05309196189045906,0.05217282474040985,0.6706214547157288,0.13196712732315063,0.10494260489940643,0.04029635712504387,5.495639555156231,,,
amgtp_no_state,68,0.042021244764328,0.05107669159770012,0.6515807509422302,0.1523539274930954,0.1055663451552391,0.03942248970270157,5.464123301208019,,,
amgtp_no_state,69,0.04155208542943001,0.04942214861512184,0.6335822343826294,0.17224198579788208,0.10645417124032974,0.03829934820532799,5.397007182240486,,,
amgtp_no_state,70,0.039262473583221436,0.04922943562269211,0.6150771379470825,0.1838841587305069,0.1144433468580246,0.03736603260040283,5.4447236359119415,,,
amgtp_no_state,71,0.04188767075538635,0.049771979451179504,0.5949193239212036,0.19996613264083862,0.11876243352890015,0.03657978028059006,5.524590447545052,,,
amgtp_no_state,72,0.05971420928835869,0.05152973532676697,0.5704309344291687,0.22806556522846222,0.1138552650809288,0.036118317395448685,5.649055048823357,,,
amgtp_no_state,73,0.07630723342299461,0.05394073575735092,0.5402818918228149,0.2638080418109894,0.10602959990501404,0.03593926876783371,5.813507124781609,,,
amgtp_no_state,74,0.08635436743497849,0.05810059234499931,0.5036205053329468,0.3021392524242401,0.09951386600732803,0.0366254486143589,6.105427145957947,,,
amgtp_no_state,75,0.09819331392645836,0.06379898637533188,0.46037083864212036,0.343571275472641,0.09366752207279205,0.03859233483672142,6.5149891898036,,,
amgtp_no_state,76,0.10428198426961899,0.07144821435213089,0.4117741584777832,0.38432198762893677,0.09012281149625778,0.04233298823237419,7.07515449821949,,,
amgtp_no_state,77,0.1052749864757061,0.0790746659040451,0.3591362237930298,0.4209078252315521,0.09311284124851227,0.047767721116542816,7.686877638101578,,,
amgtp_no_state,78,0.11006361991167068,0.08749261498451233,0.306370347738266,0.4186426103115082,0.12930558621883392,0.05818955600261688,8.531647965312004,,,
amgtp_no_state,79,0.3968987315893173,0.07603870332241058,0.2489696443080902,0.28904762864112854,0.3261575400829315,0.05978673696517944,8.798551827669144,,,
amgtp_no_state,80,0.48326481506228447,0.042892370373010635,0.18592864274978638,0.16832831501960754,0.5677893161773682,0.035060346126556396,7.729825869202614,,,
amgtp_no_state,81,0.25960186310112476,0.02827264368534088,0.1346009075641632,0.11670072376728058,0.6975908875465393,0.022835107520222664,7.38388941809535,,,
amgtp_no_state,82,0.17732114158570766,0.01995711214840412,0.09510432183742523,0.08193846791982651,0.7862512469291687,0.0167486984282732,7.276586961001158,,,
amgtp_no_state,83,0.12194228544831276,0.014634317718446255,0.0668674185872078,0.05755653977394104,0.8472229242324829,0.013719716109335423,7.2402325961738825,,,
amgtp_no_state,84,0.07608414348214865,0.011767094023525715,0.04795294627547264,0.04129575192928314,0.8850721716880798,0.013912128284573555,7.268140841275454,,,
amgtp_no_state,85,0.04006626084446907,0.012225092388689518,0.03713959455490112,0.03207571804523468,0.8973138928413391,0.021245284005999565,7.445503517985344,,,
amgtp_no_state,86,0.06868124473839998,0.019260423257946968,0.035841550678014755,0.03122968040406704,0.865117609500885,0.04855083301663399,8.020690916106105,,,
amgtp_no_state,87,0.457027405500412,0.05846380069851875,0.06395478546619415,0.05584265664219856,0.6366041302680969,0.18513517081737518,10.787432100623846,,,
amgtp_no_state,88,0.8752383515238762,0.2274690717458725,0.19361725449562073,0.13606399297714233,0.19898474216461182,0.24386505782604218,19.05695754289627,,,
amgtp_no_state,89,0.5732855163514614,0.2673411965370178,0.3842034637928009,0.19224826991558075,0.10817869752645493,0.04802819713950157,18.43106570839882,,,
amgtp_no_state,90,0.5645416248589754,0.10811261832714081,0.3202461004257202,0.4745190143585205,0.07746481895446777,0.019657136872410774,9.048013892024755,,,
amgtp_no_state,91,0.6130376802757382,0.03482562676072121,0.11504779756069183,0.7810377478599548,0.05613815784454346,0.01295014563947916,5.121967790648341,,,
amgtp_no_state,92,0.16614945232868195,0.02014484442770481,0.06485167145729065,0.8641128540039062,0.04143592342734337,0.009454942308366299,4.28830155543983,,,
amgtp_no_state,93,0.07489822106435895,0.014293807558715343,0.045554228127002716,0.9015619158744812,0.031432926654815674,0.007157260086387396,3.9281005570665,,,
amgtp_no_state,94,0.03596826270222664,0.011300899088382721,0.038978129625320435,0.919546365737915,0.024575624614953995,0.005599756259471178,3.7260971320793033,,,
amgtp_no_state,95,0.017943906132131815,0.009503006935119629,0.03777842968702316,0.9285176396369934,0.019702287390828133,0.004498053342103958,3.5944005232304335,,,
amgtp_no_state,96,0.011020499747246504,0.008871626108884811,0.04328862577676773,0.9278969764709473,0.01622266322374344,0.003719417843967676,3.5249076141044497,,,
amgtp_no_state,97,0.02819351782090962,0.009482739493250847,0.0567748062312603,0.9164784550666809,0.014053073711693287,0.0032113047782331705,3.5185043239034712,,,
amgtp_no_state,98,0.0472642770037055,0.011662177741527557,0.07822739332914352,0.893068790435791,0.014038010500371456,0.0030037809628993273,3.597483436111361,,,
amgtp_no_state,99,0.06637744652107358,0.016642512753605843,0.1001824215054512,0.8598797917366028,0.019921185448765755,0.0033736906480044127,3.865052529145032,,,
amgtp_no_state,100,0.09182491223327816,0.026000721380114555,0.10869614779949188,0.8139669299125671,0.04655473679304123,0.004780254792422056,4.503446944989264,,,
amgtp_no_state,101,0.42909524543210864,0.04082762077450752,0.0983075425028801,0.6098088622093201,0.24279411137104034,0.008262553252279758,6.192625900730491,,,
amgtp_no_state,102,0.9447618783451617,0.01717093214392662,0.03534100949764252,0.22734397649765015,0.7151747941970825,0.004969465080648661,6.823424938134849,,,
amgtp_no_state,103,0.18722898187115788,0.008012888953089714,0.020489081740379333,0.16011589765548706,0.8087888956069946,0.0025926344096660614,6.679429262876511,,,
amgtp_no_state,104,0.08819985075388104,0.005528871435672045,0.015318326652050018,0.12446696311235428,0.8528891801834106,0.0017967753810808063,6.715830618748441,,,
amgtp_no_state,105,0.05588754254858941,0.004448063671588898,0.012351700104773045,0.10086310654878616,0.8808336853981018,0.001505028922110796,6.768731042742729,,,
amgtp_no_state,106,0.030593479052186012,0.004061667248606682,0.010780052281916142,0.08752383291721344,0.8960990309715271,0.001535844523459673,6.8112466260790825,,,
amgtp_no_state,107,0.011808702955022454,0.00442340224981308,0.01032193098217249,0.0820775106549263,0.9010717868804932,0.0021056130062788725,6.8589396881870925,,,
amgtp_no_state,108,0.009179104818031192,0.006314157508313656,0.010934618301689625,0.08198819309473038,0.8965717554092407,0.004191926214843988,6.970437902957201,,,
amgtp_no_state,109,0.037048805970698595,0.013079454191029072,0.013304846361279488,0.08432678878307343,0.8780468106269836,0.011241666972637177,7.35476347617805,,,
amgtp_no_state,110,0.07867609988898039,0.029267018660902977,0.018768584355711937,0.0876956656575203,0.8387092351913452,0.025560012087225914,8.26668151654303,,,
amgtp_no_state,111,0.07089419290423393,0.04517274349927902,0.025718430057168007,0.0916297510266304,0.8032621145248413,0.03421742841601372,9.112851092591882,,,
amgtp_no_state,112,0.0135121438652277,0.04315762221813202,0.029075777158141136,0.09424849599599838,0.8040421009063721,0.029476484283804893,8.94224408455193,,,
amgtp_no_state,113,0.030476542189717293,0.034535445272922516,0.028552452102303505,0.09410495311021805,0.8192797303199768,0.023526616394519806,8.447324769571424,,,
amgtp_no_state,114,0.02044295147061348,0.02954384870827198,0.027532752603292465,0.09278766810894012,0.8295016288757324,0.02063414454460144,8.173916105180979,,,
amgtp_no_state,115,0.01105399988591671,0.02712228149175644,0.02707136608660221,0.09141220152378082,0.8350290656089783,0.019366001710295677,8.044972343370318,,,
amgtp_no_state,116,0.003161778673529625,0.026060326024889946,0.02773071452975273,0.09119869768619537,0.8359500169754028,0.019059982150793076,7.9834362380206585,,,
amgtp_no_state,117,0.006034068763256073,0.025585778057575226,0.029306231066584587,0.0923542007803917,0.8334081172943115,0.019346583634614944,7.946224508807063,,,
amgtp_no_state,118,0.010712791234254837,0.025512773543596268,0.031489048153162,0.09457122534513474,0.828123927116394,0.020302338525652885,7.927069365978241,,,
amgtp_no_state,119,0.017881909385323524,0.026010867208242416,0.034585997462272644,0.09784664958715439,0.8191835880279541,0.022373441606760025,7.9362912774086,,,
amgtp_fixed_beta0,4,,0.20000606775283813,0.20000606775283813,0.20000606775283813,0.20000606775283813,0.20000606775283813,17.00051575899124,,,
amgtp_fixed_beta0,5,0.8195742666721344,0.06340530514717102,0.3990119695663452,0.4107721447944641,0.06340530514717102,0.06340530514717102,6.76715812087059,,,
amgtp_fixed_beta0,6,0.6452142782509327,0.047282662242650986,0.12477301806211472,0.7333795428276062,0.047282662242650986,0.047282662242650986,6.154807288199663,,,
amgtp_fixed_beta0,7,0.15751097351312637,0.05469273775815964,0.046017322689294815,0.7899045944213867,0.05469273775815964,0.05469273775815964,6.845842864364386,,,
amgtp_fixed_beta0,8,0.2858865801244974,0.10234055668115616,0.02920096553862095,0.6637778282165527,0.10234055668115616,0.10234055668115616,10.310119541361928,,,
amgtp_fixed_beta0,9,0.5892337989062071,0.18725107610225677,0.01980901136994362,0.3785524368286133,0.22713597118854523,0.18725107610225677,16.6019977517426,,,
amgtp_fixed_beta0,10,0.5617814715951681,0.14250054955482483,0.012455908581614494,0.19451598823070526,0.5080268383026123,0.14250054955482483,14.697232408449054,,,
amgtp_fixed_beta0,11,0.6372383488342166,0.04792075976729393,0.005645032040774822,0.07186716794967651,0.8266459107398987,0.04792075976729393,9.553904133848846,,,
amgtp_fixed_beta0,12,0.1878169560804963,0.020522253587841988,0.0036445632576942444,0.034756362438201904,0.9205545783042908,0.02052225172519684,8.07044243812561,,,
amgtp_fixed_beta0,13,0.043880024226382375,0.014328205026686192,0.003382024122402072,0.025466786697506905,0.9424943923950195,0.014328205026686192,7.737530302954838,,,
amgtp_fixed_beta0,14,0.01635753666050732,0.016395097598433495,0.00493050180375576,0.027963289991021156,0.9343156218528748,0.016395097598433495,7.842266947031021,,,
amgtp_fixed_beta0,15,0.06884668488055468,0.025634890422225,0.008924386464059353,0.03991338983178139,0.8998925089836121,0.025634892284870148,8.32489403616637,,,
amgtp_fixed_beta0,16,0.1818351550027728,0.0520220585167408,0.018310852348804474,0.0669143795967102,0.8089743852615356,0.0537772998213768,9.756080396473408,,,
amgtp_fixed_beta0,17,0.39621033892035484,0.11435772478580475,0.034612856805324554,0.10280252248048782,0.6108699440956116,0.13735738396644592,13.403576895594597,,,
amgtp_fixed_beta0,18,0.8084561303257942,0.2951367199420929,0.04107135534286499,0.09550673514604568,0.21393747627735138,0.35434776544570923,24.494225807487965,,,
amgtp_fixed_beta0,19,0.8963798731565475,0.7433257102966309,0.0241339523345232,0.04070264846086502,0.030559135600924492,0.161276713013649,47.21757244691253,,,
amgtp_fixed_beta0,20,0.4439855976961553,0.9653200507164001,0.007755383849143982,0.008970902301371098,0.0025420994497835636,0.015412806533277035,58.18744512135163,,,
amgtp_fixed_beta0,21,0.03784463420743123,0.9842423796653748,0.006620083004236221,0.005087350960820913,0.0006988511304371059,0.0033526017796248198,59.12825329863699,,,
amgtp_fixed_beta0,22,0.06815607979660854,0.9501628279685974,0.031036341562867165,0.014255053363740444,0.0010790691012516618,0.0034649509470909834,57.13963397673797,,,
amgtp_fixed_beta0,23,1.12750599544961,0.3864104151725769,0.4836747646331787,0.11965825408697128,0.003483850508928299,0.006772128399461508,24.146471188403666,,,
amgtp_fixed_beta0,24,0.7212492418475449,0.03510991856455803,0.47810816764831543,0.4802832305431366,0.002957844641059637,0.0035409624688327312,4.095831360202283,,,
amgtp_fixed_beta0,25,0.939118432928808,0.0030934896785765886,0.04458538815379143,0.9498422741889954,0.0013480822090059519,0.0011305439984425902,3.1049857828766108,,,
amgtp_fixed_beta0,26,0.08679309830768034,0.00039437413215637207,0.005385004449635744,0.9932387471199036,0.0005887588486075401,0.00039274123264476657,3.0183833829360083,,,
amgtp_fixed_beta0,27,0.009533225224004127,0.00010039609333034605,0.0012886931654065847,0.9980053901672363,0.00038193384534679353,0.00022327338228933513,3.0071279935364146,,,
amgtp_fixed_beta0,28,0.0016812008070701268,4.7879864723654464e-05,0.0005571399815380573,0.9988467693328857,0.0003522296028677374,0.00019722539582289755,3.0051970026252093,,,
amgtp_fixed_beta0,29,0.0004561050845950376,3.275699418736622e-05,0.0003445698821451515,0.9990171790122986,0.0003883379977196455,0.00021911943622399122,3.0051475646614563,,,
amgtp_fixed_beta0,30,0.00020046765348524787,2.542164656915702e-05,0.00025082280626520514,0.9990419149398804,0.00043009157525375485,0.00025201516109518707,3.0054407197021646,,,
amgtp_fixed_beta0,31,0.0005241235758148832,2.9965392968733795e-05,0.00025348487542942166,0.998780369758606,0.0005732179270125926,0.00036426138831302524,3.007504702654842,,,
amgtp_fixed_beta0,32,0.0007431100548274117,3.601177377277054e-05,0.0002773757150862366,0.9984081983566284,0.0007554386393167078,0.0005230421083979309,3.0102733372041257,,,
amgtp_fixed_beta0,33,0.0012207158506498672,4.906770118395798e-05,0.0003401170833967626,0.997798502445221,0.0010281954891979694,0.0007855079020373523,3.014874165543006,,,
amgtp_fixed_beta0,34,0.002168115348467836,7.790645759087056e-05,0.00047216867096722126,0.9967132210731506,0.0014826578553766012,0.001252989168278873,3.023206672689412,,,
amgtp_fixed_beta0,35,0.0055327432305603,3.459001618466573e-06,5.5125732615124434e-05,0.9994798898696899,0.00023066117137204856,0.00023040181258693337,3.0035425890146144,,,
amgtp_fixed_beta0,36,0.0051205642698732845,4.3493353587109596e-05,0.0003494721604511142,0.9969196915626526,0.0012684059329330921,0.001418642234057188,3.0224579808709677,,,
amgtp_fixed_beta0,37,0.006061075459001586,0.00010962904343614355,0.0007035813177935779,0.9938891530036926,0.0024041400756686926,0.0028932001441717148,3.046282565483125,,,
amgtp_fixed_beta0,38,0.012097625258320477,0.0002914794604294002,0.0014722978230565786,0.987840473651886,0.004604922141879797,0.005790797062218189,3.095788100268692,,,
amgtp_fixed_beta0,39,0.01935633603716269,0.0006321121472865343,0.0027160767931491137,0.9781619310379028,0.008082988671958447,0.010406112298369408,3.1773950916249305,,,
amgtp_fixed_beta0,40,0.04366569919511676,0.0012491578236222267,0.004772273823618889,0.9563300609588623,0.01636573113501072,0.021283956244587898,3.361247431486845,,,
amgtp_fixed_beta0,41,0.13244145596399903,0.002693603280931711,0.00892606656998396,0.8901087045669556,0.04613855481147766,0.052132993936538696,3.8937001759186387,,,
amgtp_fixed_beta0,42,0.5203452156856656,0.005239209625869989,0.01522425189614296,0.6299364566802979,0.2498493194580078,0.09975140541791916,5.364851111546159,,,
amgtp_fixed_beta0,43,1.2679201550781727,0.002219005022197962,0.00580621138215065,0.07973437756299973,0.8838089108467102,0.02843116596341133,6.962848344817758,,,
amgtp_fixed_beta0,44,0.20757039746968076,0.0005265480722300708,0.0012471963418647647,0.007062135264277458,0.9875936508178711,0.003569222753867507,7.017151160747744,,,
amgtp_fixed_beta0,45,0.01702007299172692,0.00029062674730084836,0.0006252484163269401,0.0018350224709138274,0.9961039423942566,0.0011444233823567629,7.01231744477991,,,
amgtp_fixed_beta0,46,0.0021245124517008662,0.00030756890191696584,0.0006110483664087951,0.0011212333338335156,0.9971491098403931,0.0008100097184069455,7.013812787423376,,,
amgtp_fixed_beta0,47,0.00233057196601294,0.0005530504859052598,0.0010242171119898558,0.0013391446555033326,0.9959843158721924,0.00109922606498003,7.0255040562478825,,,
amgtp_fixed_beta0,48,0.008724284882191569,0.0013708245242014527,0.002359932055696845,0.002361120656132698,0.9916225671768188,0.002286297269165516,7.065058897482231,,,
amgtp_fixed_beta0,49,0.022223233128897846,0.0034742860589176416,0.005769353359937668,0.004794832319021225,0.980510413646698,0.005450782366096973,7.1684948625043035,,,
amgtp_fixed_beta0,50,0.05952917761169374,0.009054356254637241,0.014632458798587322,0.010716190561652184,0.9507459998130798,0.014851012267172337,7.45317857619375,,,
amgtp_fixed_beta0,51,0.1556151146069169,0.0226062573492527,0.03519761562347412,0.023995399475097656,0.8729386329650879,0.04526249319314957,8.207804590463638,,,
amgtp_fixed_beta0,52,1.133957076817751,0.2921869158744812,0.15019303560256958,0.08233626186847687,0.3059599697589874,0.16932396590709686,22.44067208468914,,,
amgtp_fixed_beta0,53,0.9739939831197262,0.43256139755249023,0.4968150556087494,0.05109243839979172,0.0070524755865335464,0.012477802112698555,26.827832782641053,,,
amgtp_fixed_beta0,54,0.6814967677637469,0.13387395441532135,0.8375636339187622,0.027068940922617912,0.000370382476830855,0.001122646383009851,8.96951744830585,,,
amgtp_fixed_beta0,55,0.5123542918954627,0.35774946212768555,0.5821787118911743,0.05937059596180916,0.00012035719555569813,0.0005804645479656756,22.234227231478144,,,
amgtp_fixed_beta0,56,0.4389706273759657,0.41485586762428284,0.3629414737224579,0.2217491865158081,5.290619083098136e-05,0.00039952239603735507,25.925504747607192,,,
amgtp_fixed_beta0,57,1.2371064025392116,0.05430801212787628,0.10522472113370895,0.8403030037879944,1.3221993867773563e-05,0.00015122941113077104,5.886824225883174,,,
amgtp_fixed_beta0,58,0.28458781605309014,0.003881853073835373,0.01348017156124115,0.9825972318649292,2.4523853880964452e-06,3.911966996383853e-05,3.1947478936633615,,,
amgtp_fixed_beta0,59,0.026667763295563418,0.0006889610085636377,0.0033583177719265223,0.9959311485290527,1.086858901544474e-06,2.138441959687043e-05,3.03279641375957,,,
amgtp_fixed_beta0,60,0.004786692367019896,0.00023513440100941807,0.0014211686793714762,0.9983235597610474,6.98308099345013e-07,1.8467535483068787e-05,3.010763345676537,,,
amgtp_fixed_beta0,61,0.0014907317840311407,0.0001123518159147352,0.0007989175501279533,0.9990678429603577,6.026434107297973e-07,1.9786741177085787e-05,3.0050247882664394,,,
amgtp_fixed_beta0,62,0.00030838822851819714,9.0210342023056e-05,0.0006678037461824715,0.9992096424102783,8.557368005313037e-07,3.286714854766615e-05,3.004175481735672,,,
amgtp_fixed_beta0,63,7.812002451146327e-05,8.080468251137063e-05,0.0006378460093401372,0.9992270469665527,1.2396484407872777e-06,5.383530879043974e-05,3.0039296397218322,,,
amgtp_fixed_beta0,64,0.00031895553490812745,9.36216238187626e-05,0.0007330055232159793,0.9990673065185547,2.269039441671339e-06,0.00010404454951640218,3.005024729477327,,,
amgtp_fixed_beta0,65,0.0006230627147942869,0.00011682833428494632,0.000927451706957072,0.998755693435669,4.301297849451657e-06,0.00019580902880989015,3.0069756675593453,,,
amgtp_fixed_beta0,66,0.001101481925616099,0.0001629821927053854,0.0012438929406926036,0.9982048273086548,8.908529707696289e-06,0.00037922250339761376,3.0110087811845005,,,
amgtp_fixed_beta0,67,0.0022733244331902824,0.0002639267186168581,0.00187195825856179,0.9970683455467224,2.1962972823530436e-05,0.0007740008877590299,3.0199023512541316,,,
amgtp_fixed_beta0,68,0.002859464497305453,0.000376316427718848,0.002587638795375824,0.9956388473510742,4.2727479012683034e-05,0.0013551324373111129,3.0313541129871737,,,
amgtp_fixed_beta0,69,0.004778635492129979,5.495144068845548e-05,0.0015093617839738727,0.9980273246765137,5.829107522004051e-06,0.00040151464054360986,3.004550430975087,,,
amgtp_fixed_beta0,70,0.01513573772581367,0.0005404786788858473,0.0056679267436265945,0.9904602766036987,9.454169776290655e-05,0.0032373995054513216,3.0554628622485325,,,
amgtp_fixed_beta0,71,0.030222846078686416,0.001590902917087078,0.01383951585739851,0.9753491878509521,0.00035807775566354394,0.008863607421517372,3.1619383026263677,,,
amgtp_fixed_beta0,72,0.0722146758926101,0.004464905243366957,0.032139383256435394,0.9392408728599548,0.0012477593263611197,0.022906417027115822,3.4471804701024666,,,
amgtp_fixed_beta0,73,0.1419227336300537,0.009703841991722584,0.06576181203126907,0.8682798147201538,0.0032239395659416914,0.05303054675459862,4.017827007221058,,,
amgtp_fixed_beta0,74,0.2044668833259493,0.018881523981690407,0.10398449748754501,0.766046404838562,0.00737348385155201,0.10371410846710205,5.038627056404948,,,
amgtp_fixed_beta0,75,0.08907663449645042,0.027815137058496475,0.11620914936065674,0.7215081453323364,0.012957613915205002,0.1215100884437561,5.741486344486475,,,
amgtp_fixed_beta0,76,0.08022477850317955,0.034376565366983414,0.10479653626680374,0.7480804324150085,0.019935771822929382,0.09280979633331299,5.850519306957722,,,
amgtp_fixed_beta0,77,0.04925251379609108,0.03945968300104141,0.0873231589794159,0.7569069862365723,0.030653096735477448,0.08565765619277954,6.139403961598873,,,
amgtp_fixed_beta0,78,0.26361730694770813,0.05120011791586876,0.08183176815509796,0.6305890083312988,0.060679975897073746,0.17569828033447266,7.930141624063253,,,
amgtp_fixed_beta0,79,0.6074743904173374,0.05057956278324127,0.06067552790045738,0.34862902760505676,0.1165330782532692,0.4235827922821045,10.887227017432451,,,
amgtp_fixed_beta0,80,0.34989427402615547,0.039046112447977066,0.039033468812704086,0.20685744285583496,0.24869821965694427,0.4663648307323456,11.272367712110281,,,
amgtp_fixed_beta0,81,0.5720741022378206,0.02552802488207817,0.02440820075571537,0.12055189162492752,0.5347350835800171,0.2947764992713928,9.787761943414807,,,
amgtp_fixed_beta0,82,0.3933323100209236,0.013626370579004288,0.013244500383734703,0.056390952318906784,0.731401801109314,0.18533720076084137,8.71453301049769,,,
amgtp_fixed_beta0,83,0.07376004289835691,0.008104976266622543,0.008043517358601093,0.030233124271035194,0.7535890936851501,0.20002974569797516,8.660581561736763,,,
amgtp_fixed_beta0,84,0.36279149493202567,0.005373242776840925,0.005596848204731941,0.01882084086537361,0.5887836813926697,0.381425142288208,9.845891699194908,,,
amgtp_fixed_beta0,85,0.7450076655950397,0.0030234758742153645,0.0032958195079118013,0.009869169443845749,0.22988229990005493,0.7539289593696594,12.378493410767987,,,
amgtp_fixed_beta0,86,0.3161395265487954,0.0016387096839025617,0.0019098471384495497,0.005112944170832634,0.07933958619832993,0.9119988083839417,13.438931681448594,,,
amgtp_fixed_beta0,87,0.0639732638373971,0.0013547647977247834,0.00168737699277699,0.004170447587966919,0.048802006989717484,0.9439855813980103,13.65289679612033,,,
amgtp_fixed_beta0,88,0.0517413035267964,0.0021749120205640793,0.0028646644204854965,0.0068727475591003895,0.06997337192296982,0.9181153774261475,13.497406515758485,,,
amgtp_fixed_beta0,89,0.8262620675377548,0.009800972416996956,0.013916952535510063,0.03565525636076927,0.43564334511756897,0.5049841403961182,10.828222448006272,,,
amgtp_fixed_beta0,90,0.976873155683279,0.016390863806009293,0.030103864148259163,0.12442348152399063,0.812534749507904,0.016547417268157005,7.306233225390315,,,
amgtp_fixed_beta0,91,1.422338365460746,0.02023889124393463,0.05417872965335846,0.8076700568199158,0.11693025380373001,0.0009830157505348325,4.523796371882781,,,
amgtp_fixed_beta0,92,0.3067659057560377,0.006633549463003874,0.02620094269514084,0.9610527157783508,0.006055737379938364,5.7414115872234106e-05,3.3505660170922056,,,
amgtp_fixed_beta0,93,0.03818393668370845,0.003001047996804118,0.016019746661186218,0.9801448583602905,0.0008257412118837237,9.313682312495075e-06,3.142427781585866,,,
amgtp_fixed_beta0,94,0.00812615010272566,0.002135737333446741,0.013388817198574543,0.9842073321342468,0.00026362750213593245,3.991189259977546e-06,3.0960563227727107,,,
amgtp_fixed_beta0,95,0.002469480338277208,0.001787296263501048,0.012640156783163548,0.9854426980018616,0.00012781232362613082,2.7933824640058447e-06,3.07713982021869,,,
amgtp_fixed_beta0,96,0.004359895871857589,0.0019947069231420755,0.0146116241812706,0.9832836389541626,0.00010686568566597998,3.8055109143897425e-06,3.0849462933847462,,,
amgtp_fixed_beta0,97,0.007932332286145538,0.002474181354045868,0.018089095130562782,0.9793182015419006,0.0001138038860517554,6.816804216214223e-06,3.105386643460406,,,
amgtp_fixed_beta0,98,0.010946282141503616,0.0031123447697609663,0.02290429174900055,0.9738448262214661,0.00012798722309526056,1.2180254088889342e-05,3.132245890717968,,,
amgtp_fixed_beta0,99,0.01959317539603944,0.004435003735125065,0.03129725530743599,0.9640477895736694,0.0001897832116810605,3.090048994636163e-05,3.1913019374769647,,,
amgtp_fixed_beta0,100,0.030689301405800506,0.006695987191051245,0.04422890394926071,0.9487026929855347,0.00029431088478304446,7.794553675921634e-05,3.2952476280770497,,,
amgtp_fixed_beta0,101,0.0476255815665354,0.010597760789096355,0.06380262225866318,0.9248895049095154,0.0004988284781575203,0.00021032952645327896,3.480773197050439,,,
amgtp_fixed_beta0,102,0.0842098390130559,0.01812886819243431,0.09752529859542847,0.8827851414680481,0.0009448088239878416,0.000616041012108326,3.848851050483063,,,
amgtp_fixed_beta0,103,0.1510518805589527,0.03421146795153618,0.1547824889421463,0.807259202003479,0.0019116472685709596,0.0018353535560891032,4.668324652709998,,,
amgtp_fixed_beta0,104,0.2403703739400953,0.07831835001707077,0.22652773559093475,0.687074601650238,0.0034097416792064905,0.004670904017984867,7.076113389572129,,,
amgtp_fixed_beta0,105,0.552349078701809,0.33547842502593994,0.23428314924240112,0.41089922189712524,0.006548075471073389,0.012790780514478683,21.82059377199039,,,
amgtp_fixed_beta0,106,0.7011770238168538,0.6791747808456421,0.10921724140644073,0.18537703156471252,0.0072783781215548515,0.018953047692775726,41.73212650138885,,,
amgtp_fixed_beta0,107,0.3446262562647462,0.5143752098083496,0.1017034724354744,0.34014806151390076,0.010447047650814056,0.03332626447081566,32.52435728162527,,,
amgtp_fixed_beta0,108,0.9487489676102996,0.09073767066001892,0.06480953842401505,0.8145226836204529,0.007979911752045155,0.021950528025627136,8.315804603509605,,,
amgtp_fixed_beta0,109,0.21964123751968145,0.021341294050216675,0.0378401055932045,0.9243426322937012,0.005520584061741829,0.010954376310110092,4.283351002261043,,,
amgtp_fixed_beta0,110,0.04518481716513634,0.00958834309130907,0.030406609177589417,0.9469354748725891,0.00514910276979208,0.00792033039033413,3.5934419641271234,,,
amgtp_fixed_beta0,111,0.007952963002026081,0.006322415545582771,0.03001006506383419,0.9502617120742798,0.0057988353073596954,0.007605808787047863,3.4072133041918278,,,
amgtp_fixed_beta0,112,0.019371848553419113,0.0058218128979206085,0.0352616161108017,0.9410767555236816,0.008099359460175037,0.00974002294242382,3.400856493972242,,,
amgtp_fixed_beta0,113,0.05420944606885314,0.007075043860822916,0.04837632179260254,0.9139716625213623,0.013946626335382462,0.01662917248904705,3.5452287402004004,,,
amgtp_fixed_beta0,114,0.12245855061337352,0.010110840201377869,0.07135824859142303,0.8527424931526184,0.028490614145994186,0.0372968427836895,3.9578262381255627,,,
amgtp_fixed_beta0,115,0.3749007526785135,0.016480768099427223,0.10434775054454803,0.6652922630310059,0.07575341314077377,0.13812513649463654,5.553096428513527,,,
amgtp_fixed_beta0,116,0.9298807960003614,0.017795264720916748,0.08406014740467072,0.22064031660556793,0.16662518680095673,0.5108801126480103,10.13239486515522,,,
amgtp_fixed_beta0,117,0.4375514416024089,0.010938943363726139,0.03779982402920723,0.054980985820293427,0.26376873254776,0.6325120329856873,11.560628972947598,,,
amgtp_fixed_beta0,118,0.4547344953753054,0.007204978261142969,0.01866626925766468,0.01919971965253353,0.4911358654499054,0.46379345655441284,10.439623573794961,,,
amgtp_fixed_beta0,119,0.2863829401321709,0.004859262146055698,0.009916096925735474,0.008178354240953922,0.6343270540237427,0.3427189588546753,9.564361690543592,,,
amgtp_fixed_beta_hi,4,,0.20000606775283813,0.20000606775283813,0.20000606775283813,0.20000606775283813,0.20000606775283813,17.00051575899124,,,
amgtp_fixed_beta_hi,5,0.29318203032016754,0.15113720297813416,0.33435648679733276,0.2122310847043991,0.15113720297813416,0.15113720297813416,13.213163182139397,,,
amgtp_fixed_beta_hi,6,0.2009279578924179,0.1393309235572815,0.2693117558956146,0.3126954734325409,0.1393309235572815,0.1393309235572815,12.493202984333038,,,
amgtp_fixed_beta_hi,7,0.2837342768907547,0.12286455929279327,0.17684391140937805,0.45456281304359436,0.12286455929279327,0.12286455929279327,11.492561653256416,,,
amgtp_fixed_beta_hi,8,0.13161435723304749,0.11022773385047913,0.14894698560237885,0.5203697681427002,0.11022773385047913,0.11022773385047913,10.638502731919289,,,
amgtp_fixed_beta_hi,9,0.06962145119905472,0.10349900275468826,0.13411764800548553,0.5551807880401611,0.10370410233736038,0.10349900275468826,10.184514932334423,,,
amgtp_fixed_beta_hi,10,0.023353181779384613,0.1049078032374382,0.12244056910276413,0.560965895652771,0.10677749663591385,0.1049078032374382,10.315958172082901,,,
amgtp_fixed_beta_hi,11,0.161814846098423,0.12625069916248322,0.11242442578077316,0.49007466435432434,0.1449991762638092,0.12625069916248322,11.940194390714169,,,
amgtp_fixed_beta_hi,12,0.3114508390426636,0.14467652142047882,0.1026739701628685,0.3440999686717987,0.26387321949005127,0.14467652142047882,13.688148997724056,,,
amgtp_fixed_beta_hi,13,0.2478477954864502,0.11846349388360977,0.0932886078953743,0.2819875180721283,0.38779714703559875,0.11846349388360977,12.420129738748074,,,
amgtp_fixed_beta_hi,14,0.12459144741296768,0.1052895113825798,0.08593624830245972,0.25339165329933167,0.4500924050807953,0.1052895113825798,11.788181886076927,,,
amgtp_fixed_beta_hi,15,0.06273778527975082,0.10240698605775833,0.08176369220018387,0.23196086287498474,0.4814617931842804,0.10240698605775833,11.725995801389217,,,
amgtp_fixed_beta_hi,16,0.057471372187137604,0.11298684030771255,0.0852581337094307,0.21524709463119507,0.4694397449493408,0.11706824600696564,12.435243494808674,,,
amgtp_fixed_beta_hi,17,0.18606159836053848,0.13860715925693512,0.09574183076620102,0.20186865329742432,0.3897869884967804,0.17399463057518005,14.182211093604565,,,
amgtp_fixed_beta_hi,18,0.27242308109998703,0.18549814820289612,0.08896142244338989,0.18462683260440826,0.2775980532169342,0.2633155584335327,17.40233500301838,,,
amgtp_fixed_beta_hi,19,0.34246406704187393,0.35673025250434875,0.07610353082418442,0.1665993481874466,0.22999975085258484,0.17056727409362793,25.977656818926334,,,
amgtp_fixed_beta_hi,20,0.22928133606910706,0.47137120366096497,0.06360089778900146,0.1490146964788437,0.20423856377601624,0.11177536100149155,31.787442207336426,,,
amgtp_fixed_beta_hi,21,0.09863030537962914,0.5206863284111023,0.058585409075021744,0.1359306275844574,0.1857355684041977,0.0990627333521843,34.394584242254496,,,
amgtp_fixed_beta_hi,22,0.060403596609830856,0.5445643067359924,0.06490879505872726,0.12838155031204224,0.17093369364738464,0.09121145308017731,35.597408048808575,,,
amgtp_fixed_beta_hi,23,0.34475773572921753,0.3793964982032776,0.21256083250045776,0.153108611702919,0.16731029748916626,0.08762402087450027,25.833584934473038,,,
amgtp_fixed_beta_hi,24,0.31463150680065155,0.24717026948928833,0.34258607029914856,0.18039870262145996,0.15202893316745758,0.07781543582677841,17.86761698126793,,,
amgtp_fixed_beta_hi,25,0.3385852053761482,0.2209768444299698,0.21924160420894623,0.3496916890144348,0.1395985633134842,0.0704914778470993,16.490997970104218,,,
amgtp_fixed_beta_hi,26,0.2712141051888466,0.20066200196743011,0.12679196894168854,0.4852994382381439,0.1238238662481308,0.06342429667711258,15.377117618918419,,,
amgtp_fixed_beta_hi,27,0.10818087682127953,0.18256551027297974,0.10879871994256973,0.5393892526626587,0.11166612803936005,0.05758071318268776,14.268689975142479,,,
amgtp_fixed_beta_hi,28,0.08409412205219269,0.1661357283592224,0.0983208641409874,0.5814377665519714,0.10158894956111908,0.05251992121338844,13.257179409265518,,,
amgtp_fixed_beta_hi,29,0.07412134855985641,0.15118587017059326,0.08946952223777771,0.618497908115387,0.092731773853302,0.04811709001660347,12.338877134025097,,,
amgtp_fixed_beta_hi,30,0.06589680537581444,0.13758781552314758,0.08163470774888992,0.6514443755149841,0.0849057137966156,0.04442568123340607,11.507536299526691,,,
amgtp_fixed_beta_hi,31,0.05627109110355377,0.1252443492412567,0.0748685821890831,0.6795817613601685,0.07839494943618774,0.04191233217716217,10.763812117278576,,,
amgtp_fixed_beta_hi,32,0.04282494634389877,0.11409540474414825,0.06943264603614807,0.7009934782981873,0.07379579544067383,0.0416831374168396,10.118271857500076,,,
amgtp_fixed_beta_hi,33,0.025608662515878677,0.10429120808839798,0.06643190234899521,0.705609142780304,0.07412296533584595,0.04954402521252632,9.653208926320076,,,
amgtp_fixed_beta_hi,34,0.16541245207190514,0.09657934308052063,0.06781616806983948,0.6306149959564209,0.09310910105705261,0.11188006401062012,9.97250634431839,,,
amgtp_fixed_beta_hi,35,0.4872792549431324,0.08707943558692932,0.05716953054070473,0.4139416515827179,0.0862896516919136,0.35551998019218445,12.105067905038595,,,
amgtp_fixed_beta_hi,36,0.11172556132078171,0.08042258024215698,0.05471803620457649,0.36718660593032837,0.10311158001422882,0.39456021785736084,12.227256778627634,,,
amgtp_fixed_beta_hi,37,0.34649890661239624,0.07704980671405792,0.06051074340939522,0.33378827571868896,0.27056893706321716,0.25808247923851013,11.1920012421906,,,
amgtp_fixed_beta_hi,38,0.3018137440085411,0.0710064098238945,0.05979347601532936,0.3027549088001251,0.421475350856781,0.144969180226326,10.208338771015406,,,
amgtp_fixed_beta_hi,39,0.09138945862650871,0.0698801651597023,0.08261333405971527,0.2758331596851349,0.4443505108356476,0.1273227334022522,9.995894566178322,,,
amgtp_fixed_beta_hi,40,0.1810772866010666,0.07510542124509811,0.16792704164981842,0.25202810764312744,0.38944441080093384,0.11549556255340576,9.773385390639305,,,
amgtp_fixed_beta_hi,41,0.15513122826814651,0.06595486402511597,0.13297529518604279,0.2294853776693344,0.4670100212097168,0.10457497835159302,9.511843115091324,,,
amgtp_fixed_beta_hi,42,0.18610669672489166,0.05494359880685806,0.08158208429813385,0.20850569009780884,0.5600631833076477,0.09490560740232468,9.252835869789124,,,
amgtp_fixed_beta_hi,43,0.09584174677729607,0.04881828650832176,0.06719571352005005,0.1896754503250122,0.6079839468002319,0.08632654696702957,9.02977854013443,,,
amgtp_fixed_beta_hi,44,0.0702253058552742,0.04464033991098404,0.0606439970433712,0.17292876541614532,0.6430967450141907,0.07869038730859756,8.86119332537055,,,
amgtp_fixed_beta_hi,45,0.05521088466048241,0.04186812415719032,0.05668641999363899,0.15854527056217194,0.6707023978233337,0.07219844311475754,8.750104669481516,,,
amgtp_fixed_beta_hi,46,0.031689345836639404,0.04148939624428749,0.05553540214896202,0.14817316830158234,0.6865468621253967,0.06825540959835052,8.750822450965643,,,
amgtp_fixed_beta_hi,47,0.020515460520982742,0.04516928642988205,0.058401744812726974,0.1458757370710373,0.6785868406295776,0.07196718454360962,8.96383460983634,,,
amgtp_fixed_beta_hi,48,0.0735163651406765,0.050333186984062195,0.06321144849061966,0.15262724459171295,0.6418280601501465,0.09199965745210648,9.321876026690006,,,
amgtp_fixed_beta_hi,49,0.11387601494789124,0.05057106912136078,0.06433197855949402,0.15732744336128235,0.584890604019165,0.14287960529327393,9.665127158164978,,,
amgtp_fixed_beta_hi,50,0.22477705031633377,0.04419222101569176,0.05791039392352104,0.14539173245429993,0.4972381889820099,0.2552680969238281,10.20003953203559,,,
amgtp_fixed_beta_hi,51,0.253127321600914,0.036814749240875244,0.04872565716505051,0.12387943267822266,0.4087487459182739,0.38183146715164185,10.836130671203136,,,
amgtp_fixed_beta_hi,52,0.151217982172966,0.033802613615989685,0.04283730685710907,0.10971850901842117,0.35620102286338806,0.4574403166770935,11.29772124439478,,,
amgtp_fixed_beta_hi,53,0.20152266323566437,0.07193673402070999,0.0696013867855072,0.14558197557926178,0.35179603099823,0.36108431220054626,12.34030394256115,,,
amgtp_fixed_beta_hi,54,0.4452245533466339,0.08873430639505386,0.20183150470256805,0.21916614472866058,0.30264773964881897,0.1876199096441269,10.928601235151291,,,
amgtp_fixed_beta_hi,55,0.19460389390587807,0.04692857339978218,0.20889058709144592,0.3094092607498169,0.26826056838035583,0.16651111841201782,8.161812409758568,,,
amgtp_fixed_beta_hi,56,0.29232923313975334,0.03703167289495468,0.11259284615516663,0.4555736780166626,0.24339784681797028,0.15140366554260254,7.524650499224663,,,
amgtp_fixed_beta_hi,57,0.1363181546330452,0.03300689160823822,0.08408570289611816,0.5237314105033875,0.2214055210351944,0.137767493724823,7.1142769902944565,,,
amgtp_fixed_beta_hi,58,0.09129875339567661,0.029955601319670677,0.07381360232830048,0.5693811774253845,0.20147955417633057,0.12536786496639252,6.744800202548504,,,
amgtp_fixed_beta_hi,59,0.07786189764738083,0.027277415618300438,0.06693579256534576,0.6083123683929443,0.18338654935359955,0.11408615857362747,6.4094299003481865,,,
amgtp_fixed_beta_hi,60,0.06912234239280224,0.024893619120121002,0.06140119582414627,0.6428744792938232,0.16700950264930725,0.10382136702537537,6.106207437813282,,,
amgtp_fixed_beta_hi,61,0.06124790944159031,0.02281014434993267,0.05685079097747803,0.6734989881515503,0.1523585170507431,0.09448283165693283,5.8352256789803505,,,
amgtp_fixed_beta_hi,62,0.050761377438902855,0.02121896669268608,0.053898829966783524,0.6988788843154907,0.14000411331653595,0.08599889278411865,5.607686776667833,,,
amgtp_fixed_beta_hi,63,0.0350444745272398,0.020511670038104057,0.05311679467558861,0.7164012789726257,0.13162386417388916,0.07834639400243759,5.45123739913106,,,
amgtp_fixed_beta_hi,64,0.015974486246705055,0.022104881703853607,0.056875575333833694,0.7150486707687378,0.13425979018211365,0.0717124342918396,5.472107101231813,,,
amgtp_fixed_beta_hi,65,0.14370124600827694,0.028782183304429054,0.06695309281349182,0.647936224937439,0.18935492634773254,0.06697358936071396,6.000807501375675,,,
amgtp_fixed_beta_hi,66,0.41794207878410816,0.0273350290954113,0.05717157572507858,0.4547670781612396,0.3983265459537506,0.062400948256254196,6.7234736531972885,,,
amgtp_fixed_beta_hi,67,0.19593832455575466,0.02028927393257618,0.04415065050125122,0.3831297755241394,0.49629560112953186,0.05613566190004349,6.670864887535572,,,
amgtp_fixed_beta_hi,68,0.09829257987439632,0.01782223954796791,0.039117906242609024,0.3463485836982727,0.5454408526420593,0.051269304007291794,6.683354254812002,,,
amgtp_fixed_beta_hi,69,0.07721921429038048,0.0176486037671566,0.036024075001478195,0.3149586319923401,0.5840511322021484,0.04731778800487518,6.790623154491186,,,
amgtp_fixed_beta_hi,70,0.19281994178891182,0.08112127333879471,0.05007481202483177,0.29015976190567017,0.512440025806427,0.06620434671640396,10.30177153274417,,,
amgtp_fixed_beta_hi,71,0.5215809121727943,0.3334954082965851,0.058491114526987076,0.26387330889701843,0.286057710647583,0.058082640171051025,23.675396475940943,,,
amgtp_fixed_beta_hi,72,0.13603201508522034,0.4015113115310669,0.058378223329782486,0.2392575442790985,0.2562084496021271,0.044644445180892944,27.285310927778482,,,
amgtp_fixed_beta_hi,73,0.0979020893573761,0.41499170660972595,0.09384996443986893,0.21810244023799896,0.23303265869617462,0.040025386959314346,27.839243710041046,,,
amgtp_fixed_beta_hi,74,0.33682718500494957,0.28901171684265137,0.26226186752319336,0.1995837241411209,0.21205434203147888,0.037087127566337585,20.205316230654716,,,
amgtp_fixed_beta_hi,75,0.27963241562247276,0.18971487879753113,0.4020787477493286,0.1819184571504593,0.1929694265127182,0.03331861272454262,14.147973410785198,,,
amgtp_fixed_beta_hi,76,0.12893995456397533,0.16123348474502563,0.46654874086380005,0.16618865728378296,0.17561213672161102,0.03041713498532772,12.294248644262552,,,
amgtp_fixed_beta_hi,77,0.09482678584754467,0.14529161155223846,0.5139622688293457,0.15265829861164093,0.15983830392360687,0.028249941766262054,11.203801169991493,,,
amgtp_fixed_beta_hi,78,0.07372969575226307,0.1338161826133728,0.5508268475532532,0.14255347847938538,0.14557544887065887,0.02722792886197567,10.407677385956049,,,
amgtp_fixed_beta_hi,79,0.037663575261831284,0.12751799821853638,0.5673359632492065,0.14246203005313873,0.13313345611095428,0.029550762847065926,9.991446819156408,,,
amgtp_fixed_beta_hi,80,0.21041626296937466,0.13639186322689056,0.4694664180278778,0.21956919133663177,0.12579485774040222,0.048777855932712555,10.875139772891998,,,
amgtp_fixed_beta_hi,81,0.3833373039960861,0.1263846457004547,0.29336410760879517,0.39594361186027527,0.12023559212684631,0.06407194584608078,10.802930071949959,,,
amgtp_fixed_beta_hi,82,0.11776073276996613,0.11013124883174896,0.25656750798225403,0.43996065855026245,0.11440511047840118,0.0789351537823677,10.090252339839935,,,
amgtp_fixed_beta_hi,83,0.16847077757120132,0.10086465626955032,0.2326677441596985,0.3888917565345764,0.11696664243936539,0.1606091409921646,10.51851686090231,,,
amgtp_fixed_beta_hi,84,0.37035172432661057,0.08938802033662796,0.21152134239673615,0.24120426177978516,0.11210151016712189,0.3457852005958557,11.924118727445602,,,
amgtp_fixed_beta_hi,85,0.17928390204906464,0.07936684042215347,0.19242486357688904,0.19503772258758545,0.09774337708950043,0.4354267716407776,12.319726899266243,,,
amgtp_fixed_beta_hi,86,0.10931860655546188,0.07187339663505554,0.1751016080379486,0.1748301237821579,0.08810855448246002,0.49008625745773315,12.48996326327324,,,
amgtp_fixed_beta_hi,87,0.08976732194423676,0.06555384397506714,0.1593531221151352,0.15872038900852203,0.08140279352664948,0.5349700450897217,12.62814511358738,,,
amgtp_fixed_beta_hi,88,0.07648409530520439,0.060178134590387344,0.1450394093990326,0.14449362456798553,0.07707710564136505,0.5732122659683228,12.753719821572304,,,
amgtp_fixed_beta_hi,89,0.06023448705673218,0.056066516786813736,0.13206937909126282,0.1318279504776001,0.07670733332633972,0.6033296585083008,12.875110790133476,,,
amgtp_fixed_beta_hi,90,0.045975685119628906,0.05539076402783394,0.12052151560783386,0.12106328457593918,0.09116894751787186,0.6118554472923279,13.011316105723381,,,
amgtp_fixed_beta_hi,91,0.2928229235112667,0.0683559849858284,0.11152035742998123,0.11442039906978607,0.22461526095867157,0.4810881018638611,12.8636809065938,,,
amgtp_fixed_beta_hi,92,0.39263299107551575,0.05544288456439972,0.10158970206975937,0.10336408764123917,0.42093151807785034,0.31867143511772156,11.146175757050514,,,
amgtp_fixed_beta_hi,93,0.12715088948607445,0.045529987663030624,0.09204667806625366,0.09303637593984604,0.48450741171836853,0.2848800718784332,10.482827953994274,,,
amgtp_fixed_beta_hi,94,0.09402496367692947,0.04077380523085594,0.0839318186044693,0.08478248119354248,0.5315192937850952,0.25899192690849304,10.131229609251022,,,
amgtp_fixed_beta_hi,95,0.08181089907884598,0.037249449640512466,0.07689057290554047,0.07777562737464905,0.572425127029419,0.23565931618213654,9.85139074921608,,,
amgtp_fixed_beta_hi,96,0.06927642598748207,0.034689515829086304,0.0713319256901741,0.07244313508272171,0.6070626378059387,0.2144714742898941,9.622071385383606,,,
amgtp_fixed_beta_hi,97,0.05354940518736839,0.033193301409482956,0.06806917488574982,0.06966108828783035,0.6338380575180054,0.19523850083351135,9.438855938613415,,,
amgtp_fixed_beta_hi,98,0.0352010503411293,0.032998282462358475,0.06823607534170151,0.0708303451538086,0.6501022577285767,0.17783282697200775,9.300999440252781,,,
amgtp_fixed_beta_hi,99,0.031170975416898727,0.0337664857506752,0.07106132805347443,0.07581491768360138,0.6571100950241089,0.16224771738052368,9.195733934640884,,,
amgtp_fixed_beta_hi,100,0.027475085109472275,0.03426599130034447,0.07251935452222824,0.0813814252614975,0.6633232831954956,0.14850986003875732,9.09502413123846,,,
amgtp_fixed_beta_hi,101,0.03139164298772812,0.03333233669400215,0.06959301978349686,0.08348029851913452,0.6769203543663025,0.13667415082454681,8.971854709088802,,,
amgtp_fixed_beta_hi,102,0.03698185086250305,0.03142793849110603,0.06456172466278076,0.08173470944166183,0.6954110264778137,0.1268642544746399,8.839418910443783,,,
amgtp_fixed_beta_hi,103,0.028313929215073586,0.030123816803097725,0.06057211756706238,0.07998258620500565,0.709568440914154,0.11975359171628952,8.751478254795074,,,
amgtp_fixed_beta_hi,104,0.006851308047771454,0.031026465818285942,0.05954233929514885,0.08250562846660614,0.7094546556472778,0.11747153848409653,8.77943130210042,,,
amgtp_fixed_beta_hi,105,0.14651420898735523,0.04689105227589607,0.07181534171104431,0.10894416272640228,0.6361969113349915,0.13615188002586365,9.571615666151047,,,
amgtp_fixed_beta_hi,106,0.3734990172088146,0.16267144680023193,0.09969654679298401,0.14242281019687653,0.44944775104522705,0.14576148986816406,15.474046900868416,,,
amgtp_fixed_beta_hi,107,0.3229221701622009,0.3241327702999115,0.0840892344713211,0.1022736206650734,0.3870186507701874,0.10248624533414841,23.98281430453062,,,
amgtp_fixed_beta_hi,108,0.09680088609457016,0.34735655784606934,0.10268750786781311,0.10885144025087357,0.3513813018798828,0.08972258865833282,24.986420653760433,,,
amgtp_fixed_beta_hi,109,0.4263930171728134,0.174286887049675,0.21785907447338104,0.20687709748744965,0.3197016417980194,0.08127612620592117,14.671480849385262,,,
amgtp_fixed_beta_hi,110,0.33675389736890793,0.11904282867908478,0.14172153174877167,0.37525251507759094,0.2908705174922943,0.07311037182807922,11.4696876257658,,,
amgtp_fixed_beta_hi,111,0.19619489461183548,0.10618327558040619,0.08950618654489517,0.473349928855896,0.2646747827529907,0.06628352403640747,10.661245323717594,,,
amgtp_fixed_beta_hi,112,0.10538099333643913,0.09650067985057831,0.07631534337997437,0.5260398983955383,0.2408526986837387,0.060288023203611374,9.974477045238018,,,
amgtp_fixed_beta_hi,113,0.08663466200232506,0.08780552446842194,0.06877000629901886,0.5693581700325012,0.2191871702671051,0.05487765371799469,9.3477733284235,,,
amgtp_fixed_beta_hi,114,0.07695446908473969,0.07991182059049606,0.06276761740446091,0.6078361868858337,0.1994929015636444,0.04999156296253204,8.777317605912685,,,
amgtp_fixed_beta_hi,115,0.06855348125100136,0.07274820655584335,0.057833537459373474,0.6421128511428833,0.18166089057922363,0.045644450932741165,8.259713031351566,,,
amgtp_fixed_beta_hi,116,0.058916617184877396,0.06629525870084763,0.054256513714790344,0.6715711951255798,0.16584494709968567,0.042032092809677124,7.796049550175667,,,
amgtp_fixed_beta_hi,117,0.044074155390262604,0.06063763052225113,0.05279862508177757,0.6936082243919373,0.15312045812606812,0.039834972470998764,7.401413951069117,,,
amgtp_fixed_beta_hi,118,0.017519447952508926,0.05633288249373436,0.05566437914967537,0.6975707411766052,0.14866569638252258,0.04176663979887962,7.153742384165525,,,
amgtp_fixed_beta_hi,119,0.12901964038610458,0.05584511160850525,0.0684819296002388,0.6335486173629761,0.1819915771484375,0.0601329542696476,7.435636878013611,,,
