method,day,gate_move_l1,pi_expanding,pi_rolling_1,pi_rolling_3,pi_rolling_7,pi_rolling_14,h_eff,pi_m2,pi_m5b,pi_m5b_hs
adamoe,4,,0.2,0.2,0.2,0.2,0.2,17.0,,,
adamoe,5,0.009240577979091419,0.20138230092042292,0.1953797110104539,0.2004733862282766,0.20138230092042292,0.20138230092042292,17.10876624424954,,,
adamoe,6,0.005630194538428529,0.20232066667682774,0.19419616672011264,0.1988418332494038,0.20232066667682774,0.20232066667682774,17.17869566729137,,,
adamoe,7,0.0013615732871017083,0.2020937377956441,0.1942363188967571,0.19948246771631012,0.2020937377956441,0.2020937377956441,17.16227648349286,,,
adamoe,8,0.010943730473051277,0.2002697827168023,0.19755822843535112,0.20163242341424195,0.2002697827168023,0.2002697827168023,17.024307898739064,,,
adamoe,9,0.010480189868042111,0.19837489632511918,0.19947234572449482,0.2049584010591193,0.19881946056614747,0.19837489632511918,16.885826100923705,,,
adamoe,10,0.004172299572496901,0.19736763788464987,0.1996155940078332,0.206901302562029,0.19874782766083726,0.19736763788464987,16.81675949878387,,,
adamoe,11,0.007797084986569391,0.19846170205284525,0.19678165527314037,0.20583669880343736,0.20045824181773142,0.19846170205284525,16.90366539631812,,,
adamoe,12,0.008698230003765406,0.2002712371650981,0.1938086094132623,0.2044606296614327,0.2011882865951084,0.2002712371650981,17.035580054780578,,,
adamoe,13,0.018267606548066057,0.20441846358479038,0.18871648288562087,0.20041895291504125,0.202027637029757,0.20441846358479038,17.33113310611353,,,
adamoe,14,0.014606385296513646,0.2080700599089187,0.18686059751575582,0.19688276100298763,0.20011652166341867,0.2080700599089187,17.575508965428632,,,
adamoe,15,0.005382327040219181,0.20839734856043257,0.18848177838538646,0.19729816635043892,0.1974253581433092,0.20839734856043257,17.58375757791188,,,
adamoe,16,0.010307436359708072,0.2077480336388484,0.19199501287232734,0.1989386500433522,0.1944635697533437,0.20685473369212834,17.51090424129649,,,
adamoe,17,0.010261332256844113,0.2057533545241208,0.1935939854636946,0.20221834197840477,0.19471557135534617,0.20371874667843412,17.360521735831657,,,
adamoe,18,0.004674537456410138,0.20482874081965327,0.1935392259802149,0.20297488767343522,0.1962962943885208,0.2023608511381763,17.299314314833833,,,
adamoe,19,0.008361722873664296,0.20538774051177866,0.19142516968971623,0.2009080825271017,0.19883551562257074,0.20344349164883313,17.3574713404194,,,
adamoe,20,0.0104318465726507,0.20695378684538052,0.1894621674302487,0.19765516150024373,0.19940471818787375,0.20652416603625345,17.486826214476476,,,
adamoe,21,0.005828406200769243,0.20805255107519177,0.1889711361820613,0.19591915042654962,0.19871755740937086,0.20833960490682701,17.567659022534393,,,
adamoe,22,0.005039900129406638,0.20780648805922197,0.190249513163736,0.19591170609847228,0.19645111468871448,0.20958117798985543,17.555668209691447,,,
adamoe,23,0.012126516700545042,0.20571203163187068,0.19309626033177693,0.19912821728070385,0.19479959616188874,0.2072638945937599,17.39849450753199,,,
adamoe,24,0.010008307331404481,0.2036026765582354,0.19551505144605996,0.20163864054357683,0.19487453545043504,0.204369096001693,17.241880658747665,,,
adamoe,25,0.0071739868979378285,0.20339270396928957,0.19324778213062954,0.20306266943028667,0.19703750001269427,0.2032593444571005,17.230891351067132,,,
adamoe,26,0.009363546115068483,0.20478693220044109,0.1904364075242563,0.2011922709791254,0.19974150652104466,0.20384288277513257,17.333220056987265,,,
adamoe,27,0.017042032975411264,0.20853682253103856,0.1854198168397102,0.19768784517596572,0.20107170142704406,0.2072838140262412,17.600168010586607,,,
adamoe,28,0.009588405820267598,0.2110861802906118,0.18566781238506286,0.1951177488345726,0.19884759485830356,0.2092806636314493,17.758054331173906,,,
adamoe,29,0.0037812207393314035,0.21090867058921808,0.18705746975718288,0.19561870183211813,0.19748580471825727,0.20892935310322341,17.73584538707955,,,
adamoe,30,0.013418340516073685,0.208747810769855,0.19133739034536995,0.1980479515019679,0.19509744639906812,0.20676940098373883,17.570803629608392,,,
adamoe,31,0.011669289633604085,0.2064205761069483,0.19314740997414928,0.20199332692555808,0.1951766961635006,0.20326199082984342,17.396266701930035,,,
adamoe,32,0.006064437496541869,0.20523510206700518,0.19340700582536546,0.20243418515768746,0.19750846082842632,0.20141524612151596,17.317188356818946,,,
adamoe,33,0.011065695086205557,0.20663680630644038,0.18895170162229546,0.20135664181765447,0.2002896985696615,0.20276515168394815,17.431970019024586,,,
adamoe,34,0.011374623538388445,0.20925211213894812,0.18564203178879324,0.1989789998819625,0.20044203384501813,0.20568482234527802,17.620387509520587,,,
adamoe,35,0.008585356888563045,0.21034298922283012,0.18701908885498447,0.1965848894457407,0.19854346583695837,0.20750956663948628,17.69229130437353,,,
adamoe,36,0.007311049005465559,0.20987833214490445,0.19000845247049247,0.1956713193707813,0.19626616848711048,0.20817572752671087,17.65804570406083,,,
adamoe,37,0.011180277083638529,0.2073619732158781,0.19264477222627238,0.19862513815682087,0.19519797487967389,0.20617014152135477,17.483006385106105,,,
adamoe,38,0.015259465674010209,0.2046884302780823,0.19640713361856071,0.20249250960153783,0.19369705443531074,0.2027148720665088,17.27907806908641,,,
adamoe,39,0.0059191094453604765,0.20441811996533032,0.1943551371080539,0.202601542603859,0.19654757615566962,0.20207762416708713,17.272166734268357,,,
adamoe,40,0.009289332320461363,0.20563865590304894,0.1912791279028263,0.20103288564885588,0.19877573160757722,0.20327359893769156,17.369957645413056,,,
adamoe,41,0.012402409576024398,0.20888934017043712,0.18800569568781178,0.19810511307585812,0.1991178949510246,0.20588195611486812,17.591854095406937,,,
adamoe,42,0.011348434627873188,0.21200425598163025,0.1861901184934815,0.19507952738057166,0.1982848405267048,0.20844125761761162,17.797855549866508,,,
adamoe,43,0.0075993371822294375,0.21093346480205888,0.18906219637921573,0.19600711808595214,0.19604963343649925,0.20794758729627383,17.716705094963935,,,
adamoe,44,0.010116423849504813,0.20928635256756156,0.19267885988619213,0.19744866650372833,0.1943093084065659,0.20627681263595227,17.590246549200366,,,
adamoe,45,0.010504920978911064,0.2069552799633753,0.1945185122690573,0.20086147461031853,0.19413458017839863,0.20353015297885013,17.42278393685522,,,
adamoe,46,0.009270929742865697,0.20558160042133927,0.19312417445428826,0.202640852816452,0.19699066684369815,0.2016627054642225,17.338155302589,,,
adamoe,47,0.00921476460275572,0.20667273637633532,0.18974123214025626,0.20141641282910605,0.19954425623146368,0.20262536242283868,17.427919520747682,,,
adamoe,48,0.016134669341434454,0.21039257628254934,0.18693342246620448,0.19641706993669553,0.19928407412720847,0.2069728571873416,17.692347728742494,,,
adamoe,49,0.0052567378154593225,0.21172172339977297,0.18616826570592326,0.1947959904252207,0.19904194149123527,0.20827207897784805,17.782962337096485,,,
adamoe,50,0.005367252971067049,0.21261025288380614,0.18693315206264602,0.19515628285927927,0.19635831500570178,0.2089419971885671,17.828713339348703,,,
adamoe,51,0.015245226557588892,0.20966067564174967,0.1910653715088097,0.19864667669191016,0.193938792509659,0.206688483647872,17.617856258727343,,,
adamoe,52,0.014975533228590882,0.2059857730853762,0.19549173465764114,0.2017080801573741,0.19369704783699004,0.20311736426261895,17.35928479478793,,,
adamoe,53,0.007234990319847673,0.2048395103553013,0.19415718794740472,0.20210382780238428,0.1969187953519034,0.20198067854300614,17.297000359738046,,,
adamoe,54,0.007475487767081512,0.20581603464690473,0.19157445638036646,0.2009488154858815,0.19896670198611272,0.20269399150073386,17.373865776565356,,,
adamoe,55,0.011336097821695867,0.20882991478772628,0.18927168542844608,0.1975835375269543,0.19918187134315246,0.20513299091372084,17.577952157467045,,,
adamoe,56,0.007827612156002695,0.21116893964038452,0.1873818037072677,0.1962182687402615,0.1985232157730221,0.20670777213906374,17.729744308709172,,,
adamoe,57,0.007816947429582832,0.212233386776296,0.1891271699037616,0.19543841698142062,0.19539459381707144,0.20780643252144967,17.78649783944558,,,
adamoe,58,0.008598966944307201,0.21080827431828764,0.19092244909933156,0.1979426212580045,0.1943064490936542,0.20602020623072193,17.677674802856288,,,
adamoe,59,0.01372303221339169,0.2074081729546251,0.19403019160487522,0.2012749157301789,0.19472792822263196,0.2025587914876886,17.441263894458984,,,
adamoe,60,0.006837214060362584,0.20633639497602518,0.19242749345374638,0.20226125237252046,0.19716019861047196,0.20181466058723635,17.38492158762743,,,
adamoe,61,0.0068154366964449375,0.20681873686439417,0.19074913178863517,0.20053189568940924,0.1989663829457224,0.20293385271183945,17.435307649306324,,,
adamoe,62,0.012290623874187473,0.2095953115796711,0.18683422965874702,0.19830148588220292,0.19944764343194332,0.2058213294474346,17.635089498373308,,,
adamoe,63,0.005864199590693953,0.21039684990216995,0.18740744413039717,0.19667252808526453,0.19814450143353468,0.2073786764486325,17.691549002831987,,,
adamoe,64,0.007852539480827592,0.2118879014242795,0.18844231592764704,0.19528993316416426,0.1956008266142214,0.20877902286968714,17.779698307352078,,,
adamoe,65,0.015724460903215748,0.20873629446734648,0.19436202540302788,0.19723245414039123,0.19341293920019464,0.20625628678903896,17.5517156453129,,,
adamoe,66,0.012683332009075787,0.20572043651096994,0.19626887476040808,0.20052867300841565,0.19455153697932825,0.20293047874087794,17.34396854567144,,,
adamoe,67,0.009603725731745505,0.20449908574123904,0.1938901215863098,0.20209381013895578,0.19778826271466077,0.20172871981883425,17.278836612943824,,,
adamoe,68,0.0070952246682244036,0.20576289215173482,0.19113550958965694,0.2013008098014964,0.1994011305018548,0.2023996579552566,17.370214592984812,,,
adamoe,69,0.014094125682241831,0.20968313693131588,0.18737634639462453,0.19801291015540812,0.1997219653945499,0.20520564112410158,17.633336026239075,,,
adamoe,70,0.01123106107980354,0.21281754214053203,0.18691071922105118,0.1950626599010071,0.19752231228262224,0.20768676645478695,17.831422143701367,,,
adamoe,71,0.004856216233380561,0.21332138271658752,0.18841185619242556,0.1950783004497441,0.19509420416593193,0.20809425647531032,17.851908740352776,,,
adamoe,72,0.012656576967655098,0.2113010697882282,0.19225009665611562,0.19756834846988183,0.1932740157751658,0.20560646931060844,17.694428010134132,,,
adamoe,73,0.010968114705574405,0.20840050157068762,0.19354240503775727,0.20114733741534568,0.19388677580084734,0.2030229801753617,17.500543664586047,,,
adamoe,74,0.007062456122674865,0.20653773126170505,0.19349757402343598,0.20198239835665333,0.19658294292087708,0.20139935343732807,17.387380193364432,,,
adamoe,75,0.011488961036343615,0.20830763694024518,0.18988498515202945,0.1998505067098879,0.19877597086501825,0.20318090033281844,17.52385912241099,,,
adamoe,76,0.004721690243743221,0.20858200649153785,0.1907654838745496,0.19756173593440052,0.1987038965186344,0.20438687718087759,17.55071463733275,,,
adamoe,77,0.010822184567494925,0.21100590190759522,0.18702041175532294,0.19631758522831477,0.19828202706019932,0.20737407404856764,17.727538507997323,,,
adamoe,78,0.004044920903556182,0.21091567155858465,0.18856775516741353,0.19644401382125015,0.19634979695743193,0.2077227624953199,17.715407343782744,,,
adamoe,79,0.012363008854316598,0.20856098775334747,0.192809208738724,0.19838406467709796,0.19397437657306582,0.20627136225776488,17.547240375591034,,,
adamoe,80,0.009202997528436702,0.20662520633876616,0.19457455481180533,0.20121991926653063,0.1939746746747701,0.20360564490812774,17.404048444374546,,,
adamoe,81,0.007349830177034583,0.20564388627875585,0.1932710977222539,0.2022439252674637,0.19662558376235445,0.20221550696917234,17.34603223415489,,,
adamoe,82,0.00901600714105591,0.20697308243847196,0.1900742658438035,0.20093275357538637,0.19844634452929866,0.2035735536130402,17.45041163516593,,,
adamoe,83,0.010761602972878176,0.20924394819727826,0.18771982746572052,0.19790639046703004,0.19905904713536188,0.20607078673460955,17.614480234935574,,,
adamoe,84,0.011108940249255378,0.21245472823900244,0.18529595902958765,0.19575624773009948,0.1980785881837977,0.20841447681751313,17.8242011892918,,,
adamoe,85,0.006808558994295583,0.21253918052153967,0.1881167682171846,0.19625526575711272,0.1951759987620903,0.20791278674207236,17.80624440250455,,,
adamoe,86,0.01206322560401138,0.21014209427961,0.19205429785107808,0.19834934892522513,0.1935599776127992,0.20589428133128765,17.633067783330976,,,
adamoe,87,0.00712383297722044,0.20834360782253147,0.191765954207734,0.20071339066047728,0.19475785236615703,0.2044191949430998,17.51969629130755,,,
adamoe,88,0.007886722771542287,0.2069709005147139,0.19096395901690771,0.20156701260959187,0.19784759180281378,0.20265053605597272,17.43595967513183,,,
adamoe,89,0.006783502458256263,0.20776206678778703,0.18869247732492608,0.20044674307244525,0.19967585120841147,0.20342286160642992,17.50140773475838,,,
adamoe,90,0.009119093843405146,0.2099287487867389,0.18620551019578835,0.19837416327988044,0.20010231397328815,0.20538926376430397,17.653218817753036,,,
adamoe,91,0.007251515263738156,0.2116555775316179,0.18586627288094137,0.1967203618682083,0.1984695950679381,0.20728819265129395,17.766683872976323,,,
adamoe,92,0.00817133470520387,0.21208753187417465,0.18924419703716394,0.19556243968482437,0.1955418498987201,0.20756398150511657,17.775872118904786,,,
adamoe,93,0.009669389641918907,0.20989922101190867,0.19209281215738572,0.19754851938556234,0.19412471963485475,0.20633472781028872,17.62625085781662,,,
adamoe,94,0.009236751313993291,0.20759235527628145,0.19325972210076575,0.20027993334336877,0.19484477139066492,0.20402321788891928,17.469879288887284,,,
adamoe,95,0.008057781958627441,0.20577667495699437,0.19366026723598834,0.20178992982972765,0.1969631207483971,0.20181000722889259,17.349712500588108,,,
adamoe,96,0.008835021126630593,0.20688370726359206,0.1902568520538646,0.20077583444853614,0.19948048923429143,0.20260311699971592,17.43841385385106,,,
adamoe,97,0.0072326511388368375,0.2085674276039532,0.1890715320040381,0.19844747808826763,0.19937784007496795,0.20453572222877311,17.557604614233632,,,
adamoe,98,0.013655678220705125,0.21196069291969782,0.1880290923430852,0.19398036723416945,0.19805955147966647,0.20797029602338107,17.78561277391246,,,
adamoe,99,0.005672232501991864,0.21234627013565943,0.18984112300188993,0.1946188756103989,0.1952874804899976,0.20790625076205385,17.79217383207139,,,
adamoe,100,0.012000890174263978,0.21102317485133992,0.1934938916766378,0.19696655202278301,0.19272586529910493,0.20579051615013405,17.675932322020994,,,
adamoe,101,0.01299744397311528,0.2076351349683143,0.19494518278828582,0.20121741593373293,0.19352243226306481,0.20267983404660223,17.448880231182226,,,
adamoe,102,0.005637227544911361,0.20718193760114334,0.1938823227850485,0.20135663799800213,0.1962018239712514,0.20137727764455493,17.421563147670184,,,
adamoe,103,0.00725254840066672,0.20720469134159,0.19087649635743362,0.20073619022528366,0.19887748665261712,0.20230513542307593,17.44978085002007,,,
adamoe,104,0.01201729354092071,0.20977858359250792,0.18759998869674976,0.19800405111550695,0.19992864901364332,0.20468872758159196,17.633469886831534,,,
adamoe,105,0.0075546149516968475,0.21133374168406144,0.1871548393840401,0.19637022154656397,0.1982303204194477,0.206910876965887,17.74065452552597,,,
adamoe,106,0.00638891145614387,0.2125448167987286,0.18907894280472626,0.19615080918843775,0.19525527704950202,0.20697015415860565,17.79458947586075,,,
adamoe,107,0.009542794643710856,0.21024449894430527,0.19105976948301268,0.1989413798320066,0.19388453888764234,0.20586981285303307,17.64192299779331,,,
adamoe,108,0.008353287404197163,0.20785774580455946,0.19212178237943844,0.20105350355181445,0.1948870459735071,0.2040799222906801,17.488075275192518,,,
adamoe,109,0.009996409000570194,0.2054407232196091,0.19328795001575244,0.20297079281724756,0.19680179357204527,0.20149874037534554,17.327238641903197,,,
adamoe,110,0.0030633780896582308,0.2056100174182306,0.193111011806695,0.2016160419814758,0.197994541449162,0.20166838734443635,17.3438793958112,,,
adamoe,111,0.014470525635613463,0.20839692602939386,0.18896629053314562,0.1985255004372185,0.19890333944002112,0.20520794356022076,17.55359293953167,,,
adamoe,112,0.015614970256999011,0.213100386425428,0.18517991543857792,0.1952947017435705,0.1981130280997372,0.208311968292686,17.860245958990735,,,
adamoe,113,0.010040857914603768,0.2119037621984606,0.18964082634028404,0.1958542197991665,0.1951897630546526,0.20741142860743633,17.761517559532095,,,
adamoe,114,0.012337978361148028,0.20977440673756248,0.19368783235625864,0.19797620296376617,0.19317677189299637,0.20538478604941693,17.601705253444116,,,
adamoe,115,0.01063033729623672,0.20716773756258597,0.1945261653940084,0.20165110793981,0.19397870252732083,0.2026762865762748,17.42486267272769,,,
adamoe,116,0.00624083359645991,0.205987357469954,0.19366381863853666,0.20232691662386487,0.19642331064149604,0.20159859662614868,17.357229543963925,,,
adamoe,117,0.01128720813814732,0.20782630973776356,0.18914462129460025,0.2012025098987275,0.19920309398734906,0.20262346508155965,17.493480904309873,,,
adamoe,118,0.011547865880058628,0.2103540595361434,0.18664487092099974,0.19792832733229868,0.19946955999811888,0.20560318221243928,17.676404896047483,,,
adamoe,119,0.006577312330959095,0.21223721233853146,0.18661419508036026,0.19556585812309674,0.19857404888248079,0.2070086855755308,17.795684449996333,,,
m5b_smooth0,4,,0.20000606775283813,0.20000606775283813,0.20000606775283813,0.20000606775283813,0.20000606775283813,17.00051575899124,,,
m5b_smooth0,5,0.377179104834795,0.2628640830516815,0.05323096737265587,0.15817610919475555,0.2628640830516815,0.2628640830516815,21.819750022143126,,,
m5b_smooth0,6,0.1710723303258419,0.28660905361175537,0.06753312051296234,0.0726408138871193,0.28660905361175537,0.286609023809433,23.500788487493992,,,
m5b_smooth0,7,0.4925023540854454,0.20452524721622467,0.2361844927072525,0.15024040639400482,0.20452526211738586,0.20452523231506348,17.253450632095337,,,
m5b_smooth0,8,0.5380603671073914,0.12221585214138031,0.21408231556415558,0.419270396232605,0.12221585214138031,0.12221583724021912,11.371377319097519,,,
m5b_smooth0,9,0.49920497834682465,0.08132471144199371,0.083189457654953,0.6688727736473083,0.0852883830666542,0.08132470399141312,8.704855002462864,,,
m5b_smooth0,10,0.2529876306653023,0.11889128386974335,0.07110948860645294,0.5544589757919312,0.13664914667606354,0.11889123171567917,11.4889847189188,,,
m5b_smooth0,11,0.5838208720088005,0.18833453953266144,0.06442064046859741,0.2692375183105469,0.28967320919036865,0.18833447992801666,16.836600750684738,,,
m5b_smooth0,12,0.2090066857635975,0.20017071068286896,0.05552653595805168,0.17362821102142334,0.37050414085388184,0.20017065107822418,17.98257191106677,,,
m5b_smooth0,13,0.5828314498066902,0.3458784520626068,0.038731057196855545,0.08833663165569305,0.1811750829219818,0.3458782434463501,27.166969064623117,,,
m5b_smooth0,14,0.48195807076990604,0.4663683772087097,0.015667442232370377,0.022382033988833427,0.02921486645936966,0.4663679599761963,34.79857168160379,,,
m5b_smooth0,15,0.09144920390099287,0.48923033475875854,0.007735466584563255,0.007568869274109602,0.006234658416360617,0.48922985792160034,36.277122779749334,,,
m5b_smooth0,16,0.33955918555147946,0.6590103507041931,0.006563694216310978,0.00478673679754138,0.0027951255906373262,0.32684412598609924,44.15692858980037,,,
m5b_smooth0,17,0.44261243322398514,0.8803165555000305,0.006032899953424931,0.0036085627507418394,0.0017136192182078958,0.10832837224006653,54.36444446409587,,,
m5b_smooth0,18,0.1421339102089405,0.950976550579071,0.006439010612666607,0.003425987670198083,0.0014826777623966336,0.037674084305763245,57.613125932984985,,,
m5b_smooth0,19,0.033384722541086376,0.9630850553512573,0.009279209189116955,0.004668928682804108,0.0019840544555336237,0.02098238281905651,58.116031056968495,,,
m5b_smooth0,20,0.03505879291333258,0.9463647603988647,0.01944829523563385,0.009661870077252388,0.0043519954197108746,0.020173853263258934,57.14321744302288,,,
m5b_smooth0,21,0.11952466471120715,0.8866020441055298,0.04771250858902931,0.02441537007689476,0.01259519811719656,0.028674885630607605,53.80669605080038,,,
m5b_smooth0,22,0.33593248296529055,0.7186359763145447,0.12599916756153107,0.06334798038005829,0.03645333647727966,0.05556389316916466,44.46726954728365,,,
m5b_smooth0,23,0.5559894144535065,0.4406411051750183,0.22267241775989532,0.161204993724823,0.06234096363186836,0.1131405457854271,29.16510809585452,,,
m5b_smooth0,24,0.5388316288590431,0.2765929102897644,0.13093267381191254,0.3772072494029999,0.04871324077248573,0.166554257273674,20.530881326645613,,,
m5b_smooth0,25,0.21523726359009743,0.283363938331604,0.042591020464897156,0.4207611083984375,0.029436439275741577,0.22384817898273468,21.646640226244926,,,
m5b_smooth0,26,0.592630441300571,0.49855923652648926,0.014570490457117558,0.1625027060508728,0.019399870187044144,0.30496782064437866,34.8209813805297,,,
m5b_smooth0,27,0.3483752263709903,0.6727465987205505,0.00558053981512785,0.05311132222414017,0.013286269269883633,0.2552748918533325,44.19656280055642,,,
m5b_smooth0,28,0.22289742808789015,0.7841955423355103,0.002973242662847042,0.021044010296463966,0.010747773572802544,0.18103951215744019,49.727625398896635,,,
m5b_smooth0,29,0.09601822565309703,0.8309921026229858,0.0028138768393546343,0.013058274984359741,0.011959887109696865,0.1411750614643097,51.9616849294398,,,
m5b_smooth0,30,0.01145454659126699,0.8280884623527527,0.004019966349005699,0.012921566143631935,0.016481628641486168,0.13848869502544403,51.78230553679168,,,
m5b_smooth0,31,0.032887155655771494,0.8278799653053284,0.007227834779769182,0.017945803701877594,0.024692941457033157,0.12225345522165298,51.61826212750748,,,
m5b_smooth0,32,0.10625283746048808,0.7953072190284729,0.017013099044561386,0.03791850432753563,0.04806135967373848,0.10169974714517593,49.609427731484175,,,
m5b_smooth0,33,0.3748953081667423,0.6266156435012817,0.04421738535165787,0.12167580425739288,0.12454746663570404,0.08294370770454407,40.039227582514286,,,
m5b_smooth0,34,0.12328500300645828,0.614145040512085,0.045581020414829254,0.1819545030593872,0.11363283544778824,0.044686272740364075,38.8611846268177,,,
m5b_smooth0,35,0.5191955901682377,0.8737428188323975,0.020561449229717255,0.06200513243675232,0.026110762730240822,0.017579475417733192,53.06003397144377,,,
m5b_smooth0,36,0.1586195477284491,0.953052818775177,0.011066792532801628,0.02004181779921055,0.006906167138367891,0.008932494558393955,57.427759466227144,,,
m5b_smooth0,37,0.01836633449420333,0.9615195989608765,0.011783339083194733,0.013550068251788616,0.004270628094673157,0.00887677539139986,57.89777873363346,,,
m5b_smooth0,38,0.06859496980905533,0.9272206425666809,0.0278813224285841,0.021515019237995148,0.006293404847383499,0.017087077721953392,56.008937856182456,,,
m5b_smooth0,39,0.39640437066555023,0.7290199995040894,0.1342962682247162,0.07054587453603745,0.016620729118585587,0.0495176799595356,44.89672648534179,,,
m5b_smooth0,40,0.47217224538326263,0.4929336607456207,0.15784808993339539,0.22022871673107147,0.03492102771997452,0.09406862407922745,31.95596181601286,,,
m5b_smooth0,41,0.40802657045423985,0.6969466209411621,0.02323194406926632,0.15669891238212585,0.03232645243406296,0.09079553931951523,43.807548655197024,,,
m5b_smooth0,42,0.39813620783388615,0.8960152864456177,0.0030555427074432373,0.0341988205909729,0.016153279691934586,0.050577662885189056,54.68772942945361,,,
m5b_smooth0,43,0.09301602118648589,0.942522406578064,0.000995113281533122,0.01151067391037941,0.010212344117462635,0.034758273512125015,57.1449737676885,,,
m5b_smooth0,44,0.029235946072731167,0.9571408033370972,0.0005397663335315883,0.006052493583410978,0.007671554107218981,0.02859504148364067,57.9011769068311,,,
m5b_smooth0,45,0.002191544452216476,0.9568780660629272,0.0005222719628363848,0.005237671080976725,0.007916012778878212,0.029447073116898537,57.89659036207013,,,
m5b_smooth0,46,0.01596623641671613,0.948894202709198,0.0006853854865767062,0.006281140726059675,0.01049275416880846,0.0336461216211319,57.49767595209414,,,
m5b_smooth0,47,0.04895563964964822,0.9244170784950256,0.0012882662704214454,0.010632025077939034,0.01963190920650959,0.044031716883182526,56.2520764520159,,,
m5b_smooth0,48,0.087530602584593,0.8806508779525757,0.0025942272040992975,0.01959897205233574,0.03819296881556511,0.058962151408195496,53.99326472193934,,,
m5b_smooth0,49,0.12222851882688701,0.8195368051528931,0.006015344522893429,0.03496261686086655,0.05988788232207298,0.07959692180156708,50.81668358575553,,,
m5b_smooth0,50,0.05505600571632385,0.8155010342597961,0.011623292230069637,0.0451238751411438,0.03639591857790947,0.09135598689317703,50.610812219791114,,,
m5b_smooth0,51,0.16032193880528212,0.7527096271514893,0.026348933577537537,0.07946354895830154,0.019026214256882668,0.12245149910449982,47.274821696802974,,,
m5b_smooth0,52,0.7306730505079031,0.39110267162323,0.09125714004039764,0.3562707006931305,0.015296783298254013,0.14607280492782593,26.77832629159093,,,
m5b_smooth0,53,0.4435377335175872,0.20345525443553925,0.13458950817584991,0.5347071290016174,0.011836742050945759,0.11541132628917694,15.644641923718154,,,
m5b_smooth0,54,0.8786755874752998,0.4676990509033203,0.07938864827156067,0.15057030320167542,0.012895849533379078,0.28944632411003113,32.735562096349895,,,
m5b_smooth0,55,0.49879688303917646,0.7170974016189575,0.019774487242102623,0.025707105174660683,0.010129937902092934,0.2272910624742508,46.3757243398577,,,
m5b_smooth0,56,0.34432066371664405,0.8892571330070496,0.006242590025067329,0.006541234906762838,0.008815870620310307,0.08914196491241455,54.690992878284305,,,
m5b_smooth0,57,0.1163925277069211,0.947313666343689,0.003173807403072715,0.0027994064148515463,0.008956555277109146,0.0377572663128376,57.441689622588456,,,
m5b_smooth0,58,0.03824049839749932,0.9659895300865173,0.0023386094253510237,0.001785752596333623,0.009400914423167706,0.02048584260046482,58.31967586977407,,,
m5b_smooth0,59,0.009396091802045703,0.9676139950752258,0.0027285197284072638,0.001866716891527176,0.012003198266029358,0.01578737422823906,58.37021400197409,,,
m5b_smooth0,60,0.014207716332748532,0.9611175060272217,0.00391501747071743,0.002467571757733822,0.017319582402706146,0.015179883688688278,58.0121235428378,,,
m5b_smooth0,61,0.04568753158673644,0.9382737874984741,0.00698343338444829,0.004174228757619858,0.03196579962968826,0.018602406606078148,56.80012765945867,,,
m5b_smooth0,62,0.08472807565703988,0.8959100842475891,0.01212188322097063,0.007093269377946854,0.06071437522768974,0.024160712957382202,54.55125735420734,,,
m5b_smooth0,63,0.11292778700590134,0.8394461274147034,0.02348020114004612,0.014179292134940624,0.08525099605321884,0.03764358162879944,51.556552837602794,,,
m5b_smooth0,64,0.10020692925900221,0.850648045539856,0.03762367367744446,0.022291649132966995,0.035147733986377716,0.054289501160383224,52.14946850761771,,,
m5b_smooth0,65,0.33447166718542576,0.7023906111717224,0.12047117948532104,0.048759471625089645,0.016168953850865364,0.11220962554216385,44.094303699210286,,,
m5b_smooth0,66,0.6793188797309995,0.36848416924476624,0.3412373661994934,0.11589916050434113,0.010416009463369846,0.16396324336528778,25.16638247575611,,,
m5b_smooth0,67,0.5399807542562485,0.3711073696613312,0.07422896474599838,0.30371007323265076,0.0074341753497719765,0.2435196489095688,26.713115676306188,,,
m5b_smooth0,68,0.2536294641904533,0.4365939497947693,0.012728117406368256,0.3650381565093994,0.0060272193513810635,0.1796126514673233,29.860247230622917,,,
m5b_smooth0,69,0.7443845360539854,0.8087857961654663,0.0024241474457085133,0.08785588294267654,0.004629745613783598,0.09630367904901505,50.17379929218441,,,
m5b_smooth0,70,0.2727805735776201,0.9451762437820435,0.0006086040521040559,0.01696646958589554,0.003615868976339698,0.03363238647580147,57.258247133228,,,
m5b_smooth0,71,0.059000741923227906,0.9744054079055786,0.0003022000892087817,0.005634642206132412,0.0038867632392793894,0.01576993428170681,58.729517023661174,,,
m5b_smooth0,72,0.01443481887690723,0.980052649974823,0.0002853429177775979,0.003389856079593301,0.0054579684510827065,0.010815205983817577,59.00323257257696,,,
m5b_smooth0,73,0.0056323292083106935,0.9788106083869934,0.000377168704289943,0.0030349204316735268,0.008181499317288399,0.009595210663974285,58.929721877735574,,,
m5b_smooth0,74,0.012468076194636524,0.9725766777992249,0.0006178742623887956,0.0034871466923505068,0.012965027242898941,0.01035289652645588,58.601375724363606,,,
m5b_smooth0,75,0.021965889318380505,0.9615933299064636,0.0009993293788284063,0.00444391556084156,0.021155627444386482,0.011806613765656948,58.02331285527907,,,
m5b_smooth0,76,0.08187678968533874,0.9206554293632507,0.0026029564905911684,0.00887655932456255,0.0485176220536232,0.019347237423062325,55.87904307455756,,,
m5b_smooth0,77,0.07898114831186831,0.88116455078125,0.005386033561080694,0.014968172647058964,0.06959332525730133,0.02888711355626583,53.81173646496609,,,
m5b_smooth0,78,0.07036777073517442,0.8720206618309021,0.011842946521937847,0.026073791086673737,0.043552715331315994,0.046507854014635086,53.36728299316019,,,
m5b_smooth0,79,0.15660069044679403,0.8168184161186218,0.027570968493819237,0.049388255923986435,0.020456016063690186,0.08576711267232895,50.528772393241525,,,
m5b_smooth0,80,0.506061339750886,0.5695511102676392,0.09188572317361832,0.16462336480617523,0.014692235738039017,0.1592475026845932,37.09113312140107,,,
m5b_smooth0,81,0.743383651599288,0.2467632293701172,0.1449299305677414,0.4832710027694702,0.01094350777566433,0.11409230530261993,18.074433529749513,,,
m5b_smooth0,82,0.648697447963059,0.4616011083126068,0.06470579653978348,0.23942945897579193,0.010660232044756413,0.22360292077064514,31.684123187325895,,,
m5b_smooth0,83,0.514447349589318,0.7012172937393188,0.012528570368885994,0.03790663555264473,0.007136702071875334,0.24121050536632538,45.626190091017634,,,
m5b_smooth0,84,0.2927299025468528,0.8475821018218994,0.0036115054972469807,0.009206798858940601,0.006334890145808458,0.13326412439346313,52.79619998391718,,,
m5b_smooth0,85,0.15631275798659772,0.9253901243209839,0.001670689438469708,0.0036044493317604065,0.006683940067887306,0.0626516044139862,56.4598015389638,,,
m5b_smooth0,86,0.05577549745794386,0.951387345790863,0.001330510713160038,0.002383457263931632,0.008573994040489197,0.036324553191661835,57.66028333292343,,,
m5b_smooth0,87,0.02289928076788783,0.9604437947273254,0.0013237663079053164,0.0020629214122891426,0.010967989452183247,0.025202997028827667,58.06375809875317,,,
m5b_smooth0,88,0.016216847929172218,0.9544508457183838,0.0019052858697250485,0.002624867483973503,0.017932306975126266,0.023086881265044212,57.725573117961176,,,
m5b_smooth0,89,0.039928612881340086,0.934485673904419,0.003072523046284914,0.0038792623672634363,0.03458544611930847,0.02397555112838745,56.661606583045796,,,
m5b_smooth0,90,0.10501511138863862,0.8819789886474609,0.005510977003723383,0.006511002313345671,0.07754090428352356,0.028458325192332268,53.88498618546873,,,
m5b_smooth0,91,0.05739774368703365,0.8532805442810059,0.00998829398304224,0.011242923326790333,0.08988174796104431,0.03560754284262657,52.36822755634785,,,
m5b_smooth0,92,0.12219063937664032,0.8946025371551514,0.016703547909855843,0.017330296337604523,0.028786633163690567,0.04257844761013985,54.54245136491954,,,
m5b_smooth0,93,0.08255943935364485,0.8719495534896851,0.03105904906988144,0.02821960486471653,0.010158960707485676,0.05861242115497589,53.3243776941672,,,
m5b_smooth0,94,0.2826135172508657,0.7332494258880615,0.08615296334028244,0.06931011378765106,0.007552446331828833,0.10373487323522568,45.79420420760289,,,
m5b_smooth0,95,0.6758472449146211,0.39532607793807983,0.23545794188976288,0.24334199726581573,0.008791542612016201,0.11708281189203262,26.38574877474457,,,
m5b_smooth0,96,0.36090339440852404,0.4611523747444153,0.06543990969657898,0.35730627179145813,0.00945267453789711,0.10664915293455124,30.365758072584867,,,
m5b_smooth0,97,0.6301514785736799,0.776228129863739,0.01103027630597353,0.12429236620664597,0.008640349842607975,0.0798092931509018,48.13540771976113,,,
m5b_smooth0,98,0.2821281934157014,0.9172916412353516,0.0024200701154768467,0.027742233127355576,0.007399080786854029,0.04514621943235397,55.80698588117957,,,
m5b_smooth0,99,0.07319276832276955,0.9538884162902832,0.0009155789739452302,0.008769952692091465,0.0072378236800432205,0.029188254848122597,57.71983074810123,,,
m5b_smooth0,100,0.022178986168000847,0.9642505645751953,0.0005792462034150958,0.004503548610955477,0.007965123280882835,0.022701453417539597,58.242699977359734,,,
m5b_smooth0,101,0.005362830765079707,0.9650020599365234,0.0005679460591636598,0.0035547625739127398,0.009894871152937412,0.020979952067136765,58.274339256982785,,,
m5b_smooth0,102,0.008128981164190918,0.9610132575035095,0.0007315818220376968,0.003766436828300357,0.013584602624177933,0.020904814824461937,58.06058596842922,,,
m5b_smooth0,103,0.02807672624476254,0.9469747543334961,0.001189985778182745,0.0051102363504469395,0.023287691175937653,0.0234377458691597,57.32614823523909,,,
m5b_smooth0,104,0.07504705083556473,0.9094508290290833,0.002282489323988557,0.008407589979469776,0.05119306594133377,0.028665639460086823,55.354225415037945,,,
m5b_smooth0,105,0.08104841248132288,0.8689265847206116,0.004809931386262178,0.014734185300767422,0.07425209879875183,0.0372767373919487,53.2262465856038,,,
m5b_smooth0,106,0.08942617569118738,0.9044499397277832,0.00778539152815938,0.019778553396463394,0.029539261013269424,0.03844689205288887,55.07914875121787,,,
m5b_smooth0,107,0.05542420828714967,0.8949114680290222,0.014793998561799526,0.03205720707774162,0.011365532875061035,0.04687163978815079,54.541415388695896,,,
m5b_smooth0,108,0.2039596550166607,0.7957788109779358,0.0371633917093277,0.08195170760154724,0.008518115617334843,0.07658732682466507,49.16159655805677,,,
m5b_smooth0,109,0.8295971341431141,0.3809807598590851,0.10456753522157669,0.4122093617916107,0.010722321458160877,0.09152040630578995,25.5563831506297,,,
m5b_smooth0,110,0.0567344818264246,0.3559941053390503,0.1310422569513321,0.41039717197418213,0.012614457868039608,0.08995162695646286,24.069504075683653,,,
m5b_smooth0,111,0.9077664688229561,0.7759192585945129,0.03710658848285675,0.05240706354379654,0.010657466016709805,0.12391017377376556,48.55882798973471,,,
m5b_smooth0,112,0.25165870040655136,0.901748538017273,0.006035510916262865,0.005693498067557812,0.0064085195772349834,0.08011434227228165,55.2944887150079,,,
m5b_smooth0,113,0.0676330461865291,0.9355656504631042,0.0021072819363325834,0.0014683798654004931,0.005931387655436993,0.05492888763546944,56.95097558980342,,,
m5b_smooth0,114,0.03164802020182833,0.9511237144470215,0.001203335472382605,0.0006806748569943011,0.006196719594299793,0.04079591482877731,57.685188071627636,,,
m5b_smooth0,115,0.016840262454934418,0.9582202434539795,0.001052357954904437,0.0005169662763364613,0.0075200642459094524,0.03269021213054657,58.0061212835717,,,
m5b_smooth0,116,0.0104258629726246,0.9606564044952393,0.00116744136903435,0.000516196305397898,0.010181931778788567,0.027478231117129326,58.098069058090914,,,
m5b_smooth0,117,0.01158743433188647,0.9588634371757507,0.0015122442273423076,0.0006316967192105949,0.015515591949224472,0.02347772754728794,57.97251089423662,,,
m5b_smooth0,118,0.02822482242481783,0.9457349181175232,0.0024615409784018993,0.0009946523932740092,0.028315231204032898,0.02249331586062908,57.26265362568665,,,
m5b_smooth0,119,0.04004012874793261,0.9257150888442993,0.0044960035011172295,0.0018542048055678606,0.044544655829668045,0.02339017577469349,56.192239000229165,,,
m5b_smooth0.001,4,,0.20000606775283813,0.20000606775283813,0.20000606775283813,0.20000606775283813,0.20000606775283813,17.00051575899124,,,
m5b_smooth0.001,5,0.36396588012576103,0.2606620192527771,0.05421661213040352,0.1637974977493286,0.2606620192527771,0.2606620192527771,21.659232664853334,,,
m5b_smooth0.001,6,0.16047663614153862,0.281077116727829,0.07320950925350189,0.083559051156044,0.281077116727829,0.281077116727829,23.09113311767578,,,
m5b_smooth0.001,7,0.49772176146507263,0.19812339544296265,0.23408089578151703,0.1715482622385025,0.19812339544296265,0.19812339544296265,16.796720713377,,,
m5b_smooth0.001,8,0.5250281319022179,0.12248154729604721,0.1984928995370865,0.4340628683567047,0.12248155474662781,0.12248155474662781,11.421686992049217,,,
m5b_smooth0.001,9,0.41520747542381287,0.08715226501226425,0.09227942675352097,0.6416667103767395,0.09174998104572296,0.08715225011110306,9.108796827495098,,,
m5b_smooth0.001,10,0.2258792147040367,0.11903490126132965,0.08823564648628235,0.5327702760696411,0.14092372357845306,0.11903487145900726,11.481594815850258,,,
m5b_smooth0.001,11,0.5180819407105446,0.17424428462982178,0.08180776983499527,0.2801574766635895,0.2895461916923523,0.17424428462982178,15.843180604279041,,,
m5b_smooth0.001,12,0.233671635389328,0.18925271928310394,0.06322968751192093,0.18189941346645355,0.3763648271560669,0.18925270438194275,17.248182736337185,,,
m5b_smooth0.001,13,0.6423976048827171,0.34985247254371643,0.037148214876651764,0.08669392019510269,0.17645364999771118,0.34985241293907166,27.421487659215927,,,
m5b_smooth0.001,14,0.4778133910149336,0.4693053662776947,0.013078542426228523,0.020395440980792046,0.0279142577201128,0.4693053662776947,34.9982617739588,,,
m5b_smooth0.001,15,0.08498146990314126,0.49055078625679016,0.006101857405155897,0.006766189355403185,0.00602950481697917,0.4905507266521454,36.369364307727665,,,
m5b_smooth0.001,16,0.3194741695187986,0.6502883434295654,0.0052019511349499226,0.004381583072245121,0.002804138232022524,0.33732399344444275,43.77781218197197,,,
m5b_smooth0.001,17,0.4507591483416036,0.8756676316261292,0.004947139881551266,0.003463373752310872,0.0018036995315924287,0.1141175925731659,54.1656673514517,,,
m5b_smooth0.001,18,0.1495602026116103,0.9499493837356567,0.005445695947855711,0.003430198412388563,0.0016179840313270688,0.0395565889775753,57.57781744922977,,,
m5b_smooth0.001,19,0.03502076223958284,0.962656557559967,0.008127751760184765,0.004918122198432684,0.0022520951461046934,0.022047091275453568,58.10669951583259,,,
m5b_smooth0.001,20,0.03750355658121407,0.9443700909614563,0.01798531785607338,0.010871706530451775,0.005192066077142954,0.021581122651696205,57.051286074798554,,,
m5b_smooth0.001,21,0.13140804367139935,0.8786656856536865,0.046141643077135086,0.02875814400613308,0.01543417852371931,0.030999885872006416,53.39439486619085,,,
m5b_smooth0.001,22,0.3470690893009305,0.7051315307617188,0.12162962555885315,0.07270292192697525,0.0418732650578022,0.05866297334432602,43.762024719268084,,,
m5b_smooth0.001,23,0.5284567177295685,0.44090327620506287,0.20693188905715942,0.17943814396858215,0.060008879750967026,0.11271833628416061,29.197561759501696,,,
m5b_smooth0.001,24,0.520046453922987,0.2832803428173065,0.12391330301761627,0.3986641764640808,0.040626563131809235,0.15351492166519165,20.750321246683598,,,
m5b_smooth0.001,25,0.21993323974311352,0.3430992364883423,0.04389036446809769,0.38452374935150146,0.02482372708618641,0.20366306602954865,24.808464815840125,,,
m5b_smooth0.001,26,0.5034509673714638,0.5688981413841248,0.016158398240804672,0.1683061718940735,0.017047515138983727,0.22958937287330627,37.988549223169684,,,
m5b_smooth0.001,27,0.278000480029732,0.7078983783721924,0.007174046244472265,0.06864260882139206,0.01363888569176197,0.2026456743478775,45.61951621575281,,,
m5b_smooth0.001,28,0.12494862684980035,0.7703726291656494,0.004446999169886112,0.03129510581493378,0.013044316321611404,0.1808404177427292,48.94376612920314,,,
m5b_smooth0.001,29,0.020780475344508886,0.7747434973716736,0.004743712488561869,0.020905176177620888,0.016343189403414726,0.18326450884342194,49.23217453295365,,,
m5b_smooth0.001,30,0.03860471909865737,0.7554415464401245,0.007142750546336174,0.021196462213993073,0.02218771167099476,0.1940324306488037,48.268992934376,,,
m5b_smooth0.001,31,0.09530641045421362,0.7774516344070435,0.013460502959787846,0.032134123146533966,0.03057527355849743,0.14637908339500427,49.02029501926154,,,
m5b_smooth0.001,32,0.2234373139217496,0.7108767628669739,0.03709014505147934,0.0925673395395279,0.05823061987757683,0.10123484581708908,44.79230011627078,,,
m5b_smooth0.001,33,0.5845505930483341,0.4667670428752899,0.06861961632966995,0.31271448731422424,0.09882940351963043,0.053069375455379486,30.447562731802464,,,
m5b_smooth0.001,34,0.5760702509433031,0.7548019886016846,0.028958914801478386,0.13983742892742157,0.05713016912341118,0.019271064549684525,46.40629660524428,,,
m5b_smooth0.001,35,0.36936903838068247,0.939486563205719,0.00838176067918539,0.02832937054336071,0.017164891585707664,0.006637090817093849,56.675637177191675,,,
m5b_smooth0.001,36,0.07257686043158174,0.9757752418518066,0.004093455150723457,0.009008889086544514,0.007332643028348684,0.00378994457423687,58.68202235875651,,,
m5b_smooth0.001,37,0.011033533373847604,0.9811835289001465,0.003735853126272559,0.005529200658202171,0.0056531187146902084,0.0038983761332929134,58.9854842859786,,,
m5b_smooth0.001,38,0.013848423259332776,0.9742591977119446,0.005863680969923735,0.00612929230555892,0.007339573465287685,0.006408093962818384,58.62089375033975,,,
m5b_smooth0.001,39,0.047930742148309946,0.9502937197685242,0.012879572808742523,0.009992756880819798,0.01337446365505457,0.01345911156386137,57.34252983704209,,,
m5b_smooth0.001,40,0.19384319055825472,0.8533724546432495,0.04294462129473686,0.026669861748814583,0.03915867209434509,0.03785467520356178,52.12937764264643,,,
m5b_smooth0.001,41,0.4001325126737356,0.653306245803833,0.09228286892175674,0.06811341643333435,0.104510597884655,0.08178725093603134,41.371593564748764,,,
m5b_smooth0.001,42,0.19569695740938187,0.7415000796318054,0.04226250201463699,0.0640934407711029,0.06070207059383392,0.09144150465726852,46.42964316159487,,,
m5b_smooth0.001,43,0.18024320155382156,0.8316218256950378,0.01823738031089306,0.04240146279335022,0.0183465126901865,0.08939270675182343,51.42267479375005,,,
m5b_smooth0.001,44,0.04185513034462929,0.8464030623435974,0.01297686342149973,0.03716066852211952,0.007920577190816402,0.09553935378789902,52.301637602970004,,,
m5b_smooth0.001,45,0.1203344976529479,0.7868373394012451,0.018409566953778267,0.06838628649711609,0.007319112308323383,0.1190483421087265,49.15171936620027,,,
m5b_smooth0.001,46,0.5512733273208141,0.5179529786109924,0.039773713797330856,0.3185203969478607,0.011456831358373165,0.11229535192251205,33.72484636772424,,,
m5b_smooth0.001,47,0.14175376761704683,0.49107465147972107,0.04904521256685257,0.37530505657196045,0.016277872025966644,0.06829711049795151,31.709544122219086,,,
m5b_smooth0.001,48,0.8275456437841058,0.9048473238945007,0.018277591094374657,0.03453541919589043,0.011085272766649723,0.03125399723649025,54.9278761530295,,,
m5b_smooth0.001,49,0.13004267355427146,0.9698693156242371,0.006113533861935139,0.0037283897399902344,0.00679984362795949,0.013489831238985062,58.44591418327764,,,
m5b_smooth0.001,50,0.021648221591021866,0.9806932806968689,0.0035133189521729946,0.0009648157865740359,0.005819166079163551,0.009010041132569313,59.014879346534144,,,
m5b_smooth0.001,51,0.002048021531663835,0.9810790419578552,0.003319075331091881,0.0005159971187822521,0.006456888746470213,0.008628565818071365,59.03560772683704,,,
m5b_smooth0.001,52,0.009791935124667361,0.9762537479400635,0.004480684641748667,0.0004456438182387501,0.008345928974449635,0.01047420408576727,58.78610285252216,,,
m5b_smooth0.001,53,0.026318266725866124,0.9630946516990662,0.008025885559618473,0.0005775062600150704,0.0131419338285923,0.015160306356847286,58.09967533207964,,,
m5b_smooth0.001,54,0.05544662935426459,0.9353711605072021,0.016274791210889816,0.0008620634325779974,0.02473173476755619,0.0227601807564497,56.63289528590394,,,
m5b_smooth0.001,55,0.1422988455160521,0.8642215132713318,0.03768252953886986,0.001652322243899107,0.0588618628680706,0.03758125379681587,52.83410088578239,,,
m5b_smooth0.001,56,0.12330219428986311,0.8025708198547363,0.057872094213962555,0.003007496241480112,0.08553570508956909,0.05101417377591133,49.534092142712325,,,
m5b_smooth0.001,57,0.10943015338853002,0.8502718210220337,0.05611908808350563,0.005085884593427181,0.032573238015174866,0.055949464440345764,52.09899117145687,,,
m5b_smooth0.001,58,0.052236239425837994,0.8717281222343445,0.05807780474424362,0.007789021357893944,0.009897958487272263,0.05250665917992592,53.18951114080846,,,
m5b_smooth0.001,59,0.20002302573993802,0.7750946283340454,0.14589989185333252,0.016332123428583145,0.006520466413348913,0.05615350976586342,47.53236636379734,,,
m5b_smooth0.001,60,0.10852454090490937,0.726486086845398,0.18472452461719513,0.0317700132727623,0.006311616860330105,0.05070888251066208,44.62330544833094,,,
m5b_smooth0.001,61,0.22860198467969894,0.8133432865142822,0.07729531079530716,0.05747559666633606,0.008049233816564083,0.04383651167154312,49.7203750917688,,,
m5b_smooth0.001,62,0.11494599934667349,0.8349965810775757,0.025884386152029037,0.0901605635881424,0.011184519156813622,0.037774983793497086,51.00330234877765,,,
m5b_smooth0.001,63,0.09914160426706076,0.7993277311325073,0.011981776915490627,0.12739726901054382,0.01951826736330986,0.041774675250053406,49.07531077694148,,,
m5b_smooth0.001,64,0.07181481923907995,0.8295584917068481,0.006523003801703453,0.09694841504096985,0.02210845984518528,0.04486091434955597,50.85368977114558,,,
m5b_smooth0.001,65,0.11681298958137631,0.7711524963378906,0.007331921253353357,0.11937265843153,0.027346068993210793,0.0747971385717392,47.873182099778205,,,
m5b_smooth0.001,66,0.5873518618755043,0.47747620940208435,0.013639289885759354,0.35676029324531555,0.035951048135757446,0.11617273092269897,31.610568303614855,,,
m5b_smooth0.001,67,0.4740235507488251,0.25883108377456665,0.019138656556606293,0.5882725119590759,0.03469294682145119,0.09906399250030518,18.943567741662264,,,
m5b_smooth0.001,68,0.7978991996496916,0.5656989216804504,0.027934225276112556,0.18932302296161652,0.0443245992064476,0.17271864414215088,37.266171807423234,,,
m5b_smooth0.001,69,0.47754715755581856,0.804472804069519,0.021222764626145363,0.03654959797859192,0.031867433339357376,0.10588742047548294,50.10473572276533,,,
m5b_smooth0.001,70,0.1886302586644888,0.8987880945205688,0.01603861339390278,0.010089453309774399,0.020611239597201347,0.054472941905260086,54.88049250841141,,,
m5b_smooth0.001,71,0.06734797731041908,0.9324619770050049,0.015611251816153526,0.004544101655483246,0.013289636000990868,0.034093163907527924,56.54729392379522,,,
m5b_smooth0.001,72,0.021666841814294457,0.9360814094543457,0.022825567051768303,0.0034186055418103933,0.010636795312166214,0.02703840658068657,56.65096121025272,,,
m5b_smooth0.001,73,0.05759851587936282,0.9075696468353271,0.050375886261463165,0.003815253498032689,0.011489186435937881,0.026751011610031128,54.97093892446719,,,
m5b_smooth0.001,74,0.304443676257506,0.7553476691246033,0.19203944504261017,0.005416409578174353,0.01676572486758232,0.030431456863880157,46.07254929142073,,,
m5b_smooth0.001,75,0.1864224961027503,0.8455788493156433,0.10501106828451157,0.00561433145776391,0.019547296687960625,0.02424801141023636,51.332888258155435,,,
m5b_smooth0.001,76,0.11398916644975543,0.8903891444206238,0.04824966937303543,0.007421437650918961,0.029924355447292328,0.024014703929424286,54.039538990706205,,,
m5b_smooth0.001,77,0.048335068859159946,0.905811607837677,0.024082617834210396,0.008760509081184864,0.036977317184209824,0.024368224665522575,54.99905698094517,,,
m5b_smooth0.001,78,0.023130405694246292,0.9037184119224548,0.016783641651272774,0.012514556758105755,0.03480394184589386,0.03217903524637222,54.97156611364335,,,
m5b_smooth0.001,79,0.06091720890253782,0.8827498555183411,0.018604237586259842,0.02044895477592945,0.02531353570520878,0.05288228765130043,53.96248921006918,,,
m5b_smooth0.001,80,0.17962749116122723,0.795846700668335,0.03676733747124672,0.04566793143749237,0.02240329049527645,0.09931430220603943,49.47179643623531,,,
m5b_smooth0.001,81,0.5520538818091154,0.5198199152946472,0.1318519115447998,0.17678683996200562,0.03215006738901138,0.13939113914966583,34.02793376892805,,,
m5b_smooth0.001,82,0.39216241613030434,0.3811626434326172,0.09708459675312042,0.3693433403968811,0.035675253719091415,0.11673499643802643,25.958889950066805,,,
m5b_smooth0.001,83,0.6682535167783499,0.6800225973129272,0.019562270492315292,0.12051626294851303,0.02789756841957569,0.15200147032737732,43.5057704616338,,,
m5b_smooth0.001,84,0.3458422292023897,0.8529431819915771,0.003731076605618,0.02188441902399063,0.014435253106057644,0.10700517892837524,52.845094529911876,,,
m5b_smooth0.001,85,0.13953937648329884,0.9227134585380554,0.0012641752837225795,0.006205765996128321,0.008197004906833172,0.06161988154053688,56.30274636147078,,,
m5b_smooth0.001,86,0.05100662657059729,0.9482172131538391,0.0008696425938978791,0.003176101017743349,0.006598333828151226,0.0411398783326149,57.52557736833114,,,
m5b_smooth0.001,87,0.02179386094212532,0.959113597869873,0.00083830242510885,0.002271832199767232,0.006523632910102606,0.03125271201133728,58.03767306974623,,,
m5b_smooth0.001,88,0.007052794680930674,0.9573248624801636,0.0012597653549164534,0.0024740519002079964,0.009425884112715721,0.029514586552977562,57.92735907039605,,,
m5b_smooth0.001,89,0.016963800648227334,0.9494386315345764,0.002166690304875374,0.0031424909830093384,0.016333168372511864,0.02891966514289379,57.497119545936584,,,
m5b_smooth0.001,90,0.04588444856926799,0.9264960885047913,0.004237838555127382,0.0045982105657458305,0.03353435918688774,0.031133512035012245,56.278407463338226,,,
m5b_smooth0.001,91,0.06897654663771391,0.8920073509216309,0.008983896113932133,0.007501609157770872,0.05488746985793114,0.036618754267692566,54.44880462763831,,,
m5b_smooth0.001,92,0.045407680328935385,0.8890020251274109,0.019040020182728767,0.012321911752223969,0.035189662128686905,0.04444687440991402,54.26471113972366,,,
m5b_smooth0.001,93,0.10241521708667278,0.8556432127952576,0.04506548494100571,0.020931560546159744,0.017340410500764847,0.061018913984298706,52.422100603580475,,,
m5b_smooth0.001,94,0.3428906761109829,0.6882314682006836,0.1597793847322464,0.044681839644908905,0.013306844979524612,0.09400010108947754,42.99686232581735,,,
m5b_smooth0.001,95,0.30439098831266165,0.5360363721847534,0.2504958212375641,0.10225721448659897,0.014005417935550213,0.09720560908317566,34.17836624849588,,,
m5b_smooth0.001,96,0.4571700422093272,0.6658881306648254,0.04135981202125549,0.1986163705587387,0.016379354521632195,0.07775642722845078,41.793742226436734,,,
m5b_smooth0.001,97,0.14483656454831362,0.6556088328361511,0.008116775192320347,0.26810041069984436,0.019313625991344452,0.04886050894856453,40.968190484680235,,,
m5b_smooth0.001,98,0.48226262582466006,0.896740734577179,0.0018296423368155956,0.06011716276407242,0.014681745320558548,0.026632046326994896,54.46224607108161,,,
m5b_smooth0.001,99,0.13536261348053813,0.9644215703010559,0.0005812039598822594,0.011918283998966217,0.008630448952317238,0.014448882080614567,58.16432776581496,,,
m5b_smooth0.001,100,0.028535136429127306,0.9786881804466248,0.00033576838904991746,0.004265415947884321,0.0061441767029464245,0.01056493166834116,58.92534112330759,,,
m5b_smooth0.001,101,0.005004329432267696,0.981191098690033,0.00032895151525735855,0.0025924586225301027,0.005802909377962351,0.010084562003612518,59.06137648248114,,,
m5b_smooth0.001,102,0.003818422876065597,0.9796353578567505,0.0004456027818378061,0.002239552093669772,0.006806236691772938,0.01087435893714428,58.98517041243031,,,
m5b_smooth0.001,103,0.012455205229343846,0.9734071493148804,0.0007729706121608615,0.0025351112708449364,0.010154463350772858,0.01313020195811987,58.667711334186606,,,
m5b_smooth0.001,104,0.028830947121605277,0.9589917063713074,0.0015958776930347085,0.0035360902547836304,0.018755991011857986,0.01712029241025448,57.9226825615624,,,
m5b_smooth0.001,105,0.05277107690926641,0.9326065182685852,0.0038716932758688927,0.0059356242418289185,0.03271234408020973,0.024874478578567505,56.55529877077788,,,
m5b_smooth0.001,106,0.02321183541789651,0.9270621538162231,0.0077906507067382336,0.008587079122662544,0.026650505140423775,0.02990969829261303,56.26257042912766,,,
m5b_smooth0.001,107,0.05964515870437026,0.905992865562439,0.01842867210507393,0.015148955397307873,0.017896894365549088,0.0425320602953434,55.14417457673699,,,
m5b_smooth0.001,108,0.16598558891564608,0.824373185634613,0.05437476187944412,0.03322933241724968,0.01652359962463379,0.07149820774793625,50.73309400305152,,,
m5b_smooth0.001,109,0.5756262093782425,0.5365603566169739,0.23272477090358734,0.10766328126192093,0.025373373180627823,0.09767785668373108,34.29443961754441,,,
m5b_smooth0.001,110,0.35424259677529335,0.4704311192035675,0.13864067196846008,0.2754839360713959,0.03467429429292679,0.08077017217874527,30.56446210294962,,,
m5b_smooth0.001,111,0.5053544025868177,0.72310870885849,0.01547715999186039,0.1611732840538025,0.02892231196165085,0.07131950557231903,45.08644880540669,,,
m5b_smooth0.001,112,0.3733626127941534,0.9097889065742493,0.0017037849174812436,0.030925750732421875,0.013502907007932663,0.04407740384340286,55.39341943443287,,,
m5b_smooth0.001,113,0.08197746862424538,0.9507784843444824,0.0004690209752880037,0.009189276024699211,0.00784249883145094,0.03172115981578827,57.57373963895952,,,
m5b_smooth0.001,114,0.02588387328432873,0.9637206792831421,0.00024429720360785723,0.004477417562156916,0.005641499999910593,0.025917062535881996,58.239246682380326,,,
m5b_smooth0.001,115,0.006264402167289518,0.966852068901062,0.00022425178030971438,0.0034544747322797775,0.005619758740067482,0.023848779499530792,58.39493303421477,,,
m5b_smooth0.001,116,0.0033081439178204164,0.9661896228790283,0.0002809239085763693,0.0035146481823176146,0.007157482672482729,0.022857651114463806,58.3523117355071,,,
m5b_smooth0.001,117,0.010048027848824859,0.9620695114135742,0.00043553602881729603,0.004334807861596346,0.01120686437934637,0.02195388823747635,58.12341313040815,,,
m5b_smooth0.001,118,0.0314412250299938,0.9463480710983276,0.0008960664854384959,0.006741643883287907,0.022438379004597664,0.023574791848659515,57.28912100294838,,,
m5b_smooth0.001,119,0.052709919575136155,0.9199937582015991,0.0021194361615926027,0.011401682160794735,0.039880186319351196,0.026605183258652687,55.88758384459652,,,
m5b_smooth0.01,4,,0.20000606775283813,0.20000606775283813,0.20000606775283813,0.20000606775283813,0.20000606775283813,17.00051575899124,,,
m5b_smooth0.01,5,0.27154217660427094,0.24525806307792664,0.06512190401554108,0.19910407066345215,0.24525807797908783,0.24525807797908783,20.52833753824234,,,
m5b_smooth0.01,6,0.10502730309963226,0.25775089859962463,0.08015690743923187,0.14659027755260468,0.257750928401947,0.25775089859962463,21.397750735282898,,,
m5b_smooth0.01,7,0.18080294132232666,0.22842180728912354,0.17055849730968475,0.1441761702299118,0.22842183709144592,0.22842183709144592,19.105254024267197,,,
m5b_smooth0.01,8,0.3002108335494995,0.1783866435289383,0.2404746562242508,0.22436529397964478,0.1783866435289383,0.1783866435289383,15.362888664007187,,,
m5b_smooth0.01,9,0.5226969197392464,0.11101389676332474,0.1689290702342987,0.4857136607170105,0.12332917004823685,0.11101389676332474,10.704402603209019,,,
m5b_smooth0.01,10,0.2791469469666481,0.08040006458759308,0.1056838110089302,0.6252875328063965,0.10822901129722595,0.08040007203817368,8.688754372298717,,,
m5b_smooth0.01,11,0.4140382334589958,0.12616585195064545,0.08884667605161667,0.4351050555706024,0.22371602058410645,0.12616589665412903,12.296447657048702,,,
m5b_smooth0.01,12,0.4831339381635189,0.17782078683376312,0.0528750978410244,0.22951015830039978,0.3619735836982727,0.1778208613395691,16.433959927409887,,,
m5b_smooth0.01,13,0.5974331554025412,0.32717880606651306,0.028216568753123283,0.09943320602178574,0.21799211204051971,0.32717904448509216,26.063695957884192,,,
m5b_smooth0.01,14,0.47046416625380516,0.4447947144508362,0.013451451435685158,0.031688936054706573,0.06526926904916763,0.44479507207870483,33.48021701909602,,,
m5b_smooth0.01,15,0.14656042587012053,0.481435090303421,0.007565510459244251,0.01203731819987297,0.017527123913168907,0.4814354181289673,35.79256860446185,,,
m5b_smooth0.01,16,0.049627479165792465,0.47034135460853577,0.007359749637544155,0.008016359992325306,0.008033095858991146,0.506248414516449,35.39559958036989,,,
m5b_smooth0.01,17,0.08497118577361107,0.5085084438323975,0.0110856918618083,0.008609246462583542,0.006368009373545647,0.4654282331466675,37.10799139086157,,,
m5b_smooth0.01,18,0.24958251416683197,0.619462251663208,0.020738691091537476,0.012110291980206966,0.007051257416605949,0.34063681960105896,42.043078943155706,,,
m5b_smooth0.01,19,0.2563216248527169,0.7220636606216431,0.03873535245656967,0.01802259497344494,0.008702032268047333,0.21247634291648865,46.45220580138266,,,
m5b_smooth0.01,20,0.11008945479989052,0.6816496849060059,0.07518725842237473,0.031504418700933456,0.013813463971018791,0.19784602522850037,43.93522020988166,,,
m5b_smooth0.01,21,0.04170690290629864,0.6740760207176208,0.07849545031785965,0.043346766382455826,0.0195162333548069,0.18456609547138214,43.373635962605476,,,
m5b_smooth0.01,22,0.13573649153113365,0.608016848564148,0.0766865611076355,0.05420942232012749,0.025727689266204834,0.23536041378974915,40.19546535983682,,,
m5b_smooth0.01,23,0.1103454977273941,0.5528433322906494,0.10190198570489883,0.07441147416830063,0.029300715774297714,0.24154189229011536,37.082427848130465,,,
m5b_smooth0.01,24,0.3197904508560896,0.43330028653144836,0.18884125351905823,0.14624695479869843,0.030421236529946327,0.20118975639343262,29.655204555019736,,,
m5b_smooth0.01,25,0.35436400957405567,0.35514721274375916,0.10378725826740265,0.3234292268753052,0.028861649334430695,0.18877467513084412,25.2277847006917,,,
m5b_smooth0.01,26,0.24238152988255024,0.46340399980545044,0.03343825787305832,0.2750149667263031,0.02643394283950329,0.20170845091342926,31.671679059043527,,,
m5b_smooth0.01,27,0.4320683404803276,0.6385211944580078,0.010225111618638039,0.08545437455177307,0.023173514753580093,0.242625430226326,42.13683052919805,,,
m5b_smooth0.01,28,0.11781084444373846,0.6474422216415405,0.004576626233756542,0.03282511234283447,0.022546004503965378,0.2926099896430969,43.203947148285806,,,
m5b_smooth0.01,29,0.06830705236643553,0.6807906627655029,0.003516802564263344,0.01850464940071106,0.02335125021636486,0.2738369107246399,44.903646018356085,,,
m5b_smooth0.01,30,0.21913489163853228,0.7903587818145752,0.0034460907336324453,0.013177750632166862,0.020614903420209885,0.17240409553050995,50.02246791287325,,,
m5b_smooth0.01,31,0.08974932809360325,0.833787739276886,0.004566056653857231,0.013407993130385876,0.020709116011857986,0.1275281459093094,52.00241224747151,,,
m5b_smooth0.01,32,0.041532288771122694,0.8403068780899048,0.007787997368723154,0.018758855760097504,0.026383837684988976,0.10676252096891403,52.16183940740302,,,
m5b_smooth0.01,33,0.05952391913160682,0.8317974209785461,0.01407250203192234,0.03136783093214035,0.037252433598041534,0.08551013469696045,51.47393017448485,,,
m5b_smooth0.01,34,0.11750266328454018,0.7786247730255127,0.025727903470396996,0.05894886702299118,0.05676688998937607,0.07993101328611374,48.43646330200136,,,
m5b_smooth0.01,35,0.06665333174169064,0.7565666437149048,0.03822081536054611,0.07978252321481705,0.05260099098086357,0.0728282779455185,47.05936983600259,,,
m5b_smooth0.01,36,0.0863765086978674,0.7899308204650879,0.04804517701268196,0.06864269822835922,0.027888694778084755,0.0654924288392067,48.76193736679852,,,
m5b_smooth0.01,37,0.12619290687143803,0.7349429726600647,0.08761265873908997,0.08136773854494095,0.019780311733484268,0.07629658281803131,45.63490857556462,,,
m5b_smooth0.01,38,0.5114599578082561,0.480459064245224,0.2551962733268738,0.16595964133739471,0.01853431761264801,0.07985112071037292,30.828274965286255,,,
m5b_smooth0.01,39,0.34366862289607525,0.5368207693099976,0.10858151316642761,0.28143250942230225,0.014852432534098625,0.05831371620297432,34.08248425461352,,,
m5b_smooth0.01,40,0.18190192803740501,0.6239293813705444,0.03133440390229225,0.2852737605571747,0.013446347787976265,0.04601484537124634,39.061250837519765,,,
m5b_smooth0.01,41,0.36131205037236214,0.8045859932899475,0.010072258301079273,0.13520845770835876,0.012470697052776814,0.037662506103515625,49.30542719364166,,,
m5b_smooth0.01,42,0.14029430644586682,0.8721340894699097,0.004947396460920572,0.07018665224313736,0.014206270687282085,0.03852647542953491,53.182367272209376,,,
m5b_smooth0.01,43,0.051295921206474304,0.8607438802719116,0.004802619572728872,0.0560736246407032,0.021556543186306953,0.05682411044836044,52.76408965839073,,,
m5b_smooth0.01,44,0.017780957743525505,0.8610503077507019,0.004948663990944624,0.04718299210071564,0.02248384617269039,0.06433466076850891,52.86758827930316,,,
m5b_smooth0.01,45,0.030362907331436872,0.8458688259124756,0.006734990514814854,0.05882776901125908,0.02276771515607834,0.06580111384391785,52.015937452204525,,,
m5b_smooth0.01,46,0.18938635103404522,0.7511754035949707,0.01198981050401926,0.14142359793186188,0.02925511635839939,0.06615599244832993,46.63775452878326,,,
m5b_smooth0.01,47,0.5154431471601129,0.5031960606575012,0.020782168954610825,0.3801001310348511,0.03950761258602142,0.05641357600688934,32.41918955370784,,,
m5b_smooth0.01,48,0.571339912712574,0.7888661026954651,0.019362200051546097,0.12138604372739792,0.03129817917943001,0.039087194949388504,48.481794476509094,,,
m5b_smooth0.01,49,0.24317640718072653,0.9104539155960083,0.014307918958365917,0.026307761669158936,0.021744534373283386,0.027184808626770973,55.25326520111412,,,
m5b_smooth0.01,50,0.036562006920576096,0.9281117916107178,0.014396297745406628,0.010498825460672379,0.01927296631038189,0.027720056474208832,56.25559182558209,,,
m5b_smooth0.01,51,0.01941870804876089,0.9234859347343445,0.019119152799248695,0.006753554567694664,0.017934728413820267,0.03270654380321503,56.031970612704754,,,
m5b_smooth0.01,52,0.06361048854887486,0.8916806578636169,0.03928566724061966,0.0067950282245874405,0.019318528473377228,0.04291996732354164,54.29661946557462,,,
m5b_smooth0.01,53,0.20438613928854465,0.7894877195358276,0.11783000826835632,0.009438076987862587,0.02635933645069599,0.056884970515966415,48.496312353760004,,,
m5b_smooth0.01,54,0.14180052373558283,0.724534809589386,0.17928677797317505,0.011839748360216618,0.03340109810233116,0.05093755945563316,44.63382811751217,,,
m5b_smooth0.01,55,0.19366313330829144,0.8073352575302124,0.08825112134218216,0.014009273611009121,0.04526251554489136,0.04514147341251373,49.519212630577385,,,
m5b_smooth0.01,56,0.09850106481462717,0.8393030762672424,0.03900069370865822,0.01680910959839821,0.05824437364935875,0.046642597764730453,51.508319582790136,,,
m5b_smooth0.01,57,0.05765647254884243,0.8573049306869507,0.023196863010525703,0.021135393530130386,0.04522065818309784,0.05314338579773903,52.58545089326799,,,
m5b_smooth0.01,58,0.058473510667681694,0.8824965953826904,0.017655448988080025,0.025115758180618286,0.02152523212134838,0.05320802703499794,53.93838744983077,,,
m5b_smooth0.01,59,0.05399761721491814,0.8613423109054565,0.02298104390501976,0.04330378398299217,0.015679895877838135,0.05669240280985832,52.73688396066427,,,
m5b_smooth0.01,60,0.1408727690577507,0.7937259078025818,0.03780559450387955,0.09822394698858261,0.016371719539165497,0.053872574120759964,48.82484997808933,,,
m5b_smooth0.01,61,0.2836521565914154,0.6596945524215698,0.054270509630441666,0.22016578912734985,0.019790805876255035,0.04607761651277542,41.08006329461932,,,
m5b_smooth0.01,62,0.13966784439980984,0.7295291423797607,0.03779343515634537,0.1804380714893341,0.018601415678858757,0.033638544380664825,44.95200572349131,,,
m5b_smooth0.01,63,0.18488876894116402,0.8202539086341858,0.025578677654266357,0.10203872621059418,0.020320577546954155,0.031807806342840195,50.13448270596564,,,
m5b_smooth0.01,64,0.11217628233134747,0.8756613731384277,0.019207989796996117,0.05355376750230789,0.01908816210925579,0.032488562166690826,53.308008685708046,,,
m5b_smooth0.01,65,0.11183465085923672,0.8197439908981323,0.03355148807168007,0.0631323978304863,0.026271658018231392,0.057300206273794174,50.39369262941182,,,
m5b_smooth0.01,66,0.328614791855216,0.6554369330406189,0.09221763908863068,0.12952618300914764,0.03443817049264908,0.08838149160146713,41.28542024642229,,,
m5b_smooth0.01,67,0.4394366517663002,0.4477584958076477,0.13634507358074188,0.3040039837360382,0.03555108606815338,0.0763414278626442,29.23150436580181,,,
m5b_smooth0.01,68,0.18367139995098114,0.5392730832099915,0.06250026077032089,0.29915302991867065,0.035872235894203186,0.06320153176784515,34.452271439135075,,,
m5b_smooth0.01,69,0.5563075114041567,0.8174269795417786,0.017402399331331253,0.08713876456022263,0.030594391748309135,0.0474378876388073,50.20272863470018,,,
m5b_smooth0.01,70,0.1295509240590036,0.8822022080421448,0.007167498115450144,0.03485043719410896,0.029512351378798485,0.04626746103167534,53.89818220632151,,,
m5b_smooth0.01,71,0.033845342230051756,0.8878058791160583,0.005155512131750584,0.021399330347776413,0.028052426874637604,0.05758611485362053,54.34027884621173,,,
m5b_smooth0.01,72,0.021210160106420517,0.8957595229148865,0.005389525555074215,0.01770506240427494,0.021142836660146713,0.06000475957989693,54.79214257840067,,,
m5b_smooth0.01,73,0.013035129755735397,0.8975088596343994,0.007403167895972729,0.020458975806832314,0.017610330134630203,0.057019028812646866,54.8408503876999,,,
m5b_smooth0.01,74,0.03406463470309973,0.8876609802246094,0.01271434873342514,0.03088810294866562,0.018902115523815155,0.049834366887807846,54.195033416152,,,
m5b_smooth0.01,75,0.08715167082846165,0.8533247113227844,0.023405715823173523,0.05909692496061325,0.023577699437737465,0.040594737976789474,52.133549397811294,,,
m5b_smooth0.01,76,0.30266411043703556,0.7019929885864258,0.05649065226316452,0.15323197841644287,0.042454857379198074,0.045829977840185165,43.57456959411502,,,
m5b_smooth0.01,77,0.16158564761281013,0.7827854752540588,0.04170353338122368,0.11676505208015442,0.028232106938958168,0.030513612553477287,47.983942529186606,,,
m5b_smooth0.01,78,0.08643865399062634,0.8257805705070496,0.033317919820547104,0.08902674168348312,0.021136652678251266,0.03073779307305813,50.42551804706454,,,
m5b_smooth0.01,79,0.05041012726724148,0.8034975528717041,0.04180639237165451,0.09650855511426926,0.01821524277329445,0.03997320681810379,49.22831682488322,,,
m5b_smooth0.01,80,0.32573735155165195,0.6406283974647522,0.08643710613250732,0.2001287192106247,0.018827522173523903,0.053978245705366135,40.01201520673931,,,
m5b_smooth0.01,81,0.49827535450458527,0.39233797788619995,0.10572679340839386,0.42997652292251587,0.018310422077775,0.053647901862859726,25.8151786159724,,,
m5b_smooth0.01,82,0.44310858100652695,0.6138924956321716,0.04268761724233627,0.2745606303215027,0.017974918708205223,0.05088441073894501,38.53812542743981,,,
m5b_smooth0.01,83,0.4140678709372878,0.8209258913993835,0.014155237935483456,0.09862484037876129,0.01766631007194519,0.04862671345472336,50.37002140190452,,,
m5b_smooth0.01,84,0.10409961687400937,0.8585267066955566,0.007564247120171785,0.05316638574004173,0.02228308655321598,0.058459293097257614,52.653077515307814,,,
m5b_smooth0.01,85,0.045075224712491035,0.8757072687149048,0.005521443206816912,0.03342733159661293,0.021528445184230804,0.06381745636463165,53.6923830662854,,,
m5b_smooth0.01,86,0.016300367191433907,0.8723350167274475,0.0062598069198429585,0.029842877760529518,0.020334545522928238,0.07122885435819626,53.57543522352353,,,
m5b_smooth0.01,87,0.016951943282037973,0.8741170763969421,0.008283627219498158,0.03451268747448921,0.018244564533233643,0.0648425817489624,53.5943543696776,,,
m5b_smooth0.01,88,0.1064488859847188,0.820892333984375,0.01619143970310688,0.068500816822052,0.025860551744699478,0.06855479627847672,50.61602493934333,,,
m5b_smooth0.01,89,0.23383885622024536,0.7189363837242126,0.029833806678652763,0.15960994362831116,0.03802827373147011,0.053591106086969376,44.66132006235421,,,
m5b_smooth0.01,90,0.16556685231626034,0.6483897566795349,0.037089135497808456,0.22940126061439514,0.04376496002078056,0.041354212909936905,40.51399201899767,,,
m5b_smooth0.01,91,0.23696055077016354,0.7668699622154236,0.03021080605685711,0.1348264515399933,0.033299341797828674,0.03479262441396713,47.16708002798259,,,
m5b_smooth0.01,92,0.14087475836277008,0.8330751657485962,0.030143823474645615,0.07458280771970749,0.023172812536358833,0.03902502357959747,50.946962209418416,,,
m5b_smooth0.01,93,0.049340154975652695,0.8289082646369934,0.04307796061038971,0.059138037264347076,0.018114743754267693,0.050761301070451736,50.792449371889234,,,
m5b_smooth0.01,94,0.1779029183089733,0.7399570345878601,0.0913066640496254,0.08274753391742706,0.018940282985568047,0.06704925000667572,45.80824282206595,,,
m5b_smooth0.01,95,0.38020385801792145,0.5560840964317322,0.192561075091362,0.16800284385681152,0.022532163187861443,0.06081993132829666,35.07081957347691,,,
m5b_smooth0.01,96,0.26374064572155476,0.5850046873092651,0.0734916403889656,0.26706063747406006,0.026423856616020203,0.04801879823207855,36.832184962928295,,,
m5b_smooth0.01,97,0.2858458273112774,0.7268975973129272,0.017836851999163628,0.192557692527771,0.02745368890464306,0.03525344654917717,44.89508984237909,,,
m5b_smooth0.01,98,0.2407427025027573,0.8470489978790283,0.006454929243773222,0.0862240269780159,0.02767391875386238,0.03259796276688576,51.73815579293296,,,
m5b_smooth0.01,99,0.14567446638830006,0.9198865294456482,0.0030373709741979837,0.030647557228803635,0.017236309126019478,0.029192665591835976,55.81752329156734,,,
m5b_smooth0.01,100,0.03973821713589132,0.937860906124115,0.002295080106705427,0.017287656664848328,0.011468841694295406,0.031086847186088562,56.84131017001346,,,
m5b_smooth0.01,101,0.011424100957810879,0.9338284730911255,0.0027405968867242336,0.016347505152225494,0.01072935201227665,0.03635335713624954,56.66554396180436,,,
m5b_smooth0.01,102,0.016171217896044254,0.9265872240066528,0.004175698850303888,0.021031204611063004,0.012696603313088417,0.035509441047906876,56.24851115094498,,,
m5b_smooth0.01,103,0.06966509437188506,0.8917548656463623,0.00825403816998005,0.038877274841070175,0.02279544249176979,0.038318928331136703,54.32621089555323,,,
m5b_smooth0.01,104,0.17138351686298847,0.8060629963874817,0.017290573567152023,0.08469834178686142,0.05128892883658409,0.04065948724746704,49.563420705497265,,,
m5b_smooth0.01,105,0.059400709345936775,0.778401792049408,0.026621876284480095,0.10506729036569595,0.05078676715493202,0.03912239521741867,47.94915217347443,,,
m5b_smooth0.01,106,0.1901418026536703,0.8734723329544067,0.025310426950454712,0.0594240203499794,0.013994313776493073,0.027798306196928024,53.09905894845724,,,
m5b_smooth0.01,107,0.07998575363308191,0.8391124606132507,0.04375706985592842,0.0711006224155426,0.008361469022929668,0.037668097764253616,51.18969022575766,,,
m5b_smooth0.01,108,0.25241328962147236,0.7129059433937073,0.09445975720882416,0.13215938210487366,0.008695417083799839,0.051779475063085556,44.05107507761568,,,
m5b_smooth0.01,109,0.5114598805084825,0.4625283181667328,0.13892371952533722,0.34020209312438965,0.011918773874640465,0.046427249908447266,29.64464200474322,,,
m5b_smooth0.01,110,0.2687504654750228,0.5949628949165344,0.0652427151799202,0.2968890964984894,0.013859142549335957,0.02904573082923889,37.15733792912215,,,
m5b_smooth0.01,111,0.5143156098201871,0.8518356680870056,0.02153126336634159,0.09339957684278488,0.014144428074359894,0.019089151173830032,51.77812919206917,,,
m5b_smooth0.01,112,0.14151536021381617,0.9199122786521912,0.008682460524141788,0.037706442177295685,0.016825003549456596,0.016872914507985115,55.670534334145486,,,
m5b_smooth0.01,113,0.0303015005774796,0.923167884349823,0.006632648874074221,0.024606021121144295,0.022216295823454857,0.02337728440761566,55.95331982569769,,,
m5b_smooth0.01,114,0.01784657873213291,0.9264429807662964,0.006522700656205416,0.02024173177778721,0.017767034471035004,0.02902526780962944,56.18454973259941,,,
m5b_smooth0.01,115,0.019704181235283613,0.9192560315132141,0.00882225576788187,0.02368580549955368,0.015101748518645763,0.03313358500599861,55.80482399277389,,,
m5b_smooth0.01,116,0.06172948144376278,0.8883908987045288,0.01603328064084053,0.041423071175813675,0.017824778333306313,0.036326613277196884,54.07710245065391,,,
m5b_smooth0.01,117,0.24915148876607418,0.7638155817985535,0.03673820570111275,0.12488742917776108,0.032078128308057785,0.04248015210032463,47.05960442870855,,,
m5b_smooth0.01,118,0.21235811337828636,0.6628251671791077,0.04579106718301773,0.21170763671398163,0.04238443076610565,0.03729182481765747,41.26920057088137,,,
m5b_smooth0.01,119,0.298738120123744,0.8121941685676575,0.027951525524258614,0.09857583791017532,0.032201822847127914,0.029076654464006424,49.68781507574022,,,
m5b_smooth0.1,4,,0.20000606775283813,0.20000606775283813,0.20000606775283813,0.20000606775283813,0.20000606775283813,17.00051575899124,,,
m5b_smooth0.1,5,0.11200529336929321,0.19065362215042114,0.17204540967941284,0.2559933662414551,0.19065362215042114,0.19065362215042114,16.38296890258789,,,
m5b_smooth0.1,6,0.0628243088722229,0.18018288910388947,0.19895178079605103,0.26049917936325073,0.18018290400505066,0.18018294870853424,15.575264275074005,,,
m5b_smooth0.1,7,0.19451956450939178,0.14776305854320526,0.22106532752513885,0.33564573526382446,0.14776307344436646,0.14776314795017242,13.196811631321907,,,
m5b_smooth0.1,8,0.06414136290550232,0.13707278668880463,0.22107167541980743,0.3677098751068115,0.13707278668880463,0.1370728313922882,12.427097648382187,,,
m5b_smooth0.1,9,0.2077329009771347,0.10294141620397568,0.21866394579410553,0.47157666087150574,0.10387715697288513,0.10294144600629807,9.978199243545532,,,
m5b_smooth0.1,10,0.0299711674451828,0.10272365063428879,0.23164315521717072,0.4570263624191284,0.10588327050209045,0.10272366553544998,9.945455491542816,,,
m5b_smooth0.1,11,0.030375458300113678,0.10883769392967224,0.2176782190799713,0.45998597145080566,0.10466047376394272,0.10883773863315582,10.384249426424503,,,
m5b_smooth0.1,12,0.17549560964107513,0.1502830684185028,0.1502586156129837,0.4396578073501587,0.10951758176088333,0.1502830982208252,13.356802590191364,,,
m5b_smooth0.1,13,0.216423399746418,0.1833491027355194,0.1395951211452484,0.3421095311641693,0.15159711241722107,0.18334916234016418,15.794937938451767,,,
m5b_smooth0.1,14,0.0748673528432846,0.20206597447395325,0.13811413943767548,0.30701199173927307,0.15074202418327332,0.20206603407859802,17.067227229475975,,,
m5b_smooth0.1,15,0.0989159494638443,0.21769124269485474,0.10970328748226166,0.32521942257881165,0.12969498336315155,0.21769139170646667,18.102380484342575,,,
m5b_smooth0.1,16,0.044019244611263275,0.23451776802539825,0.10383909195661545,0.31185051798820496,0.1269180327653885,0.22287406027317047,19.11911980062723,,,
m5b_smooth0.1,17,0.053858742117881775,0.22100745141506195,0.10634835064411163,0.33627068996429443,0.11746317893266678,0.21890991926193237,18.262588627636433,,,
m5b_smooth0.1,18,0.02897743135690689,0.23459723591804504,0.10389987379312515,0.33716973662376404,0.11247587949037552,0.21185709536075592,18.94457373023033,,,
m5b_smooth0.1,19,0.09824766963720322,0.26631468534469604,0.10276681184768677,0.28917935490608215,0.12138152867555618,0.2203582227230072,20.88387181609869,,,
m5b_smooth0.1,20,0.024841666221618652,0.27336305379867554,0.1081390380859375,0.28487440943717957,0.12050717324018478,0.21311645209789276,21.1917260363698,,,
m5b_smooth0.1,21,0.029003851115703583,0.27921900153160095,0.10231772065162659,0.27619391679763794,0.12064416706562042,0.22162555158138275,21.6313064545393,,,
m5b_smooth0.1,22,0.047323428094387054,0.2636568546295166,0.10683611035346985,0.27729761600494385,0.11254464834928513,0.239665225148201,20.901265926659107,,,
m5b_smooth0.1,23,0.10550408065319061,0.28447577357292175,0.11297839134931564,0.2555127441883087,0.08157758414745331,0.2654561698436737,22.235492505133152,,,
m5b_smooth0.1,24,0.0397716760635376,0.28470394015312195,0.11213979870080948,0.2651006281375885,0.06252998113632202,0.27552559971809387,22.28474635630846,,,
m5b_smooth0.1,25,0.035988811403512955,0.2822851240634918,0.13013416528701782,0.25346505641937256,0.06082599237561226,0.2732895314693451,22.079472165554762,,,
m5b_smooth0.1,26,0.026087049394845963,0.29170462489128113,0.12197823822498322,0.25685757398605347,0.06105736643075943,0.2684018015861511,22.579855240881443,,,
m5b_smooth0.1,27,0.0760449543595314,0.3185579180717468,0.12604938447475433,0.21883553266525269,0.06623320281505585,0.2703244388103485,24.144205629825592,,,
m5b_smooth0.1,28,0.040864765644073486,0.31693536043167114,0.11560270190238953,0.21047234535217285,0.06810620427131653,0.288883775472641,24.284257650375366,,,
m5b_smooth0.1,29,0.09304897487163544,0.3598364293575287,0.11823292821645737,0.20388948917388916,0.06909864395856857,0.24894139170646667,26.28895714879036,,,
m5b_smooth0.1,30,0.1105375625193119,0.4151058793067932,0.10376611351966858,0.18247763812541962,0.05811358615756035,0.24053700268268585,29.331864926964045,,,
m5b_smooth0.1,31,0.04653899744153023,0.4299173057079315,0.10218565911054611,0.19093573093414307,0.050968945026397705,0.2259926199913025,29.990710489451885,,,
m5b_smooth0.1,32,0.12359299510717392,0.4282222092151642,0.11015190929174423,0.24476566910743713,0.05080737918615341,0.16605247557163239,29.218167781829834,,,
m5b_smooth0.1,33,0.05399671196937561,0.41325992345809937,0.1070350781083107,0.26961079239845276,0.05296076089143753,0.15713338553905487,28.282055586576462,,,
m5b_smooth0.1,34,0.10357633605599403,0.441154420375824,0.10116766393184662,0.22369001805782318,0.05383673682808876,0.1801510602235794,30.140474941581488,,,
m5b_smooth0.1,35,0.017537426203489304,0.43843093514442444,0.10803993791341782,0.2241552472114563,0.05526789277791977,0.17410577833652496,29.91071793437004,,,
m5b_smooth0.1,36,0.06886626034975052,0.4524352550506592,0.0992489904165268,0.20438534021377563,0.049395494163036346,0.19453446567058563,30.927771292626858,,,
m5b_smooth0.1,37,0.02814372256398201,0.46259233355522156,0.10316397249698639,0.2006942331790924,0.04606160894036293,0.18748779594898224,31.40804709121585,,,
m5b_smooth0.1,38,0.04442315548658371,0.4403807818889618,0.10949777066707611,0.20700763165950775,0.046437885612249374,0.19667592644691467,30.231895748525858,,,
m5b_smooth0.1,39,0.03449583426117897,0.4385223388671875,0.09975865483283997,0.22425523400306702,0.04143223911523819,0.1960308998823166,30.11832296103239,,,
m5b_smooth0.1,40,0.03799483925104141,0.45677003264427185,0.09533078223466873,0.21635454893112183,0.04218216985464096,0.18936224281787872,31.096942976117134,,,
m5b_smooth0.1,41,0.024805869907140732,0.4650037884712219,0.08795679360628128,0.21132569015026093,0.04359297826886177,0.19212070107460022,31.617001835256815,,,
m5b_smooth0.1,42,0.028418026864528656,0.45345449447631836,0.08941330760717392,0.20866604149341583,0.047087665647268295,0.20137858390808105,31.071594934910536,,,
m5b_smooth0.1,43,0.05335278809070587,0.44530826807022095,0.09477610141038895,0.19013558328151703,0.051961299031972885,0.2178182601928711,30.796863671392202,,,
m5b_smooth0.1,44,0.14420699328184128,0.5174119472503662,0.08382074534893036,0.17679575085639954,0.04445698484778404,0.17751444876194,34.45532600954175,,,
m5b_smooth0.1,45,0.07757868617773056,0.5015479922294617,0.09295278042554855,0.20645290613174438,0.043677907437086105,0.15536798536777496,33.286088179796934,,,
m5b_smooth0.1,46,0.07084521651268005,0.5266835689544678,0.08716611564159393,0.21674028038978577,0.042160529643297195,0.12724976241588593,34.4150214754045,,,
m5b_smooth0.1,47,0.022137682884931564,0.5156145095825195,0.09109418094158173,0.21910709142684937,0.04692260921001434,0.1272614300251007,33.79540431499481,,,
m5b_smooth0.1,48,0.038054730743169785,0.5346419811248779,0.08899234235286713,0.2074294090270996,0.04537166282534599,0.12356463819742203,34.83730601146817,,,
m5b_smooth0.1,49,0.06577286124229431,0.5276259183883667,0.09420569986104965,0.18155866861343384,0.049457233399152756,0.14715176820755005,34.70276219770312,,,
m5b_smooth0.1,50,0.034989096224308014,0.5316121578216553,0.0906093418598175,0.16769076883792877,0.04942707344889641,0.16066020727157593,35.08564353361726,,,
m5b_smooth0.1,51,0.17016609758138657,0.6166951656341553,0.08271235972642899,0.12623341381549835,0.03853343054652214,0.13582509756088257,39.63440791890025,,,
m5b_smooth0.1,52,0.08600020408630371,0.5780709981918335,0.10626228153705597,0.13567502796649933,0.03415745869278908,0.14583362638950348,37.478320237249136,,,
m5b_smooth0.1,53,0.05149191804230213,0.5970629453659058,0.11003363877534866,0.13865819573402405,0.03075523115694523,0.12349040806293488,38.29393727891147,,,
m5b_smooth0.1,54,0.03911149129271507,0.5980967283248901,0.10254677385091782,0.15718047320842743,0.029599932953715324,0.11257714033126831,38.24317138828337,,,
m5b_smooth0.1,55,0.010475963354110718,0.5995913743972778,0.09730853140354156,0.1577329784631729,0.030897898599505424,0.1144697442650795,38.36485164053738,,,
m5b_smooth0.1,56,0.019869407638907433,0.6019620895385742,0.09039714187383652,0.15470953285694122,0.032720234245061874,0.12021126598119736,38.58425047621131,,,
m5b_smooth0.1,57,0.03885795176029205,0.6165534257888794,0.09340684860944748,0.1352805644273758,0.03425368294119835,0.12050575762987137,39.419310476630926,,,
m5b_smooth0.1,58,0.031516723334789276,0.627561628818512,0.09812459349632263,0.1300019919872284,0.034285832196474075,0.11002570390701294,39.922188978642225,,,
m5b_smooth0.1,59,0.07253338024020195,0.6008819937705994,0.10654018819332123,0.1574314832687378,0.03470736742019653,0.10043857991695404,38.28084595501423,,,
m5b_smooth0.1,60,0.08359343372285366,0.6341938972473145,0.09354475885629654,0.16591668128967285,0.030350157991051674,0.07599488645792007,39.919308153912425,,,
m5b_smooth0.1,61,0.0426031518727541,0.6186755895614624,0.09991942346096039,0.17969757318496704,0.03149620071053505,0.07021164149045944,38.96298390254378,,,
m5b_smooth0.1,62,0.05300135165452957,0.6439322829246521,0.09922317415475845,0.15535040199756622,0.032739873975515366,0.06875407695770264,40.39294755086303,,,
m5b_smooth0.1,63,0.034839581698179245,0.6265130043029785,0.1006430983543396,0.1614309400320053,0.03712077438831329,0.07429301738739014,39.47566384077072,,,
m5b_smooth0.1,64,0.06680984795093536,0.6538055539131165,0.09591048955917358,0.13498175144195557,0.03489745408296585,0.08040519803762436,41.09914392977953,,,
m5b_smooth0.1,65,0.09232433140277863,0.6076428890228271,0.12099846452474594,0.1385977566242218,0.03836050629615784,0.0943998321890831,38.58548627048731,,,
m5b_smooth0.1,66,0.030723415315151215,0.605346143245697,0.13636057078838348,0.13099870085716248,0.035530246794223785,0.09176458418369293,38.38354117423296,,,
m5b_smooth0.1,67,0.0335407629609108,0.6221162676811218,0.1333167999982834,0.13010865449905396,0.03164499253034592,0.08281301707029343,39.231516011059284,,,
m5b_smooth0.1,68,0.042031582444906235,0.6097652316093445,0.1281493902206421,0.15112458169460297,0.031456682831048965,0.0795041173696518,38.50069145485759,,,
m5b_smooth0.1,69,0.0258481502532959,0.6191880106925964,0.11710092425346375,0.15462568402290344,0.03137132152915001,0.07771367579698563,39.03984932973981,,,
m5b_smooth0.1,70,0.039910122752189636,0.6090477108955383,0.10728585720062256,0.15868401527404785,0.035651352256536484,0.08933006972074509,38.62638099864125,,,
m5b_smooth0.1,71,0.03043605014681816,0.6059520840644836,0.10771933943033218,0.14656174182891846,0.037694498896598816,0.10207159072160721,38.5973933711648,,,
m5b_smooth0.1,72,0.033841367810964584,0.6157495975494385,0.11484289914369583,0.13914760947227478,0.033223140984773636,0.09703678637742996,39.068338576704264,,,
m5b_smooth0.1,73,0.013294031843543053,0.6174635291099548,0.11155515909194946,0.1440809667110443,0.030513351783156395,0.09638757258653641,39.15462928451598,,,
m5b_smooth0.1,74,0.01346028596162796,0.6231642365455627,0.11258429288864136,0.14308224618434906,0.029494864866137505,0.0916743353009224,39.42158997245133,,,
m5b_smooth0.1,75,0.07119213044643402,0.6587605476379395,0.10478535294532776,0.13362227380275726,0.025665124878287315,0.07716716825962067,41.29128126241267,,,
m5b_smooth0.1,76,0.06101193465292454,0.6282544136047363,0.11235121637582779,0.142782524228096,0.02959221601486206,0.08701976388692856,39.66138581186533,,,
m5b_smooth0.1,77,0.05820363201200962,0.6573562622070312,0.10317035764455795,0.12561160326004028,0.028274444863200188,0.0855875313282013,41.31752745248377,,,
m5b_smooth0.1,78,0.03401067666709423,0.6415766477584839,0.10234780609607697,0.12520809471607208,0.03139987960457802,0.09946709871292114,40.58490949496627,,,
m5b_smooth0.1,79,0.10038526728749275,0.6917697787284851,0.0826069787144661,0.10359995812177658,0.028355255722999573,0.09366855025291443,43.4094400703907,,,
m5b_smooth0.1,80,0.006410606205463409,0.6899777054786682,0.08364561945199966,0.10442901402711868,0.02694142609834671,0.09500555694103241,43.31426277011633,,,
m5b_smooth0.1,81,0.0250224769115448,0.6842144131660461,0.08646944910287857,0.11411681771278381,0.026072055101394653,0.08912737667560577,42.91197235137224,,,
m5b_smooth0.1,82,0.0625695139169693,0.6991362571716309,0.07435011118650436,0.13048042356967926,0.025984980165958405,0.0700497254729271,43.57655782997608,,,
m5b_smooth0.1,83,0.045037541538476944,0.7210468053817749,0.06721513718366623,0.11803501099348068,0.026592735201120377,0.06711087375879288,44.809829872101545,,,
m5b_smooth0.1,84,0.01576033979654312,0.7133485674858093,0.06703285127878189,0.11864033341407776,0.030917938798666,0.07006016373634338,44.421135764569044,,,
m5b_smooth0.1,85,0.03342108055949211,0.7246302962303162,0.06621236354112625,0.10274981707334518,0.031130753457546234,0.07527569681406021,45.1240546181798,,,
m5b_smooth0.1,86,0.009252678602933884,0.7290952801704407,0.06425741314888,0.10082834213972092,0.03129288926720619,0.07452656328678131,45.374881360679865,,,
m5b_smooth0.1,87,0.0356031209230423,0.7371777892112732,0.058385517448186874,0.11054698377847672,0.028130605816841125,0.06575877219438553,45.738230872899294,,,
m5b_smooth0.1,88,0.11944558471441269,0.6774550080299377,0.06631972640752792,0.153621107339859,0.03180684521794319,0.07079700380563736,42.388289500027895,,,
m5b_smooth0.1,89,0.039476944133639336,0.6817209720611572,0.05892036855220795,0.16909419000148773,0.029634321108460426,0.06063098832964897,42.52573534660041,,,
m5b_smooth0.1,90,0.07210117019712925,0.6497068405151367,0.0561886765062809,0.2035461664199829,0.03123270347714424,0.05932600051164627,40.69843053817749,,,
m5b_smooth0.1,91,0.04470457509160042,0.6689181327819824,0.054397135972976685,0.1829853057861328,0.03323514387011528,0.060464441776275635,41.817589212208986,,,
m5b_smooth0.1,92,0.02838907390832901,0.6547234654426575,0.06068400666117668,0.18391774594783783,0.03489235043525696,0.065782330930233,41.0610442571342,,,
m5b_smooth0.1,93,0.011354945600032806,0.654723048210144,0.061746224761009216,0.18853291869163513,0.03046124055981636,0.06453630328178406,41.02746480330825,,,
m5b_smooth0.1,94,0.0222579725086689,0.6658523082733154,0.06153648719191551,0.1848132461309433,0.027774788439273834,0.06002345308661461,41.60186658427119,,,
m5b_smooth0.1,95,0.016443803906440735,0.66484534740448,0.06296752393245697,0.19160400331020355,0.026261568069458008,0.05432162433862686,41.47283409535885,,,
m5b_smooth0.1,96,0.029313277453184128,0.6501889824867249,0.06998356431722641,0.1969742625951767,0.028451528400182724,0.05440227687358856,40.63303787633777,,,
m5b_smooth0.1,97,0.12589416466653347,0.7121120691299438,0.05949069559574127,0.15324118733406067,0.029475176706910133,0.04568079113960266,44.09179571829736,,,
m5b_smooth0.1,98,0.04081525839865208,0.7278972268104553,0.05786164477467537,0.13446225225925446,0.033945705741643906,0.045832376927137375,45.01435522735119,,,
m5b_smooth0.1,99,0.16641622968018055,0.8111061453819275,0.04318664222955704,0.0802144855260849,0.027885446324944496,0.03760809451341629,49.6719102691859,,,
m5b_smooth0.1,100,0.036148058250546455,0.829179048538208,0.04190598428249359,0.06496675312519073,0.026714276522397995,0.037232499569654465,50.695804085582495,,,
m5b_smooth0.1,101,0.008770758286118507,0.8247944116592407,0.0445391908288002,0.06592673063278198,0.02714219130575657,0.037597522139549255,50.446344731375575,,,
m5b_smooth0.1,102,0.0234399251639843,0.8144862651824951,0.04837982729077339,0.07380662113428116,0.026929324492812157,0.03639913722872734,49.83706879429519,,,
m5b_smooth0.1,103,0.04825444892048836,0.7903582453727722,0.058558374643325806,0.08120740205049515,0.031160863116383553,0.038714699447155,48.483807137236,,,
m5b_smooth0.1,104,0.0307084359228611,0.805712878704071,0.05282355099916458,0.07629577070474625,0.029512418434023857,0.03565579652786255,49.33025166578591,,,
m5b_smooth0.1,105,0.013643691316246986,0.7988908886909485,0.05324828624725342,0.07778040319681168,0.03129502758383751,0.03878552094101906,48.98210530355573,,,
m5b_smooth0.1,106,0.036467960104346275,0.8171252608299255,0.050471797585487366,0.06835083663463593,0.02691238932311535,0.0371406264603138,49.99139545299113,,,
m5b_smooth0.1,107,0.05450229160487652,0.7898731827735901,0.06126904860138893,0.07660841196775436,0.028594400733709335,0.043654002249240875,48.494802087545395,,,
m5b_smooth0.1,108,0.009741099551320076,0.7885218858718872,0.06432505697011948,0.07804031670093536,0.025076331570744514,0.044037822633981705,48.40182299725711,,,
m5b_smooth0.1,109,0.017184626311063766,0.7971134185791016,0.06083877012133598,0.07737039029598236,0.023621821776032448,0.041055452078580856,48.859884137287736,,,
m5b_smooth0.1,110,0.02218744345009327,0.8081099390983582,0.05491962656378746,0.07746755331754684,0.022860150784254074,0.03664250671863556,49.446934781968594,,,
m5b_smooth0.1,111,0.04381818138062954,0.7862011790275574,0.057853102684020996,0.0934133231639862,0.025416089221835136,0.03711674362421036,48.20771084912121,,,
m5b_smooth0.1,112,0.021617496386170387,0.7753918170928955,0.05965754762291908,0.09670784324407578,0.029039565473794937,0.03920243680477142,47.62540117651224,,,
m5b_smooth0.1,113,0.030582278966903687,0.761224627494812,0.06747949868440628,0.09558414667844772,0.03218657895922661,0.04352486506104469,46.86236375197768,,,
m5b_smooth0.1,114,0.009626800194382668,0.7593903541564941,0.06957405805587769,0.09830338507890701,0.029573554173111916,0.043159160763025284,46.739148592576385,,,
m5b_smooth0.1,115,0.027731947600841522,0.747168779373169,0.07602891325950623,0.10571475327014923,0.028704708442091942,0.04238385707139969,46.01760689355433,,,
m5b_smooth0.1,116,0.005062323063611984,0.7477343678474426,0.07575983554124832,0.10767944157123566,0.027934951707720757,0.0408906452357769,46.030873926356435,,,
m5b_smooth0.1,117,0.039947232231497765,0.7283915877342224,0.07512933015823364,0.12555982172489166,0.02967425063252449,0.04124491289258003,44.940452594310045,,,
m5b_smooth0.1,118,0.02629927173256874,0.7152417898178101,0.07534580677747726,0.1323319673538208,0.033823009580373764,0.043257005512714386,44.22920824214816,,,
m5b_smooth0.1,119,0.02102593332529068,0.7214339375495911,0.07719364017248154,0.1218193769454956,0.03547827899456024,0.044075097888708115,44.59408734738827,,,
m5b_smooth0.3,4,,0.20000606775283813,0.20000606775283813,0.20000606775283813,0.20000606775283813,0.20000606775283813,17.00051575899124,,,
m5b_smooth0.3,5,0.10370871424674988,0.1901901811361313,0.2518453896045685,0.17758429050445557,0.19019022583961487,0.1901901811361313,16.190003246068954,,,
m5b_smooth0.3,6,0.12154339253902435,0.16993291676044464,0.29228484630584717,0.19791638851165771,0.16993291676044464,0.16993291676044464,14.650600269436836,,,
m5b_smooth0.3,7,0.16119807958602905,0.14468593895435333,0.37288424372673035,0.19305863976478577,0.14468593895435333,0.14468593895435333,12.671621218323708,,,
m5b_smooth0.3,8,0.23072999715805054,0.17335115373134613,0.2575187385082245,0.22242748737335205,0.17335115373134613,0.17335115373134613,14.966244652867317,,,
m5b_smooth0.3,9,0.09572760760784149,0.1763143688440323,0.20965519547462463,0.2600351572036743,0.1776811182498932,0.1763143688440323,15.28079178929329,,,
m5b_smooth0.3,10,0.013055309653282166,0.17305037379264832,0.21171370148658752,0.26319631934165955,0.1789887696504593,0.17305037379264832,15.059951707720757,,,
m5b_smooth0.3,11,0.04210376739501953,0.1829042285680771,0.21305781602859497,0.25296974182128906,0.1681634485721588,0.18290427327156067,15.684024721384048,,,
m5b_smooth0.3,12,0.05925650894641876,0.1815342754125595,0.1861695945262909,0.2738420367240906,0.17691954970359802,0.18153433501720428,15.67966976761818,,,
m5b_smooth0.3,13,0.05645307898521423,0.19564758241176605,0.17955447733402252,0.27112385630607605,0.15802636742591858,0.19564762711524963,16.57703234255314,,,
m5b_smooth0.3,14,0.034493669867515564,0.1870240718126297,0.19060516357421875,0.2725240886211395,0.16282212734222412,0.18702414631843567,15.987714678049088,,,
m5b_smooth0.3,15,0.005593881011009216,0.18775509297847748,0.1908191591501236,0.26972734928131104,0.16394324600696564,0.18775515258312225,16.041481643915176,,,
m5b_smooth0.3,16,0.012636840343475342,0.1888936311006546,0.19245488941669464,0.2732711732387543,0.15946699678897858,0.18591265380382538,16.06493240594864,,,
m5b_smooth0.3,17,0.020528510212898254,0.1958770602941513,0.1873251348733902,0.2693694233894348,0.1627482771873474,0.18468035757541656,16.472819969058037,,,
m5b_smooth0.3,18,0.013799518346786499,0.2000187784433365,0.19008292257785797,0.26916322112083435,0.15883010625839233,0.18190471827983856,16.657176092267036,,,
m5b_smooth0.3,19,0.02982005476951599,0.2149290293455124,0.1772649586200714,0.26915571093559265,0.15770526230335236,0.1809452325105667,17.517643943428993,,,
m5b_smooth0.3,20,0.05093957483768463,0.20107972621917725,0.1797294169664383,0.2921609580516815,0.15733486413955688,0.16969506442546844,16.598070815205574,,,
m5b_smooth0.3,21,0.051496922969818115,0.20050548017024994,0.1794511377811432,0.3064204454421997,0.13243886828422546,0.18118397891521454,16.59268906712532,,,
m5b_smooth0.3,22,0.05836912989616394,0.21351037919521332,0.19476550817489624,0.277235746383667,0.13246609270572662,0.18202191591262817,17.312664970755577,,,
m5b_smooth0.3,23,0.07267260551452637,0.22718818485736847,0.1648208498954773,0.2923160791397095,0.12607450783252716,0.1896001398563385,18.209983691573143,,,
m5b_smooth0.3,24,0.03616442531347275,0.22132769227027893,0.162767693400383,0.31039831042289734,0.1198507621884346,0.18565534055233002,17.811754263937473,,,
m5b_smooth0.3,25,0.051642633974552155,0.20654591917991638,0.18565437197685242,0.31113308668136597,0.1220506876707077,0.17461585998535156,16.81078563630581,,,
m5b_smooth0.3,26,0.061990343034267426,0.22681404650211334,0.15966945886611938,0.31015053391456604,0.11802325397729874,0.1853431761264801,18.11993109434843,,,
m5b_smooth0.3,27,0.21573396027088165,0.2901332378387451,0.16664603352546692,0.20682574808597565,0.11348109692335129,0.2229144275188446,22.110287211835384,,,
m5b_smooth0.3,28,0.05035713315010071,0.2982175648212433,0.18354614078998566,0.18220163881778717,0.11367494612932205,0.22235968708992004,22.53196518868208,,,
m5b_smooth0.3,29,0.041606612503528595,0.31778451800346375,0.17134986817836761,0.1764104664325714,0.1108592301607132,0.22359618544578552,23.674013555049896,,,
m5b_smooth0.3,30,0.15321971476078033,0.36014318466186523,0.12607751786708832,0.19929054379463196,0.07952162623405457,0.2349672019481659,26.178732439875603,,,
m5b_smooth0.3,31,0.07341795414686203,0.3423832058906555,0.11562055349349976,0.21390767395496368,0.07102946192026138,0.25705891847610474,25.396367020905018,,,
m5b_smooth0.3,32,0.01957034319639206,0.33838793635368347,0.1135464757680893,0.2122844010591507,0.06893694400787354,0.26684412360191345,25.272052198648453,,,
m5b_smooth0.3,33,0.018213316798210144,0.34098294377326965,0.11319223791360855,0.21699434518814087,0.07073866575956345,0.2580917179584503,25.33160661160946,,,
m5b_smooth0.3,34,0.038103580474853516,0.3504036068916321,0.115575410425663,0.2128039300441742,0.07798673957586288,0.24323046207427979,25.729337260127068,,,
m5b_smooth0.3,35,0.07056979089975357,0.34022846817970276,0.12046658247709274,0.24018849432468414,0.08099588751792908,0.21812069416046143,24.875401087105274,,,
m5b_smooth0.3,36,0.08179417252540588,0.33266356587409973,0.12630967795848846,0.2138204276561737,0.07403210550546646,0.2531750202178955,24.790259934961796,,,
m5b_smooth0.3,37,0.07209917902946472,0.3013095259666443,0.12742501497268677,0.23221398890018463,0.06933612376451492,0.269715279340744,23.16400531679392,,,
m5b_smooth0.3,38,0.07286306843161583,0.2889711260795593,0.11144284904003143,0.2613355815410614,0.06122494861483574,0.2770250141620636,22.540641997009516,,,
m5b_smooth0.3,39,0.13289311900734901,0.23426970839500427,0.10893833637237549,0.3277824819087982,0.0596475824713707,0.26936209201812744,19.337070651352406,,,
m5b_smooth0.3,40,0.04901501163840294,0.24188746511936188,0.11048224568367004,0.3032746911048889,0.06224075332283974,0.2821144759654999,19.918842162936926,,,
m5b_smooth0.3,41,0.19735228270292282,0.28374728560447693,0.10779144614934921,0.2074955701828003,0.06203511729836464,0.3389313817024231,22.93440045788884,,,
m5b_smooth0.3,42,0.05307275429368019,0.26618677377700806,0.12214243412017822,0.1985192447900772,0.06637181341648102,0.34677961468696594,22.008423894643784,,,
m5b_smooth0.3,43,0.05127536505460739,0.2810922861099243,0.12950168550014496,0.19006124138832092,0.06974465399980545,0.32959985733032227,22.667833156883717,,,
m5b_smooth0.3,44,0.08194462954998016,0.31499066948890686,0.10933401435613632,0.19713546335697174,0.06430447101593018,0.3142356872558594,24.449611492455006,,,
m5b_smooth0.3,45,0.12350761890411377,0.30516231060028076,0.1155194491147995,0.250595360994339,0.06641300767660141,0.26231029629707336,23.3142793700099,,,
m5b_smooth0.3,46,0.0763561949133873,0.34333980083465576,0.10633362829685211,0.24800170958042145,0.06070810556411743,0.24161596596240997,25.258307069540024,,,
m5b_smooth0.3,47,0.03581833094358444,0.3507407307624817,0.10834858566522598,0.25060662627220154,0.06659650802612305,0.22370684146881104,25.502683646976948,,,
m5b_smooth0.3,48,0.07543293386697769,0.3262408673763275,0.10309018194675446,0.2883232533931732,0.06611457467079163,0.21623073518276215,24.032544299960136,,,
m5b_smooth0.3,49,0.13538633286952972,0.37602177262306213,0.1158113107085228,0.22063010931015015,0.07066475600004196,0.2168717086315155,26.869865208864212,,,
m5b_smooth0.3,50,0.06317194551229477,0.37977421283721924,0.13414119184017181,0.20456750690937042,0.08016840368509293,0.20134833455085754,26.914351992309093,,,
m5b_smooth0.3,51,0.15465490520000458,0.4534241259098053,0.1244773343205452,0.14792093634605408,0.06915195286273956,0.20502644777297974,31.12812163680792,,,
m5b_smooth0.3,52,0.02818681299686432,0.46504151821136475,0.1215289905667305,0.14585377275943756,0.0716276615858078,0.19594824314117432,31.706250436604023,,,
m5b_smooth0.3,53,0.09494363144040108,0.5109752416610718,0.10388314723968506,0.12583217024803162,0.0618232823908329,0.19748632609844208,34.337465699762106,,,
m5b_smooth0.3,54,0.025503505021333694,0.5036389827728271,0.0986214429140091,0.12916183471679688,0.06166982650756836,0.20690874755382538,34.03285716474056,,,
m5b_smooth0.3,55,0.06350483000278473,0.5334459543228149,0.09623021632432938,0.11913558840751648,0.06361491233110428,0.18757344782352448,35.53172689676285,,,
m5b_smooth0.3,56,0.016581784933805466,0.541736900806427,0.09580343961715698,0.11560995131731033,0.060107793658971786,0.1867421418428421,35.9819918833673,,,
m5b_smooth0.3,57,0.02235814556479454,0.544292151927948,0.100471131503582,0.11092834174633026,0.06406331807374954,0.1802440732717514,36.06264552474022,,,
m5b_smooth0.3,58,0.04501791298389435,0.555275559425354,0.10352804511785507,0.11628071963787079,0.06717997044324875,0.15773551166057587,36.44746072590351,,,
m5b_smooth0.3,59,0.08624931424856186,0.5159527659416199,0.09972616285085678,0.14113155007362366,0.07240614295005798,0.1707831472158432,34.37809383124113,,,
m5b_smooth0.3,60,0.11010093986988068,0.5697117447853088,0.0827254205942154,0.14242295920848846,0.0629160925745964,0.14222338795661926,37.124239064753056,,,
m5b_smooth0.3,61,0.03961558640003204,0.5562881827354431,0.07806036621332169,0.1616063416004181,0.06354095041751862,0.1405046582221985,36.35202222317457,,,
m5b_smooth0.3,62,0.015217266976833344,0.5564033389091492,0.07762066274881363,0.15443691611289978,0.06500343233346939,0.14653515815734863,36.43164798617363,,,
m5b_smooth0.3,63,0.1247955858707428,0.4940055310726166,0.08177848160266876,0.16986441612243652,0.07648439705371857,0.17786665260791779,33.25722751021385,,,
m5b_smooth0.3,64,0.04569531977176666,0.5165194272994995,0.07743082195520401,0.15332753956317902,0.07681827992200851,0.17590364813804626,34.52895811200142,,,
m5b_smooth0.3,65,0.032736144959926605,0.5200899839401245,0.08412777632474899,0.15678679943084717,0.07945986092090607,0.15953585505485535,34.54960820823908,,,
m5b_smooth0.3,66,0.11085224896669388,0.5580459237098694,0.08301404118537903,0.17425693571567535,0.06621184945106506,0.1184714287519455,36.21062321960926,,,
m5b_smooth0.3,67,0.07428189739584923,0.5951870679855347,0.0737355649471283,0.17332594096660614,0.058805812150239944,0.09894618391990662,38.1018247269094,,,
m5b_smooth0.3,68,0.0355183370411396,0.5858764052391052,0.07003014534711838,0.18988165259361267,0.06000897288322449,0.09420280158519745,37.531161449849606,,,
m5b_smooth0.3,69,0.009433351457118988,0.5873284935951233,0.06575827300548553,0.19003285467624664,0.06312195956707001,0.09375759959220886,37.63002656400204,,,
m5b_smooth0.3,70,0.032569848001003265,0.5903414487838745,0.07262864708900452,0.17374803125858307,0.0638899877667427,0.09939126670360565,37.8530673161149,,,
m5b_smooth0.3,71,0.04123665764927864,0.5826457738876343,0.08409211039543152,0.1623537242412567,0.0623621828854084,0.1085466742515564,37.48608843609691,,,
m5b_smooth0.3,72,0.13751697540283203,0.6514041423797607,0.08165603131055832,0.11676990985870361,0.05523527041077614,0.0949348732829094,41.23194942250848,,,
m5b_smooth0.3,73,0.02548922970890999,0.6395845413208008,0.0822826400399208,0.11584489047527313,0.05976468324661255,0.10252346098423004,40.658571027219296,,,
m5b_smooth0.3,74,0.0495692677795887,0.6643692851066589,0.0747736468911171,0.10729920119047165,0.05624961480498314,0.0973086878657341,42.01489729061723,,,
m5b_smooth0.3,75,0.056346796452999115,0.6925424933433533,0.06494716554880142,0.1049656867980957,0.05309079959988594,0.08445391058921814,43.48638417199254,,,
m5b_smooth0.3,76,0.07440302893519402,0.6553406715393066,0.07327218353748322,0.11812180280685425,0.05914103239774704,0.09412375092506409,41.47979762405157,,,
m5b_smooth0.3,77,0.02618231251835823,0.66843181848526,0.06960387527942657,0.1149657592177391,0.0552421472966671,0.09175582230091095,42.19168680533767,,,
m5b_smooth0.3,78,0.09384315460920334,0.6215105652809143,0.07914235442876816,0.13034334778785706,0.06200605258345604,0.10699775069952011,39.69281719252467,,,
m5b_smooth0.3,79,0.06774233281612396,0.6553823351860046,0.0749078020453453,0.11696452647447586,0.053560275584459305,0.09918633848428726,41.51227216050029,,,
m5b_smooth0.3,80,0.016421020030975342,0.6635922193527222,0.06963758170604706,0.11681263148784637,0.05208493396639824,0.09787265956401825,41.97042040899396,,,
m5b_smooth0.3,81,0.030369017273187637,0.6611677408218384,0.0628933310508728,0.12990759313106537,0.054174669086933136,0.09185706824064255,41.7879021987319,,,
m5b_smooth0.3,82,0.012218393385410309,0.66097491979599,0.05988096445798874,0.13601642847061157,0.05208715796470642,0.09104020893573761,41.765598468482494,,,
m5b_smooth0.3,83,0.013482537120580673,0.659548819065094,0.05924348533153534,0.13166919350624084,0.05175654962658882,0.09778132289648056,41.75841457769275,,,
m5b_smooth0.3,84,0.05196773633360863,0.6335656046867371,0.05936883017420769,0.14531689882278442,0.05915902182459831,0.10259032249450684,40.35963347554207,,,
m5b_smooth0.3,85,0.009996194392442703,0.6355594396591187,0.06163794919848442,0.14242930710315704,0.05989355593919754,0.10047920793294907,40.448456052690744,,,
m5b_smooth0.3,86,0.045755017548799515,0.6126822829246521,0.06919845193624496,0.14840252697467804,0.06297000497579575,0.10674689710140228,39.21058960258961,,,
m5b_smooth0.3,87,0.06917537376284599,0.6472697854042053,0.05935312435030937,0.14769376814365387,0.052616581320762634,0.09306653589010239,41.00986912474036,,,
m5b_smooth0.3,88,0.017119482159614563,0.6430485844612122,0.06339076161384583,0.1449756622314453,0.057138752192258835,0.0914461687207222,40.761450443416834,,,
m5b_smooth0.3,89,0.02845749258995056,0.6323885917663574,0.06127532571554184,0.15750789642333984,0.055685292929410934,0.0931425392627716,40.170907121151686,,,
m5b_smooth0.3,90,0.022727712988853455,0.6304243803024292,0.05681636556982994,0.15565207600593567,0.05260100215673447,0.1045069694519043,40.18053999915719,,,
m5b_smooth0.3,91,0.02041202038526535,0.62021803855896,0.05744257569313049,0.1623443365097046,0.05286186560988426,0.10713331401348114,39.62745735421777,,,
m5b_smooth0.3,92,0.043469756841659546,0.6388077139854431,0.060587476938962936,0.14510925114154816,0.052228718996047974,0.10326636582612991,40.63570822402835,,,
m5b_smooth0.3,93,0.13049116730690002,0.7040536999702454,0.054935332387685776,0.10167582333087921,0.046571701765060425,0.09276377409696579,44.22787955030799,,,
m5b_smooth0.3,94,0.016756217926740646,0.7006382942199707,0.05772387608885765,0.0967128574848175,0.0475655160844326,0.09735926240682602,44.082148388028145,,,
m5b_smooth0.3,95,0.014640819281339645,0.699476957321167,0.058092448860406876,0.10366462171077728,0.04523207247257233,0.09353356063365936,43.963798109441996,,,
m5b_smooth0.3,96,0.019565444439649582,0.7092601656913757,0.055820804089307785,0.10158611834049225,0.044132132083177567,0.0892014130949974,44.473933808505535,,,
m5b_smooth0.3,97,0.09660683572292328,0.7575636506080627,0.04444628581404686,0.08212679624557495,0.038841452449560165,0.07702258229255676,47.09485203027725,,,
m5b_smooth0.3,98,0.016782205551862717,0.7494226694107056,0.044346801936626434,0.08197558671236038,0.042055319994688034,0.08219924569129944,46.70081040635705,,,
m5b_smooth0.3,99,0.08616681769490242,0.79250568151474,0.037263352423906326,0.06567638367414474,0.03546418622136116,0.06908922642469406,49.000131867825985,,,
m5b_smooth0.3,100,0.011321865022182465,0.7868458032608032,0.038266729563474655,0.06580051779747009,0.03642449155449867,0.07266339659690857,48.71867547184229,,,
m5b_smooth0.3,101,0.01686680316925049,0.795278787612915,0.03796391189098358,0.06307164579629898,0.034189462661743164,0.06949629634618759,49.15618049353361,,,
m5b_smooth0.3,102,0.015062227845191956,0.7877482771873474,0.039342138916254044,0.06677228212356567,0.03466587886214256,0.07147273421287537,48.74783504754305,,,
m5b_smooth0.3,103,0.04424203559756279,0.7656266093254089,0.04216247424483299,0.07185130566358566,0.03917720168828964,0.08118242025375366,47.606107246130705,,,
m5b_smooth0.3,104,0.009634114801883698,0.761390209197998,0.041581518948078156,0.07324237376451492,0.040807951241731644,0.08297736197710037,47.39205991849303,,,
m5b_smooth0.3,105,0.030040502548217773,0.7463701963424683,0.043484169989824295,0.07725570350885391,0.04434627294540405,0.08854354918003082,46.60749666020274,,,
m5b_smooth0.3,106,0.10185614600777626,0.7972983121871948,0.035310372710227966,0.06234969571232796,0.034727852791547775,0.07031374424695969,49.28774558007717,,,
m5b_smooth0.3,107,0.014486178755760193,0.7900550365447998,0.03741667419672012,0.0645294263958931,0.03542006015777588,0.07257840782403946,48.89834527671337,,,
m5b_smooth0.3,108,0.053073134273290634,0.8165926337242126,0.03452030569314957,0.05761399492621422,0.029828712344169617,0.061446018517017365,50.27196555957198,,,
m5b_smooth0.3,109,0.004257913678884506,0.8182259798049927,0.03376055508852005,0.058109350502491,0.02949630469083786,0.06040896475315094,50.35384703427553,,,
m5b_smooth0.3,110,0.005909247323870659,0.8211674094200134,0.03103121928870678,0.05789101496338844,0.029489099979400635,0.0604219064116478,50.52707921899855,,,
m5b_smooth0.3,111,0.03292486444115639,0.804796040058136,0.030940594151616096,0.06510664522647858,0.032296497374773026,0.06686174869537354,49.67616289667785,,,
m5b_smooth0.3,112,0.04418414644896984,0.7827030420303345,0.0325179360806942,0.06967716664075851,0.03732936829328537,0.07777216285467148,48.553847815841436,,,
m5b_smooth0.3,113,0.011326823383569717,0.7811825275421143,0.03405354917049408,0.0655340701341629,0.03893069177865982,0.08029843866825104,48.49830039590597,,,
m5b_smooth0.3,114,0.08480154909193516,0.823583722114563,0.029807932674884796,0.051254965364933014,0.030948003754019737,0.06440549343824387,50.716909090057015,,,
m5b_smooth0.3,115,0.008401406928896904,0.8193833827972412,0.031478673219680786,0.051635995507240295,0.03128908947110176,0.0662137046456337,50.49540511891246,,,
m5b_smooth0.3,116,0.025352824479341507,0.8320597410202026,0.029223106801509857,0.0491543747484684,0.028569139540195465,0.06099437549710274,51.15417592599988,,,
m5b_smooth0.3,117,0.011731229722499847,0.8375595808029175,0.02764882706105709,0.04952007532119751,0.02710629813373089,0.05816580727696419,51.43384929001331,,,
m5b_smooth0.3,118,0.01360122300684452,0.830758810043335,0.028129572048783302,0.05355691537261009,0.028002552688121796,0.05955241993069649,51.064080668613315,,,
m5b_smooth0.3,119,0.007973004132509232,0.8346889019012451,0.027949249371886253,0.053613826632499695,0.02721349149942398,0.05653580278158188,51.25212052278221,,,
ensemble3,4,,,,,,,,0.33332547545433044,0.33332547545433044,0.33332547545433044
ensemble3,5,0.13089564442634583,,,,,,,0.3987851142883301,0.30060747265815735,0.30060747265815735
ensemble3,6,0.3460496515035629,,,,,,,0.22576014697551727,0.3714199662208557,0.4028196632862091
ensemble3,7,0.3685031831264496,,,,,,,0.19441497325897217,0.2185138314962387,0.5870715379714966
ensemble3,8,0.09969131648540497,,,,,,,0.1803155541419983,0.1827678084373474,0.6369174122810364
ensemble3,9,0.13781151175498962,,,,,,,0.12319281697273254,0.2516731023788452,0.6251339316368103
ensemble3,10,0.2992534935474396,,,,,,,0.13452479243278503,0.3899678885936737,0.4755071997642517
ensemble3,11,0.44672344624996185,,,,,,,0.17921693623065948,0.568637490272522,0.2521454989910126
ensemble3,12,0.3665870130062103,,,,,,,0.16521617770195007,0.7519310712814331,0.08285282552242279
ensemble3,13,0.32249654456973076,,,,,,,0.06032005324959755,0.9131786227226257,0.026499956846237183
ensemble3,14,0.08862634189426899,,,,,,,0.026038039475679398,0.9574920535087585,0.016469059512019157
ensemble3,15,0.017165657132864,,,,,,,0.02679450809955597,0.9489107131958008,0.02429690770804882
ensemble3,16,0.16778606362640858,,,,,,,0.0612187534570694,0.865016758441925,0.07376477122306824
ensemble3,17,0.8053216487169266,,,,,,,0.18298959732055664,0.46235567331314087,0.3546544909477234
ensemble3,18,0.777406595647335,,,,,,,0.1686846762895584,0.0879572257399559,0.7433577179908752
ensemble3,19,0.2201003134250641,,,,,,,0.2787350118160248,0.037776120007038116,0.6834888458251953
ensemble3,20,0.8974539246410131,,,,,,,0.7274622321128845,0.02457115240395069,0.24796710908412933
ensemble3,21,0.3744312133640051,,,,,,,0.9146770238876343,0.016809862107038498,0.0685119777917862
ensemble3,22,0.049893224611878395,,,,,,,0.9334864616394043,0.022947298362851143,0.04356562718749046
ensemble3,23,0.12241714261472225,,,,,,,0.8722785115242004,0.06178898736834526,0.06593313068151474
ensemble3,24,0.6912924461066723,,,,,,,0.5266322493553162,0.29224303364753723,0.18112526834011078
ensemble3,25,0.8390055149793625,,,,,,,0.10712920129299164,0.6735813021659851,0.21928946673870087
ensemble3,26,0.16928712278604507,,,,,,,0.0348348394036293,0.7582247853279114,0.2069401890039444
ensemble3,27,0.07216457650065422,,,,,,,0.021555420011281967,0.7943077683448792,0.18413801491260529
ensemble3,28,0.10612153448164463,,,,,,,0.01908201165497303,0.8473670482635498,0.13354916870594025
ensemble3,29,0.04635415971279144,,,,,,,0.02520170249044895,0.8644254803657532,0.1103731319308281
ensemble3,30,0.10975310392677784,,,,,,,0.04778364673256874,0.809548556804657,0.14266736805438995
ensemble3,31,0.4876481406390667,,,,,,,0.12270686030387878,0.5657246708869934,0.31156840920448303
ensemble3,32,0.7422435432672501,,,,,,,0.23599191009998322,0.19460302591323853,0.5694052577018738
ensemble3,33,0.2655949741601944,,,,,,,0.36878934502601624,0.07476162910461426,0.5564491152763367
ensemble3,34,0.45168640464544296,,,,,,,0.5946322679519653,0.043711043894290924,0.36165621876716614
ensemble3,35,0.12020836398005486,,,,,,,0.654737114906311,0.04106732830405235,0.30419641733169556
ensemble3,36,0.11368981003761292,,,,,,,0.5978918671607971,0.0602543018758297,0.3418540060520172
ensemble3,37,0.2414943017065525,,,,,,,0.47714486718177795,0.09504982829093933,0.4278057813644409
ensemble3,38,0.44464704394340515,,,,,,,0.2548210620880127,0.10386815667152405,0.6413106918334961
ensemble3,39,0.34099049866199493,,,,,,,0.11039144545793533,0.07780200988054276,0.8118054270744324
ensemble3,40,0.07536768168210983,,,,,,,0.07515812665224075,0.07535220682621002,0.8494899868965149
ensemble3,41,0.11825677007436752,,,,,,,0.09002452343702316,0.11961375921964645,0.7903611660003662
ensemble3,42,0.4184214323759079,,,,,,,0.15352898836135864,0.26532021164894104,0.5811506509780884
ensemble3,43,0.5892419815063477,,,,,,,0.22749462723731995,0.485975980758667,0.286530077457428
ensemble3,44,0.26231837272644043,,,,,,,0.275459885597229,0.5691694617271423,0.15537044405937195
ensemble3,45,0.2638561874628067,,,,,,,0.40738818049430847,0.4398965537548065,0.15271545946598053
ensemble3,46,0.40434500575065613,,,,,,,0.5600607991218567,0.23772385716438293,0.20221514999866486
ensemble3,47,0.187613844871521,,,,,,,0.5953109860420227,0.1439170092344284,0.2607719600200653
ensemble3,48,0.11203102767467499,,,,,,,0.619530200958252,0.08790168166160583,0.2925684452056885
ensemble3,49,0.10761088132858276,,,,,,,0.5657249093055725,0.09323301911354065,0.341042697429657
ensemble3,50,0.12811526656150818,,,,,,,0.5435697436332703,0.15729036927223206,0.29913994669914246
ensemble3,51,0.13752105832099915,,,,,,,0.49555155634880066,0.22605115175247192,0.2783978581428528
ensemble3,52,0.2768431305885315,,,,,,,0.37979695200920105,0.20338407158851624,0.416819304227829
ensemble3,53,0.495684914290905,,,,,,,0.2231774479150772,0.11216040700674057,0.6646610498428345
ensemble3,54,0.2780895233154297,,,,,,,0.13587956130504608,0.06041466444730759,0.8037069439888
ensemble3,55,0.03424273803830147,,,,,,,0.15300029516220093,0.060003895312547684,0.7869957089424133
ensemble3,56,0.28609267994761467,,,,,,,0.2558452785015106,0.1002054512500763,0.643949568271637
ensemble3,57,0.421655997633934,,,,,,,0.372500479221344,0.19437794387340546,0.4331212639808655
ensemble3,58,0.30733250081539154,,,,,,,0.4204930365085602,0.3000516891479492,0.2794550657272339
ensemble3,59,0.0819038450717926,,,,,,,0.4614451825618744,0.29091694951057434,0.24763810634613037
ensemble3,60,0.1697627305984497,,,,,,,0.5287863612174988,0.20603540539741516,0.2651781141757965
ensemble3,61,0.13872896134853363,,,,,,,0.5842419862747192,0.13667108118534088,0.2790871262550354
ensemble3,62,0.07716565579175949,,,,,,,0.6228247284889221,0.11353679746389389,0.2636384963989258
ensemble3,63,0.12327035516500473,,,,,,,0.5611893534660339,0.14807702600955963,0.2907332479953766
ensemble3,64,0.2601799964904785,,,,,,,0.4310992956161499,0.2463557869195938,0.3225444257259369
ensemble3,65,0.28177590668201447,,,,,,,0.29021155834198,0.3178839087486267,0.39190447330474854
ensemble3,66,0.28368617594242096,,,,,,,0.2031359225511551,0.2631166875362396,0.5337477922439575
ensemble3,67,0.1101057380437851,,,,,,,0.16376513242721558,0.31816935539245605,0.5180655121803284
ensemble3,68,0.06383399665355682,,,,,,,0.18583332002162933,0.3280176818370819,0.48614802956581116
ensemble3,69,0.12970422208309174,,,,,,,0.2506856322288513,0.3136419951915741,0.4356718063354492
ensemble3,70,0.355391263961792,,,,,,,0.21072927117347717,0.4913380444049835,0.2979329526424408
ensemble3,71,0.43921273946762085,,,,,,,0.12835513055324554,0.7109439373016357,0.1607002466917038
ensemble3,72,0.05756821483373642,,,,,,,0.11770262569189072,0.7397278547286987,0.1425684541463852
ensemble3,73,0.36704158037900925,,,,,,,0.17713135480880737,0.5562074184417725,0.2666608691215515
ensemble3,74,0.6442120969295502,,,,,,,0.19890673458576202,0.23410169780254364,0.5669918656349182
ensemble3,75,0.30350301414728165,,,,,,,0.20359182357788086,0.08235006779432297,0.7140581607818604
ensemble3,76,0.11895142123103142,,,,,,,0.2630680203437805,0.04917485639452934,0.6877581477165222
ensemble3,77,0.4023424945771694,,,,,,,0.4642390012741089,0.047582462430000305,0.4881790280342102
ensemble3,78,0.4436870887875557,,,,,,,0.6770390272140503,0.05662541836500168,0.2663349211215973
ensemble3,79,0.0683719590306282,,,,,,,0.6536886096000671,0.09081178903579712,0.2554997503757477
ensemble3,80,0.09958739578723907,,,,,,,0.6038942933082581,0.1247921735048294,0.2713124454021454
ensemble3,81,0.05514734983444214,,,,,,,0.6296243071556091,0.12663660943508148,0.2437395453453064
ensemble3,82,0.007249176502227783,,,,,,,0.6327301263809204,0.12715528905391693,0.24011486768722534
ensemble3,83,0.5091188997030258,,,,,,,0.3781701326370239,0.13092482089996338,0.4909042418003082
ensemble3,84,0.5597902610898018,,,,,,,0.11614878475666046,0.11305130273103714,0.7707996368408203
ensemble3,85,0.11954837292432785,,,,,,,0.05637504160404205,0.13315939903259277,0.8104661703109741
ensemble3,86,0.09772653132677078,,,,,,,0.048028819262981415,0.18202219903469086,0.7699486613273621
ensemble3,87,0.0745231956243515,,,,,,,0.05638160556554794,0.21093064546585083,0.7326866984367371
ensemble3,88,0.061243265867233276,,,,,,,0.0744866356253624,0.18030956387519836,0.7452038526535034
ensemble3,89,0.07986921817064285,,,,,,,0.10007525980472565,0.14037491381168365,0.7595497965812683
ensemble3,90,0.15130220353603363,,,,,,,0.16308192908763885,0.15301987528800964,0.6838992238044739
ensemble3,91,0.527971163392067,,,,,,,0.343620240688324,0.23646613955497742,0.4199126362800598
ensemble3,92,0.5034115016460419,,,,,,,0.5307697057723999,0.3010231852531433,0.16820764541625977
ensemble3,93,0.1449180617928505,,,,,,,0.6026365160942078,0.3016154170036316,0.09574862569570541
ensemble3,94,0.023018836975097656,,,,,,,0.5966132879257202,0.29612860083580017,0.1072574183344841
ensemble3,95,0.20216583460569382,,,,,,,0.49553030729293823,0.32193538546562195,0.18253348767757416
ensemble3,96,0.2582647353410721,,,,,,,0.5134583711624146,0.19280338287353516,0.29373815655708313
ensemble3,97,0.26438960433006287,,,,,,,0.45133325457572937,0.12273359298706055,0.4259328544139862
ensemble3,98,0.7656950429081917,,,,,,,0.10783392190933228,0.08338546007871628,0.8087804317474365
ensemble3,99,0.21493160165846348,,,,,,,0.02519029937684536,0.05856382101774216,0.916246771812439
ensemble3,100,0.02161329798400402,,,,,,,0.014383576810359955,0.06892818957567215,0.9166889786720276
ensemble3,101,0.05625169910490513,,,,,,,0.015420505777001381,0.09601666033267975,0.8885626792907715
ensemble3,102,0.08202128112316132,,,,,,,0.024891221895813942,0.12755630910396576,0.8475517630577087
ensemble3,103,0.05803384818136692,,,,,,,0.045343268662691116,0.1361214965581894,0.8185351490974426
ensemble3,104,0.1496143378317356,,,,,,,0.09618519991636276,0.16008709371089935,0.7437283396720886
ensemble3,105,0.31442389637231827,,,,,,,0.20471002161502838,0.20877385139465332,0.5865160226821899
ensemble3,106,0.4548253268003464,,,,,,,0.38030296564102173,0.2605932354927063,0.3591030240058899
ensemble3,107,0.22931310534477234,,,,,,,0.49495968222618103,0.2491915225982666,0.25584834814071655
ensemble3,108,0.06006591022014618,,,,,,,0.5115349292755127,0.2191591113805771,0.26930660009384155
ensemble3,109,0.08279910683631897,,,,,,,0.520183265209198,0.1777593046426773,0.30205756425857544
ensemble3,110,0.07837003469467163,,,,,,,0.5593681335449219,0.16929294168949127,0.2713387608528137
ensemble3,111,0.33066166937351227,,,,,,,0.39403751492500305,0.16963765025138855,0.4363251030445099
ensemble3,112,0.688255563378334,,,,,,,0.08034776151180267,0.1392001211643219,0.7804533839225769
ensemble3,113,0.14817707613110542,,,,,,,0.020791228860616684,0.12466821074485779,0.8545420169830322
ensemble3,114,0.027656152844429016,,,,,,,0.011871185153722763,0.13849575817584991,0.8496334552764893
ensemble3,115,0.009271333925426006,,,,,,,0.011854843236505985,0.13387645781040192,0.8542691469192505
ensemble3,116,0.05043936986476183,,,,,,,0.016953950747847557,0.10865627974271774,0.8743892312049866
ensemble3,117,0.030867742374539375,,,,,,,0.032388098537921906,0.09922308474779129,0.868388831615448
ensemble3,118,0.17148639261722565,,,,,,,0.08277036249637604,0.1345842033624649,0.7826458215713501
ensemble3,119,0.621372640132904,,,,,,,0.2509813606739044,0.2770591974258423,0.4719591736793518
amgtp,4,,0.20000606775283813,0.20000606775283813,0.20000606775283813,0.20000606775283813,0.20000606775283813,17.00051575899124,,,
amgtp,5,0.31062151491642,0.2517712116241455,0.08320058882236481,0.1614854633808136,0.2517712116241455,0.2517712116241455,20.96112512052059,,,
amgtp,6,0.1473671868443489,0.2763325273990631,0.07733242958784103,0.09367038309574127,0.2763325273990631,0.2763325273990631,22.741278298199177,,,
amgtp,7,0.09435449540615082,0.2606067955493927,0.10611507296562195,0.11206503957509995,0.2606067955493927,0.2606067955493927,21.55146063119173,,,
amgtp,8,0.3002168759703636,0.21057043969631195,0.18060070276260376,0.18768727779388428,0.21057043969631195,0.21057049930095673,17.79986898601055,,,
amgtp,9,0.3528130501508713,0.15158291161060333,0.20278798043727875,0.3419068157672882,0.1521393060684204,0.15158292651176453,13.51061923801899,,,
amgtp,10,0.39048314839601517,0.1102302223443985,0.13167020678520203,0.5371485352516174,0.11072102189064026,0.11023024469614029,10.67519973218441,,,
amgtp,11,0.17254037410020828,0.09280408918857574,0.09765711426734924,0.6234188079833984,0.09331629425287247,0.09280409663915634,9.488630302250385,,,
amgtp,12,0.04384968429803848,0.10007048398256302,0.09650691598653793,0.6026439666748047,0.10070814192295074,0.10007049888372421,10.014611832797527,,,
amgtp,13,0.11778109520673752,0.11608855426311493,0.10704943537712097,0.5437529683113098,0.11701956391334534,0.11608858406543732,11.147998720407486,,,
amgtp,14,0.11633280664682388,0.13260625302791595,0.11606130748987198,0.48558688163757324,0.1331390142440796,0.13260628283023834,12.317658193409443,,,
amgtp,15,0.09207215160131454,0.1510012298822403,0.11643128097057343,0.4395511746406555,0.14201556146144867,0.1510012298822403,13.603284746408463,,,
amgtp,16,0.0386061817407608,0.1618558168411255,0.1145055741071701,0.4272463023662567,0.13694316148757935,0.15944984555244446,14.298493459820747,,,
amgtp,17,0.015452906489372253,0.16860182583332062,0.11369749903678894,0.42316579818725586,0.13410504162311554,0.16043004393577576,14.684060350060463,,,
amgtp,18,0.019930139183998108,0.17690089344978333,0.11305412650108337,0.41529226303100586,0.13265736401081085,0.1620965301990509,15.170937493443489,,,
amgtp,19,0.022981099784374237,0.18501220643520355,0.11340845376253128,0.4044125974178314,0.13204577565193176,0.16512073576450348,15.66338936239481,,,
amgtp,20,0.040915511548519135,0.19467763602733612,0.11554676294326782,0.3839561343193054,0.1320442110300064,0.17377448081970215,16.305225536227226,,,
amgtp,21,0.07421977818012238,0.20800073444843292,0.11655072867870331,0.34916576743125916,0.12972499430179596,0.19655761122703552,17.303973615169525,,,
amgtp,22,0.1698203906416893,0.21360060572624207,0.10425564646720886,0.2941615581512451,0.11211412400007248,0.2758679687976837,18.449727095663548,,,
amgtp,23,0.27788473665714264,0.18879176676273346,0.08335021138191223,0.22881445288658142,0.08423318713903427,0.4148103892803192,18.494277335703373,,,
amgtp,24,0.09863466769456863,0.18671764433383942,0.07947274297475815,0.20126500725746155,0.06841661781072617,0.46412745118141174,18.863027065992355,,,
amgtp,25,0.28548043221235275,0.22246521711349487,0.09928017109632492,0.2875826358795166,0.06928429007530212,0.32138732075691223,19.294353626668453,,,
amgtp,26,0.28655387461185455,0.3630026876926422,0.07596755027770996,0.27938172221183777,0.07202406972646713,0.20962423086166382,26.13318169862032,,,
amgtp,27,0.6046796217560768,0.6653426289558411,0.037102680653333664,0.11649762839078903,0.0515802763402462,0.12947730720043182,42.480897538363934,,,
amgtp,28,0.2897659968584776,0.8102251887321472,0.021025724709033966,0.06438299268484116,0.0294159147888422,0.07494982331991196,50.08289495669305,,,
amgtp,29,0.12111921701580286,0.8707841038703918,0.014092511497437954,0.04206687957048416,0.021038053557276726,0.05201670899987221,53.26283968333155,,,
amgtp,30,0.047292036935687065,0.8944311738014221,0.011213387362658978,0.030629845336079597,0.01930783875286579,0.04441811516880989,54.525981835089624,,,
amgtp,31,0.025158620439469814,0.8856557607650757,0.01297600008547306,0.026825545355677605,0.024110237136483192,0.05043201148509979,54.107618102803826,,,
amgtp,32,0.12342181615531445,0.8239449858665466,0.028331520035862923,0.029189417138695717,0.04576060548424721,0.0727732926607132,50.89174925908446,,,
amgtp,33,0.34880319982767105,0.6495437026023865,0.08047410845756531,0.04391179233789444,0.13016805052757263,0.09590280055999756,41.43864720314741,,,
amgtp,34,0.07342518121004105,0.6591046452522278,0.05522309988737106,0.06414743512868881,0.13708360493183136,0.08444076776504517,41.935700103640556,,,
amgtp,35,0.27201136387884617,0.7951101660728455,0.02816709317266941,0.060797836631536484,0.049853578209877014,0.066070556640625,49.191133407875896,,,
amgtp,36,0.07603120803833008,0.8331260681152344,0.021370435133576393,0.052563734352588654,0.03243144229054451,0.06050814688205719,51.24075987748802,,,
amgtp,37,0.06405251286923885,0.8045384883880615,0.021868446841835976,0.06651653349399567,0.028992710635066032,0.07808353751897812,49.78984585031867,,,
amgtp,38,0.42360326275229454,0.5927371978759766,0.03417171910405159,0.21618644893169403,0.030911318957805634,0.12599371373653412,38.227254163473845,,,
amgtp,39,0.5803796909749508,0.3424721360206604,0.042689163237810135,0.4978589713573456,0.02997046336531639,0.08700990676879883,23.51252617686987,,,
amgtp,40,0.09846395999193192,0.3434812128543854,0.06001903861761093,0.44862642884254456,0.040417835116386414,0.10745500028133392,23.802065946161747,,,
amgtp,41,0.38616735115647316,0.39655664563179016,0.059913817793130875,0.2556486427783966,0.05525130033493042,0.23263044655323029,28.263843838125467,,,
amgtp,42,0.11744821071624756,0.4316340684890747,0.042678020894527435,0.22472593188285828,0.0446854792535305,0.2562769055366516,30.51557495817542,,,
amgtp,43,0.010805651545524597,0.43137264251708984,0.04101899638772011,0.22317075729370117,0.042758285999298096,0.2616797387599945,30.555714163929224,,,
amgtp,44,0.02523880824446678,0.4238123893737793,0.040484070777893066,0.21890293061733246,0.04250144213438034,0.27429869771003723,30.263628087937832,,,
amgtp,45,0.02103753387928009,0.41740259528160095,0.041134029626846313,0.21479469537734985,0.04396422952413559,0.2827054560184479,29.995299823582172,,,
amgtp,46,0.016797736287117004,0.41504645347595215,0.04461163282394409,0.21123374998569489,0.04888521879911423,0.28022339940071106,29.846424214541912,,,
amgtp,47,0.049045629799366,0.41859927773475647,0.05383281409740448,0.20712746679782867,0.060634031891822815,0.25980687141418457,29.852906301617622,,,
amgtp,48,0.049306731671094894,0.4274207353591919,0.06136172637343407,0.20283056795597076,0.06893660128116608,0.23944997787475586,30.149953451007605,,,
amgtp,49,0.04114530608057976,0.4459124207496643,0.06313586980104446,0.1961926519870758,0.06924405694007874,0.22551587224006653,31.048389680683613,,,
amgtp,50,0.06554211303591728,0.47868311405181885,0.059086017310619354,0.1895192414522171,0.06029650941491127,0.21241526305675507,32.74451983347535,,,
amgtp,51,0.052791744470596313,0.5050783753395081,0.05825604125857353,0.1831928938627243,0.053891003131866455,0.1995806097984314,34.083902802318335,,,
amgtp,52,0.04044639691710472,0.4933547377586365,0.07077432423830032,0.19089825451374054,0.05200187861919403,0.1929706186056137,33.31035516411066,,,
amgtp,53,0.14592080563306808,0.42600512504577637,0.10345493257045746,0.22860506176948547,0.0545753538608551,0.18736031651496887,29.354649528861046,,,
amgtp,54,0.11015776544809341,0.3759390413761139,0.10229246318340302,0.2747001647949219,0.06355886906385422,0.1835097223520279,26.496783636510372,,,
amgtp,55,0.10533243417739868,0.38818585872650146,0.08057250082492828,0.243754044175148,0.08331083506345749,0.20417729020118713,27.544644065201283,,,
amgtp,56,0.1455065831542015,0.4358535706996918,0.0649680346250534,0.18906398117542267,0.08085167407989502,0.22926247119903564,30.559010535478592,,,
amgtp,57,0.13955704495310783,0.5056319236755371,0.05610215291380882,0.15977738797664642,0.058260463178157806,0.2202274650335312,34.364357490092516,,,
amgtp,58,0.1450047641992569,0.5781347751617432,0.049356233328580856,0.13904665410518646,0.04748909920454025,0.18597356975078583,38.09063637629151,,,
amgtp,59,0.10353642702102661,0.6299030780792236,0.04491392895579338,0.12326449900865555,0.04212002456188202,0.1597989797592163,40.74091799929738,,,
amgtp,60,0.05924270674586296,0.6595239043235779,0.04371294751763344,0.11225143074989319,0.03987448289990425,0.14463669061660767,42.25593654811382,,,
amgtp,61,0.03223242983222008,0.6683424711227417,0.04851830378174782,0.10422114282846451,0.042367033660411835,0.13655102252960205,42.670013550668955,,,
amgtp,62,0.044983744621276855,0.659186065196991,0.05919724702835083,0.09787265211343765,0.05418020114302635,0.1295642852783203,42.09714051708579,,,
amgtp,63,0.05585808679461479,0.6378880739212036,0.06890317797660828,0.09546772390604019,0.072402723133564,0.12533757090568542,40.89013583958149,,,
amgtp,64,0.0513540580868721,0.6635653972625732,0.06580111384391785,0.09318126738071442,0.05351244658231735,0.1239396333694458,42.26901074498892,,,
amgtp,65,0.1388435959815979,0.6072751879692078,0.10375215858221054,0.10503794252872467,0.0403805673122406,0.14355342090129852,39.147789128124714,,,
amgtp,66,0.40027695149183273,0.41385793685913086,0.2600069046020508,0.14811095595359802,0.03365987539291382,0.14436466991901398,27.79254049062729,,,
amgtp,67,0.4008878320455551,0.3543950915336609,0.11912817507982254,0.34021735191345215,0.03355718404054642,0.15270183980464935,24.776211768388748,,,
amgtp,68,0.12541967257857323,0.33550503849983215,0.07530849426984787,0.39424073696136475,0.03542115166783333,0.15952442586421967,23.86962303891778,,,
amgtp,69,0.3193209543824196,0.37632647156715393,0.07802294194698334,0.23458005487918854,0.042263422161340714,0.2688065469264984,27.420487012714148,,,
amgtp,70,0.09894755110144615,0.37786078453063965,0.07900549471378326,0.18748806416988373,0.03988180309534073,0.3157636225223541,28.012980096042156,,,
amgtp,71,0.02552492544054985,0.38109636306762695,0.07629568129777908,0.17807863652706146,0.03923863545060158,0.3252905607223511,28.305051673203707,,,
amgtp,72,0.07831880822777748,0.41890352964401245,0.07189563661813736,0.1671879142522812,0.040590979158878326,0.30142202973365784,30.211716428399086,,,
amgtp,73,0.1440783031284809,0.49052610993385315,0.06827398389577866,0.15736204385757446,0.04100758954882622,0.24283044040203094,33.65860600396991,,,
amgtp,74,0.08348629251122475,0.532242476940155,0.0663200169801712,0.14953862130641937,0.04103418439626694,0.21086449921131134,35.68882677704096,,,
amgtp,75,0.05158426612615585,0.5561042428016663,0.0662933960556984,0.1410960704088211,0.04296504706144333,0.19354203343391418,36.86617997288704,,,
amgtp,76,0.06263123080134392,0.5709850788116455,0.07434897124767303,0.12884439527988434,0.05134376510977745,0.17447760701179504,37.52207973971963,,,
amgtp,77,0.0682423934340477,0.5887011885643005,0.08607176691293716,0.1164783239364624,0.0560261569917202,0.1527225822210312,38.287877302616835,,,
amgtp,78,0.08537061512470245,0.6313864588737488,0.08491257578134537,0.1054302379488945,0.04772651568055153,0.13054415583610535,40.44609461352229,,,
amgtp,79,0.036183129996061325,0.633070707321167,0.09914181381464005,0.10760796815156937,0.03964366018772125,0.12053509801626205,40.371205151081085,,,
amgtp,80,0.27863097190856934,0.4963642656803131,0.1746281087398529,0.159830242395401,0.037035174667835236,0.132142573595047,32.54521702975035,,,
amgtp,81,0.34344301745295525,0.3663286566734314,0.13344842195510864,0.32617250084877014,0.03652862831950188,0.13752149045467377,25.27268658950925,,,
amgtp,82,0.11634888499975204,0.3725527822971344,0.07527400553226471,0.34576520323753357,0.04146552458405495,0.16494223475456238,26.065186511725187,,,
amgtp,83,0.37015555053949356,0.4829680323600769,0.06267213821411133,0.1732896864414215,0.04376521334052086,0.23730546236038208,33.189256105571985,,,
amgtp,84,0.19491929933428764,0.5804278254508972,0.05284906178712845,0.12437163293361664,0.03461647778749466,0.2077358216047287,38.402250334620476,,,
amgtp,85,0.23169799894094467,0.6962763667106628,0.0407220758497715,0.09386058896780014,0.02577247843146324,0.14336839318275452,44.28645069897175,,,
amgtp,86,0.15321061946451664,0.7728821635246277,0.031441062688827515,0.07166264206171036,0.020469343289732933,0.1035456657409668,48.212283523753285,,,
amgtp,87,0.07063844427466393,0.8082010746002197,0.027052752673625946,0.06026533991098404,0.018841350451111794,0.08563973754644394,50.03075902722776,,,
amgtp,88,0.015529319643974304,0.8124013543128967,0.027148408815264702,0.05603102222084999,0.022309936583042145,0.08210925757884979,50.24502189643681,,,
amgtp,89,0.04615329019725323,0.7905413508415222,0.03354296460747719,0.05481414124369621,0.03597584366798401,0.08512520045042038,49.07405015081167,,,
amgtp,90,0.13177292793989182,0.7246555089950562,0.053958505392074585,0.05654054880142212,0.07300503551959991,0.09184114634990692,45.499721989035606,,,
amgtp,91,0.059823375195264816,0.6953490376472473,0.07237659394741058,0.062354926019907,0.07239968329668045,0.09752023220062256,43.85246466472745,,,
amgtp,92,0.06345552951097488,0.7168505787849426,0.07481018453836441,0.06772882491350174,0.040671613067388535,0.09993866086006165,44.97287392988801,,,
amgtp,93,0.08430246263742447,0.6834940314292908,0.09348742663860321,0.07994046807289124,0.031876999884843826,0.11120107769966125,43.12290480360389,,,
amgtp,94,0.24968916736543179,0.5612080097198486,0.15140868723392487,0.12812402844429016,0.029318509623408318,0.1299409121274948,36.2326636929065,,,
amgtp,95,0.3042663484811783,0.42485111951828003,0.15090303122997284,0.27952736616134644,0.03004816733300686,0.11467010527849197,28.29627094604075,,,
amgtp,96,0.23357601650059223,0.38719525933265686,0.08388350158929825,0.3893826901912689,0.036980465054512024,0.10255710035562515,26.178409792482853,,,
amgtp,97,0.23583408072590828,0.45737671852111816,0.07720134407281876,0.27814793586730957,0.05827144905924797,0.12900182604789734,30.568173971027136,,,
amgtp,98,0.17100192978978157,0.5189629197120667,0.07869936525821686,0.19437241554260254,0.056546539068222046,0.15141910314559937,34.31528501212597,,,
amgtp,99,0.042145244777202606,0.5400359034538269,0.07786702364683151,0.1856013983488083,0.046151697635650635,0.15034504234790802,35.46471790224314,,,
amgtp,100,0.03568087890744209,0.5578755140304565,0.07572148740291595,0.17971551418304443,0.04254036024212837,0.14414653182029724,36.4032328389585,,,
amgtp,101,0.03072989732027054,0.5732408165931702,0.07344729453325272,0.17343752086162567,0.04105145111680031,0.1388230323791504,37.21909146383405,,,
amgtp,102,0.027594756335020065,0.5870382189750671,0.07139935344457626,0.1662863790988922,0.040566883981227875,0.13470932841300964,37.96245041489601,,,
amgtp,103,0.023658424615859985,0.5972629189491272,0.07070852816104889,0.15727636218070984,0.04217115044593811,0.1325807124376297,38.52964077889919,,,
amgtp,104,0.027329716831445694,0.598800778388977,0.07495682686567307,0.1453525871038437,0.05004994198679924,0.13083972036838531,38.621166970580816,,,
amgtp,105,0.049059461802244186,0.5916502475738525,0.08585906773805618,0.13031327724456787,0.06367740780115128,0.1284998059272766,38.220552891492844,,,
amgtp,106,0.06504914164543152,0.6222100257873535,0.0878237709403038,0.11696313321590424,0.052372053265571594,0.120630644261837,39.82674811035395,,,
amgtp,107,0.05803365260362625,0.651226818561554,0.08612433820962906,0.11028069257736206,0.03858887404203415,0.11377883702516556,41.35360136628151,,,
amgtp,108,0.09628410264849663,0.6079273223876953,0.10291033983230591,0.1348973959684372,0.03374649956822395,0.12051836401224136,38.90672446414828,,,
amgtp,109,0.37720395624637604,0.42517489194869995,0.13175587356090546,0.29292383790016174,0.035476233810186386,0.11466854810714722,28.374714214354753,,,
amgtp,110,0.2565921060740948,0.34212562441825867,0.10345451533794403,0.41547489166259766,0.04122114181518555,0.09772302955389023,23.53408706188202,,,
amgtp,111,0.38093654066324234,0.46860265731811523,0.08319883048534393,0.2452627420425415,0.0640828013420105,0.1388530433177948,31.327668711543083,,,
amgtp,112,0.21382904052734375,0.5755167603492737,0.06915634125471115,0.1721910983324051,0.047001175582408905,0.13613386452198029,37.351617589592934,,,
amgtp,113,0.11517440527677536,0.633104145526886,0.06098826229572296,0.1517297625541687,0.03669927269220352,0.11747816205024719,40.404015459120274,,,
amgtp,114,0.09496953710913658,0.6805892586708069,0.05305881425738335,0.13181833922863007,0.031239427626132965,0.10329445451498032,42.94866770878434,,,
amgtp,115,0.04977448284626007,0.7054756879806519,0.048872899264097214,0.12072575092315674,0.029060713946819305,0.09586361795663834,44.28510707989335,,,
amgtp,116,0.013353677466511726,0.7117759585380554,0.0479545071721077,0.11677385121583939,0.029437756165862083,0.09405754506587982,44.6277034971863,,,
amgtp,117,0.007145298644900322,0.7111700773239136,0.04857799783349037,0.11380700021982193,0.032046131789684296,0.09439824521541595,44.606101993471384,,,
amgtp,118,0.026301641017198563,0.7051204442977905,0.05183571204543114,0.10670605301856995,0.04026982560753822,0.0960678979754448,44.30601987987757,,,
amgtp,119,0.0582483671605587,0.685091495513916,0.06322328001260757,0.0976111888885498,0.05559870973229408,0.09847600013017654,43.22940154746175,,,
amgtp_global_q,4,,0.20000606775283813,0.20000606775283813,0.20000606775283813,0.20000606775283813,0.20000606775283813,17.00051575899124,,,
amgtp_global_q,5,0.13965599238872528,0.22327695786952972,0.13839849829673767,0.19177033007144928,0.22327695786952972,0.22327697277069092,18.79914328455925,,,
amgtp_global_q,6,0.23612919449806213,0.2626318335533142,0.09435506165027618,0.11774921417236328,0.2626318335533142,0.2626318633556366,21.72078163921833,,,
amgtp_global_q,7,0.02764245867729187,0.2580246925354004,0.10712476819753647,0.11880051344633102,0.2580246925354004,0.2580246925354004,21.36352640390396,,,
amgtp_global_q,8,0.17379647493362427,0.229058638215065,0.1508762687444687,0.1619473248720169,0.229058638215065,0.229058638215065,19.190467938780785,,,
amgtp_global_q,9,0.25621071457862854,0.18594537675380707,0.20627422630786896,0.23465533554553986,0.18718041479587555,0.18594537675380707,15.98046101629734,,,
amgtp_global_q,10,0.24488672614097595,0.14466695487499237,0.213208869099617,0.35016393661499023,0.14729377627372742,0.14466695487499237,13.000111773610115,,,
amgtp_global_q,11,0.23712105304002762,0.12104400992393494,0.16434331238269806,0.4687242805957794,0.1248445138335228,0.12104400992393494,11.401684485375881,,,
amgtp_global_q,12,0.05718090385198593,0.12050836533308029,0.1372467577457428,0.49731454253196716,0.12442171573638916,0.12050836533308029,11.41776143014431,,,
amgtp_global_q,13,0.09092675149440765,0.1349850594997406,0.13914074003696442,0.4518509805202484,0.13903753459453583,0.1349850594997406,12.456850826740265,,,
amgtp_global_q,14,0.08738134801387787,0.1475624144077301,0.14516739547252655,0.4081608057022095,0.15154734253883362,0.1475624144077301,13.350099876523018,,,
amgtp_global_q,15,0.0478728711605072,0.15557390451431274,0.14664489030838013,0.3842240273952484,0.1579829752445221,0.15557388961315155,13.917666524648666,,,
amgtp_global_q,16,0.038461342453956604,0.16414442658424377,0.14436565339565277,0.3672730028629303,0.16040010750293732,0.16381731629371643,14.511093437671661,,,
amgtp_global_q,17,0.026568755507469177,0.17164869606494904,0.14299266040325165,0.35636162757873535,0.15939980745315552,0.16959713399410248,15.001157835125923,,,
amgtp_global_q,18,0.0243656188249588,0.1793854832649231,0.1412893384695053,0.34732088446617126,0.15796133875846863,0.1740434318780899,15.488718405365944,,,
amgtp_global_q,19,0.02959941327571869,0.1891169250011444,0.13908587396144867,0.3364182412624359,0.15626749396324158,0.17911145091056824,16.096788868308067,,,
amgtp_global_q,20,0.05120612680912018,0.20467609167099,0.13552822172641754,0.31753113865852356,0.15310947597026825,0.18915563821792603,17.08863240480423,,,
amgtp_global_q,21,0.0965079814195633,0.2314131259918213,0.1291908472776413,0.2838378846645355,0.1448861062526703,0.21067258715629578,18.829111024737358,,,
amgtp_global_q,22,0.17575892806053162,0.26314347982406616,0.1171385869383812,0.22849570214748383,0.12440086156129837,0.2668214738368988,21.197541147470474,,,
amgtp_global_q,23,0.19385334104299545,0.26497286558151245,0.10565823316574097,0.17115294933319092,0.09629755467176437,0.36191901564598083,22.258438117802143,,,
amgtp_global_q,24,0.11451270431280136,0.2471289038658142,0.11631974577903748,0.14923742413520813,0.07880041003227234,0.4085135757923126,21.662559181451797,,,
amgtp_global_q,25,0.11347724497318268,0.24315862357616425,0.14304403960704803,0.17925158143043518,0.07742847502231598,0.3571169972419739,20.811953485012054,,,
amgtp_global_q,26,0.16405986994504929,0.2761295437812805,0.11545202881097794,0.22463493049144745,0.08110427856445312,0.3026792109012604,22.16236834973097,,,
amgtp_global_q,27,0.2548970878124237,0.4035780727863312,0.06410986185073853,0.1591157764196396,0.07603219896554947,0.29716405272483826,29.44866368919611,,,
amgtp_global_q,28,0.3533422723412514,0.5802494287490845,0.0358211025595665,0.08237753808498383,0.05085218697786331,0.2507001459598541,38.96368679404259,,,
amgtp_global_q,29,0.23087547533214092,0.6956867575645447,0.0241775531321764,0.05128148943185806,0.03539184480905533,0.19346193969249725,44.87543754465878,,,
amgtp_global_q,30,0.10425379686057568,0.7478137016296387,0.01918218657374382,0.03870049864053726,0.029697313904762268,0.164605975151062,47.51647062972188,,,
amgtp_global_q,31,0.03928856737911701,0.7657981514930725,0.019215965643525124,0.03642374277114868,0.03132342919707298,0.14723850786685944,48.356979398056865,,,
amgtp_global_q,32,0.03691624663770199,0.7590497136116028,0.02359752729535103,0.04085483029484749,0.04096950963139534,0.13552942872047424,47.87334340438247,,,
amgtp_global_q,33,0.0855025164783001,0.7275404334068298,0.03325137495994568,0.05220325291156769,0.0627182275056839,0.1242871806025505,46.02133525907993,,,
amgtp_global_q,34,0.13300999626517296,0.6721321940422058,0.04849961772561073,0.07279089093208313,0.09338734298944473,0.1131904199719429,42.83318121358752,,,
amgtp_global_q,35,0.05791078507900238,0.6603633165359497,0.062306638807058334,0.08793890476226807,0.08486007899045944,0.10453081130981445,42.00537425652146,,,
amgtp_global_q,36,0.05778563767671585,0.6751132011413574,0.07522740215063095,0.08916091173887253,0.0586886964738369,0.10180921107530594,42.685652036219835,,,
amgtp_global_q,37,0.12511277571320534,0.6223279237747192,0.1113831177353859,0.10488031059503555,0.04891825467348099,0.11249115318059921,39.6830034032464,,,
amgtp_global_q,38,0.3307995907962322,0.46035245060920715,0.20852293074131012,0.16141705214977264,0.04549353942275047,0.12421400099992752,30.371371913701296,,,
amgtp_global_q,39,0.23276038095355034,0.36847826838493347,0.1847078800201416,0.2730441093444824,0.04480265825986862,0.12896721065044403,25.231695868074894,,,
amgtp_global_q,40,0.15740592405200005,0.3606507480144501,0.11383207887411118,0.33013108372688293,0.04888809844851494,0.14649739861488342,25.136450480669737,,,
amgtp_global_q,41,0.20093101263046265,0.4080633819103241,0.09361162036657333,0.24988622963428497,0.05516354367136955,0.19327501952648163,28.419068302959204,,,
amgtp_global_q,42,0.14263789355754852,0.43899378180503845,0.08919399231672287,0.1829846054315567,0.055420245975255966,0.23340655863285065,30.6334082596004,,,
amgtp_global_q,43,0.05143294855952263,0.44715893268585205,0.0845000296831131,0.16252820193767548,0.05485440045595169,0.2509581446647644,31.299015425145626,,,
amgtp_global_q,44,0.03885379061102867,0.46028637886047363,0.07903824746608734,0.14931483566761017,0.0541025809943676,0.25725752115249634,32.12448884919286,,,
amgtp_global_q,45,0.04710409790277481,0.4828712046146393,0.07506456226110458,0.14007806777954102,0.0550699345767498,0.2469160556793213,33.30988536402583,,,
amgtp_global_q,46,0.052838291972875595,0.5065208077430725,0.07336246222257614,0.13464611768722534,0.05783941596746445,0.22763089835643768,34.46025776863098,,,
amgtp_global_q,47,0.04671537131071091,0.5237814784049988,0.07269438356161118,0.1296069473028183,0.06393621861934662,0.20998024940490723,35.27568095177412,,,
amgtp_global_q,48,0.04608525335788727,0.540105402469635,0.07247882336378098,0.12283633649349213,0.07065501809120178,0.19392389059066772,36.05683157593012,,,
amgtp_global_q,49,0.05256342142820358,0.5598800778388977,0.07421331107616425,0.11407943814992905,0.07542750984430313,0.17639902234077454,37.00683517754078,,,
amgtp_global_q,50,0.07412160187959671,0.5943891406059265,0.07676522433757782,0.10467478632926941,0.06737113744020462,0.15679942071437836,38.720927871763706,,,
amgtp_global_q,51,0.04885583743453026,0.607761800289154,0.08782052248716354,0.1038520336151123,0.05598670616745949,0.1445787250995636,39.28109373524785,,,
amgtp_global_q,52,0.16786916553974152,0.5278873443603516,0.13804884254932404,0.13405245542526245,0.051926594227552414,0.1480845808982849,34.65011716261506,,,
amgtp_global_q,53,0.24300459399819374,0.4063853621482849,0.18526314198970795,0.2060185968875885,0.05366203188896179,0.14867131412029266,27.643473282456398,,,
amgtp_global_q,54,0.17310699075460434,0.3691360354423523,0.13595883548259735,0.2854596674442291,0.05909379571676254,0.15035183727741241,25.659082256257534,,,
amgtp_global_q,55,0.19192858040332794,0.4307238459587097,0.09627844393253326,0.22917532920837402,0.06871650367975235,0.17510516941547394,29.55972308665514,,,
amgtp_global_q,56,0.1862952634692192,0.5163350701332092,0.07957461476325989,0.15624044835567474,0.06520789861679077,0.1826418936252594,34.541841968894005,,,
amgtp_global_q,57,0.13963434472680092,0.5861523151397705,0.06850430369377136,0.12382931262254715,0.054074738174676895,0.16743940114974976,38.33180593326688,,,
amgtp_global_q,58,0.12807957455515862,0.6501922011375427,0.05764474347233772,0.10168613493442535,0.044927846640348434,0.14554934203624725,41.72642093151808,,,
amgtp_global_q,59,0.07289396226406097,0.6866391897201538,0.051588743925094604,0.08954297751188278,0.04152856022119522,0.13070081174373627,43.639080345630646,,,
amgtp_global_q,60,0.033290110528469086,0.7026500105857849,0.04921555146574974,0.08360759168863297,0.042162779718637466,0.12236431986093521,44.4672788977623,,,
amgtp_global_q,61,0.012983538210391998,0.704153299331665,0.04922010749578476,0.08064471185207367,0.04714673012495041,0.1188354566693306,44.53407570719719,,,
amgtp_global_q,62,0.018644478172063828,0.701020359992981,0.05022053420543671,0.07778233289718628,0.055468324571847916,0.1155083179473877,44.350183855742216,,,
amgtp_global_q,63,0.043851323425769806,0.679094672203064,0.05635843053460121,0.07879148423671722,0.06822820007801056,0.11752703040838242,43.16138904169202,,,
amgtp_global_q,64,0.03818846866488457,0.6633720397949219,0.06625153869390488,0.08200182765722275,0.06485652923583984,0.12351774424314499,42.297823533415794,,,
amgtp_global_q,65,0.1427450068295002,0.5993082523345947,0.10053721815347672,0.09801237285137177,0.05754811689257622,0.14459432661533356,38.78022686764598,,,
amgtp_global_q,66,0.2566427141427994,0.4761391878128052,0.18142415583133698,0.13411550223827362,0.05239548161625862,0.15592527389526367,31.70184413716197,,,
amgtp_global_q,67,0.17946252971887589,0.3896515667438507,0.19507989287376404,0.2101912796497345,0.05171382054686546,0.15336354076862335,26.713834051042795,,,
amgtp_global_q,68,0.18871427327394485,0.365910142660141,0.12446426600217819,0.2971181571483612,0.05652637407183647,0.15598133206367493,25.549850564450026,,,
amgtp_global_q,69,0.13420012220740318,0.4022517204284668,0.10021470487117767,0.25426730513572693,0.0630648136138916,0.18020102381706238,27.96238787472248,,,
amgtp_global_q,70,0.122984878718853,0.4356740415096283,0.10067065060138702,0.19277504086494446,0.06411523371934891,0.20676495134830475,30.162954218685627,,,
amgtp_global_q,71,0.034754980355501175,0.4454991817474365,0.10098189115524292,0.17779701948165894,0.061715442687273026,0.2140057384967804,30.792412292212248,,,
amgtp_global_q,72,0.01445629820227623,0.4527274966239929,0.09958497434854507,0.1728472262620926,0.0612645149230957,0.21357539296150208,31.200683556497097,,,
amgtp_global_q,73,0.02295476570725441,0.463603675365448,0.09730156511068344,0.1683364361524582,0.06186586990952492,0.208892360329628,31.776085529476404,,,
amgtp_global_q,74,0.030729573220014572,0.476986289024353,0.0945834144949913,0.1631787121295929,0.06384770572185516,0.20140311121940613,32.469874389469624,,,
amgtp_global_q,75,0.03400900959968567,0.4909572899341583,0.09215908497571945,0.15782195329666138,0.06688171625137329,0.19218020141124725,33.18175717443228,,,
amgtp_global_q,76,0.03743652254343033,0.5024909377098083,0.089970663189888,0.15052521228790283,0.07406648993492126,0.18294726312160492,33.770729675889015,,,
amgtp_global_q,77,0.04107653349637985,0.5174463987350464,0.08924859762191772,0.14204101264476776,0.07964933663606644,0.17161530256271362,34.52231515198946,,,
amgtp_global_q,78,0.04743851721286774,0.5386782884597778,0.09173540025949478,0.1327739804983139,0.07736974954605103,0.15944209694862366,35.584532253444195,,,
amgtp_global_q,79,0.037474535405635834,0.5452378392219543,0.1039135754108429,0.12980452179908752,0.06678333878517151,0.15426115691661835,35.834737062454224,,,
amgtp_global_q,80,0.10445328429341316,0.5021003484725952,0.13735605776309967,0.1465187966823578,0.0576942078769207,0.15633106231689453,33.295427683740854,,,
amgtp_global_q,81,0.16116241365671158,0.4271082878112793,0.16448284685611725,0.1999729573726654,0.05493863299489021,0.15349723398685455,28.924430694431067,,,
amgtp_global_q,82,0.11201993376016617,0.41444316506385803,0.122398741543293,0.25386369228363037,0.057057712227106094,0.15223634243011475,28.281292501837015,,,
amgtp_global_q,83,0.18176915124058723,0.4944618344306946,0.08346227556467056,0.20191559195518494,0.059061549603939056,0.1610984206199646,33.02572785317898,,,
amgtp_global_q,84,0.23876475170254707,0.6138439178466797,0.061227940022945404,0.1250603199005127,0.05040455237030983,0.14946235716342926,39.71234883740544,,,
amgtp_global_q,85,0.20760154724121094,0.7176448702812195,0.04346395283937454,0.08236604928970337,0.03723790869116783,0.1192866638302803,45.27993297204375,,,
amgtp_global_q,86,0.1167922168970108,0.7760411500930786,0.033197712153196335,0.06114781275391579,0.030355919152498245,0.09925719350576401,48.381202299147844,,,
amgtp_global_q,87,0.049741193652153015,0.800912082195282,0.02910822257399559,0.05241137370467186,0.028222527354955673,0.0893462523818016,49.68947250023484,,,
amgtp_global_q,88,0.01668846420943737,0.7925676107406616,0.03005959279835224,0.05257605388760567,0.03328515961766243,0.0915115624666214,49.2560023907572,,,
amgtp_global_q,89,0.04121912829577923,0.7719582319259644,0.033057015389204025,0.05538944527506828,0.044332921504974365,0.09526273608207703,48.16072802245617,,,
amgtp_global_q,90,0.07229916751384735,0.7358090281486511,0.03877003490924835,0.060757242143154144,0.06424771994352341,0.10041708499193192,46.22515667974949,,,
amgtp_global_q,91,0.0702335387468338,0.7006918787956238,0.04791568964719772,0.06890086829662323,0.07613444328308105,0.10635747015476227,44.31807670742273,,,
amgtp_global_q,92,0.05809089168906212,0.6865526437759399,0.06145182251930237,0.07794404774904251,0.061228591948747635,0.1128239631652832,43.496578220278025,,,
amgtp_global_q,93,0.09628815576434135,0.6507735848426819,0.08575937896966934,0.09134284406900406,0.04886291176080704,0.12326102703809738,41.47389776259661,,,
amgtp_global_q,94,0.17684140801429749,0.5675221085548401,0.1314792037010193,0.12345699965953827,0.04369416832923889,0.13384823501110077,36.73291118443012,,,
amgtp_global_q,95,0.22843893244862556,0.46066293120384216,0.17281830310821533,0.19633716344833374,0.04271116480231285,0.12747074663639069,30.485174272209406,,,
amgtp_global_q,96,0.17716994881629944,0.4255126416683197,0.12527130544185638,0.27956944704055786,0.0480637364089489,0.12158294022083282,28.533345464617014,,,
amgtp_global_q,97,0.10817932337522507,0.46240290999412537,0.09437968581914902,0.2563713490962982,0.057277243584394455,0.12956877052783966,30.822571825236082,,,
amgtp_global_q,98,0.15349555760622025,0.5220325589179993,0.08985095471143723,0.18415237963199615,0.06100274994969368,0.14296147227287292,34.39274149015546,,,
amgtp_global_q,99,0.048626359552145004,0.5440070629119873,0.08818129450082779,0.16471222043037415,0.05779927223920822,0.145300030708313,35.66153706610203,,,
amgtp_global_q,100,0.02275249734520912,0.555383563041687,0.08647041022777557,0.15852367877960205,0.055358048528432846,0.14426468312740326,36.29226713255048,,,
amgtp_global_q,101,0.01669858768582344,0.5637328028678894,0.08450893312692642,0.15376657247543335,0.054651468992233276,0.14334049820899963,36.75910408049822,,,
amgtp_global_q,102,0.016939859837293625,0.5716082453727722,0.08241549879312515,0.14860552549362183,0.055245961993932724,0.14212505519390106,37.20119930431247,,,
amgtp_global_q,103,0.01843193545937538,0.5779046416282654,0.08035966008901596,0.14216771721839905,0.05816519260406494,0.14140239357948303,37.56793116778135,,,
amgtp_global_q,104,0.021593712270259857,0.5816401839256287,0.07897035777568817,0.13373667001724243,0.06522651016712189,0.1404258906841278,37.80113944411278,,,
amgtp_global_q,105,0.023480162024497986,0.5804118514060974,0.08048704266548157,0.12356249988079071,0.07544972002506256,0.14008812606334686,37.76526743173599,,,
amgtp_global_q,106,0.03918331861495972,0.5958058834075928,0.08468471467494965,0.11381108313798904,0.06962604075670242,0.1360716074705124,38.566855758428574,,,
amgtp_global_q,107,0.03895067796111107,0.6055368781089783,0.09442960470914841,0.11110854893922806,0.055763352662324905,0.13316203653812408,39.01457991823554,,,
amgtp_global_q,108,0.08359074592590332,0.5716672539710999,0.11594196408987045,0.128883957862854,0.04783765599131584,0.13566969335079193,37.03686837479472,,,
amgtp_global_q,109,0.21631648391485214,0.4684866964817047,0.14866457879543304,0.20416943728923798,0.047987695783376694,0.13069190084934235,31.03597516193986,,,
amgtp_global_q,110,0.22583342343568802,0.38504263758659363,0.13642366230487823,0.31388819217681885,0.051185522228479385,0.11346003413200378,26.12738562747836,,,
amgtp_global_q,111,0.18853743001818657,0.4562435448169708,0.09700774401426315,0.25903573632240295,0.06043768674135208,0.12727601826190948,30.45365570485592,,,
amgtp_global_q,112,0.269054401665926,0.5863134860992432,0.07509548217058182,0.1529029905796051,0.05395500734448433,0.1317327916622162,37.934557754546404,,,
amgtp_global_q,113,0.13076505810022354,0.6516962647438049,0.06348060816526413,0.12150473147630692,0.04413158819079399,0.11918706446886063,41.50731070712209,,,
amgtp_global_q,114,0.09215785935521126,0.6977750062942505,0.05433621257543564,0.10262170433998108,0.03769288957118988,0.10757406800985336,43.998588882386684,,,
amgtp_global_q,115,0.029709376394748688,0.7126296162605286,0.05165111646056175,0.09669672697782516,0.03629957512021065,0.10272268950939178,44.79173295199871,,,
amgtp_global_q,116,0.006103932857513428,0.7104378938674927,0.05250309780240059,0.0974624752998352,0.03773382678627968,0.10186246037483215,44.661375388503075,,,
amgtp_global_q,117,0.007939551025629044,0.7066538333892822,0.053430307656526566,0.09798149764537811,0.04025769978761673,0.1016770750284195,44.451887752860785,,,
amgtp_global_q,118,0.009418606758117676,0.7062824964523315,0.05301941931247711,0.09406300634145737,0.04496658220887184,0.10166806727647781,44.450277242809534,,,
amgtp_global_q,119,0.02034097909927368,0.7026053071022034,0.053671497851610184,0.08756965398788452,0.053778596222400665,0.10237441211938858,44.28239082917571,,,
amgtp_uniform_q,4,,0.20000606775283813,0.20000606775283813,0.20000606775283813,0.20000606775283813,0.20000606775283813,17.00051575899124,,,
amgtp_uniform_q,5,0.0,0.20000606775283813,0.20000606775283813,0.20000606775283813,0.20000606775283813,0.20000606775283813,17.00051575899124,,,
amgtp_uniform_q,6,0.0,0.20000606775283813,0.20000606775283813,0.20000606775283813,0.20000606775283813,0.20000606775283813,17.00051575899124,,,
amgtp_uniform_q,7,0.0,0.20000606775283813,0.20000606775283813,0.20000606775283813,0.20000606775283813,0.20000606775283813,17.00051575899124,,,
amgtp_uniform_q,8,0.0,0.20000606775283813,0.20000606775283813,0.20000606775283813,0.20000606775283813,0.20000606775283813,17.00051575899124,,,
amgtp_uniform_q,9,0.0,0.20000606775283813,0.20000606775283813,0.20000606775283813,0.20000606775283813,0.20000606775283813,17.00051575899124,,,
amgtp_uniform_q,10,0.0,0.20000606775283813,0.20000606775283813,0.20000606775283813,0.20000606775283813,0.20000606775283813,17.00051575899124,,,
amgtp_uniform_q,11,0.0,0.20000606775283813,0.20000606775283813,0.20000606775283813,0.20000606775283813,0.20000606775283813,17.00051575899124,,,
amgtp_uniform_q,12,0.0,0.20000606775283813,0.20000606775283813,0.20000606775283813,0.20000606775283813,0.20000606775283813,17.00051575899124,,,
amgtp_uniform_q,13,0.0,0.20000606775283813,0.20000606775283813,0.20000606775283813,0.20000606775283813,0.20000606775283813,17.00051575899124,,,
amgtp_uniform_q,14,0.0,0.20000606775283813,0.20000606775283813,0.20000606775283813,0.20000606775283813,0.20000606775283813,17.00051575899124,,,
amgtp_uniform_q,15,0.0,0.20000606775283813,0.20000606775283813,0.20000606775283813,0.20000606775283813,0.20000606775283813,17.00051575899124,,,
amgtp_uniform_q,16,0.0,0.20000606775283813,0.20000606775283813,0.20000606775283813,0.20000606775283813,0.20000606775283813,17.00051575899124,,,
amgtp_uniform_q,17,0.0,0.20000606775283813,0.20000606775283813,0.20000606775283813,0.20000606775283813,0.20000606775283813,17.00051575899124,,,
amgtp_uniform_q,18,0.0,0.20000606775283813,0.20000606775283813,0.20000606775283813,0.20000606775283813,0.20000606775283813,17.00051575899124,,,
amgtp_uniform_q,19,0.0,0.20000606775283813,0.20000606775283813,0.20000606775283813,0.20000606775283813,0.20000606775283813,17.00051575899124,,,
amgtp_uniform_q,20,0.0,0.20000606775283813,0.20000606775283813,0.20000606775283813,0.20000606775283813,0.20000606775283813,17.00051575899124,,,
amgtp_uniform_q,21,0.0,0.20000606775283813,0.20000606775283813,0.20000606775283813,0.20000606775283813,0.20000606775283813,17.00051575899124,,,
amgtp_uniform_q,22,0.0,0.20000606775283813,0.20000606775283813,0.20000606775283813,0.20000606775283813,0.20000606775283813,17.00051575899124,,,
amgtp_uniform_q,23,0.0,0.20000606775283813,0.20000606775283813,0.20000606775283813,0.20000606775283813,0.20000606775283813,17.00051575899124,,,
amgtp_uniform_q,24,0.0,0.20000606775283813,0.20000606775283813,0.20000606775283813,0.20000606775283813,0.20000606775283813,17.00051575899124,,,
amgtp_uniform_q,25,0.0,0.20000606775283813,0.20000606775283813,0.20000606775283813,0.20000606775283813,0.20000606775283813,17.00051575899124,,,
amgtp_uniform_q,26,0.0,0.20000606775283813,0.20000606775283813,0.20000606775283813,0.20000606775283813,0.20000606775283813,17.00051575899124,,,
amgtp_uniform_q,27,0.0,0.20000606775283813,0.20000606775283813,0.20000606775283813,0.20000606775283813,0.20000606775283813,17.00051575899124,,,
amgtp_uniform_q,28,0.0,0.20000606775283813,0.20000606775283813,0.20000606775283813,0.20000606775283813,0.20000606775283813,17.00051575899124,,,
amgtp_uniform_q,29,0.0,0.20000606775283813,0.20000606775283813,0.20000606775283813,0.20000606775283813,0.20000606775283813,17.00051575899124,,,
amgtp_uniform_q,30,0.0,0.20000606775283813,0.20000606775283813,0.20000606775283813,0.20000606775283813,0.20000606775283813,17.00051575899124,,,
amgtp_uniform_q,31,0.0,0.20000606775283813,0.20000606775283813,0.20000606775283813,0.20000606775283813,0.20000606775283813,17.00051575899124,,,
amgtp_uniform_q,32,0.0,0.20000606775283813,0.20000606775283813,0.20000606775283813,0.20000606775283813,0.20000606775283813,17.00051575899124,,,
amgtp_uniform_q,33,0.0,0.20000606775283813,0.20000606775283813,0.20000606775283813,0.20000606775283813,0.20000606775283813,17.00051575899124,,,
amgtp_uniform_q,34,0.0,0.20000606775283813,0.20000606775283813,0.20000606775283813,0.20000606775283813,0.20000606775283813,17.00051575899124,,,
amgtp_uniform_q,35,0.0,0.20000606775283813,0.20000606775283813,0.20000606775283813,0.20000606775283813,0.20000606775283813,17.00051575899124,,,
amgtp_uniform_q,36,0.0,0.20000606775283813,0.20000606775283813,0.20000606775283813,0.20000606775283813,0.20000606775283813,17.00051575899124,,,
amgtp_uniform_q,37,0.0,0.20000606775283813,0.20000606775283813,0.20000606775283813,0.20000606775283813,0.20000606775283813,17.00051575899124,,,
amgtp_uniform_q,38,0.0,0.20000606775283813,0.20000606775283813,0.20000606775283813,0.20000606775283813,0.20000606775283813,17.00051575899124,,,
amgtp_uniform_q,39,0.0,0.20000606775283813,0.20000606775283813,0.20000606775283813,0.20000606775283813,0.20000606775283813,17.00051575899124,,,
amgtp_uniform_q,40,0.0,0.20000606775283813,0.20000606775283813,0.20000606775283813,0.20000606775283813,0.20000606775283813,17.00051575899124,,,
amgtp_uniform_q,41,0.0,0.20000606775283813,0.20000606775283813,0.20000606775283813,0.20000606775283813,0.20000606775283813,17.00051575899124,,,
amgtp_uniform_q,42,0.0,0.20000606775283813,0.20000606775283813,0.20000606775283813,0.20000606775283813,0.20000606775283813,17.00051575899124,,,
amgtp_uniform_q,43,0.0,0.20000606775283813,0.20000606775283813,0.20000606775283813,0.20000606775283813,0.20000606775283813,17.00051575899124,,,
amgtp_uniform_q,44,0.0,0.20000606775283813,0.20000606775283813,0.20000606775283813,0.20000606775283813,0.20000606775283813,17.00051575899124,,,
amgtp_uniform_q,45,0.0,0.20000606775283813,0.20000606775283813,0.20000606775283813,0.20000606775283813,0.20000606775283813,17.00051575899124,,,
amgtp_uniform_q,46,0.0,0.20000606775283813,0.20000606775283813,0.20000606775283813,0.20000606775283813,0.20000606775283813,17.00051575899124,,,
amgtp_uniform_q,47,0.0,0.20000606775283813,0.20000606775283813,0.20000606775283813,0.20000606775283813,0.20000606775283813,17.00051575899124,,,
amgtp_uniform_q,48,0.0,0.20000606775283813,0.20000606775283813,0.20000606775283813,0.20000606775283813,0.20000606775283813,17.00051575899124,,,
amgtp_uniform_q,49,0.0,0.20000606775283813,0.20000606775283813,0.20000606775283813,0.20000606775283813,0.20000606775283813,17.00051575899124,,,
amgtp_uniform_q,50,0.0,0.20000606775283813,0.20000606775283813,0.20000606775283813,0.20000606775283813,0.20000606775283813,17.00051575899124,,,
amgtp_uniform_q,51,0.0,0.20000606775283813,0.20000606775283813,0.20000606775283813,0.20000606775283813,0.20000606775283813,17.00051575899124,,,
amgtp_uniform_q,52,0.0,0.20000606775283813,0.20000606775283813,0.20000606775283813,0.20000606775283813,0.20000606775283813,17.00051575899124,,,
amgtp_uniform_q,53,0.0,0.20000606775283813,0.20000606775283813,0.20000606775283813,0.20000606775283813,0.20000606775283813,17.00051575899124,,,
amgtp_uniform_q,54,0.0,0.20000606775283813,0.20000606775283813,0.20000606775283813,0.20000606775283813,0.20000606775283813,17.00051575899124,,,
amgtp_uniform_q,55,0.0,0.20000606775283813,0.20000606775283813,0.20000606775283813,0.20000606775283813,0.20000606775283813,17.00051575899124,,,
amgtp_uniform_q,56,0.0,0.20000606775283813,0.20000606775283813,0.20000606775283813,0.20000606775283813,0.20000606775283813,17.00051575899124,,,
amgtp_uniform_q,57,0.0,0.20000606775283813,0.20000606775283813,0.20000606775283813,0.20000606775283813,0.20000606775283813,17.00051575899124,,,
amgtp_uniform_q,58,0.0,0.20000606775283813,0.20000606775283813,0.20000606775283813,0.20000606775283813,0.20000606775283813,17.00051575899124,,,
amgtp_uniform_q,59,0.0,0.20000606775283813,0.20000606775283813,0.20000606775283813,0.20000606775283813,0.20000606775283813,17.00051575899124,,,
amgtp_uniform_q,60,0.0,0.20000606775283813,0.20000606775283813,0.20000606775283813,0.20000606775283813,0.20000606775283813,17.00051575899124,,,
amgtp_uniform_q,61,0.0,0.20000606775283813,0.20000606775283813,0.20000606775283813,0.20000606775283813,0.20000606775283813,17.00051575899124,,,
amgtp_uniform_q,62,0.0,0.20000606775283813,0.20000606775283813,0.20000606775283813,0.20000606775283813,0.20000606775283813,17.00051575899124,,,
amgtp_uniform_q,63,0.0,0.20000606775283813,0.20000606775283813,0.20000606775283813,0.20000606775283813,0.20000606775283813,17.00051575899124,,,
amgtp_uniform_q,64,0.0,0.20000606775283813,0.20000606775283813,0.20000606775283813,0.20000606775283813,0.20000606775283813,17.00051575899124,,,
amgtp_uniform_q,65,0.0,0.20000606775283813,0.20000606775283813,0.20000606775283813,0.20000606775283813,0.20000606775283813,17.00051575899124,,,
amgtp_uniform_q,66,0.0,0.20000606775283813,0.20000606775283813,0.20000606775283813,0.20000606775283813,0.20000606775283813,17.00051575899124,,,
amgtp_uniform_q,67,0.0,0.20000606775283813,0.20000606775283813,0.20000606775283813,0.20000606775283813,0.20000606775283813,17.00051575899124,,,
amgtp_uniform_q,68,0.0,0.20000606775283813,0.20000606775283813,0.20000606775283813,0.20000606775283813,0.20000606775283813,17.00051575899124,,,
amgtp_uniform_q,69,0.0,0.20000606775283813,0.20000606775283813,0.20000606775283813,0.20000606775283813,0.20000606775283813,17.00051575899124,,,
amgtp_uniform_q,70,0.0,0.20000606775283813,0.20000606775283813,0.20000606775283813,0.20000606775283813,0.20000606775283813,17.00051575899124,,,
amgtp_uniform_q,71,0.0,0.20000606775283813,0.20000606775283813,0.20000606775283813,0.20000606775283813,0.20000606775283813,17.00051575899124,,,
amgtp_uniform_q,72,0.0,0.20000606775283813,0.20000606775283813,0.20000606775283813,0.20000606775283813,0.20000606775283813,17.00051575899124,,,
amgtp_uniform_q,73,0.0,0.20000606775283813,0.20000606775283813,0.20000606775283813,0.20000606775283813,0.20000606775283813,17.00051575899124,,,
amgtp_uniform_q,74,0.0,0.20000606775283813,0.20000606775283813,0.20000606775283813,0.20000606775283813,0.20000606775283813,17.00051575899124,,,
amgtp_uniform_q,75,0.0,0.20000606775283813,0.20000606775283813,0.20000606775283813,0.20000606775283813,0.20000606775283813,17.00051575899124,,,
amgtp_uniform_q,76,0.0,0.20000606775283813,0.20000606775283813,0.20000606775283813,0.20000606775283813,0.20000606775283813,17.00051575899124,,,
amgtp_uniform_q,77,0.0,0.20000606775283813,0.20000606775283813,0.20000606775283813,0.20000606775283813,0.20000606775283813,17.00051575899124,,,
amgtp_uniform_q,78,0.0,0.20000606775283813,0.20000606775283813,0.20000606775283813,0.20000606775283813,0.20000606775283813,17.00051575899124,,,
amgtp_uniform_q,79,0.0,0.20000606775283813,0.20000606775283813,0.20000606775283813,0.20000606775283813,0.20000606775283813,17.00051575899124,,,
amgtp_uniform_q,80,0.0,0.20000606775283813,0.20000606775283813,0.20000606775283813,0.20000606775283813,0.20000606775283813,17.00051575899124,,,
amgtp_uniform_q,81,0.0,0.20000606775283813,0.20000606775283813,0.20000606775283813,0.20000606775283813,0.20000606775283813,17.00051575899124,,,
amgtp_uniform_q,82,0.0,0.20000606775283813,0.20000606775283813,0.20000606775283813,0.20000606775283813,0.20000606775283813,17.00051575899124,,,
amgtp_uniform_q,83,0.0,0.20000606775283813,0.20000606775283813,0.20000606775283813,0.20000606775283813,0.20000606775283813,17.00051575899124,,,
amgtp_uniform_q,84,0.0,0.20000606775283813,0.20000606775283813,0.20000606775283813,0.20000606775283813,0.20000606775283813,17.00051575899124,,,
amgtp_uniform_q,85,0.0,0.20000606775283813,0.20000606775283813,0.20000606775283813,0.20000606775283813,0.20000606775283813,17.00051575899124,,,
amgtp_uniform_q,86,0.0,0.20000606775283813,0.20000606775283813,0.20000606775283813,0.20000606775283813,0.20000606775283813,17.00051575899124,,,
amgtp_uniform_q,87,0.0,0.20000606775283813,0.20000606775283813,0.20000606775283813,0.20000606775283813,0.20000606775283813,17.00051575899124,,,
amgtp_uniform_q,88,0.0,0.20000606775283813,0.20000606775283813,0.20000606775283813,0.20000606775283813,0.20000606775283813,17.00051575899124,,,
amgtp_uniform_q,89,0.0,0.20000606775283813,0.20000606775283813,0.20000606775283813,0.20000606775283813,0.20000606775283813,17.00051575899124,,,
amgtp_uniform_q,90,0.0,0.20000606775283813,0.20000606775283813,0.20000606775283813,0.20000606775283813,0.20000606775283813,17.00051575899124,,,
amgtp_uniform_q,91,0.0,0.20000606775283813,0.20000606775283813,0.20000606775283813,0.20000606775283813,0.20000606775283813,17.00051575899124,,,
amgtp_uniform_q,92,0.0,0.20000606775283813,0.20000606775283813,0.20000606775283813,0.20000606775283813,0.20000606775283813,17.00051575899124,,,
amgtp_uniform_q,93,0.0,0.20000606775283813,0.20000606775283813,0.20000606775283813,0.20000606775283813,0.20000606775283813,17.00051575899124,,,
amgtp_uniform_q,94,0.0,0.20000606775283813,0.20000606775283813,0.20000606775283813,0.20000606775283813,0.20000606775283813,17.00051575899124,,,
amgtp_uniform_q,95,0.0,0.20000606775283813,0.20000606775283813,0.20000606775283813,0.20000606775283813,0.20000606775283813,17.00051575899124,,,
amgtp_uniform_q,96,0.0,0.20000606775283813,0.20000606775283813,0.20000606775283813,0.20000606775283813,0.20000606775283813,17.00051575899124,,,
amgtp_uniform_q,97,0.0,0.20000606775283813,0.20000606775283813,0.20000606775283813,0.20000606775283813,0.20000606775283813,17.00051575899124,,,
amgtp_uniform_q,98,0.0,0.20000606775283813,0.20000606775283813,0.20000606775283813,0.20000606775283813,0.20000606775283813,17.00051575899124,,,
amgtp_uniform_q,99,0.0,0.20000606775283813,0.20000606775283813,0.20000606775283813,0.20000606775283813,0.20000606775283813,17.00051575899124,,,
amgtp_uniform_q,100,0.0,0.20000606775283813,0.20000606775283813,0.20000606775283813,0.20000606775283813,0.20000606775283813,17.00051575899124,,,
amgtp_uniform_q,101,0.0,0.20000606775283813,0.20000606775283813,0.20000606775283813,0.20000606775283813,0.20000606775283813,17.00051575899124,,,
amgtp_uniform_q,102,0.0,0.20000606775283813,0.20000606775283813,0.20000606775283813,0.20000606775283813,0.20000606775283813,17.00051575899124,,,
amgtp_uniform_q,103,0.0,0.20000606775283813,0.20000606775283813,0.20000606775283813,0.20000606775283813,0.20000606775283813,17.00051575899124,,,
amgtp_uniform_q,104,0.0,0.20000606775283813,0.20000606775283813,0.20000606775283813,0.20000606775283813,0.20000606775283813,17.00051575899124,,,
amgtp_uniform_q,105,0.0,0.20000606775283813,0.20000606775283813,0.20000606775283813,0.20000606775283813,0.20000606775283813,17.00051575899124,,,
amgtp_uniform_q,106,0.0,0.20000606775283813,0.20000606775283813,0.20000606775283813,0.20000606775283813,0.20000606775283813,17.00051575899124,,,
amgtp_uniform_q,107,0.0,0.20000606775283813,0.20000606775283813,0.20000606775283813,0.20000606775283813,0.20000606775283813,17.00051575899124,,,
amgtp_uniform_q,108,0.0,0.20000606775283813,0.20000606775283813,0.20000606775283813,0.20000606775283813,0.20000606775283813,17.00051575899124,,,
amgtp_uniform_q,109,0.0,0.20000606775283813,0.20000606775283813,0.20000606775283813,0.20000606775283813,0.20000606775283813,17.00051575899124,,,
amgtp_uniform_q,110,0.0,0.20000606775283813,0.20000606775283813,0.20000606775283813,0.20000606775283813,0.20000606775283813,17.00051575899124,,,
amgtp_uniform_q,111,0.0,0.20000606775283813,0.20000606775283813,0.20000606775283813,0.20000606775283813,0.20000606775283813,17.00051575899124,,,
amgtp_uniform_q,112,0.0,0.20000606775283813,0.20000606775283813,0.20000606775283813,0.20000606775283813,0.20000606775283813,17.00051575899124,,,
amgtp_uniform_q,113,0.0,0.20000606775283813,0.20000606775283813,0.20000606775283813,0.20000606775283813,0.20000606775283813,17.00051575899124,,,
amgtp_uniform_q,114,0.0,0.20000606775283813,0.20000606775283813,0.20000606775283813,0.20000606775283813,0.20000606775283813,17.00051575899124,,,
amgtp_uniform_q,115,0.0,0.20000606775283813,0.20000606775283813,0.20000606775283813,0.20000606775283813,0.20000606775283813,17.00051575899124,,,
amgtp_uniform_q,116,0.0,0.20000606775283813,0.20000606775283813,0.20000606775283813,0.20000606775283813,0.20000606775283813,17.00051575899124,,,
amgtp_uniform_q,117,0.0,0.20000606775283813,0.20000606775283813,0.20000606775283813,0.20000606775283813,0.20000606775283813,17.00051575899124,,,
amgtp_uniform_q,118,0.0,0.20000606775283813,0.20000606775283813,0.20000606775283813,0.20000606775283813,0.20000606775283813,17.00051575899124,,,
amgtp_uniform_q,119,0.0,0.20000606775283813,0.20000606775283813,0.20000606775283813,0.20000606775283813,0.20000606775283813,17.00051575899124,,,
amgtp_no_state,4,,0.20000606775283813,0.20000606775283813,0.20000606775283813,0.20000606775283813,0.20000606775283813,17.00051575899124,,,
amgtp_no_state,5,0.31065405905246735,0.25177663564682007,0.08318613469600677,0.16148361563682556,0.2517766058444977,0.25177663564682007,20.961544260382652,,,
amgtp_no_state,6,0.18240279704332352,0.2821771502494812,0.069265216588974,0.08420328050851822,0.2821771502494812,0.2821771204471588,23.178223811089993,,,
amgtp_no_state,7,0.09775956720113754,0.265884131193161,0.10227534919977188,0.10007365792989731,0.265884131193161,0.2658841013908386,21.939110532402992,,,
amgtp_no_state,8,0.600696936249733,0.1657676100730896,0.25379619002342224,0.24890018999576569,0.1657675951719284,0.1657675951719284,14.427672863006592,,,
amgtp_no_state,9,0.5414726138114929,0.09727762639522552,0.18752335011959076,0.5196371078491211,0.09828469157218933,0.09727762639522552,9.632971867918968,,,
amgtp_no_state,10,0.291435070335865,0.07636921852827072,0.10482821613550186,0.6653544306755066,0.07707889378070831,0.07636921852827072,8.291765935719013,,,
amgtp_no_state,11,0.08590759336948395,0.06918302178382874,0.08337229490280151,0.7083079218864441,0.06995312124490738,0.06918300688266754,7.817511312663555,,,
amgtp_no_state,12,0.02797137200832367,0.06657428294420242,0.0769549161195755,0.7222936153411865,0.06760229915380478,0.06657426804304123,7.643548585474491,,,
amgtp_no_state,13,0.05267816781997681,0.07405946403741837,0.08043766021728516,0.6959549188613892,0.07548864930868149,0.07405946403741837,8.177123300731182,,,
amgtp_no_state,14,0.39679429680109024,0.14297990500926971,0.09166547656059265,0.4975581169128418,0.1248173862695694,0.1429799646139145,13.03857533633709,,,
amgtp_no_state,15,0.41070377826690674,0.24565546214580536,0.0737752616405487,0.3351054787635803,0.09980760514736176,0.24565555155277252,19.95625038444996,,,
amgtp_no_state,16,0.1703641228377819,0.31287437677383423,0.06126796826720238,0.29108572006225586,0.07115290313959122,0.26361900568008423,23.89572413638234,,,
amgtp_no_state,17,0.1804707646369934,0.4031095504760742,0.05412133410573006,0.25968796014785767,0.06069451570510864,0.2223861962556839,28.55802660062909,,,
amgtp_no_state,18,0.16666867583990097,0.48644381761550903,0.04870561882853508,0.2321389764547348,0.05389384925365448,0.17881715297698975,32.81244869157672,,,
amgtp_no_state,19,0.12063756585121155,0.546763002872467,0.0442161001265049,0.2060554474592209,0.048245929181575775,0.154719740152359,35.97196048125625,,,
amgtp_no_state,20,0.08048083260655403,0.5870031714439392,0.0414101704955101,0.1802452802658081,0.04374310374259949,0.147597998380661,38.17491000145674,,,
amgtp_no_state,21,0.05244099348783493,0.6013109683990479,0.04303247481584549,0.15555870532989502,0.04220973700284958,0.15788894891738892,39.09428013861179,,,
amgtp_no_state,22,0.1476409249007702,0.5489057898521423,0.057140473276376724,0.13414306938648224,0.04845990985631943,0.21135088801383972,36.692048873752356,,,
amgtp_no_state,23,0.30684370920062065,0.41073909401893616,0.096565380692482,0.11888764798641205,0.06026553362607956,0.3135419487953186,29.909019984304905,,,
amgtp_no_state,24,0.23607967793941498,0.30210939049720764,0.19234217703342438,0.10947757959365845,0.06248798221349716,0.3335826098918915,23.75491075962782,,,
amgtp_no_state,25,0.11337157338857651,0.25045087933540344,0.18968969583511353,0.10710319876670837,0.0660611093044281,0.3866956830024719,21.41421937942505,,,
amgtp_no_state,26,0.24728283286094666,0.21615086495876312,0.10250762104988098,0.10494380444288254,0.07234824448823929,0.5040498971939087,20.949527204036713,,,
amgtp_no_state,27,0.1410408541560173,0.1872309297323227,0.06900622695684433,0.0968441441655159,0.0730598047375679,0.5738582015037537,20.13882789760828,,,
amgtp_no_state,28,0.11760985478758812,0.1628817617893219,0.05616560950875282,0.08634178340435028,0.06194768100976944,0.6326637864112854,19.3790234439075,,,
amgtp_no_state,29,0.09057056903839111,0.14396074414253235,0.04811619967222214,0.07871884852647781,0.051255401223897934,0.6779487133026123,18.771987188607454,,,
amgtp_no_state,30,0.0458359569311142,0.1328645497560501,0.042318228632211685,0.07824061810970306,0.045710064470767975,0.7008669376373291,18.38102064654231,,,
amgtp_no_state,31,0.0882161520421505,0.14452673494815826,0.039726436138153076,0.10717575252056122,0.04922044277191162,0.6593502759933472,18.608304753899574,,,
amgtp_no_state,32,0.4279783219099045,0.2027859091758728,0.0415760762989521,0.24827781319618225,0.06199901923537254,0.4453614056110382,19.62261687964201,,,
amgtp_no_state,33,0.27775293216109276,0.2636203467845917,0.04072999209165573,0.3263199031352997,0.06125962361693382,0.30807048082351685,21.578714605420828,,,
amgtp_no_state,34,0.43462584912776947,0.48093318939208984,0.03562690317630768,0.17980505526065826,0.05037302151322365,0.2532620131969452,33.32931276783347,,,
amgtp_no_state,35,0.2712485250085592,0.6165576577186584,0.028342129662632942,0.10581711679697037,0.035496700555086136,0.2137869894504547,40.58074769936502,,,
amgtp_no_state,36,0.13144641928374767,0.6822806000709534,0.0241375882178545,0.08393297344446182,0.028856268152594566,0.18079262971878052,43.94586320593953,,,
amgtp_no_state,37,0.086003128439188,0.7252823710441589,0.02254406549036503,0.07150349766016006,0.02597043849527836,0.15470010042190552,46.10159129649401,,,
amgtp_no_state,38,0.052494440227746964,0.7472599148750305,0.025850873440504074,0.0640307143330574,0.026933293789625168,0.13592565059661865,47.145030073821545,,,
amgtp_no_state,39,0.05731331184506416,0.7333541512489319,0.0451793409883976,0.061430424451828,0.03626096993684769,0.12377453595399857,46.21738998219371,,,
amgtp_no_state,40,0.21530340239405632,0.6281353235244751,0.11352081596851349,0.06712058931589127,0.06988101452589035,0.12134164571762085,40.19095213711262,,,
amgtp_no_state,41,0.090752512216568,0.5937843918800354,0.10249542444944382,0.07354693859815598,0.10458293557167053,0.12558956444263458,38.440534204244614,,,
amgtp_no_state,42,0.19273705780506134,0.6901535391807556,0.05295177549123764,0.06744446605443954,0.06629852205514908,0.12315218895673752,43.85271782428026,,,
amgtp_no_state,43,0.10606513172388077,0.743186354637146,0.039019882678985596,0.05904719606041908,0.04262856766581535,0.11611898988485336,46.73140858113766,,,
amgtp_no_state,44,0.040636446326971054,0.7635045647621155,0.03317718580365181,0.05483299121260643,0.03473271057009697,0.11375351250171661,47.84362819418311,,,
amgtp_no_state,45,0.02925821766257286,0.7546023726463318,0.030221015214920044,0.05955426022410393,0.03196100518107414,0.12366039305925369,47.43999869376421,,,
amgtp_no_state,46,0.11428541876375675,0.6976141929626465,0.03006693534553051,0.08964340388774872,0.034246258437633514,0.14842915534973145,44.47358070872724,,,
amgtp_no_state,47,0.2581068519502878,0.5685608386993408,0.03400621935725212,0.19102248549461365,0.04758760705590248,0.1588229387998581,37.27735839039087,,,
amgtp_no_state,48,0.049632444977760315,0.5544424057006836,0.03787463903427124,0.18032459914684296,0.06489817798137665,0.1624600738286972,36.57412105798721,,,
amgtp_no_state,49,0.1832289695739746,0.6460570693016052,0.03674172982573509,0.09910950809717178,0.05960675701498985,0.15848518908023834,41.73353435844183,,,
amgtp_no_state,50,0.1485840305685997,0.7203484177589417,0.03211182355880737,0.07053733617067337,0.040635839104652405,0.13636550307273865,45.658196814358234,,,
amgtp_no_state,51,0.05756630003452301,0.7491317391395569,0.031810637563467026,0.059662412852048874,0.03293570876121521,0.1264587640762329,47.159674882888794,,,
amgtp_no_state,52,0.038501931354403496,0.7374701499938965,0.04261210933327675,0.053780920803546906,0.031228331848978996,0.1349087655544281,46.55948491208255,,,
amgtp_no_state,53,0.14975717850029469,0.6654783487319946,0.09007569402456284,0.050894059240818024,0.03545267507433891,0.15809935331344604,42.63301846757531,,,
amgtp_no_state,54,0.19872575625777245,0.5673892498016357,0.16691018640995026,0.049619998782873154,0.0480676032602787,0.16801252961158752,37.04777380824089,,,
amgtp_no_state,55,0.10326079279184341,0.577117383480072,0.1152796596288681,0.05044608563184738,0.07555036246776581,0.18160581588745117,37.96499488502741,,,
amgtp_no_state,56,0.12631288170814514,0.6392844319343567,0.0666155219078064,0.048955515027046204,0.07654038816690445,0.16860471665859222,41.46679673343897,,,
amgtp_no_state,57,0.14587833732366562,0.71222323179245,0.052052270621061325,0.04537971317768097,0.04848036542534828,0.14186425507068634,45.24704744666815,,,
amgtp_no_state,58,0.08906906843185425,0.7567580342292786,0.04450342804193497,0.04227347671985626,0.03650490939617157,0.11996052414178848,47.51178761571646,,,
amgtp_no_state,59,0.04059511795639992,0.7748309969902039,0.03939706087112427,0.044497959315776825,0.03209323808550835,0.10918089002370834,48.41593588516116,,,
amgtp_no_state,60,0.030223380774259567,0.7662642598152161,0.03607846423983574,0.059609491378068924,0.0313011035323143,0.10674650967121124,47.904321387410164,,,
amgtp_no_state,61,0.14187760651111603,0.6954394578933716,0.03596467152237892,0.11762332916259766,0.038136180490255356,0.11283660680055618,43.96186789125204,,,
amgtp_no_state,62,0.18141848593950272,0.6047301292419434,0.03828218951821327,0.18911603093147278,0.053839366883039474,0.11403235793113708,38.86276661604643,,,
amgtp_no_state,63,0.05913787707686424,0.6140184998512268,0.042820390313863754,0.15954694151878357,0.06510069966316223,0.11851324141025543,39.477461483329535,,,
amgtp_no_state,64,0.1686912290751934,0.6980718374252319,0.04311263933777809,0.09572810679674149,0.04486029967665672,0.11822683364152908,44.18380497395992,,,
amgtp_no_state,65,0.05815569683909416,0.7030049562454224,0.05474002659320831,0.07630489766597748,0.0352058969438076,0.13074441254138947,44.54081514850259,,,
amgtp_no_state,66,0.18892554566264153,0.6132869720458984,0.12187384068965912,0.07294441014528275,0.03382135182619095,0.15807312726974487,39.58769863843918,,,
amgtp_no_state,67,0.22433900833129883,0.5011175274848938,0.22310024499893188,0.07391005754470825,0.03603610396385193,0.1658358871936798,33.085837215185165,,,
amgtp_no_state,68,0.16542843356728554,0.5145753622055054,0.1403857171535492,0.08609265089035034,0.049513641744852066,0.20943182706832886,34.55182647332549,,,
amgtp_no_state,69,0.11880901828408241,0.5519348382949829,0.08098142594099045,0.08979744464159012,0.06382433325052261,0.21346159279346466,36.9016966894269,,,
amgtp_no_state,70,0.13727198168635368,0.6205708980560303,0.06575518846511841,0.07974711805582047,0.05456512048840523,0.17936144769191742,40.43226653710008,,,
amgtp_no_state,71,0.1540718488395214,0.697607159614563,0.05658746510744095,0.0661659836769104,0.03872654587030411,0.14091329276561737,44.35538691282272,,,
amgtp_no_state,72,0.09860168397426605,0.7469077110290527,0.04862292855978012,0.057767368853092194,0.031220413744449615,0.11548144370317459,46.87167080491781,,,
amgtp_no_state,73,0.051810119301080704,0.7728129029273987,0.042157698422670364,0.05585239827632904,0.027883246541023254,0.1012938842177391,48.19178617373109,,,
amgtp_no_state,74,0.02263459749519825,0.771539568901062,0.03773157671093941,0.06642026454210281,0.028632642701268196,0.0956760048866272,48.06925907172263,,,
amgtp_no_state,75,0.09946450404822826,0.7242425680160522,0.03576112911105156,0.1076519787311554,0.03713339567184448,0.09521141648292542,45.40616474673152,,,
amgtp_no_state,76,0.233696598559618,0.607393741607666,0.0401950404047966,0.19184023141860962,0.061674006283283234,0.09889641404151917,38.87560807168484,,,
amgtp_no_state,77,0.07514023780822754,0.6338238716125488,0.04637391120195389,0.15427032113075256,0.0643434152007103,0.10118833184242249,40.40565772354603,,,
amgtp_no_state,78,0.16626519337296486,0.7153806090354919,0.047949641942977905,0.09516961872577667,0.042122598737478256,0.09937712550163269,44.94243298843503,,,
amgtp_no_state,79,0.05541020631790161,0.7255674004554749,0.057697974145412445,0.07672174274921417,0.0328657291829586,0.1071474626660347,45.55203181132674,,,
amgtp_no_state,80,0.1575310193002224,0.6513816118240356,0.11225468665361404,0.07378632575273514,0.031221389770507812,0.13135622441768646,41.47404724359512,,,
amgtp_no_state,81,0.2539055272936821,0.5244287252426147,0.22559159994125366,0.077957883477211,0.03365195542573929,0.1383698284626007,34.097930051386356,,,
amgtp_no_state,82,0.1796325221657753,0.5569890737533569,0.13577556610107422,0.09346665441989899,0.04458951950073242,0.16917963325977325,36.51616145670414,,,
amgtp_no_state,83,0.1117645837366581,0.5905935764312744,0.07989291101694107,0.09669597446918488,0.05431054159998894,0.17850671708583832,38.68486325070262,,,
amgtp_no_state,84,0.08794166520237923,0.6345646381378174,0.06525053828954697,0.08614767342805862,0.05099394917488098,0.16304337978363037,41.03713680803776,,,
amgtp_no_state,85,0.12377288937568665,0.6964508295059204,0.05581187084317207,0.07312740385532379,0.03872578963637352,0.13588377833366394,44.23569727689028,,,
amgtp_no_state,86,0.08344952017068863,0.7381753921508789,0.04803451523184776,0.0659913420677185,0.03161938115954399,0.11617864668369293,46.38436879217625,,,
amgtp_no_state,87,0.03776777721941471,0.7558660507202148,0.04177452251315117,0.06718570739030838,0.028738873079419136,0.10643639415502548,47.28657631762326,,,
amgtp_no_state,88,0.0627893190830946,0.7286866307258606,0.03755931183695793,0.0940750241279602,0.03206674009561539,0.10761389881372452,45.772043991833925,,,
amgtp_no_state,89,0.22196230292320251,0.6191943287849426,0.03606967255473137,0.1892007291316986,0.046570785343647,0.10896451026201248,39.60683022812009,,,
amgtp_no_state,90,0.12403871864080429,0.5615469217300415,0.03791383281350136,0.22837407886981964,0.06757262349128723,0.10459254682064056,36.35315539315343,,,
amgtp_no_state,91,0.22538288682699203,0.6722385883331299,0.039913639426231384,0.12873905897140503,0.0581129752099514,0.10099580138921738,42.58117816224694,,,
amgtp_no_state,92,0.1799256056547165,0.7622016072273254,0.03694972023367882,0.08019912987947464,0.034539565443992615,0.08611047267913818,47.45696711912751,,,
amgtp_no_state,93,0.05768826603889465,0.790037989616394,0.03795744478702545,0.06482181698083878,0.027136940509080887,0.08004625141620636,48.94530837610364,,,
amgtp_no_state,94,0.0388012770563364,0.7794414162635803,0.0509364940226078,0.05766165256500244,0.025492770597338676,0.08646757155656815,48.37940182350576,,,
amgtp_no_state,95,0.16517791338264942,0.6997987627983093,0.11130408942699432,0.05471530556678772,0.02949310466647148,0.10468855500221252,43.93546727672219,,,
amgtp_no_state,96,0.16111834347248077,0.6197287440299988,0.16843464970588684,0.05422668904066086,0.0430307500064373,0.11458005756139755,39.42017541453242,,,
amgtp_no_state,97,0.10993801057338715,0.6376006007194519,0.11346537619829178,0.05523892119526863,0.07266674190759659,0.12102871388196945,40.73828737065196,,,
amgtp_no_state,98,0.10565095394849777,0.6904261112213135,0.07280789315700531,0.05363662168383598,0.0651843398809433,0.11794545501470566,43.766811180859804,,,
amgtp_no_state,99,0.10221048817038536,0.7415311932563782,0.058271098881959915,0.04997182637453079,0.042282212525606155,0.10794376581907272,46.507246382534504,,,
amgtp_no_state,100,0.0570770725607872,0.7700694799423218,0.050186991691589355,0.047835443168878555,0.03321249410510063,0.09869518876075745,48.01208221912384,,,
amgtp_no_state,101,0.020353997126221657,0.7748016715049744,0.045182473957538605,0.05328073725104332,0.029924066737294197,0.09681162238121033,48.257956156507134,,,
amgtp_no_state,102,0.0630548782646656,0.7458223700523376,0.042633820325136185,0.08221064507961273,0.03042626939713955,0.09890643507242203,46.63628193549812,,,
amgtp_no_state,103,0.24811615236103535,0.622295618057251,0.042793676257133484,0.19802694022655487,0.03850830718874931,0.09837522357702255,39.62142286077142,,,
amgtp_no_state,104,0.10161715745925903,0.5771410465240479,0.04452625662088394,0.22836318612098694,0.05724867805838585,0.0927218347787857,37.05692503973842,,,
amgtp_no_state,105,0.21706609800457954,0.6815668344497681,0.044673386961221695,0.12180878967046738,0.061208393424749374,0.09074276685714722,43.002967312932014,,,
amgtp_no_state,106,0.16326237469911575,0.7631976008415222,0.03886239603161812,0.08206354081630707,0.038589272648096085,0.07728651911020279,47.429045245051384,,,
amgtp_no_state,107,0.05870472081005573,0.7925499081611633,0.036436181515455246,0.0697174072265625,0.030756952241063118,0.07053877413272858,49.001424396410584,,,
amgtp_no_state,108,0.01827555149793625,0.7984896898269653,0.038874551653862,0.06297793239355087,0.028359128162264824,0.07129887491464615,49.333887884393334,,,
amgtp_no_state,109,0.05108150467276573,0.7762833833694458,0.05291803553700447,0.059643395245075226,0.03012164495885372,0.08103353530168533,48.15417223237455,,,
amgtp_no_state,110,0.15694228373467922,0.6990569829940796,0.1053176298737526,0.05839861184358597,0.03995867073535919,0.0972680151462555,43.86539535224438,,,
amgtp_no_state,111,0.12747420743107796,0.6353197693824768,0.12786737084388733,0.05872843787074089,0.06276232749223709,0.11532178521156311,40.47708013281226,,,
amgtp_no_state,112,0.10979490354657173,0.6593363285064697,0.07297000288963318,0.05893615633249283,0.06993256509304047,0.13882480561733246,42.24303341656923,,,
amgtp_no_state,113,0.07045416161417961,0.6875483393669128,0.05839986726641655,0.05815080180764198,0.05006180331110954,0.14584070444107056,43.87795512005687,,,
amgtp_no_state,114,0.03737109899520874,0.7060442566871643,0.052972737699747086,0.05833973363041878,0.04117204621434212,0.14147134125232697,44.859450440853834,,,
amgtp_no_state,115,0.025592796504497528,0.7123802900314331,0.049534790217876434,0.06480039656162262,0.03825198486447334,0.1350332498550415,45.144982773810625,,,
amgtp_no_state,116,0.05915817618370056,0.6913040280342102,0.047076236456632614,0.09419474005699158,0.03843633085489273,0.128988578915596,43.88279655948281,,,
amgtp_no_state,117,0.19997676089406013,0.6082857847213745,0.044898584485054016,0.19001665711402893,0.04260283708572388,0.11419613659381866,39.00906141102314,,,
amgtp_no_state,118,0.10660893097519875,0.5665473341941833,0.04445972666144371,0.23184022307395935,0.054083891212940216,0.10306913405656815,36.55437556281686,,,
amgtp_no_state,119,0.19100460782647133,0.6519173383712769,0.04549384117126465,0.13882391154766083,0.06318237632513046,0.10058344155550003,41.42745069414377,,,
amgtp_fixed_beta0,4,,0.20000606775283813,0.20000606775283813,0.20000606775283813,0.20000606775283813,0.20000606775283813,17.00051575899124,,,
amgtp_fixed_beta0,5,0.377179104834795,0.2628640830516815,0.05323096737265587,0.15817610919475555,0.2628640830516815,0.2628640830516815,21.819750022143126,,,
amgtp_fixed_beta0,6,0.1710723303258419,0.28660905361175537,0.06753312051296234,0.0726408138871193,0.28660905361175537,0.286609023809433,23.500788487493992,,,
amgtp_fixed_beta0,7,0.4925023540854454,0.20452524721622467,0.2361844927072525,0.15024040639400482,0.20452526211738586,0.20452523231506348,17.253450632095337,,,
amgtp_fixed_beta0,8,0.5380603671073914,0.12221585214138031,0.21408231556415558,0.419270396232605,0.12221585214138031,0.12221583724021912,11.371377319097519,,,
amgtp_fixed_beta0,9,0.49920497834682465,0.08132471144199371,0.083189457654953,0.6688727736473083,0.0852883830666542,0.08132470399141312,8.704855002462864,,,
amgtp_fixed_beta0,10,0.2529876306653023,0.11889128386974335,0.07110948860645294,0.5544589757919312,0.13664914667606354,0.11889123171567917,11.4889847189188,,,
amgtp_fixed_beta0,11,0.5838208720088005,0.18833453953266144,0.06442064046859741,0.2692375183105469,0.28967320919036865,0.18833447992801666,16.836600750684738,,,
amgtp_fixed_beta0,12,0.2090066857635975,0.20017071068286896,0.05552653595805168,0.17362821102142334,0.37050414085388184,0.20017065107822418,17.98257191106677,,,
amgtp_fixed_beta0,13,0.5828314498066902,0.3458784520626068,0.038731057196855545,0.08833663165569305,0.1811750829219818,0.3458782434463501,27.166969064623117,,,
amgtp_fixed_beta0,14,0.48195807076990604,0.4663683772087097,0.015667442232370377,0.022382033988833427,0.02921486645936966,0.4663679599761963,34.79857168160379,,,
amgtp_fixed_beta0,15,0.09144920390099287,0.48923033475875854,0.007735466584563255,0.007568869274109602,0.006234658416360617,0.48922985792160034,36.277122779749334,,,
amgtp_fixed_beta0,16,0.33955918555147946,0.6590103507041931,0.006563694216310978,0.00478673679754138,0.0027951255906373262,0.32684412598609924,44.15692858980037,,,
amgtp_fixed_beta0,17,0.44261243322398514,0.8803165555000305,0.006032899953424931,0.0036085627507418394,0.0017136192182078958,0.10832837224006653,54.36444446409587,,,
amgtp_fixed_beta0,18,0.1421339102089405,0.950976550579071,0.006439010612666607,0.003425987670198083,0.0014826777623966336,0.037674084305763245,57.613125932984985,,,
amgtp_fixed_beta0,19,0.033384722541086376,0.9630850553512573,0.009279209189116955,0.004668928682804108,0.0019840544555336237,0.02098238281905651,58.116031056968495,,,
amgtp_fixed_beta0,20,0.03505879291333258,0.9463647603988647,0.01944829523563385,0.009661870077252388,0.0043519954197108746,0.020173853263258934,57.14321744302288,,,
amgtp_fixed_beta0,21,0.11952466471120715,0.8866020441055298,0.04771250858902931,0.02441537007689476,0.01259519811719656,0.028674885630607605,53.80669605080038,,,
amgtp_fixed_beta0,22,0.33593248296529055,0.7186359763145447,0.12599916756153107,0.06334798038005829,0.03645333647727966,0.05556389316916466,44.46726954728365,,,
amgtp_fixed_beta0,23,0.5559894144535065,0.4406411051750183,0.22267241775989532,0.161204993724823,0.06234096363186836,0.1131405457854271,29.16510809585452,,,
amgtp_fixed_beta0,24,0.5388316288590431,0.2765929102897644,0.13093267381191254,0.3772072494029999,0.04871324077248573,0.166554257273674,20.530881326645613,,,
amgtp_fixed_beta0,25,0.21523726359009743,0.283363938331604,0.042591020464897156,0.4207611083984375,0.029436439275741577,0.22384817898273468,21.646640226244926,,,
amgtp_fixed_beta0,26,0.592630441300571,0.49855923652648926,0.014570490457117558,0.1625027060508728,0.019399870187044144,0.30496782064437866,34.8209813805297,,,
amgtp_fixed_beta0,27,0.3483752263709903,0.6727465987205505,0.00558053981512785,0.05311132222414017,0.013286269269883633,0.2552748918533325,44.19656280055642,,,
amgtp_fixed_beta0,28,0.22289742808789015,0.7841955423355103,0.002973242662847042,0.021044010296463966,0.010747773572802544,0.18103951215744019,49.727625398896635,,,
amgtp_fixed_beta0,29,0.09601822565309703,0.8309921026229858,0.0028138768393546343,0.013058274984359741,0.011959887109696865,0.1411750614643097,51.9616849294398,,,
amgtp_fixed_beta0,30,0.01145454659126699,0.8280884623527527,0.004019966349005699,0.012921566143631935,0.016481628641486168,0.13848869502544403,51.78230553679168,,,
amgtp_fixed_beta0,31,0.032887155655771494,0.8278799653053284,0.007227834779769182,0.017945803701877594,0.024692941457033157,0.12225345522165298,51.61826212750748,,,
amgtp_fixed_beta0,32,0.10625283746048808,0.7953072190284729,0.017013099044561386,0.03791850432753563,0.04806135967373848,0.10169974714517593,49.609427731484175,,,
amgtp_fixed_beta0,33,0.3748953081667423,0.6266156435012817,0.04421738535165787,0.12167580425739288,0.12454746663570404,0.08294370770454407,40.039227582514286,,,
amgtp_fixed_beta0,34,0.12328500300645828,0.614145040512085,0.045581020414829254,0.1819545030593872,0.11363283544778824,0.044686272740364075,38.8611846268177,,,
amgtp_fixed_beta0,35,0.5191955901682377,0.8737428188323975,0.020561449229717255,0.06200513243675232,0.026110762730240822,0.017579475417733192,53.06003397144377,,,
amgtp_fixed_beta0,36,0.1586195477284491,0.953052818775177,0.011066792532801628,0.02004181779921055,0.006906167138367891,0.008932494558393955,57.427759466227144,,,
amgtp_fixed_beta0,37,0.01836633449420333,0.9615195989608765,0.011783339083194733,0.013550068251788616,0.004270628094673157,0.00887677539139986,57.89777873363346,,,
amgtp_fixed_beta0,38,0.06859496980905533,0.9272206425666809,0.0278813224285841,0.021515019237995148,0.006293404847383499,0.017087077721953392,56.008937856182456,,,
amgtp_fixed_beta0,39,0.39640437066555023,0.7290199995040894,0.1342962682247162,0.07054587453603745,0.016620729118585587,0.0495176799595356,44.89672648534179,,,
amgtp_fixed_beta0,40,0.47217224538326263,0.4929336607456207,0.15784808993339539,0.22022871673107147,0.03492102771997452,0.09406862407922745,31.95596181601286,,,
amgtp_fixed_beta0,41,0.40802657045423985,0.6969466209411621,0.02323194406926632,0.15669891238212585,0.03232645243406296,0.09079553931951523,43.807548655197024,,,
amgtp_fixed_beta0,42,0.39813620783388615,0.8960152864456177,0.0030555427074432373,0.0341988205909729,0.016153279691934586,0.050577662885189056,54.68772942945361,,,
amgtp_fixed_beta0,43,0.09301602118648589,0.942522406578064,0.000995113281533122,0.01151067391037941,0.010212344117462635,0.034758273512125015,57.1449737676885,,,
amgtp_fixed_beta0,44,0.029235946072731167,0.9571408033370972,0.0005397663335315883,0.006052493583410978,0.007671554107218981,0.02859504148364067,57.9011769068311,,,
amgtp_fixed_beta0,45,0.002191544452216476,0.9568780660629272,0.0005222719628363848,0.005237671080976725,0.007916012778878212,0.029447073116898537,57.89659036207013,,,
amgtp_fixed_beta0,46,0.01596623641671613,0.948894202709198,0.0006853854865767062,0.006281140726059675,0.01049275416880846,0.0336461216211319,57.49767595209414,,,
amgtp_fixed_beta0,47,0.04895563964964822,0.9244170784950256,0.0012882662704214454,0.010632025077939034,0.01963190920650959,0.044031716883182526,56.2520764520159,,,
amgtp_fixed_beta0,48,0.087530602584593,0.8806508779525757,0.0025942272040992975,0.01959897205233574,0.03819296881556511,0.058962151408195496,53.99326472193934,,,
amgtp_fixed_beta0,49,0.12222851882688701,0.8195368051528931,0.006015344522893429,0.03496261686086655,0.05988788232207298,0.07959692180156708,50.81668358575553,,,
amgtp_fixed_beta0,50,0.05505600571632385,0.8155010342597961,0.011623292230069637,0.0451238751411438,0.03639591857790947,0.09135598689317703,50.610812219791114,,,
amgtp_fixed_beta0,51,0.16032193880528212,0.7527096271514893,0.026348933577537537,0.07946354895830154,0.019026214256882668,0.12245149910449982,47.274821696802974,,,
amgtp_fixed_beta0,52,0.7306730505079031,0.39110267162323,0.09125714004039764,0.3562707006931305,0.015296783298254013,0.14607280492782593,26.77832629159093,,,
amgtp_fixed_beta0,53,0.4435377335175872,0.20345525443553925,0.13458950817584991,0.5347071290016174,0.011836742050945759,0.11541132628917694,15.644641923718154,,,
amgtp_fixed_beta0,54,0.8786755874752998,0.4676990509033203,0.07938864827156067,0.15057030320167542,0.012895849533379078,0.28944632411003113,32.735562096349895,,,
amgtp_fixed_beta0,55,0.49879688303917646,0.7170974016189575,0.019774487242102623,0.025707105174660683,0.010129937902092934,0.2272910624742508,46.3757243398577,,,
amgtp_fixed_beta0,56,0.34432066371664405,0.8892571330070496,0.006242590025067329,0.006541234906762838,0.008815870620310307,0.08914196491241455,54.690992878284305,,,
amgtp_fixed_beta0,57,0.1163925277069211,0.947313666343689,0.003173807403072715,0.0027994064148515463,0.008956555277109146,0.0377572663128376,57.441689622588456,,,
amgtp_fixed_beta0,58,0.03824049839749932,0.9659895300865173,0.0023386094253510237,0.001785752596333623,0.009400914423167706,0.02048584260046482,58.31967586977407,,,
amgtp_fixed_beta0,59,0.009396091802045703,0.9676139950752258,0.0027285197284072638,0.001866716891527176,0.012003198266029358,0.01578737422823906,58.37021400197409,,,
amgtp_fixed_beta0,60,0.014207716332748532,0.9611175060272217,0.00391501747071743,0.002467571757733822,0.017319582402706146,0.015179883688688278,58.0121235428378,,,
amgtp_fixed_beta0,61,0.04568753158673644,0.9382737874984741,0.00698343338444829,0.004174228757619858,0.03196579962968826,0.018602406606078148,56.80012765945867,,,
amgtp_fixed_beta0,62,0.08472807565703988,0.8959100842475891,0.01212188322097063,0.007093269377946854,0.06071437522768974,0.024160712957382202,54.55125735420734,,,
amgtp_fixed_beta0,63,0.11292778700590134,0.8394461274147034,0.02348020114004612,0.014179292134940624,0.08525099605321884,0.03764358162879944,51.556552837602794,,,
amgtp_fixed_beta0,64,0.10020692925900221,0.850648045539856,0.03762367367744446,0.022291649132966995,0.035147733986377716,0.054289501160383224,52.14946850761771,,,
amgtp_fixed_beta0,65,0.33447166718542576,0.7023906111717224,0.12047117948532104,0.048759471625089645,0.016168953850865364,0.11220962554216385,44.094303699210286,,,
amgtp_fixed_beta0,66,0.6793188797309995,0.36848416924476624,0.3412373661994934,0.11589916050434113,0.010416009463369846,0.16396324336528778,25.16638247575611,,,
amgtp_fixed_beta0,67,0.5399807542562485,0.3711073696613312,0.07422896474599838,0.30371007323265076,0.0074341753497719765,0.2435196489095688,26.713115676306188,,,
amgtp_fixed_beta0,68,0.2536294641904533,0.4365939497947693,0.012728117406368256,0.3650381565093994,0.0060272193513810635,0.1796126514673233,29.860247230622917,,,
amgtp_fixed_beta0,69,0.7443845360539854,0.8087857961654663,0.0024241474457085133,0.08785588294267654,0.004629745613783598,0.09630367904901505,50.17379929218441,,,
amgtp_fixed_beta0,70,0.2727805735776201,0.9451762437820435,0.0006086040521040559,0.01696646958589554,0.003615868976339698,0.03363238647580147,57.258247133228,,,
amgtp_fixed_beta0,71,0.059000741923227906,0.9744054079055786,0.0003022000892087817,0.005634642206132412,0.0038867632392793894,0.01576993428170681,58.729517023661174,,,
amgtp_fixed_beta0,72,0.01443481887690723,0.980052649974823,0.0002853429177775979,0.003389856079593301,0.0054579684510827065,0.010815205983817577,59.00323257257696,,,
amgtp_fixed_beta0,73,0.0056323292083106935,0.9788106083869934,0.000377168704289943,0.0030349204316735268,0.008181499317288399,0.009595210663974285,58.929721877735574,,,
amgtp_fixed_beta0,74,0.012468076194636524,0.9725766777992249,0.0006178742623887956,0.0034871466923505068,0.012965027242898941,0.01035289652645588,58.601375724363606,,,
amgtp_fixed_beta0,75,0.021965889318380505,0.9615933299064636,0.0009993293788284063,0.00444391556084156,0.021155627444386482,0.011806613765656948,58.02331285527907,,,
amgtp_fixed_beta0,76,0.08187678968533874,0.9206554293632507,0.0026029564905911684,0.00887655932456255,0.0485176220536232,0.019347237423062325,55.87904307455756,,,
amgtp_fixed_beta0,77,0.07898114831186831,0.88116455078125,0.005386033561080694,0.014968172647058964,0.06959332525730133,0.02888711355626583,53.81173646496609,,,
amgtp_fixed_beta0,78,0.07036777073517442,0.8720206618309021,0.011842946521937847,0.026073791086673737,0.043552715331315994,0.046507854014635086,53.36728299316019,,,
amgtp_fixed_beta0,79,0.15660069044679403,0.8168184161186218,0.027570968493819237,0.049388255923986435,0.020456016063690186,0.08576711267232895,50.528772393241525,,,
amgtp_fixed_beta0,80,0.506061339750886,0.5695511102676392,0.09188572317361832,0.16462336480617523,0.014692235738039017,0.1592475026845932,37.09113312140107,,,
amgtp_fixed_beta0,81,0.743383651599288,0.2467632293701172,0.1449299305677414,0.4832710027694702,0.01094350777566433,0.11409230530261993,18.074433529749513,,,
amgtp_fixed_beta0,82,0.648697447963059,0.4616011083126068,0.06470579653978348,0.23942945897579193,0.010660232044756413,0.22360292077064514,31.684123187325895,,,
amgtp_fixed_beta0,83,0.514447349589318,0.7012172937393188,0.012528570368885994,0.03790663555264473,0.007136702071875334,0.24121050536632538,45.626190091017634,,,
amgtp_fixed_beta0,84,0.2927299025468528,0.8475821018218994,0.0036115054972469807,0.009206798858940601,0.006334890145808458,0.13326412439346313,52.79619998391718,,,
amgtp_fixed_beta0,85,0.15631275798659772,0.9253901243209839,0.001670689438469708,0.0036044493317604065,0.006683940067887306,0.0626516044139862,56.4598015389638,,,
amgtp_fixed_beta0,86,0.05577549745794386,0.951387345790863,0.001330510713160038,0.002383457263931632,0.008573994040489197,0.036324553191661835,57.66028333292343,,,
amgtp_fixed_beta0,87,0.02289928076788783,0.9604437947273254,0.0013237663079053164,0.0020629214122891426,0.010967989452183247,0.025202997028827667,58.06375809875317,,,
amgtp_fixed_beta0,88,0.016216847929172218,0.9544508457183838,0.0019052858697250485,0.002624867483973503,0.017932306975126266,0.023086881265044212,57.725573117961176,,,
amgtp_fixed_beta0,89,0.039928612881340086,0.934485673904419,0.003072523046284914,0.0038792623672634363,0.03458544611930847,0.02397555112838745,56.661606583045796,,,
amgtp_fixed_beta0,90,0.10501511138863862,0.8819789886474609,0.005510977003723383,0.006511002313345671,0.07754090428352356,0.028458325192332268,53.88498618546873,,,
amgtp_fixed_beta0,91,0.05739774368703365,0.8532805442810059,0.00998829398304224,0.011242923326790333,0.08988174796104431,0.03560754284262657,52.36822755634785,,,
amgtp_fixed_beta0,92,0.12219063937664032,0.8946025371551514,0.016703547909855843,0.017330296337604523,0.028786633163690567,0.04257844761013985,54.54245136491954,,,
amgtp_fixed_beta0,93,0.08255943935364485,0.8719495534896851,0.03105904906988144,0.02821960486471653,0.010158960707485676,0.05861242115497589,53.3243776941672,,,
amgtp_fixed_beta0,94,0.2826135172508657,0.7332494258880615,0.08615296334028244,0.06931011378765106,0.007552446331828833,0.10373487323522568,45.79420420760289,,,
amgtp_fixed_beta0,95,0.6758472449146211,0.39532607793807983,0.23545794188976288,0.24334199726581573,0.008791542612016201,0.11708281189203262,26.38574877474457,,,
amgtp_fixed_beta0,96,0.36090339440852404,0.4611523747444153,0.06543990969657898,0.35730627179145813,0.00945267453789711,0.10664915293455124,30.365758072584867,,,
amgtp_fixed_beta0,97,0.6301514785736799,0.776228129863739,0.01103027630597353,0.12429236620664597,0.008640349842607975,0.0798092931509018,48.13540771976113,,,
amgtp_fixed_beta0,98,0.2821281934157014,0.9172916412353516,0.0024200701154768467,0.027742233127355576,0.007399080786854029,0.04514621943235397,55.80698588117957,,,
amgtp_fixed_beta0,99,0.07319276832276955,0.9538884162902832,0.0009155789739452302,0.008769952692091465,0.0072378236800432205,0.029188254848122597,57.71983074810123,,,
amgtp_fixed_beta0,100,0.022178986168000847,0.9642505645751953,0.0005792462034150958,0.004503548610955477,0.007965123280882835,0.022701453417539597,58.242699977359734,,,
amgtp_fixed_beta0,101,0.005362830765079707,0.9650020599365234,0.0005679460591636598,0.0035547625739127398,0.009894871152937412,0.020979952067136765,58.274339256982785,,,
amgtp_fixed_beta0,102,0.008128981164190918,0.9610132575035095,0.0007315818220376968,0.003766436828300357,0.013584602624177933,0.020904814824461937,58.06058596842922,,,
amgtp_fixed_beta0,103,0.02807672624476254,0.9469747543334961,0.001189985778182745,0.0051102363504469395,0.023287691175937653,0.0234377458691597,57.32614823523909,,,
amgtp_fixed_beta0,104,0.07504705083556473,0.9094508290290833,0.002282489323988557,0.008407589979469776,0.05119306594133377,0.028665639460086823,55.354225415037945,,,
amgtp_fixed_beta0,105,0.08104841248132288,0.8689265847206116,0.004809931386262178,0.014734185300767422,0.07425209879875183,0.0372767373919487,53.2262465856038,,,
amgtp_fixed_beta0,106,0.08942617569118738,0.9044499397277832,0.00778539152815938,0.019778553396463394,0.029539261013269424,0.03844689205288887,55.07914875121787,,,
amgtp_fixed_beta0,107,0.05542420828714967,0.8949114680290222,0.014793998561799526,0.03205720707774162,0.011365532875061035,0.04687163978815079,54.541415388695896,,,
amgtp_fixed_beta0,108,0.2039596550166607,0.7957788109779358,0.0371633917093277,0.08195170760154724,0.008518115617334843,0.07658732682466507,49.16159655805677,,,
amgtp_fixed_beta0,109,0.8295971341431141,0.3809807598590851,0.10456753522157669,0.4122093617916107,0.010722321458160877,0.09152040630578995,25.5563831506297,,,
amgtp_fixed_beta0,110,0.0567344818264246,0.3559941053390503,0.1310422569513321,0.41039717197418213,0.012614457868039608,0.08995162695646286,24.069504075683653,,,
amgtp_fixed_beta0,111,0.9077664688229561,0.7759192585945129,0.03710658848285675,0.05240706354379654,0.010657466016709805,0.12391017377376556,48.55882798973471,,,
amgtp_fixed_beta0,112,0.25165870040655136,0.901748538017273,0.006035510916262865,0.005693498067557812,0.0064085195772349834,0.08011434227228165,55.2944887150079,,,
amgtp_fixed_beta0,113,0.0676330461865291,0.9355656504631042,0.0021072819363325834,0.0014683798654004931,0.005931387655436993,0.05492888763546944,56.95097558980342,,,
amgtp_fixed_beta0,114,0.03164802020182833,0.9511237144470215,0.001203335472382605,0.0006806748569943011,0.006196719594299793,0.04079591482877731,57.685188071627636,,,
amgtp_fixed_beta0,115,0.016840262454934418,0.9582202434539795,0.001052357954904437,0.0005169662763364613,0.0075200642459094524,0.03269021213054657,58.0061212835717,,,
amgtp_fixed_beta0,116,0.0104258629726246,0.9606564044952393,0.00116744136903435,0.000516196305397898,0.010181931778788567,0.027478231117129326,58.098069058090914,,,
amgtp_fixed_beta0,117,0.01158743433188647,0.9588634371757507,0.0015122442273423076,0.0006316967192105949,0.015515591949224472,0.02347772754728794,57.97251089423662,,,
amgtp_fixed_beta0,118,0.02822482242481783,0.9457349181175232,0.0024615409784018993,0.0009946523932740092,0.028315231204032898,0.02249331586062908,57.26265362568665,,,
amgtp_fixed_beta0,119,0.04004012874793261,0.9257150888442993,0.0044960035011172295,0.0018542048055678606,0.044544655829668045,0.02339017577469349,56.192239000229165,,,
amgtp_fixed_beta_hi,4,,0.20000606775283813,0.20000606775283813,0.20000606775283813,0.20000606775283813,0.20000606775283813,17.00051575899124,,,
amgtp_fixed_beta_hi,5,0.15743795037269592,0.22624057531356812,0.14397409558296204,0.17730361223220825,0.22624057531356812,0.22624057531356812,19.001371532678604,,,
amgtp_fixed_beta_hi,6,0.10892336070537567,0.24439457058906555,0.12663094699382782,0.1401853710412979,0.24439457058906555,0.24439455568790436,20.343147069215775,,,
amgtp_fixed_beta_hi,7,0.008464619517326355,0.2429838925600052,0.12734608352184296,0.14370279014110565,0.2429838925600052,0.2429838478565216,20.24014912545681,,,
amgtp_fixed_beta_hi,8,0.2856239229440689,0.19537973403930664,0.1752801090478897,0.23858024179935455,0.19537973403930664,0.19537971913814545,16.716779083013535,,,
amgtp_fixed_beta_hi,9,0.2894727885723114,0.14700600504875183,0.17850668728351593,0.38009023666381836,0.14739099144935608,0.14700597524642944,13.228958293795586,,,
amgtp_fixed_beta_hi,10,0.18681488931179047,0.12977130711078644,0.1368071734905243,0.47349756956100464,0.13015232980251312,0.12977129220962524,12.07144270837307,,,
amgtp_fixed_beta_hi,11,0.09881186485290527,0.11910659819841385,0.11917182058095932,0.522903561592102,0.11971121281385422,0.11910659819841385,11.33974926173687,,,
amgtp_fixed_beta_hi,12,0.04961130768060684,0.1135212779045105,0.11032826453447342,0.5477089285850525,0.11491948366165161,0.1135212630033493,10.958465792238712,,,
amgtp_fixed_beta_hi,13,0.14811424911022186,0.1376952826976776,0.1083640530705452,0.4756164252758026,0.14062899351119995,0.1376952826976776,12.709067203104496,,,
amgtp_fixed_beta_hi,14,0.38525697588920593,0.22892478108406067,0.09385662525892258,0.29749539494514465,0.1507985144853592,0.22892478108406067,18.98236621171236,,,
amgtp_fixed_beta_hi,15,0.21071387827396393,0.2816033661365509,0.08090909570455551,0.24993503093719482,0.10594969987869263,0.2816033661365509,22.411011181771755,,,
amgtp_fixed_beta_hi,16,0.10247168689966202,0.33283883333206177,0.07324636727571487,0.2259756475687027,0.0918131098151207,0.27612584829330444,25.229956954717636,,,
amgtp_fixed_beta_hi,17,0.1527610570192337,0.409219354391098,0.0674026757478714,0.2055216133594513,0.0831269770860672,0.23472917079925537,29.105226010084152,,,
amgtp_fixed_beta_hi,18,0.13045953959226608,0.4744493365287781,0.06337150186300278,0.18714410066604614,0.07619169354438782,0.1988435834646225,32.408916018903255,,,
amgtp_fixed_beta_hi,19,0.08187718689441681,0.515388011932373,0.06294937431812286,0.1706576943397522,0.07104536145925522,0.17995993793010712,34.51495983451605,,,
amgtp_fixed_beta_hi,20,0.03859008848667145,0.5264549851417542,0.07117743045091629,0.15639272332191467,0.07013241946697235,0.1758427917957306,35.080380730330944,,,
amgtp_fixed_beta_hi,21,0.05954088270664215,0.5075781345367432,0.08473911881446838,0.1454990804195404,0.07851795107126236,0.18366596102714539,34.09687354415655,,,
amgtp_fixed_beta_hi,22,0.09850476682186127,0.4637097120285034,0.09123120456933975,0.14011505246162415,0.09012578427791595,0.21481835842132568,31.97249659150839,,,
amgtp_fixed_beta_hi,23,0.15095388144254684,0.3929057717323303,0.1061430424451828,0.14281302690505981,0.08545291423797607,0.27268561720848083,28.524697467684746,,,
amgtp_fixed_beta_hi,24,0.15257025510072708,0.32758450508117676,0.1597968488931656,0.15511567890644073,0.07448897510766983,0.2830142080783844,24.763835929334164,,,
amgtp_fixed_beta_hi,25,0.09969532489776611,0.29448431730270386,0.14628300070762634,0.2036568969488144,0.07125522941350937,0.28432053327560425,22.905586801469326,,,
amgtp_fixed_beta_hi,26,0.14794676005840302,0.2711358070373535,0.09565809369087219,0.26729482412338257,0.07181864231824875,0.2940925359725952,21.785716988146305,,,
amgtp_fixed_beta_hi,27,0.20576314628124237,0.2529802620410919,0.07586999237537384,0.2023567110300064,0.07243169099092484,0.3963608741760254,21.917829923331738,,,
amgtp_fixed_beta_hi,28,0.2044035568833351,0.22948366403579712,0.06658554822206497,0.14278694987297058,0.06258093565702438,0.49856287240982056,21.681913003325462,,,
amgtp_fixed_beta_hi,29,0.0956002026796341,0.21323128044605255,0.060497451573610306,0.12377988547086716,0.056128401309251785,0.5463629961013794,21.26769468933344,,,
amgtp_fixed_beta_hi,30,0.04986150935292244,0.20711727440357208,0.055820614099502563,0.11232389509677887,0.05344432219862938,0.5712935924530029,21.19204931333661,,,
amgtp_fixed_beta_hi,31,0.042760804295539856,0.22645653784275055,0.05394771322607994,0.10389035195112228,0.05548565089702606,0.5602198243141174,22.184488136321306,,,
amgtp_fixed_beta_hi,32,0.21744640544056892,0.31795135140419006,0.06121141463518143,0.09835189580917358,0.06545005738735199,0.45703479647636414,26.289985738694668,,,
amgtp_fixed_beta_hi,33,0.24934320896863937,0.42647233605384827,0.07113095372915268,0.09230029582977295,0.07168137282133102,0.3384150266647339,31.17595198750496,,,
amgtp_fixed_beta_hi,34,0.14082778245210648,0.49688640236854553,0.06363257020711899,0.08545158803462982,0.0667223334312439,0.2873074412345886,34.62253198772669,,,
amgtp_fixed_beta_hi,35,0.09942398965358734,0.5465975999832153,0.05616835132241249,0.08031323552131653,0.058804530650377274,0.2581150233745575,37.11820609867573,,,
amgtp_fixed_beta_hi,36,0.059819936752319336,0.5765082836151123,0.05498126894235611,0.07901553064584732,0.054107941687107086,0.2353871464729309,38.55670052021742,,,
amgtp_fixed_beta_hi,37,0.05415436998009682,0.5667409300804138,0.06838630139827728,0.09103818982839584,0.055757228285074234,0.21807710826396942,37.789336789399385,,,
amgtp_fixed_beta_hi,38,0.32099276036024094,0.41559725999832153,0.1599685251712799,0.15504278242588043,0.06066722050309181,0.20872482657432556,28.907750587910414,,,
amgtp_fixed_beta_hi,39,0.22980144619941711,0.3222706615924835,0.15405681729316711,0.26994290947914124,0.05659538879990578,0.1971336454153061,23.456163998693228,,,
amgtp_fixed_beta_hi,40,0.22513796761631966,0.2836897075176239,0.09221425652503967,0.3825122117996216,0.05595649778842926,0.18562738597393036,21.25161223113537,,,
amgtp_fixed_beta_hi,41,0.08166595548391342,0.2601464092731476,0.07492455840110779,0.4034133851528168,0.07118398696184158,0.19033168256282806,20.056880734860897,,,
amgtp_fixed_beta_hi,42,0.31783144921064377,0.24748647212982178,0.06745731830596924,0.26462486386299133,0.12908373773097992,0.2913476824760437,20.69297395646572,,,
amgtp_fixed_beta_hi,43,0.34363841637969017,0.22856026887893677,0.059392299503088,0.17609426379203796,0.07278677076101303,0.46316730976104736,21.295140955597162,,,
amgtp_fixed_beta_hi,44,0.1374152973294258,0.2084953635931015,0.05337512120604515,0.15320883691310883,0.0530460923910141,0.531874418258667,20.8402879498899,,,
amgtp_fixed_beta_hi,45,0.0713513009250164,0.19698373973369598,0.04944077506661415,0.13885758817195892,0.04716813191771507,0.567550539970398,20.560922406613827,,,
amgtp_fixed_beta_hi,46,0.034285660833120346,0.19858750700950623,0.048018090426921844,0.1266455352306366,0.043659429997205734,0.5830889940261841,20.812067043036222,,,
amgtp_fixed_beta_hi,47,0.09344528242945671,0.23935894668102264,0.053969111293554306,0.11636324226856232,0.04293811693787575,0.5473697781562805,22.728339351713657,,,
amgtp_fixed_beta_hi,48,0.24487938731908798,0.3492370545864105,0.06393816322088242,0.10759923607110977,0.04553145915269852,0.43369489908218384,27.731407947838306,,,
amgtp_fixed_beta_hi,49,0.2290375828742981,0.4627375602722168,0.05697264149785042,0.09925007075071335,0.046548981219530106,0.334490031003952,33.12767977267504,,,
amgtp_fixed_beta_hi,50,0.1294311173260212,0.5274537205696106,0.048401668667793274,0.09164895862340927,0.043900344520807266,0.2885957956314087,36.31821532920003,,,
amgtp_fixed_beta_hi,51,0.06670702993869781,0.5608067512512207,0.04685811325907707,0.08732418715953827,0.043533772230148315,0.26147669553756714,37.92264589294791,,,
amgtp_fixed_beta_hi,52,0.061509259045124054,0.547590434551239,0.06146858632564545,0.09552286565303802,0.05147944763302803,0.24393858015537262,36.97895951196551,,,
amgtp_fixed_beta_hi,53,0.2762991078197956,0.41848546266555786,0.12705616652965546,0.1465863585472107,0.07297801226377487,0.23489408195018768,29.47530623525381,,,
amgtp_fixed_beta_hi,54,0.20882150530815125,0.3366030156612396,0.11695609241724014,0.2322128266096115,0.09176261723041534,0.22246617078781128,24.766640223562717,,,
amgtp_fixed_beta_hi,55,0.1100684329867363,0.32265475392341614,0.08084696531295776,0.24830734729766846,0.13070204854011536,0.2174890786409378,24.144815683364868,,,
amgtp_fixed_beta_hi,56,0.17723847925662994,0.40102648735046387,0.06439030170440674,0.17716974020004272,0.12967686355113983,0.22773636877536774,28.753535971045494,,,
amgtp_fixed_beta_hi,57,0.30877556279301643,0.5554143786430359,0.05334271863102913,0.12076061964035034,0.06727772206068039,0.20320454239845276,37.056294944137335,,,
amgtp_fixed_beta_hi,58,0.12318836152553558,0.6170086860656738,0.04744122922420502,0.10422412306070328,0.056183818727731705,0.17514237761497498,40.225914780050516,,,
amgtp_fixed_beta_hi,59,0.06750759854912758,0.6507624387741089,0.043529264628887177,0.09445076435804367,0.0508977547287941,0.1603599190711975,41.973951034247875,,,
amgtp_fixed_beta_hi,60,0.044962380081415176,0.673243522644043,0.041166774928569794,0.08640437573194504,0.046806711703538895,0.15237854421138763,43.15593786165118,,,
amgtp_fixed_beta_hi,61,0.01652463898062706,0.679054319858551,0.04300852119922638,0.08019043505191803,0.04475856572389603,0.15298855304718018,43.48198872059584,,,
amgtp_fixed_beta_hi,62,0.04722868278622627,0.6589867472648621,0.05375804752111435,0.07664349675178528,0.0487595833837986,0.1618521809577942,42.4301409907639,,,
amgtp_fixed_beta_hi,63,0.11286019906401634,0.6025567054748535,0.07346570491790771,0.07814957946538925,0.06825697422027588,0.17757120728492737,39.4251124933362,,,
amgtp_fixed_beta_hi,64,0.060728661715984344,0.5721920728683472,0.08122565597295761,0.08212748914957047,0.07193489372730255,0.19251945614814758,37.85794913768768,,,
amgtp_fixed_beta_hi,65,0.14827095344662666,0.5114559531211853,0.1299189180135727,0.09343420714139938,0.05853605642914772,0.20665547251701355,34.40050773695111,,,
amgtp_fixed_beta_hi,66,0.2449471578001976,0.42574840784072876,0.23579762876033783,0.1100287064909935,0.04889762029051781,0.17952750623226166,28.96645664796233,,,
amgtp_fixed_beta_hi,67,0.20281528308987617,0.3945032060146332,0.16673535108566284,0.21043267846107483,0.047797366976737976,0.1805310845375061,27.33024249970913,,,
amgtp_fixed_beta_hi,68,0.2458297573029995,0.35955810546875,0.09580010920763016,0.3333476483821869,0.04631414636969566,0.16497986018657684,25.303246449679136,,,
amgtp_fixed_beta_hi,69,0.08980560675263405,0.3710194528102875,0.08142781257629395,0.3028169870376587,0.05273423343896866,0.192001074552536,26.308200620114803,,,
amgtp_fixed_beta_hi,70,0.313004445284605,0.47960031032562256,0.07267613708972931,0.155971959233284,0.051829006522893906,0.23992273211479187,33.03833192959428,,,
amgtp_fixed_beta_hi,71,0.19646847248077393,0.5778343677520752,0.06569742411375046,0.1259431093931198,0.040073294192552567,0.19045159220695496,38.06042416766286,,,
amgtp_fixed_beta_hi,72,0.12124921754002571,0.6384596824645996,0.05980043485760689,0.11350253224372864,0.03476103022694588,0.1534775197505951,41.09990146756172,,,
amgtp_fixed_beta_hi,73,0.07122402265667915,0.6740715503692627,0.054702576249837875,0.10321203619241714,0.03199198842048645,0.13602276146411896,42.93689428642392,,,
amgtp_fixed_beta_hi,74,0.045819684863090515,0.6969813108444214,0.050864893943071365,0.09408392012119293,0.031083092093467712,0.1269875317811966,44.14740239456296,,,
amgtp_fixed_beta_hi,75,0.026207637041807175,0.7079260349273682,0.050246916711330414,0.08605161309242249,0.03324172645807266,0.12253353744745255,44.73212546110153,,,
amgtp_fixed_beta_hi,76,0.06373859569430351,0.6820124983787537,0.06442423164844513,0.08009646087884903,0.04627807065844536,0.1271897852420807,43.33006700500846,,,
amgtp_fixed_beta_hi,77,0.07554296031594276,0.6476795077323914,0.08528806269168854,0.07665742188692093,0.0598347932100296,0.1305401623249054,41.422436617314816,,,
amgtp_fixed_beta_hi,78,0.010736122727394104,0.6478998064994812,0.08693438023328781,0.07702641189098358,0.054466694593429565,0.1336725801229477,41.444684989750385,,,
amgtp_fixed_beta_hi,79,0.08229168131947517,0.6149330139160156,0.10494156926870346,0.08654042333364487,0.046287644654512405,0.1472972184419632,39.64671824499965,,,
amgtp_fixed_beta_hi,80,0.20234278589487076,0.5181405544281006,0.16374586522579193,0.1193789392709732,0.04190855845808983,0.15682564675807953,34.09923491254449,,,
amgtp_fixed_beta_hi,81,0.18790530040860176,0.444771945476532,0.1537819802761078,0.2133316993713379,0.04071148484945297,0.14740267395973206,29.82871163636446,,,
amgtp_fixed_beta_hi,82,0.23012712225317955,0.3987371027469635,0.09626836329698563,0.3279423117637634,0.041164662688970566,0.13588780164718628,27.194903325289488,,,
amgtp_fixed_beta_hi,83,0.08288249373435974,0.3911290764808655,0.07910823822021484,0.3112693130970001,0.05166224017739296,0.16683156788349152,27.177938397973776,,,
amgtp_fixed_beta_hi,84,0.3046600893139839,0.4355192482471466,0.06898685544729233,0.16906027495861053,0.05680391564965248,0.2696293890476227,30.879761431366205,,,
amgtp_fixed_beta_hi,85,0.1271960213780403,0.49911776185035706,0.06149933487176895,0.13178609311580658,0.04129252955317497,0.26630496978759766,34.421240609139204,,,
amgtp_fixed_beta_hi,86,0.17054755240678787,0.5843914151191711,0.05593326315283775,0.11779624223709106,0.03423085808753967,0.20764866471290588,38.61950420960784,,,
amgtp_fixed_beta_hi,87,0.11043607443571091,0.6396095752716064,0.0513288639485836,0.10692022740840912,0.030786417424678802,0.17135560512542725,41.36314745619893,,,
amgtp_fixed_beta_hi,88,0.060807378962635994,0.6700130105018616,0.04828901216387749,0.09751349687576294,0.029670557007193565,0.1545141041278839,42.91250148974359,,,
amgtp_fixed_beta_hi,89,0.03342313878238201,0.6840280890464783,0.048818085342645645,0.08940460532903671,0.03183755651116371,0.14591100811958313,43.62433425337076,,,
amgtp_fixed_beta_hi,90,0.038799650967121124,0.6742357015609741,0.05813764035701752,0.08314989507198334,0.04191827028989792,0.1425587236881256,43.05097944289446,,,
amgtp_fixed_beta_hi,91,0.057124122977256775,0.6522355079650879,0.07271276414394379,0.07965338230133057,0.05590466409921646,0.13949282467365265,41.79003558307886,,,
amgtp_fixed_beta_hi,92,0.022030536085367203,0.6536662578582764,0.08229775726795197,0.07949434220790863,0.049430105835199356,0.13511162996292114,41.77832981571555,,,
amgtp_fixed_beta_hi,93,0.05931214615702629,0.632128119468689,0.10392413288354874,0.08615472167730331,0.04131249338388443,0.13648127019405365,40.49000070244074,,,
amgtp_fixed_beta_hi,94,0.158058799803257,0.5556132793426514,0.1511164754629135,0.11123958230018616,0.03879769146442413,0.14323322474956512,36.098480969667435,,,
amgtp_fixed_beta_hi,95,0.165859192609787,0.4744323790073395,0.1600593626499176,0.18415497243404388,0.039869144558906555,0.14148466289043427,31.438336312770844,,,
amgtp_fixed_beta_hi,96,0.2288845293223858,0.4279138445854187,0.10018639266490936,0.2940673828125,0.04439869150519371,0.13343359529972076,28.836080390959978,,,
amgtp_fixed_beta_hi,97,0.04878285899758339,0.42973461747169495,0.0789962187409401,0.2908661663532257,0.05898717790842056,0.1414158046245575,29.128403276205063,,,
amgtp_fixed_beta_hi,98,0.3002561256289482,0.5607230067253113,0.06804841011762619,0.15172331035137177,0.05895000696182251,0.16055570542812347,36.827028669416904,,,
amgtp_fixed_beta_hi,99,0.17692627012729645,0.6491859555244446,0.06029647961258888,0.11964388191699982,0.03837529197335243,0.13249845802783966,41.493990913033485,,,
amgtp_fixed_beta_hi,100,0.08370859920978546,0.6910400390625,0.05471369996666908,0.10763176530599594,0.03220492973923683,0.1144092008471489,43.6671746596694,,,
amgtp_fixed_beta_hi,101,0.05096845515072346,0.7165243029594421,0.05013348534703255,0.09786266833543777,0.029366659000515938,0.10611259192228317,45.02632256783545,,,
amgtp_fixed_beta_hi,102,0.03312058001756668,0.733084499835968,0.046847522258758545,0.08919377624988556,0.028039341792464256,0.10283438116312027,45.93545556999743,,,
amgtp_fixed_beta_hi,103,0.015092356130480766,0.7356523275375366,0.047149959951639175,0.08164819329977036,0.0298725888133049,0.10567764192819595,46.119829300791025,,,
amgtp_fixed_beta_hi,104,0.056890446692705154,0.7131125330924988,0.05723606422543526,0.07574217021465302,0.04055321589112282,0.11335553973913193,44.94206462800503,,,
amgtp_fixed_beta_hi,105,0.08354790136218071,0.674480140209198,0.07467742264270782,0.07260064035654068,0.057555969804525375,0.1206854060292244,42.85377522930503,,,
amgtp_fixed_beta_hi,106,0.02579382434487343,0.6839758157730103,0.07807907462120056,0.07189182192087173,0.04805196076631546,0.11800173670053482,43.32069152593613,,,
amgtp_fixed_beta_hi,107,0.023125745356082916,0.6820470094680786,0.08437023311853409,0.07716312259435654,0.03858944773674011,0.11782976984977722,43.15842308104038,,,
amgtp_fixed_beta_hi,108,0.12770921364426613,0.6201815009117126,0.11328260600566864,0.10343437641859055,0.03660054877400398,0.1265009492635727,39.661692921072245,,,
amgtp_fixed_beta_hi,109,0.24483485519886017,0.5035212635993958,0.14324899017810822,0.1942233145236969,0.038262587040662766,0.12074369192123413,32.89544454589486,,,
amgtp_fixed_beta_hi,110,0.24694470316171646,0.4288736581802368,0.11251910030841827,0.31596261262893677,0.03999563679099083,0.10264883190393448,28.509879533201456,,,
amgtp_fixed_beta_hi,111,0.12225253880023956,0.3911992311477661,0.08906764537096024,0.3647998571395874,0.05208515748381615,0.10284872353076935,26.459899317473173,,,
amgtp_fixed_beta_hi,112,0.24970680102705956,0.38788723945617676,0.0787426307797432,0.25358301401138306,0.10965097695589066,0.17013585567474365,27.262184858322144,,,
amgtp_fixed_beta_hi,113,0.31089240685105324,0.3911248743534088,0.06635143607854843,0.158290833234787,0.061888325959444046,0.3223446011543274,28.95475909486413,,,
amgtp_fixed_beta_hi,114,0.09997181594371796,0.40175318717956543,0.058889150619506836,0.13523593544960022,0.0424196682870388,0.3617022633552551,29.930557552725077,,,
amgtp_fixed_beta_hi,115,0.1830585077404976,0.4932823181152344,0.054916366934776306,0.12227907031774521,0.03745163604617119,0.29207056760787964,34.36984206363559,,,
amgtp_fixed_beta_hi,116,0.21207547560334206,0.599320113658905,0.05198110267519951,0.11116211116313934,0.034141767770051956,0.20339497923851013,39.431196339428425,,,
amgtp_fixed_beta_hi,117,0.1051916740834713,0.6519158482551575,0.050265584141016006,0.1013321503996849,0.03180085867643356,0.1646854281425476,41.99741493538022,,,
amgtp_fixed_beta_hi,118,0.0544307604432106,0.677757740020752,0.05163993686437607,0.09290347993373871,0.031487252563238144,0.14621318876743317,43.26321018859744,,,
amgtp_fixed_beta_hi,119,0.038227736949920654,0.6877389550209045,0.056190114468336105,0.08626430481672287,0.03606948256492615,0.13373824954032898,43.704142201691866,,,
amgtp_hidden8,4,,0.20000606775283813,0.20000606775283813,0.20000606775283813,0.20000606775283813,0.20000606775283813,17.00051575899124,,,
amgtp_hidden8,5,0.3118692487478256,0.25197917222976685,0.08270540833473206,0.16135679185390472,0.25197917222976685,0.25197917222976685,20.97708873450756,,,
amgtp_hidden8,6,0.18157469481229782,0.2822416126728058,0.06919090449810028,0.08408395200967789,0.2822416126728058,0.2822416424751282,23.183013804256916,,,
amgtp_hidden8,7,0.10477592796087265,0.2647790312767029,0.10382276773452759,0.10184021294116974,0.2647790014743805,0.2647790312767029,21.856444731354713,,,
amgtp_hidden8,8,0.5647236257791519,0.1706584095954895,0.2472287118434906,0.2407960593700409,0.1706584095954895,0.1706584095954895,14.792948067188263,,,
amgtp_hidden8,9,0.5568314790725708,0.09607019275426865,0.19160059094429016,0.5192118883132935,0.09704731404781342,0.09607019275426865,9.537761718034744,,,
amgtp_hidden8,10,0.2878587543964386,0.07690729200839996,0.10544881969690323,0.663141131401062,0.07759537547826767,0.07690729200839996,8.32917945086956,,,
amgtp_hidden8,11,0.02924453467130661,0.07906151562929153,0.0908268466591835,0.6712766289710999,0.07977399230003357,0.07906151562929153,8.513626836240292,,,
amgtp_hidden8,12,0.1826951950788498,0.10380997508764267,0.10792332887649536,0.5799288153648376,0.10452797263860703,0.10380997508764267,10.261343739926815,,,
amgtp_hidden8,13,0.1395975574851036,0.12203442305326462,0.12310173362493515,0.5101304650306702,0.12269987910985947,0.12203442305326462,11.542939588427544,,,
amgtp_hidden8,14,0.03190894424915314,0.12626877427101135,0.12638071179389954,0.4941754937171936,0.12690617144107819,0.12626877427101135,11.841139689087868,,,
amgtp_hidden8,15,0.011697232723236084,0.12829457223415375,0.12630347907543182,0.4884043037891388,0.12870338559150696,0.12829457223415375,11.986238434910774,,,
amgtp_hidden8,16,0.07489680498838425,0.1432340443134308,0.12032242864370346,0.4569365978240967,0.13672877848148346,0.14277775585651398,13.04116491228342,,,
amgtp_hidden8,17,0.35063646733760834,0.2522684633731842,0.0975908413529396,0.30440786480903625,0.13667131960391998,0.20906202495098114,20.030489824712276,,,
amgtp_hidden8,18,0.4383566454052925,0.4714468717575073,0.07906393706798553,0.18948416411876678,0.08708956837654114,0.17291614413261414,31.96478173136711,,,
amgtp_hidden8,19,0.3600291274487972,0.6514608860015869,0.060895588248968124,0.13183358311653137,0.05415397137403488,0.10165555775165558,41.3463051058352,,,
amgtp_hidden8,20,0.2364918552339077,0.7697076201438904,0.04597298055887222,0.08132064342498779,0.03424850106239319,0.06875145435333252,47.674651987850666,,,
amgtp_hidden8,21,0.04381632246077061,0.7897382974624634,0.04349753260612488,0.06651280075311661,0.029622754082083702,0.07062806189060211,48.82348592765629,,,
amgtp_hidden8,22,0.26028951443731785,0.6595935821533203,0.0657166838645935,0.08001971244812012,0.03791653364896774,0.15675301849842072,42.34134874492884,,,
amgtp_hidden8,23,0.6615913845598698,0.3287983536720276,0.1113264262676239,0.11199525743722916,0.043549779802560806,0.40433064103126526,26.140690851956606,,,
amgtp_hidden8,24,0.31325675547122955,0.2437179535627365,0.19959191977977753,0.1803579330444336,0.04299650713801384,0.3333357274532318,20.33141866698861,,,
amgtp_hidden8,25,0.3270477391779423,0.23221319913864136,0.13387838006019592,0.343881756067276,0.041896648705005646,0.2481299638748169,18.86541163176298,,,
amgtp_hidden8,26,0.11777595803141594,0.22171583771705627,0.08548781275749207,0.3761625289916992,0.04196440055966377,0.27466946840286255,18.65604902431369,,,
amgtp_hidden8,27,0.41532807797193527,0.20767848193645477,0.0691085085272789,0.20006167888641357,0.04081778600811958,0.4823334217071533,20.16839486733079,,,
amgtp_hidden8,28,0.2596547268331051,0.16970887780189514,0.05431662127375603,0.13263645768165588,0.03117697313427925,0.6121606230735779,19.423246197402477,,,
amgtp_hidden8,29,0.18396138958632946,0.13026055693626404,0.041428543627262115,0.09926103055477142,0.024908045306801796,0.7041412591934204,18.187178997322917,,,
amgtp_hidden8,30,0.07474504224956036,0.11385422945022583,0.03599207475781441,0.08554104715585709,0.023099027574062347,0.7415145039558411,17.666765231639147,,,
amgtp_hidden8,31,0.005210110917687416,0.11462149024009705,0.03580481931567192,0.08415726572275162,0.024936461821198463,0.7404801249504089,17.706843012943864,,,
amgtp_hidden8,32,0.05217773653566837,0.12724068760871887,0.038775037974119186,0.08899565786123276,0.030597079545259476,0.7143908143043518,18.15585422515869,,,
amgtp_hidden8,33,0.0954485833644867,0.1513776183128357,0.04397878423333168,0.09605402499437332,0.04192308709025383,0.6666672825813293,19.04160152375698,,,
amgtp_hidden8,34,0.1428414210677147,0.19521665573120117,0.049861907958984375,0.0958227664232254,0.06362156569957733,0.5954777598381042,20.83236914873123,,,
amgtp_hidden8,35,0.23049908503890038,0.29872027039527893,0.05788305029273033,0.08911744505167007,0.06734592467546463,0.4869331121444702,25.536936651915312,,,
amgtp_hidden8,36,0.2847989462316036,0.4342626929283142,0.06474005430936813,0.07965999096632004,0.04488100856542587,0.37645596265792847,31.94403214007616,,,
amgtp_hidden8,37,0.15128078684210777,0.4676801264286041,0.10169685631990433,0.08492616564035416,0.035996224731206894,0.3097003698348999,33.00506168976426,,,
amgtp_hidden8,38,0.46583401039242744,0.2861482799053192,0.2802843153476715,0.13925586640834808,0.03404168039560318,0.2602699100971222,21.7490192130208,,,
amgtp_hidden8,39,0.3156542330980301,0.2541537880897522,0.16435684263706207,0.2956079840660095,0.035516493022441864,0.2503645718097687,20.054127536714077,,,
amgtp_hidden8,40,0.18525628745555878,0.2746115028858185,0.09084898978471756,0.3659745156764984,0.03732050955295563,0.23124440014362335,21.164127878844738,,,
amgtp_hidden8,41,0.4402911625802517,0.49379631876945496,0.07020409405231476,0.19416017830371857,0.03828128054738045,0.2035580575466156,33.39824552461505,,,
amgtp_hidden8,42,0.3308867644518614,0.6592400670051575,0.053651683032512665,0.1061500832438469,0.02567780576646328,0.15528102219104767,42.28018490411341,,,
amgtp_hidden8,43,0.1977168433368206,0.7580983638763428,0.038266610354185104,0.07338277995586395,0.01867998205125332,0.11157267540693283,47.437094112858176,,,
amgtp_hidden8,44,0.07002738676965237,0.793111264705658,0.032586779445409775,0.061994507908821106,0.016329236328601837,0.09597703814506531,49.26322937384248,,,
amgtp_hidden8,45,0.05486390367150307,0.7656798362731934,0.0368461012840271,0.0697861909866333,0.01855059713125229,0.1091371476650238,47.84476909786463,,,
amgtp_hidden8,46,0.04026927053928375,0.7455450296401978,0.03950437158346176,0.07442785054445267,0.021464653313159943,0.11905762553215027,46.81254903227091,,,
amgtp_hidden8,47,0.01929209567606449,0.7409404516220093,0.038339320570230484,0.07055208086967468,0.028037814423441887,0.12213116139173508,46.612523620948195,,,
amgtp_hidden8,48,0.06084696017205715,0.7178059816360474,0.038569215685129166,0.06326307356357574,0.0465480200946331,0.13381454348564148,45.49595708400011,,,
amgtp_hidden8,49,0.12168233096599579,0.6584269404411316,0.050345856696367264,0.06180053576827049,0.06365127116441727,0.16577540338039398,42.50777843594551,,,
amgtp_hidden8,50,0.08981407061219215,0.6367416381835938,0.06561721116304398,0.06605565547943115,0.04043009504675865,0.1911565214395523,41.427484434098005,,,
amgtp_hidden8,51,0.1244391668587923,0.5859475135803223,0.09615382552146912,0.08079794049263,0.029003771021962166,0.20809634029865265,38.61177362315357,,,
amgtp_hidden8,52,0.35337291471660137,0.4434725046157837,0.2163356989622116,0.13730314373970032,0.02608378604054451,0.1768054962158203,29.89445885643363,,,
amgtp_hidden8,53,0.3163077272474766,0.3548968434333801,0.1851492077112198,0.29465800523757935,0.026882492005825043,0.13841348886489868,24.488900117576122,,,
amgtp_hidden8,54,0.2677842117846012,0.32610422372817993,0.09683497995138168,0.42445898056030273,0.03097381815314293,0.12162842601537704,22.856080036610365,,,
amgtp_hidden8,55,0.2465643659234047,0.4074147939682007,0.09354698657989502,0.3044646382331848,0.04685692861676216,0.14771677553653717,27.847861897200346,,,
amgtp_hidden8,56,0.1541462130844593,0.4657764434814453,0.10039857029914856,0.22739119827747345,0.04854736477136612,0.15788587927818298,31.279392637312412,,,
amgtp_hidden8,57,0.03943111374974251,0.48549219965934753,0.09786920249462128,0.21367773413658142,0.04527251794934273,0.1576882004737854,32.39297681674361,,,
amgtp_hidden8,58,0.08884760364890099,0.5298993587493896,0.08492095023393631,0.18457545340061188,0.04289920628070831,0.15770480036735535,34.940770484507084,,,
amgtp_hidden8,59,0.1034231185913086,0.5816113948822021,0.07125253975391388,0.1536000818014145,0.03907007724046707,0.1544666290283203,37.86475982517004,,,
amgtp_hidden8,60,0.037536609917879105,0.6003790497779846,0.06758546084165573,0.14347080886363983,0.03809673711657524,0.15046736598014832,38.893961157649755,,,
amgtp_hidden8,61,0.03137093409895897,0.6125084161758423,0.06450984627008438,0.13137292861938477,0.04165320843458176,0.14995576441287994,39.60008676350117,,,
amgtp_hidden8,62,0.053749989718198776,0.6296197772026062,0.060988571494817734,0.10925494134426117,0.051416702568531036,0.1487198919057846,40.607935432344675,,,
amgtp_hidden8,63,0.02780725434422493,0.6281196475028992,0.06661795824766159,0.09685143083333969,0.05808962136507034,0.15032120048999786,40.55547525733709,,,
amgtp_hidden8,64,0.04662243649363518,0.646773099899292,0.07106652110815048,0.09142129868268967,0.040208663791418076,0.15053053200244904,41.54060450568795,,,
amgtp_hidden8,65,0.13849804550409317,0.5843667387962341,0.10554638504981995,0.10160360485315323,0.03336581215262413,0.17511719465255737,38.1575629375875,,,
amgtp_hidden8,66,0.2902468405663967,0.4398669898509979,0.21709215641021729,0.13434095680713654,0.0327427014708519,0.175958052277565,29.704746060073376,,,
amgtp_hidden8,67,0.21371183171868324,0.37161433696746826,0.1833973377943039,0.23672814667224884,0.03721087798476219,0.1710490584373474,25.845604959875345,,,
amgtp_hidden8,68,0.26430415362119675,0.33038222789764404,0.09644049406051636,0.35977649688720703,0.0463147796690464,0.16708610951900482,23.662112649530172,,,
amgtp_hidden8,69,0.277212206274271,0.3707234263420105,0.07928008586168289,0.23833081126213074,0.0669911801815033,0.24467462301254272,26.932061083614826,,,
amgtp_hidden8,70,0.234534602612257,0.4203079044818878,0.071733258664608,0.14645253121852875,0.0491492934525013,0.31235775351524353,30.446618724614382,,,
amgtp_hidden8,71,0.2284005805850029,0.5345077514648438,0.05443619191646576,0.10614604502916336,0.03242109343409538,0.2724887728691101,36.48512988910079,,,
amgtp_hidden8,72,0.30566855892539024,0.6873427033424377,0.043351009488105774,0.08355489373207092,0.02379501610994339,0.16195757687091827,43.96854908019304,,,
amgtp_hidden8,73,0.1038933377712965,0.7392890453338623,0.03972887247800827,0.07621893286705017,0.02119922824203968,0.1235644668340683,46.50402552448213,,,
amgtp_hidden8,74,0.04566975496709347,0.7621237635612488,0.03705369681119919,0.07068772614002228,0.020202230662107468,0.1099328100681305,47.65701764449477,,,
amgtp_hidden8,75,0.05833982676267624,0.7912940979003906,0.032619770616292953,0.061200764030218124,0.019521009176969528,0.09536542743444443,49.16563098505139,,,
amgtp_hidden8,76,0.035970982164144516,0.8034756779670715,0.030991729348897934,0.053851913660764694,0.025324322283267975,0.08635623008012772,49.78734562546015,,,
amgtp_hidden8,77,0.0447453036904335,0.7885965704917908,0.03577974811196327,0.05036485940217972,0.04290897026658058,0.0823497548699379,48.95592791587114,,,
amgtp_hidden8,78,0.07971502095460892,0.7487393617630005,0.055077046155929565,0.055375467985868454,0.053303319960832596,0.08750531077384949,46.743762746453285,,,
amgtp_hidden8,79,0.21828345581889153,0.6502070426940918,0.12157440185546875,0.07721884548664093,0.042693715542554855,0.10830610990524292,41.180795047432184,,,
amgtp_hidden8,80,0.37461255490779877,0.47381120920181274,0.24417464435100555,0.12754246592521667,0.03178322687745094,0.12268847972154617,30.995595898479223,,,
amgtp_hidden8,81,0.34225345589220524,0.4028158485889435,0.1471688598394394,0.287556529045105,0.02865779586136341,0.13380129635334015,27.25261208228767,,,
amgtp_hidden8,82,0.20168845355510712,0.3681715428829193,0.08152871578931808,0.376041054725647,0.028097936883568764,0.14616091549396515,25.54288282804191,,,
amgtp_hidden8,83,0.3115475457161665,0.39511966705322266,0.07342014461755753,0.22837555408477783,0.03241852670907974,0.2706656754016876,28.481975972652435,,,
amgtp_hidden8,84,0.20223044976592064,0.3807799816131592,0.06837617605924606,0.14895488321781158,0.030107688158750534,0.37178096175193787,28.777727004140615,,,
amgtp_hidden8,85,0.10973847284913063,0.36310330033302307,0.05862096697092056,0.12316549569368362,0.02846011519432068,0.4266505837440491,28.386644452810287,,,
amgtp_hidden8,86,0.11322868801653385,0.4186286926269531,0.05300270766019821,0.11050081253051758,0.029548930004239082,0.3883190453052521,31.14553584717214,,,
amgtp_hidden8,87,0.21367642283439636,0.5254104137420654,0.050671085715293884,0.10488438606262207,0.029605219140648842,0.2894286811351776,36.149187138304114,,,
amgtp_hidden8,88,0.13912069611251354,0.5946894884109497,0.047762393951416016,0.09781718999147415,0.029886797070503235,0.22984452545642853,39.44961420446634,,,
amgtp_hidden8,89,0.09863230958580971,0.6406992673873901,0.04380958154797554,0.08722764998674393,0.033193133771419525,0.19507068395614624,41.7107900865376,,,
amgtp_hidden8,90,0.09409768879413605,0.6769344806671143,0.04139593616127968,0.07490749657154083,0.044006913900375366,0.1627557873725891,43.46881668642163,,,
amgtp_hidden8,91,0.05601479485630989,0.6919225454330444,0.04663323983550072,0.06937225908041,0.05178852751851082,0.14028321206569672,44.09658740460873,,,
amgtp_hidden8,92,0.052548445761203766,0.7040643692016602,0.05994122475385666,0.07019650936126709,0.03927738964557648,0.12651996314525604,44.56061411648989,,,
amgtp_hidden8,93,0.09720241650938988,0.6680087447166443,0.09759370237588882,0.08114516735076904,0.03201686218380928,0.12123483419418335,42.342959601432085,,,
amgtp_hidden8,94,0.27233101427555084,0.5328420996665955,0.1888515204191208,0.12195996195077896,0.031017903238534927,0.12532763183116913,34.4969695545733,,,
amgtp_hidden8,95,0.24550005421042442,0.4236817955970764,0.17526192963123322,0.23987294733524323,0.03407885879278183,0.12710385024547577,28.33379442244768,,,
amgtp_hidden8,96,0.23258473724126816,0.39901915192604065,0.08709273487329483,0.3479069471359253,0.04233726114034653,0.12364335358142853,27.099330469965935,,,
amgtp_hidden8,97,0.3297814205288887,0.5471577048301697,0.06119093298912048,0.20891812443733215,0.0545901283621788,0.12814272940158844,35.69353670626879,,,
amgtp_hidden8,98,0.34147510305047035,0.7178953289985657,0.04885948821902275,0.10498661547899246,0.032681167125701904,0.0955771654844284,45.00438756123185,,,
amgtp_hidden8,99,0.12275776825845242,0.7792741060256958,0.040725745260715485,0.08307711780071259,0.022621585056185722,0.07430099695920944,48.24496851302683,,,
amgtp_hidden8,100,0.07137810066342354,0.8149628639221191,0.03428323194384575,0.06947934627532959,0.018483949825167656,0.06278957426548004,50.14893479458988,,,
amgtp_hidden8,101,0.042328594252467155,0.8361274600028992,0.029773741960525513,0.060076773166656494,0.016653306782245636,0.05736828222870827,51.29738076031208,,,
amgtp_hidden8,102,0.022128421813249588,0.8471078872680664,0.02662747912108898,0.053071279078722,0.01673734374344349,0.056456081569194794,51.91986110061407,,,
amgtp_hidden8,103,0.01994263008236885,0.8438862562179565,0.025161994621157646,0.047786980867385864,0.02128167636692524,0.06188296526670456,51.81703155860305,,,
amgtp_hidden8,104,0.07304661348462105,0.8104804158210754,0.027923185378313065,0.04466889426112175,0.04053282365202904,0.07639331370592117,50.143990974873304,,,
amgtp_hidden8,105,0.12488340213894844,0.7480390071868896,0.04094293713569641,0.04642776399850845,0.06552791595458984,0.09906159341335297,46.90812437981367,,,
amgtp_hidden8,106,0.06098632514476776,0.7448028922080994,0.0597342886030674,0.05151164159178734,0.038271062076091766,0.1056797206401825,46.64985626935959,,,
amgtp_hidden8,107,0.12165113165974617,0.6960036754608154,0.09815514087677002,0.06716771423816681,0.026244942098855972,0.11242859065532684,43.817593675106764,,,
amgtp_hidden8,108,0.26734425872564316,0.5651113390922546,0.1707673966884613,0.12040669471025467,0.023464862257242203,0.1202491968870163,36.28641061857343,,,
amgtp_hidden8,109,0.3582552596926689,0.42856255173683167,0.14861924946308136,0.29886555671691895,0.024134445935487747,0.09981931746006012,28.325380589812994,,,
amgtp_hidden8,110,0.30490631982684135,0.3569742441177368,0.08832752704620361,0.44809457659721375,0.02735777199268341,0.07924537360668182,24.152005538344383,,,
amgtp_hidden8,111,0.24479090049862862,0.42403388023376465,0.07322270423173904,0.34080424904823303,0.055021416395902634,0.1069178432226181,28.41966798529029,,,
amgtp_hidden8,112,0.45187291502952576,0.6464278697967529,0.05482478812336922,0.145400270819664,0.04288678616285324,0.11046024411916733,41.12334870919585,,,
amgtp_hidden8,113,0.1480248775333166,0.7204404473304749,0.047370295971632004,0.12415321916341782,0.02564712055027485,0.08238915354013443,44.97923478670418,,,
amgtp_hidden8,114,0.06881883554160595,0.7548496127128601,0.04239027947187424,0.1114010438323021,0.021322712302207947,0.07003608345985413,46.7973343282938,,,
amgtp_hidden8,115,0.04402532801032066,0.7768624424934387,0.038491103798151016,0.10094435513019562,0.01930304616689682,0.0643991157412529,47.98977966234088,,,
amgtp_hidden8,116,0.030638722702860832,0.7921817302703857,0.035404693335294724,0.09215333312749863,0.01822146214544773,0.06203869730234146,48.83886050619185,,,
amgtp_hidden8,117,0.02161506749689579,0.8029566407203674,0.03298022598028183,0.08400528132915497,0.018254030495882034,0.061803627759218216,49.45542351529002,,,
amgtp_hidden8,118,0.017888762056827545,0.8049131035804749,0.03211413323879242,0.0759270042181015,0.021588943898677826,0.06545664370059967,49.62219697982073,,,
amgtp_hidden8,119,0.04719257727265358,0.7888718843460083,0.03608047589659691,0.06837189197540283,0.032947272062301636,0.07372821867465973,48.83633517846465,,,
amgtp_hidden16,4,,0.20000606775283813,0.20000606775283813,0.20000606775283813,0.20000606775283813,0.20000606775283813,17.00051575899124,,,
amgtp_hidden16,5,0.3120085448026657,0.2520025372505188,0.08261525630950928,0.16137774288654327,0.2520025372505188,0.2520025372505188,20.978954002261162,,,
amgtp_hidden16,6,0.18079419434070587,0.28213486075401306,0.06933463364839554,0.08426114171743393,0.28213486075401306,0.28213486075401306,23.175041779875755,,,
amgtp_hidden16,7,0.10730116814374924,0.2642512321472168,0.1044846922159195,0.10276136547327042,0.2642512321472168,0.2642512321472168,21.81711859256029,,,
amgtp_hidden16,8,0.5407959744334221,0.17411866784095764,0.24234052002429962,0.2353038191795349,0.17411866784095764,0.17411866784095764,15.051864072680473,,,
amgtp_hidden16,9,0.5613338649272919,0.09625279903411865,0.1943078637123108,0.5159707069396973,0.09721608459949493,0.09625279903411865,9.545439705252647,,,
amgtp_hidden16,10,0.27726057916879654,0.07928803563117981,0.1068626120686531,0.6546012163162231,0.07996080070734024,0.07928802818059921,8.497706398367882,,,
amgtp_hidden16,11,0.11073259264230728,0.09776147454977036,0.10484444350004196,0.6012531518936157,0.09838028252124786,0.09776146709918976,9.831614889204502,,,
amgtp_hidden16,12,0.27702055871486664,0.13457465171813965,0.1330464780330658,0.46274223923683167,0.13506154716014862,0.13457463681697845,12.425228044390678,,,
amgtp_hidden16,13,0.0488802045583725,0.1409347951412201,0.13843934237957,0.43830224871635437,0.14138859510421753,0.1409347951412201,12.872241094708443,,,
amgtp_hidden16,14,0.004051417112350464,0.14045460522174835,0.1378028839826584,0.4403281509876251,0.14095991849899292,0.14045460522174835,12.839147552847862,,,
amgtp_hidden16,15,0.030063748359680176,0.13805916905403137,0.1295381337404251,0.4553597867488861,0.13898345828056335,0.13805913925170898,12.684879794716835,,,
amgtp_hidden16,16,0.24653615802526474,0.20060952007770538,0.10152121633291245,0.36010876297950745,0.14382481575012207,0.19393564760684967,16.940291486680508,,,
amgtp_hidden16,17,0.4205744117498398,0.3946720063686371,0.0819278135895729,0.2237461805343628,0.08949346840381622,0.2101602405309677,28.002184383571148,,,
amgtp_hidden16,18,0.1817721650004387,0.48555803298950195,0.08131366223096848,0.21790051460266113,0.07577710598707199,0.1394502818584442,32.35124087333679,,,
amgtp_hidden16,19,0.15903230756521225,0.5650743246078491,0.07407715171575546,0.18853582441806793,0.06375446915626526,0.10855810344219208,36.51023883372545,,,
amgtp_hidden16,20,0.17325656488537788,0.6517027020454407,0.06467969715595245,0.14726769924163818,0.049928661435842514,0.08642130345106125,41.16804379597306,,,
amgtp_hidden16,21,0.17684445157647133,0.7401247620582581,0.05345854163169861,0.10009876638650894,0.03687410056591034,0.06944356113672256,45.9915691241622,,,
amgtp_hidden16,22,0.0716220811009407,0.7206830382347107,0.061730850487947464,0.08372951298952103,0.03906554356217384,0.09479091316461563,45.15443327277899,,,
amgtp_hidden16,23,0.5403798632323742,0.45049312710762024,0.12207858264446259,0.1266365647315979,0.058801326900720596,0.24199029803276062,31.331049364060163,,,
amgtp_hidden16,24,0.3201279491186142,0.2934296727180481,0.19319488108158112,0.18653585016727448,0.05580088868737221,0.2710387706756592,22.543731804937124,,,
amgtp_hidden16,25,0.26176195219159126,0.24865706264972687,0.13133765757083893,0.3174167573451996,0.04948805272579193,0.2531003952026367,19.892833590507507,,,
amgtp_hidden16,26,0.15439460799098015,0.22548724710941315,0.08179226517677307,0.3176046907901764,0.04500596597790718,0.33010977506637573,19.5004197768867,,,
amgtp_hidden16,27,0.44650984555482864,0.19130846858024597,0.05999300256371498,0.15882626175880432,0.036507509648799896,0.5533646941184998,20.017638187855482,,,
amgtp_hidden16,28,0.29940778762102127,0.13449914753437042,0.041018083691596985,0.09585665166378021,0.02555767074227333,0.7030687928199768,18.42040368542075,,,
amgtp_hidden16,29,0.08727066963911057,0.11565356701612473,0.03504033759236336,0.07978017628192902,0.022821933031082153,0.7467039227485657,17.82720333710313,,,
amgtp_hidden16,30,0.009895801544189453,0.11783497035503387,0.03554349020123482,0.08011243492364883,0.024753078818321228,0.7417560815811157,17.903835710138083,,,
amgtp_hidden16,31,0.1468343399465084,0.15233834087848663,0.045704975724220276,0.10220267623662949,0.03141501545906067,0.6683387756347656,19.06926142424345,,,
amgtp_hidden16,32,0.11767156422138214,0.18049515783786774,0.05404869094491005,0.12047275900840759,0.035480279475450516,0.6095030903816223,20.026581659913063,,,
amgtp_hidden16,33,0.02726869285106659,0.18695953488349915,0.05564572289586067,0.12227274477481842,0.039253491908311844,0.5958690047264099,20.256976559758186,,,
amgtp_hidden16,34,0.11091067641973495,0.21026527881622314,0.06038442999124527,0.11399699002504349,0.06666438281536102,0.5486894249916077,21.1665947586298,,,
amgtp_hidden16,35,0.3643031343817711,0.3542393445968628,0.08079525083303452,0.09908689558506012,0.08443048596382141,0.38144737482070923,27.56369326263666,,,
amgtp_hidden16,36,0.419782392680645,0.564130961894989,0.07426315546035767,0.07596806436777115,0.03653392940759659,0.2491040825843811,37.89321972429752,,,
amgtp_hidden16,37,0.06699824891984463,0.5672935247421265,0.10072508454322815,0.07984279096126556,0.0274356696754694,0.22470331192016602,37.71576099656522,,,
amgtp_hidden16,38,0.4765214677900076,0.3391830623149872,0.28509777784347534,0.13373057544231415,0.026844892650842667,0.21514356136322021,24.23719735071063,,,
amgtp_hidden16,39,0.3166527859866619,0.2987203299999237,0.1672343909740448,0.28691622614860535,0.028800085186958313,0.21832938492298126,22.20941485464573,,,
amgtp_hidden16,40,0.16533893905580044,0.3153589367866516,0.09302587807178497,0.3510999083518982,0.030647313222289085,0.20986847579479218,23.22055166400969,,,
amgtp_hidden16,41,0.3315901327878237,0.4725589454174042,0.08413837105035782,0.19419224560260773,0.0332978218793869,0.21581292152404785,32.27471748739481,,,
amgtp_hidden16,42,0.4099639318883419,0.6775408983230591,0.0530657134950161,0.10030631721019745,0.024857908487319946,0.1442294418811798,43.19965611025691,,,
amgtp_hidden16,43,0.2645460367202759,0.8098136186599731,0.02958320640027523,0.05398708954453468,0.018062548711895943,0.08855322003364563,50.14654451608658,,,
amgtp_hidden16,44,0.012810979038476944,0.8038516640663147,0.03150510415434837,0.05592817813158035,0.017619870603084564,0.09109658002853394,49.82908069714904,,,
amgtp_hidden16,45,0.09795412421226501,0.7548743486404419,0.0405421108007431,0.07130870223045349,0.020597781985998154,0.11267794668674469,47.26860486343503,,,
amgtp_hidden16,46,0.018984584137797356,0.7453814148902893,0.04103606566786766,0.07175547629594803,0.023631451651453972,0.11819519847631454,46.79934032820165,,,
amgtp_hidden16,47,0.028138557448983192,0.7418853640556335,0.0378878079354763,0.06433018296957016,0.03389376401901245,0.12200184166431427,46.689282331615686,,,
amgtp_hidden16,48,0.09168853238224983,0.7120873928070068,0.03580803424119949,0.050363846123218536,0.06462548673152924,0.13711456954479218,45.28412552177906,,,
amgtp_hidden16,49,0.08124972134828568,0.6714628338813782,0.049786075949668884,0.05075908452272415,0.06568783521652222,0.1623041033744812,43.221905656158924,,,
amgtp_hidden16,50,0.0895378366112709,0.7091853022575378,0.054534804075956345,0.05305691435933113,0.03030996024608612,0.1529131680727005,45.11777775734663,,,
amgtp_hidden16,51,0.07817518711090088,0.6764429211616516,0.07358216494321823,0.06641421467065811,0.02396439015865326,0.15959574282169342,43.26149120926857,,,
amgtp_hidden16,52,0.381914671510458,0.4859899878501892,0.194234237074852,0.13449324667453766,0.023459676653146744,0.1618216633796692,32.18683427199721,,,
amgtp_hidden16,53,0.35483434796333313,0.35442525148391724,0.1823863536119461,0.31087130308151245,0.024499211460351944,0.1278175264596939,24.341455202549696,,,
amgtp_hidden16,54,0.28801341354846954,0.31249305605888367,0.09241112321615219,0.45195475220680237,0.027422960847616196,0.11571873724460602,22.009881790727377,,,
amgtp_hidden16,55,0.2813340276479721,0.3882333040237427,0.08897581696510315,0.31472286581993103,0.041038621217012405,0.16702966392040253,26.95282829925418,,,
amgtp_hidden16,56,0.16071519628167152,0.44644618034362793,0.09774789214134216,0.23616923391819,0.03923405706882477,0.18040171265602112,30.393288791179657,,,
amgtp_hidden16,57,0.013819713145494461,0.4467514157295227,0.097368985414505,0.23027215898036957,0.03860015794634819,0.18700630962848663,30.481559846550226,,,
amgtp_hidden16,58,0.09692103415727615,0.4250909388065338,0.08958808332681656,0.21125341951847076,0.04374789819121361,0.23031948506832123,29.75951274856925,,,
amgtp_hidden16,59,0.022717196494340897,0.43465837836265564,0.08879409730434418,0.20826566219329834,0.04553887993097305,0.2227424532175064,30.23026029020548,,,
amgtp_hidden16,60,0.03539537638425827,0.4504691958427429,0.08935962617397308,0.20803683996200562,0.04685996472835541,0.2052733302116394,30.943468272686005,,,
amgtp_hidden16,61,0.06760863587260246,0.474016398191452,0.08419953286647797,0.18818190693855286,0.057118009775877,0.19648496806621552,32.240344766527414,,,
amgtp_hidden16,62,0.1739773191511631,0.5445613861083984,0.074898861348629,0.13960909843444824,0.07356139272451401,0.16736949980258942,36.02551206946373,,,
amgtp_hidden16,63,0.17533725127577782,0.6322298645973206,0.0705084502696991,0.11100279539823532,0.05372081324458122,0.13253802061080933,40.56888669356704,,,
amgtp_hidden16,64,0.14142582938075066,0.7029427886009216,0.061224766075611115,0.09456061571836472,0.03251856565475464,0.10875322669744492,44.271649062633514,,,
amgtp_hidden16,65,0.04332605376839638,0.6844618916511536,0.07342550903558731,0.09861654788255692,0.029336486011743546,0.11415962874889374,43.24057885631919,,,
amgtp_hidden16,66,0.251457154750824,0.5587331056594849,0.13859616219997406,0.12955111265182495,0.03318333998322487,0.1399359256029129,36.242622178047895,,,
amgtp_hidden16,67,0.28876689821481705,0.414350301027298,0.1842985600233078,0.20959509909152985,0.041085582226514816,0.15067139267921448,28.071100492030382,,,
amgtp_hidden16,68,0.2983657158911228,0.3438495993614197,0.10561618953943253,0.3372897803783417,0.05705193430185318,0.15619300305843353,24.33452707529068,,,
amgtp_hidden16,69,0.26454727351665497,0.36117464303970337,0.076369509100914,0.23426277935504913,0.08413253724575043,0.2440609484910965,26.455417469143867,,,
amgtp_hidden16,70,0.2507360056042671,0.37031352519989014,0.06804746389389038,0.1460065245628357,0.055342815816402435,0.3602900505065918,28.156338967382908,,,
amgtp_hidden16,71,0.10546907410025597,0.3864111006259918,0.05782409757375717,0.11900357156991959,0.03983467444777489,0.3969270884990692,29.43532280996442,,,
amgtp_hidden16,72,0.2966228127479553,0.5347222685813904,0.04930054768919945,0.10056202113628387,0.03297756612300873,0.28243765234947205,36.619292821735144,,,
amgtp_hidden16,73,0.24904713220894337,0.6592456698417664,0.0434688925743103,0.08814476430416107,0.028431663289666176,0.18070873618125916,42.591587325558066,,,
amgtp_hidden16,74,0.09560862183570862,0.7070502042770386,0.039332207292318344,0.07918646931648254,0.025959698483347893,0.14847159385681152,44.96022407524288,,,
amgtp_hidden16,75,0.06692596711218357,0.7405129671096802,0.035515978932380676,0.07039088755846024,0.024592168629169464,0.12898772954940796,46.65544006228447,,,
amgtp_hidden16,76,0.046402642503380775,0.7605395317077637,0.03390085697174072,0.0632564052939415,0.027767160907387733,0.11453624814748764,47.65391957573593,,,
amgtp_hidden16,77,0.03272739611566067,0.7632004618644714,0.03660842776298523,0.058786485344171524,0.038761917501688004,0.10264202952384949,47.713317431509495,,,
amgtp_hidden16,78,0.05898844450712204,0.740212619304657,0.050314463675022125,0.061221323907375336,0.052115194499492645,0.09613557904958725,46.35744006186724,,,
amgtp_hidden16,79,0.1490347571671009,0.6679344773292542,0.10139518976211548,0.08040319383144379,0.049876343458890915,0.10039074718952179,42.17327827587724,,,
amgtp_hidden16,80,0.3908029831945896,0.4837077260017395,0.2296571582555771,0.1372457593679428,0.038701608777046204,0.11068771034479141,31.48439720273018,,,
amgtp_hidden16,81,0.3601028621196747,0.39159446954727173,0.1476941555738449,0.31040823459625244,0.03272602707147598,0.11757625639438629,26.449736811220646,,,
amgtp_hidden16,82,0.22329493053257465,0.35119205713272095,0.07879947870969772,0.41034361720085144,0.030375851318240166,0.12928853929042816,24.404024267569184,,,
amgtp_hidden16,83,0.3532284703105688,0.38410210609436035,0.06772947311401367,0.2447996288537979,0.03461436554789543,0.2687544524669647,27.853117618709803,,,
amgtp_hidden16,84,0.23467865586280823,0.3730209171772003,0.061176035553216934,0.14930973947048187,0.030399568378925323,0.38609379529953003,28.50847039744258,,,
amgtp_hidden16,85,0.07180788554251194,0.3822139501571655,0.05274214595556259,0.12445684522390366,0.027782486751675606,0.4128047823905945,29.332694051787257,,,
amgtp_hidden16,86,0.21238761954009533,0.4884074032306671,0.04683113098144531,0.10953937470912933,0.02749975398182869,0.32772183418273926,34.46049740538001,,,
amgtp_hidden16,87,0.22853469848632812,0.6026748418807983,0.04279517009854317,0.09934590756893158,0.026066988706588745,0.2291167676448822,39.89142707362771,,,
amgtp_hidden16,88,0.11080840788781643,0.6580426096916199,0.03946841508150101,0.09036041051149368,0.026103081181645393,0.186024472117424,42.58017040602863,,,
amgtp_hidden16,89,0.07237713597714901,0.6910405158996582,0.03673439845442772,0.08101700991392136,0.029294278472661972,0.16191385686397552,44.214070327579975,,,
amgtp_hidden16,90,0.05241747573018074,0.7073195576667786,0.03672157600522041,0.07265413552522659,0.03922408074140549,0.14408092200756073,44.9855589158833,,,
amgtp_hidden16,91,0.036634255200624466,0.7078976035118103,0.043206892907619476,0.06765680760145187,0.05047782510519028,0.13076110184192657,44.9040337279439,,,
amgtp_hidden16,92,0.03516828268766403,0.7089906334877014,0.05969788134098053,0.06762780249118805,0.04265566170215607,0.12102800607681274,44.7950010150671,,,
amgtp_hidden16,93,0.11381934210658073,0.6621479392051697,0.10590577870607376,0.07832957059144974,0.034574877470731735,0.119041807949543,41.97838029637933,,,
amgtp_hidden16,94,0.2704599089920521,0.529887318611145,0.19748423993587494,0.11593731492757797,0.03160534054040909,0.12508535385131836,34.31096763908863,,,
amgtp_hidden16,95,0.24172073230147362,0.43733736872673035,0.16917462646961212,0.2324860841035843,0.03270874544978142,0.12829434871673584,29.131957102566957,,,
amgtp_hidden16,96,0.23428695276379585,0.40845584869384766,0.08557020127773285,0.3452669382095337,0.03707115352153778,0.12363660335540771,27.619132459163666,,,
amgtp_hidden16,97,0.2983046621084213,0.5397090315818787,0.062073588371276855,0.21961082518100739,0.04649972915649414,0.13210678100585938,35.27844099700451,,,
amgtp_hidden16,98,0.3392188251018524,0.7093186974525452,0.04990562051534653,0.1080276295542717,0.031500108540058136,0.10124840587377548,44.571088798344135,,,
amgtp_hidden16,99,0.12508018128573895,0.7718583941459656,0.04176405817270279,0.08542746305465698,0.02245405502617359,0.07849570363759995,47.86566833220422,,,
amgtp_hidden16,100,0.0711017344146967,0.8074091672897339,0.035462480038404465,0.07202304899692535,0.01856096461415291,0.0665438249707222,49.757621966302395,,,
amgtp_hidden16,101,0.040440650656819344,0.8276298642158508,0.03118475340306759,0.06300670653581619,0.017022203654050827,0.06115670129656792,50.85334596969187,,,
amgtp_hidden16,102,0.019061364233493805,0.8366944789886475,0.02853471040725708,0.056868381798267365,0.01748751290142536,0.060413628816604614,51.36901198886335,,,
amgtp_hidden16,103,0.018264155834913254,0.8334929943084717,0.02743510529398918,0.052038028836250305,0.022014187648892403,0.06501966714859009,51.25750350393355,,,
amgtp_hidden16,104,0.06242609955370426,0.8070313334465027,0.029846657067537308,0.04728676751255989,0.03917105495929718,0.07666442543268204,49.94108630716801,,,
amgtp_hidden16,105,0.11375105008482933,0.7509438395500183,0.043089237064123154,0.04649878293275833,0.06282403320074081,0.09664443880319595,47.032006334513426,,,
amgtp_hidden16,106,0.05846236273646355,0.7457393407821655,0.06255399435758591,0.050424933433532715,0.03879757225513458,0.10248493403196335,46.664561323821545,,,
amgtp_hidden16,107,0.11857063509523869,0.6985347270965576,0.10105061531066895,0.06473825126886368,0.026716647669672966,0.1089600920677185,43.91980681754649,,,
amgtp_hidden16,108,0.25706294924020767,0.5729292035102844,0.17212402820587158,0.113549143075943,0.023790402337908745,0.11760696768760681,36.70155403204262,,,
amgtp_hidden16,109,0.34643153846263885,0.43799370527267456,0.150883287191391,0.2862461805343628,0.02430972270667553,0.100568026304245,28.86736457236111,,,
amgtp_hidden16,110,0.3140908144414425,0.3637835681438446,0.08856493979692459,0.4408597946166992,0.02674110420048237,0.08005069196224213,24.546055829152465,,,
amgtp_hidden16,111,0.2537706885486841,0.4398471713066101,0.0734979659318924,0.3290417492389679,0.049043964594602585,0.10856989771127701,29.3147398121655,,,
amgtp_hidden16,112,0.4078497216105461,0.6410478949546814,0.05833306536078453,0.14951588213443756,0.039809636771678925,0.11129380017518997,40.80653506889939,,,
amgtp_hidden16,113,0.15737788192927837,0.7197363972663879,0.04822661355137825,0.12143921107053757,0.025367187336087227,0.08522999286651611,44.9675182942301,,,
amgtp_hidden16,114,0.0735962949693203,0.7565349340438843,0.04268745332956314,0.10766556859016418,0.020772891119122505,0.07233933359384537,46.915941109880805,,,
amgtp_hidden16,115,0.03364189341664314,0.7733561396598816,0.03978980332612991,0.10012887418270111,0.019243335351347923,0.06748254597187042,47.82100379653275,,,
amgtp_hidden16,116,0.011599713936448097,0.7791558504104614,0.03857014700770378,0.09638770669698715,0.019109398126602173,0.066777303814888,48.145732332021,,,
amgtp_hidden16,117,0.00682486779987812,0.7804337739944458,0.03806876763701439,0.09347686916589737,0.02006111480295658,0.06796031445264816,48.236398020759225,,,
amgtp_hidden16,118,0.034853674471378326,0.7925464510917664,0.035107292234897614,0.0790112167596817,0.02334885112941265,0.06998644769191742,48.96818023361266,,,
amgtp_hidden16,119,0.04945694841444492,0.7857964634895325,0.03804466128349304,0.06103277951478958,0.03698013722896576,0.0781463161110878,48.7218401953578,,,
amgtp_bx,4,,0.20000606775283813,0.20000606775283813,0.20000606775283813,0.20000606775283813,0.20000606775283813,17.00051575899124,,,
amgtp_bx,5,0.3373197838664055,0.25622087717056274,0.07256258279085159,0.1587742269039154,0.25622087717056274,0.25622090697288513,21.302776731550694,,,
amgtp_bx,6,0.10287580639123917,0.2675626575946808,0.0899755135178566,0.10733666270971298,0.2675626575946808,0.2675626575946808,22.08456076681614,,,
amgtp_bx,7,0.15730755031108856,0.24134482443332672,0.1296996921300888,0.14626656472682953,0.24134482443332672,0.2413448542356491,20.117430582642555,,,
amgtp_bx,8,0.050145864486694336,0.2329871654510498,0.1401624232530594,0.16087669134140015,0.2329871654510498,0.2329871654510498,19.494752898812294,,,
amgtp_bx,9,0.02917727828025818,0.2280377447605133,0.14272873103618622,0.17289885878562927,0.22829720377922058,0.2280377447605133,19.134298846125603,,,
amgtp_bx,10,0.10323882102966309,0.21054628491401672,0.14241957664489746,0.2245180308818817,0.21196962893009186,0.21054628491401672,17.880186155438423,,,
amgtp_bx,11,0.413376159965992,0.14727790653705597,0.11921273916959763,0.4312061369419098,0.1550251692533493,0.14727790653705597,13.396572418510914,,,
amgtp_bx,12,0.08428718894720078,0.15718238055706024,0.10460184514522552,0.40367358922958374,0.17735996842384338,0.15718238055706024,14.188638553023338,,,
amgtp_bx,13,0.310607485473156,0.21035578846931458,0.10550021380186081,0.24837009608745575,0.22541877627372742,0.21035578846931458,17.9948702827096,,,
amgtp_bx,14,0.19759782403707504,0.2597551941871643,0.09325063228607178,0.20571371912956238,0.18152572214603424,0.2597551941871643,21.202956214547157,,,
amgtp_bx,15,0.44374410435557365,0.37069135904312134,0.05224071070551872,0.10830368846654892,0.09807389974594116,0.37069135904312134,28.494829643517733,,,
amgtp_bx,16,0.483843345195055,0.6126126646995544,0.02235236018896103,0.03201638534665108,0.032324496656656265,0.30069437623023987,41.31115414202213,,,
amgtp_bx,17,0.47885970398783684,0.8520423173904419,0.01924353837966919,0.01508362963795662,0.015170328319072723,0.09846007078886032,52.671666759997606,,,
amgtp_bx,18,0.11486499663442373,0.8951692581176758,0.03354872390627861,0.011833353899419308,0.012102996930480003,0.04734480753540993,54.52675255667418,,,
amgtp_bx,19,0.1668860735371709,0.8206194639205933,0.10934779793024063,0.015066426247358322,0.016513945534825325,0.03845162317156792,50.04563525505364,,,
amgtp_bx,20,0.03593986853957176,0.8209685683250427,0.09797537326812744,0.023592373356223106,0.02560828998684883,0.0318535752594471,50.05207467637956,,,
amgtp_bx,21,0.1255367435514927,0.8732932209968567,0.040224749594926834,0.02965380810201168,0.0299912728369236,0.02683652564883232,53.11242970265448,,,
amgtp_bx,22,0.04780206270515919,0.8588927388191223,0.030724044889211655,0.04432891681790352,0.03526068851351738,0.030792877078056335,52.37520022317767,,,
amgtp_bx,23,0.2756330892443657,0.7210768461227417,0.043210528790950775,0.1344970464706421,0.04859919100999832,0.05261695757508278,44.788144178688526,,,
amgtp_bx,24,0.7292882986366749,0.3671429753303528,0.051655080169439316,0.4788978695869446,0.03788866475224495,0.06441548466682434,24.683964647352695,,,
amgtp_bx,25,0.02631748840212822,0.36516273021698,0.048829931765794754,0.4920564293861389,0.030614890158176422,0.06333572417497635,24.535767402499914,,,
amgtp_bx,26,0.329524964094162,0.5135478973388672,0.052633438259363174,0.32729384303092957,0.036572009325027466,0.06995230913162231,33.08272520080209,,,
amgtp_bx,27,0.09308277070522308,0.5582789182662964,0.05275534465909004,0.2818399667739868,0.03826089948415756,0.06886523216962814,35.62694988772273,,,
amgtp_bx,28,0.011379394680261612,0.5637603402137756,0.05260657146573067,0.276998370885849,0.03846883401274681,0.06816556304693222,35.932821817696095,,,
amgtp_bx,29,0.0014898814260959625,0.5640934109687805,0.052730634808540344,0.27625375986099243,0.038723837584257126,0.06819869577884674,35.952945176512,,,
amgtp_bx,30,0.0019108988344669342,0.5635260939598083,0.05304134637117386,0.2758654057979584,0.039228372275829315,0.06833867728710175,35.92354328930378,,,
amgtp_bx,31,0.004315823316574097,0.5619701743125916,0.053775664418935776,0.27526363730430603,0.04028366878628731,0.06870719790458679,35.84166348725557,,,
amgtp_bx,32,0.00864487886428833,0.5588582158088684,0.05545179173350334,0.27405327558517456,0.042251843959093094,0.06938545405864716,35.67626383155584,,,
amgtp_bx,33,0.01451592892408371,0.5538029670715332,0.05856853350996971,0.27185043692588806,0.045307327061891556,0.07047107070684433,35.40604414790869,,,
amgtp_bx,34,0.02149033546447754,0.5468071699142456,0.06290990859270096,0.2681009769439697,0.04971063882112503,0.07247146219015121,35.03821797668934,,,
amgtp_bx,35,0.02853822335600853,0.5388316512107849,0.06777873635292053,0.26180753111839294,0.05469656363129616,0.07688596844673157,34.64237990602851,,,
amgtp_bx,36,0.036696214228868484,0.5320824384689331,0.07332906872034073,0.25020813941955566,0.05688447505235672,0.0874953344464302,34.372025802731514,,,
amgtp_bx,37,0.06284681335091591,0.5189450979232788,0.08274815231561661,0.23394005000591278,0.054866667836904526,0.10949982702732086,33.83833843097091,,,
amgtp_bx,38,0.10104050487279892,0.47247549891471863,0.11848880350589752,0.23398719727993011,0.05081642046570778,0.1242326870560646,31.263952892273664,,,
amgtp_bx,39,0.1062060222029686,0.4269454777240753,0.13636578619480133,0.2692132890224457,0.04947865381836891,0.11799752712249756,28.559050273150206,,,
amgtp_bx,40,0.07661905884742737,0.4395444393157959,0.09805598109960556,0.2901056408882141,0.053806666284799576,0.11848745495080948,29.37651029601693,,,
amgtp_bx,41,0.08205012232065201,0.4717436134815216,0.08635709434747696,0.26077914237976074,0.05748506262898445,0.12363462150096893,31.306591469794512,,,
amgtp_bx,42,0.054558102041482925,0.492485910654068,0.08190113306045532,0.23795650899410248,0.05818749964237213,0.1294693946838379,32.56480932235718,,,
amgtp_bx,43,0.07495594397187233,0.5169123411178589,0.0732368528842926,0.20953980088233948,0.05779024586081505,0.14252066612243652,34.11641776934266,,,
amgtp_bx,44,0.115837212651968,0.558777928352356,0.06095308065414429,0.16884300112724304,0.05285225808620453,0.15857373178005219,36.68415583670139,,,
amgtp_bx,45,0.04967855289578438,0.5836173295974731,0.0593227744102478,0.15299946069717407,0.048884954303503036,0.15517573058605194,38.05001584067941,,,
amgtp_bx,46,0.053596097975969315,0.5697324872016907,0.07006001472473145,0.1657102108001709,0.05223506689071655,0.14226257801055908,37.10846143960953,,,
amgtp_bx,47,0.06304055824875832,0.5444881319999695,0.08306276798248291,0.17669834196567535,0.05976422503590584,0.13598641753196716,35.60460513457656,,,
amgtp_bx,48,0.029610056430101395,0.5333898663520813,0.08703282475471497,0.18043340742588043,0.0668642595410347,0.13227978348731995,34.951691813766956,,,
amgtp_bx,49,0.01870148628950119,0.5394531488418579,0.0822581797838211,0.17718538641929626,0.07015171647071838,0.13095170259475708,35.30538912117481,,,
amgtp_bx,50,0.0478164479136467,0.5633613467216492,0.075350821018219,0.16669872403144836,0.06387896090745926,0.13071022927761078,36.65422373265028,,,
amgtp_bx,51,0.043351639062166214,0.5804769396781921,0.07108897715806961,0.1564033478498459,0.056759949773550034,0.13527004420757294,37.66001566872001,,,
amgtp_bx,52,0.060210149735212326,0.5516645312309265,0.07782585918903351,0.16459032893180847,0.055467911064624786,0.1504518836736679,36.166070468723774,,,
amgtp_bx,53,0.13360907137393951,0.4848598539829254,0.09760081768035889,0.20169998705387115,0.059673212468624115,0.15616635978221893,32.39833354204893,,,
amgtp_bx,54,0.11072172969579697,0.43975192308425903,0.10232384502887726,0.24404367804527283,0.06796698272228241,0.1459130495786667,29.738121837377548,,,
amgtp_bx,55,0.07345660030841827,0.4653192460536957,0.09189864248037338,0.2177405059337616,0.0759054645895958,0.14913547039031982,31.283509761095047,,,
amgtp_bx,56,0.042890794575214386,0.48492997884750366,0.08830299228429794,0.20158231258392334,0.07421424984931946,0.1509704738855362,32.42193504422903,,,
amgtp_bx,57,0.011007465422153473,0.48970136046409607,0.08794157207012177,0.1991676390171051,0.07148648798465729,0.15170270204544067,32.69176936149597,,,
amgtp_bx,58,0.003574386239051819,0.49059760570526123,0.0880805179476738,0.19836343824863434,0.0705035850405693,0.15245479345321655,32.74691937863827,,,
amgtp_bx,59,0.0043404921889305115,0.4896121025085449,0.08886510133743286,0.19717854261398315,0.07093558460474014,0.15340830385684967,32.701392225921154,,,
amgtp_bx,60,0.009487010538578033,0.48642662167549133,0.09150124341249466,0.19562086462974548,0.07273020595312119,0.1537213921546936,32.52517206966877,,,
amgtp_bx,61,0.021302014589309692,0.4779398739337921,0.09747249633073807,0.19426900148391724,0.07741003483533859,0.1529090702533722,32.0392691642046,,,
amgtp_bx,62,0.02122236043214798,0.46811115741729736,0.10049160569906235,0.19428376853466034,0.08498646318912506,0.15212573111057281,31.49467783421278,,,
amgtp_bx,63,0.016098231077194214,0.4635995626449585,0.09766332805156708,0.1935751885175705,0.08965206891298294,0.15550990402698517,31.29906579107046,,,
amgtp_bx,64,0.041560545563697815,0.4737101197242737,0.09233561903238297,0.18670983612537384,0.08106435835361481,0.1661791205406189,31.969030506908894,,,
amgtp_bx,65,0.04179418832063675,0.47772738337516785,0.08976932615041733,0.1765844076871872,0.07285944372415543,0.18305940926074982,32.356013387441635,,,
amgtp_bx,66,0.026638373732566833,0.46801337599754333,0.09676358103752136,0.17614488303661346,0.06969419121742249,0.18938474357128143,31.84524653851986,,,
amgtp_bx,67,0.07988826185464859,0.4407804310321808,0.11320063471794128,0.1963197886943817,0.07302568107843399,0.17667287588119507,30.133585892617702,,,
amgtp_bx,68,0.09439900517463684,0.41295576095581055,0.11070800572633743,0.23210133612155914,0.08444391191005707,0.15979094803333282,28.412538327276707,,,
amgtp_bx,69,0.05788622796535492,0.43116524815559387,0.0977824404835701,0.21637172996997833,0.09517736732959747,0.15950283408164978,29.516093768179417,,,
amgtp_bx,70,0.04844455420970917,0.45221641659736633,0.09616423398256302,0.19929352402687073,0.0896514356136322,0.16267387568950653,30.732024110853672,,,
amgtp_bx,71,0.022161565721035004,0.4626401364803314,0.09518297016620636,0.19413545727729797,0.084710031747818,0.16333098709583282,31.31560157239437,,,
amgtp_bx,72,0.022670723497867584,0.47269007563591003,0.09291469305753708,0.18751870095729828,0.08226022124290466,0.1646169275045395,31.89733386784792,,,
amgtp_bx,73,0.02453983575105667,0.47964709997177124,0.09143344312906265,0.17823940515518188,0.08075054734945297,0.16992951929569244,32.34924475848675,,,
amgtp_bx,74,0.031408488750457764,0.4711209237575531,0.09830592572689056,0.17106133699417114,0.08375762403011322,0.17575420439243317,31.925607591867447,,,
amgtp_bx,75,0.044831350445747375,0.45733267068862915,0.10985176265239716,0.1685602366924286,0.0946272611618042,0.16962768137454987,31.09267108142376,,,
amgtp_bx,76,0.035861752927303314,0.4651074707508087,0.10791772603988647,0.16559651494026184,0.10478337854146957,0.15659460425376892,31.436963625252247,,,
amgtp_bx,77,0.3342425599694252,0.6322289109230042,0.062374718487262726,0.11451497673988342,0.0647309347987175,0.1261504739522934,40.55887748301029,,,
amgtp_bx,78,0.40895574167370796,0.8367064595222473,0.02237776666879654,0.045404430478811264,0.022682271897792816,0.07282844185829163,51.5393527187407,,,
amgtp_bx,79,0.06455088686197996,0.8622236847877502,0.013909709639847279,0.030726147815585136,0.013553416356444359,0.07958690822124481,53.048599869944155,,,
amgtp_bx,80,0.27891616616398096,0.722765326499939,0.024705419316887856,0.0631052777171135,0.02177448570728302,0.1676488071680069,46.079445542767644,,,
amgtp_bx,81,0.7832582425326109,0.35940271615982056,0.07273608446121216,0.37937942147254944,0.04909874498844147,0.1393822431564331,25.070079937577248,,,
amgtp_bx,82,0.28008952364325523,0.4924671947956085,0.06470797955989838,0.26387137174606323,0.05607984587550163,0.12287445366382599,32.517155054956675,,,
amgtp_bx,83,0.15425603464245796,0.5625633001327515,0.0579645149409771,0.1985051929950714,0.05106086656451225,0.12990576028823853,36.583384811878204,,,
amgtp_bx,84,0.010894950479269028,0.5675954818725586,0.05733439698815346,0.19512087106704712,0.04962784796953201,0.13032107055187225,36.870315846055746,,,
amgtp_bx,85,0.001058872789144516,0.5680177211761475,0.05733408033847809,0.19487302005290985,0.049346357583999634,0.13042804598808289,36.89443355798721,,,
amgtp_bx,86,0.0010505914688110352,0.5675984621047974,0.05758114531636238,0.19476763904094696,0.04939105734229088,0.1306622326374054,36.87280044704676,,,
amgtp_bx,87,0.002741847187280655,0.5664573907852173,0.05821312591433525,0.19453741610050201,0.049596838653087616,0.13119502365589142,36.81317702308297,,,
amgtp_bx,88,0.008512966334819794,0.5629227757453918,0.06021062284708023,0.1938154697418213,0.05047600343823433,0.13257476687431335,36.62640233710408,,,
amgtp_bx,89,0.021660983562469482,0.5538502335548401,0.06513287872076035,0.1920577585697174,0.053787607699632645,0.13517163693904877,36.14123633876443,,,
amgtp_bx,90,0.04287704452872276,0.5354467630386353,0.07182586193084717,0.18902309238910675,0.06469758599996567,0.1390075832605362,35.16469018906355,,,
amgtp_bx,91,0.037328191101551056,0.521101713180542,0.07153795659542084,0.18499208986759186,0.07615463435649872,0.14621476829051971,34.47270621359348,,,
amgtp_bx,92,0.04949665814638138,0.533823549747467,0.06809017807245255,0.17626024782657623,0.06358560919761658,0.15824094414710999,35.28675638884306,,,
amgtp_bx,93,0.04714805260300636,0.5460495948791504,0.06747018545866013,0.16379961371421814,0.0530921034514904,0.1695888191461563,36.06773291155696,,,
amgtp_bx,94,0.024561572819948196,0.5398808717727661,0.07721986621618271,0.16173964738845825,0.049039505422115326,0.17211942374706268,35.70823958516121,,,
amgtp_bx,95,0.1333349570631981,0.49283337593078613,0.11316391825675964,0.18948854506015778,0.052013881504535675,0.15249928832054138,32.75071931630373,,,
amgtp_bx,96,0.10969240963459015,0.4672801196575165,0.09992064535617828,0.23200605809688568,0.0643429085612297,0.13644994795322418,31.19344563037157,,,
amgtp_bx,97,0.05947142094373703,0.48454320430755615,0.08245395123958588,0.2197372168302536,0.07553412020206451,0.13773153722286224,32.27123822271824,,,
amgtp_bx,98,0.0502181351184845,0.504810631275177,0.08140168339014053,0.19900837540626526,0.0722060278058052,0.1425730437040329,33.46852949261665,,,
amgtp_bx,99,0.015503965318202972,0.5105951428413391,0.08162250369787216,0.19554482400417328,0.06791752576828003,0.14431962370872498,33.79986295849085,,,
amgtp_bx,100,0.005683876574039459,0.5119089484214783,0.0816054418683052,0.19400908052921295,0.06662840396165848,0.14584776759147644,33.88643716275692,,,
amgtp_bx,101,0.008298322558403015,0.5100026726722717,0.08205022662878036,0.19176581501960754,0.06682988256216049,0.14935028553009033,33.816221207380295,,,
amgtp_bx,102,0.02233371138572693,0.501928448677063,0.08541201055049896,0.18867360055446625,0.06879208981990814,0.15519356727600098,33.42139430344105,,,
amgtp_bx,103,0.04190095514059067,0.48406729102134705,0.09523443877696991,0.18558475375175476,0.07547078281641006,0.15964339673519135,32.459329195320606,,,
amgtp_bx,104,0.0378386452794075,0.46566998958587646,0.09889734536409378,0.18506228923797607,0.08899182826280594,0.16137832403182983,31.47652292251587,,,
amgtp_bx,105,0.018229402601718903,0.46329280734062195,0.09216003119945526,0.18585091829299927,0.09042399376630783,0.16827243566513062,31.436063282191753,,,
amgtp_bx,106,0.033692069351673126,0.47357791662216187,0.08794913440942764,0.18451672792434692,0.0791228786110878,0.17483319342136383,32.05769917368889,,,
amgtp_bx,107,0.01736120879650116,0.47957828640937805,0.08619511127471924,0.18223325908184052,0.07448001205921173,0.17751367390155792,32.41414359211922,,,
amgtp_bx,108,0.004625469446182251,0.4811496138572693,0.08636212348937988,0.1828075349330902,0.07246597111225128,0.1772148609161377,32.492031410336494,,,
amgtp_bx,109,0.04681719094514847,0.4659036099910736,0.0925566628575325,0.1977766901254654,0.07471060752868652,0.16905200481414795,31.529805652797222,,,
amgtp_bx,110,0.12437151372432709,0.4222899079322815,0.10625479370355606,0.23481498658657074,0.08616003394126892,0.15048004686832428,28.85793512314558,,,
amgtp_bx,111,0.04915361851453781,0.43187540769577026,0.09710674732923508,0.21950320899486542,0.10115116089582443,0.15036287903785706,29.481279268860817,,,
amgtp_bx,112,0.07606647908687592,0.4630729854106903,0.09068645536899567,0.19746288657188416,0.09157904982566833,0.15719905495643616,31.30929435789585,,,
amgtp_bx,113,0.023006141185760498,0.47307345271110535,0.08935121446847916,0.1930847018957138,0.08578880876302719,0.1587010622024536,31.875349014997482,,,
amgtp_bx,114,0.018579840660095215,0.4799579977989197,0.08759459108114243,0.18794892728328705,0.08339140564203262,0.16110655665397644,32.28815287351608,,,
amgtp_bx,115,0.018791593611240387,0.48305025696754456,0.08630868792533875,0.1810026913881302,0.0822281762957573,0.16741052269935608,32.53167673200369,,,
amgtp_bx,116,0.025801606476306915,0.4760247468948364,0.08959931135177612,0.17512701451778412,0.08482323586940765,0.17442525923252106,32.21218144893646,,,
amgtp_bx,117,0.04140549898147583,0.46047070622444153,0.09880221635103226,0.17236509919166565,0.09632367640733719,0.17203906178474426,31.3269524872303,,,
amgtp_bx,118,0.029749736189842224,0.4536985158920288,0.09641813486814499,0.17244432866573334,0.1111188754439354,0.16632002592086792,30.941974565386772,,,
amgtp_bx,119,0.09961571544408798,0.5035062432289124,0.08119945973157883,0.16017238795757294,0.09419651329517365,0.1609250158071518,33.68441703170538,,,
amgtp_bx_var0,4,,0.20000606775283813,0.20000606775283813,0.20000606775283813,0.20000606775283813,0.20000606775283813,17.00051575899124,,,
amgtp_bx_var0,5,0.3373309448361397,0.25622275471687317,0.07255860418081284,0.15877264738082886,0.25622275471687317,0.25622275471687317,21.302919678390026,,,
amgtp_bx_var0,6,0.10289316624403,0.2675688862800598,0.08996648341417313,0.10732575505971909,0.2675688862800598,0.2675688862800598,22.085023537278175,,,
amgtp_bx_var0,7,0.15733948349952698,0.24134597182273865,0.12970033288002014,0.14626267552375793,0.24134597182273865,0.24134600162506104,20.117512494325638,,,
amgtp_bx_var0,8,0.050153955817222595,0.2329869121313095,0.14016465842723846,0.16087518632411957,0.2329869121313095,0.23298700153827667,19.494731351733208,,,
amgtp_bx_var0,9,0.029213622212409973,0.22803141176700592,0.14273479580879211,0.17291158437728882,0.22829090058803558,0.22803142666816711,19.133830532431602,,,
amgtp_bx_var0,10,0.10340213775634766,0.2105138599872589,0.14242160320281982,0.22461284697055817,0.2119383066892624,0.2105138897895813,17.877854347229004,,,
amgtp_bx_var0,11,0.4137779474258423,0.1471906304359436,0.11917375028133392,0.43150150775909424,0.1549433320760727,0.147190660238266,13.390388667583466,,,
amgtp_bx_var0,12,0.08469059318304062,0.15715833008289337,0.10458501428365707,0.403744637966156,0.17735294997692108,0.15715833008289337,14.187006004154682,,,
amgtp_bx_var0,13,0.31064626574516296,0.21033674478530884,0.10548443347215652,0.24842172861099243,0.2254200577735901,0.21033674478530884,17.99360913783312,,,
amgtp_bx_var0,14,0.19764165580272675,0.25974729657173157,0.09323479980230331,0.2057580202817917,0.18151287734508514,0.25974732637405396,21.202399365603924,,,
amgtp_bx_var0,15,0.4437715709209442,0.37069037556648254,0.05223150551319122,0.10832510143518448,0.09806358814239502,0.37069031596183777,28.49473888427019,,,
amgtp_bx_var0,16,0.4837811179459095,0.6125800013542175,0.022350359708070755,0.03202570229768753,0.03232426196336746,0.3007186949253082,41.30955911055207,,,
amgtp_bx_var0,17,0.478866757825017,0.8520140647888184,0.01924160309135914,0.015090616419911385,0.015172576531767845,0.09848152846097946,52.67030677385628,,,
amgtp_bx_var0,18,0.11488900147378445,0.8951658606529236,0.03353429213166237,0.011838892474770546,0.012104848399758339,0.047356463968753815,54.52672704309225,,,
amgtp_bx_var0,19,0.16672924906015396,0.8206958174705505,0.10926448553800583,0.01506681926548481,0.01651143841445446,0.038461968302726746,50.05026161670685,,,
amgtp_bx_var0,20,0.03567355126142502,0.8209074139595032,0.09801490604877472,0.023593896999955177,0.025609565898776054,0.031874798238277435,50.04875557124615,,,
amgtp_bx_var0,21,0.12556276097893715,0.8732348680496216,0.040250107645988464,0.029659515246748924,0.029997609555721283,0.026857951655983925,53.109315326437354,,,
amgtp_bx_var0,22,0.04781398922204971,0.8588354587554932,0.030743077397346497,0.044336192309856415,0.03527027368545532,0.030816160142421722,52.3721973374486,,,
amgtp_bx_var0,23,0.27565276622772217,0.7210082411766052,0.04323684796690941,0.13449326157569885,0.04861157760024071,0.052649565041065216,44.78458605706692,,,
amgtp_bx_var0,24,0.7291218414902687,0.36715978384017944,0.05169817432761192,0.4787895083427429,0.037899311631917953,0.0644531100988388,24.685292452573776,,,
amgtp_bx_var0,25,0.026430713012814522,0.3651432991027832,0.04886477068066597,0.4920051693916321,0.030620621517300606,0.06336663663387299,24.53495548851788,,,
amgtp_bx_var0,26,0.3294492308050394,0.5134955644607544,0.052661243826150894,0.3272804915904999,0.03657710179686546,0.06998597085475922,33.0800798907876,,,
amgtp_bx_var0,27,0.09309764578938484,0.5582341551780701,0.05278122425079346,0.2818179130554199,0.038266975432634354,0.06889934837818146,35.62474397942424,,,
amgtp_bx_var0,28,0.011388376355171204,0.5637205243110657,0.052631936967372894,0.27697354555130005,0.038475167006254196,0.06819918751716614,35.93089882656932,,,
amgtp_bx_var0,29,0.0014884024858474731,0.5640522837638855,0.05275602638721466,0.27622899413108826,0.038730304688215256,0.06823205202817917,35.950940895825624,,,
amgtp_bx_var0,30,0.0019109733402729034,0.563485324382782,0.05306672304868698,0.27584022283554077,0.03923513740301132,0.06837176531553268,35.921557530760765,,,
amgtp_bx_var0,31,0.004316601902246475,0.5619292855262756,0.053801100701093674,0.2752383351325989,0.040290944278240204,0.06874025613069534,35.839673433452845,,,
amgtp_bx_var0,32,0.008644863963127136,0.5588172078132629,0.05547691509127617,0.2740280330181122,0.04225973039865494,0.06941813975572586,35.674265552312136,,,
amgtp_bx_var0,33,0.01451127603650093,0.5537635087966919,0.058592233806848526,0.2718259394168854,0.045315515249967575,0.07050251960754395,35.40412446111441,,,
amgtp_bx_var0,34,0.021478921175003052,0.5467715859413147,0.06293083727359772,0.2680782079696655,0.04971825331449509,0.07250044494867325,35.03649462014437,,,
amgtp_bx_var0,35,0.028521273285150528,0.538800835609436,0.067796990275383,0.261788547039032,0.05470321699976921,0.07691019028425217,34.640877950936556,,,
amgtp_bx_var0,36,0.036669086664915085,0.5320587754249573,0.07334498316049576,0.25019633769989014,0.0568912997841835,0.08750893175601959,34.37082466483116,,,
amgtp_bx_var0,37,0.06280627474188805,0.5189288854598999,0.08276098966598511,0.23393844068050385,0.05487579479813576,0.10949590802192688,33.83738271519542,,,
amgtp_bx_var0,38,0.10102665796875954,0.472465455532074,0.11849003285169601,0.23398713767528534,0.050826139748096466,0.1242317408323288,31.26340612769127,,,
amgtp_bx_var0,39,0.10619227215647697,0.4269264340400696,0.1363680213689804,0.26920515298843384,0.04948653653264046,0.11801409721374512,28.55817263945937,,,
amgtp_bx_var0,40,0.07661090418696404,0.43950873613357544,0.09806211292743683,0.2900991141796112,0.053813159465789795,0.11851620674133301,29.374802634119987,,,
amgtp_bx_var0,41,0.08208667859435081,0.47171610593795776,0.08635914325714111,0.260759174823761,0.057491134852170944,0.12367463111877441,31.30548580363393,,,
amgtp_bx_var0,42,0.054621804505586624,0.4924822151660919,0.0818958580493927,0.23791179060935974,0.05819109082221985,0.12951970100402832,32.56517758965492,,,
amgtp_bx_var0,43,0.07510913908481598,0.5169700384140015,0.0732136145234108,0.20944464206695557,0.05778626352548599,0.14258679747581482,34.120468854904175,,,
amgtp_bx_var0,44,0.11603892967104912,0.5589430928230286,0.060907993465662,0.1686861217021942,0.05282999575138092,0.15863226354122162,36.69421358779073,,,
amgtp_bx_var0,45,0.049739986658096313,0.5838132500648499,0.05928453430533409,0.15286041796207428,0.048857636749744415,0.15518395602703094,38.06123963370919,,,
amgtp_bx_var0,46,0.0537291094660759,0.5698709487915039,0.07003787159919739,0.16561564803123474,0.052214305847883224,0.14226238429546356,37.11631526425481,,,
amgtp_bx_var0,47,0.06309689208865166,0.5445854067802429,0.08304722607135773,0.17662712931632996,0.05974142998456955,0.13599899411201477,35.610228948295116,,,
amgtp_bx_var0,48,0.02966894954442978,0.5334475040435791,0.08702544122934341,0.1803835928440094,0.0668412372469902,0.1323024332523346,34.95514918863773,,,
amgtp_bx_var0,49,0.018530026078224182,0.5394067764282227,0.08227279782295227,0.17718498408794403,0.07014688849449158,0.13098858296871185,35.30310271680355,,,
amgtp_bx_var0,50,0.04732796549797058,0.5630706548690796,0.07541067153215408,0.16680949926376343,0.06392251700162888,0.1307864785194397,36.63854677975178,,,
amgtp_bx_var0,51,0.04290429502725601,0.5799310803413391,0.07119885832071304,0.15664030611515045,0.0568513423204422,0.1353781670331955,37.63023833185434,,,
amgtp_bx_var0,52,0.059930287301540375,0.5512642860412598,0.07790864259004593,0.16477680206298828,0.05555292218923569,0.1504969596862793,36.14392410218716,,,
amgtp_bx_var0,53,0.1330646276473999,0.4847317337989807,0.09761860221624374,0.2017095386981964,0.059733860194683075,0.15620540082454681,32.39166387915611,,,
amgtp_bx_var0,54,0.11064495891332626,0.4396113157272339,0.10236292332410812,0.24398712813854218,0.06803491711616516,0.1460038274526596,29.73130125552416,,,
amgtp_bx_var0,55,0.07336514443159103,0.46507444977760315,0.0919322818517685,0.21773499250411987,0.07600300014019012,0.14925497770309448,31.27119493484497,,,
amgtp_bx_var0,56,0.042955368757247925,0.48470059037208557,0.08832555264234543,0.2015656679868698,0.07430165261030197,0.1511068046092987,32.410664811730385,,,
amgtp_bx_var0,57,0.011050119996070862,0.4894881248474121,0.08796273916959763,0.19914817810058594,0.07155635207891464,0.15184378623962402,32.68140223622322,,,
amgtp_bx_var0,58,0.003595873713493347,0.490397572517395,0.08809973299503326,0.19833852350711823,0.0705680251121521,0.15259523689746857,32.737279146909714,,,
amgtp_bx_var0,59,0.004332304000854492,0.4894273281097412,0.08888238668441772,0.1971433460712433,0.0710008442401886,0.15354664623737335,32.69261106848717,,,
amgtp_bx_var0,60,0.009499505162239075,0.48624536395072937,0.0915224626660347,0.1955755054950714,0.07280462235212326,0.15385249257087708,32.51653806865215,,,
amgtp_bx_var0,61,0.021382659673690796,0.47773411870002747,0.0975075364112854,0.19422173500061035,0.0775100588798523,0.15302535891532898,32.029145300388336,,,
amgtp_bx_var0,62,0.02127859741449356,0.4678916037082672,0.10051972419023514,0.19424907863140106,0.08511047065258026,0.1522292196750641,31.48374555259943,,,
amgtp_bx_var0,63,0.016039259731769562,0.4634130895137787,0.09767257422208786,0.19355511665344238,0.08974515646696091,0.15561416745185852,31.289937734603882,,,
amgtp_bx_var0,64,0.041658103466033936,0.4735744595527649,0.09233853965997696,0.18668662011623383,0.08111836761236191,0.1662815809249878,31.962636679410934,,,
amgtp_bx_var0,65,0.04184071719646454,0.4776293635368347,0.08976217359304428,0.17655403912067413,0.07290694862604141,0.18314702808856964,32.351593136787415,,,
amgtp_bx_var0,66,0.026600152254104614,0.4679439961910248,0.09673532843589783,0.1761065125465393,0.06973963975906372,0.18947382271289825,31.842505633831024,,,
amgtp_bx_var0,67,0.0798506885766983,0.44072142243385315,0.11316481232643127,0.1962691992521286,0.07307325303554535,0.17677149176597595,30.131571412086487,,,
amgtp_bx_var0,68,0.09441995620727539,0.4128658175468445,0.11070994287729263,0.23204821348190308,0.08450409024953842,0.15987186133861542,28.408538326621056,,,
amgtp_bx_var0,69,0.057886794209480286,0.4310588240623474,0.0977797657251358,0.2163323014974594,0.09525485336780548,0.15957492589950562,29.511139050126076,,,
amgtp_bx_var0,70,0.048506960272789,0.45213931798934937,0.09615495800971985,0.19924390316009521,0.08971388638019562,0.16274721920490265,30.728704020380974,,,
amgtp_bx_var0,71,0.02221350371837616,0.46259617805480957,0.09516876190900803,0.19407501816749573,0.08476226776838303,0.1633971631526947,31.314060658216476,,,
amgtp_bx_var0,72,0.02276112139225006,0.47270438075065613,0.09289006888866425,0.18743491172790527,0.08230063319206238,0.16466964781284332,31.89893715083599,,,
amgtp_bx_var0,73,0.02466023713350296,0.47972965240478516,0.09139897674322128,0.1781219094991684,0.08077479898929596,0.169974684715271,32.3546130284667,,,
amgtp_bx_var0,74,0.03142605721950531,0.4712093770503998,0.09829065203666687,0.17092938721179962,0.0837760642170906,0.17579500377178192,31.931203939020634,,,
amgtp_bx_var0,75,0.0448489710688591,0.45746296644210815,0.1098402887582779,0.1684340536594391,0.09465071558952332,0.1696120649576187,31.10004435479641,,,
amgtp_bx_var0,76,0.03629928082227707,0.46549707651138306,0.10782219469547272,0.1654447764158249,0.10476670414209366,0.15647025406360626,31.457931600511074,,,
amgtp_bx_var0,77,0.336297944188118,0.6336451172828674,0.06211256980895996,0.11406272649765015,0.06450354307889938,0.12567518651485443,40.633985199034214,,,
amgtp_bx_var0,78,0.40833801217377186,0.8378145098686218,0.02221519500017166,0.04509942606091499,0.022533001378178596,0.07233778387308121,51.59684404917061,,,
amgtp_bx_var0,79,0.06397491786628962,0.863044023513794,0.013822690583765507,0.03055741637945175,0.013479534536600113,0.07909520715475082,53.08982599247247,,,
amgtp_bx_var0,80,0.2789494087919593,0.7235695719718933,0.024618564173579216,0.06295377761125565,0.02171282283961773,0.16714464128017426,46.11966895312071,,,
amgtp_bx_var0,81,0.7877828702330589,0.35770925879478455,0.07286158949136734,0.3811914920806885,0.04912417009472847,0.1391141712665558,24.970459181815386,,,
amgtp_bx_var0,82,0.28342176601290703,0.4922645688056946,0.06479480117559433,0.26379403471946716,0.05627942830324173,0.12286721915006638,32.50614809989929,,,
amgtp_bx_var0,83,0.15430336445569992,0.5625654458999634,0.057952769100666046,0.19864672422409058,0.05111660808324814,0.12971754372119904,36.581681564450264,,,
amgtp_bx_var0,84,0.010782316327095032,0.5675733089447021,0.057320501655340195,0.1953539401292801,0.04965146258473396,0.13010179996490479,36.866766296327114,,,
amgtp_bx_var0,85,0.0010551176965236664,0.567996621131897,0.05731884762644768,0.19511643052101135,0.04936275631189346,0.13020573556423187,36.8908849991858,,,
amgtp_bx_var0,86,0.0010334625840187073,0.5675850510597229,0.057560570538043976,0.19501128792762756,0.04940410330891609,0.1304394155740738,36.869678039103746,,,
amgtp_bx_var0,87,0.002697281539440155,0.5664663910865784,0.058183249086141586,0.1947813183069229,0.04960773140192032,0.13096176087856293,36.811229441314936,,,
amgtp_bx_var0,88,0.00839570164680481,0.562985897064209,0.060165755450725555,0.19406355917453766,0.050483088940382004,0.13230134546756744,36.627110715955496,,,
amgtp_bx_var0,89,0.02145063877105713,0.5539983510971069,0.06507961452007294,0.19232550263404846,0.05378967896103859,0.13480593264102936,36.145767997950315,,,
amgtp_bx_var0,90,0.042754050344228745,0.5355993509292603,0.07182390987873077,0.18934792280197144,0.06470051407814026,0.1385282725095749,35.16812814772129,,,
amgtp_bx_var0,91,0.03735470771789551,0.5210164785385132,0.07163161039352417,0.18544559180736542,0.07622306048870087,0.1456829309463501,34.46207955479622,,,
amgtp_bx_var0,92,0.048811085522174835,0.5332714915275574,0.06825216859579086,0.17691776156425476,0.06372508406639099,0.1578337550163269,35.25104310363531,,,
amgtp_bx_var0,93,0.04647251218557358,0.5449436902999878,0.06767985969781876,0.16467401385307312,0.0533047690987587,0.16939769685268402,36.00302445888519,,,
amgtp_bx_var0,94,0.024583667516708374,0.5388330817222595,0.07729220390319824,0.16253016889095306,0.049267858266830444,0.17207765579223633,35.64882980287075,,,
amgtp_bx_var0,95,0.130088921636343,0.49319615960121155,0.11251811683177948,0.18943820893764496,0.05217793211340904,0.15266968309879303,32.77522340789437,,,
amgtp_bx_var0,96,0.10780175402760506,0.46784326434135437,0.10002153366804123,0.23105314373970032,0.06446411460638046,0.13661852478981018,31.22768497467041,,,
amgtp_bx_var0,97,0.058006636798381805,0.4844619631767273,0.08252468705177307,0.21954607963562012,0.07582109421491623,0.13764557242393494,32.266666390001774,,,
amgtp_bx_var0,98,0.05029545724391937,0.5048249959945679,0.08134856820106506,0.19891813397407532,0.07247752696275711,0.1424303650856018,33.46897052973509,,,
amgtp_bx_var0,99,0.01581302285194397,0.5107845664024353,0.08154352754354477,0.19538938999176025,0.06809964776039124,0.1441822350025177,33.81003450602293,,,
amgtp_bx_var0,100,0.005902446806430817,0.5121880173683167,0.0815141573548317,0.19379276037216187,0.06677483767271042,0.1457304209470749,33.90182323753834,,,
amgtp_bx_var0,101,0.008421234786510468,0.5102913975715637,0.08196777105331421,0.1914781630039215,0.06695907562971115,0.14930258691310883,33.832835860550404,,,
amgtp_bx_var0,102,0.022698797285556793,0.5020936727523804,0.08540792763233185,0.18832708895206451,0.06893554329872131,0.15523596107959747,33.43186181783676,,,
amgtp_bx_var0,103,0.042352452874183655,0.4840127229690552,0.09533623605966568,0.18523167073726654,0.07572364062070847,0.15969564020633698,32.45759907364845,,,
amgtp_bx_var0,104,0.0375978946685791,0.4656825363636017,0.09875791519880295,0.1847631186246872,0.08940926939249039,0.16138748824596405,31.479289174079895,,,
amgtp_bx_var0,105,0.017859503626823425,0.4635894298553467,0.09192124754190445,0.18554754555225372,0.09064751118421555,0.16829454898834229,31.454585939645767,,,
amgtp_bx_var0,106,0.034052953124046326,0.4740953743457794,0.08772623538970947,0.18414004147052765,0.07922330498695374,0.174814835190773,32.087839648127556,,,
amgtp_bx_var0,107,0.017718277871608734,0.4802878797054291,0.08594226092100143,0.18175853788852692,0.07452961802482605,0.17748144268989563,32.45493818074465,,,
amgtp_bx_var0,108,0.004676133394241333,0.4819467067718506,0.08609398454427719,0.18228571116924286,0.07245007157325745,0.1772225797176361,32.53802014142275,,,
amgtp_bx_var0,109,0.04776079207658768,0.46630334854125977,0.09243196249008179,0.19758732616901398,0.07469166815280914,0.16898633539676666,31.552045226097107,,,
amgtp_bx_var0,110,0.12687893956899643,0.42172420024871826,0.10640844702720642,0.2355269193649292,0.08621419221162796,0.1501251459121704,28.82169260829687,,,
amgtp_bx_var0,111,0.05065729469060898,0.4319497048854828,0.09696337580680847,0.21964380145072937,0.10125546157360077,0.15018747746944427,29.48428998887539,,,
amgtp_bx_var0,112,0.0762680247426033,0.4631898105144501,0.09060079604387283,0.1975116729736328,0.09161600470542908,0.1570812314748764,31.31497371941805,,,
amgtp_bx_var0,113,0.022432193160057068,0.4729078710079193,0.08933055400848389,0.1932746171951294,0.08590703457593918,0.15857909619808197,31.865083254873753,,,
amgtp_bx_var0,114,0.017918378114700317,0.47949761152267456,0.08764256536960602,0.188320592045784,0.08358969539403915,0.16094838082790375,32.26086623221636,,,
amgtp_bx_var0,115,0.018300220370292664,0.4824138283729553,0.08638297766447067,0.1815323680639267,0.08248774707317352,0.16718262434005737,32.49378075450659,,,
amgtp_bx_var0,116,0.025739043951034546,0.475434809923172,0.08956452459096909,0.1756419688463211,0.08506383001804352,0.1742946207523346,32.17815052717924,,,
amgtp_bx_var0,117,0.041110605001449585,0.45988520979881287,0.09872812777757645,0.1727166324853897,0.09645552933216095,0.17221425473690033,31.29617888480425,,,
amgtp_bx_var0,118,0.02956356108188629,0.45259320735931396,0.09667161852121353,0.17271177470684052,0.11123804748058319,0.1667865812778473,30.884077854454517,,,
amgtp_bx_var0,119,0.09549899399280548,0.5003420114517212,0.08174489438533783,0.16107216477394104,0.09476282447576523,0.16207794845104218,33.51791312545538,,,
amgtp_bx_varhi,4,,0.20000606775283813,0.20000606775283813,0.20000606775283813,0.20000606775283813,0.20000606775283813,17.00051575899124,,,
amgtp_bx_varhi,5,0.31927143037319183,0.25321274995803833,0.07930584251880646,0.16105487942695618,0.25321274995803833,0.25321272015571594,21.072702810168266,,,
amgtp_bx_varhi,6,0.17288658767938614,0.28202739357948303,0.06886846572160721,0.08504962921142578,0.28202739357948303,0.28202739357948303,23.16823623329401,,,
amgtp_bx_varhi,7,0.13361598551273346,0.2597580850124359,0.10732275247573853,0.11340340226888657,0.2597580850124359,0.2597580850124359,21.487937845289707,,,
amgtp_bx_varhi,8,0.2655734345316887,0.21549572050571442,0.17343878746032715,0.18007370829582214,0.21549572050571442,0.21549572050571442,18.16881327331066,,,
amgtp_bx_varhi,9,0.35675062239170074,0.15588010847568512,0.20671416819095612,0.32517364621162415,0.15635164082050323,0.15588010847568512,13.81182461977005,,,
amgtp_bx_varhi,10,0.448131687939167,0.10590313374996185,0.1325850784778595,0.5492398142814636,0.10636916011571884,0.10590313374996185,10.36172053962946,,,
amgtp_bx_varhi,11,0.047588005661964417,0.11218337714672089,0.10879063606262207,0.5542250275611877,0.11261702328920364,0.11218337714672089,10.861354790627956,,,
amgtp_bx_varhi,12,0.1445828601717949,0.13332480192184448,0.11763644218444824,0.4819343686103821,0.1337805688381195,0.13332480192184448,12.365938872098923,,,
amgtp_bx_varhi,13,0.12695734202861786,0.15071718394756317,0.12893223762512207,0.4184545874595642,0.15117758512496948,0.15071716904640198,13.595610499382019,,,
amgtp_bx_varhi,14,0.03672754764556885,0.15578357875347137,0.1321077048778534,0.40009135007858276,0.15623363852500916,0.15578356385231018,13.95400184392929,,,
amgtp_bx_varhi,15,0.011313363909721375,0.15755249559879303,0.13261213898658752,0.3944348096847534,0.15784817934036255,0.15755249559879303,14.07973849773407,,,
amgtp_bx_varhi,16,0.00571952760219574,0.15867123007774353,0.13247299194335938,0.3917135000228882,0.15849344432353973,0.1586475670337677,14.158407345414162,,,
amgtp_bx_varhi,17,0.002327173948287964,0.15922586619853973,0.1325041651725769,0.39055025577545166,0.15860134363174438,0.15911778807640076,14.195565342903137,,,
amgtp_bx_varhi,18,0.003779888153076172,0.16000887751579285,0.13268108665943146,0.3886604905128479,0.1588965505361557,0.1597527712583542,14.248009860515594,,,
amgtp_bx_varhi,19,0.00517699122428894,0.16082200407981873,0.13341882824897766,0.38607239723205566,0.15928930044174194,0.16039805114269257,14.301554083824158,,,
amgtp_bx_varhi,20,0.009668081998825073,0.16208088397979736,0.13532941043376923,0.3812379837036133,0.1597685068845749,0.1615830510854721,14.384438663721085,,,
amgtp_bx_varhi,21,0.01789356768131256,0.16487959027290344,0.1383296251296997,0.3723696768283844,0.15969018638134003,0.16473107039928436,14.57228036224842,,,
amgtp_bx_varhi,22,0.048319876194000244,0.17407651245594025,0.13893206417560577,0.35247015953063965,0.15542979538440704,0.179091677069664,15.236225336790085,,,
amgtp_bx_varhi,23,0.14649933576583862,0.19618448615074158,0.12867523729801178,0.30813339352607727,0.1367739737033844,0.23023362457752228,17.00483314692974,,,
amgtp_bx_varhi,24,0.13822663575410843,0.21946346759796143,0.11583378165960312,0.2739366888999939,0.11469846963882446,0.2760676145553589,18.773287795484066,,,
amgtp_bx_varhi,25,0.07987600564956665,0.253112256526947,0.10781840234994888,0.2802259624004364,0.10506321489810944,0.2537803053855896,20.4235984608531,,,
amgtp_bx_varhi,26,0.28371305763721466,0.39496874809265137,0.08036167174577713,0.23257368803024292,0.08711043000221252,0.20498552918434143,27.955778039991856,,,
amgtp_bx_varhi,27,0.6808521524071693,0.7353948354721069,0.03125213831663132,0.08352604508399963,0.045596785843372345,0.10423028469085693,46.18392188847065,,,
amgtp_bx_varhi,28,0.34068014565855265,0.9057347178459167,0.009403265081346035,0.0221417136490345,0.01939547434449196,0.043324537575244904,55.16222332324833,,,
amgtp_bx_varhi,29,0.042677925899624825,0.9270738363265991,0.006610018201172352,0.011511741206049919,0.017511842772364616,0.03729258105158806,56.310254455544055,,,
amgtp_bx_varhi,30,0.08479607757180929,0.8846755623817444,0.012926868163049221,0.01382633950561285,0.026058083400130272,0.06251269578933716,54.19252395443618,,,
amgtp_bx_varhi,31,0.3212267942726612,0.7240623235702515,0.06553801894187927,0.04763695225119591,0.049217697232961655,0.11354487389326096,45.58634040504694,,,
amgtp_bx_varhi,32,0.8351508155465126,0.349088579416275,0.2060053050518036,0.29374513030052185,0.08021758496761322,0.07094315439462662,23.587282717227936,,,
amgtp_bx_varhi,33,0.6151718012988567,0.6459434032440186,0.02953493967652321,0.19896070659160614,0.09094894677400589,0.03461232781410217,40.50423647090793,,,
amgtp_bx_varhi,34,0.4950388139113784,0.8934621810913086,0.00785109493881464,0.043057847768068314,0.038993872702121735,0.01663406938314438,54.25058958400041,,,
amgtp_bx_varhi,35,0.09791687317192554,0.9424214959144592,0.005624380894005299,0.020756395533680916,0.018974201753735542,0.0122243482619524,56.917143610306084,,,
amgtp_bx_varhi,36,0.02267371118068695,0.9537479877471924,0.005151429213583469,0.01600419543683529,0.012861992232501507,0.012234206311404705,57.53935611434281,,,
amgtp_bx_varhi,37,0.010482099372893572,0.9488804340362549,0.005770655814558268,0.01695089042186737,0.012488390319049358,0.01590922847390175,57.29959730012342,,,
amgtp_bx_varhi,38,0.03689127881079912,0.9304345846176147,0.007628676015883684,0.02226344868540764,0.015737812966108322,0.023934656754136086,56.345743984449655,,,
amgtp_bx_varhi,39,0.0450012213550508,0.9079349040985107,0.008895674720406532,0.027908097952604294,0.020595496520400047,0.034666866064071655,55.19821881502867,,,
amgtp_bx_varhi,40,0.08606080152094364,0.8649035096168518,0.010472634807229042,0.0396604984998703,0.03297406807541847,0.05198834091424942,52.98231995664537,,,
amgtp_bx_varhi,41,0.13656172063201666,0.7966233491897583,0.013116401620209217,0.06476263701915741,0.058444879949092865,0.0670531839132309,49.35266399849206,,,
amgtp_bx_varhi,42,0.07375175226479769,0.7597475051879883,0.017205404117703438,0.08696829527616501,0.06165458261966705,0.07442472875118256,47.33648888207972,,,
amgtp_bx_varhi,43,0.05899152159690857,0.7428557276725769,0.024076370522379875,0.09669379889965057,0.049050938338041306,0.087324358522892,46.45139901526272,,,
amgtp_bx_varhi,44,0.08131288178265095,0.708341121673584,0.03753454238176346,0.11100423336029053,0.042908553034067154,0.10021164268255234,44.57433741167188,,,
amgtp_bx_varhi,45,0.22251230478286743,0.6069746613502502,0.0802086591720581,0.1795864999294281,0.03967002406716347,0.09356071054935455,38.624987956136465,,,
amgtp_bx_varhi,46,0.3375086300075054,0.4720555543899536,0.10623210668563843,0.3223170042037964,0.036393553018569946,0.0630016103386879,30.533293798565865,,,
amgtp_bx_varhi,47,0.08655054494738579,0.5119225382804871,0.07017690688371658,0.31870657205581665,0.039802197366952896,0.05939232558012009,32.85175685957074,,,
amgtp_bx_varhi,48,0.21458608657121658,0.6084393858909607,0.059573944658041,0.22201627492904663,0.04277064651250839,0.06719985604286194,38.47217843309045,,,
amgtp_bx_varhi,49,0.034915320575237274,0.6245785355567932,0.05868431553244591,0.20562729239463806,0.04259159415960312,0.06851836293935776,39.40767656639218,,,
amgtp_bx_varhi,50,0.003875330090522766,0.6263216137886047,0.05857980251312256,0.20398017764091492,0.042405251413583755,0.06871264427900314,39.50863094255328,,,
amgtp_bx_varhi,51,0.000634320080280304,0.6264174580574036,0.05859559029340744,0.20372726023197174,0.04234256222844124,0.06891972571611404,39.51609895005822,,,
amgtp_bx_varhi,52,0.0007861107587814331,0.6261687278747559,0.05867482349276543,0.20359745621681213,0.04232674092054367,0.06923224776983261,39.505129519850016,,,
amgtp_bx_varhi,53,0.0017175227403640747,0.625490665435791,0.058915697038173676,0.20341737568378448,0.04247671738266945,0.06970077753067017,39.47175565734506,,,
amgtp_bx_varhi,54,0.002644754946231842,0.6244326829910278,0.05945537984371185,0.20315274596214294,0.042794596403837204,0.07016535848379135,39.41675179079175,,,
amgtp_bx_varhi,55,0.005588404834270477,0.6221131086349487,0.06071452423930168,0.2026776373386383,0.043656378984451294,0.07083815336227417,39.29286275431514,,,
amgtp_bx_varhi,56,0.011646941304206848,0.6170674562454224,0.06320212036371231,0.20189979672431946,0.045805495232343674,0.0720248892903328,39.02193580195308,,,
amgtp_bx_varhi,57,0.022503532469272614,0.6068872213363647,0.0674542710185051,0.20082828402519226,0.04999488219618797,0.07483513653278351,38.48082849010825,,,
amgtp_bx_varhi,58,0.027799058705568314,0.5934278964996338,0.07254242897033691,0.20038820803165436,0.05349334329366684,0.08014817535877228,37.77590870112181,,,
amgtp_bx_varhi,59,0.03533552214503288,0.5757603645324707,0.07975638657808304,0.2027074247598648,0.05546696111559868,0.08630937337875366,36.83010048791766,,,
amgtp_bx_varhi,60,0.04187895357608795,0.5548204183578491,0.08683693408966064,0.210492804646492,0.057951945811510086,0.08989746868610382,35.67176863178611,,,
amgtp_bx_varhi,61,0.037147607654333115,0.5362468957901001,0.08834585547447205,0.21914945542812347,0.06298493593931198,0.09327299147844315,34.667324401438236,,,
amgtp_bx_varhi,62,0.02280237525701523,0.5361253023147583,0.0819743275642395,0.21424120664596558,0.06682378053665161,0.1008351519703865,34.77167467772961,,,
amgtp_bx_varhi,63,0.028910689055919647,0.5365151762962341,0.07785850763320923,0.2044534981250763,0.06627190858125687,0.11490056663751602,34.95464087277651,,,
amgtp_bx_varhi,64,0.03267281502485275,0.5340654253959656,0.07556239515542984,0.197102889418602,0.062032416462898254,0.13123741745948792,34.98234734684229,,,
amgtp_bx_varhi,65,0.025118038058280945,0.5293207168579102,0.07505419850349426,0.19115635752677917,0.06067236512899399,0.14379596710205078,34.84561637789011,,,
amgtp_bx_varhi,66,0.016930043697357178,0.5326589345932007,0.07815245538949966,0.18859277665615082,0.0627010315656662,0.1378946453332901,34.97289911657572,,,
amgtp_bx_varhi,67,0.03309618681669235,0.529771625995636,0.08502493053674698,0.19098135828971863,0.0699881985783577,0.12423399090766907,34.67345982789993,,,
amgtp_bx_varhi,68,0.06140059977769852,0.5095334649085999,0.09181521832942963,0.19921140372753143,0.0856679305434227,0.11377161741256714,33.453935481607914,,,
amgtp_bx_varhi,69,0.023513920605182648,0.5034615397453308,0.08938033878803253,0.2007245123386383,0.09591204673051834,0.11052172631025314,33.11793475598097,,,
amgtp_bx_varhi,70,0.054127179086208344,0.5259793996810913,0.0850505456328392,0.19043011963367462,0.08347237855195999,0.11506719142198563,34.41035221517086,,,
amgtp_bx_varhi,71,0.06209076941013336,0.5502568483352661,0.08007842302322388,0.17595894634723663,0.07187046110630035,0.12183529883623123,35.83215357363224,,,
amgtp_bx_varhi,72,0.06358113139867783,0.575484037399292,0.07474446296691895,0.15764549374580383,0.06372690200805664,0.12839826941490173,37.32038727402687,,,
amgtp_bx_varhi,73,0.036877281963825226,0.5939229130744934,0.07340921461582184,0.14642293751239777,0.05995256453752518,0.12629200518131256,38.33580883592367,,,
amgtp_bx_varhi,74,0.01803632080554962,0.5928943753242493,0.07876095920801163,0.14653676748275757,0.06350535899400711,0.1183025911450386,38.19280757009983,,,
amgtp_bx_varhi,75,0.045569464564323425,0.5812732577323914,0.08451025187969208,0.1501278281211853,0.07694956660270691,0.10713880509138107,37.44987943768501,,,
amgtp_bx_varhi,76,0.06469371914863586,0.5572360157966614,0.08950410783290863,0.15572305023670197,0.09870751947164536,0.09882935881614685,36.06539786607027,,,
amgtp_bx_varhi,77,0.12837819755077362,0.6214250326156616,0.07423996180295944,0.13355599343776703,0.0737743154168129,0.09700458496809006,39.63489429652691,,,
amgtp_bx_varhi,78,0.16991563513875008,0.7063827514648438,0.054352372884750366,0.09713158011436462,0.047165755182504654,0.09496723115444183,44.38841372355819,,,
amgtp_bx_varhi,79,0.07482516393065453,0.7226076126098633,0.04576481506228447,0.07929254323244095,0.03618017956614494,0.11615536361932755,45.519535548985004,,,
amgtp_bx_varhi,80,0.10891693457961082,0.6681489944458008,0.05242789536714554,0.08965516090393066,0.03782064840197563,0.1519475132226944,42.802342768758535,,,
amgtp_bx_varhi,81,0.2106337994337082,0.5736089944839478,0.07733919471502304,0.15812116861343384,0.04975978657603264,0.14117015898227692,37.292943101376295,,,
amgtp_bx_varhi,82,0.2722051851451397,0.474819540977478,0.08202043920755386,0.27338171005249023,0.0659208595752716,0.10385728627443314,31.30678605288267,,,
amgtp_bx_varhi,83,0.16201560199260712,0.5384186506271362,0.07440165430307388,0.19999301433563232,0.07519427686929703,0.11199288070201874,35.073760002851486,,,
amgtp_bx_varhi,84,0.06692203879356384,0.5668102502822876,0.07233074307441711,0.17411983013153076,0.06967730075120926,0.11706224828958511,36.72991783171892,,,
amgtp_bx_varhi,85,0.012403935194015503,0.5718153119087219,0.07205802202224731,0.17210020124912262,0.06576763093471527,0.11825910210609436,37.01327818632126,,,
amgtp_bx_varhi,86,0.0025656744837760925,0.5721973776817322,0.07214435189962387,0.17174313962459564,0.06484163552522659,0.11907332390546799,37.04013441503048,,,
amgtp_bx_varhi,87,0.001988530158996582,0.5716643929481506,0.07240699976682663,0.17143955826759338,0.06468421965837479,0.1198052242398262,37.016651928424835,,,
amgtp_bx_varhi,88,0.0045583173632621765,0.5699010491371155,0.07325457036495209,0.1709233969449997,0.0651838406920433,0.12073684483766556,36.9266904219985,,,
amgtp_bx_varhi,89,0.008152402937412262,0.5663127899169922,0.07509421557188034,0.1704355776309967,0.06678016483783722,0.12137719988822937,36.73191029578447,,,
amgtp_bx_varhi,90,0.014381520450115204,0.559238076210022,0.0780441164970398,0.17031946778297424,0.07058268040418625,0.12181548029184341,36.34278257936239,,,
amgtp_bx_varhi,91,0.020696617662906647,0.5488898754119873,0.08113180845975876,0.1712200790643692,0.07569945603609085,0.12305881828069687,35.7809042185545,,,
amgtp_bx_varhi,92,0.019528739154338837,0.5391253232955933,0.08411730080842972,0.17306795716285706,0.07627014070749283,0.12741895020008087,35.26859685778618,,,
amgtp_bx_varhi,93,0.025406204164028168,0.5294739007949829,0.08746296167373657,0.17502498626708984,0.07321848720312119,0.1348193883895874,34.78097281605005,,,
amgtp_bx_varhi,94,0.031198211014270782,0.5157889723777771,0.09294202923774719,0.18011491000652313,0.0713043361902237,0.13984952867031097,34.03764885663986,,,
amgtp_bx_varhi,95,0.05684257298707962,0.49201419949531555,0.1030706986784935,0.1976500004529953,0.07206201553344727,0.13520316779613495,32.61415112763643,,,
amgtp_bx_varhi,96,0.053569793701171875,0.47403809428215027,0.10151570290327072,0.21759267151355743,0.07890377938747406,0.12794890999794006,31.54019057005644,,,
amgtp_bx_varhi,97,0.03639502078294754,0.4811529219150543,0.0935250073671341,0.20738649368286133,0.08843570947647095,0.12950029969215393,32.01691396534443,,,
amgtp_bx_varhi,98,0.04612457752227783,0.4963226318359375,0.09022984653711319,0.18933701515197754,0.08671741932630539,0.13739223778247833,32.96811206638813,,,
amgtp_bx_varhi,99,0.0251658633351326,0.5022602081298828,0.08889321982860565,0.18393737077713013,0.08087093383073807,0.14403776824474335,33.35894311219454,,,
amgtp_bx_varhi,100,0.012037128210067749,0.5057040452957153,0.08824601024389267,0.18097804486751556,0.07845911383628845,0.14661270380020142,33.5752145126462,,,
amgtp_bx_varhi,101,0.008320800960063934,0.5095392465591431,0.0885714516043663,0.17821268737316132,0.07800612598657608,0.14567089080810547,33.78099966049194,,,
amgtp_bx_varhi,102,0.011299550533294678,0.5110952258110046,0.0908811166882515,0.17593474686145782,0.07978945225477219,0.14229825139045715,33.83510059118271,,,
amgtp_bx_varhi,103,0.02473674714565277,0.5038648247718811,0.09581814706325531,0.17456749081611633,0.08722132444381714,0.13852806389331818,33.401352271437645,,,
amgtp_bx_varhi,104,0.034503839910030365,0.49005115032196045,0.09853415191173553,0.1746533066034317,0.10167165845632553,0.13509005308151245,32.62852544337511,,,
amgtp_bx_varhi,105,0.010817296802997589,0.49127545952796936,0.09600607305765152,0.1740620732307434,0.09938210994005203,0.13927417993545532,32.74023315310478,,,
amgtp_bx_varhi,106,0.0691382884979248,0.5159035921096802,0.08923529088497162,0.16446362435817719,0.0811820775270462,0.14921507239341736,34.19412724673748,,,
amgtp_bx_varhi,107,0.0670691505074501,0.5405524373054504,0.08172507584095001,0.15049032866954803,0.06913163512945175,0.158101424574852,35.66368369013071,,,
amgtp_bx_varhi,108,0.02235778048634529,0.5500414371490479,0.07911965250968933,0.1491294503211975,0.0619182325899601,0.159790500998497,36.19948887452483,,,
amgtp_bx_varhi,109,0.1544656716287136,0.4962805509567261,0.08810502290725708,0.21549513936042786,0.06380070745944977,0.13631924986839294,32.866497948765755,,,
amgtp_bx_varhi,110,0.27737876772880554,0.3925933539867401,0.0929710790514946,0.3375825881958008,0.07553610950708389,0.10131658613681793,26.608505055308342,,,
amgtp_bx_varhi,111,0.25301795452833176,0.4799153506755829,0.08831850439310074,0.21572624146938324,0.10083553194999695,0.11520420014858246,31.849125795066357,,,
amgtp_bx_varhi,112,0.11418177932500839,0.5345001220703125,0.07937999814748764,0.18626247346401215,0.08214688301086426,0.11771028488874435,34.931146912276745,,,
amgtp_bx_varhi,113,0.11043478548526764,0.5897176265716553,0.06947430223226547,0.16241797804832458,0.06852306425571442,0.10986701399087906,37.95758547633886,,,
amgtp_bx_varhi,114,0.08599782735109329,0.6327157616615295,0.06138388440012932,0.14175565540790558,0.05933523550629616,0.10480789095163345,40.33225367218256,,,
amgtp_bx_varhi,115,0.02275281772017479,0.6213399767875671,0.06346185505390167,0.14549575746059418,0.060703400522470474,0.10899868607521057,39.731253143399954,,,
amgtp_bx_varhi,116,0.032240401953458786,0.605219841003418,0.06688404083251953,0.1508050411939621,0.06403458118438721,0.11305630207061768,38.86351992189884,,,
amgtp_bx_varhi,117,0.025754250586032867,0.5923426747322083,0.07023308426141739,0.15314781665802002,0.0686965361237526,0.11557961255311966,38.169227346777916,,,
amgtp_bx_varhi,118,0.03609893471002579,0.5757613182067871,0.07490933686494827,0.15167997777462006,0.07963796705007553,0.11801166832447052,37.28525748848915,,,
amgtp_bx_varhi,119,0.045420899987220764,0.5530511736869812,0.08122312277555466,0.15336039662361145,0.08995874226093292,0.1224074438214302,36.067790143191814,,,
amgtp_bx_h8,4,,0.20000606775283813,0.20000606775283813,0.20000606775283813,0.20000606775283813,0.20000606775283813,17.00051575899124,,,
amgtp_bx_h8,5,0.3155362606048584,0.2525903880596161,0.08123908936977386,0.16098977625370026,0.2525903880596161,0.2525904178619385,21.02403026819229,,,
amgtp_bx_h8,6,0.13789133727550507,0.2755722403526306,0.07849679887294769,0.09478625655174255,0.2755722403526306,0.2755722403526306,22.684207037091255,,,
amgtp_bx_h8,7,0.13396231085062027,0.25324517488479614,0.11542822420597076,0.12483591586351395,0.25324517488479614,0.25324514508247375,21.002794720232487,,,
amgtp_bx_h8,8,0.14361169189214706,0.22930996119976044,0.14980384707450867,0.16226637363433838,0.22930996119976044,0.22930996119976044,19.21070982515812,,,
amgtp_bx_h8,9,0.347854420542717,0.17101868987083435,0.19319769740104675,0.29279977083206177,0.1719653308391571,0.17101868987083435,14.930737376213074,,,
amgtp_bx_h8,10,0.6422605514526367,0.0863233357667923,0.1254773885011673,0.6139302849769592,0.08794631063938141,0.0863233357667923,8.970819264650345,,,
amgtp_bx_h8,11,0.11120908707380295,0.10474471002817154,0.10505948960781097,0.5787433385848999,0.10670780390501022,0.10474471002817154,10.339352674782276,,,
amgtp_bx_h8,12,0.21580137312412262,0.1361542046070099,0.11817588657140732,0.47084200382232666,0.13867245614528656,0.1361542046070099,12.576820231974125,,,
amgtp_bx_h8,13,0.12154804915189743,0.15382017195224762,0.12549152970314026,0.4100693464279175,0.1568002700805664,0.15382017195224762,13.835994184017181,,,
amgtp_bx_h8,14,0.06657548993825912,0.16694876551628113,0.12305217236280441,0.37921997904777527,0.16382984817028046,0.16694876551628113,14.761729694902897,,,
amgtp_bx_h8,15,0.3240761533379555,0.24796773493289948,0.09276536107063293,0.26723822951316833,0.1440601944923401,0.24796773493289948,20.25251379609108,,,
amgtp_bx_h8,16,0.6169923022389412,0.5178454518318176,0.04269630089402199,0.09514406323432922,0.05772780254483223,0.2865867018699646,35.8151640444994,,,
amgtp_bx_h8,17,0.4002669081091881,0.7179786562919617,0.03822861611843109,0.08331532031297684,0.040508195757865906,0.11996903270483017,45.330017782747746,,,
amgtp_bx_h8,18,0.20488142222166061,0.6155378818511963,0.05777624994516373,0.1391211301088333,0.06328599900007248,0.12427843362092972,39.590312615036964,,,
amgtp_bx_h8,19,0.19295533746480942,0.5190603733062744,0.07270316779613495,0.17848148941993713,0.08052708208560944,0.14922790229320526,34.40465024113655,,,
amgtp_bx_h8,20,0.03251910209655762,0.5028011202812195,0.083905890583992,0.18105097115039825,0.08200380206108093,0.15023882687091827,33.47249621152878,,,
amgtp_bx_h8,21,0.048484399914741516,0.48617517948150635,0.10678061842918396,0.17907041311264038,0.08337049186229706,0.14460234344005585,32.42252887785435,,,
amgtp_bx_h8,22,0.05458686500787735,0.46048688888549805,0.11784079670906067,0.18485970795154572,0.09381488710641861,0.1429976373910904,30.960304386913776,,,
amgtp_bx_h8,23,0.0831158459186554,0.4204652011394501,0.1163046658039093,0.20622186362743378,0.09845847636461258,0.15854991972446442,28.871790535748005,,,
amgtp_bx_h8,24,0.16782212257385254,0.35135889053344727,0.11550065875053406,0.27127283811569214,0.08445761352777481,0.17740988731384277,25.08579432219267,,,
amgtp_bx_h8,25,0.2150852233171463,0.28934258222579956,0.09373735636472702,0.3788151144981384,0.06910887360572815,0.16899529099464417,21.44043382257223,,,
amgtp_bx_h8,26,0.12955503165721893,0.283325731754303,0.08242110908031464,0.33220791816711426,0.06827210634946823,0.23377326130867004,21.829319171607494,,,
amgtp_bx_h8,27,0.32741469144821167,0.2718205153942108,0.06807953119277954,0.2000473290681839,0.06257220357656479,0.39748066663742065,22.980187200009823,,,
amgtp_bx_h8,28,0.2786211632192135,0.22113105654716492,0.05072823166847229,0.14268825948238373,0.048660989850759506,0.5367907881736755,21.602354366332293,,,
amgtp_bx_h8,29,0.2343771792948246,0.18594957888126373,0.03361848369240761,0.08914437144994736,0.03730785474181175,0.6539797186851501,20.874897375702858,,,
amgtp_bx_h8,30,0.1544862501323223,0.26210275292396545,0.029404792934656143,0.0652247741818428,0.038398243486881256,0.6048703193664551,24.68821646645665,,,
amgtp_bx_h8,31,0.6129520423710346,0.5593398213386536,0.03571895509958267,0.06717818230390549,0.039369262754917145,0.29839393496513367,38.250742711126804,,,
amgtp_bx_h8,32,0.15386912971735,0.6295061707496643,0.04060724005103111,0.06905824691057205,0.036092329770326614,0.22473643720149994,41.41710865497589,,,
amgtp_bx_h8,33,0.058439236134290695,0.6433005332946777,0.05309417098760605,0.0651465505361557,0.03903038427233696,0.1994282454252243,41.911773946136236,,,
amgtp_bx_h8,34,0.11807429045438766,0.6855697631835938,0.061416126787662506,0.05586295202374458,0.04747626930475235,0.14967462420463562,43.790969397872686,,,
amgtp_bx_h8,35,0.09928382933139801,0.7313724756240845,0.053888868540525436,0.05578494444489479,0.05131552740931511,0.10763803124427795,45.969733368605375,,,
amgtp_bx_h8,36,0.05335167795419693,0.7424272298812866,0.05566512420773506,0.06962954252958298,0.04168394207954407,0.09059354662895203,46.37028479203582,,,
amgtp_bx_h8,37,0.3163423016667366,0.5842564105987549,0.12367671728134155,0.15644612908363342,0.04209129139780998,0.09352950006723404,37.25245178118348,,,
amgtp_bx_h8,38,0.6658772937953472,0.2718331515789032,0.19660848379135132,0.41645291447639465,0.029442138969898224,0.08566316962242126,19.161335669457912,,,
amgtp_bx_h8,39,0.2197242733091116,0.2719598710536957,0.09040175378322601,0.52066969871521,0.025786684826016426,0.09118175506591797,19.427054477855563,,,
amgtp_bx_h8,40,0.2630298975855112,0.371075838804245,0.08843306452035904,0.3911234438419342,0.0322495736181736,0.11711785197257996,25.391750667244196,,,
amgtp_bx_h8,41,0.15021856874227524,0.42362338304519653,0.09600479900836945,0.31601426005363464,0.035591352730989456,0.12876617908477783,28.51331653818488,,,
amgtp_bx_h8,42,0.022282909601926804,0.43082451820373535,0.097238689661026,0.3048728108406067,0.03631533682346344,0.13074862957000732,28.946016386151314,,,
amgtp_bx_h8,43,0.008656784892082214,0.42922917008399963,0.09709281474351883,0.30228549242019653,0.03789258748292923,0.1334996223449707,28.89194232225418,,,
amgtp_bx_h8,44,0.03793030232191086,0.41791796684265137,0.0959734097123146,0.2957506775856018,0.045885056257247925,0.14447203278541565,28.402107305824757,,,
amgtp_bx_h8,45,0.022443484514951706,0.4128560423851013,0.09714627265930176,0.2895912826061249,0.050931666046381,0.14947472512722015,28.186450477689505,,,
amgtp_bx_h8,46,0.013001378625631332,0.4168376922607422,0.09966523200273514,0.2890933156013489,0.04913334548473358,0.1452702432870865,28.35492353886366,,,
amgtp_bx_h8,47,0.00880822166800499,0.419148713350296,0.10175859928131104,0.28784266114234924,0.048623230308294296,0.14262717962265015,28.451352510601282,,,
amgtp_bx_h8,48,0.010095693171024323,0.4210290014743805,0.103593610227108,0.28353336453437805,0.04995555803179741,0.14188840985298157,28.552060436457396,,,
amgtp_bx_h8,49,0.022648781538009644,0.4274299740791321,0.10434702783823013,0.27220895886421204,0.053854744881391525,0.14215920865535736,28.933984484523535,,,
amgtp_bx_h8,50,0.06183099374175072,0.45696187019348145,0.09770452976226807,0.24793587625026703,0.055158406496047974,0.1422390639781952,30.636680111289024,,,
amgtp_bx_h8,51,0.0862090177834034,0.49986493587493896,0.08787967264652252,0.22064636647701263,0.049168284982442856,0.142440527677536,33.0800603069365,,,
amgtp_bx_h8,52,0.03428221121430397,0.4846230149269104,0.0928771048784256,0.22282804548740387,0.047269292175769806,0.15240271389484406,32.30326517671347,,,
amgtp_bx_h8,53,0.11998369544744492,0.42463117837905884,0.11033616214990616,0.25287240743637085,0.05138953775167465,0.16077090799808502,28.957343563437462,,,
amgtp_bx_h8,54,0.07760845869779587,0.38824450969696045,0.1083056628704071,0.28141170740127563,0.06165430694818497,0.1603836864233017,26.92416312545538,,,
amgtp_bx_h8,55,0.16916948556900024,0.4546872079372406,0.08554329723119736,0.21958984434604645,0.07165561616420746,0.16852493584156036,30.88648372143507,,,
amgtp_bx_h8,56,0.2769712954759598,0.5931726098060608,0.06250203400850296,0.15620186924934387,0.05164225399494171,0.1364816427230835,38.39370300620794,,,
amgtp_bx_h8,57,0.2859279755502939,0.736136794090271,0.0405171737074852,0.10003349930047989,0.031139610335230827,0.09217372536659241,46.017234744504094,,,
amgtp_bx_h8,58,0.20324042066931725,0.8377566933631897,0.024322208017110825,0.057498861104249954,0.01895127259194851,0.06147114560008049,51.45547533966601,,,
amgtp_bx_h8,59,0.008176999166607857,0.840391218662262,0.024895139038562775,0.05340990796685219,0.019434325397014618,0.061868682503700256,51.61079981550574,,,
amgtp_bx_h8,60,0.09144491888582706,0.7946693301200867,0.03678451105952263,0.06258385628461838,0.028558561578392982,0.07740415632724762,49.188264006748796,,,
amgtp_bx_h8,61,0.2143257949501276,0.6875060796737671,0.07558685541152954,0.07556465268135071,0.059598878026008606,0.10174324363470078,43.39424315094948,,,
amgtp_bx_h8,62,0.13377976417541504,0.6206162571907043,0.07820410281419754,0.09389925003051758,0.09579750895500183,0.11148270964622498,39.82821778208017,,,
amgtp_bx_h8,63,0.09610489010810852,0.6492429375648499,0.05581671744585037,0.10622704029083252,0.07013288885354996,0.118581123650074,41.480140045285225,,,
amgtp_bx_h8,64,0.10768258944153786,0.700615644454956,0.043186385184526443,0.09238244593143463,0.04276610165834427,0.12104929238557816,44.3513251952827,,,
amgtp_bx_h8,65,0.06258833780884743,0.6773355007171631,0.04171883314847946,0.09498616307973862,0.03622017800807953,0.1497402936220169,43.316712722182274,,,
amgtp_bx_h8,66,0.21529892459511757,0.5696851015090942,0.05431460961699486,0.15513412654399872,0.03710729628801346,0.1837579607963562,37.533185604959726,,,
amgtp_bx_h8,67,0.432056937366724,0.40982291102409363,0.0679909959435463,0.3573639392852783,0.037230417132377625,0.127592533826828,27.776365868747234,,,
amgtp_bx_h8,68,0.07207419723272324,0.40001919865608215,0.0645596832036972,0.38872313499450684,0.04190758615732193,0.10478972643613815,26.992290280759335,,,
amgtp_bx_h8,69,0.21299322694540024,0.48425912857055664,0.06355056911706924,0.2832355499267578,0.05089955776929855,0.1180543527007103,31.977862775325775,,,
amgtp_bx_h8,70,0.07597346231341362,0.5164133310317993,0.061937734484672546,0.2468620240688324,0.05153140798211098,0.1232554018497467,33.87361915037036,,,
amgtp_bx_h8,71,0.008995022624731064,0.5201754570007324,0.06166718155145645,0.24339735507965088,0.05076894164085388,0.12399061024188995,34.09363780170679,,,
amgtp_bx_h8,72,0.011988114565610886,0.5159302353858948,0.06378995627164841,0.24164864420890808,0.053057994693517685,0.12557296454906464,33.87397747859359,,,
amgtp_bx_h8,73,0.03410954773426056,0.5040613412857056,0.0714188665151596,0.2364627867937088,0.055822331458330154,0.13223451375961304,33.266527216881514,,,
amgtp_bx_h8,74,0.020735837519168854,0.49883410334587097,0.07710087299346924,0.23225480318069458,0.054889511317014694,0.13692030310630798,33.005022305995226,,,
amgtp_bx_h8,75,0.014139369130134583,0.5047329664230347,0.07321863621473312,0.23342570662498474,0.05364138260483742,0.13498106598854065,33.3226983435452,,,
amgtp_bx_h8,76,0.003491569310426712,0.5049887895584106,0.07270626723766327,0.23219247162342072,0.054747626185417175,0.13536496460437775,33.34695394337177,,,
amgtp_bx_h8,77,0.011106736958026886,0.5026329159736633,0.07281695306301117,0.22899509966373444,0.05810827761888504,0.13744711875915527,33.24879481643438,,,
amgtp_bx_h8,78,0.02376618981361389,0.49693384766578674,0.07341991364955902,0.22281119227409363,0.06419485062360764,0.14264079928398132,33.00421949476004,,,
amgtp_bx_h8,79,0.03126119077205658,0.4867197573184967,0.07789113372564316,0.2173946052789688,0.06543649733066559,0.15255844593048096,32.527134113013744,,,
amgtp_bx_h8,80,0.05567571893334389,0.463297963142395,0.09439120441675186,0.22327415645122528,0.06101977452635765,0.15801602602005005,31.201454248279333,,,
amgtp_bx_h8,81,0.10342960804700851,0.4244009554386139,0.11526981741189957,0.25411030650138855,0.058116365224123,0.1481015980243683,28.821894992142916,,,
amgtp_bx_h8,82,0.06376108899712563,0.4177379608154297,0.09472241252660751,0.2839225232601166,0.06018497794866562,0.14343173801898956,28.44010680913925,,,
amgtp_bx_h8,83,0.1551901027560234,0.4856504797935486,0.07445559650659561,0.22659486532211304,0.06372864544391632,0.14957118034362793,32.433366023004055,,,
amgtp_bx_h8,84,0.19936952367424965,0.5853350758552551,0.059779826551675797,0.16971518099308014,0.052760928869247437,0.13240942358970642,37.912088353186846,,,
amgtp_bx_h8,85,0.21121595427393913,0.6909429430961609,0.04398569092154503,0.122541144490242,0.03861309960484505,0.10391733795404434,43.59332013875246,,,
amgtp_bx_h8,86,0.16020693071186543,0.7710462808609009,0.03158922493457794,0.08452758938074112,0.02906227670609951,0.08377458900213242,47.924229027703404,,,
amgtp_bx_h8,87,0.03407268784940243,0.7880820035934448,0.02976274862885475,0.07112457603216171,0.028204839676618576,0.08282455056905746,48.885034278035164,,,
amgtp_bx_h8,88,0.08919579163193703,0.7434850931167603,0.04306069761514664,0.0725298672914505,0.0405859611928463,0.10033906996250153,46.55860459432006,,,
amgtp_bx_h8,89,0.2173926867544651,0.6347886323928833,0.08492673188447952,0.08277877420186996,0.08176862448453903,0.11573769152164459,40.613289050757885,,,
amgtp_bx_h8,90,0.09932516515254974,0.6023486256599426,0.0727105364203453,0.09900136291980743,0.11520890146493912,0.1107315942645073,38.867336794734,,,
amgtp_bx_h8,91,0.17845211550593376,0.6915745735168457,0.046992894262075424,0.09816909581422806,0.06439469754695892,0.09886953979730606,43.6709110327065,,,
amgtp_bx_h8,92,0.12872152030467987,0.7559353709220886,0.03686016425490379,0.08083295077085495,0.04276891052722931,0.08360347896814346,47.1053123511374,,,
amgtp_bx_h8,93,0.036300044506788254,0.7740844488143921,0.03291602432727814,0.07545513659715652,0.036445580422878265,0.0810977965593338,48.094836577773094,,,
amgtp_bx_h8,94,0.08892286568880081,0.729624330997467,0.03580290079116821,0.09774532169103622,0.036653853952884674,0.10017520934343338,45.76552863419056,,,
amgtp_bx_h8,95,0.38926250860095024,0.5349925756454468,0.052299607545137405,0.24973301589488983,0.04417126625776291,0.11880414932966232,34.873510148376226,,,
amgtp_bx_h8,96,0.2618490494787693,0.42723318934440613,0.060071416199207306,0.3628745973110199,0.05418255180120468,0.09563916176557541,28.500912696123123,,,
amgtp_bx_h8,97,0.19752421975135803,0.4805673360824585,0.06670583039522171,0.2641121745109558,0.08051241189241409,0.10810253769159317,31.770104929804802,,,
amgtp_bx_h8,98,0.14192472025752068,0.5443616509437561,0.059955399483442307,0.2062223106622696,0.07419019192457199,0.11527042835950851,35.47343872860074,,,
amgtp_bx_h8,99,0.027118660509586334,0.5579214096069336,0.057376567274332047,0.20595596730709076,0.06494247168302536,0.1138044223189354,36.19838825985789,,,
amgtp_bx_h8,100,0.005249377340078354,0.5570937395095825,0.05788830667734146,0.2052145004272461,0.06388675421476364,0.11591720581054688,36.16920433938503,,,
amgtp_bx_h8,101,0.020505044609308243,0.5502061247825623,0.06181642785668373,0.20184960961341858,0.06474797427654266,0.12138040363788605,35.83229421451688,,,
amgtp_bx_h8,102,0.015223581343889236,0.5468806624412537,0.06812882423400879,0.19897139072418213,0.06604716181755066,0.11997208744287491,35.61982209980488,,,
amgtp_bx_h8,103,0.008454307913780212,0.5481969714164734,0.06967198848724365,0.19838686287403107,0.06741495430469513,0.11632957309484482,35.65716956555843,,,
amgtp_bx_h8,104,0.005989164113998413,0.5488196015357971,0.06842703372240067,0.19816407561302185,0.06978712975978851,0.11480295658111572,35.68784665316343,,,
amgtp_bx_h8,105,0.009477809071540833,0.5456166863441467,0.06840886175632477,0.19712874293327332,0.07452614605426788,0.11432058364152908,35.51896746456623,,,
amgtp_bx_h8,106,0.006846420466899872,0.542192816734314,0.06875608116388321,0.19750334322452545,0.07633873075246811,0.11520873010158539,35.34012845158577,,,
amgtp_bx_h8,107,0.02409331500530243,0.5338876843452454,0.07117113471031189,0.2019195705652237,0.07259730249643326,0.12042420357465744,34.90431087464094,,,
amgtp_bx_h8,108,0.06955663114786148,0.5045321583747864,0.07773255556821823,0.22041171789169312,0.06717458367347717,0.1301490217447281,33.303205601871014,,,
amgtp_bx_h8,109,0.14674661308526993,0.4401685893535614,0.08765286207199097,0.2838645279407501,0.06302839517593384,0.1252852827310562,29.54455453157425,,,
amgtp_bx_h8,110,0.11578124016523361,0.3926418721675873,0.09485642611980438,0.3344058096408844,0.06317466497421265,0.11492187529802322,26.707715094089508,,,
amgtp_bx_h8,111,0.152070514857769,0.4306234121322632,0.08640818297863007,0.2668183743953705,0.07728815078735352,0.13886168599128723,29.20934869349003,,,
amgtp_bx_h8,112,0.16696427017450333,0.49556127190589905,0.06866352260112762,0.20795926451683044,0.07041002064943314,0.15740619599819183,33.12277451902628,,,
amgtp_bx_h8,113,0.11869414150714874,0.5549082159996033,0.05887738615274429,0.17983607947826385,0.05765253305435181,0.14872580766677856,36.378607623279095,,,
amgtp_bx_h8,114,0.12443773820996284,0.6171271800994873,0.05007420480251312,0.15182346105575562,0.04837347939610481,0.13260188698768616,39.72821616753936,,,
amgtp_bx_h8,115,0.034678906202316284,0.6344667673110962,0.04911385104060173,0.14633288979530334,0.04705052077770233,0.1230364516377449,40.60798252746463,,,
amgtp_bx_h8,116,0.009456627070903778,0.6319770812988281,0.05154583603143692,0.14553946256637573,0.049346741288900375,0.12159114331007004,40.454492297023535,,,
amgtp_bx_h8,117,0.029338184744119644,0.6219784617424011,0.05893593281507492,0.14086881279945374,0.05650090426206589,0.12171579897403717,39.899777591228485,,,
amgtp_bx_h8,118,0.06803412735462189,0.5968165397644043,0.0738849863409996,0.13324713706970215,0.07556891441345215,0.12048233300447464,38.498353846371174,,,
amgtp_bx_h8,119,0.022417336702346802,0.607921302318573,0.07026882469654083,0.13031937181949615,0.0756729394197464,0.11581771075725555,39.08766360580921,,,
