method,day,gate_move_l1,pi_expanding,pi_rolling_1,pi_rolling_3,pi_rolling_7,pi_rolling_14,h_eff,pi_m2,pi_m5b,pi_m5b_hs
adamoe,4,,0.2,0.2,0.2,0.2,0.2,17.0,,,
adamoe,5,0.011287235396392509,0.20170321485864656,0.19435638230180322,0.20053397312225607,0.20170321485864656,0.20170321485864656,17.133918705218942,,,
adamoe,6,0.009559015742948568,0.20329638414913806,0.1901116957092344,0.19999915184335082,0.20329638414913806,0.20329638414913806,17.257116267319468,,,
adamoe,7,0.002310848193388282,0.20368152551470275,0.1895986975857084,0.1993567258701826,0.20368152551470275,0.20368152551470275,17.28587244188718,,,
adamoe,8,0.007053633725841418,0.20485713113567636,0.18662805463396426,0.19880055195900614,0.20485713113567636,0.20485713113567636,17.376457332500767,,,
adamoe,9,0.0030841329346291135,0.20554893188051626,0.18508598816664973,0.19884344186874067,0.2049727062035766,0.20554893188051626,17.42704621635611,,,
adamoe,10,0.0018258600368979971,0.20597405877859354,0.18426421607739107,0.19890611809103537,0.2048815482743865,0.20597405877859354,17.457233757887124,,,
adamoe,11,0.0021915741668613598,0.20629671430841445,0.1847146921011798,0.198253243934903,0.20443863534708806,0.20629671430841445,17.476501730158176,,,
adamoe,12,0.002874831581706705,0.2068644253257333,0.18501668585739572,0.19695905878350817,0.2042954047076298,0.2068644253257333,17.513929169265595,,,
adamoe,13,0.003242400524490624,0.20627986003498971,0.18630717625599202,0.19728976864715714,0.2038433350268716,0.20627986003498971,17.469789469974803,,,
adamoe,14,0.0013579771979799482,0.20659265626137036,0.18578732322832578,0.19713063307583353,0.20389673117310042,0.20659265626137036,17.492312904008937,,,
adamoe,15,0.0026966750508709003,0.20717878676910656,0.18471170875101384,0.1968579100277098,0.20407280768306324,0.20717878676910656,17.53502531352947,,,
adamoe,16,0.0018965484885385409,0.2070622873701696,0.1840643331053919,0.1976735075460444,0.20420548440899788,0.20699438756939617,17.528181914788235,,,
adamoe,17,0.0027643888079758316,0.20679567785420638,0.18544652750937965,0.19732340903144838,0.20396133811085376,0.20647304749411147,17.503509457549647,,,
adamoe,18,0.001813142905445958,0.20725585505911032,0.18478056298016146,0.19774987496199298,0.20372073118734904,0.20649297581138598,17.530328271083608,,,
adamoe,19,0.001907513666328825,0.2072561568484078,0.18397481173974684,0.19820256941159287,0.20422149178161625,0.20634497021863638,17.532331956411216,,,
adamoe,20,0.0016982983417957176,0.20701398295259998,0.18482396091064457,0.1977716785756417,0.2041936107825065,0.20619676677860713,17.515087984171615,,,
adamoe,21,0.003292725177638789,0.20720498104866691,0.1859151356549622,0.1967530173806069,0.2035659093887217,0.20656095652704176,17.525287807816433,,,
adamoe,22,0.0018687971827984207,0.2076687175989418,0.1850909667619533,0.19702947261791637,0.20345567969033174,0.20675516333085697,17.55506448501653,,,
adamoe,23,0.0020188598768835497,0.20798133951573536,0.18424895443890663,0.1976549779126155,0.20328826207493667,0.20682646605780608,17.574682618454716,,,
adamoe,24,0.0016399828639220848,0.2080333864952283,0.1850168988913747,0.19711717712143464,0.2031779832242716,0.20665455426769092,17.57378126228695,,,
adamoe,25,0.0018264385187574117,0.20820340081629757,0.18410367963199598,0.19718950233913257,0.20383036663310844,0.20667305057946556,17.588111510171526,,,
adamoe,26,0.0008092700949764442,0.20834204521833366,0.18383934533306895,0.19735217030227253,0.20369006588454727,0.20677637326177775,17.597118256196627,,,
adamoe,27,0.0023639601774345376,0.2089778506127961,0.1843107670616222,0.19672893903477603,0.2031313170633264,0.20685112622747923,17.63100360756171,,,
adamoe,28,0.001593345850878669,0.20912526415379246,0.18491854188616738,0.19597095939844886,0.20317280162322401,0.20681243293836687,17.637930941808765,,,
adamoe,29,0.0013992433404251825,0.20871267266500498,0.18561816355638008,0.19593962932884373,0.20314645203951348,0.20658308241025752,17.61038572946341,,,
adamoe,30,0.0017027240806354316,0.20906579437013864,0.18517327511254852,0.19643786966402776,0.20287262199183417,0.20645043886145065,17.628849044316098,,,
adamoe,31,0.0016002468902889533,0.2087704361095058,0.18544697376924762,0.19696429445247338,0.20274923800487965,0.20606905766389377,17.606777497025686,,,
adamoe,32,0.0061077579148353656,0.2092403117398512,0.18246784644363734,0.19688954282066612,0.20411142739233074,0.20729087160351511,17.658407373492235,,,
adamoe,33,0.0016320459978516333,0.20973253199434028,0.18216245076578894,0.19721129481592242,0.2036008000712532,0.20729292235269542,17.68505476831048,,,
adamoe,34,0.0019205912891374355,0.20904744057713365,0.1829492006021296,0.1973848406241503,0.2035295340042983,0.20708898419228805,17.64190267382472,,,
adamoe,35,0.003040791018363631,0.20870011684583184,0.18446959611131175,0.19679593930542,0.20322137326368483,0.20681297447375213,17.614795680255806,,,
adamoe,36,0.0013522174953295163,0.20924721710284838,0.18435345037165995,0.19627580680132364,0.20335038175433312,0.2067731439698356,17.646290584804564,,,
adamoe,37,0.002802820307606285,0.2096469642961025,0.1829520402178572,0.1966970014604305,0.20340955388201626,0.207294440143595,17.67784994154974,,,
adamoe,38,0.0017745617660225588,0.20931905732750902,0.18285209411789466,0.19721456936453524,0.20377926686092246,0.20683501232913937,17.655784282496448,,,
adamoe,39,0.0016850747308641278,0.20859965190165886,0.18355420720770008,0.19735499364016212,0.2037392919048412,0.20675185534563897,17.612299320400552,,,
adamoe,40,0.002429942883389491,0.20964193194198694,0.1834324697831525,0.1965637471232922,0.20343730440456376,0.20692454674700544,17.672644412962267,,,
adamoe,41,0.009513987256023454,0.20934792713943434,0.1881894634111641,0.1958931838402516,0.20110053077800183,0.20546889483114872,17.621012886380075,,,
adamoe,42,0.011247692471423404,0.20677667114135542,0.19358430439996702,0.19612218908716045,0.19994945335401254,0.2035673820175053,17.438140661865937,,,
adamoe,43,0.010348462972923078,0.203525350807367,0.19542533088204997,0.19913518683061132,0.20026966061493956,0.20164447086503148,17.22926215623092,,,
adamoe,44,0.0070945083686921595,0.20152964814904953,0.1954035676495668,0.2024670012025546,0.20048510042734258,0.20011468257148626,17.099584719192407,,,
adamoe,45,0.006842206413320201,0.20287653176107223,0.19204945180148084,0.20240001384398076,0.2012936811007648,0.20138032149270177,17.200221667600935,,,
adamoe,46,0.004066290563990604,0.2014095610085403,0.19189826984647523,0.20345723091328366,0.202269609313457,0.2009653289182438,17.116245493148355,,,
adamoe,47,0.00867368097506574,0.2026840786616754,0.18813551126935774,0.20288314900286852,0.2043595805289838,0.20193768053711503,17.215474269200982,,,
adamoe,48,0.009045296399636138,0.20456121419831952,0.18630288748071028,0.20019312459169755,0.20547986077093144,0.20346291295834096,17.347394919968266,,,
adamoe,49,0.0027515799407891173,0.20454855932264987,0.18612489791966524,0.19900797905801762,0.20627609502858568,0.20404246867108122,17.356589621047945,,,
adamoe,50,0.0020658795039543987,0.20418732727272357,0.18555665133101723,0.19890451794461445,0.20671997313317386,0.20463153031846995,17.34539107791907,,,
adamoe,51,0.003996316650969528,0.20546716919670255,0.18498127284971697,0.198225802084104,0.20597590914949993,0.20534984671997586,17.424418049030344,,,
adamoe,52,0.0025483758907237086,0.20499945203107123,0.18568588329301358,0.197875549670204,0.20551969078366944,0.20591942422204113,17.40078942876216,,,
adamoe,53,0.0044274336339141795,0.20664564637150168,0.18433484507460413,0.19734761104011347,0.20518495081521226,0.2064869466985677,17.50222836997148,,,
adamoe,54,0.003192151089532913,0.20740872914265768,0.18451258602291729,0.19629482523890746,0.20464166107165194,0.20714219852386512,17.550403217134775,,,
adamoe,55,0.003627532528894417,0.207207281779699,0.1835465330919655,0.19752234540644392,0.2039953951011152,0.20772844462077586,17.544716466491906,,,
adamoe,56,0.0068100527487859885,0.20930114411640235,0.18165779105076213,0.19607558230845648,0.20392587386591324,0.20903960865846571,17.681988823240186,,,
adamoe,57,0.0016711366452784315,0.20862226795463978,0.18150109888988564,0.19635808388374248,0.20422322790084335,0.20929532137088896,17.64760852231785,,,
adamoe,58,0.0051970600553507,0.20897845874409876,0.183743438128102,0.19564169087497327,0.20352800904545537,0.2081084032073708,17.647589743620326,,,
adamoe,59,0.0024281491758886,0.20845165690916637,0.18306491819607157,0.19671427784347437,0.20366949666489878,0.20809965038638956,17.61938874834022,,,
adamoe,60,0.002277272335371061,0.2090299915904262,0.18274164626345127,0.19589891360840872,0.20404658157810998,0.20828286695960363,17.656524090995468,,,
adamoe,61,0.004780033881064655,0.20743964319144478,0.18446061021015242,0.19656996660224002,0.20391569843962384,0.207614081556539,17.554556132372472,,,
adamoe,62,0.00821578350304697,0.209493461761651,0.18166185568942406,0.19526082937144487,0.20426380431700078,0.20932004886047928,17.697379363768537,,,
adamoe,63,0.0026279103159613237,0.20952902577566165,0.18293339789853563,0.1952676783063036,0.20366526806784954,0.20860462995165013,17.686599675155193,,,
adamoe,64,0.003906746887419349,0.2084122382340261,0.18483888670941234,0.19531556293913677,0.20325846873351988,0.20817484338390588,17.61277695807771,,,
adamoe,65,0.0015512762030489846,0.20840042417630245,0.1854271912891148,0.19550289646095861,0.20321643370069947,0.20745305437292527,17.602819128375987,,,
adamoe,66,0.0046012868440623855,0.20925699305215734,0.18325468856491312,0.19537475576312874,0.20377097518992934,0.20834258742987133,17.667991589331443,,,
adamoe,67,0.005765591345715054,0.20896894006933414,0.18065994587487882,0.1961435559582651,0.20511357503714223,0.20911398306037965,17.670617806015034,,,
adamoe,68,0.004210389171577927,0.2094732520253098,0.18218748214266256,0.19513923911531164,0.20401269729430677,0.20918732942240925,17.692711813981063,,,
adamoe,69,0.002919120214459836,0.2095256376361512,0.18296354687777708,0.1957703488765858,0.2034364397472199,0.20830402686226634,17.682124305978874,,,
adamoe,70,0.002637603757593393,0.20947952025606825,0.1837760210078219,0.19449766437787205,0.2038488825915416,0.20839791176669653,17.680553172380076,,,
adamoe,71,0.002426373175633656,0.20996160933608632,0.18290833761973718,0.1951846145288044,0.20389302994840808,0.20805240856696447,17.70614367094769,,,
adamoe,72,0.0019126562024773808,0.2096634954615567,0.1829993086296822,0.19604997162009768,0.20366759751104568,0.20761962677761742,17.683306908647342,,,
adamoe,73,0.004099391622366416,0.21093591300071823,0.1812634012512226,0.19599603770528995,0.20340774299312997,0.20839690504963923,17.766817166057045,,,
adamoe,74,0.0037396680192089693,0.21038292178695683,0.17994655845537977,0.19661027311749546,0.2043236817845186,0.20873656485564984,17.745330365496002,,,
adamoe,75,0.004165662895779798,0.2102385713234357,0.18202938990326983,0.1961429280484647,0.20352592188830368,0.2080631888365269,17.722338550384308,,,
adamoe,76,0.002789308550216807,0.2102919662959472,0.1833706492058667,0.1953792552102922,0.20337002143340227,0.2075881078544924,17.716850052590285,,,
adamoe,77,0.0005141723334569359,0.2103993837649968,0.18333838441702066,0.19516915880186755,0.2035196901310809,0.20757338288503438,17.723474078030478,,,
adamoe,78,0.002468283556162021,0.21085657983416586,0.18360781944077423,0.19567666948702586,0.20285267189316167,0.20700625934487252,17.740088952032153,,,
adamoe,79,0.004963566496252042,0.21127769817250486,0.18228978530147738,0.19451292037819676,0.2033892063908533,0.20853038975696797,17.785640338119883,,,
adamoe,80,0.0028583152027567837,0.2122335848924171,0.1824376777728388,0.19483829878830167,0.20257209830111317,0.2079183402453299,17.82982911922518,,,
adamoe,81,0.011638210801710264,0.20641447949156205,0.18420849504195314,0.19618612608518413,0.20391571035201983,0.2092751890292817,17.514898261665312,,,
adamoe,82,0.01613133158306343,0.20126575429307736,0.19127552069145673,0.19718476622721215,0.202937564682254,0.2073363941060004,17.18204754721752,,,
adamoe,83,0.02068500815371871,0.19647655493819616,0.1982747753877147,0.2005280156078128,0.20139797676964885,0.20332267729662667,16.844755438043236,,,
adamoe,84,0.009515084741144625,0.19376473181888615,0.19791491628717156,0.20498581277060418,0.20169772197743013,0.20163681714590787,16.673555757616874,,,
adamoe,85,0.00930015007173804,0.1942877248304968,0.19326484125130272,0.20555269824600697,0.20354911441370066,0.2033456212584931,16.73886892433394,,,
adamoe,86,0.004629821289049624,0.19300044138521635,0.19270641216141776,0.20601877120011436,0.20539795210411815,0.20287642314913376,16.668844797691442,,,
adamoe,87,0.009656985131335366,0.19568472463134745,0.1903805563345629,0.20351613446130135,0.2069015774100869,0.2035170071627014,16.83956157974774,,,
adamoe,88,0.004876568432009731,0.19434662030817645,0.18928037644172901,0.20407997713869178,0.2084750666745837,0.20381795943681902,16.775094425185944,,,
adamoe,89,0.004103009875855129,0.1942019696032734,0.18859830714201242,0.20285519220538395,0.2097096070914093,0.2046349239579211,16.782138245005328,,,
adamoe,90,0.0051273767325189235,0.19542905751407408,0.18802743200475255,0.20124240659489645,0.20932957947289715,0.20597152441337985,16.866406500731483,,,
adamoe,91,0.004962103320737432,0.19620336991804305,0.18703313074781733,0.2000950582562338,0.2089901774081262,0.20767826366977948,16.929947433832897,,,
adamoe,92,0.001427149339689071,0.19597897542623705,0.18711073246840115,0.19998487785012223,0.20861117763619946,0.20831423661904042,16.922481447712954,,,
adamoe,93,0.004889819035612836,0.196953227157195,0.185609461371598,0.1990412394291191,0.20875436268465225,0.20964170935743626,16.996191278887327,,,
adamoe,94,0.0070353270035887205,0.19967677198923392,0.18503676648986506,0.19800093272627495,0.2068497007674346,0.2104358280271913,17.153695381775446,,,
adamoe,95,0.0019390076515216903,0.19994761763445773,0.18419542424715174,0.19840860448677666,0.20714068718747014,0.21030766644414398,17.17057043630525,,,
adamoe,96,0.0029225856592783594,0.2001681294555581,0.18318596276592025,0.197956773138369,0.20739699361215544,0.21129214102799754,17.197012979191566,,,
adamoe,97,0.0032298374812519404,0.19985344352167783,0.18480088150654572,0.19780514378162345,0.20700785270748873,0.2105326784826636,17.165935391861797,,,
adamoe,98,0.001521705785343025,0.20003400654388862,0.18455433098045787,0.19838543365208416,0.20663243860118452,0.21039379022238414,17.173691157891696,,,
adamoe,99,0.0023481130132793626,0.1995068012846522,0.18432038295435205,0.19811086036756204,0.20649410866440954,0.21156784672902415,17.156469655993373,,,
adamoe,100,0.002140717436162176,0.19935449554466972,0.18372608477212457,0.19778710557169088,0.2073371465376211,0.21179516757389366,17.154849505965238,,,
adamoe,101,0.005231152057546318,0.1981707358095958,0.1858540097581357,0.19827475661445304,0.20646565216937457,0.21123484564844108,17.07346983244104,,,
adamoe,102,0.002231758162294567,0.19883058763147138,0.18554590136411753,0.19873078387372428,0.2061940229942748,0.21069870413641129,17.104713529743254,,,
adamoe,103,0.001965760931024574,0.19963236930234463,0.18498001896205027,0.19832637404391457,0.20618143476063974,0.21087980293105058,17.15348858359366,,,
adamoe,104,0.004013647578291285,0.20163919309149028,0.18491487204405727,0.19764076891226456,0.20578101310706223,0.21002415284512546,17.25699399585146,,,
adamoe,105,0.00546545783039426,0.20220785035526984,0.18218214312886027,0.19846319738154888,0.20656367725832805,0.21058313187599303,17.304152343661897,,,
adamoe,106,0.0031116994594590497,0.20190054367410942,0.18093360008029097,0.19856930945015774,0.20734119309870214,0.21125535369673942,17.299637452322596,,,
adamoe,107,0.004691538466793321,0.20049117281907136,0.18327936931368766,0.19852387760395523,0.20688218894035737,0.21082339132292813,17.20802417237333,,,
adamoe,108,0.003262749327300557,0.2016391477279583,0.18376276906845118,0.19841972164307287,0.20598736852132019,0.21019099303919758,17.261956279873175,,,
adamoe,109,0.003348400769555504,0.20125646184911264,0.18247125456251884,0.1992311273025011,0.20646366538550254,0.2105774909003645,17.2488828777204,,,
adamoe,110,0.004151155931577694,0.20024467867221482,0.18454683252830756,0.19904904130527606,0.20633409325013377,0.20982535424406715,17.1782682889449,,,
adamoe,111,0.0031806917652133226,0.201546273029445,0.18399422954171096,0.19876024081942223,0.2055851508399778,0.2101141057694439,17.25374487041874,,,
adamoe,112,0.001164930463951025,0.20143056067124288,0.1842234503552273,0.19862260552629896,0.2059383952584369,0.2097849881887937,17.244483508660867,,,
adamoe,113,0.0016887150720582278,0.20099027967521277,0.18502914370248713,0.1983160025269562,0.20584092171778082,0.20982365237756315,17.217811517106473,,,
adamoe,114,0.0019486352784350292,0.20048481642341184,0.185338354012337,0.19898110985632403,0.20545037700273816,0.2097453427051894,17.185958105877837,,,
adamoe,115,0.004023473002768341,0.20205796608060883,0.1843071562044612,0.19800057116281583,0.2056787943763979,0.209955512175717,17.280915565624262,,,
adamoe,116,0.0026084946967342704,0.2025531196417114,0.1836512214077234,0.19880966495008046,0.20547141582243214,0.20951457817805352,17.304771400010424,,,
adamoe,117,0.003184445038575595,0.20225941188087826,0.1844172042723412,0.19792015181483963,0.20506241419921845,0.21034081783272363,17.293950721622213,,,
adamoe,118,0.0023108021631304543,0.20173758177165713,0.18480398593282768,0.1974879841350621,0.20583103362029692,0.21013941454015678,17.264291883541716,,,
adamoe,119,0.0012545103612403574,0.20195098881390725,0.18521783407119785,0.19743673948607718,0.20569965738798784,0.2096947802408307,17.270211906451408,,,
m5b_smooth0,4,,0.20000606775283813,0.20000606775283813,0.20000606775283813,0.20000606775283813,0.20000606775283813,17.00051575899124,,,
m5b_smooth0,5,0.44755227863788605,0.2745930850505829,0.041782885789871216,0.13443802297115326,0.2745930850505829,0.2745930850505829,22.687136843800545,,,
m5b_smooth0,6,0.2560336608439684,0.3172651529312134,0.012899285182356834,0.03530416637659073,0.3172651529312134,0.3172651529312134,25.817289171740413,,,
m5b_smooth0,7,0.027524185366928577,0.32185250520706177,0.009914719499647617,0.024526603519916534,0.32185250520706177,0.32185250520706177,26.1535474518314,,,
m5b_smooth0,8,0.02120306622236967,0.3183187246322632,0.013136271387338638,0.03190677613019943,0.3183187246322632,0.3183187246322632,25.892673294991255,,,
m5b_smooth0,9,0.19109787419438362,0.35586947202682495,0.01839587837457657,0.0470949187874794,0.222770094871521,0.35586947202682495,28.053412228822708,,,
m5b_smooth0,10,0.206172376871109,0.39792895317077637,0.021940000355243683,0.06251835078001022,0.11968423426151276,0.39792895317077637,30.494027227163315,,,
m5b_smooth0,11,0.1355401687324047,0.4318135976791382,0.02157757803797722,0.05181539058685303,0.06297873705625534,0.4318135976791382,32.57208113744855,,,
m5b_smooth0,12,0.09871109388768673,0.45649152994155884,0.019274093210697174,0.02806626446545124,0.03967611864209175,0.45649152994155884,34.16157893277705,,,
m5b_smooth0,13,0.027524646371603012,0.4496106803417206,0.026137985289096832,0.029328638687729836,0.045312799513339996,0.4496106803417206,33.70250384323299,,,
m5b_smooth0,14,0.07791022397577763,0.4301328957080841,0.03446543216705322,0.04298523813486099,0.062283407896757126,0.4301328957080841,32.42923928424716,,,
m5b_smooth0,15,0.032432910054922104,0.4244176149368286,0.0296790711581707,0.047269057482481,0.07421557605266571,0.4244176149368286,32.09789878129959,,,
m5b_smooth0,16,0.04988771304488182,0.44270026683807373,0.02049623429775238,0.04475044086575508,0.08087705820798874,0.4111754894256592,33.03935982659459,,,
m5b_smooth0,17,0.2083695735782385,0.5173664689064026,0.02027171291410923,0.05087333545088768,0.10427244007587433,0.3072149157524109,36.2457957547158,,,
m5b_smooth0,18,0.38478237949311733,0.709758460521698,0.018971264362335205,0.0436183363199234,0.0901753157377243,0.1374770998954773,45.29124051332474,,,
m5b_smooth0,19,0.1694924458861351,0.7945044636726379,0.018268141895532608,0.0388663224875927,0.08113448321819305,0.06722662597894669,49.31424907594919,,,
m5b_smooth0,20,0.12297779694199562,0.7383315563201904,0.02547736093401909,0.05280303582549095,0.1214781254529953,0.061911311000585556,46.20088507980108,,,
m5b_smooth0,21,0.056432029232382774,0.7125790119171143,0.031153539195656776,0.0503392294049263,0.1305426061153412,0.07538633048534393,44.906118812039495,,,
m5b_smooth0,22,0.15169543772935867,0.7799773812294006,0.025414517149329185,0.033530157059431076,0.07724253088235855,0.08383522927761078,48.63903878815472,,,
m5b_smooth0,23,0.06431119330227375,0.7982382774353027,0.02029797062277794,0.033066585659980774,0.050666991621255875,0.0977298691868782,49.73668148368597,,,
m5b_smooth0,24,0.0693996250629425,0.7682002782821655,0.0217079296708107,0.04370882734656334,0.046004924923181534,0.12037722766399384,48.25216677039862,,,
m5b_smooth0,25,0.06769067980349064,0.7343558073043823,0.02363699860870838,0.04880942404270172,0.054198190569877625,0.13900050520896912,46.556808115914464,,,
m5b_smooth0,26,0.06719693541526794,0.7033877968788147,0.023940788581967354,0.04617788642644882,0.07095802575349808,0.1555342674255371,45.0399281848222,,,
m5b_smooth0,27,0.21318516321480274,0.8099812865257263,0.01773853600025177,0.026306115090847015,0.05171516537666321,0.09425947815179825,50.37717292457819,,,
m5b_smooth0,28,0.10418498143553734,0.862073540687561,0.016669107601046562,0.019695298746228218,0.04021763429045677,0.06134452670812607,52.940514259040356,,,
m5b_smooth0,29,0.09787549450993538,0.8131363987922668,0.026238540187478065,0.03082316555082798,0.056117091327905655,0.07368612289428711,50.33131732419133,,,
m5b_smooth0,30,0.019320858642458916,0.8062887191772461,0.025915352627635002,0.03972005099058151,0.05687984079122543,0.07119576632976532,49.91729827038944,,,
m5b_smooth0,31,0.058990782126784325,0.8344400525093079,0.020358961075544357,0.04106457531452179,0.04556605592370033,0.058571018278598785,51.34891248494387,,,
m5b_smooth0,32,0.020465362817049026,0.8304975032806396,0.016948524862527847,0.03818439319729805,0.04931040480732918,0.0650588646531105,51.21734884008765,,,
m5b_smooth0,33,0.038304717279970646,0.8443763256072998,0.013444974087178707,0.02617572620511055,0.045670248568058014,0.07033238559961319,52.05889682751149,,,
m5b_smooth0,34,0.12713681813329458,0.7808079719543457,0.01809120364487171,0.030462738126516342,0.059885550290346146,0.11075230687856674,48.92768888361752,,,
m5b_smooth0,35,0.30009073205292225,0.6307623982429504,0.029031619429588318,0.04458789899945259,0.08857779949903488,0.20703963935375214,41.52713875845075,,,
m5b_smooth0,36,0.28531704284250736,0.7734218835830688,0.022123467177152634,0.026489416137337685,0.053532760590314865,0.12443375587463379,48.623706636950374,,,
m5b_smooth0,37,0.2650329926982522,0.9059378504753113,0.010543436743319035,0.013589093461632729,0.022398145869374275,0.047531697899103165,55.22981253731996,,,
m5b_smooth0,38,0.02186664193868637,0.911827802658081,0.010591615922749043,0.0185838732868433,0.021875424310564995,0.03712068870663643,55.44882900733501,,,
m5b_smooth0,39,0.20512516144663095,0.8092653155326843,0.020906971767544746,0.05568946152925491,0.04902442544698715,0.06511341780424118,49.998653115704656,,,
m5b_smooth0,40,0.06817611306905746,0.7836669683456421,0.024866973981261253,0.047199998050928116,0.0617823451757431,0.08248379826545715,48.77373466081917,,,
m5b_smooth0,41,0.07067240960896015,0.7765756845474243,0.06020333245396614,0.0354292057454586,0.04602925106883049,0.08176291733980179,48.22791762277484,,,
m5b_smooth0,42,0.8417953141033649,0.3556777238845825,0.30281785130500793,0.17797279357910156,0.06562372297048569,0.09790769219398499,24.007473416626453,,,
m5b_smooth0,43,0.5626104325056076,0.3256625235080719,0.0515277236700058,0.3916650414466858,0.09979534894227982,0.13134892284870148,23.303726620972157,,,
m5b_smooth0,44,0.15673767030239105,0.3267603814601898,0.019647210836410522,0.46136799454689026,0.1073637455701828,0.08486097306013107,22.948973923921585,,,
m5b_smooth0,45,0.34685034677386284,0.5001848340034485,0.015366386622190475,0.32322707772254944,0.097018301486969,0.06420226395130157,32.57409746572375,,,
m5b_smooth0,46,0.5109193520620465,0.304951936006546,0.01173348631709814,0.5786871910095215,0.07407458126544952,0.030552543699741364,20.99116890039295,,,
m5b_smooth0,47,0.6484162556007504,0.5407878160476685,0.013950711116194725,0.25803783535957336,0.16022954881191254,0.02699371613562107,34.734852047637105,,,
m5b_smooth0,48,0.8355549378320575,0.30244216322898865,0.009740796871483326,0.09471927583217621,0.5780072212219238,0.01509057730436325,22.697747048921883,,,
m5b_smooth0,49,0.4039650857448578,0.4979245066642761,0.013698230497539043,0.06874918937683105,0.4019952416419983,0.017633819952607155,33.15625636931509,,,
m5b_smooth0,50,0.39378823433071375,0.33347490429878235,0.012756654992699623,0.03985563665628433,0.5988892912864685,0.015024365857243538,24.543383983895183,,,
m5b_smooth0,51,0.3559445980936289,0.49030327796936035,0.020013920962810516,0.04662661254405975,0.4209170341491699,0.02214009128510952,32.834470953792334,,,
m5b_smooth0,52,0.18009505607187748,0.40025511384010315,0.023818422108888626,0.04739748314023018,0.4999818801879883,0.028546765446662903,28.080845579504967,,,
m5b_smooth0,53,0.11777636967599392,0.438090443611145,0.028772620484232903,0.053229257464408875,0.4410938024520874,0.0388137549161911,30.104936195537448,,,
m5b_smooth0,54,0.15150591172277927,0.497242271900177,0.0308750718832016,0.0504462905228138,0.36812394857406616,0.05331256613135338,33.33999382331967,,,
m5b_smooth0,55,0.2275055255740881,0.39562806487083435,0.02713925950229168,0.04204360023140907,0.42827680706977844,0.1069125235080719,28.385666931048036,,,
m5b_smooth0,56,0.37765476293861866,0.42769983410835266,0.022439971566200256,0.03672361373901367,0.24946805834770203,0.263667494058609,31.23222218453884,,,
m5b_smooth0,57,0.5000818455591798,0.3644275665283203,0.013242428191006184,0.02188471145927906,0.08673614263534546,0.5137087106704712,29.743625502102077,,,
m5b_smooth0,58,0.3486029515042901,0.531716525554657,0.015727000311017036,0.026412872597575188,0.07009098678827286,0.35605260729789734,37.473330561071634,,,
m5b_smooth0,59,0.44794742204248905,0.3450552523136139,0.011379972100257874,0.020100271329283714,0.043438248336315155,0.580026388168335,29.199433097615838,,,
m5b_smooth0,60,0.32232424058020115,0.4694652855396271,0.01682155951857567,0.031968746334314346,0.06288031488656998,0.41886430978775024,34.58490747213364,,,
m5b_smooth0,61,0.08615470863878727,0.42638733983039856,0.020281797274947166,0.041322436183691025,0.08029110729694366,0.43171635270118713,32.33355618454516,,,
m5b_smooth0,62,0.1364171802997589,0.35957276821136475,0.020323676988482475,0.03992844000458717,0.0813056081533432,0.49886858463287354,29.26777453161776,,,
m5b_smooth0,63,0.283552436158061,0.4976136088371277,0.02334905043244362,0.039985399693250656,0.08195947110652924,0.3570931851863861,35.57314267009497,,,
m5b_smooth0,64,0.2669668458402157,0.40838342905044556,0.019157778471708298,0.027450986206531525,0.0544314831495285,0.4905761778354645,31.85360335186124,,,
m5b_smooth0,65,0.05531463772058487,0.3987347483634949,0.018342193216085434,0.02223370596766472,0.04245569184422493,0.5182334780693054,31.561586748808622,,,
m5b_smooth0,66,0.1995783168822527,0.4976365864276886,0.019229600206017494,0.02077411487698555,0.03793846815824509,0.4244212210178375,36.14721350185573,,,
m5b_smooth0,67,0.2800967423245311,0.37609225511550903,0.015166756696999073,0.0161961168050766,0.028075551614165306,0.5644698739051819,30.728397510014474,,,
m5b_smooth0,68,0.07009796239435673,0.4111408591270447,0.01451330166310072,0.0159295666962862,0.02645796909928322,0.5319581031799316,32.363372777588665,,,
m5b_smooth0,69,0.2653810055926442,0.533347487449646,0.01714002899825573,0.019749188795685768,0.030495865270495415,0.3992679715156555,37.88045950047672,,,
m5b_smooth0,70,0.3095210883766413,0.38774746656417847,0.014562081545591354,0.017389755696058273,0.026272539049386978,0.554028332233429,31.27188376709819,,,
m5b_smooth0,71,0.10450818203389645,0.43109428882598877,0.016472088173031807,0.020420754328370094,0.03023851476609707,0.5017739534378052,33.17989663220942,,,
m5b_smooth0,72,0.19516364857554436,0.511233925819397,0.02057976834475994,0.026619132608175278,0.037374574691057205,0.4041920602321625,36.69478358142078,,,
m5b_smooth0,73,0.23208636976778507,0.40600237250328064,0.017486736178398132,0.023813165724277496,0.03246241435408592,0.5202357172966003,31.959605526179075,,,
m5b_smooth0,74,0.018390215933322906,0.41377583146095276,0.017297973856329918,0.024925334379076958,0.03277144208550453,0.5112289190292358,32.30522882565856,,,
m5b_smooth0,75,0.21966338530182838,0.5172387957572937,0.01875120960175991,0.027630263939499855,0.034981947392225266,0.401397168636322,37.00040373951197,,,
m5b_smooth0,76,0.18467055074870586,0.4319177269935608,0.01742791198194027,0.024905603379011154,0.03201591596007347,0.49373266100883484,33.14357700757682,,,
m5b_smooth0,77,0.032064156606793404,0.44794967770576477,0.01669890806078911,0.0224885456264019,0.030169565230607986,0.4826928675174713,33.930032309144735,,,
m5b_smooth0,78,0.25965179689228535,0.5693795084953308,0.019636506214737892,0.02508881688117981,0.033027950674295425,0.35286715626716614,39.42900930903852,,,
m5b_smooth0,79,0.3102598711848259,0.4245336651802063,0.01717931404709816,0.021381238475441933,0.028908751904964447,0.5079972147941589,32.86766521073878,,,
m5b_smooth0,80,0.10029151104390621,0.4746793210506439,0.016729120165109634,0.020301345735788345,0.027068234980106354,0.46122196316719055,35.20497754961252,,,
m5b_smooth0,81,0.6399433147162199,0.17842720448970795,0.010553373023867607,0.012891652062535286,0.01693478412926197,0.781194269657135,21.810123862698674,,,
m5b_smooth0,82,0.29717080295085907,0.03953488543629646,0.008794642984867096,0.010099499486386776,0.011791071854531765,0.9297781586647034,15.510617991909385,,,
m5b_smooth0,83,0.10138611495494843,0.02824223041534424,0.027483347803354263,0.02894594334065914,0.024949997663497925,0.8903787732124329,14.448807811364532,,,
m5b_smooth0,84,1.2173798326402903,0.031740520149469376,0.22259125113487244,0.36738577485084534,0.09659372270107269,0.2816886901855469,7.848977506160736,,,
m5b_smooth0,85,0.5527552450075746,0.014155815355479717,0.09373407065868378,0.48687219619750977,0.25348520278930664,0.151753231883049,6.302641246467829,,,
m5b_smooth0,86,0.9898961028084159,0.00606825016438961,0.019601469859480858,0.07414403557777405,0.7434394359588623,0.1567467749118805,8.004659486934543,,,
m5b_smooth0,87,0.13861725479364395,0.0035153599455952644,0.006986637599766254,0.020003097131848335,0.7439224720001221,0.22557233273983002,8.643387488089502,,,
m5b_smooth0,88,0.48890855978243053,0.003816115902736783,0.0052102780900895596,0.011801465414464474,0.5094460844993591,0.46972575783729553,10.411864829715341,,,
m5b_smooth0,89,0.17196683259680867,0.0035772540140897036,0.003767195623368025,0.007235937286168337,0.5954300761222839,0.3899903893470764,9.867986232042313,,,
m5b_smooth0,90,0.02680388675071299,0.004248983692377806,0.003781348466873169,0.006448357366025448,0.5828152298927307,0.40270596742630005,9.995655595324934,,,
m5b_smooth0,91,0.5344476387836039,0.006689579226076603,0.005267146043479443,0.008031786419451237,0.3155915141105652,0.6644200682640076,11.941758813336492,,,
m5b_smooth0,92,0.19279179442673922,0.010439320467412472,0.007949982769787312,0.011108463630080223,0.21919555962085724,0.7513066530227661,12.720296661369503,,,
m5b_smooth0,93,0.02683129906654358,0.014863281510770321,0.011395231820642948,0.01518038846552372,0.2206696718931198,0.7378906011581421,12.823889407329261,,,
m5b_smooth0,94,0.13948224671185017,0.021436162292957306,0.016571486368775368,0.021071547642350197,0.15092939138412476,0.7899922728538513,13.482353426516056,,,
m5b_smooth0,95,0.11912879534065723,0.028075505048036575,0.021008506417274475,0.026580804958939552,0.09136450290679932,0.8329705595970154,14.086420578882098,,,
m5b_smooth0,96,0.05353626422584057,0.03502502664923668,0.024955041706562042,0.03253484517335892,0.06459660828113556,0.8428888320922852,14.47668108344078,,,
m5b_smooth0,97,0.057919688522815704,0.0480642132461071,0.032511357218027115,0.04089973121881485,0.05821334198117256,0.8203127980232239,14.93093591183424,,,
m5b_smooth0,98,0.03678104653954506,0.05931224673986435,0.03493969887495041,0.045612823218107224,0.055742163211107254,0.804392397403717,15.382201679050922,,,
m5b_smooth0,99,0.07235131599009037,0.05178479477763176,0.026478236541152,0.03722934052348137,0.043938495218753815,0.8405676484107971,15.320770489051938,,,
m5b_smooth0,100,0.07681196741759777,0.04009608179330826,0.01845758594572544,0.026973245665431023,0.03549901396036148,0.8789746761322021,15.059280794113874,,,
m5b_smooth0,101,0.042344904504716396,0.0319211520254612,0.014690765179693699,0.02140156552195549,0.03184030205011368,0.9001474380493164,14.819110830314457,,,
m5b_smooth0,102,0.007330132648348808,0.031331755220890045,0.015000234358012676,0.021583382040262222,0.03501284122467041,0.8970705270767212,14.763732961378992,,,
m5b_smooth0,103,0.032733759842813015,0.0354636125266552,0.017157776281237602,0.02424033358693123,0.04243317246437073,0.8807034492492676,14.844576025381684,,,
m5b_smooth0,104,0.09731607884168625,0.05182928591966629,0.023390861228108406,0.03213284909725189,0.060601215809583664,0.8320466876029968,15.302408700808883,,,
m5b_smooth0,105,0.13461419753730297,0.07992689311504364,0.02765553817152977,0.04090380668640137,0.08677458018064499,0.7647390961647034,16.259749952703714,,,
m5b_smooth0,106,0.09741605445742607,0.09731200337409973,0.025788437575101852,0.04607096686959267,0.11293017864227295,0.7178980112075806,16.843804948031902,,,
m5b_smooth0,107,0.05626584216952324,0.07698410004377365,0.02059667930006981,0.043457724153995514,0.12445410341024399,0.7345070242881775,15.924292918294668,,,
m5b_smooth0,108,0.08357090316712856,0.05849388241767883,0.01583275757730007,0.03734084218740463,0.11204035580158234,0.776293158531189,15.289874939247966,,,
m5b_smooth0,109,0.06452085915952921,0.04888896644115448,0.013237291015684605,0.03404425457119942,0.09527712315320969,0.8085538148880005,15.035401311703026,,,
m5b_smooth0,110,0.010927596129477024,0.04847128316760063,0.01443912647664547,0.038283396512269974,0.09529891610145569,0.8035066723823547,14.95375213213265,,,
m5b_smooth0,111,0.02048058994114399,0.04767255112528801,0.01485517993569374,0.040551044046878815,0.08585755527019501,0.8110634684562683,14.952752824872732,,,
m5b_smooth0,112,0.038089415058493614,0.05652147904038429,0.018093859776854515,0.04750872775912285,0.08541467040777206,0.7924622297286987,15.244282694533467,,,
m5b_smooth0,113,0.018663207069039345,0.062367748469114304,0.020091772079467773,0.04899565503001213,0.07966069877147675,0.7888841032981873,15.511145982891321,,,
m5b_smooth0,114,0.020014123991131783,0.06484691798686981,0.022458961233496666,0.049776073545217514,0.06965292245149612,0.7932636737823486,15.655864151194692,,,
m5b_smooth0,115,0.029132511466741562,0.06848272681236267,0.023402025923132896,0.045009784400463104,0.05985388159751892,0.8032519817352295,15.931899903342128,,,
m5b_smooth0,116,0.035390282049775124,0.08482306450605392,0.02475712075829506,0.04466521739959717,0.05630374327301979,0.7894518375396729,16.69458857178688,,,
m5b_smooth0,117,0.03296077996492386,0.09296843409538269,0.0226178877055645,0.03975522518157959,0.04687243327498436,0.7977867126464844,17.217110618948936,,,
m5b_smooth0,118,0.03801485523581505,0.08751815557479858,0.02093120664358139,0.033416956663131714,0.041339773684740067,0.81679368019104,17.096761349588633,,,
m5b_smooth0,119,0.008575893938541412,0.0846957340836525,0.02259443700313568,0.032169412821531296,0.04396485537290573,0.8165760636329651,16.94066559895873,,,
m5b_smooth0.001,4,,0.20000606775283813,0.20000606775283813,0.20000606775283813,0.20000606775283813,0.20000606775283813,17.00051575899124,,,
m5b_smooth0.001,5,0.4390161521732807,0.2731703817844391,0.04230665788054466,0.13818226754665375,0.2731703817844391,0.2731703817844391,22.583654385060072,,,
m5b_smooth0.001,6,0.2544063264504075,0.3155716061592102,0.013623497448861599,0.03966277465224266,0.3155716061592102,0.3155716061592102,25.693911920301616,,,
m5b_smooth0.001,7,0.02686732541769743,0.32004931569099426,0.010797865688800812,0.02905420958995819,0.32004931569099426,0.32004931569099426,26.02195506542921,,,
m5b_smooth0.001,8,0.02027912437915802,0.3166693449020386,0.014090333133935928,0.03590095415711403,0.3166693449020386,0.3166693449020386,25.772010132670403,,,
m5b_smooth0.001,9,0.15573156625032425,0.3470325469970703,0.01899038255214691,0.048140376806259155,0.2388036549091339,0.3470325469970703,27.515445575118065,,,
m5b_smooth0.001,10,0.16264690645039082,0.37892577052116394,0.022829314693808556,0.06183886155486107,0.1574806123971939,0.37892577052116394,29.35121720470488,,,
m5b_smooth0.001,11,0.1753735914826393,0.422769159078598,0.0219938475638628,0.04931621253490448,0.0831519141793251,0.422769159078598,32.036923656240106,,,
m5b_smooth0.001,12,0.1080124881118536,0.44977259635925293,0.020127618685364723,0.02886374108493328,0.051465000957250595,0.44977259635925293,33.750145979225636,,,
m5b_smooth0.001,13,0.03790541552007198,0.44029584527015686,0.027989136055111885,0.0339522548019886,0.05746688321232796,0.44029584527015686,33.11400663293898,,,
m5b_smooth0.001,14,0.05162052996456623,0.4273906648159027,0.03311077877879143,0.046506814658641815,0.06560084968805313,0.4273906648159027,32.25874636694789,,,
m5b_smooth0.001,15,0.015103662386536598,0.43043583631515503,0.0270694512873888,0.04499601572751999,0.06706204265356064,0.43043583631515503,32.483743684366345,,,
m5b_smooth0.001,16,0.023759249597787857,0.439338743686676,0.019599514082074165,0.0405869223177433,0.06736072152853012,0.4331144690513611,33.03681251965463,,,
m5b_smooth0.001,17,0.16614661365747452,0.4830282926559448,0.02186247520148754,0.05140727758407593,0.09366106241941452,0.35004106163978577,34.71398416720331,,,
m5b_smooth0.001,18,0.26936550810933113,0.6117461323738098,0.02326405607163906,0.04998185858130455,0.09822452068328857,0.21678385138511658,40.600523138418794,,,
m5b_smooth0.001,19,0.24130804650485516,0.7323997616767883,0.020707692950963974,0.041939280927181244,0.09243432432413101,0.11251857131719589,46.31281150504947,,,
m5b_smooth0.001,20,0.0794987715780735,0.7148693203926086,0.023773472756147385,0.04788021370768547,0.12317677587270737,0.09029940515756607,45.1860024407506,,,
m5b_smooth0.001,21,0.024143092334270477,0.7130383253097534,0.027189895510673523,0.04430150240659714,0.11651505529880524,0.09895464777946472,45.14336437731981,,,
m5b_smooth0.001,22,0.10826546512544155,0.763620913028717,0.02528361789882183,0.036095377057790756,0.07249555736780167,0.102505624294281,47.89337217248976,,,
m5b_smooth0.001,23,0.04142360761761665,0.7705862522125244,0.02286534197628498,0.04190392419695854,0.054201751947402954,0.11044326424598694,48.30937021039426,,,
m5b_smooth0.001,24,0.02542172558605671,0.7608014941215515,0.023419026285409927,0.048111312091350555,0.05127529427409172,0.11639270186424255,47.80426749587059,,,
m5b_smooth0.001,25,0.029271699488162994,0.7699567079544067,0.02211863175034523,0.0408923402428627,0.056756120175123215,0.11027640849351883,48.283360689878464,,,
m5b_smooth0.001,26,0.08707845956087112,0.7264175415039062,0.023263603448867798,0.04148317128419876,0.07794900238513947,0.1308870166540146,46.11082685738802,,,
m5b_smooth0.001,27,0.1700295601040125,0.8114321231842041,0.018381301313638687,0.02763870544731617,0.054920122027397156,0.08762768656015396,50.39845327474177,,,
m5b_smooth0.001,28,0.029778821393847466,0.8240616917610168,0.020641012117266655,0.026470134034752846,0.04890808090567589,0.0799187570810318,51.00497208535671,,,
m5b_smooth0.001,29,0.11691002920269966,0.7656069397926331,0.030033040791749954,0.03700898960232735,0.0641995519399643,0.10315167903900146,47.970996767282486,,,
m5b_smooth0.001,30,0.10423971340060234,0.8177269101142883,0.022254109382629395,0.03287360817193985,0.05003098025918007,0.07711482048034668,50.61431388929486,,,
m5b_smooth0.001,31,0.03792166709899902,0.8323664665222168,0.018987126648426056,0.03719451650977135,0.04520321637392044,0.06624836474657059,51.31645828858018,,,
m5b_smooth0.001,32,0.06772606633603573,0.7986012101173401,0.018889008089900017,0.04206813499331474,0.058832187205553055,0.08160846680402756,49.61550986580551,,,
m5b_smooth0.001,33,0.06637195777148008,0.8317871689796448,0.014277148060500622,0.026167742908000946,0.04925519973039627,0.07851170748472214,51.443960818462074,,,
m5b_smooth0.001,34,0.11094914469867945,0.7763131260871887,0.018315410241484642,0.029933547601103783,0.06020195037126541,0.11523599177598953,48.72162115573883,,,
m5b_smooth0.001,35,0.16389057226479053,0.6943678259849548,0.026314379647374153,0.04063582792878151,0.07484502345323563,0.16383694112300873,44.62792376242578,,,
m5b_smooth0.001,36,0.17301425710320473,0.7808748483657837,0.022343482822179794,0.02881123684346676,0.052798300981521606,0.11517191678285599,48.94326303713024,,,
m5b_smooth0.001,37,0.20614277757704258,0.8839461803436279,0.012206457555294037,0.017408421263098717,0.0275468397885561,0.05889177322387695,54.118515245616436,,,
m5b_smooth0.001,38,0.03578914050012827,0.8660517334938049,0.013776062987744808,0.02640836499631405,0.032683879137039185,0.061079878360033035,53.14001061860472,,,
m5b_smooth0.001,39,0.2645760839805007,0.7337644696235657,0.024538807570934296,0.06559649854898453,0.06902775168418884,0.10707394778728485,46.22942601144314,,,
m5b_smooth0.001,40,0.11050254106521606,0.7890147566795349,0.021362904459238052,0.03476126864552498,0.057728275656700134,0.09713230282068253,49.230482280254364,,,
m5b_smooth0.001,41,0.14468819461762905,0.8448731303215027,0.03784875571727753,0.02185048721730709,0.03159680590033531,0.06383058428764343,51.910593857988715,,,
m5b_smooth0.001,42,1.0011259596794844,0.34431010484695435,0.3468961715698242,0.1573370099067688,0.06393294036388397,0.0875234454870224,23.150372311472893,,,
m5b_smooth0.001,43,0.6614148244261742,0.28576359152793884,0.07473544031381607,0.3545413315296173,0.130136176943779,0.15482346713542938,21.362656705081463,,,
m5b_smooth0.001,44,0.2192009948194027,0.29524341225624084,0.032254498451948166,0.454662024974823,0.1246904581785202,0.09314964711666107,21.287773575633764,,,
m5b_smooth0.001,45,0.42562389746308327,0.5080553889274597,0.028692781925201416,0.29906293749809265,0.09330649673938751,0.07088249176740646,33.054705291986465,,,
m5b_smooth0.001,46,0.5420931354165077,0.2894948124885559,0.027586545795202255,0.5701098442077637,0.07783640176057816,0.03497317060828209,20.142084028571844,,,
m5b_smooth0.001,47,0.6606984473764896,0.5189288258552551,0.0339006707072258,0.24197359383106232,0.17243705689907074,0.03275976702570915,33.561247140169144,,,
m5b_smooth0.001,48,0.7775330115109682,0.3198773264884949,0.02263650856912136,0.07733965665102005,0.56120365858078,0.018942955881357193,23.640922060236335,,,
m5b_smooth0.001,49,0.32783251628279686,0.47720441222190857,0.027664683759212494,0.049370769411325455,0.4252558946609497,0.020503560081124306,32.07188282907009,,,
m5b_smooth0.001,50,0.3363472055643797,0.338570773601532,0.023602411150932312,0.027426976710557938,0.5934293866157532,0.016969550400972366,24.81170916929841,,,
m5b_smooth0.001,51,0.3591664955019951,0.49787992238998413,0.03303227201104164,0.031232967972755432,0.4138464033603668,0.02400806173682213,33.23256420716643,,,
m5b_smooth0.001,52,0.2973646800965071,0.35611286759376526,0.030233794823288918,0.02711637131869793,0.5603545308113098,0.02618248574435711,25.767391480505466,,,
m5b_smooth0.001,53,0.3317522946745157,0.49890559911727905,0.03414427116513252,0.03548282012343407,0.3944781422615051,0.03698873519897461,33.35411796718836,,,
m5b_smooth0.001,54,0.11551784723997116,0.4500984251499176,0.02787867560982704,0.03279668092727661,0.4416532814502716,0.047572534531354904,30.889762680977583,,,
m5b_smooth0.001,55,0.10745612904429436,0.40222880244255066,0.022747702896595,0.032068897038698196,0.4561932682991028,0.08676029741764069,28.66067958250642,,,
m5b_smooth0.001,56,0.47669182531535625,0.4810541272163391,0.01876050792634487,0.03371277451515198,0.22183479368686676,0.24463725090026855,33.960911532863975,,,
m5b_smooth0.001,57,0.6258805906400084,0.3322831392288208,0.010218954645097256,0.02096344530582428,0.07895607501268387,0.5575772523880005,28.368871702812612,,,
m5b_smooth0.001,58,0.49019087571650743,0.553617000579834,0.014831114560365677,0.03327777981758118,0.08579172939062119,0.31248238682746887,38.30698001012206,,,
m5b_smooth0.001,59,0.44908866472542286,0.3446527421474457,0.012809926643967628,0.03139479458332062,0.074116051197052,0.5370269417762756,28.823348382487893,,,
m5b_smooth0.001,60,0.2669498845934868,0.4224470555782318,0.01834985427558422,0.046210531145334244,0.10944056510925293,0.40355154871940613,31.919610420241952,,,
m5b_smooth0.001,61,0.1684381440281868,0.44798266887664795,0.02382010407745838,0.05836620181798935,0.15049870312213898,0.3193330764770508,32.60203283466399,,,
m5b_smooth0.001,62,0.19417178630828857,0.3848581910133362,0.022236643359065056,0.045561280101537704,0.13092537224292755,0.4164186716079712,29.99675095267594,,,
m5b_smooth0.001,63,0.13641495071351528,0.45306575298309326,0.01953444816172123,0.030792193487286568,0.08067137748003006,0.41593655943870544,33.68366768211126,,,
m5b_smooth0.001,64,0.17161999456584454,0.4195269048213959,0.01576487347483635,0.019488072022795677,0.04347378388047218,0.501746416091919,32.574609691277146,,,
m5b_smooth0.001,65,0.04070811718702316,0.43988117575645447,0.015743687748908997,0.01599499024450779,0.031230110675096512,0.4971505105495453,33.63531712628901,,,
m5b_smooth0.001,66,0.038834516890347004,0.459298312664032,0.01571916788816452,0.014280020259320736,0.02497074194252491,0.48573198914527893,34.591501030139625,,,
m5b_smooth0.001,67,0.1472653318196535,0.39078062772750854,0.014769492670893669,0.01354991365224123,0.02153574302792549,0.5593648552894592,31.484115072526038,,,
m5b_smooth0.001,68,0.09369253739714622,0.43407392501831055,0.015605613589286804,0.015148005448281765,0.02265414223074913,0.5125182271003723,33.43931930605322,,,
m5b_smooth0.001,69,0.14234440680593252,0.4942946434020996,0.018225599080324173,0.0192281361669302,0.026905179023742676,0.4413456916809082,36.100764548406005,,,
m5b_smooth0.001,70,0.19553305581212044,0.39921626448631287,0.016836242750287056,0.018832093104720116,0.02600283734500408,0.5391126275062561,31.755905037745833,,,
m5b_smooth0.001,71,0.1440043430775404,0.45904162526130676,0.019289828836917877,0.022926732897758484,0.03163106366991997,0.4671100974082947,34.391526352614164,,,
m5b_smooth0.001,72,0.02435757778584957,0.46028414368629456,0.02135506644845009,0.027079632505774498,0.036349475383758545,0.4549315869808197,34.34313113056123,,,
m5b_smooth0.001,73,0.10058178566396236,0.42059221863746643,0.017954707145690918,0.02433142066001892,0.03189874067902565,0.5052221417427063,32.6228832565248,,,
m5b_smooth0.001,74,0.04954557493329048,0.444888174533844,0.016838975250720978,0.02480868622660637,0.03182758763432503,0.4816366732120514,33.750262044370174,,,
m5b_smooth0.001,75,0.057382991537451744,0.4735710918903351,0.016163744032382965,0.024817580357193947,0.031162213534116745,0.4542860984802246,35.08302287198603,,,
m5b_smooth0.001,76,0.07389797270298004,0.4410172402858734,0.015538563951849937,0.023012299090623856,0.02919669821858406,0.4912342429161072,33.627266166731715,,,
m5b_smooth0.001,77,0.09672311507165432,0.489287793636322,0.015630163252353668,0.021626967936754227,0.02846202254295349,0.4449932873249054,35.86691886559129,,,
m5b_smooth0.001,78,0.07788895629346371,0.5226051211357117,0.01794794760644436,0.0232229083776474,0.030175920575857162,0.40604928135871887,37.33984532393515,,,
m5b_smooth0.001,79,0.23544797487556934,0.4133544862270355,0.01622316800057888,0.02012990228831768,0.026519622653722763,0.5237725377082825,32.39633493497968,,,
m5b_smooth0.001,80,0.25577267445623875,0.538443922996521,0.01750265806913376,0.021096041426062584,0.027071382850408554,0.39588668942451477,38.11933949403465,,,
m5b_smooth0.001,81,0.8545543691143394,0.14067289233207703,0.009808050468564034,0.011524503119289875,0.014830533415079117,0.8231630325317383,20.112851289100945,,,
m5b_smooth0.001,82,0.2557035144418478,0.023974329233169556,0.0078289695084095,0.007858903147280216,0.009322702884674072,0.9510154724121094,14.849340966902673,,,
m5b_smooth0.001,83,0.0910143693909049,0.016947807744145393,0.028695981949567795,0.021398521959781647,0.020423518493771553,0.9125350713729858,14.028215641155839,,,
m5b_smooth0.001,84,1.206534255295992,0.022175434976816177,0.3504028618335724,0.2277529090642929,0.09040147811174393,0.30926766991615295,7.326745413243771,,,
m5b_smooth0.001,85,0.7499445537105203,0.008696085773408413,0.046322260051965714,0.4706924259662628,0.22243399918079376,0.25185510516166687,7.0631741508841515,,,
m5b_smooth0.001,86,0.7772473120130599,0.003662104718387127,0.005789888557046652,0.12763552367687225,0.5492686033248901,0.31364455819129944,8.844326780643314,,,
m5b_smooth0.001,87,0.18239956023171544,0.0018198738107457757,0.0012700011720880866,0.04279765859246254,0.6250482797622681,0.3290644586086273,9.221095784450881,,,
m5b_smooth0.001,88,0.08846256363904104,0.0016514932503923774,0.0006497764843516052,0.026103325188159943,0.5982994437217712,0.37329524755477905,9.59227891889168,,,
m5b_smooth0.001,89,0.11280185982468538,0.001739435363560915,0.0004557860956992954,0.019166290760040283,0.6546128392219543,0.3240257501602173,9.280971156986197,,,
m5b_smooth0.001,90,0.36950107719167136,0.0028293670620769262,0.0005630738451145589,0.022262535989284515,0.46986234188079834,0.5044828653335571,10.588909213372972,,,
m5b_smooth0.001,91,0.39853560662595555,0.004826466087251902,0.0008252806728705764,0.025920329615473747,0.2705948054790497,0.6978338360786438,12.032011578208767,,,
m5b_smooth0.001,92,0.04292877751868218,0.009011085145175457,0.0015568358357995749,0.034304626286029816,0.27875834703445435,0.6763690710067749,12.065611246740445,,,
m5b_smooth0.001,93,0.06119952420704067,0.014312837272882462,0.002538695465773344,0.040459588170051575,0.29691940546035767,0.6457691788673401,12.10189203871414,,,
m5b_smooth0.001,94,0.29593256395310163,0.022301752120256424,0.004411763045936823,0.04179951176047325,0.14895381033420563,0.7825342416763306,13.46607148135081,,,
m5b_smooth0.001,95,0.17983132833614945,0.02901306375861168,0.006315306760370731,0.03708978369832039,0.06374780088663101,0.8638349771499634,14.398292769677937,,,
m5b_smooth0.001,96,0.05228543467819691,0.03756439685821533,0.00932758953422308,0.03589831665158272,0.038795970380306244,0.8784134984016418,14.94024712126702,,,
m5b_smooth0.001,97,0.05536144319921732,0.05505994334816933,0.016028810292482376,0.039382368326187134,0.034937236458063126,0.8545916080474854,15.64661568403244,,,
m5b_smooth0.001,98,0.049784524366259575,0.07109270989894867,0.023003851994872093,0.04104732722043991,0.03515743836760521,0.8297000527381897,16.273611234501004,,,
m5b_smooth0.001,99,0.03619249723851681,0.06261271238327026,0.024498023092746735,0.03444286063313484,0.03214519843459129,0.8463016748428345,15.957829184830189,,,
m5b_smooth0.001,100,0.05050808750092983,0.047277189791202545,0.022830670699477196,0.02682826668024063,0.031508173793554306,0.8715552687644958,15.362277837470174,,,
m5b_smooth0.001,101,0.036435648798942566,0.035108454525470734,0.02144242264330387,0.022168077528476715,0.032639965415000916,0.8886419534683228,14.863921033218503,,,
m5b_smooth0.001,102,0.016664473339915276,0.03175020590424538,0.023222319781780243,0.02258925884962082,0.03877032920718193,0.8836671710014343,14.63873514905572,,,
m5b_smooth0.001,103,0.031259020790457726,0.033167608082294464,0.02588292397558689,0.024786081165075302,0.04812505096197128,0.8680377006530762,14.579700818285346,,,
m5b_smooth0.001,104,0.08030985109508038,0.04408054053783417,0.03135219216346741,0.030681055039167404,0.06600338965654373,0.8278833627700806,14.820618595927954,,,
m5b_smooth0.001,105,0.07731376215815544,0.06041394919157028,0.03030991181731224,0.03485310450196266,0.08415506780147552,0.7902690172195435,15.412557892501354,,,
m5b_smooth0.001,106,0.07183673046529293,0.074504554271698,0.024926574900746346,0.038093455135822296,0.10274210572242737,0.7597336173057556,15.964945578947663,,,
m5b_smooth0.001,107,0.02636316604912281,0.07117406278848648,0.01984824612736702,0.03877953067421913,0.11523747444152832,0.7549607157707214,15.782742947340012,,,
m5b_smooth0.001,108,0.04628848657011986,0.06533568352460861,0.01563553512096405,0.03641829267144203,0.1045057401061058,0.7781051397323608,15.6700435616076,,,
m5b_smooth0.001,109,0.024173879995942116,0.06388120353221893,0.013701634481549263,0.03687386214733124,0.09580747783184052,0.789736807346344,15.684163080528378,,,
m5b_smooth0.001,110,0.04110919963568449,0.06718573719263077,0.015213442035019398,0.04423148185014725,0.10418781638145447,0.7691819071769714,15.676913534291089,,,
m5b_smooth0.001,111,0.04377282038331032,0.061837755143642426,0.014705629087984562,0.04482376575469971,0.08815623819828033,0.790475070476532,15.54318688903004,,,
m5b_smooth0.001,112,0.023906485177576542,0.0670047327876091,0.016866521909832954,0.049450114369392395,0.08383187651634216,0.7828471660614014,15.73218429274857,,,
m5b_smooth0.001,113,0.02711409702897072,0.06532727926969528,0.01753808744251728,0.04700425639748573,0.07439816743135452,0.7957326769828796,15.739232262596488,,,
m5b_smooth0.001,114,0.02140120416879654,0.06303396075963974,0.01933141238987446,0.04671115055680275,0.06628385186195374,0.8046398162841797,15.670446900650859,,,
m5b_smooth0.001,115,0.018062902614474297,0.06537023186683655,0.02094169333577156,0.043589651584625244,0.06037303805351257,0.8097238540649414,15.832669783383608,,,
m5b_smooth0.001,116,0.04792986810207367,0.0833526998758316,0.023860108107328415,0.04605930671095848,0.06096826121211052,0.7857597470283508,16.590614307671785,,,
m5b_smooth0.001,117,0.03425336815416813,0.08945248275995255,0.022445058450102806,0.04094502702355385,0.05037080496549606,0.7967865467071533,17.020036393776536,,,
m5b_smooth0.001,118,0.02886158600449562,0.08616818487644196,0.02169140614569187,0.03507635369896889,0.045846424996852875,0.8112171292304993,16.974976344034076,,,
m5b_smooth0.001,119,0.022839542478322983,0.08867264539003372,0.02455168403685093,0.035174109041690826,0.051803700625896454,0.7997973561286926,17.01022162474692,,,
m5b_smooth0.01,4,,0.20000606775283813,0.20000606775283813,0.20000606775283813,0.20000606775283813,0.20000606775283813,17.00051575899124,,,
m5b_smooth0.01,5,0.3598994165658951,0.2599842846393585,0.048297956585884094,0.17174941301345825,0.2599842846393585,0.2599842846393585,21.6222732514143,,,
m5b_smooth0.01,6,0.14303180947899818,0.2838229238986969,0.022194501012563705,0.1263369768857956,0.2838229238986969,0.2838229238986969,23.3908622674644,,,
m5b_smooth0.01,7,0.08134826086461544,0.29738107323646545,0.018701402470469475,0.08915626257658005,0.29738107323646545,0.29738107323646545,24.37403712235391,,,
m5b_smooth0.01,8,0.019814707338809967,0.30015426874160767,0.020288711413741112,0.07924845069646835,0.30015426874160767,0.30015426874160767,24.570529831573367,,,
m5b_smooth0.01,9,0.028558967635035515,0.3072940409183502,0.020113185048103333,0.07147572934627533,0.29382309317588806,0.3072940409183502,25.031061053276062,,,
m5b_smooth0.01,10,0.04775906540453434,0.31231969594955444,0.02308058924973011,0.0823366716504097,0.2699437141418457,0.31231972575187683,25.27135452069342,,,
m5b_smooth0.01,11,0.0951754879206419,0.33578604459762573,0.023735500872135162,0.07014791667461395,0.2345445603132248,0.33578604459762573,26.724158473312855,,,
m5b_smooth0.01,12,0.013964850455522537,0.3354755938053131,0.026651542633771896,0.06378617882728577,0.23861075937747955,0.3354756236076355,26.71347975358367,,,
m5b_smooth0.01,13,0.0629586074501276,0.3494490087032318,0.03018414042890072,0.05897293984889984,0.2119447886943817,0.3494490087032318,27.549943124875426,,,
m5b_smooth0.01,14,0.24938773177564144,0.411795973777771,0.024812955409288406,0.04253745451569557,0.10905774682760239,0.41179606318473816,31.388732858002186,,,
m5b_smooth0.01,15,0.014898862689733505,0.41015979647636414,0.027633827179670334,0.04716610163450241,0.10488081723451614,0.4101598262786865,31.25512320920825,,,
m5b_smooth0.01,16,0.08546035550534725,0.3726198375225067,0.02486785314977169,0.046198368072509766,0.10342416167259216,0.4528898596763611,29.585080375894904,,,
m5b_smooth0.01,17,0.07905557006597519,0.33309194445610046,0.026571443304419518,0.049509838223457336,0.11894399672746658,0.4718826413154602,27.59958258084953,,,
m5b_smooth0.01,18,0.03508053533732891,0.3506324589252472,0.02522386610507965,0.04586992412805557,0.11823166161775589,0.46004244685173035,28.468997061252594,,,
m5b_smooth0.01,19,0.06647981889545918,0.3811836242675781,0.02428075484931469,0.048558712005615234,0.11522084474563599,0.43075650930404663,29.878111390396953,,,
m5b_smooth0.01,20,0.09607652574777603,0.4237363636493683,0.024660108610987663,0.04899708181619644,0.11988842487335205,0.382718026638031,31.793104520067573,,,
m5b_smooth0.01,21,0.09714699164032936,0.4700296223163605,0.026939747855067253,0.04874124005436897,0.1197553426027298,0.33453285694122314,33.896688202396035,,,
m5b_smooth0.01,22,0.013687599450349808,0.46687406301498413,0.026530595496296883,0.047845419496297836,0.11737291514873505,0.34137749671936035,33.78340599499643,,,
m5b_smooth0.01,23,0.24796998873353004,0.5908583402633667,0.021059727296233177,0.04505559429526329,0.10169621556997299,0.24132917821407318,39.69820892997086,,,
m5b_smooth0.01,24,0.012860732153058052,0.5915579795837402,0.0232931450009346,0.04855399206280708,0.10076528787612915,0.23583082854747772,39.66942251101136,,,
m5b_smooth0.01,25,0.04402977414429188,0.6135725378990173,0.02296948991715908,0.04295904561877251,0.09757315367460251,0.22292634844779968,40.77017985470593,,,
m5b_smooth0.01,26,0.037746159359812737,0.5956702828407288,0.022049784660339355,0.04290767386555672,0.10266035050153732,0.23671197891235352,39.923579934984446,,,
m5b_smooth0.01,27,0.24388113617897034,0.717610776424408,0.01820800080895424,0.03196953982114792,0.07145977020263672,0.1607518345117569,45.92150728031993,,,
m5b_smooth0.01,28,0.01909233070909977,0.7226901054382324,0.021367615088820457,0.03313744068145752,0.07159937918186188,0.15120595693588257,46.10026531480253,,,
m5b_smooth0.01,29,0.022825222462415695,0.7201070189476013,0.026078203693032265,0.034794218838214874,0.07664412260055542,0.14237593114376068,45.86665389128029,,,
m5b_smooth0.01,30,0.0517756137996912,0.745995283126831,0.024511676281690598,0.03358394280076027,0.06894787400960922,0.1269616335630417,47.14507848024368,,,
m5b_smooth0.01,31,0.024443477392196655,0.754804253578186,0.023949269205331802,0.03699670359492302,0.06460628658533096,0.11964388191699982,47.55045294761658,,,
m5b_smooth0.01,32,0.009622974321246147,0.7522667050361633,0.021675346419215202,0.03837531432509422,0.06617055088281631,0.1215125098824501,47.43717258609831,,,
m5b_smooth0.01,33,0.06490756943821907,0.7847208380699158,0.01705188862979412,0.03134524077177048,0.0579819530248642,0.10890120267868042,49.12482840381563,,,
m5b_smooth0.01,34,0.04568391852080822,0.7618790864944458,0.018752146512269974,0.0339350700378418,0.06293890625238419,0.12249632924795151,47.988823499530554,,,
m5b_smooth0.01,35,0.013616982847452164,0.7677839398384094,0.01965494081377983,0.033098794519901276,0.06015833094716072,0.11930384486913681,48.27734985947609,,,
m5b_smooth0.01,36,0.016952063888311386,0.7593076825141907,0.02169780060648918,0.03365636616945267,0.06122776120901108,0.12410978972911835,47.84725923463702,,,
m5b_smooth0.01,37,0.11985637433826923,0.8192358613014221,0.01630568504333496,0.02545197494328022,0.04535093158483505,0.09365493059158325,50.875438837334514,,,
m5b_smooth0.01,38,0.02216515690088272,0.8081536293029785,0.017750054597854614,0.028637858107686043,0.04696393758058548,0.09849459677934647,50.30055330507457,,,
m5b_smooth0.01,39,0.007144168019294739,0.8112531900405884,0.017620055004954338,0.029109664261341095,0.045474544167518616,0.09654118865728378,50.450038900598884,,,
m5b_smooth0.01,40,0.021589549258351326,0.8220489621162415,0.016984986141324043,0.02710229717195034,0.042387109249830246,0.09147728234529495,50.9986213222146,,,
m5b_smooth0.01,41,0.11542430706322193,0.8760160207748413,0.02072962000966072,0.02006661705672741,0.025278106331825256,0.05790935084223747,53.62956837378442,,,
m5b_smooth0.01,42,0.953551696613431,0.3992406129837036,0.3466951847076416,0.11017122119665146,0.04926794767379761,0.09462562948465347,26.301280073821545,,,
m5b_smooth0.01,43,0.6741389259696007,0.27416884899139404,0.1346973031759262,0.42073360085487366,0.06311308592557907,0.10728739202022552,19.7908441349864,,,
m5b_smooth0.01,44,0.21502827480435371,0.3570306897163391,0.03278440609574318,0.4151318371295929,0.07462969422340393,0.12042255699634552,24.908344957977533,,,
m5b_smooth0.01,45,0.13261189870536327,0.42030900716781616,0.014742037281394005,0.3759194314479828,0.07765781879425049,0.11137187480926514,28.463851740583777,,,
m5b_smooth0.01,46,0.24027102626860142,0.320046067237854,0.009032230824232101,0.4857604503631592,0.08795210719108582,0.0972089022397995,22.645666997879744,,,
m5b_smooth0.01,47,0.28858743887394667,0.42735615372657776,0.008177847601473331,0.35403093695640564,0.12493603676557541,0.08549937605857849,28.783183404244483,,,
m5b_smooth0.01,48,0.3640138083137572,0.39409372210502625,0.007737016770988703,0.22202527523040771,0.30694276094436646,0.06920121610164642,27.4368525207974,,,
m5b_smooth0.01,49,0.252623756416142,0.37307223677635193,0.007658468093723059,0.13500189781188965,0.43325501680374146,0.05101312696933746,26.543967263307422,,,
m5b_smooth0.01,50,0.043445025105029345,0.3908146619796753,0.009233089163899422,0.12169941514730453,0.43566060066223145,0.04259321466088295,27.469140263274312,,,
m5b_smooth0.01,51,0.06752521730959415,0.4218229055404663,0.011986907571554184,0.12090694904327393,0.4065427780151367,0.03874034807085991,29.07224640622735,,,
m5b_smooth0.01,52,0.01651463471353054,0.4165976047515869,0.015455706045031548,0.1256958246231079,0.4048832952976227,0.03736817091703415,28.745736924931407,,,
m5b_smooth0.01,53,0.09623726829886436,0.46169033646583557,0.01848125271499157,0.10810472816228867,0.3753311336040497,0.036392439156770706,31.18102770857513,,,
m5b_smooth0.01,54,0.09260007925331593,0.4519234597682953,0.019821446388959885,0.07355920225381851,0.42029109597206116,0.03440491855144501,30.77961317077279,,,
m5b_smooth0.01,55,0.0512789748609066,0.4401843547821045,0.021355923265218735,0.05965876951813698,0.43887948989868164,0.039921484887599945,30.24245073646307,,,
m5b_smooth0.01,56,0.11670977622270584,0.4824175238609314,0.022626224905252457,0.055525533854961395,0.384657621383667,0.05477268621325493,32.59367521479726,,,
m5b_smooth0.01,57,0.071116603910923,0.4641987383365631,0.023739390075206757,0.05434934049844742,0.3684944808483124,0.08921800553798676,31.867225155234337,,,
m5b_smooth0.01,58,0.08452976681292057,0.45854452252388,0.026243159547448158,0.05378071963787079,0.3324524462223053,0.1289791315793991,31.833131635561585,,,
m5b_smooth0.01,59,0.10324735194444656,0.4146440923213959,0.023757146671414375,0.04854366183280945,0.3757829964160919,0.1372724324464798,29.600328700616956,,,
m5b_smooth0.01,60,0.13914710469543934,0.45538976788520813,0.023441404104232788,0.04770195484161377,0.3073667883872986,0.16610020399093628,31.96690371632576,,,
m5b_smooth0.01,61,0.07994225807487965,0.419185072183609,0.02272760681807995,0.044649094343185425,0.31901314854621887,0.19442474842071533,30.262817738577724,,,
m5b_smooth0.01,62,0.09320111386477947,0.4442503750324249,0.02266586571931839,0.042092882096767426,0.27503150701522827,0.21596096456050873,31.752641066908836,,,
m5b_smooth0.01,63,0.09084433503448963,0.4599217474460602,0.0215670894831419,0.03517867624759674,0.23762182891368866,0.24571126699447632,32.82571850530803,,,
m5b_smooth0.01,64,0.10514912195503712,0.4189116358757019,0.02147654816508293,0.0317864865064621,0.22954030334949493,0.2982860207557678,31.034320574253798,,,
m5b_smooth0.01,65,0.04524175263941288,0.40473121404647827,0.022453971207141876,0.030254559591412544,0.22263097763061523,0.31992867588996887,30.434508798643947,,,
m5b_smooth0.01,66,0.05684799700975418,0.43315571546554565,0.022393103688955307,0.029614871367812157,0.20007281005382538,0.3147639036178589,31.907784966751933,,,
m5b_smooth0.01,67,0.03299945034086704,0.4260638952255249,0.02243703231215477,0.03213284909725189,0.2140105664730072,0.3053559362888336,31.455726366490126,,,
m5b_smooth0.01,68,0.049098385497927666,0.4347975552082062,0.02006245218217373,0.02961353212594986,0.19435493648052216,0.3211711347103119,32.053636802360415,,,
m5b_smooth0.01,69,0.07278383523225784,0.4703774154186249,0.020233793184161186,0.030254490673542023,0.17569692432880402,0.3034374713897705,33.811645260080695,,,
m5b_smooth0.01,70,0.16837258078157902,0.401479035615921,0.018708176910877228,0.02688487246632576,0.16530433297157288,0.3876238465309143,30.771969113498926,,,
m5b_smooth0.01,71,0.07862792164087296,0.4404928684234619,0.01900806464254856,0.02684369497001171,0.14945673942565918,0.3641984164714813,32.67408626154065,,,
m5b_smooth0.01,72,0.06631245464086533,0.4705538749694824,0.020330701023340225,0.028616290539503098,0.12603434920310974,0.354464590549469,34.18415678292513,,,
m5b_smooth0.01,73,0.09621459245681763,0.447561115026474,0.01782168075442314,0.025517869740724564,0.10652722418308258,0.4025718569755554,33.32973875850439,,,
m5b_smooth0.01,74,0.09506390988826752,0.4011051058769226,0.017517276108264923,0.02679838240146637,0.10575598478317261,0.44882360100746155,31.18804108351469,,,
m5b_smooth0.01,75,0.13018877059221268,0.464577317237854,0.017961397767066956,0.02797636389732361,0.0905110090970993,0.39897412061691284,34.19574427604675,,,
m5b_smooth0.01,76,0.019020376726984978,0.4632263481616974,0.01820296421647072,0.026910802349448204,0.08341731131076813,0.40824270248413086,34.19183527491987,,,
m5b_smooth0.01,77,0.039671704173088074,0.4615113139152527,0.017063481733202934,0.023733962327241898,0.06961270421743393,0.42807844281196594,34.25933133251965,,,
m5b_smooth0.01,78,0.07019522786140442,0.4930824339389801,0.018864886835217476,0.02545936405658722,0.06660779565572739,0.39598605036735535,35.69024829007685,,,
m5b_smooth0.01,79,0.020180972293019295,0.5031725764274597,0.018840515986084938,0.024684591218829155,0.061957672238349915,0.39134448766708374,36.19577540829778,,,
m5b_smooth0.01,80,0.04290669038891792,0.5246261954307556,0.018430516123771667,0.023902740329504013,0.05859764665365219,0.37444329261779785,37.220100086182356,,,
m5b_smooth0.01,81,0.6507045114412904,0.216072678565979,0.014695734716951847,0.01954868622124195,0.04988720268011093,0.6997950077056885,23.184043033979833,,,
m5b_smooth0.01,82,0.2562296399846673,0.08795783668756485,0.024684036150574684,0.029980214312672615,0.071262426674366,0.7861147522926331,16.89653839915991,,,
m5b_smooth0.01,83,0.7037801668047905,0.05989630147814751,0.1528836488723755,0.14309601485729218,0.18183748424053192,0.4622865915298462,11.920824453234673,,,
m5b_smooth0.01,84,0.7980691716074944,0.01731785014271736,0.18126940727233887,0.5137449502944946,0.15559956431388855,0.1320684850215912,5.699731007218361,,,
m5b_smooth0.01,85,0.778764815069735,0.00790905486792326,0.04711250215768814,0.2679280936717987,0.4443316161632538,0.23271869122982025,7.69382306560874,,,
m5b_smooth0.01,86,0.4085247996263206,0.004017744679003954,0.013567413203418255,0.1011018455028534,0.6024777293205261,0.278834730386734,8.678967961110175,,,
m5b_smooth0.01,87,0.1151792744640261,0.00288335676304996,0.006913541350513697,0.06774239242076874,0.5860359072685242,0.33642446994781494,9.195336054544896,,,
m5b_smooth0.01,88,0.0162512615788728,0.002955107018351555,0.005494401324540377,0.06103633716702461,0.5924431085586548,0.3380715847015381,9.246013779658824,,,
m5b_smooth0.01,89,0.09368872852064669,0.003281307639554143,0.005005960818380117,0.05517406389117241,0.6389607191085815,0.2975773811340332,9.006214980501682,,,
m5b_smooth0.01,90,0.27932727127335966,0.004559751600027084,0.0060475361533463,0.059687625616788864,0.49929729104042053,0.43040764331817627,9.97948355274275,,,
m5b_smooth0.01,91,0.11967493360862136,0.0064049758948385715,0.007727119605988264,0.056404586881399155,0.44274288415908813,0.48672032356262207,10.474524152930826,,,
m5b_smooth0.01,92,0.019700780510902405,0.00991691742092371,0.011338592506945133,0.05913115292787552,0.4422677755355835,0.4773446321487427,10.562446375377476,,,
m5b_smooth0.01,93,0.0922731664031744,0.012864669784903526,0.014038437977433205,0.05006282031536102,0.4051998555660248,0.517833948135376,11.022181348875165,,,
m5b_smooth0.01,94,0.2949127461761236,0.01800038293004036,0.018021954223513603,0.04364968463778496,0.2641572654247284,0.6561717391014099,12.264499189332128,,,
m5b_smooth0.01,95,0.16467666998505592,0.022612910717725754,0.0199896190315485,0.03619227930903435,0.1892755776643753,0.7319291234016418,13.05727787129581,,,
m5b_smooth0.01,96,0.01967976801097393,0.029493408277630806,0.02294951118528843,0.03489721193909645,0.18080368638038635,0.7318567037582397,13.408865300938487,,,
m5b_smooth0.01,97,0.03301296941936016,0.040438469499349594,0.027865296229720116,0.03554261848330498,0.17324189841747284,0.7229117751121521,13.89425946213305,,,
m5b_smooth0.01,98,0.05749558098614216,0.04478989541530609,0.026402868330478668,0.03234071657061577,0.14915890991687775,0.747308611869812,14.317251678556204,,,
m5b_smooth0.01,99,0.0471294280141592,0.04529605433344841,0.023605352267622948,0.029834244400262833,0.13089798390865326,0.7703669667243958,14.53229476697743,,,
m5b_smooth0.01,100,0.027319220826029778,0.04891122877597809,0.02357710711658001,0.030621593818068504,0.14015425741672516,0.7567347884178162,14.625482454895973,,,
m5b_smooth0.01,101,0.08052847534418106,0.04233809560537338,0.021478472277522087,0.027337437495589256,0.1118466705083847,0.7969997525215149,14.584699749946594,,,
m5b_smooth0.01,102,0.004955476149916649,0.04172850400209427,0.02250850759446621,0.028784479945898056,0.11015363782644272,0.7968239784240723,14.539183350279927,,,
m5b_smooth0.01,103,0.0086335688829422,0.04332801699638367,0.02358740195631981,0.030423371121287346,0.10679211467504501,0.7958692312240601,14.604252574965358,,,
m5b_smooth0.01,104,0.021778883412480354,0.05077509954571724,0.025229036808013916,0.032223641872406006,0.10538984835147858,0.7863816022872925,14.915477305650711,,,
m5b_smooth0.01,105,0.05053670518100262,0.0532689094543457,0.021258434280753136,0.02928917109966278,0.08702713996171951,0.8091567158699036,15.24264451675117,,,
m5b_smooth0.01,106,0.038949476554989815,0.06263744086027145,0.020521700382232666,0.03289042040705681,0.0935324877500534,0.7904191017150879,15.598034251481295,,,
m5b_smooth0.01,107,0.005715308710932732,0.06240231916308403,0.01955796219408512,0.034144528210163116,0.09513549506664276,0.7887597680091858,15.574715914204717,,,
m5b_smooth0.01,108,0.0068553127348423,0.06091569364070892,0.018288323655724525,0.03347328305244446,0.0964912623167038,0.7908318042755127,15.520733887329698,,,
m5b_smooth0.01,109,0.028095601126551628,0.0637086033821106,0.018122263252735138,0.03526550903916359,0.10595326870679855,0.776949405670166,15.565399553626776,,,
m5b_smooth0.01,110,0.03429398313164711,0.067252978682518,0.020238522440195084,0.03951567783951759,0.11319027841091156,0.7598032355308533,15.603541523218155,,,
m5b_smooth0.01,111,0.03018305078148842,0.0628863126039505,0.019245855510234833,0.03662073239684105,0.10635286569595337,0.7748945951461792,15.49528120085597,,,
m5b_smooth0.01,112,0.0362738911062479,0.0695042610168457,0.02090216614305973,0.0385371558368206,0.11429885774850845,0.756757378578186,15.701464598998427,,,
m5b_smooth0.01,113,0.09723985008895397,0.05897922441363335,0.018075961619615555,0.031726568937301636,0.08584088087081909,0.8053774237632751,15.528179232031107,,,
m5b_smooth0.01,114,0.009252065792679787,0.059530872851610184,0.01942177303135395,0.03337709978222847,0.08121505379676819,0.806455671787262,15.550290225073695,,,
m5b_smooth0.01,115,0.03250199370086193,0.05731809139251709,0.019283179193735123,0.031293489038944244,0.06939901411533356,0.8227066397666931,15.555935185402632,,,
m5b_smooth0.01,116,0.049072833731770515,0.07360199093818665,0.022071050480008125,0.03675810620188713,0.06693875789642334,0.8006304502487183,16.225862434133887,,,
m5b_smooth0.01,117,0.04182017967104912,0.0779661312699318,0.02035592682659626,0.0348377525806427,0.049663908779621124,0.8171761631965637,16.590950706973672,,,
m5b_smooth0.01,118,0.028910955414175987,0.0888439416885376,0.02222658321261406,0.03654474765062332,0.048139702528715134,0.804244875907898,17.058903507888317,,,
m5b_smooth0.01,119,0.01975637674331665,0.09193415194749832,0.025098346173763275,0.038107968866825104,0.050492726266384125,0.794366717338562,17.130054496228695,,,
m5b_smooth0.1,4,,0.20000606775283813,0.20000606775283813,0.20000606775283813,0.20000606775283813,0.20000606775283813,17.00051575899124,,,
m5b_smooth0.1,5,0.10081754624843597,0.20050372183322906,0.14958150684833527,0.24890609085559845,0.20050372183322906,0.20050372183322906,17.137101247906685,,,
m5b_smooth0.1,6,0.11683662235736847,0.2197212129831314,0.15034839510917664,0.19048883020877838,0.2197212129831314,0.2197212129831314,18.519233137369156,,,
m5b_smooth0.1,7,0.3494901545345783,0.2779694199562073,0.06126220151782036,0.10482946038246155,0.2779694199562073,0.2779693901538849,22.89127318188548,,,
m5b_smooth0.1,8,0.07717392593622208,0.29083171486854553,0.04099104925990105,0.08651360124349594,0.29083171486854553,0.29083171486854553,23.857900757342577,,,
m5b_smooth0.1,9,0.02525852993130684,0.29695016145706177,0.03538339585065842,0.08690565079450607,0.2838097810745239,0.29695016145706177,24.257080763578415,,,
m5b_smooth0.1,10,0.07647008076310158,0.277832955121994,0.038123589009046555,0.09547115117311478,0.31073975563049316,0.277832955121994,23.0593540109694,,,
m5b_smooth0.1,11,0.03603706508874893,0.2868421971797943,0.03551309183239937,0.0836358293890953,0.3071669936180115,0.2868421971797943,23.662912126630545,,,
m5b_smooth0.1,12,0.09528592973947525,0.26302051544189453,0.03630584105849266,0.08786707371473312,0.34978556632995605,0.26302051544189453,22.21192416921258,,,
m5b_smooth0.1,13,0.0196230486035347,0.26539599895477295,0.03814974054694176,0.09108394384384155,0.33997422456741333,0.26539596915245056,22.330524649471045,,,
m5b_smooth0.1,14,0.06975386664271355,0.28283461928367615,0.03456691652536392,0.07454005628824234,0.3252243399620056,0.28283461928367615,23.464519292116165,,,
m5b_smooth0.1,15,0.0869525633752346,0.3040067255496979,0.035698700696229935,0.07292958348989487,0.2833581864833832,0.3040066659450531,24.734491612762213,,,
m5b_smooth0.1,16,0.11602772772312164,0.3336440920829773,0.03147360682487488,0.05915772542357445,0.2433413863182068,0.33238327503204346,26.584347862750292,,,
m5b_smooth0.1,17,0.029754232615232468,0.33063581585884094,0.031322624534368515,0.05662824586033821,0.25821828842163086,0.323194682598114,26.371609888970852,,,
m5b_smooth0.1,18,0.04650918394327164,0.3134254515171051,0.03166203200817108,0.05792630463838577,0.25217434763908386,0.3448120951652527,25.60355780273676,,,
m5b_smooth0.1,19,0.029359890148043633,0.3078383505344391,0.030967364087700844,0.05858583748340607,0.24377647042274475,0.35883280634880066,25.407120490446687,,,
m5b_smooth0.1,20,0.12805678322911263,0.2447042614221573,0.03104025311768055,0.05769124999642372,0.26605188846588135,0.40051260590553284,22.355909390375018,,,
m5b_smooth0.1,21,0.04224503971636295,0.2604195177555084,0.03299554064869881,0.061143290251493454,0.26064062118530273,0.3848014175891876,23.05330067127943,,,
m5b_smooth0.1,22,0.027122043073177338,0.25283968448638916,0.033915452659130096,0.060634247958660126,0.2732817530632019,0.37932929396629333,22.60978165268898,,,
m5b_smooth0.1,23,0.01775330677628517,0.25580066442489624,0.032757729291915894,0.05851958319544792,0.26767706871032715,0.38524454832077026,22.823519501835108,,,
m5b_smooth0.1,24,0.04181237146258354,0.24844297766685486,0.03512164205312729,0.06344336271286011,0.254129022359848,0.3988634943962097,22.49502246826887,,,
m5b_smooth0.1,25,0.09888895228505135,0.29788774251937866,0.03387890383601189,0.06091807037591934,0.2097904533147812,0.3975259065628052,25.12379353120923,,,
m5b_smooth0.1,26,0.03713948652148247,0.2800191342830658,0.035743050277233124,0.0665668323636055,0.22084678709506989,0.39682427048683167,24.13805890083313,,,
m5b_smooth0.1,27,0.09665726497769356,0.2797255516052246,0.03266708552837372,0.060124706476926804,0.1823296844959259,0.44515275955200195,24.50502072647214,,,
m5b_smooth0.1,28,0.002797383815050125,0.2800670862197876,0.03296106308698654,0.06088777631521225,0.18170684576034546,0.44437679648399353,24.512872636318207,,,
m5b_smooth0.1,29,0.05260493978857994,0.29793253540992737,0.03678185120224953,0.06550430506467819,0.18004997074604034,0.4197314977645874,25.245837654918432,,,
m5b_smooth0.1,30,0.0772755816578865,0.3203803598880768,0.03512166813015938,0.0629400759935379,0.14563652873039246,0.43592140078544617,26.569118801504374,,,
m5b_smooth0.1,31,0.07136180251836777,0.3490748405456543,0.03654618188738823,0.06850197911262512,0.14221860468387604,0.4036584198474884,27.83329066261649,,,
m5b_smooth0.1,32,0.041777946054935455,0.3664364516735077,0.036487821489572525,0.07202960550785065,0.14022722840309143,0.3848194479942322,28.607826609164476,,,
m5b_smooth0.1,33,0.07970675453543663,0.39617475867271423,0.030293025076389313,0.06098170578479767,0.11761611700057983,0.3949340879917145,30.336113713681698,,,
m5b_smooth0.1,34,0.04871390759944916,0.371817946434021,0.03154806047677994,0.06465071439743042,0.12133964896202087,0.410643607378006,29.13296503573656,,,
m5b_smooth0.1,35,0.09586204588413239,0.4197484850883484,0.028938885778188705,0.05280822142958641,0.10164883732795715,0.39685457944869995,31.63977862894535,,,
m5b_smooth0.1,36,0.07949495315551758,0.3800014555454254,0.03153745457530022,0.05452549830079079,0.10637921839952469,0.42755627632141113,29.725643679499626,,,
m5b_smooth0.1,37,0.048481496050953865,0.3969336450099945,0.028406841680407524,0.046486787497997284,0.09330762922763824,0.43486467003822327,30.725144689902663,,,
m5b_smooth0.1,38,0.022971242666244507,0.4013053774833679,0.029739970341324806,0.048307184129953384,0.0972680076956749,0.4233790636062622,30.861167116090655,,,
m5b_smooth0.1,39,0.0787771176546812,0.44069385528564453,0.02650906890630722,0.042693063616752625,0.08695679903030396,0.4031466543674469,32.84897033125162,,,
m5b_smooth0.1,40,0.050403498113155365,0.46040868759155273,0.027091458439826965,0.04442279040813446,0.09013193845748901,0.3779452443122864,33.70703807473183,,,
m5b_smooth0.1,41,0.10042794980108738,0.5106228590011597,0.018406609073281288,0.030493471771478653,0.06990873068571091,0.3705688416957855,36.42458346299827,,,
m5b_smooth0.1,42,0.12254977039992809,0.46569836139678955,0.03497248888015747,0.04840138927102089,0.09670943021774292,0.354218065738678,33.758097272366285,,,
m5b_smooth0.1,43,0.23761121556162834,0.37784114480018616,0.08526409417390823,0.07948131114244461,0.13414350152015686,0.32326966524124146,28.45895653963089,,,
m5b_smooth0.1,44,0.06988530606031418,0.3727278709411621,0.11425159871578217,0.08543669432401657,0.1264864206314087,0.3010976016521454,27.835005305707455,,,
m5b_smooth0.1,45,0.04977741837501526,0.3577031195163727,0.1165841743350029,0.1022501140832901,0.13222917914390564,0.29123368859291077,26.888397581875324,,,
m5b_smooth0.1,46,0.059701062738895416,0.35609400272369385,0.11538559198379517,0.13210077583789825,0.12797634303569794,0.2684438228607178,26.531376004219055,,,
m5b_smooth0.1,47,0.10733635723590851,0.3159640431404114,0.10184678435325623,0.15440908074378967,0.14300958812236786,0.28476986289024353,24.510761812329292,,,
m5b_smooth0.1,48,0.1615479812026024,0.24014389514923096,0.09689316898584366,0.22362260520458221,0.14797794818878174,0.2913621962070465,20.29131107777357,,,
m5b_smooth0.1,49,0.08125532418489456,0.24349981546401978,0.06130796670913696,0.21858057379722595,0.16003160178661346,0.31658071279525757,20.8793898075819,,,
m5b_smooth0.1,50,0.05913456529378891,0.27142462134361267,0.045663975179195404,0.20532137155532837,0.1616733968257904,0.31591594219207764,22.50164233893156,,,
m5b_smooth0.1,51,0.05374398082494736,0.256524920463562,0.04669862985610962,0.202438622713089,0.1525844782590866,0.34175390005111694,21.89815567433834,,,
m5b_smooth0.1,52,0.05920545011758804,0.26094403862953186,0.04770752042531967,0.17283564805984497,0.1554199755191803,0.3630928695201874,22.39409678429365,,,
m5b_smooth0.1,53,0.08296967297792435,0.2930785119533539,0.04614555835723877,0.15586325526237488,0.1324699968099594,0.3724437355995178,24.23994831740856,,,
m5b_smooth0.1,54,0.01781308278441429,0.2999628782272339,0.04674622043967247,0.14938955008983612,0.1338910162448883,0.3700104057788849,24.61007035896182,,,
m5b_smooth0.1,55,0.05897698551416397,0.3271094858646393,0.037135083228349686,0.13288328051567078,0.13623274862766266,0.3666391670703888,26.1489316560328,,,
m5b_smooth0.1,56,0.06022706627845764,0.3272189199924469,0.03772607818245888,0.13789436221122742,0.16063469648361206,0.336525559425354,25.920345071703196,,,
m5b_smooth0.1,57,0.04074825718998909,0.32193800806999207,0.039830319583415985,0.12409880757331848,0.15933752059936523,0.3547959327697754,25.810912929475307,,,
m5b_smooth0.1,58,0.024766698479652405,0.3281020224094391,0.04185459762811661,0.12829358875751495,0.15233437716960907,0.34941545128822327,26.071013666689396,,,
m5b_smooth0.1,59,0.031217921525239944,0.32378089427948,0.03649202361702919,0.12642496824264526,0.14827774465084076,0.3650244176387787,25.99090664461255,,,
m5b_smooth0.1,60,0.019321661442518234,0.32827049493789673,0.03826169669628143,0.12128487229347229,0.15167953073978424,0.3605039119720459,26.207157492637634,,,
m5b_smooth0.1,61,0.03516212850809097,0.31163591146469116,0.0373147651553154,0.12846854329109192,0.15868258476257324,0.36389780044555664,25.326222382485867,,,
m5b_smooth0.1,62,0.13210337609052658,0.37708529829978943,0.03791765868663788,0.11436194181442261,0.1586531400680542,0.31198275089263916,28.4844518750906,,,
m5b_smooth0.1,63,0.06280495971441269,0.38753649592399597,0.034054070711135864,0.09969212859869003,0.1457834243774414,0.3329333961009979,29.266871728003025,,,
m5b_smooth0.1,64,0.03352620080113411,0.37723925709724426,0.03251924738287926,0.09752582758665085,0.14301909506320953,0.34969690442085266,28.85634248331189,,,
m5b_smooth0.1,65,0.0469026193022728,0.3537875711917877,0.03411379083991051,0.09822948276996613,0.15110959112644196,0.36275914311408997,27.692451652139425,,,
m5b_smooth0.1,66,0.054300326853990555,0.3809380829334259,0.03301265090703964,0.09427280724048615,0.14498308300971985,0.34679365158081055,29.04210875183344,,,
m5b_smooth0.1,67,0.03815816715359688,0.39674681425094604,0.033574316650629044,0.09209456294775009,0.1476917713880539,0.3298928141593933,29.767008658498526,,,
m5b_smooth0.1,68,0.03189411014318466,0.41269364953041077,0.03291003033518791,0.09078279882669449,0.13436096906661987,0.3292523920536041,30.616937670856714,,,
m5b_smooth0.1,69,0.11070969700813293,0.45817989110946655,0.03467993810772896,0.09476417303085327,0.1384785771369934,0.27389782667160034,32.61368553712964,,,
m5b_smooth0.1,70,0.061184320598840714,0.44318687915802,0.0336020290851593,0.08611708879470825,0.13260366022586823,0.30448922514915466,32.07424081861973,,,
m5b_smooth0.1,71,0.06640657782554626,0.46018683910369873,0.0364893302321434,0.0893777534365654,0.14265990257263184,0.27128681540489197,32.712467670440674,,,
m5b_smooth0.1,72,0.01972455531358719,0.4645886719226837,0.038204751908779144,0.08919751644134521,0.1329776793718338,0.2750316560268402,32.96240455657244,,,
m5b_smooth0.1,73,0.06210431084036827,0.4840916693210602,0.032895829528570175,0.08297908306121826,0.11345233023166656,0.28658026456832886,34.133623253554106,,,
m5b_smooth0.1,74,0.03244860842823982,0.476887971162796,0.03586796671152115,0.0896354541182518,0.12004849314689636,0.2775600254535675,33.64423240721226,,,
m5b_smooth0.1,75,0.12323099002242088,0.5385037660598755,0.0350286103785038,0.08023640513420105,0.10990384221076965,0.2363278865814209,36.663881096988916,,,
m5b_smooth0.1,76,0.10254829749464989,0.48874178528785706,0.033516451716423035,0.08462300151586533,0.1239490956068039,0.26917019486427307,34.24791897088289,,,
m5b_smooth0.1,77,0.08332888782024384,0.5304062366485596,0.02698354423046112,0.07016785442829132,0.11543572694063187,0.2570071816444397,36.46801193803549,,,
m5b_smooth0.1,78,0.11427612788975239,0.47326770424842834,0.029080668464303017,0.07042868435382843,0.12751701474189758,0.29970553517341614,33.7249255720526,,,
m5b_smooth0.1,79,0.0497688464820385,0.4981522262096405,0.027927933260798454,0.060049742460250854,0.11845560371875763,0.2954142987728119,35.06220014207065,,,
m5b_smooth0.1,80,0.033128196373581886,0.4825293719768524,0.029120251536369324,0.059108488261699677,0.12097658216953278,0.3082650899887085,34.32075536996126,,,
m5b_smooth0.1,81,0.25685970671474934,0.3549831509590149,0.02823655866086483,0.06421712040901184,0.12780627608299255,0.42475655674934387,28.361112704500556,,,
m5b_smooth0.1,82,0.11325590126216412,0.37766197323799133,0.04344655200839043,0.07562766224145889,0.13513512909412384,0.36812886595726013,29.029797960072756,,,
m5b_smooth0.1,83,0.16116615012288094,0.29707860946655273,0.08399398624897003,0.08138414472341537,0.140788272023201,0.39675459265708923,24.692945189774036,,,
m5b_smooth0.1,84,0.17301803082227707,0.210569828748703,0.13783299922943115,0.08728773891925812,0.14315226674079895,0.42115724086761475,19.932153180241585,,,
m5b_smooth0.1,85,0.05722212791442871,0.18824073672294617,0.1321570873260498,0.10889418423175812,0.14254620671272278,0.4281618595123291,18.74537332355976,,,
m5b_smooth0.1,86,0.06968091428279877,0.1709495186805725,0.13139945268630981,0.14373476803302765,0.13830937445163727,0.415607213973999,17.60624149441719,,,
m5b_smooth0.1,87,0.15932034701108932,0.1367505043745041,0.08593810349702835,0.15975137054920197,0.15800875425338745,0.45955121517181396,16.310000769793987,,,
m5b_smooth0.1,88,0.20066998898983002,0.10880018025636673,0.08220802247524261,0.2245398610830307,0.19355516135692596,0.3908965289592743,14.11127595603466,,,
m5b_smooth0.1,89,0.0642443373799324,0.10365163534879684,0.0710550919175148,0.20871947705745697,0.1946561634540558,0.42191800475120544,14.185756854712963,,,
m5b_smooth0.1,90,0.03720942139625549,0.09299366176128387,0.06310796737670898,0.2210330367088318,0.19587299227714539,0.42699193954467773,13.654824882745743,,,
m5b_smooth0.1,91,0.06791593134403229,0.09286682307720184,0.06035274267196655,0.1899573802947998,0.20385931432247162,0.45296382904052734,13.97074307501316,,,
m5b_smooth0.1,92,0.12507861107587814,0.09846093505620956,0.06349973380565643,0.1274181455373764,0.2264288365840912,0.4841925799846649,14.717108249664307,,,
m5b_smooth0.1,93,0.06698192656040192,0.09107575565576553,0.05246191471815109,0.11234983056783676,0.23475392162799835,0.5093581080436707,14.628347709774971,,,
m5b_smooth0.1,94,0.01213722676038742,0.09130290895700455,0.05406758189201355,0.11253229528665543,0.2286856323480606,0.5134117603302002,14.65840307623148,,,
m5b_smooth0.1,95,0.10246264562010765,0.087593212723732,0.04527187719941139,0.07634131610393524,0.2261507511138916,0.564643144607544,15.017947871237993,,,
m5b_smooth0.1,96,0.08068278059363365,0.08775337785482407,0.044762566685676575,0.07332779467105865,0.26633161306381226,0.5278242230415344,14.783809036016464,,,
m5b_smooth0.1,97,0.06330933794379234,0.09234833717346191,0.049623291939496994,0.07341287285089493,0.28844571113586426,0.4961697459220886,14.776258561760187,,,
m5b_smooth0.1,98,0.03331609442830086,0.0897689014673233,0.04783627390861511,0.06920187175273895,0.2803654372692108,0.5128281116485596,14.78372760117054,,,
m5b_smooth0.1,99,0.017250943928956985,0.09019937366247177,0.050459135323762894,0.07477361708879471,0.2731974422931671,0.5113702416419983,14.7583078853786,,,
m5b_smooth0.1,100,0.04979492723941803,0.09368760883808136,0.053163859993219376,0.07745949923992157,0.28921645879745483,0.4864731729030609,14.741938520222902,,,
m5b_smooth0.1,101,0.043993160128593445,0.08617428690195084,0.05060049518942833,0.06553967297077179,0.29261839389801025,0.5050678849220276,14.536955874413252,,,
m5b_smooth0.1,102,0.12500633299350739,0.0941409096121788,0.05298413708806038,0.06440568715333939,0.34477120637893677,0.44369861483573914,14.519834827631712,,,
m5b_smooth0.1,103,0.1968661993741989,0.08396844565868378,0.04430953413248062,0.05508391186594963,0.2745072543621063,0.5421320199966431,14.759067069739103,,,
m5b_smooth0.1,104,0.02846931666135788,0.08962510526180267,0.046793852001428604,0.05815959721803665,0.27752476930618286,0.5278968811035156,14.932008679956198,,,
m5b_smooth0.1,105,0.22298406064510345,0.0831148773431778,0.04034729674458504,0.055055297911167145,0.1820937693119049,0.6393888592720032,15.418506246060133,,,
m5b_smooth0.1,106,0.029431913048028946,0.08758155256509781,0.038523878902196884,0.0604800246655941,0.16920113563537598,0.6442133188247681,15.678251519799232,,,
m5b_smooth0.1,107,0.17520621605217457,0.07374715059995651,0.028572799637913704,0.0524248443543911,0.11343849450349808,0.7318162322044373,15.650173081085086,,,
m5b_smooth0.1,108,0.03221674636006355,0.07065481692552567,0.025729039683938026,0.05392416566610336,0.10326620191335678,0.7464252710342407,15.599607760086656,,,
m5b_smooth0.1,109,0.043980978429317474,0.07445918023586273,0.026286030188202858,0.06255242228507996,0.11226733028888702,0.724435031414032,15.609455863013864,,,
m5b_smooth0.1,110,0.04007044807076454,0.08178522437810898,0.02951815538108349,0.0690363347530365,0.11526042968034744,0.7043997645378113,15.812160333618522,,,
m5b_smooth0.1,111,0.062450699508190155,0.0702703669667244,0.025093765929341316,0.06170888617634773,0.10730180889368057,0.735625147819519,15.476307174190879,,,
m5b_smooth0.1,112,0.0070300474762916565,0.06746462732553482,0.024554600939154625,0.061538852751255035,0.1079154834151268,0.7385265827178955,15.351829340681434,,,
m5b_smooth0.1,113,0.09773215837776661,0.05842187628149986,0.02187487855553627,0.049571868032217026,0.08273929357528687,0.7873930931091309,15.27858141809702,,,
m5b_smooth0.1,114,0.008048763498663902,0.05982699245214462,0.0237178523093462,0.05034790188074112,0.08075253665447235,0.7853552103042603,15.324621805921197,,,
m5b_smooth0.1,115,0.0805788692086935,0.05102775990962982,0.020701058208942413,0.04015173763036728,0.06247502192854881,0.8256443738937378,15.199168253690004,,,
m5b_smooth0.1,116,0.015041043981909752,0.054915547370910645,0.02252361737191677,0.04176316037774086,0.06267344206571579,0.8181235194206238,15.335189307108521,,,
m5b_smooth0.1,117,0.04575730487704277,0.04876583814620972,0.02017413266003132,0.03640769049525261,0.053649984300136566,0.8410027027130127,15.204935221001506,,,
m5b_smooth0.1,118,0.0059471335262060165,0.0511736199259758,0.02073970064520836,0.035736698657274246,0.05243926867842674,0.839910626411438,15.324190642684698,,,
m5b_smooth0.1,119,0.013113699853420258,0.05441689491271973,0.02192837744951248,0.03786114603281021,0.05195079371333122,0.8338418006896973,15.437966275960207,,,
m5b_smooth0.3,4,,0.20000606775283813,0.20000606775283813,0.20000606775283813,0.20000606775283813,0.20000606775283813,17.00051575899124,,,
m5b_smooth0.3,5,0.08993926644325256,0.19302456080913544,0.24496065080165863,0.17596590518951416,0.19302456080913544,0.19302456080913544,16.40784779191017,,,
m5b_smooth0.3,6,0.06873632967472076,0.19213183224201202,0.2132708728313446,0.21033427119255066,0.19213183224201202,0.19213183224201202,16.40695209801197,,,
m5b_smooth0.3,7,0.04744847118854523,0.1938839703798294,0.189546138048172,0.22880159318447113,0.1938839703798294,0.1938839703798294,16.580552518367767,,,
m5b_smooth0.3,8,0.06341512501239777,0.20445312559604645,0.1656552255153656,0.22098484635353088,0.20445312559604645,0.20445312559604645,17.38931293785572,,,
m5b_smooth0.3,9,0.045514389872550964,0.21297411620616913,0.16567809879779816,0.19822774827480316,0.21014556288719177,0.21297411620616913,17.991464883089066,,,
m5b_smooth0.3,10,0.028190448880195618,0.21186304092407227,0.16180889308452606,0.2123231589794159,0.2021418660879135,0.21186305582523346,17.891636669635773,,,
m5b_smooth0.3,11,0.07601480185985565,0.22958213090896606,0.1318274587392807,0.20429670810699463,0.20471061766147614,0.22958213090896606,19.166769593954086,,,
m5b_smooth0.3,12,0.04468551278114319,0.233291357755661,0.1318705528974533,0.18195432424545288,0.21959219872951508,0.233291357755661,19.478439390659332,,,
m5b_smooth0.3,13,0.055092692375183105,0.24388617277145386,0.13570356369018555,0.18447794020175934,0.19204573333263397,0.24388614296913147,20.081033885478973,,,
m5b_smooth0.3,14,0.08661159873008728,0.2486777901649475,0.10466529428958893,0.17221073806285858,0.22576859593391418,0.2486777901649475,20.60383415222168,,,
m5b_smooth0.3,15,0.04293659329414368,0.2492145448923111,0.10429944097995758,0.19260501861572266,0.2046656459569931,0.2492145448923111,20.5566503405571,,,
m5b_smooth0.3,16,0.09902136027812958,0.26336222887039185,0.09191752970218658,0.15547674894332886,0.22623610496520996,0.26300758123397827,21.62584038078785,,,
m5b_smooth0.3,17,0.05106102675199509,0.27638620138168335,0.0926750972867012,0.15607762336730957,0.2007053792476654,0.27415546774864197,22.387194253504276,,,
m5b_smooth0.3,18,0.017490394413471222,0.27445128560066223,0.09477859735488892,0.16158407926559448,0.2018411010503769,0.267345666885376,22.202335014939308,,,
m5b_smooth0.3,19,0.049598269164562225,0.2783774733543396,0.08756501227617264,0.14776119589805603,0.22271351516246796,0.2635824680328369,22.48264615982771,,,
m5b_smooth0.3,20,0.02537240833044052,0.27838969230651855,0.08306445181369781,0.15825238823890686,0.2248968929052353,0.25539740920066833,22.411045134067535,,,
m5b_smooth0.3,21,0.02048724889755249,0.2800476551055908,0.0856635570526123,0.16423870623111725,0.2193158119916916,0.2507346272468567,22.426734447479248,,,
m5b_smooth0.3,22,0.04172074794769287,0.2957388758659363,0.08550362288951874,0.16308006644248962,0.19977353513240814,0.25590330362319946,23.300137370824814,,,
m5b_smooth0.3,23,0.12206996977329254,0.3353255093097687,0.07023561000823975,0.12816499173641205,0.18892189860343933,0.27735191583633423,25.77964125573635,,,
m5b_smooth0.3,24,0.054969705641269684,0.32633668184280396,0.07256108522415161,0.12377672642469406,0.21408115327358246,0.26324403285980225,25.20807670801878,,,
m5b_smooth0.3,25,0.13856447488069534,0.3744172751903534,0.06750919669866562,0.09963779896497726,0.17398999631404877,0.28444594144821167,28.031632259488106,,,
m5b_smooth0.3,26,0.02164740115404129,0.37630683183670044,0.07036085426807404,0.09652390331029892,0.18007230758666992,0.27673596143722534,28.07315208762884,,,
m5b_smooth0.3,27,0.1385100707411766,0.4310900568962097,0.06159540265798569,0.07882668823003769,0.13727974891662598,0.29120758175849915,31.20134326815605,,,
m5b_smooth0.3,28,0.03375696390867233,0.447968989610672,0.060176998376846313,0.0746508315205574,0.1322857290506363,0.28491783142089844,32.07711861282587,,,
m5b_smooth0.3,29,0.06579714268445969,0.4150700569152832,0.06361940503120422,0.0780242532491684,0.13617369532585144,0.3071122467517853,30.454682901501656,,,
m5b_smooth0.3,30,0.04467921704053879,0.4177762567996979,0.05891839414834976,0.07754160463809967,0.1190178394317627,0.32674574851989746,30.765683971345425,,,
m5b_smooth0.3,31,0.035610392689704895,0.40846461057662964,0.06053026765584946,0.08581952750682831,0.12693291902542114,0.3182518780231476,30.169922210276127,,,
m5b_smooth0.3,32,0.02912609651684761,0.4036911725997925,0.061678674072027206,0.0927000343799591,0.1334676444530487,0.30846285820007324,29.81400265917182,,,
m5b_smooth0.3,33,0.07989721745252609,0.3963738977909088,0.05435938015580177,0.08536826819181442,0.11548737436532974,0.3484114706516266,29.779070261865854,,,
m5b_smooth0.3,34,0.0627753846347332,0.4035096764564514,0.05808062106370926,0.09447843581438065,0.12690749764442444,0.3170233964920044,29.87877655029297,,,
m5b_smooth0.3,35,0.07759064808487892,0.40516993403434753,0.05047671124339104,0.08323656022548676,0.10695852339267731,0.35415902733802795,30.317318480461836,,,
m5b_smooth0.3,36,0.06849764287471771,0.4251183569431305,0.05243876203894615,0.08883343636989594,0.11369965970516205,0.31990987062454224,31.10067629441619,,,
m5b_smooth0.3,37,0.07955330982804298,0.4351712167263031,0.04521743208169937,0.07579014450311661,0.09418759495019913,0.3496336340904236,31.93704491108656,,,
m5b_smooth0.3,38,0.032966092228889465,0.42499399185180664,0.047668009996414185,0.0818561464548111,0.10215436667203903,0.3433281183242798,31.314550183713436,,,
m5b_smooth0.3,39,0.04881095141172409,0.44280073046684265,0.043008096516132355,0.07376588135957718,0.0904989242553711,0.3499267101287842,32.364815980196,,,
m5b_smooth0.3,40,0.02496078610420227,0.4443073868751526,0.04459746181964874,0.07748682051897049,0.09616228193044662,0.3374462425708771,32.33288450539112,,,
m5b_smooth0.3,41,0.13133408688008785,0.5079393982887268,0.025400230661034584,0.0566420704126358,0.0705375075340271,0.33948156237602234,35.91819476522505,,,
m5b_smooth0.3,42,0.11189057491719723,0.4939463436603546,0.03471876680850983,0.07902051508426666,0.0947851687669754,0.2975286841392517,34.73745869100094,,,
m5b_smooth0.3,43,0.20541780814528465,0.5239555239677429,0.047075267881155014,0.1173446848988533,0.11680436879396439,0.19481992721557617,35.38155032321811,,,
m5b_smooth0.3,44,0.04482109844684601,0.5376964211463928,0.0483078770339489,0.12478172034025192,0.11583679169416428,0.17337694764137268,35.92257311567664,,,
m5b_smooth0.3,45,0.013734996318817139,0.5343862175941467,0.05037021264433861,0.12901408970355988,0.11228007078170776,0.17395031452178955,35.72185043618083,,,
m5b_smooth0.3,46,0.11877219378948212,0.593771755695343,0.04870117828249931,0.12249354273080826,0.09500055760145187,0.14003275334835052,38.667949598282576,,,
m5b_smooth0.3,47,0.14537335187196732,0.5282085537910461,0.05890101566910744,0.16806882619857788,0.11191190779209137,0.13290907442569733,34.89973111823201,,,
m5b_smooth0.3,48,0.026856761425733566,0.5233376026153564,0.06098751723766327,0.17809531092643738,0.11322809755802155,0.12435244023799896,34.5290604531765,,,
m5b_smooth0.3,49,0.03593511879444122,0.5334711670875549,0.05621996521949768,0.18592874705791473,0.10426411777734756,0.12011585384607315,35.033747009932995,,,
m5b_smooth0.3,50,0.04839925840497017,0.5566701889038086,0.05252911522984505,0.16802406311035156,0.10166047513484955,0.12111691385507584,36.364072758704424,,,
m5b_smooth0.3,51,0.045021843165159225,0.5670837163925171,0.05356763303279877,0.15769155323505402,0.08948133140802383,0.13217505812644958,37.02848540991545,,,
m5b_smooth0.3,52,0.027716893702745438,0.5809423923492432,0.049426380544900894,0.15723031759262085,0.08782932907342911,0.12457133084535599,37.73646480962634,,,
m5b_smooth0.3,53,0.08126343414187431,0.6147463917732239,0.04618214815855026,0.12368714064359665,0.09465748071670532,0.12072745710611343,39.6548138409853,,,
m5b_smooth0.3,54,0.046584755182266235,0.6310703754425049,0.044261664152145386,0.11654763668775558,0.10162540525197983,0.10649459809064865,40.460429310798645,,,
m5b_smooth0.3,55,0.028664249926805496,0.6275436282157898,0.04454631730914116,0.112739197909832,0.09462881833314896,0.12054242193698883,40.38537723943591,,,
m5b_smooth0.3,56,0.18845771253108978,0.5333147644996643,0.05131511017680168,0.13653667271137238,0.11295515298843384,0.16587866842746735,35.57279842719436,,,
m5b_smooth0.3,57,0.03263960778713226,0.5416856408119202,0.04842047765851021,0.1288401037454605,0.10722628980875015,0.17382733523845673,36.12024595960975,,,
m5b_smooth0.3,58,0.04166866093873978,0.5208511352539062,0.0525737963616848,0.14053645730018616,0.1098356619477272,0.1762024462223053,34.96093516424298,,,
m5b_smooth0.3,59,0.025000810623168945,0.5333518385887146,0.04730526730418205,0.14000773429870605,0.10757794231176376,0.171757310628891,35.626086730509996,,,
m5b_smooth0.3,60,0.02462327480316162,0.5363860130310059,0.04751187190413475,0.13892215490341187,0.11664881557226181,0.16053126752376556,35.71141857281327,,,
m5b_smooth0.3,61,0.09366564825177193,0.5706047415733337,0.04756589233875275,0.15148231387138367,0.10414477437734604,0.1262025684118271,37.23414670675993,,,
m5b_smooth0.3,62,0.0737217478454113,0.5370585322380066,0.056320276111364365,0.14816783368587494,0.12204869836568832,0.1364053189754486,35.48835106566548,,,
m5b_smooth0.3,63,0.10910053923726082,0.5916086435317993,0.05446190387010574,0.11285829544067383,0.11550689488649368,0.1255646049976349,38.45600813627243,,,
m5b_smooth0.3,64,0.0860949419438839,0.5510358214378357,0.0519871823489666,0.11327943950891495,0.1375598907470703,0.14613786339759827,36.46282410994172,,,
m5b_smooth0.3,65,0.029939115047454834,0.5576764941215515,0.05206918343901634,0.12152651697397232,0.12813915312290192,0.14058923721313477,36.742461774498224,,,
m5b_smooth0.3,66,0.07021139189600945,0.5337668657302856,0.05853975564241409,0.12018420547246933,0.11828532814979553,0.16922429203987122,35.64224170148373,,,
m5b_smooth0.3,67,0.034895870834589005,0.5472855567932129,0.05701996758580208,0.11376853287220001,0.1222146525979042,0.15971189737319946,36.3269281052053,,,
m5b_smooth0.3,68,0.1238543838262558,0.5961213111877441,0.050729263573884964,0.09470734745264053,0.13530609011650085,0.12313659489154816,38.773184936493635,,,
m5b_smooth0.3,69,0.1080184206366539,0.542111873626709,0.05500488355755806,0.09808360040187836,0.17754659056663513,0.1272532045841217,35.90033910050988,,,
m5b_smooth0.3,70,0.07859205082058907,0.5622339844703674,0.04777618497610092,0.0828719288110733,0.19672055542469025,0.11039759963750839,36.953041322529316,,,
m5b_smooth0.3,71,0.041996926069259644,0.5599980354309082,0.05048344284296036,0.08890286087989807,0.17795830965042114,0.1226581409573555,36.87999629229307,,,
m5b_smooth0.3,72,0.130568940192461,0.6047866344451904,0.05661296471953392,0.08147155493497849,0.12010443210601807,0.13702377676963806,39.347289595752954,,,
m5b_smooth0.3,73,0.020625613629817963,0.6016051173210144,0.054161254316568375,0.08235093206167221,0.11542539298534393,0.1464577466249466,39.25590729340911,,,
m5b_smooth0.3,74,0.11797627434134483,0.5426167249679565,0.05691172182559967,0.08928371220827103,0.14175042510032654,0.16943734884262085,36.24614221602678,,,
m5b_smooth0.3,75,0.055918529629707336,0.5705760717391968,0.05659427493810654,0.08108898997306824,0.1348598301410675,0.1568809300661087,37.67477738112211,,,
m5b_smooth0.3,76,0.11521803960204124,0.5161920189857483,0.05336908623576164,0.0872010886669159,0.1604180634021759,0.1828193962574005,34.968891482800245,,,
m5b_smooth0.3,77,0.09193900600075722,0.5621620416641235,0.04208739101886749,0.07762406021356583,0.1471758782863617,0.17095132172107697,37.42823172360659,,,
m5b_smooth0.3,78,0.10159016028046608,0.5113663077354431,0.04291005805134773,0.08180873841047287,0.167281836271286,0.19663244485855103,34.89414181932807,,,
m5b_smooth0.3,79,0.07777964696288109,0.550256609916687,0.04258043318986893,0.0749412402510643,0.1487390697002411,0.18348298966884613,36.892736092209816,,,
m5b_smooth0.3,80,0.017736922949552536,0.5591248273849487,0.042256247252225876,0.07191260904073715,0.1438686102628708,0.1828375607728958,37.372289840132,,,
m5b_smooth0.3,81,0.06843923777341843,0.543867826461792,0.036749277263879776,0.07621213048696518,0.173788920044899,0.16938212513923645,36.4853274486959,,,
m5b_smooth0.3,82,0.05276908352971077,0.5174827575683594,0.04482436180114746,0.08480092883110046,0.18178780376911163,0.171103373169899,35.01615445315838,,,
m5b_smooth0.3,83,0.06174509599804878,0.5003162622451782,0.04999159649014473,0.09362524747848511,0.1986696422100067,0.15739816427230835,33.94410486891866,,,
m5b_smooth0.3,84,0.17270155996084213,0.42128896713256836,0.050400909036397934,0.14227229356765747,0.23596356809139252,0.15007418394088745,29.507339369505644,,,
m5b_smooth0.3,85,0.04385094717144966,0.4138535261154175,0.0503581240773201,0.14451350271701813,0.25564801692962646,0.1356271207332611,29.003426007926464,,,
m5b_smooth0.3,86,0.031754832714796066,0.42432019114494324,0.04887757822871208,0.1375160962343216,0.24824801087379456,0.14103733003139496,29.632896032184362,,,
m5b_smooth0.3,87,0.060878824442625046,0.42149215936660767,0.0419129803776741,0.1536390334367752,0.26256492733955383,0.12039098888635635,29.315787978470325,,,
m5b_smooth0.3,88,0.05074513331055641,0.44003015756607056,0.04364796355366707,0.15402083098888397,0.23719190061092377,0.12510831654071808,30.319379646331072,,,
m5b_smooth0.3,89,0.07927330210804939,0.47290560603141785,0.04174559563398361,0.16078242659568787,0.2046525925397873,0.1199137344956398,32.009789668023586,,,
m5b_smooth0.3,90,0.21266770362854004,0.3665715754032135,0.04460592567920685,0.1924283653497696,0.2621353268623352,0.13425840437412262,26.33075049519539,,,
m5b_smooth0.3,91,0.05417238920927048,0.3727019131183624,0.0473523810505867,0.18708424270153046,0.24039331078529358,0.15246786177158356,26.78802313655615,,,
m5b_smooth0.3,92,0.05027714744210243,0.3706495761871338,0.048557352274656296,0.16421423852443695,0.2643272876739502,0.15225200355052948,26.76199370250106,,,
m5b_smooth0.3,93,0.07566064223647118,0.34670838713645935,0.04414920508861542,0.15473321080207825,0.29293376207351685,0.16147580742835999,25.62204970419407,,,
m5b_smooth0.3,94,0.11984659731388092,0.3528774082660675,0.04632532596588135,0.1664232313632965,0.23301056027412415,0.20136404037475586,26.168410003185272,,,
m5b_smooth0.3,95,0.07596691697835922,0.36272165179252625,0.04081880301237106,0.13394570350646973,0.2556564509868622,0.20685677230358124,26.891544990241528,,,
m5b_smooth0.3,96,0.2081003300845623,0.25867167115211487,0.0421208031475544,0.1522737592458725,0.30874374508857727,0.23818977177143097,21.51510537043214,,,
m5b_smooth0.3,97,0.05849071592092514,0.23384948074817657,0.04486308619379997,0.14785060286521912,0.327127069234848,0.2463095337152481,20.25760669633746,,,
m5b_smooth0.3,98,0.1502603404223919,0.2278892546892166,0.03982950747013092,0.12836046516895294,0.4022569954395294,0.2016630619764328,19.73734802007675,,,
m5b_smooth0.3,99,0.08659263327717781,0.22048263251781464,0.04064776375889778,0.13868080079555511,0.3663676679134369,0.23382115364074707,19.52371794357896,,,
m5b_smooth0.3,100,0.042592499405145645,0.22262249886989594,0.03915220499038696,0.128538578748703,0.35670897364616394,0.25297731161117554,19.820763051509857,,,
m5b_smooth0.3,101,0.15225271880626678,0.18320630490779877,0.03316327929496765,0.09781746566295624,0.3877622187137604,0.29805055260658264,18.206037238240242,,,
m5b_smooth0.3,102,0.11117285117506981,0.1936405450105667,0.03194380924105644,0.0892753079533577,0.43291422724723816,0.2522255778312683,18.479760114103556,,,
m5b_smooth0.3,103,0.08435076288878918,0.1622491031885147,0.028728006407618523,0.09660244733095169,0.4677627384662628,0.2446577101945877,16.753028651699424,,,
m5b_smooth0.3,104,0.2288891989737749,0.16874238848686218,0.03183572739362717,0.12171615660190582,0.3533182442188263,0.32438769936561584,17.53618300706148,,,
m5b_smooth0.3,105,0.06565159559249878,0.1478666514158249,0.028228871524333954,0.1171865165233612,0.38614407181739807,0.32057416439056396,16.442834310233593,,,
m5b_smooth0.3,106,0.05301125533878803,0.15574730932712555,0.029742220416665077,0.13429796695709229,0.3727536201477051,0.3074588179588318,16.691173473373055,,,
m5b_smooth0.3,107,0.11534643918275833,0.13186393678188324,0.026672760024666786,0.10357793420553207,0.39869847893714905,0.33918753266334534,15.788757579401135,,,
m5b_smooth0.3,108,0.062194906175136566,0.12954799830913544,0.0249828789383173,0.10107162594795227,0.42979562282562256,0.3146018981933594,15.51407358981669,,,
m5b_smooth0.3,109,0.041326483711600304,0.13823595643043518,0.025218434631824493,0.11281139403581619,0.42216524481773376,0.3015690743923187,15.834933757781982,,,
m5b_smooth0.3,110,0.06926056928932667,0.14012843370437622,0.027495460584759712,0.11290925741195679,0.45252832770347595,0.2669389545917511,15.67877291329205,,,
m5b_smooth0.3,111,0.13273377157747746,0.11243889480829239,0.022599361836910248,0.07912803441286087,0.4771362841129303,0.308697909116745,14.668041869997978,,,
m5b_smooth0.3,112,0.1376813594251871,0.11339249461889267,0.02607850916683674,0.08153771609067917,0.40829524397850037,0.3706957995891571,15.122049236670136,,,
m5b_smooth0.3,113,0.08449423685669899,0.09810275584459305,0.02527928166091442,0.0765710398554802,0.38710376620292664,0.41294291615486145,14.632084941491485,,,
m5b_smooth0.3,114,0.0530472993850708,0.1043049618601799,0.029877593740820885,0.09141956269741058,0.38797858357429504,0.38641947507858276,14.68815672956407,,,
m5b_smooth0.3,115,0.07203150726854801,0.08903998136520386,0.02653607353568077,0.07401015609502792,0.3922155499458313,0.4181981086730957,14.191247794777155,,,
m5b_smooth0.3,116,0.07108501717448235,0.08058039844036102,0.02429290860891342,0.06253859400749207,0.37884774804115295,0.45374101400375366,14.051041029393673,,,
m5b_smooth0.3,117,0.09602152556180954,0.06991122663021088,0.02125752717256546,0.052778564393520355,0.3543018102645874,0.5017520189285278,13.87890775501728,,,
m5b_smooth0.3,118,0.06952114403247833,0.07624008506536484,0.02320508286356926,0.05625372752547264,0.319540411233902,0.5247601866722107,14.349796861410141,,,
m5b_smooth0.3,119,0.04119064845144749,0.08256883174180984,0.026981571689248085,0.057256586849689484,0.32902824878692627,0.5041654706001282,14.514395566657186,,,
ensemble3,4,,,,,,,,0.33332547545433044,0.33332547545433044,0.33332547545433044
ensemble3,5,0.5819610059261322,,,,,,,0.624317467212677,0.18784096837043762,0.18784096837043762
ensemble3,6,0.27399860322475433,,,,,,,0.5411959886550903,0.32484060525894165,0.133963480591774
ensemble3,7,0.22010845690965652,,,,,,,0.4436057507991791,0.4348948895931244,0.12149954587221146
ensemble3,8,0.1520542874932289,,,,,,,0.36757799983024597,0.45034587383270264,0.18207509815692902
ensemble3,9,0.16691960394382477,,,,,,,0.40839311480522156,0.3668868839740753,0.22472059726715088
ensemble3,10,0.04475976526737213,,,,,,,0.4307726323604584,0.35554060339927673,0.21368663012981415
ensemble3,11,0.13496871292591095,,,,,,,0.49825695157051086,0.33397015929222107,0.16777268052101135
ensemble3,12,0.007744356989860535,,,,,,,0.49438485503196716,0.3341396152973175,0.17147548496723175
ensemble3,13,0.016660407185554504,,,,,,,0.48871225118637085,0.3314822018146515,0.17980587482452393
ensemble3,14,0.02891622483730316,,,,,,,0.478178471326828,0.34594058990478516,0.17588181793689728
ensemble3,15,0.03090459108352661,,,,,,,0.4628090560436249,0.345857173204422,0.1913335770368576
ensemble3,16,0.05617158114910126,,,,,,,0.4572339951992035,0.3233466148376465,0.21941953897476196
ensemble3,17,0.06897325813770294,,,,,,,0.4227474629878998,0.32797762751579285,0.24927525222301483
ensemble3,18,0.028117433190345764,,,,,,,0.43680569529533386,0.32412174344062805,0.23907193541526794
ensemble3,19,0.011791214346885681,,,,,,,0.4427012801170349,0.3221066892147064,0.23519136011600494
ensemble3,20,0.06272503733634949,,,,,,,0.4113394021987915,0.3458937108516693,0.24276749789714813
ensemble3,21,0.040964290499687195,,,,,,,0.3908569812774658,0.3537036180496216,0.2554394602775574
ensemble3,22,0.017851784825325012,,,,,,,0.39177778363227844,0.3617086708545685,0.24651353061199188
ensemble3,23,0.10391680896282196,,,,,,,0.4366077184677124,0.3688369691371918,0.19455495476722717
ensemble3,24,0.03919503092765808,,,,,,,0.4310898780822754,0.38843438029289246,0.1804751753807068
ensemble3,25,0.030818089842796326,,,,,,,0.4341646730899811,0.37302595376968384,0.1928100436925888
ensemble3,26,0.06574684381484985,,,,,,,0.4086046516895294,0.3657127618789673,0.22568367421627045
ensemble3,27,0.17316515743732452,,,,,,,0.4895305633544922,0.3713686168193817,0.13910028338432312
ensemble3,28,0.12420722842216492,,,,,,,0.44013383984565735,0.43347257375717163,0.12639373540878296
ensemble3,29,0.09356491267681122,,,,,,,0.405757337808609,0.42106643319129944,0.17317600548267365
ensemble3,30,0.04907481372356415,,,,,,,0.43029505014419556,0.4099588692188263,0.1597464680671692
ensemble3,31,0.02413816750049591,,,,,,,0.442363977432251,0.4023343026638031,0.1553017944097519
ensemble3,32,0.0740857720375061,,,,,,,0.4293118417263031,0.3783439099788666,0.1923450380563736
ensemble3,33,0.034354791045188904,,,,,,,0.4316549003124237,0.393178254365921,0.17516764998435974
ensemble3,34,0.08763004839420319,,,,,,,0.3908242881298065,0.3901934325695038,0.2189822643995285
ensemble3,35,0.05561766028404236,,,,,,,0.3630155324935913,0.3983544111251831,0.23863019049167633
ensemble3,36,0.047143206000328064,,,,,,,0.38584578037261963,0.3990957736968994,0.2150585949420929
ensemble3,37,0.11570608615875244,,,,,,,0.4436986446380615,0.3947337567806244,0.16156738996505737
ensemble3,38,0.036281049251556396,,,,,,,0.4255583882331848,0.40495356917381287,0.16948837041854858
ensemble3,39,0.20493602752685547,,,,,,,0.3230898082256317,0.42522895336151123,0.2516804337501526
ensemble3,40,0.2099848985671997,,,,,,,0.3906269669532776,0.32023677229881287,0.28913599252700806
ensemble3,41,0.06408065557479858,,,,,,,0.4073007106781006,0.3356034457683563,0.2570957541465759
ensemble3,42,0.6241516321897507,,,,,,,0.14612530171871185,0.6476793885231018,0.20619547367095947
ensemble3,43,0.25426460802555084,,,,,,,0.19040057063102722,0.5205472707748413,0.28905269503593445
ensemble3,44,0.2733648866415024,,,,,,,0.3164995014667511,0.5311301946640015,0.1523696631193161
ensemble3,45,0.22058041393756866,,,,,,,0.25005242228507996,0.48728716373443604,0.2626599669456482
ensemble3,46,0.5796865224838257,,,,,,,0.061029061675071716,0.7771310806274414,0.16184072196483612
ensemble3,47,0.06665113568305969,,,,,,,0.03167325258255005,0.8104570508003235,0.15787136554718018
ensemble3,48,0.10777826607227325,,,,,,,0.028116464614868164,0.8643453121185303,0.1075381487607956
ensemble3,49,0.11507638171315193,,,,,,,0.03332050144672394,0.9166795015335083,0.04999999329447746
ensemble3,50,0.04712668992578983,,,,,,,0.04103626683354378,0.932526707649231,0.026436274871230125
ensemble3,51,0.03365122340619564,,,,,,,0.05786260589957237,0.918917179107666,0.02322091907262802
ensemble3,52,0.02841263636946678,,,,,,,0.06681007891893387,0.904710590839386,0.028479494154453278
ensemble3,53,0.017090965062379837,,,,,,,0.05949831008911133,0.9034768342971802,0.037024933844804764
ensemble3,54,0.045015983283519745,,,,,,,0.03698921203613281,0.9236800074577332,0.039328645914793015
ensemble3,55,0.018444066867232323,,,,,,,0.029613642022013664,0.9218340516090393,0.04855118691921234
ensemble3,56,0.04024643637239933,,,,,,,0.034802138805389404,0.9017114043235779,0.0634864792227745
ensemble3,57,0.018530413508415222,,,,,,,0.038374461233615875,0.9074042439460754,0.05422122776508331
ensemble3,58,0.030756019055843353,,,,,,,0.05375313386321068,0.8986959457397461,0.04755217954516411
ensemble3,59,0.03250641003251076,,,,,,,0.07000589370727539,0.8824822306632996,0.0475122444331646
ensemble3,60,0.004094626754522324,,,,,,,0.06795879453420639,0.8838394284248352,0.048202574253082275
ensemble3,61,0.056279633194208145,,,,,,,0.045917898416519165,0.9119782447814941,0.04210265353322029
ensemble3,62,0.02583296224474907,,,,,,,0.033001478761434555,0.9246852397918701,0.042312201112508774
ensemble3,63,0.005046011880040169,,,,,,,0.0304782185703516,0.9255174398422241,0.044002752751111984
ensemble3,64,0.017553793266415596,,,,,,,0.0357217974960804,0.9167417287826538,0.04753725603222847
ensemble3,65,0.01479635015130043,,,,,,,0.043119579553604126,0.909452497959137,0.04742791876196861
ensemble3,66,0.009279195219278336,,,,,,,0.04366696625947952,0.9135450124740601,0.04278862476348877
ensemble3,67,0.012320302426815033,,,,,,,0.04578772559762001,0.90738445520401,0.046827610582113266
ensemble3,68,0.028852276504039764,,,,,,,0.03532682731747627,0.9218103289604187,0.04286210611462593
ensemble3,69,0.024609558284282684,,,,,,,0.039397209882736206,0.9095060229301453,0.051096975803375244
ensemble3,70,0.0014208294451236725,,,,,,,0.038896314799785614,0.9092962145805359,0.05180710181593895
ensemble3,71,0.02249237895011902,,,,,,,0.04449799656867981,0.8980498313903809,0.05745141580700874
ensemble3,72,0.03610599413514137,,,,,,,0.05386973172426224,0.8799968957901001,0.06613273918628693
ensemble3,73,0.02389005571603775,,,,,,,0.047684814780950546,0.8919421434402466,0.06037284806370735
ensemble3,74,0.013892251998186111,,,,,,,0.04942062869668007,0.8849959969520569,0.06558313965797424
ensemble3,75,0.0054939500987529755,,,,,,,0.04802706837654114,0.8877435922622681,0.06423034518957138
ensemble3,76,0.007327370345592499,,,,,,,0.044984959065914154,0.8914064168930054,0.06360790878534317
ensemble3,77,0.0025089308619499207,,,,,,,0.043900080025196075,0.8912373781204224,0.064862921833992
ensemble3,78,0.0626637190580368,,,,,,,0.058466069400310516,0.8599051237106323,0.08162839710712433
ensemble3,79,0.03017367050051689,,,,,,,0.048907723277807236,0.8749920129776001,0.07609996199607849
ensemble3,80,0.029450297355651855,,,,,,,0.053177911788225174,0.8602674007415771,0.08655545860528946
ensemble3,81,0.047049473971128464,,,,,,,0.04064673185348511,0.8492739796638489,0.11008033156394958
ensemble3,82,0.09898282587528229,,,,,,,0.03901475667953491,0.8014140725135803,0.15957127511501312
ensemble3,83,0.8772876262664795,,,,,,,0.24636010825634003,0.36276981234550476,0.39086928963661194
ensemble3,84,1.2426594905555248,,,,,,,0.8676906824111938,0.04140538349747658,0.09090480208396912
ensemble3,85,1.2237402237951756,,,,,,,0.25581952929496765,0.052032358944416046,0.692146897315979
ensemble3,86,0.4598465021699667,,,,,,,0.031049819663167,0.04687964916229248,0.9220709800720215
ensemble3,87,0.18046934716403484,,,,,,,0.014149684458971024,0.13711422681808472,0.8487363457679749
ensemble3,88,1.2108734408393502,,,,,,,0.007994952611625195,0.742550790309906,0.24945420026779175
ensemble3,89,0.4815012982580811,,,,,,,0.0018406545277684927,0.9833014607429504,0.014857870526611805
ensemble3,90,0.02445130725391209,,,,,,,0.0012095847632735968,0.9955272078514099,0.0032633801456540823
ensemble3,91,0.0018086566124111414,,,,,,,0.0021137234289199114,0.9954965114593506,0.0023895585909485817
ensemble3,92,0.015114163281396031,,,,,,,0.007550317328423262,0.9879398345947266,0.004510451108217239
ensemble3,93,0.06356911594048142,,,,,,,0.03135012835264206,0.956155002117157,0.012494923546910286
ensemble3,94,0.19834157265722752,,,,,,,0.10465998202562332,0.8569844365119934,0.038356076925992966
ensemble3,95,0.18239112570881844,,,,,,,0.1570872962474823,0.765788733959198,0.07712418586015701
ensemble3,96,0.12218020111322403,,,,,,,0.09599708020687103,0.8061262965202332,0.09787660837173462
ensemble3,97,0.08549034222960472,,,,,,,0.05325252190232277,0.8308427929878235,0.11590589582920074
ensemble3,98,0.04495708644390106,,,,,,,0.04244043305516243,0.819176197052002,0.13838429749011993
ensemble3,99,0.018946249037981033,,,,,,,0.036448150873184204,0.8286487460136414,0.13490287959575653
ensemble3,100,0.022785287350416183,,,,,,,0.034390125423669815,0.8400417566299438,0.12556862831115723
ensemble3,101,0.02013751119375229,,,,,,,0.03610200062394142,0.8483983278274536,0.11549956351518631
ensemble3,102,0.02215595915913582,,,,,,,0.04645700007677078,0.8373201489448547,0.11622234433889389
ensemble3,103,0.02881602942943573,,,,,,,0.0608661025762558,0.8238987922668457,0.11523677408695221
ensemble3,104,0.07012810558080673,,,,,,,0.08611487597227097,0.7888339757919312,0.12505128979682922
ensemble3,105,0.11710124462842941,,,,,,,0.12569281458854675,0.7302836179733276,0.14402423799037933
ensemble3,106,0.034880124032497406,,,,,,,0.10903038829565048,0.7477236986160278,0.1432466208934784
ensemble3,107,0.11027053743600845,,,,,,,0.06206464767456055,0.8028582334518433,0.1350763589143753
ensemble3,108,0.03866248205304146,,,,,,,0.042733561247587204,0.8110641241073608,0.14620186388492584
ensemble3,109,0.08313636854290962,,,,,,,0.04248847812414169,0.7697414755821228,0.18777050077915192
ensemble3,110,0.06975501030683517,,,,,,,0.048756107687950134,0.7348637580871582,0.21638016402721405
ensemble3,111,0.012967515736818314,,,,,,,0.055239755660295486,0.7320848703384399,0.21267518401145935
ensemble3,112,0.019042540341615677,,,,,,,0.06476161628961563,0.7253519892692566,0.20988738536834717
ensemble3,113,0.01919732242822647,,,,,,,0.06694065034389496,0.732771098613739,0.20028820633888245
ensemble3,114,0.07243014127016068,,,,,,,0.07348354905843735,0.6965559124946594,0.22996026277542114
ensemble3,115,0.016252048313617706,,,,,,,0.06882618367671967,0.7046818137168884,0.22649148106575012
ensemble3,116,0.04777690768241882,,,,,,,0.07938045263290405,0.6807935833930969,0.23982588946819305
ensemble3,117,0.04391191154718399,,,,,,,0.08301424235105515,0.658837616443634,0.25814804434776306
ensemble3,118,0.04571402072906494,,,,,,,0.07062231749296188,0.6483721137046814,0.2810046374797821
ensemble3,119,0.028861194849014282,,,,,,,0.06227930635213852,0.6422850489616394,0.29543575644493103
amgtp,4,,0.20000606775283813,0.20000606775283813,0.20000606775283813,0.20000606775283813,0.20000606775283813,17.00051575899124,,,
amgtp,5,0.34817034006118774,0.25802943110466003,0.07765743136405945,0.14825445413589478,0.25802943110466003,0.25802943110466003,21.422804713249207,,,
amgtp,6,0.23871543258428574,0.2978152930736542,0.042757466435432434,0.06379657238721848,0.2978152930736542,0.2978152930736542,24.357185922563076,,,
amgtp,7,0.05762078799307346,0.3074186444282532,0.031111666932702065,0.04663163796067238,0.3074186444282532,0.3074186444282532,25.071916779503226,,,
amgtp,8,0.007795719429850578,0.3066917657852173,0.029394537210464478,0.050529591739177704,0.3066917657852173,0.3066917657852173,25.023016341030598,,,
amgtp,9,0.15176823362708092,0.33489054441452026,0.0328071229159832,0.06660386174917221,0.23080794513225555,0.33489054441452026,26.630174610763788,,,
amgtp,10,0.1652020886540413,0.3694978356361389,0.03554737940430641,0.07724974304437637,0.14820654690265656,0.36949780583381653,28.647581856697798,,,
amgtp,11,0.12342851236462593,0.4003550112247467,0.03357510641217232,0.06088392809033394,0.10483050346374512,0.4003550112247467,30.576311245560646,,,
amgtp,12,0.0759735219180584,0.4193485975265503,0.031123105436563492,0.04380021244287491,0.08637987077236176,0.4193485975265503,31.798979055136442,,,
amgtp,13,0.019666526466608047,0.414432168006897,0.03644147887825966,0.04587230458855629,0.08882307261228561,0.414432168006897,31.463800333440304,,,
amgtp,14,0.0642942376434803,0.39835798740386963,0.04345179721713066,0.05893881618976593,0.1008920893073082,0.39835795760154724,30.405003521591425,,,
amgtp,15,0.02701733261346817,0.39314278960227966,0.04037405923008919,0.0637175664305687,0.10962256789207458,0.39314278960227966,30.091451164335012,,,
amgtp,16,0.028978202491998672,0.40214627981185913,0.03351256623864174,0.06084572896361351,0.11510857194662094,0.38838741183280945,30.58801031112671,,,
amgtp,17,0.08848841860890388,0.429511159658432,0.03269105404615402,0.06247059628367424,0.13036303222179413,0.3449647128582001,31.732819627970457,,,
amgtp,18,0.18712204322218895,0.5230720043182373,0.032635707408189774,0.059395480901002884,0.12438522279262543,0.2605117857456207,36.113003969192505,,,
amgtp,19,0.15660325810313225,0.6013737916946411,0.03157036751508713,0.05628393217921257,0.11603771895170212,0.19473470747470856,39.821399603039026,,,
amgtp,20,0.05492395535111427,0.6043100953102112,0.034745171666145325,0.06253693997859955,0.13113512098789215,0.16727226972579956,39.740719333291054,,,
amgtp,21,0.017962682992219925,0.6106972098350525,0.03733949363231659,0.05904373154044151,0.12723194062709808,0.1656874120235443,40.0665506310761,,,
amgtp,22,0.0837159976363182,0.6508157849311829,0.033799029886722565,0.04960407689213753,0.0983545258641243,0.16742730140686035,42.26402225717902,,,
amgtp,23,0.04259553737938404,0.6666669845581055,0.030144209042191505,0.05043108016252518,0.08071135729551315,0.17204664647579193,43.155089074745774,,,
amgtp,24,0.014740345999598503,0.6656727194786072,0.030227284878492355,0.056362275034189224,0.07433528453111649,0.17340238392353058,43.087657645344734,,,
amgtp,25,0.01413683220744133,0.6674289703369141,0.03061291202902794,0.05548731982707977,0.07926225662231445,0.16720935702323914,43.13857988640666,,,
amgtp,26,0.0286199189722538,0.6577368378639221,0.030754532665014267,0.05290748551487923,0.0934305414557457,0.1651713103055954,42.620099395513535,,,
amgtp,27,0.13942917622625828,0.7274514436721802,0.026542769744992256,0.04086589440703392,0.07653146982192993,0.12860916554927826,46.13247567974031,,,
amgtp,28,0.07769516110420227,0.766298770904541,0.02616983838379383,0.03624537214636803,0.06441055983304977,0.1068756952881813,48.059965861961246,,,
amgtp,29,0.07637563161551952,0.7281110286712646,0.0345853790640831,0.04575220122933388,0.07447529584169388,0.11707647889852524,46.018901478499174,,,
amgtp,30,0.01762666553258896,0.7332349419593811,0.0322628878057003,0.049441516399383545,0.0721399113535881,0.11292091757059097,46.26055618003011,,,
amgtp,31,0.047605125233531,0.7570375204086304,0.027759196236729622,0.049323488026857376,0.06481043249368668,0.10106956958770752,47.466627886518836,,,
amgtp,32,0.02537555806338787,0.7457619905471802,0.026347000151872635,0.04962475225329399,0.07075612246990204,0.10751044750213623,46.92137981206179,,,
amgtp,33,0.01968355104327202,0.7484626173973083,0.024295154958963394,0.04217321425676346,0.07041744142770767,0.11465130746364594,47.15661223605275,,,
amgtp,34,0.10051054693758488,0.6982070207595825,0.027882369235157967,0.045412685722112656,0.08011239767074585,0.14838461577892303,44.69471307657659,,,
amgtp,35,0.19019305892288685,0.6031106114387512,0.035230930894613266,0.055248890072107315,0.09631933271884918,0.2100895643234253,40.00310351699591,,,
amgtp,36,0.15287566184997559,0.6795485615730286,0.031212806701660156,0.04419688880443573,0.07898911833763123,0.1660521924495697,43.814371690154076,,,
amgtp,37,0.1822325363755226,0.7706651091575623,0.023201167583465576,0.03490840271115303,0.0579812116920948,0.11324423551559448,48.359120704233646,,,
amgtp,38,0.04247601702809334,0.7872728109359741,0.022691763937473297,0.039539020508527756,0.05528794229030609,0.09520921111106873,49.09762203320861,,,
amgtp,39,0.19127656519412994,0.6916341185569763,0.032450560480356216,0.0750456154346466,0.08404362201690674,0.11682601273059845,43.9795040525496,,,
amgtp,40,0.06929039396345615,0.7207649946212769,0.029870184138417244,0.048493027687072754,0.07853130251169205,0.12234024703502655,45.68373152054846,,,
amgtp,41,0.085270581766963,0.7517016530036926,0.04156922549009323,0.037473440170288086,0.05856328457593918,0.11069297045469284,47.21573330461979,,,
amgtp,42,0.8561971224844456,0.3512425422668457,0.41930603981018066,0.08764821290969849,0.058749984949827194,0.08305324614048004,23.33079855516553,,,
amgtp,43,0.573658537119627,0.38118478655815125,0.13247671723365784,0.2928316295146942,0.08813735097646713,0.105369433760643,25.974192328751087,,,
amgtp,44,0.27535755187273026,0.3302597999572754,0.08468787372112274,0.4305102825164795,0.07282079011201859,0.08172092586755753,22.84564521163702,,,
amgtp,45,0.04730986803770065,0.33460044860839844,0.0838656798005104,0.407677561044693,0.0878450945019722,0.08601092547178268,23.20199389755726,,,
amgtp,46,0.16501004248857498,0.3194151818752289,0.07938900589942932,0.3448348343372345,0.15275900065898895,0.10360239446163177,22.798550948500633,,,
amgtp,47,0.36732257157564163,0.26405638456344604,0.0642472505569458,0.2316739559173584,0.3227190673351288,0.11730346828699112,20.50393421947956,,,
amgtp,48,0.3637208752334118,0.1954685002565384,0.043973904103040695,0.13867497444152832,0.4908846914768219,0.13099850714206696,17.45828078314662,,,
amgtp,49,0.27239952236413956,0.21033532917499542,0.03252498432993889,0.082560695707798,0.4222480356693268,0.25233134627342224,19.388701919466257,,,
amgtp,50,0.2548352926969528,0.23161189258098602,0.03023557737469673,0.04948844015598297,0.5283889770507812,0.16027522087097168,20.01799038425088,,,
amgtp,51,0.38813408091664314,0.4175156354904175,0.03839868679642677,0.0363551490008831,0.42321646213531494,0.08451379835605621,29.344110675156116,,,
amgtp,52,0.3400525785982609,0.29771536588668823,0.03694148734211922,0.030252162367105484,0.5932433009147644,0.04184851422905922,22.72920223325491,,,
amgtp,53,0.4767717272043228,0.530072033405304,0.038442470133304596,0.034779805690050125,0.3630397915840149,0.03366558998823166,34.95970069244504,,,
amgtp,54,0.35436125099658966,0.36350345611572266,0.028816349804401398,0.03379394859075546,0.5374740958213806,0.03641198202967644,26.21249198168516,,,
amgtp,55,0.3142049703747034,0.49217846989631653,0.02271301858127117,0.03337286785244942,0.38689619302749634,0.06483962386846542,33.2695679012686,,,
amgtp,56,0.2948485855013132,0.4286290407180786,0.015914058312773705,0.026942426338791847,0.31625062227249146,0.2122638076543808,30.999931443482637,,,
amgtp,57,0.44356043450534344,0.34830769896507263,0.010771671310067177,0.01865536719560623,0.18822096288204193,0.4340437948703766,28.35935957916081,,,
amgtp,58,0.39516141545027494,0.5404922366142273,0.012958391569554806,0.02186479978263378,0.1668909341096878,0.2577930986881256,37.28542690817267,,,
amgtp,59,0.45868802070617676,0.3111484944820404,0.013599841855466366,0.02480943314731121,0.20699454843997955,0.44344767928123474,26.414167159236968,,,
amgtp,60,0.3358662901446223,0.46531233191490173,0.019211284816265106,0.032967276871204376,0.20637015998363495,0.27613890171051025,33.34738877415657,,,
amgtp,61,0.10580993443727493,0.42706555128097534,0.02385859191417694,0.03825003653764725,0.19171211123466492,0.31911394000053406,31.57212171703577,,,
amgtp,62,0.29367377795279026,0.3547700047492981,0.02234685607254505,0.02884383127093315,0.12808869779109955,0.4659508168697357,28.815010955557227,,,
amgtp,63,0.3347578663378954,0.5221486687660217,0.021162936463952065,0.020953113213181496,0.07371794432401657,0.3620170056819916,36.9972060918808,,,
amgtp,64,0.4182593449950218,0.36140474677085876,0.016082333400845528,0.014408526942133904,0.03695761039853096,0.5711469054222107,29.99835266917944,,,
amgtp,65,0.20084482245147228,0.4562034010887146,0.01901114359498024,0.01710337959229946,0.031095311045646667,0.4765866994857788,34.332406317815185,,,
amgtp,66,0.025711921975016594,0.46498817205429077,0.019886255264282227,0.02029983326792717,0.02662597969174385,0.4682004451751709,34.72126416862011,,,
amgtp,67,0.26491896249353886,0.33770883083343506,0.017572710290551186,0.023348335176706314,0.023759089410305023,0.597611129283905,28.88301700167358,,,
amgtp,68,0.28410919196903706,0.47013038396835327,0.018682878464460373,0.02811478078365326,0.027515914291143417,0.4555569291114807,34.88125866651535,,,
amgtp,69,0.035566093400120735,0.4825846254825592,0.01882711984217167,0.029608668759465218,0.03120623342692852,0.43777352571487427,35.41000364907086,,,
amgtp,70,0.24208994209766388,0.3694947063922882,0.016756417229771614,0.023724842816591263,0.031506188213825226,0.5585190653800964,30.297423562034965,,,
amgtp,71,0.2472052425146103,0.4847714304924011,0.018611228093504906,0.022853482514619827,0.03797634318470955,0.4357868731021881,35.54030813090503,,,
amgtp,72,0.053527556359767914,0.4580080211162567,0.020356126129627228,0.024391723796725273,0.04280407726764679,0.4544401466846466,34.235803158953786,,,
amgtp,73,0.12941047362983227,0.403400719165802,0.017943454906344414,0.021936124190688133,0.037574637681245804,0.5191456079483032,31.818855952471495,,,
amgtp,74,0.11735339649021626,0.4609079957008362,0.01730005070567131,0.023105403408408165,0.035552699118852615,0.46313410997390747,34.47384243644774,,,
amgtp,75,0.028745945543050766,0.4739520251750946,0.016810614615678787,0.024434028193354607,0.032815150916576385,0.4519878029823303,35.08476950787008,,,
amgtp,76,0.10201939009130001,0.42603373527526855,0.016786081716418266,0.02400357276201248,0.03017929010093212,0.5029980540275574,32.9040487036109,,,
amgtp,77,0.13568144291639328,0.49313607811927795,0.017523670569062233,0.023104393854737282,0.029202789068222046,0.43703222274780273,35.997872181236744,,,
amgtp,78,0.10062305256724358,0.5358420610427856,0.020469453185796738,0.026295417919754982,0.03067181445658207,0.3867209851741791,37.87867586314678,,,
amgtp,79,0.3119939863681793,0.3868344724178314,0.01890457607805729,0.02341405488550663,0.028129201382398605,0.5427185297012329,31.094178911298513,,,
amgtp,80,0.3091692328453064,0.5414184331893921,0.018765034154057503,0.021426014602184296,0.027255719527602196,0.3911343216896057,38.23481960967183,,,
amgtp,81,0.775742563419044,0.1712571233510971,0.013437566347420216,0.01689019426703453,0.019409198313951492,0.779005765914917,21.38148066122085,,,
amgtp,82,0.2635034555569291,0.04433875158429146,0.013927999883890152,0.02089696191251278,0.014575622975826263,0.906260073184967,15.526614366099238,,,
amgtp,83,0.7195911686867476,0.033299438655376434,0.08736497908830643,0.28815266489982605,0.033679019659757614,0.5575042963027954,10.99060257896781,,,
amgtp,84,0.9426518455147743,0.022456925362348557,0.17787085473537445,0.6689728498458862,0.024341829121112823,0.10635821521282196,5.191612742841244,,,
amgtp,85,0.4001946896314621,0.06212620064616203,0.12351618707180023,0.5232296586036682,0.06412781029939651,0.22699978947639465,9.047668926417828,,,
amgtp,86,0.45833345875144005,0.10460355877876282,0.08213737607002258,0.33544182777404785,0.1273590624332428,0.3504579961299896,13.16260176897049,,,
amgtp,87,0.07428360730409622,0.11325476318597794,0.07930168509483337,0.3011358678340912,0.14141321182250977,0.3648945987224579,13.876411944627762,,,
amgtp,88,0.05255308747291565,0.11016325652599335,0.07654321938753128,0.2890219986438751,0.16768990457057953,0.35658204555511475,13.71938257664442,,,
amgtp,89,0.15046309679746628,0.09810374677181244,0.0682435929775238,0.2570359408855438,0.2429211437702179,0.3336953818798065,13.097759574651718,,,
amgtp,90,0.26830819249153137,0.07315170019865036,0.05115441232919693,0.1905214637517929,0.3770754039287567,0.30809715390205383,11.964708797633648,,,
amgtp,91,0.25335102900862694,0.045991718769073486,0.031909774988889694,0.11025059968233109,0.4091576635837555,0.40269044041633606,11.623934511095285,,,
amgtp,92,0.47174790129065514,0.03850989043712616,0.02452852576971054,0.06779803335666656,0.2305995523929596,0.6385645866394043,13.092617131769657,,,
amgtp,93,0.26535477489233017,0.037393756210803986,0.02181621640920639,0.04630786180496216,0.12324011325836182,0.771241307258606,14.064424268901348,,,
amgtp,94,0.1358797736465931,0.039963383227586746,0.022189989686012268,0.03607960045337677,0.06552848219871521,0.8362377882003784,14.694260194897652,,,
amgtp,95,0.044595545157790184,0.04690270498394966,0.024385584518313408,0.03562573716044426,0.04368450865149498,0.8494005799293518,15.142824774608016,,,
amgtp,96,0.029468687251210213,0.05576252564787865,0.0268435999751091,0.039043109863996506,0.03782806918025017,0.8405235409736633,15.521850526332855,,,
amgtp,97,0.06508433818817139,0.07128570228815079,0.03293479233980179,0.04480821639299393,0.042990583926439285,0.8079811930656433,16.057172369211912,,,
amgtp,98,0.06216389685869217,0.08607280254364014,0.03487001731991768,0.049107473343610764,0.05305080488324165,0.7768990993499756,16.594503615051508,,,
amgtp,99,0.07544560730457306,0.06709135323762894,0.025712549686431885,0.039630673825740814,0.05294284597039223,0.8146210312843323,15.945380125194788,,,
amgtp,100,0.0808754712343216,0.0468224473297596,0.018246453255414963,0.028934970498085022,0.050936613231897354,0.8550595641136169,15.241788394749165,,,
amgtp,101,0.03551058191806078,0.036554768681526184,0.015497182495892048,0.024196458980441093,0.05179435387253761,0.8719569444656372,14.85133037995547,,,
amgtp,102,0.016997975297272205,0.0348890982568264,0.01637822762131691,0.024950604885816574,0.05865880846977234,0.8651242852210999,14.706927590072155,,,
amgtp,103,0.04357679560780525,0.03830596059560776,0.019404789432883263,0.028719844296574593,0.07023458182811737,0.8433359265327454,14.70226700231433,,,
amgtp,104,0.09407022036612034,0.05084821954369545,0.026081586256623268,0.037070829421281815,0.08969906717538834,0.7963002324104309,14.964283971115947,,,
amgtp,105,0.12521125562489033,0.07364361733198166,0.03134280815720558,0.04728442430496216,0.11403502523899078,0.7336951494216919,15.661790389567614,,,
amgtp,106,0.09792049042880535,0.09356505423784256,0.030832448974251747,0.054896820336580276,0.13546115159988403,0.6852449774742126,16.35108391009271,,,
amgtp,107,0.023487981408834457,0.08919508010149002,0.02793719433248043,0.05629947409033775,0.14580219984054565,0.6807659268379211,16.09987879730761,,,
amgtp,108,0.039236484095454216,0.08258350193500519,0.025443315505981445,0.05436008796095848,0.1372293084859848,0.7003846764564514,15.909524325281382,,,
amgtp,109,0.04566846415400505,0.07693862169981003,0.02377668023109436,0.052869558334350586,0.12319707125425339,0.7232188582420349,15.78614617139101,,,
amgtp,110,0.018458910286426544,0.07348070293664932,0.024256810545921326,0.05516473948955536,0.11742490530014038,0.729672372341156,15.635980755090714,,,
amgtp,111,0.022818461060523987,0.0700802281498909,0.02467121183872223,0.05665397644042969,0.10941654443740845,0.7391783595085144,15.513859674334526,,,
amgtp,112,0.012647571042180061,0.0709557831287384,0.026881316676735878,0.05989229679107666,0.10631804168224335,0.7359532713890076,15.51147728599608,,,
amgtp,113,0.008060628548264503,0.0716504454612732,0.029165741056203842,0.060942962765693665,0.1038551852107048,0.7343852519989014,15.51940118148923,,,
amgtp,114,0.012492239475250244,0.07264985889196396,0.032510701566934586,0.06284449249505997,0.10102055966854095,0.7309735417366028,15.520809214562178,,,
amgtp,115,0.010688461363315582,0.07511027902364731,0.034667305648326874,0.06084137037396431,0.09767965972423553,0.7317009568214417,15.65137917175889,,,
amgtp,116,0.017168164253234863,0.08290024101734161,0.03546168655157089,0.060051146894693375,0.09576117247343063,0.725825846195221,16.021519642323256,,,
amgtp,117,0.023980043828487396,0.08936488628387451,0.033697303384542465,0.05675552040338516,0.08883095532655716,0.7313510179519653,16.426587980240583,,,
amgtp,118,0.01933974400162697,0.09225551038980484,0.032487813383340836,0.0523521862924099,0.08477415144443512,0.738130509853363,16.65212119370699,,,
amgtp,119,0.010659009218215942,0.09471629559993744,0.03330007195472717,0.05052768439054489,0.08683008700609207,0.734624981880188,16.760421216487885,,,
amgtp_global_q,4,,0.20000606775283813,0.20000606775283813,0.20000606775283813,0.20000606775283813,0.20000606775283813,17.00051575899124,,,
amgtp_global_q,5,0.13766518235206604,0.22294509410858154,0.13442924618721008,0.19673478603363037,0.22294509410858154,0.22294509410858154,18.783186227083206,,,
amgtp_global_q,6,0.26773441582918167,0.26756754517555237,0.0816626101732254,0.11563435941934586,0.26756754517555237,0.26756754517555237,22.101536847651005,,,
amgtp_global_q,7,0.1288779154419899,0.28904733061790466,0.05527849495410919,0.07757988572120667,0.28904733061790466,0.2890473008155823,23.700851514935493,,,
amgtp_global_q,8,0.05088111758232117,0.2975274920463562,0.043542735278606415,0.06387504190206528,0.2975274920463562,0.2975274920463562,24.334894716739655,,,
amgtp_global_q,9,0.06348946318030357,0.3133998215198517,0.039442744106054306,0.06275715678930283,0.27100056409835815,0.3133998215198517,25.316304955631495,,,
amgtp_global_q,10,0.10240580514073372,0.3306131958961487,0.04364049434661865,0.07533573359251022,0.21979783475399017,0.3306131958961487,26.273609034717083,,,
amgtp_global_q,11,0.10569579154253006,0.35172343254089355,0.0471949577331543,0.08240844309329987,0.16694968938827515,0.35172343254089355,27.490602120757103,,,
amgtp_global_q,12,0.09879348799586296,0.37614598870277405,0.047746751457452774,0.07168371230363846,0.12827789783477783,0.3761460483074188,28.99554717168212,,,
amgtp_global_q,13,0.030736587941646576,0.3816993534564972,0.05200790986418724,0.06837033480405807,0.11622251570224762,0.3816993534564972,29.316428679972887,,,
amgtp_global_q,14,0.009990766644477844,0.3825691044330597,0.05488640442490578,0.0687481164932251,0.11122752726078033,0.3825691044330597,29.34983717277646,,,
amgtp_global_q,15,0.006263911724090576,0.38100290298461914,0.055410679429769516,0.0700998455286026,0.11248303204774857,0.38100290298461914,29.247306261211634,,,
amgtp_global_q,16,0.018115658313035965,0.38189515471458435,0.05172461271286011,0.07268805801868439,0.11806121468544006,0.3756319582462311,29.26877398788929,,,
amgtp_global_q,17,0.056860920041799545,0.3883080780506134,0.0504072941839695,0.0797799825668335,0.13298623263835907,0.3485182225704193,29.398390669375658,,,
amgtp_global_q,18,0.10833461955189705,0.4316624701023102,0.04847396910190582,0.0831957757472992,0.14038343727588654,0.2962843179702759,31.328474014997482,,,
amgtp_global_q,19,0.11599797755479813,0.4889102280139923,0.045366957783699036,0.08188208192586899,0.14113448560237885,0.24270585179328918,34.011450208723545,,,
amgtp_global_q,20,0.06639249995350838,0.5182135701179504,0.04501168802380562,0.08151848614215851,0.14502739906311035,0.21022847294807434,35.34077176824212,,,
amgtp_global_q,21,0.046196676790714264,0.5386725664138794,0.04765142872929573,0.07766077667474747,0.13829024136066437,0.19772540032863617,36.33717503771186,,,
amgtp_global_q,22,0.061527468264102936,0.5678207874298096,0.049267154186964035,0.07162788510322571,0.12154463678598404,0.1897403746843338,37.84057575836778,,,
amgtp_global_q,23,0.06218009442090988,0.5989106297492981,0.047681692987680435,0.06915188580751419,0.10485589504241943,0.17940032482147217,39.435370948165655,,,
amgtp_global_q,24,0.0471193864941597,0.6217778921127319,0.0471622459590435,0.06984416395425797,0.0941120833158493,0.16710373759269714,40.56160517409444,,,
amgtp_global_q,25,0.03688745200634003,0.6402218341827393,0.0449296273291111,0.0683913603425026,0.09067939966917038,0.15577833354473114,41.4790662266314,,,
amgtp_global_q,26,0.014769650995731354,0.6361432075500488,0.04448926821351051,0.07049276679754257,0.09596286714076996,0.15291254222393036,41.23707568272948,,,
amgtp_global_q,27,0.0643390379846096,0.6683124899864197,0.04173729568719864,0.0633619874715805,0.09170398861169815,0.13488441705703735,42.86088241636753,,,
amgtp_global_q,28,0.06268787011504173,0.6996561884880066,0.040034763514995575,0.05471363291144371,0.08609535545110703,0.11949976533651352,44.45921117439866,,,
amgtp_global_q,29,0.03936975449323654,0.6799716353416443,0.045411668717861176,0.05662640556693077,0.09320201724767685,0.12478862702846527,43.41304390504956,,,
amgtp_global_q,30,0.0072168633341789246,0.6785207390785217,0.04630102589726448,0.059345610439777374,0.0916488915681839,0.12418434768915176,43.31570531055331,,,
amgtp_global_q,31,0.02783571183681488,0.6884907484054565,0.044788163155317307,0.06329353898763657,0.0852469727396965,0.11818135529756546,43.79538146778941,,,
amgtp_global_q,32,0.008939985185861588,0.6872162818908691,0.04168599098920822,0.06485302001237869,0.08515308797359467,0.1210913360118866,43.76057228446007,,,
amgtp_global_q,33,0.026133868843317032,0.6994708776473999,0.03705611452460289,0.05970289558172226,0.08186666667461395,0.12190418690443039,44.46414274349809,,,
amgtp_global_q,34,0.06081269308924675,0.6690641641616821,0.039357759058475494,0.06337868422269821,0.0897115096449852,0.13848789036273956,42.94015469402075,,,
amgtp_global_q,35,0.12125768885016441,0.6084354519844055,0.0462760366499424,0.07125289738178253,0.10505279898643494,0.1689830869436264,39.867294657975435,,,
amgtp_global_q,36,0.03976582735776901,0.6274026036262512,0.04719212278723717,0.06340695172548294,0.10094284266233444,0.16105639934539795,40.84295868501067,,,
amgtp_global_q,37,0.1263490989804268,0.6905769109725952,0.039820730686187744,0.05293358489871025,0.0828668549656868,0.1338023543357849,44.08653708919883,,,
amgtp_global_q,38,0.05278310179710388,0.7167810797691345,0.037032511085271835,0.05312153697013855,0.07561396062374115,0.11745248734951019,45.37689445540309,,,
amgtp_global_q,39,0.08619023859500885,0.6736849546432495,0.041905585676431656,0.07016785442829132,0.08699380606412888,0.12724736332893372,43.06392615661025,,,
amgtp_global_q,40,0.03281756862998009,0.657276451587677,0.04476087540388107,0.07252560555934906,0.09198474884033203,0.13345244526863098,42.211152262985706,,,
amgtp_global_q,41,0.09211290627717972,0.6994664072990417,0.04862731322646141,0.06110178306698799,0.07523330301046371,0.11557120084762573,44.34454703330994,,,
amgtp_global_q,42,0.49824047088623047,0.4558276832103729,0.20941786468029022,0.13559651374816895,0.08906818926334381,0.11008962243795395,30.130600437521935,,,
amgtp_global_q,43,0.34569038450717926,0.3044451177120209,0.2181854248046875,0.29967448115348816,0.08892550319433212,0.08877001702785492,21.249174691736698,,,
amgtp_global_q,44,0.2264362797141075,0.33923235535621643,0.10979289561510086,0.3781053423881531,0.08483369648456573,0.08803617209196091,23.42439252883196,,,
amgtp_global_q,45,0.09015094488859177,0.3753427267074585,0.10260987281799316,0.3402130901813507,0.08778999745845795,0.09404516965150833,25.574975103139877,,,
amgtp_global_q,46,0.07080136239528656,0.3466551601886749,0.0958963930606842,0.36530110239982605,0.09740328788757324,0.09474418312311172,23.999350890517235,,,
amgtp_global_q,47,0.13476214557886124,0.28888341784477234,0.08628750592470169,0.3760114312171936,0.14528624713420868,0.10353241115808487,21.01378435641527,,,
amgtp_global_q,48,0.3875253424048424,0.2379218339920044,0.07506593316793442,0.2444313019514084,0.32195332646369934,0.12062738835811615,19.026126600801945,,,
amgtp_global_q,49,0.44625840708613396,0.1581757664680481,0.051795851439237595,0.13657152652740479,0.545082688331604,0.10837426781654358,15.284874986857176,,,
amgtp_global_q,50,0.24532511457800865,0.10593818873167038,0.038999684154987335,0.07894247770309448,0.6369635462760925,0.13915573060512543,13.039043493568897,,,
amgtp_global_q,51,0.5488793030381203,0.12280599027872086,0.04426104575395584,0.06441744416952133,0.37704959511756897,0.39146688580513,15.725756362080574,,,
amgtp_global_q,52,0.3864428997039795,0.14666785299777985,0.044696610420942307,0.0561617948114872,0.19208365678787231,0.5603907704353333,18.203309558331966,,,
amgtp_global_q,53,0.1965845189988613,0.23372109234333038,0.05593520775437355,0.055119797587394714,0.1513439565896988,0.5038797855377197,22.35828483477235,,,
amgtp_global_q,54,0.1624416634440422,0.3047971725463867,0.0621536448597908,0.059046510607004166,0.12857875227928162,0.44542455673217773,25.663118589669466,,,
amgtp_global_q,55,0.27904190868139267,0.2073652148246765,0.04799225926399231,0.056441884487867355,0.10325533896684647,0.5849450826644897,21.571249332278967,,,
amgtp_global_q,56,0.16879259794950485,0.1612185537815094,0.03593785688281059,0.05170556157827377,0.08179643005132675,0.6693413853645325,19.807522173970938,,,
amgtp_global_q,57,0.03708577901124954,0.1739226132631302,0.03303218260407448,0.05754464864730835,0.07573036849498749,0.6597704887390137,20.407922346144915,,,
amgtp_global_q,58,0.33566420897841454,0.2854897975921631,0.04168228060007095,0.08248699456453323,0.09840239584445953,0.49193793535232544,24.99447898566723,,,
amgtp_global_q,59,0.1450684443116188,0.3214516341686249,0.04352162778377533,0.09387440234422684,0.12174825370311737,0.41940394043922424,26.33613582700491,,,
amgtp_global_q,60,0.16012826189398766,0.25921300053596497,0.03972308710217476,0.07984747737646103,0.13106387853622437,0.4901524782180786,23.611627396196127,,,
amgtp_global_q,61,0.14318827167153358,0.20352891087532043,0.036469049751758575,0.06719155609607697,0.13203857839107513,0.5607720017433167,21.224856443703175,,,
amgtp_global_q,62,0.1189267449080944,0.17474739253520966,0.03394395858049393,0.05628695711493492,0.11478636413812637,0.6202353239059448,20.17444746568799,,,
amgtp_global_q,63,0.030725650489330292,0.18815858662128448,0.03589553013443947,0.05349397659301758,0.10466030985116959,0.617791473865509,20.867595460265875,,,
amgtp_global_q,64,0.1261492446064949,0.24018248915672302,0.04324879124760628,0.057190969586372375,0.10296513140201569,0.5564115643501282,23.13628887012601,,,
amgtp_global_q,65,0.19300049915909767,0.3182227909564972,0.05366110801696777,0.0637509897351265,0.10445325076580048,0.4599118232727051,26.508219815790653,,,
amgtp_global_q,66,0.06323495879769325,0.346812903881073,0.05500304326415062,0.06543616205453873,0.10405478626489639,0.4286925494670868,27.790164958685637,,,
amgtp_global_q,67,0.14836842194199562,0.2811577618122101,0.04771541804075241,0.06419496983289719,0.1087508425116539,0.49818095564842224,24.845555312931538,,,
amgtp_global_q,68,0.16263574734330177,0.2218552827835083,0.03902074322104454,0.057089827954769135,0.10253532230854034,0.5794988870620728,22.35233886912465,,,
amgtp_global_q,69,0.03409910947084427,0.20736218988895416,0.03675827011466026,0.05679561197757721,0.1029837429523468,0.5960997939109802,21.715159814804792,,,
amgtp_global_q,70,0.05030335485935211,0.21913917362689972,0.03785708174109459,0.06036964803934097,0.11168565601110458,0.5709481835365295,22.142390605062246,,,
amgtp_global_q,71,0.15474578365683556,0.2699153423309326,0.04209457337856293,0.06771758943796158,0.12669678032398224,0.4935751259326935,24.23709710687399,,,
amgtp_global_q,72,0.19369152933359146,0.34634166955947876,0.04762355983257294,0.0754367858171463,0.1338682919740677,0.39672961831092834,27.545726791024208,,,
amgtp_global_q,73,0.13663339614868164,0.41465818881988525,0.04596205800771713,0.07238613814115524,0.12302267551422119,0.34397050738334656,30.8193576335907,,,
amgtp_global_q,74,0.0407022126019001,0.3952523469924927,0.045017022639513016,0.07340622693300247,0.1278388798236847,0.35848554968833923,29.894046377390623,,,
amgtp_global_q,75,0.08710095658898354,0.35188931226730347,0.044829532504081726,0.07469999045133591,0.13462622463703156,0.393954873085022,27.840040035545826,,,
amgtp_global_q,76,0.06400962173938751,0.3207513988018036,0.045079030096530914,0.07383336126804352,0.1364137828350067,0.42392289638519287,26.401480071246624,,,
amgtp_global_q,77,0.02917647361755371,0.308174192905426,0.045844681560993195,0.07217368483543396,0.13606201112270355,0.437745064496994,25.833682291209698,,,
amgtp_global_q,78,0.04895691201090813,0.32716673612594604,0.04939142242074013,0.07411333918571472,0.13492938876152039,0.4143997132778168,26.647837314754725,,,
amgtp_global_q,79,0.07632743939757347,0.3640943169593811,0.05062767118215561,0.07213499397039413,0.12645739316940308,0.38668644428253174,28.41150364279747,,,
amgtp_global_q,80,0.14721309393644333,0.43770113587379456,0.047998927533626556,0.06594490259885788,0.10928637534379959,0.33907002210617065,32.01988672465086,,,
amgtp_global_q,81,0.20990371704101562,0.3343554139137268,0.046759359538555145,0.0655774474143982,0.10940231382846832,0.4439050555229187,27.285303510725498,,,
amgtp_global_q,82,0.24575307965278625,0.21643613278865814,0.04761829227209091,0.0647074356675148,0.10531532019376755,0.5659229159355164,21.888036631047726,,,
amgtp_global_q,83,0.4233197420835495,0.12371305376291275,0.1251845806837082,0.14757725596427917,0.15653900802135468,0.44698604941368103,15.344277322292328,,,
amgtp_global_q,84,0.871126800775528,0.03781495243310928,0.18501898646354675,0.5233057737350464,0.14851543307304382,0.10534384846687317,6.538255363702774,,,
amgtp_global_q,85,0.6303551644086838,0.03329019248485565,0.06514985859394073,0.3668404221534729,0.46369364857673645,0.07102613896131516,7.403304159641266,,,
amgtp_global_q,86,0.544753011316061,0.05012165382504463,0.036606721580028534,0.12300722301006317,0.6990185379981995,0.09124646335840225,9.583507873117924,,,
amgtp_global_q,87,0.054674938321113586,0.06013798341155052,0.03797471523284912,0.11192875355482101,0.6827591061592102,0.10719917714595795,10.262142203748226,,,
amgtp_global_q,88,0.011315137147903442,0.05980001762509346,0.03733708709478378,0.10802867263555527,0.688416600227356,0.1064172089099884,10.258181288838387,,,
amgtp_global_q,89,0.06644321233034134,0.05347774177789688,0.033567946404218674,0.09613683819770813,0.7216382026672363,0.09517884999513626,9.914614286273718,,,
amgtp_global_q,90,0.04136974737048149,0.05001520365476608,0.03143663704395294,0.08798739314079285,0.7423233985900879,0.08823759108781815,9.727901101112366,,,
amgtp_global_q,91,0.026160888373851776,0.05584980174899101,0.03361658379435539,0.08746568858623505,0.729764461517334,0.09330329298973083,10.06159908697009,,,
amgtp_global_q,92,0.15687021985650063,0.08483149856328964,0.04360735043883324,0.09565665572881699,0.6513296961784363,0.12457531690597534,11.723829541355371,,,
amgtp_global_q,93,0.2666426785290241,0.13083817064762115,0.054470449686050415,0.1007615476846695,0.5180085301399231,0.19592216610908508,14.576015368103981,,,
amgtp_global_q,94,0.3523865379393101,0.1521342247724533,0.053629133850336075,0.08826718479394913,0.35515040159225464,0.35081884264945984,16.844000782817602,,,
amgtp_global_q,95,0.4649406149983406,0.10496877133846283,0.03762771189212799,0.06030494347214699,0.21380914747714996,0.5832890868186951,16.17938007041812,,,
amgtp_global_q,96,0.3913590293377638,0.05466540530323982,0.02188238315284252,0.03458888456225395,0.10989435762166977,0.7789685726165771,15.080393875017762,,,
amgtp_global_q,97,0.15690446831285954,0.03693510591983795,0.016817787662148476,0.024978311732411385,0.06384800374507904,0.8574212193489075,14.758692175149918,,,
amgtp_global_q,98,0.04186667501926422,0.03356703743338585,0.016965489834547043,0.02417375147342682,0.04708675295114517,0.8782063126564026,14.72800463810563,,,
amgtp_global_q,99,0.020253896713256836,0.03604331985116005,0.020403331145644188,0.02838706411421299,0.04104476049542427,0.8741218447685242,14.793182864785194,,,
amgtp_global_q,100,0.06223560497164726,0.04508998245000839,0.02802674099802971,0.03814316540956497,0.0457361564040184,0.8430038094520569,14.970061611384153,,,
amgtp_global_q,101,0.0746743306517601,0.051944199949502945,0.036734309047460556,0.04848174378275871,0.05717281997203827,0.8056665062904358,14.978372365236282,,,
amgtp_global_q,102,0.08518074452877045,0.058770742267370224,0.04520094394683838,0.05884545296430588,0.07410647720098495,0.7630763053894043,14.949795454740524,,,
amgtp_global_q,103,0.027529343962669373,0.06044544652104378,0.0444667749106884,0.05894619598984718,0.08609573543071747,0.7500458359718323,14.95134400576353,,,
amgtp_global_q,104,0.04204466938972473,0.07009048759937286,0.042038023471832275,0.056622181087732315,0.09747297316789627,0.7337762117385864,15.372511599212885,,,
amgtp_global_q,105,0.036362409591674805,0.08236213028430939,0.035098858177661896,0.051759492605924606,0.10338257998228073,0.7273969054222107,16.039339888840914,,,
amgtp_global_q,106,0.027729853987693787,0.08956747502088547,0.030399128794670105,0.04974546656012535,0.11004220694303513,0.7202457785606384,16.407420378178358,,,
amgtp_global_q,107,0.016134843230247498,0.08327598124742508,0.02862345054745674,0.05015730857849121,0.11741562932729721,0.7205281853675842,16.084958251565695,,,
amgtp_global_q,108,0.012259768322110176,0.0779353529214859,0.02783455140888691,0.051399730145931244,0.12196322530508041,0.7208684086799622,15.804055215790868,,,
amgtp_global_q,109,0.01614801585674286,0.075201615691185,0.028339499607682228,0.054992325603961945,0.12593932449817657,0.7155277729034424,15.604377510026097,,,
amgtp_global_q,110,0.046686043962836266,0.07569442689418793,0.03203384578227997,0.06390557438135147,0.13618133962154388,0.6921841502189636,15.409263662993908,,,
amgtp_global_q,111,0.01740417256951332,0.07398827373981476,0.034679096192121506,0.06978639960289001,0.13635754585266113,0.6851884126663208,15.230475317686796,,,
amgtp_global_q,112,0.02289782091975212,0.07622554153203964,0.03875827044248581,0.07491867989301682,0.13539958000183105,0.6746972799301147,15.230605781078339,,,
amgtp_global_q,113,0.013422045856714249,0.0763169527053833,0.04075411334633827,0.07397625595331192,0.1296311616897583,0.6793212294578552,15.259615387767553,,,
amgtp_global_q,114,0.019082587212324142,0.07598312199115753,0.042464688420295715,0.07251493632793427,0.1218857541680336,0.6871526837348938,15.292334668338299,,,
amgtp_global_q,115,0.023532718420028687,0.07733679562807083,0.04250876605510712,0.06869852542877197,0.11393512785434723,0.6975206136703491,15.451646566390991,,,
amgtp_global_q,116,0.015120811760425568,0.08455568552017212,0.04210711270570755,0.06690700352191925,0.10856815427541733,0.6978623867034912,15.84621974825859,,,
amgtp_global_q,117,0.02780093252658844,0.09069443494081497,0.03988069295883179,0.0634014755487442,0.10039957612752914,0.7056240439414978,16.253284864127636,,,
amgtp_global_q,118,0.01655881106853485,0.09459633380174637,0.03907998278737068,0.06053652986884117,0.09578580409288406,0.710001528263092,16.506991624832153,,,
amgtp_global_q,119,0.013769425451755524,0.09827306866645813,0.040881119668483734,0.0606163889169693,0.0971125066280365,0.7031165361404419,16.64253345876932,,,
amgtp_uniform_q,4,,0.20000606775283813,0.20000606775283813,0.20000606775283813,0.20000606775283813,0.20000606775283813,17.00051575899124,,,
amgtp_uniform_q,5,0.0,0.20000606775283813,0.20000606775283813,0.20000606775283813,0.20000606775283813,0.20000606775283813,17.00051575899124,,,
amgtp_uniform_q,6,0.0,0.20000606775283813,0.20000606775283813,0.20000606775283813,0.20000606775283813,0.20000606775283813,17.00051575899124,,,
amgtp_uniform_q,7,0.0,0.20000606775283813,0.20000606775283813,0.20000606775283813,0.20000606775283813,0.20000606775283813,17.00051575899124,,,
amgtp_uniform_q,8,0.0,0.20000606775283813,0.20000606775283813,0.20000606775283813,0.20000606775283813,0.20000606775283813,17.00051575899124,,,
amgtp_uniform_q,9,0.0,0.20000606775283813,0.20000606775283813,0.20000606775283813,0.20000606775283813,0.20000606775283813,17.00051575899124,,,
amgtp_uniform_q,10,0.0,0.20000606775283813,0.20000606775283813,0.20000606775283813,0.20000606775283813,0.20000606775283813,17.00051575899124,,,
amgtp_uniform_q,11,0.0,0.20000606775283813,0.20000606775283813,0.20000606775283813,0.20000606775283813,0.20000606775283813,17.00051575899124,,,
amgtp_uniform_q,12,0.0,0.20000606775283813,0.20000606775283813,0.20000606775283813,0.20000606775283813,0.20000606775283813,17.00051575899124,,,
amgtp_uniform_q,13,0.0,0.20000606775283813,0.20000606775283813,0.20000606775283813,0.20000606775283813,0.20000606775283813,17.00051575899124,,,
amgtp_uniform_q,14,0.0,0.20000606775283813,0.20000606775283813,0.20000606775283813,0.20000606775283813,0.20000606775283813,17.00051575899124,,,
amgtp_uniform_q,15,0.0,0.20000606775283813,0.20000606775283813,0.20000606775283813,0.20000606775283813,0.20000606775283813,17.00051575899124,,,
amgtp_uniform_q,16,0.0,0.20000606775283813,0.20000606775283813,0.20000606775283813,0.20000606775283813,0.20000606775283813,17.00051575899124,,,
amgtp_uniform_q,17,0.0,0.20000606775283813,0.20000606775283813,0.20000606775283813,0.20000606775283813,0.20000606775283813,17.00051575899124,,,
amgtp_uniform_q,18,0.0,0.20000606775283813,0.20000606775283813,0.20000606775283813,0.20000606775283813,0.20000606775283813,17.00051575899124,,,
amgtp_uniform_q,19,0.0,0.20000606775283813,0.20000606775283813,0.20000606775283813,0.20000606775283813,0.20000606775283813,17.00051575899124,,,
amgtp_uniform_q,20,0.0,0.20000606775283813,0.20000606775283813,0.20000606775283813,0.20000606775283813,0.20000606775283813,17.00051575899124,,,
amgtp_uniform_q,21,0.0,0.20000606775283813,0.20000606775283813,0.20000606775283813,0.20000606775283813,0.20000606775283813,17.00051575899124,,,
amgtp_uniform_q,22,0.0,0.20000606775283813,0.20000606775283813,0.20000606775283813,0.20000606775283813,0.20000606775283813,17.00051575899124,,,
amgtp_uniform_q,23,0.0,0.20000606775283813,0.20000606775283813,0.20000606775283813,0.20000606775283813,0.20000606775283813,17.00051575899124,,,
amgtp_uniform_q,24,0.0,0.20000606775283813,0.20000606775283813,0.20000606775283813,0.20000606775283813,0.20000606775283813,17.00051575899124,,,
amgtp_uniform_q,25,0.0,0.20000606775283813,0.20000606775283813,0.20000606775283813,0.20000606775283813,0.20000606775283813,17.00051575899124,,,
amgtp_uniform_q,26,0.0,0.20000606775283813,0.20000606775283813,0.20000606775283813,0.20000606775283813,0.20000606775283813,17.00051575899124,,,
amgtp_uniform_q,27,0.0,0.20000606775283813,0.20000606775283813,0.20000606775283813,0.20000606775283813,0.20000606775283813,17.00051575899124,,,
amgtp_uniform_q,28,0.0,0.20000606775283813,0.20000606775283813,0.20000606775283813,0.20000606775283813,0.20000606775283813,17.00051575899124,,,
amgtp_uniform_q,29,0.0,0.20000606775283813,0.20000606775283813,0.20000606775283813,0.20000606775283813,0.20000606775283813,17.00051575899124,,,
amgtp_uniform_q,30,0.0,0.20000606775283813,0.20000606775283813,0.20000606775283813,0.20000606775283813,0.20000606775283813,17.00051575899124,,,
amgtp_uniform_q,31,0.0,0.20000606775283813,0.20000606775283813,0.20000606775283813,0.20000606775283813,0.20000606775283813,17.00051575899124,,,
amgtp_uniform_q,32,0.0,0.20000606775283813,0.20000606775283813,0.20000606775283813,0.20000606775283813,0.20000606775283813,17.00051575899124,,,
amgtp_uniform_q,33,0.0,0.20000606775283813,0.20000606775283813,0.20000606775283813,0.20000606775283813,0.20000606775283813,17.00051575899124,,,
amgtp_uniform_q,34,0.0,0.20000606775283813,0.20000606775283813,0.20000606775283813,0.20000606775283813,0.20000606775283813,17.00051575899124,,,
amgtp_uniform_q,35,0.0,0.20000606775283813,0.20000606775283813,0.20000606775283813,0.20000606775283813,0.20000606775283813,17.00051575899124,,,
amgtp_uniform_q,36,0.0,0.20000606775283813,0.20000606775283813,0.20000606775283813,0.20000606775283813,0.20000606775283813,17.00051575899124,,,
amgtp_uniform_q,37,0.0,0.20000606775283813,0.20000606775283813,0.20000606775283813,0.20000606775283813,0.20000606775283813,17.00051575899124,,,
amgtp_uniform_q,38,0.0,0.20000606775283813,0.20000606775283813,0.20000606775283813,0.20000606775283813,0.20000606775283813,17.00051575899124,,,
amgtp_uniform_q,39,0.0,0.20000606775283813,0.20000606775283813,0.20000606775283813,0.20000606775283813,0.20000606775283813,17.00051575899124,,,
amgtp_uniform_q,40,0.0,0.20000606775283813,0.20000606775283813,0.20000606775283813,0.20000606775283813,0.20000606775283813,17.00051575899124,,,
amgtp_uniform_q,41,0.0,0.20000606775283813,0.20000606775283813,0.20000606775283813,0.20000606775283813,0.20000606775283813,17.00051575899124,,,
amgtp_uniform_q,42,0.0,0.20000606775283813,0.20000606775283813,0.20000606775283813,0.20000606775283813,0.20000606775283813,17.00051575899124,,,
amgtp_uniform_q,43,0.0,0.20000606775283813,0.20000606775283813,0.20000606775283813,0.20000606775283813,0.20000606775283813,17.00051575899124,,,
amgtp_uniform_q,44,0.0,0.20000606775283813,0.20000606775283813,0.20000606775283813,0.20000606775283813,0.20000606775283813,17.00051575899124,,,
amgtp_uniform_q,45,0.0,0.20000606775283813,0.20000606775283813,0.20000606775283813,0.20000606775283813,0.20000606775283813,17.00051575899124,,,
amgtp_uniform_q,46,0.0,0.20000606775283813,0.20000606775283813,0.20000606775283813,0.20000606775283813,0.20000606775283813,17.00051575899124,,,
amgtp_uniform_q,47,0.0,0.20000606775283813,0.20000606775283813,0.20000606775283813,0.20000606775283813,0.20000606775283813,17.00051575899124,,,
amgtp_uniform_q,48,0.0,0.20000606775283813,0.20000606775283813,0.20000606775283813,0.20000606775283813,0.20000606775283813,17.00051575899124,,,
amgtp_uniform_q,49,0.0,0.20000606775283813,0.20000606775283813,0.20000606775283813,0.20000606775283813,0.20000606775283813,17.00051575899124,,,
amgtp_uniform_q,50,0.0,0.20000606775283813,0.20000606775283813,0.20000606775283813,0.20000606775283813,0.20000606775283813,17.00051575899124,,,
amgtp_uniform_q,51,0.0,0.20000606775283813,0.20000606775283813,0.20000606775283813,0.20000606775283813,0.20000606775283813,17.00051575899124,,,
amgtp_uniform_q,52,0.0,0.20000606775283813,0.20000606775283813,0.20000606775283813,0.20000606775283813,0.20000606775283813,17.00051575899124,,,
amgtp_uniform_q,53,0.0,0.20000606775283813,0.20000606775283813,0.20000606775283813,0.20000606775283813,0.20000606775283813,17.00051575899124,,,
amgtp_uniform_q,54,0.0,0.20000606775283813,0.20000606775283813,0.20000606775283813,0.20000606775283813,0.20000606775283813,17.00051575899124,,,
amgtp_uniform_q,55,0.0,0.20000606775283813,0.20000606775283813,0.20000606775283813,0.20000606775283813,0.20000606775283813,17.00051575899124,,,
amgtp_uniform_q,56,0.0,0.20000606775283813,0.20000606775283813,0.20000606775283813,0.20000606775283813,0.20000606775283813,17.00051575899124,,,
amgtp_uniform_q,57,0.0,0.20000606775283813,0.20000606775283813,0.20000606775283813,0.20000606775283813,0.20000606775283813,17.00051575899124,,,
amgtp_uniform_q,58,0.0,0.20000606775283813,0.20000606775283813,0.20000606775283813,0.20000606775283813,0.20000606775283813,17.00051575899124,,,
amgtp_uniform_q,59,0.0,0.20000606775283813,0.20000606775283813,0.20000606775283813,0.20000606775283813,0.20000606775283813,17.00051575899124,,,
amgtp_uniform_q,60,0.0,0.20000606775283813,0.20000606775283813,0.20000606775283813,0.20000606775283813,0.20000606775283813,17.00051575899124,,,
amgtp_uniform_q,61,0.0,0.20000606775283813,0.20000606775283813,0.20000606775283813,0.20000606775283813,0.20000606775283813,17.00051575899124,,,
amgtp_uniform_q,62,0.0,0.20000606775283813,0.20000606775283813,0.20000606775283813,0.20000606775283813,0.20000606775283813,17.00051575899124,,,
amgtp_uniform_q,63,0.0,0.20000606775283813,0.20000606775283813,0.20000606775283813,0.20000606775283813,0.20000606775283813,17.00051575899124,,,
amgtp_uniform_q,64,0.0,0.20000606775283813,0.20000606775283813,0.20000606775283813,0.20000606775283813,0.20000606775283813,17.00051575899124,,,
amgtp_uniform_q,65,0.0,0.20000606775283813,0.20000606775283813,0.20000606775283813,0.20000606775283813,0.20000606775283813,17.00051575899124,,,
amgtp_uniform_q,66,0.0,0.20000606775283813,0.20000606775283813,0.20000606775283813,0.20000606775283813,0.20000606775283813,17.00051575899124,,,
amgtp_uniform_q,67,0.0,0.20000606775283813,0.20000606775283813,0.20000606775283813,0.20000606775283813,0.20000606775283813,17.00051575899124,,,
amgtp_uniform_q,68,0.0,0.20000606775283813,0.20000606775283813,0.20000606775283813,0.20000606775283813,0.20000606775283813,17.00051575899124,,,
amgtp_uniform_q,69,0.0,0.20000606775283813,0.20000606775283813,0.20000606775283813,0.20000606775283813,0.20000606775283813,17.00051575899124,,,
amgtp_uniform_q,70,0.0,0.20000606775283813,0.20000606775283813,0.20000606775283813,0.20000606775283813,0.20000606775283813,17.00051575899124,,,
amgtp_uniform_q,71,0.0,0.20000606775283813,0.20000606775283813,0.20000606775283813,0.20000606775283813,0.20000606775283813,17.00051575899124,,,
amgtp_uniform_q,72,0.0,0.20000606775283813,0.20000606775283813,0.20000606775283813,0.20000606775283813,0.20000606775283813,17.00051575899124,,,
amgtp_uniform_q,73,0.0,0.20000606775283813,0.20000606775283813,0.20000606775283813,0.20000606775283813,0.20000606775283813,17.00051575899124,,,
amgtp_uniform_q,74,0.0,0.20000606775283813,0.20000606775283813,0.20000606775283813,0.20000606775283813,0.20000606775283813,17.00051575899124,,,
amgtp_uniform_q,75,0.0,0.20000606775283813,0.20000606775283813,0.20000606775283813,0.20000606775283813,0.20000606775283813,17.00051575899124,,,
amgtp_uniform_q,76,0.0,0.20000606775283813,0.20000606775283813,0.20000606775283813,0.20000606775283813,0.20000606775283813,17.00051575899124,,,
amgtp_uniform_q,77,0.0,0.20000606775283813,0.20000606775283813,0.20000606775283813,0.20000606775283813,0.20000606775283813,17.00051575899124,,,
amgtp_uniform_q,78,0.0,0.20000606775283813,0.20000606775283813,0.20000606775283813,0.20000606775283813,0.20000606775283813,17.00051575899124,,,
amgtp_uniform_q,79,0.0,0.20000606775283813,0.20000606775283813,0.20000606775283813,0.20000606775283813,0.20000606775283813,17.00051575899124,,,
amgtp_uniform_q,80,0.0,0.20000606775283813,0.20000606775283813,0.20000606775283813,0.20000606775283813,0.20000606775283813,17.00051575899124,,,
amgtp_uniform_q,81,0.0,0.20000606775283813,0.20000606775283813,0.20000606775283813,0.20000606775283813,0.20000606775283813,17.00051575899124,,,
amgtp_uniform_q,82,0.0,0.20000606775283813,0.20000606775283813,0.20000606775283813,0.20000606775283813,0.20000606775283813,17.00051575899124,,,
amgtp_uniform_q,83,0.0,0.20000606775283813,0.20000606775283813,0.20000606775283813,0.20000606775283813,0.20000606775283813,17.00051575899124,,,
amgtp_uniform_q,84,0.0,0.20000606775283813,0.20000606775283813,0.20000606775283813,0.20000606775283813,0.20000606775283813,17.00051575899124,,,
amgtp_uniform_q,85,0.0,0.20000606775283813,0.20000606775283813,0.20000606775283813,0.20000606775283813,0.20000606775283813,17.00051575899124,,,
amgtp_uniform_q,86,0.0,0.20000606775283813,0.20000606775283813,0.20000606775283813,0.20000606775283813,0.20000606775283813,17.00051575899124,,,
amgtp_uniform_q,87,0.0,0.20000606775283813,0.20000606775283813,0.20000606775283813,0.20000606775283813,0.20000606775283813,17.00051575899124,,,
amgtp_uniform_q,88,0.0,0.20000606775283813,0.20000606775283813,0.20000606775283813,0.20000606775283813,0.20000606775283813,17.00051575899124,,,
amgtp_uniform_q,89,0.0,0.20000606775283813,0.20000606775283813,0.20000606775283813,0.20000606775283813,0.20000606775283813,17.00051575899124,,,
amgtp_uniform_q,90,0.0,0.20000606775283813,0.20000606775283813,0.20000606775283813,0.20000606775283813,0.20000606775283813,17.00051575899124,,,
amgtp_uniform_q,91,0.0,0.20000606775283813,0.20000606775283813,0.20000606775283813,0.20000606775283813,0.20000606775283813,17.00051575899124,,,
amgtp_uniform_q,92,0.0,0.20000606775283813,0.20000606775283813,0.20000606775283813,0.20000606775283813,0.20000606775283813,17.00051575899124,,,
amgtp_uniform_q,93,0.0,0.20000606775283813,0.20000606775283813,0.20000606775283813,0.20000606775283813,0.20000606775283813,17.00051575899124,,,
amgtp_uniform_q,94,0.0,0.20000606775283813,0.20000606775283813,0.20000606775283813,0.20000606775283813,0.20000606775283813,17.00051575899124,,,
amgtp_uniform_q,95,0.0,0.20000606775283813,0.20000606775283813,0.20000606775283813,0.20000606775283813,0.20000606775283813,17.00051575899124,,,
amgtp_uniform_q,96,0.0,0.20000606775283813,0.20000606775283813,0.20000606775283813,0.20000606775283813,0.20000606775283813,17.00051575899124,,,
amgtp_uniform_q,97,0.0,0.20000606775283813,0.20000606775283813,0.20000606775283813,0.20000606775283813,0.20000606775283813,17.00051575899124,,,
amgtp_uniform_q,98,0.0,0.20000606775283813,0.20000606775283813,0.20000606775283813,0.20000606775283813,0.20000606775283813,17.00051575899124,,,
amgtp_uniform_q,99,0.0,0.20000606775283813,0.20000606775283813,0.20000606775283813,0.20000606775283813,0.20000606775283813,17.00051575899124,,,
amgtp_uniform_q,100,0.0,0.20000606775283813,0.20000606775283813,0.20000606775283813,0.20000606775283813,0.20000606775283813,17.00051575899124,,,
amgtp_uniform_q,101,0.0,0.20000606775283813,0.20000606775283813,0.20000606775283813,0.20000606775283813,0.20000606775283813,17.00051575899124,,,
amgtp_uniform_q,102,0.0,0.20000606775283813,0.20000606775283813,0.20000606775283813,0.20000606775283813,0.20000606775283813,17.00051575899124,,,
amgtp_uniform_q,103,0.0,0.20000606775283813,0.20000606775283813,0.20000606775283813,0.20000606775283813,0.20000606775283813,17.00051575899124,,,
amgtp_uniform_q,104,0.0,0.20000606775283813,0.20000606775283813,0.20000606775283813,0.20000606775283813,0.20000606775283813,17.00051575899124,,,
amgtp_uniform_q,105,0.0,0.20000606775283813,0.20000606775283813,0.20000606775283813,0.20000606775283813,0.20000606775283813,17.00051575899124,,,
amgtp_uniform_q,106,0.0,0.20000606775283813,0.20000606775283813,0.20000606775283813,0.20000606775283813,0.20000606775283813,17.00051575899124,,,
amgtp_uniform_q,107,0.0,0.20000606775283813,0.20000606775283813,0.20000606775283813,0.20000606775283813,0.20000606775283813,17.00051575899124,,,
amgtp_uniform_q,108,0.0,0.20000606775283813,0.20000606775283813,0.20000606775283813,0.20000606775283813,0.20000606775283813,17.00051575899124,,,
amgtp_uniform_q,109,0.0,0.20000606775283813,0.20000606775283813,0.20000606775283813,0.20000606775283813,0.20000606775283813,17.00051575899124,,,
amgtp_uniform_q,110,0.0,0.20000606775283813,0.20000606775283813,0.20000606775283813,0.20000606775283813,0.20000606775283813,17.00051575899124,,,
amgtp_uniform_q,111,0.0,0.20000606775283813,0.20000606775283813,0.20000606775283813,0.20000606775283813,0.20000606775283813,17.00051575899124,,,
amgtp_uniform_q,112,0.0,0.20000606775283813,0.20000606775283813,0.20000606775283813,0.20000606775283813,0.20000606775283813,17.00051575899124,,,
amgtp_uniform_q,113,0.0,0.20000606775283813,0.20000606775283813,0.20000606775283813,0.20000606775283813,0.20000606775283813,17.00051575899124,,,
amgtp_uniform_q,114,0.0,0.20000606775283813,0.20000606775283813,0.20000606775283813,0.20000606775283813,0.20000606775283813,17.00051575899124,,,
amgtp_uniform_q,115,0.0,0.20000606775283813,0.20000606775283813,0.20000606775283813,0.20000606775283813,0.20000606775283813,17.00051575899124,,,
amgtp_uniform_q,116,0.0,0.20000606775283813,0.20000606775283813,0.20000606775283813,0.20000606775283813,0.20000606775283813,17.00051575899124,,,
amgtp_uniform_q,117,0.0,0.20000606775283813,0.20000606775283813,0.20000606775283813,0.20000606775283813,0.20000606775283813,17.00051575899124,,,
amgtp_uniform_q,118,0.0,0.20000606775283813,0.20000606775283813,0.20000606775283813,0.20000606775283813,0.20000606775283813,17.00051575899124,,,
amgtp_uniform_q,119,0.0,0.20000606775283813,0.20000606775283813,0.20000606775283813,0.20000606775283813,0.20000606775283813,17.00051575899124,,,
amgtp_no_state,4,,0.20000606775283813,0.20000606775283813,0.20000606775283813,0.20000606775283813,0.20000606775283813,17.00051575899124,,,
amgtp_no_state,5,0.3482809215784073,0.25804775953292847,0.07761935889720917,0.1482369303703308,0.25804775953292847,0.25804775953292847,21.424198672175407,,,
amgtp_no_state,6,0.20735862851142883,0.29260754585266113,0.05060766637325287,0.07156935334205627,0.29260754585266113,0.29260754585266113,23.966526940464973,,,
amgtp_no_state,7,0.040864311158657074,0.29941824078559875,0.04294925928115845,0.05879553407430649,0.29941824078559875,0.29941824078559875,24.472213365137577,,,
amgtp_no_state,8,0.005155835300683975,0.2993175983428955,0.04067370295524597,0.061373885720968246,0.2993175983428955,0.2993175983428955,24.469520825892687,,,
amgtp_no_state,9,0.11740071326494217,0.3211803734302521,0.042087677866220474,0.07493442296981812,0.24061694741249084,0.3211803734302521,25.718557212501764,,,
amgtp_no_state,10,0.14650558307766914,0.35225582122802734,0.04292290657758713,0.08520139753818512,0.1673644632101059,0.35225582122802734,27.537009112536907,,,
amgtp_no_state,11,0.1364130787551403,0.38635891675949097,0.039307575672864914,0.0678948387503624,0.12007946521043777,0.38635891675949097,29.674108188599348,,,
amgtp_no_state,12,0.09544048085808754,0.41021937131881714,0.03499750420451164,0.048411402851343155,0.09615340083837509,0.41021937131881714,31.209538996219635,,,
amgtp_no_state,13,0.007071778178215027,0.40949028730392456,0.03853292763233185,0.04804614931344986,0.09444043785333633,0.40949031710624695,31.146036118268967,,,
amgtp_no_state,14,0.05363820865750313,0.39608070254325867,0.04465647041797638,0.05925243720412254,0.10392961651086807,0.39608070254325867,30.259893085807562,,,
amgtp_no_state,15,0.026264477521181107,0.3908025026321411,0.04208154231309891,0.06498420983552933,0.11133099347352982,0.3908025026321411,29.935736320912838,,,
amgtp_no_state,16,0.027760423719882965,0.39987191557884216,0.03513834625482559,0.06294134259223938,0.11614058166742325,0.3859071433544159,30.43196138739586,,,
amgtp_no_state,17,0.08797363936901093,0.42839840054512024,0.03398887813091278,0.0640222579240799,0.13052071630954742,0.34307050704956055,31.646591797471046,,,
amgtp_no_state,18,0.18294359743595123,0.5198699831962585,0.03368394821882248,0.060109928250312805,0.12436135858297348,0.26197510957717896,35.94439376890659,,,
amgtp_no_state,19,0.1389666646718979,0.5893533229827881,0.032887525856494904,0.057321786880493164,0.11740764230489731,0.203030064702034,39.23032666742802,,,
amgtp_no_state,20,0.051357947289943695,0.5864095687866211,0.03638443350791931,0.06416892260313034,0.13274239003658295,0.18029466271400452,38.86678733676672,,,
amgtp_no_state,21,0.01042712852358818,0.5884249806404114,0.039582397788763046,0.06262790411710739,0.1309834122657776,0.17838090658187866,38.94718152657151,,,
amgtp_no_state,22,0.0812484435737133,0.6284316182136536,0.0360250286757946,0.05321132019162178,0.10333301872015,0.17899836599826813,41.13086433708668,,,
amgtp_no_state,23,0.046935949474573135,0.6501315236091614,0.03161286935210228,0.05237878859043121,0.0851101502776146,0.18076685070991516,42.32314761355519,,,
amgtp_no_state,24,0.014606274664402008,0.6528164148330688,0.03128238022327423,0.056996677070856094,0.07876892387866974,0.1801350712776184,42.44453076645732,,,
amgtp_no_state,25,0.013697542250156403,0.6513124704360962,0.03213425353169441,0.05761320888996124,0.08414936810731888,0.17479032278060913,42.31983220204711,,,
amgtp_no_state,26,0.028575297445058823,0.6409450769424438,0.032673463225364685,0.05600340664386749,0.09789805859327316,0.17248012125492096,41.757396407425404,,,
amgtp_no_state,27,0.13937745615839958,0.7106335163116455,0.028362028300762177,0.043623488396406174,0.08025344461202621,0.1371270716190338,45.27879658713937,,,
amgtp_no_state,28,0.08253241889178753,0.7518997192382812,0.027461791411042213,0.03826551511883736,0.06738530099391937,0.11498720943927765,47.33775953017175,,,
amgtp_no_state,29,0.06652424298226833,0.7186379432678223,0.03513144329190254,0.04674367606639862,0.07626493275165558,0.1232222318649292,45.55260484293103,,,
amgtp_no_state,30,0.01080438494682312,0.7191502451896667,0.03374302387237549,0.05163298174738884,0.07569660991430283,0.11977619677782059,45.544399704784155,,,
amgtp_no_state,31,0.0484332200139761,0.7433148622512817,0.029258670285344124,0.05168527737259865,0.06852176785469055,0.10721908509731293,46.76392580382526,,,
amgtp_no_state,32,0.016781233251094818,0.7388024926185608,0.027017733082175255,0.05004791170358658,0.07290331274271011,0.1112281009554863,46.57282762788236,,,
amgtp_no_state,33,0.02224184386432171,0.7444239854812622,0.02476058527827263,0.04257090762257576,0.07151710242033005,0.11672808974981308,46.952725410461426,,,
amgtp_no_state,34,0.09943106025457382,0.6947083473205566,0.02855854108929634,0.04656854644417763,0.08108530938625336,0.14907971024513245,44.505478128790855,,,
amgtp_no_state,35,0.19045866280794144,0.5994787216186523,0.0363137386739254,0.057222556322813034,0.097747303545475,0.20923754572868347,39.7902614697814,,,
amgtp_no_state,36,0.14210081100463867,0.6705292463302612,0.03230742737650871,0.045533645898103714,0.08122965693473816,0.17040012776851654,43.35487253218889,,,
amgtp_no_state,37,0.1958605982363224,0.7684597373008728,0.02330794557929039,0.034906141459941864,0.05842266231775284,0.1149040013551712,48.25322526320815,,,
amgtp_no_state,38,0.03972548246383667,0.7844745516777039,0.022587161511182785,0.038753535598516464,0.055907126516103745,0.09827704727649689,48.974549416452646,,,
amgtp_no_state,39,0.17808276787400246,0.695433497428894,0.031879670917987823,0.07208123803138733,0.08248578011989594,0.11811989545822144,44.205212228000164,,,
amgtp_no_state,40,0.03827452287077904,0.7045091986656189,0.03217056393623352,0.052943650633096695,0.08289552479982376,0.12748049199581146,44.826548997312784,,,
amgtp_no_state,41,0.08691830560564995,0.7300795316696167,0.05005951598286629,0.04123884439468384,0.0618605799973011,0.1167612224817276,46.046229124069214,,,
amgtp_no_state,42,0.7714196555316448,0.3786354959011078,0.38896647095680237,0.08804195374250412,0.05812092497944832,0.08623532205820084,24.985363069921732,,,
amgtp_no_state,43,0.6416003741323948,0.31618380546569824,0.1306178718805313,0.3736122250556946,0.08292429894208908,0.0966617614030838,22.156217627227306,,,
amgtp_no_state,44,0.20698922127485275,0.27837926149368286,0.07148325443267822,0.46361044049263,0.096420519053936,0.09010613709688187,20.101499818265438,,,
amgtp_no_state,45,0.4229119345545769,0.2658427059650421,0.06478763371706009,0.27138710021972656,0.24722163379192352,0.1507614403963089,20.670722894370556,,,
amgtp_no_state,46,0.12525417655706406,0.24729129672050476,0.05885513126850128,0.23324377834796906,0.28512245416641235,0.17548756301403046,20.048747330904007,,,
amgtp_no_state,47,0.09907844290137291,0.23547708988189697,0.052635613828897476,0.28278279304504395,0.27625638246536255,0.15284793078899384,19.1032750941813,,,
amgtp_no_state,48,0.16828876733779907,0.2564670145511627,0.047703180462121964,0.20357075333595276,0.32128751277923584,0.17097117006778717,20.689045283943415,,,
amgtp_no_state,49,0.1736801490187645,0.2841888964176178,0.04209626838564873,0.12938174605369568,0.38040608167648315,0.16392739117145538,22.43940133973956,,,
amgtp_no_state,50,0.2509860210120678,0.2522048056125641,0.035367876291275024,0.08974623680114746,0.505898654460907,0.11678193509578705,20.61313259601593,,,
amgtp_no_state,51,0.3379184529185295,0.4186073839664459,0.03792475908994675,0.06678999960422516,0.37060603499412537,0.10607179999351501,29.433985240757465,,,
amgtp_no_state,52,0.34979574382305145,0.29434841871261597,0.03582566976547241,0.04817578196525574,0.5455037951469421,0.07614608854055405,22.72582994401455,,,
amgtp_no_state,53,0.4111362062394619,0.494972288608551,0.04076996073126793,0.04030676186084747,0.35796910524368286,0.06598175317049026,33.289555843919516,,,
amgtp_no_state,54,0.255890104919672,0.3766495883464813,0.03684920072555542,0.036752551794052124,0.48591381311416626,0.06383402645587921,27.041155219078064,,,
amgtp_no_state,55,0.16859874315559864,0.43106400966644287,0.031227173283696175,0.039977554231882095,0.40723705291748047,0.0904945582151413,30.132583601400256,,,
amgtp_no_state,56,0.39717861264944077,0.46270984411239624,0.021249273791909218,0.03712812438607216,0.22147543728351593,0.25743839144706726,33.04968983493745,,,
amgtp_no_state,57,0.5832820609211922,0.2914563715457916,0.012466071173548698,0.0263889878988266,0.12060991674661636,0.5490791201591492,26.11039242707193,,,
amgtp_no_state,58,0.5809657098725438,0.5700411796569824,0.01459095161408186,0.033261723816394806,0.12351014465093613,0.2585960626602173,38.80176279228181,,,
amgtp_no_state,59,0.50126095674932,0.31941041350364685,0.015241202898323536,0.03952237591147423,0.16177427768707275,0.464051216840744,26.927570120431483,,,
amgtp_no_state,60,0.12541899550706148,0.3595523238182068,0.019007543101906776,0.04242425039410591,0.1776735782623291,0.40134164690971375,28.581917827948928,,,
amgtp_no_state,61,0.27786477468907833,0.4933865964412689,0.02410588413476944,0.04052435979247093,0.1598500907421112,0.2821328639984131,34.81768548116088,,,
amgtp_no_state,62,0.2992763686925173,0.38318026065826416,0.02429068833589554,0.03071666695177555,0.1302259862422943,0.43158629536628723,30.061046367511153,,,
amgtp_no_state,63,0.12399925291538239,0.42009565234184265,0.021862177178263664,0.02169961854815483,0.07967229932546616,0.4566709101200104,32.243799010291696,,,
amgtp_no_state,64,0.07004428468644619,0.4493933916091919,0.02035745419561863,0.01785660721361637,0.049997471272945404,0.4623948931694031,33.86104157567024,,,
amgtp_no_state,65,0.11959044821560383,0.4046666622161865,0.02015012688934803,0.01723518967628479,0.03575781732797623,0.5221902132034302,31.91282313503325,,,
amgtp_no_state,66,0.11088693328201771,0.4568765163421631,0.020987512543797493,0.019631704315543175,0.029922928661108017,0.4725819230079651,34.31808102875948,,,
amgtp_no_state,67,0.14027159847319126,0.39139169454574585,0.019269337877631187,0.023297442123293877,0.026989435777068138,0.5390512943267822,31.308307508006692,,,
amgtp_no_state,68,0.042811762541532516,0.4101177453994751,0.01766459085047245,0.025977833196520805,0.02653319202363491,0.5197069644927979,32.164292661473155,,,
amgtp_no_state,69,0.19646083563566208,0.49938225746154785,0.01851811073720455,0.030405668541789055,0.03021770901978016,0.4214765131473541,36.18486571125686,,,
amgtp_no_state,70,0.24053465761244297,0.3843260407447815,0.01695156656205654,0.02676049992442131,0.031124794855713844,0.5408361554145813,30.946375250816345,,,
amgtp_no_state,71,0.12850170396268368,0.4424639046192169,0.018267296254634857,0.02577962540090084,0.03592292219400406,0.47756704688072205,33.58083956129849,,,
amgtp_no_state,72,0.10153442434966564,0.4826899766921997,0.02106734737753868,0.027672532945871353,0.04177062585949898,0.42679935693740845,35.333068925887346,,,
amgtp_no_state,73,0.18114324659109116,0.4022490978240967,0.018926141783595085,0.024082278832793236,0.037371061742305756,0.5173707008361816,31.73090609163046,,,
amgtp_no_state,74,0.060882462188601494,0.4326912462711334,0.018051523715257645,0.023808328434824944,0.035216059535741806,0.4902339577674866,33.16073911078274,,,
amgtp_no_state,75,0.12846622802317142,0.49590355157852173,0.018094608560204506,0.024785557761788368,0.03356720879673958,0.42764919996261597,36.068723637610674,,,
amgtp_no_state,76,0.15731624886393547,0.4200051724910736,0.018022960051894188,0.024306340143084526,0.03135807067155838,0.506307065486908,32.599057741463184,,,
amgtp_no_state,77,0.10121118277311325,0.46977588534355164,0.018858011811971664,0.02403055876493454,0.030917014926671982,0.4564184844493866,34.88378069549799,,,
amgtp_no_state,78,0.18038874864578247,0.5510591864585876,0.0221465602517128,0.02760004624724388,0.032969605177640915,0.36622366309165955,38.52641640603542,,,
amgtp_no_state,79,0.323203032836318,0.3938209116458893,0.020786460489034653,0.025886354967951775,0.03168056905269623,0.5278255939483643,31.33902252279222,,,
amgtp_no_state,80,0.2236006148159504,0.5056215524673462,0.019820353016257286,0.02387096919119358,0.030300265178084373,0.4203874170780182,36.526252103969455,,,
amgtp_no_state,81,0.637077821418643,0.20279845595359802,0.015296977013349533,0.019505811855196953,0.02347300760447979,0.738926351070404,22.751001738011837,,,
amgtp_no_state,82,0.2640920728445053,0.07444049417972565,0.01780722849071026,0.0233147032558918,0.019784441217780113,0.8646527528762817,16.79781061783433,,,
amgtp_no_state,83,0.7545990869402885,0.05478329956531525,0.14420707523822784,0.24695168435573578,0.04704757034778595,0.507010817527771,11.599544540047646,,,
amgtp_no_state,84,0.9022986032068729,0.03646674007177353,0.1341368854045868,0.6981009244918823,0.023134704679250717,0.1081610694527626,6.092641968280077,,,
amgtp_no_state,85,0.07321259006857872,0.040673937648534775,0.09753044694662094,0.7188222408294678,0.03468875214457512,0.10828465968370438,6.453239928930998,,,
amgtp_no_state,86,0.4756172187626362,0.05049937590956688,0.11316247284412384,0.4810141324996948,0.22199320793151855,0.13333185017108917,8.0067657828331,,,
amgtp_no_state,87,0.6796457581222057,0.056574247777462006,0.04964800179004669,0.2047051638364792,0.5431403517723083,0.1459321528673172,9.903250962495804,,,
amgtp_no_state,88,0.010850552469491959,0.05738328397274017,0.04577994719147682,0.20314782857894897,0.5460635423660278,0.14762508869171143,9.987416509538889,,,
amgtp_no_state,89,0.048823390156030655,0.05435105413198471,0.043095193803310394,0.1922883838415146,0.5704745650291443,0.1397891491651535,9.831393636763096,,,
amgtp_no_state,90,0.0737343542277813,0.04970446601510048,0.039417847990989685,0.17570407688617706,0.6073426008224487,0.12783107161521912,9.589831247925758,,,
amgtp_no_state,91,0.07915445417165756,0.044770918786525726,0.03561250492930412,0.15762782096862793,0.6469197869300842,0.1150689497590065,9.334154900163412,,,
amgtp_no_state,92,0.07097022235393524,0.04080880805850029,0.03271745145320892,0.13997390866279602,0.6824051141738892,0.10409513115882874,9.13533529639244,,,
amgtp_no_state,93,0.03953035920858383,0.04133356362581253,0.03305980935692787,0.12388825416564941,0.7013028264045715,0.10041525214910507,9.1996717043221,,,
amgtp_no_state,94,0.1592150665819645,0.06864207237958908,0.04843323677778244,0.11607787758111954,0.6295062303543091,0.13734140992164612,10.844514563679695,,,
amgtp_no_state,95,0.41400444507598877,0.13701070845127106,0.06648126989603043,0.12186130881309509,0.42250385880470276,0.25214338302612305,15.140242077410221,,,
amgtp_no_state,96,0.31030475720763206,0.12763895094394684,0.04742317274212837,0.1112232431769371,0.30641916394233704,0.4072955250740051,15.886501457542181,,,
amgtp_no_state,97,0.28805261850357056,0.08589236438274384,0.03261686488986015,0.08881895244121552,0.24135048687458038,0.5513222813606262,14.860580932348967,,,
amgtp_no_state,98,0.20250770263373852,0.06295368820428848,0.024599945172667503,0.07017476856708527,0.18969577550888062,0.6525754928588867,14.47627287171781,,,
amgtp_no_state,99,0.16014111042022705,0.04886900261044502,0.019133826717734337,0.05526513233780861,0.1440856009721756,0.7326459884643555,14.382712425664067,,,
amgtp_no_state,100,0.11503532342612743,0.041152551770210266,0.015866350382566452,0.045071277767419815,0.10774582624435425,0.7901637554168701,14.436746649444103,,,
amgtp_no_state,101,0.0690770959481597,0.03823559731245041,0.015012052841484547,0.03994639590382576,0.08210361003875732,0.8247025012969971,14.549547367729247,,,
amgtp_no_state,102,0.02753275353461504,0.041651394218206406,0.01811467669904232,0.04165926203131676,0.0683370903134346,0.8302374482154846,14.743860023096204,,,
amgtp_no_state,103,0.04976815730333328,0.05171196535229683,0.02604670263826847,0.04855114221572876,0.06765390932559967,0.8060369491577148,15.03251270391047,,,
amgtp_no_state,104,0.1314863283187151,0.07612013071775436,0.039404578506946564,0.05843551456928253,0.08574673533439636,0.7402938604354858,15.746260158717632,,,
amgtp_no_state,105,0.12493698298931122,0.10767439007759094,0.039011381566524506,0.06031600385904312,0.11477997899055481,0.6782180666923523,16.978935584425926,,,
amgtp_no_state,106,0.048332078382372856,0.10557768493890762,0.02674790658056736,0.05240251123905182,0.13894569873809814,0.6763253808021545,16.95979175902903,,,
amgtp_no_state,107,0.09641065075993538,0.07468132674694061,0.018873197957873344,0.04296816885471344,0.14640705287456512,0.7170692682266235,15.692476434633136,,,
amgtp_no_state,108,0.0852965833619237,0.0571247898042202,0.015030008740723133,0.03678093105554581,0.13134664297103882,0.7597184777259827,15.108345379121602,,,
amgtp_no_state,109,0.05271057039499283,0.04977184161543846,0.013716780580580235,0.03523581847548485,0.11520262807607651,0.7860737442970276,14.917185549624264,,,
amgtp_no_state,110,0.01328884158283472,0.049569372087717056,0.015260623767971992,0.04033536836504936,0.11377716809511185,0.7810562252998352,14.84165638498962,,,
amgtp_no_state,111,0.021515153348445892,0.05087713152170181,0.017853206023573875,0.04719308391213417,0.10766297578811646,0.7764133214950562,14.835487680509686,,,
amgtp_no_state,112,0.04896802641451359,0.058522578328847885,0.023798376321792603,0.05808602273464203,0.10713212192058563,0.752459704875946,14.993771865963936,,,
amgtp_no_state,113,0.037445396184921265,0.06585319340229034,0.029947761446237564,0.06332957744598389,0.10342582315206528,0.7374441623687744,15.219327133148909,,,
amgtp_no_state,114,0.025430910289287567,0.07090488076210022,0.03572539612650871,0.06521576642990112,0.09605618566274643,0.732098400592804,15.407436449080706,,,
amgtp_no_state,115,0.03227318450808525,0.0749577060341835,0.03582629933953285,0.05788188800215721,0.08725292980670929,0.7440807223320007,15.73483494669199,,,
amgtp_no_state,116,0.02619936317205429,0.08494273573160172,0.033011406660079956,0.0531160831451416,0.08173435181379318,0.7471957802772522,16.32180518656969,,,
amgtp_no_state,117,0.03305007144808769,0.09184028208255768,0.02889126166701317,0.04811035096645355,0.0743342712521553,0.7568223476409912,16.7994920052588,,,
amgtp_no_state,118,0.017772752791643143,0.09357588738203049,0.026979364454746246,0.04440349340438843,0.07106700539588928,0.7639734745025635,16.967840768396854,,,
amgtp_no_state,119,0.012715468183159828,0.0955079048871994,0.02810096926987171,0.044444479048252106,0.07433079183101654,0.757616400718689,17.018853852525353,,,
amgtp_fixed_beta0,4,,0.20000606775283813,0.20000606775283813,0.20000606775283813,0.20000606775283813,0.20000606775283813,17.00051575899124,,,
amgtp_fixed_beta0,5,0.44755227863788605,0.2745930850505829,0.041782885789871216,0.13443802297115326,0.2745930850505829,0.2745930850505829,22.687136843800545,,,
amgtp_fixed_beta0,6,0.2560336608439684,0.3172651529312134,0.012899285182356834,0.03530416637659073,0.3172651529312134,0.3172651529312134,25.817289171740413,,,
amgtp_fixed_beta0,7,0.027524185366928577,0.32185250520706177,0.009914719499647617,0.024526603519916534,0.32185250520706177,0.32185250520706177,26.1535474518314,,,
amgtp_fixed_beta0,8,0.02120306622236967,0.3183187246322632,0.013136271387338638,0.03190677613019943,0.3183187246322632,0.3183187246322632,25.892673294991255,,,
amgtp_fixed_beta0,9,0.19109787419438362,0.35586947202682495,0.01839587837457657,0.0470949187874794,0.222770094871521,0.35586947202682495,28.053412228822708,,,
amgtp_fixed_beta0,10,0.206172376871109,0.39792895317077637,0.021940000355243683,0.06251835078001022,0.11968423426151276,0.39792895317077637,30.494027227163315,,,
amgtp_fixed_beta0,11,0.1355401687324047,0.4318135976791382,0.02157757803797722,0.05181539058685303,0.06297873705625534,0.4318135976791382,32.57208113744855,,,
amgtp_fixed_beta0,12,0.09871109388768673,0.45649152994155884,0.019274093210697174,0.02806626446545124,0.03967611864209175,0.45649152994155884,34.16157893277705,,,
amgtp_fixed_beta0,13,0.027524646371603012,0.4496106803417206,0.026137985289096832,0.029328638687729836,0.045312799513339996,0.4496106803417206,33.70250384323299,,,
amgtp_fixed_beta0,14,0.07791022397577763,0.4301328957080841,0.03446543216705322,0.04298523813486099,0.062283407896757126,0.4301328957080841,32.42923928424716,,,
amgtp_fixed_beta0,15,0.032432910054922104,0.4244176149368286,0.0296790711581707,0.047269057482481,0.07421557605266571,0.4244176149368286,32.09789878129959,,,
amgtp_fixed_beta0,16,0.04988771304488182,0.44270026683807373,0.02049623429775238,0.04475044086575508,0.08087705820798874,0.4111754894256592,33.03935982659459,,,
amgtp_fixed_beta0,17,0.2083695735782385,0.5173664689064026,0.02027171291410923,0.05087333545088768,0.10427244007587433,0.3072149157524109,36.2457957547158,,,
amgtp_fixed_beta0,18,0.38478237949311733,0.709758460521698,0.018971264362335205,0.0436183363199234,0.0901753157377243,0.1374770998954773,45.29124051332474,,,
amgtp_fixed_beta0,19,0.1694924458861351,0.7945044636726379,0.018268141895532608,0.0388663224875927,0.08113448321819305,0.06722662597894669,49.31424907594919,,,
amgtp_fixed_beta0,20,0.12297779694199562,0.7383315563201904,0.02547736093401909,0.05280303582549095,0.1214781254529953,0.061911311000585556,46.20088507980108,,,
amgtp_fixed_beta0,21,0.056432029232382774,0.7125790119171143,0.031153539195656776,0.0503392294049263,0.1305426061153412,0.07538633048534393,44.906118812039495,,,
amgtp_fixed_beta0,22,0.15169543772935867,0.7799773812294006,0.025414517149329185,0.033530157059431076,0.07724253088235855,0.08383522927761078,48.63903878815472,,,
amgtp_fixed_beta0,23,0.06431119330227375,0.7982382774353027,0.02029797062277794,0.033066585659980774,0.050666991621255875,0.0977298691868782,49.73668148368597,,,
amgtp_fixed_beta0,24,0.0693996250629425,0.7682002782821655,0.0217079296708107,0.04370882734656334,0.046004924923181534,0.12037722766399384,48.25216677039862,,,
amgtp_fixed_beta0,25,0.06769067980349064,0.7343558073043823,0.02363699860870838,0.04880942404270172,0.054198190569877625,0.13900050520896912,46.556808115914464,,,
amgtp_fixed_beta0,26,0.06719693541526794,0.7033877968788147,0.023940788581967354,0.04617788642644882,0.07095802575349808,0.1555342674255371,45.0399281848222,,,
amgtp_fixed_beta0,27,0.21318516321480274,0.8099812865257263,0.01773853600025177,0.026306115090847015,0.05171516537666321,0.09425947815179825,50.37717292457819,,,
amgtp_fixed_beta0,28,0.10418498143553734,0.862073540687561,0.016669107601046562,0.019695298746228218,0.04021763429045677,0.06134452670812607,52.940514259040356,,,
amgtp_fixed_beta0,29,0.09787549450993538,0.8131363987922668,0.026238540187478065,0.03082316555082798,0.056117091327905655,0.07368612289428711,50.33131732419133,,,
amgtp_fixed_beta0,30,0.019320858642458916,0.8062887191772461,0.025915352627635002,0.03972005099058151,0.05687984079122543,0.07119576632976532,49.91729827038944,,,
amgtp_fixed_beta0,31,0.058990782126784325,0.8344400525093079,0.020358961075544357,0.04106457531452179,0.04556605592370033,0.058571018278598785,51.34891248494387,,,
amgtp_fixed_beta0,32,0.020465362817049026,0.8304975032806396,0.016948524862527847,0.03818439319729805,0.04931040480732918,0.0650588646531105,51.21734884008765,,,
amgtp_fixed_beta0,33,0.038304717279970646,0.8443763256072998,0.013444974087178707,0.02617572620511055,0.045670248568058014,0.07033238559961319,52.05889682751149,,,
amgtp_fixed_beta0,34,0.12713681813329458,0.7808079719543457,0.01809120364487171,0.030462738126516342,0.059885550290346146,0.11075230687856674,48.92768888361752,,,
amgtp_fixed_beta0,35,0.30009073205292225,0.6307623982429504,0.029031619429588318,0.04458789899945259,0.08857779949903488,0.20703963935375214,41.52713875845075,,,
amgtp_fixed_beta0,36,0.28531704284250736,0.7734218835830688,0.022123467177152634,0.026489416137337685,0.053532760590314865,0.12443375587463379,48.623706636950374,,,
amgtp_fixed_beta0,37,0.2650329926982522,0.9059378504753113,0.010543436743319035,0.013589093461632729,0.022398145869374275,0.047531697899103165,55.22981253731996,,,
amgtp_fixed_beta0,38,0.02186664193868637,0.911827802658081,0.010591615922749043,0.0185838732868433,0.021875424310564995,0.03712068870663643,55.44882900733501,,,
amgtp_fixed_beta0,39,0.20512516144663095,0.8092653155326843,0.020906971767544746,0.05568946152925491,0.04902442544698715,0.06511341780424118,49.998653115704656,,,
amgtp_fixed_beta0,40,0.06817611306905746,0.7836669683456421,0.024866973981261253,0.047199998050928116,0.0617823451757431,0.08248379826545715,48.77373466081917,,,
amgtp_fixed_beta0,41,0.07067240960896015,0.7765756845474243,0.06020333245396614,0.0354292057454586,0.04602925106883049,0.08176291733980179,48.22791762277484,,,
amgtp_fixed_beta0,42,0.8417953141033649,0.3556777238845825,0.30281785130500793,0.17797279357910156,0.06562372297048569,0.09790769219398499,24.007473416626453,,,
amgtp_fixed_beta0,43,0.5626104325056076,0.3256625235080719,0.0515277236700058,0.3916650414466858,0.09979534894227982,0.13134892284870148,23.303726620972157,,,
amgtp_fixed_beta0,44,0.15673767030239105,0.3267603814601898,0.019647210836410522,0.46136799454689026,0.1073637455701828,0.08486097306013107,22.948973923921585,,,
amgtp_fixed_beta0,45,0.34685034677386284,0.5001848340034485,0.015366386622190475,0.32322707772254944,0.097018301486969,0.06420226395130157,32.57409746572375,,,
amgtp_fixed_beta0,46,0.5109193520620465,0.304951936006546,0.01173348631709814,0.5786871910095215,0.07407458126544952,0.030552543699741364,20.99116890039295,,,
amgtp_fixed_beta0,47,0.6484162556007504,0.5407878160476685,0.013950711116194725,0.25803783535957336,0.16022954881191254,0.02699371613562107,34.734852047637105,,,
amgtp_fixed_beta0,48,0.8355549378320575,0.30244216322898865,0.009740796871483326,0.09471927583217621,0.5780072212219238,0.01509057730436325,22.697747048921883,,,
amgtp_fixed_beta0,49,0.4039650857448578,0.4979245066642761,0.013698230497539043,0.06874918937683105,0.4019952416419983,0.017633819952607155,33.15625636931509,,,
amgtp_fixed_beta0,50,0.39378823433071375,0.33347490429878235,0.012756654992699623,0.03985563665628433,0.5988892912864685,0.015024365857243538,24.543383983895183,,,
amgtp_fixed_beta0,51,0.3559445980936289,0.49030327796936035,0.020013920962810516,0.04662661254405975,0.4209170341491699,0.02214009128510952,32.834470953792334,,,
amgtp_fixed_beta0,52,0.18009505607187748,0.40025511384010315,0.023818422108888626,0.04739748314023018,0.4999818801879883,0.028546765446662903,28.080845579504967,,,
amgtp_fixed_beta0,53,0.11777636967599392,0.438090443611145,0.028772620484232903,0.053229257464408875,0.4410938024520874,0.0388137549161911,30.104936195537448,,,
amgtp_fixed_beta0,54,0.15150591172277927,0.497242271900177,0.0308750718832016,0.0504462905228138,0.36812394857406616,0.05331256613135338,33.33999382331967,,,
amgtp_fixed_beta0,55,0.2275055255740881,0.39562806487083435,0.02713925950229168,0.04204360023140907,0.42827680706977844,0.1069125235080719,28.385666931048036,,,
amgtp_fixed_beta0,56,0.37765476293861866,0.42769983410835266,0.022439971566200256,0.03672361373901367,0.24946805834770203,0.263667494058609,31.23222218453884,,,
amgtp_fixed_beta0,57,0.5000818455591798,0.3644275665283203,0.013242428191006184,0.02188471145927906,0.08673614263534546,0.5137087106704712,29.743625502102077,,,
amgtp_fixed_beta0,58,0.3486029515042901,0.531716525554657,0.015727000311017036,0.026412872597575188,0.07009098678827286,0.35605260729789734,37.473330561071634,,,
amgtp_fixed_beta0,59,0.44794742204248905,0.3450552523136139,0.011379972100257874,0.020100271329283714,0.043438248336315155,0.580026388168335,29.199433097615838,,,
amgtp_fixed_beta0,60,0.32232424058020115,0.4694652855396271,0.01682155951857567,0.031968746334314346,0.06288031488656998,0.41886430978775024,34.58490747213364,,,
amgtp_fixed_beta0,61,0.08615470863878727,0.42638733983039856,0.020281797274947166,0.041322436183691025,0.08029110729694366,0.43171635270118713,32.33355618454516,,,
amgtp_fixed_beta0,62,0.1364171802997589,0.35957276821136475,0.020323676988482475,0.03992844000458717,0.0813056081533432,0.49886858463287354,29.26777453161776,,,
amgtp_fixed_beta0,63,0.283552436158061,0.4976136088371277,0.02334905043244362,0.039985399693250656,0.08195947110652924,0.3570931851863861,35.57314267009497,,,
amgtp_fixed_beta0,64,0.2669668458402157,0.40838342905044556,0.019157778471708298,0.027450986206531525,0.0544314831495285,0.4905761778354645,31.85360335186124,,,
amgtp_fixed_beta0,65,0.05531463772058487,0.3987347483634949,0.018342193216085434,0.02223370596766472,0.04245569184422493,0.5182334780693054,31.561586748808622,,,
amgtp_fixed_beta0,66,0.1995783168822527,0.4976365864276886,0.019229600206017494,0.02077411487698555,0.03793846815824509,0.4244212210178375,36.14721350185573,,,
amgtp_fixed_beta0,67,0.2800967423245311,0.37609225511550903,0.015166756696999073,0.0161961168050766,0.028075551614165306,0.5644698739051819,30.728397510014474,,,
amgtp_fixed_beta0,68,0.07009796239435673,0.4111408591270447,0.01451330166310072,0.0159295666962862,0.02645796909928322,0.5319581031799316,32.363372777588665,,,
amgtp_fixed_beta0,69,0.2653810055926442,0.533347487449646,0.01714002899825573,0.019749188795685768,0.030495865270495415,0.3992679715156555,37.88045950047672,,,
amgtp_fixed_beta0,70,0.3095210883766413,0.38774746656417847,0.014562081545591354,0.017389755696058273,0.026272539049386978,0.554028332233429,31.27188376709819,,,
amgtp_fixed_beta0,71,0.10450818203389645,0.43109428882598877,0.016472088173031807,0.020420754328370094,0.03023851476609707,0.5017739534378052,33.17989663220942,,,
amgtp_fixed_beta0,72,0.19516364857554436,0.511233925819397,0.02057976834475994,0.026619132608175278,0.037374574691057205,0.4041920602321625,36.69478358142078,,,
amgtp_fixed_beta0,73,0.23208636976778507,0.40600237250328064,0.017486736178398132,0.023813165724277496,0.03246241435408592,0.5202357172966003,31.959605526179075,,,
amgtp_fixed_beta0,74,0.018390215933322906,0.41377583146095276,0.017297973856329918,0.024925334379076958,0.03277144208550453,0.5112289190292358,32.30522882565856,,,
amgtp_fixed_beta0,75,0.21966338530182838,0.5172387957572937,0.01875120960175991,0.027630263939499855,0.034981947392225266,0.401397168636322,37.00040373951197,,,
amgtp_fixed_beta0,76,0.18467055074870586,0.4319177269935608,0.01742791198194027,0.024905603379011154,0.03201591596007347,0.49373266100883484,33.14357700757682,,,
amgtp_fixed_beta0,77,0.032064156606793404,0.44794967770576477,0.01669890806078911,0.0224885456264019,0.030169565230607986,0.4826928675174713,33.930032309144735,,,
amgtp_fixed_beta0,78,0.25965179689228535,0.5693795084953308,0.019636506214737892,0.02508881688117981,0.033027950674295425,0.35286715626716614,39.42900930903852,,,
amgtp_fixed_beta0,79,0.3102598711848259,0.4245336651802063,0.01717931404709816,0.021381238475441933,0.028908751904964447,0.5079972147941589,32.86766521073878,,,
amgtp_fixed_beta0,80,0.10029151104390621,0.4746793210506439,0.016729120165109634,0.020301345735788345,0.027068234980106354,0.46122196316719055,35.20497754961252,,,
amgtp_fixed_beta0,81,0.6399433147162199,0.17842720448970795,0.010553373023867607,0.012891652062535286,0.01693478412926197,0.781194269657135,21.810123862698674,,,
amgtp_fixed_beta0,82,0.29717080295085907,0.03953488543629646,0.008794642984867096,0.010099499486386776,0.011791071854531765,0.9297781586647034,15.510617991909385,,,
amgtp_fixed_beta0,83,0.10138611495494843,0.02824223041534424,0.027483347803354263,0.02894594334065914,0.024949997663497925,0.8903787732124329,14.448807811364532,,,
amgtp_fixed_beta0,84,1.2173798326402903,0.031740520149469376,0.22259125113487244,0.36738577485084534,0.09659372270107269,0.2816886901855469,7.848977506160736,,,
amgtp_fixed_beta0,85,0.5527552450075746,0.014155815355479717,0.09373407065868378,0.48687219619750977,0.25348520278930664,0.151753231883049,6.302641246467829,,,
amgtp_fixed_beta0,86,0.9898961028084159,0.00606825016438961,0.019601469859480858,0.07414403557777405,0.7434394359588623,0.1567467749118805,8.004659486934543,,,
amgtp_fixed_beta0,87,0.13861725479364395,0.0035153599455952644,0.006986637599766254,0.020003097131848335,0.7439224720001221,0.22557233273983002,8.643387488089502,,,
amgtp_fixed_beta0,88,0.48890855978243053,0.003816115902736783,0.0052102780900895596,0.011801465414464474,0.5094460844993591,0.46972575783729553,10.411864829715341,,,
amgtp_fixed_beta0,89,0.17196683259680867,0.0035772540140897036,0.003767195623368025,0.007235937286168337,0.5954300761222839,0.3899903893470764,9.867986232042313,,,
amgtp_fixed_beta0,90,0.02680388675071299,0.004248983692377806,0.003781348466873169,0.006448357366025448,0.5828152298927307,0.40270596742630005,9.995655595324934,,,
amgtp_fixed_beta0,91,0.5344476387836039,0.006689579226076603,0.005267146043479443,0.008031786419451237,0.3155915141105652,0.6644200682640076,11.941758813336492,,,
amgtp_fixed_beta0,92,0.19279179442673922,0.010439320467412472,0.007949982769787312,0.011108463630080223,0.21919555962085724,0.7513066530227661,12.720296661369503,,,
amgtp_fixed_beta0,93,0.02683129906654358,0.014863281510770321,0.011395231820642948,0.01518038846552372,0.2206696718931198,0.7378906011581421,12.823889407329261,,,
amgtp_fixed_beta0,94,0.13948224671185017,0.021436162292957306,0.016571486368775368,0.021071547642350197,0.15092939138412476,0.7899922728538513,13.482353426516056,,,
amgtp_fixed_beta0,95,0.11912879534065723,0.028075505048036575,0.021008506417274475,0.026580804958939552,0.09136450290679932,0.8329705595970154,14.086420578882098,,,
amgtp_fixed_beta0,96,0.05353626422584057,0.03502502664923668,0.024955041706562042,0.03253484517335892,0.06459660828113556,0.8428888320922852,14.47668108344078,,,
amgtp_fixed_beta0,97,0.057919688522815704,0.0480642132461071,0.032511357218027115,0.04089973121881485,0.05821334198117256,0.8203127980232239,14.93093591183424,,,
amgtp_fixed_beta0,98,0.03678104653954506,0.05931224673986435,0.03493969887495041,0.045612823218107224,0.055742163211107254,0.804392397403717,15.382201679050922,,,
amgtp_fixed_beta0,99,0.07235131599009037,0.05178479477763176,0.026478236541152,0.03722934052348137,0.043938495218753815,0.8405676484107971,15.320770489051938,,,
amgtp_fixed_beta0,100,0.07681196741759777,0.04009608179330826,0.01845758594572544,0.026973245665431023,0.03549901396036148,0.8789746761322021,15.059280794113874,,,
amgtp_fixed_beta0,101,0.042344904504716396,0.0319211520254612,0.014690765179693699,0.02140156552195549,0.03184030205011368,0.9001474380493164,14.819110830314457,,,
amgtp_fixed_beta0,102,0.007330132648348808,0.031331755220890045,0.015000234358012676,0.021583382040262222,0.03501284122467041,0.8970705270767212,14.763732961378992,,,
amgtp_fixed_beta0,103,0.032733759842813015,0.0354636125266552,0.017157776281237602,0.02424033358693123,0.04243317246437073,0.8807034492492676,14.844576025381684,,,
amgtp_fixed_beta0,104,0.09731607884168625,0.05182928591966629,0.023390861228108406,0.03213284909725189,0.060601215809583664,0.8320466876029968,15.302408700808883,,,
amgtp_fixed_beta0,105,0.13461419753730297,0.07992689311504364,0.02765553817152977,0.04090380668640137,0.08677458018064499,0.7647390961647034,16.259749952703714,,,
amgtp_fixed_beta0,106,0.09741605445742607,0.09731200337409973,0.025788437575101852,0.04607096686959267,0.11293017864227295,0.7178980112075806,16.843804948031902,,,
amgtp_fixed_beta0,107,0.05626584216952324,0.07698410004377365,0.02059667930006981,0.043457724153995514,0.12445410341024399,0.7345070242881775,15.924292918294668,,,
amgtp_fixed_beta0,108,0.08357090316712856,0.05849388241767883,0.01583275757730007,0.03734084218740463,0.11204035580158234,0.776293158531189,15.289874939247966,,,
amgtp_fixed_beta0,109,0.06452085915952921,0.04888896644115448,0.013237291015684605,0.03404425457119942,0.09527712315320969,0.8085538148880005,15.035401311703026,,,
amgtp_fixed_beta0,110,0.010927596129477024,0.04847128316760063,0.01443912647664547,0.038283396512269974,0.09529891610145569,0.8035066723823547,14.95375213213265,,,
amgtp_fixed_beta0,111,0.02048058994114399,0.04767255112528801,0.01485517993569374,0.040551044046878815,0.08585755527019501,0.8110634684562683,14.952752824872732,,,
amgtp_fixed_beta0,112,0.038089415058493614,0.05652147904038429,0.018093859776854515,0.04750872775912285,0.08541467040777206,0.7924622297286987,15.244282694533467,,,
amgtp_fixed_beta0,113,0.018663207069039345,0.062367748469114304,0.020091772079467773,0.04899565503001213,0.07966069877147675,0.7888841032981873,15.511145982891321,,,
amgtp_fixed_beta0,114,0.020014123991131783,0.06484691798686981,0.022458961233496666,0.049776073545217514,0.06965292245149612,0.7932636737823486,15.655864151194692,,,
amgtp_fixed_beta0,115,0.029132511466741562,0.06848272681236267,0.023402025923132896,0.045009784400463104,0.05985388159751892,0.8032519817352295,15.931899903342128,,,
amgtp_fixed_beta0,116,0.035390282049775124,0.08482306450605392,0.02475712075829506,0.04466521739959717,0.05630374327301979,0.7894518375396729,16.69458857178688,,,
amgtp_fixed_beta0,117,0.03296077996492386,0.09296843409538269,0.0226178877055645,0.03975522518157959,0.04687243327498436,0.7977867126464844,17.217110618948936,,,
amgtp_fixed_beta0,118,0.03801485523581505,0.08751815557479858,0.02093120664358139,0.033416956663131714,0.041339773684740067,0.81679368019104,17.096761349588633,,,
amgtp_fixed_beta0,119,0.008575893938541412,0.0846957340836525,0.02259443700313568,0.032169412821531296,0.04396485537290573,0.8165760636329651,16.94066559895873,,,
amgtp_fixed_beta_hi,4,,0.20000606775283813,0.20000606775283813,0.20000606775283813,0.20000606775283813,0.20000606775283813,17.00051575899124,,,
amgtp_fixed_beta_hi,5,0.1690564751625061,0.22817696630954742,0.1422998011112213,0.17316855490207672,0.22817696630954742,0.22817696630954742,19.144139736890793,,,
amgtp_fixed_beta_hi,6,0.10654381662607193,0.24593457579612732,0.12418598681688309,0.1380113810300827,0.24593457579612732,0.24593457579612732,20.458920769393444,,,
amgtp_fixed_beta_hi,7,0.02480918914079666,0.250069260597229,0.11655580997467041,0.13323645293712616,0.250069260597229,0.2500692903995514,20.77187569439411,,,
amgtp_fixed_beta_hi,8,0.009920097887516022,0.24935567378997803,0.11373644322156906,0.13819639384746552,0.24935567378997803,0.24935567378997803,20.726135201752186,,,
amgtp_fixed_beta_hi,9,0.06789308786392212,0.26632919907569885,0.10747293382883072,0.13212208449840546,0.22774745523929596,0.26632919907569885,21.806432105600834,,,
amgtp_fixed_beta_hi,10,0.105218805372715,0.29263365268707275,0.09821783751249313,0.12034041434526443,0.19617432355880737,0.29263365268707275,23.487349644303322,,,
amgtp_fixed_beta_hi,11,0.0763636976480484,0.311724454164505,0.09140293300151825,0.11175918579101562,0.17338836193084717,0.311724454164505,24.708008632063866,,,
amgtp_fixed_beta_hi,12,0.0449853241443634,0.3229708969593048,0.08784397691488266,0.10464856773614883,0.16156549751758575,0.3229708969593048,25.432594537734985,,,
amgtp_fixed_beta_hi,13,0.010810576379299164,0.32026827335357666,0.08897442370653152,0.10636626183986664,0.16412268579006195,0.32026827335357666,25.256784237921238,,,
amgtp_fixed_beta_hi,14,0.010300040245056152,0.3192557096481323,0.08584962785243988,0.10675624758005142,0.168882817029953,0.3192557096481323,25.213220603764057,,,
amgtp_fixed_beta_hi,15,0.05547507107257843,0.33312445878982544,0.07703898102045059,0.0958358645439148,0.16087627410888672,0.33312445878982544,26.141890443861485,,,
amgtp_fixed_beta_hi,16,0.030592963099479675,0.34489789605140686,0.07095406949520111,0.09197435528039932,0.15552598237991333,0.33664727210998535,26.84249458462,,,
amgtp_fixed_beta_hi,17,0.04886142909526825,0.3555271327495575,0.07030755281448364,0.09869713336229324,0.16260501742362976,0.31286340951919556,27.21634977310896,,,
amgtp_fixed_beta_hi,18,0.10368629544973373,0.4073699116706848,0.0693066269159317,0.09648057818412781,0.15527012944221497,0.2715722620487213,29.689845636487007,,,
amgtp_fixed_beta_hi,19,0.09974660724401474,0.4572438597679138,0.06472107768058777,0.08912304788827896,0.14903227984905243,0.2398805320262909,32.16827521473169,,,
amgtp_fixed_beta_hi,20,0.02366603910923004,0.45448192954063416,0.06357016414403915,0.09017172455787659,0.15981680154800415,0.23196053504943848,31.969166211783886,,,
amgtp_fixed_beta_hi,21,0.03134694695472717,0.44787850975990295,0.06430047750473022,0.08758687227964401,0.15333113074302673,0.2469032257795334,31.729734756052494,,,
amgtp_fixed_beta_hi,22,0.05904894694685936,0.46013784408569336,0.061310578137636185,0.08147820085287094,0.1329050362110138,0.2641681730747223,32.54270550236106,,,
amgtp_fixed_beta_hi,23,0.03748340159654617,0.47737258672714233,0.057105351239442825,0.08298536390066147,0.12328194826841354,0.25925499200820923,33.44096017256379,,,
amgtp_fixed_beta_hi,24,0.05368784815073013,0.5038503408432007,0.05559702590107918,0.08335154503583908,0.12275013327598572,0.23445121943950653,34.67824011668563,,,
amgtp_fixed_beta_hi,25,0.054357338696718216,0.5216795206069946,0.05480390042066574,0.07758061587810516,0.13209964334964752,0.21383662521839142,35.50672724097967,,,
amgtp_fixed_beta_hi,26,0.018622394651174545,0.5233570337295532,0.054021093994379044,0.07623440772294998,0.1397329717874527,0.20665408670902252,35.55543435737491,,,
amgtp_fixed_beta_hi,27,0.09164395555853844,0.5691790580749512,0.05040596425533295,0.07155738025903702,0.11492987722158432,0.19392740726470947,37.93531443178654,,,
amgtp_fixed_beta_hi,28,0.038321603089571,0.5883398056030273,0.0498446486890316,0.06948429346084595,0.10429586470127106,0.18803496658802032,38.92124645039439,,,
amgtp_fixed_beta_hi,29,0.05722745135426521,0.5597261786460876,0.05496677756309509,0.07385829836130142,0.11213541775941849,0.19931310415267944,37.4354437738657,,,
amgtp_fixed_beta_hi,30,0.031142521649599075,0.5726795196533203,0.05089293047785759,0.07115629315376282,0.11475318670272827,0.19051754474639893,38.09565092250705,,,
amgtp_fixed_beta_hi,31,0.0641372837126255,0.6047484278678894,0.046343959867954254,0.06974543631076813,0.107587531208992,0.1715746521949768,39.69564379006624,,,
amgtp_fixed_beta_hi,32,0.008197840303182602,0.6023283004760742,0.04486074671149254,0.07042272388935089,0.11100935935974121,0.17137926816940308,39.57220221683383,,,
amgtp_fixed_beta_hi,33,0.022323857992887497,0.609128475189209,0.04324065148830414,0.06556503474712372,0.1063249409198761,0.17574074864387512,39.9922893345356,,,
amgtp_fixed_beta_hi,34,0.06103278324007988,0.5786123275756836,0.04571300372481346,0.06955960392951965,0.10853017866611481,0.19758522510528564,38.49703587219119,,,
amgtp_fixed_beta_hi,35,0.09895439073443413,0.5291347503662109,0.050345636904239655,0.07561638206243515,0.11678757518529892,0.2281152307987213,36.03640606254339,,,
amgtp_fixed_beta_hi,36,0.10624060779809952,0.5822551846504211,0.04592199623584747,0.06283880770206451,0.10771672427654266,0.20126712322235107,38.74150629341602,,,
amgtp_fixed_beta_hi,37,0.13787995278835297,0.6511951088905334,0.03860166668891907,0.05622922629117966,0.09114647656679153,0.1628272533416748,42.19660276174545,,,
amgtp_fixed_beta_hi,38,0.02605525404214859,0.6475921869277954,0.03957945108413696,0.06628406047821045,0.09314107149839401,0.15340213477611542,41.89358023554087,,,
amgtp_fixed_beta_hi,39,0.15303120389580727,0.5710769295692444,0.04796576872467995,0.09096081554889679,0.11988534778356552,0.17011073231697083,37.806211676448584,,,
amgtp_fixed_beta_hi,40,0.08109668642282486,0.593595027923584,0.044213373214006424,0.0635218620300293,0.11052826046943665,0.1881408840417862,39.2581508345902,,,
amgtp_fixed_beta_hi,41,0.11187591403722763,0.6408768892288208,0.05286986380815506,0.055275533348321915,0.08612263947725296,0.16485527157783508,41.58214209601283,,,
amgtp_fixed_beta_hi,42,0.5217905230820179,0.4249382019042969,0.2941702604293823,0.07487066835165024,0.07905571162700653,0.12696589529514313,28.345986895263195,,,
amgtp_fixed_beta_hi,43,0.2681552991271019,0.36108511686325073,0.2398603856563568,0.2073388248682022,0.08066485077142715,0.11105085164308548,24.646349750459194,,,
amgtp_fixed_beta_hi,44,0.39889543503522873,0.3250543475151062,0.09922081232070923,0.4067864716053009,0.07034581154584885,0.09859244525432587,22.695555992424488,,,
amgtp_fixed_beta_hi,45,0.11246713250875473,0.29567068815231323,0.08558126538991928,0.46302059292793274,0.06513290107250214,0.0905955508351326,20.939152352511883,,,
amgtp_fixed_beta_hi,46,0.07043790817260742,0.26943761110305786,0.07836012542247772,0.4952448010444641,0.06812693923711777,0.08883010596036911,19.450861252844334,,,
amgtp_fixed_beta_hi,47,0.22416701167821884,0.24816972017288208,0.07440901547670364,0.4083804190158844,0.14263130724430084,0.1264093667268753,18.957883767783642,,,
amgtp_fixed_beta_hi,48,0.4332573562860489,0.22684547305107117,0.06632772833108902,0.22115753591060638,0.3383793532848358,0.14729025959968567,18.77124782651663,,,
amgtp_fixed_beta_hi,49,0.09553314000368118,0.20971110463142395,0.060673683881759644,0.19617903232574463,0.38595467805862427,0.14748115837574005,17.99829602241516,,,
amgtp_fixed_beta_hi,50,0.14946068078279495,0.21300093829631805,0.059540264308452606,0.1786569207906723,0.32987990975379944,0.2189217060804367,18.749630577862263,,,
amgtp_fixed_beta_hi,51,0.1794600412249565,0.2651822865009308,0.06779620051383972,0.1635545939207077,0.2552528977394104,0.24821512401103973,21.73117919266224,,,
amgtp_fixed_beta_hi,52,0.14333204925060272,0.2873363196849823,0.08028075098991394,0.1510949581861496,0.292279988527298,0.18900838494300842,22.465822115540504,,,
amgtp_fixed_beta_hi,53,0.11743944883346558,0.3001096248626709,0.07243534922599792,0.14128415286540985,0.33822643756866455,0.14794489741325378,22.941678926348686,,,
amgtp_fixed_beta_hi,54,0.15203242376446724,0.3761254549026489,0.060832541435956955,0.13468274474143982,0.2946612238883972,0.1336977332830429,26.966804903000593,,,
amgtp_fixed_beta_hi,55,0.07402874901890755,0.3491291105747223,0.053485579788684845,0.13201195001602173,0.32061967253685,0.14475393295288086,25.66816083341837,,,
amgtp_fixed_beta_hi,56,0.1422189325094223,0.3544023334980011,0.04830015450716019,0.12766548991203308,0.25904202461242676,0.21059010922908783,26.456992335617542,,,
amgtp_fixed_beta_hi,57,0.2332725152373314,0.31724607944488525,0.04334393888711929,0.11382310837507248,0.1983605921268463,0.32722634077072144,25.389270946383476,,,
amgtp_fixed_beta_hi,58,0.17729942873120308,0.4058961868286133,0.04247589036822319,0.10982374846935272,0.17881347239017487,0.2629915475845337,29.659294318407774,,,
amgtp_fixed_beta_hi,59,0.15339352563023567,0.34975239634513855,0.042698390781879425,0.10446510463953018,0.16361847519874573,0.3394651412963867,27.239078789949417,,,
amgtp_fixed_beta_hi,60,0.05689148232340813,0.3326295018196106,0.04659201577305794,0.1016574278473854,0.1551033854484558,0.3640173375606537,26.491300832480192,,,
amgtp_fixed_beta_hi,61,0.1048065610229969,0.37251004576683044,0.0565723180770874,0.1026516705751419,0.15665164589881897,0.31161412596702576,28.174289360642433,,,
amgtp_fixed_beta_hi,62,0.06958438828587532,0.35792627930641174,0.0509752593934536,0.09220267832279205,0.1524895578622818,0.34640660881996155,27.72027948126197,,,
amgtp_fixed_beta_hi,63,0.06150369718670845,0.362548828125,0.04320251941680908,0.08185213059186935,0.1398606151342392,0.3725355267524719,28.2362102791667,,,
amgtp_fixed_beta_hi,64,0.04090988263487816,0.370711088180542,0.03962773457169533,0.07570257037878036,0.1291300505399704,0.38482823967933655,28.80090644583106,,,
amgtp_fixed_beta_hi,65,0.017528869211673737,0.37678125500679016,0.03920784965157509,0.07329206168651581,0.12319628894329071,0.38752278685569763,29.153652373701334,,,
amgtp_fixed_beta_hi,66,0.01415075734257698,0.3730999231338501,0.04034006595611572,0.07347223162651062,0.11980215460062027,0.39328569173812866,28.991366915404797,,,
amgtp_fixed_beta_hi,67,0.06617042422294617,0.3407617509365082,0.04080183058977127,0.07468220591545105,0.11905552446842194,0.4246995747089386,27.48973622173071,,,
amgtp_fixed_beta_hi,68,0.01685337722301483,0.34900951385498047,0.04098041355609894,0.07450394332408905,0.11665832251310349,0.4188480079174042,27.885543443262577,,,
amgtp_fixed_beta_hi,69,0.11713320016860962,0.40677499771118164,0.0417814776301384,0.07360363006591797,0.11279793083667755,0.3650420606136322,30.569266594946384,,,
amgtp_fixed_beta_hi,70,0.05168332904577255,0.3872935473918915,0.041469506919384,0.06935536861419678,0.11099814623594284,0.3908839225769043,29.736510396003723,,,
amgtp_fixed_beta_hi,71,0.060441676527261734,0.3613930940628052,0.04089408740401268,0.06560996174812317,0.11154505610466003,0.4205574095249176,28.58992874249816,,,
amgtp_fixed_beta_hi,72,0.07647913321852684,0.39264747500419617,0.04281026870012283,0.06645544618368149,0.11576869338750839,0.3823179602622986,29.963857404887676,,,
amgtp_fixed_beta_hi,73,0.05932250991463661,0.4223090708255768,0.04102494940161705,0.06504866480827332,0.1108802780508995,0.36073756217956543,31.401203010231256,,,
amgtp_fixed_beta_hi,74,0.10191696137189865,0.37571316957473755,0.03839858993887901,0.0644187331199646,0.10977354645729065,0.41169559955596924,29.30659818276763,,,
amgtp_fixed_beta_hi,75,0.011052574962377548,0.3799892067909241,0.03786235302686691,0.0656692236661911,0.10849761217832565,0.4079817235469818,29.50544984638691,,,
amgtp_fixed_beta_hi,76,0.09826117008924484,0.42728331685066223,0.039133861660957336,0.0662340521812439,0.10591164976358414,0.36143696308135986,31.67633406072855,,,
amgtp_fixed_beta_hi,77,0.016449909657239914,0.4339197278022766,0.0407087467610836,0.06472975015640259,0.10592503100633621,0.354716032743454,31.977581340819597,,,
amgtp_fixed_beta_hi,78,0.01039440929889679,0.4287230670452118,0.043860647827386856,0.06508783251047134,0.10678175836801529,0.35554707050323486,31.687639463692904,,,
amgtp_fixed_beta_hi,79,0.0664120577275753,0.40621334314346313,0.04224160686135292,0.06108824536204338,0.10170406848192215,0.38875308632850647,30.752778619527817,,,
amgtp_fixed_beta_hi,80,0.08180853351950645,0.4471175968647003,0.038839537650346756,0.05656973272562027,0.09152981638908386,0.36594364047050476,32.79952422901988,,,
amgtp_fixed_beta_hi,81,0.3200112134218216,0.30693039298057556,0.03411877900362015,0.050504546612501144,0.08249741047620773,0.5259492993354797,26.542228061705828,,,
amgtp_fixed_beta_hi,82,0.11416582390666008,0.2552887499332428,0.03418175131082535,0.04851748049259186,0.07904291898012161,0.5829689502716064,24.21192492544651,,,
amgtp_fixed_beta_hi,83,0.38867194950580597,0.23311419785022736,0.11876428872346878,0.1049872413277626,0.13232673704624176,0.41080766916275024,21.098172411322594,,,
amgtp_fixed_beta_hi,84,0.39391084760427475,0.2093600332736969,0.15266209840774536,0.268044650554657,0.0851946696639061,0.2847382724285126,18.10109654814005,,,
amgtp_fixed_beta_hi,85,0.31918196752667427,0.18984919786453247,0.060169417411088943,0.4276359975337982,0.06501947343349457,0.2573263645172119,16.79173469915986,,,
amgtp_fixed_beta_hi,86,0.11419661343097687,0.17273522913455963,0.05008518323302269,0.4847346544265747,0.05831264704465866,0.23413343727588654,15.554459545761347,,,
amgtp_fixed_beta_hi,87,0.09210900962352753,0.15730682015419006,0.04545870050787926,0.5307894349098206,0.05337848514318466,0.21306826174259186,14.432841274887323,,,
amgtp_fixed_beta_hi,88,0.0761212445795536,0.14402852952480316,0.04257023334503174,0.5688489079475403,0.05058769881725311,0.19396403431892395,13.46043910086155,,,
amgtp_fixed_beta_hi,89,0.04413653910160065,0.1385362446308136,0.0437825471162796,0.580847978591919,0.059444695711135864,0.17738816142082214,12.998048290610313,,,
amgtp_fixed_beta_hi,90,0.4494764916598797,0.16615717113018036,0.051510538905858994,0.3646242618560791,0.24883383512496948,0.16887344419956207,15.220878656953573,,,
amgtp_fixed_beta_hi,91,0.332601185888052,0.12764744460582733,0.03708076477050781,0.2684001326560974,0.4151347279548645,0.151736781001091,13.531385868787766,,,
amgtp_fixed_beta_hi,92,0.10719027742743492,0.11427605152130127,0.033243078738451004,0.24353273212909698,0.46873003244400024,0.14021828770637512,12.864570621401072,,,
amgtp_fixed_beta_hi,93,0.053415559232234955,0.11058446019887924,0.032139647752046585,0.22162021696567535,0.4939676523208618,0.14168868958950043,12.773483131080866,,,
amgtp_fixed_beta_hi,94,0.30774862319231033,0.13790059089660645,0.040873486548662186,0.2019864320755005,0.35972681641578674,0.259512722492218,15.07213406637311,,,
amgtp_fixed_beta_hi,95,0.34626075997948647,0.12383563071489334,0.03910142928361893,0.18411830067634583,0.22030159831047058,0.4326431155204773,15.620708979666233,,,
amgtp_fixed_beta_hi,96,0.1470125913619995,0.10051626712083817,0.0327453687787056,0.1679139882326126,0.19267474114894867,0.5061491131782532,15.002274133265018,,,
amgtp_fixed_beta_hi,97,0.08613699674606323,0.09055565297603607,0.030941754579544067,0.15430791676044464,0.17497675120830536,0.5492178201675415,14.84109142422676,,,
amgtp_fixed_beta_hi,98,0.0569927841424942,0.08563054352998734,0.03183417767286301,0.1458817720413208,0.15983138978481293,0.5768215656280518,14.80163375288248,,,
amgtp_fixed_beta_hi,99,0.02863333374261856,0.08338912576436996,0.034252822399139404,0.14708834886550903,0.1477563977241516,0.587513267993927,14.738345950841904,,,
amgtp_fixed_beta_hi,100,0.015717938542366028,0.0816539078950882,0.03514759987592697,0.1493595987558365,0.1416327953338623,0.5922063589096069,14.664779461920261,,,
amgtp_fixed_beta_hi,101,0.027639925479888916,0.07818394154310226,0.03442482650279999,0.1397319883108139,0.14440351724624634,0.6032552123069763,14.60105487704277,,,
amgtp_fixed_beta_hi,102,0.029618490487337112,0.07585306465625763,0.03425160422921181,0.12742699682712555,0.15496471524238586,0.6075034141540527,14.557517278939486,,,
amgtp_fixed_beta_hi,103,0.02453339844942093,0.07519873976707458,0.03418025001883507,0.11588533222675323,0.1623886674642563,0.6123455166816711,14.60331853851676,,,
amgtp_fixed_beta_hi,104,0.019599605351686478,0.08183592557907104,0.03587900102138519,0.107842355966568,0.16385310888290405,0.6105892658233643,14.96478308737278,,,
amgtp_fixed_beta_hi,105,0.033621255308389664,0.09822989255189896,0.03629612550139427,0.1016320288181305,0.16039182245731354,0.6034507155418396,15.806038539856672,,,
amgtp_fixed_beta_hi,106,0.025215957313776016,0.10747984796762466,0.03437120467424393,0.09662188589572906,0.1547185331583023,0.6068083643913269,16.351374574005604,,,
amgtp_fixed_beta_hi,107,0.05746015906333923,0.09258245676755905,0.032305337488651276,0.09212926030158997,0.1474444717168808,0.6355385780334473,15.793291918933392,,,
amgtp_fixed_beta_hi,108,0.039524659514427185,0.08265659958124161,0.03162600100040436,0.08940943330526352,0.14100675284862518,0.655300498008728,15.42050451785326,,,
amgtp_fixed_beta_hi,109,0.0160265751183033,0.07790152728557587,0.03229435905814171,0.08961587399244308,0.13774895668029785,0.6624394059181213,15.213627997785807,,,
amgtp_fixed_beta_hi,110,0.02714749053120613,0.07717056572437286,0.03611886501312256,0.09467519074678421,0.14243948459625244,0.6495972275733948,15.041815958917141,,,
amgtp_fixed_beta_hi,111,0.010048825293779373,0.07724398374557495,0.0388573594391346,0.09688746184110641,0.1415119469165802,0.645500123500824,14.991744127124548,,,
amgtp_fixed_beta_hi,112,0.010916505008935928,0.0802256315946579,0.0397004634141922,0.09432345628738403,0.1386173665523529,0.6471332907676697,15.166396364569664,,,
amgtp_fixed_beta_hi,113,0.026772812008857727,0.0824986919760704,0.03843411058187485,0.08757513761520386,0.13324539363384247,0.6582463979721069,15.399248369038105,,,
amgtp_fixed_beta_hi,114,0.023006826639175415,0.08409779518842697,0.03810518980026245,0.08270905166864395,0.12693694233894348,0.6681506633758545,15.57476793974638,,,
amgtp_fixed_beta_hi,115,0.01797839254140854,0.08952879160642624,0.037958621978759766,0.07872992008924484,0.12207310646772385,0.6717085242271423,15.904306963086128,,,
amgtp_fixed_beta_hi,116,0.034115348011255264,0.10600438714027405,0.03854120895266533,0.07810040563344955,0.12101349979639053,0.656340479850769,16.668966870754957,,,
amgtp_fixed_beta_hi,117,0.01751648634672165,0.1147625595331192,0.03784233704209328,0.07641157507896423,0.11570486426353455,0.6552785038948059,17.136663738638163,,,
amgtp_fixed_beta_hi,118,0.026388946920633316,0.10689055174589157,0.03782680630683899,0.07385125011205673,0.11295828223228455,0.6684730052947998,16.822143711149693,,,
amgtp_fixed_beta_hi,119,0.018706850707530975,0.09816601872444153,0.04001615196466446,0.07322239875793457,0.11678913235664368,0.671806275844574,16.3724562600255,,,
