method,day,gate_move_l1,pi_expanding,pi_rolling_1,pi_rolling_3,pi_rolling_7,pi_rolling_14,h_eff,pi_m2,pi_m5b,pi_m5b_hs
adamoe,4,,0.2,0.2,0.2,0.2,0.2,17.0,,,
adamoe,5,0.010057200061064087,0.2015933773770448,0.1949713999694676,0.20024846789939732,0.2015933773770448,0.2015933773770448,17.12478037120829,,,
adamoe,6,0.009044837404344364,0.20309807571590355,0.19044898126729592,0.20025679158499377,0.20309807571590355,0.20309807571590355,17.242163489010466,,,
adamoe,7,0.00814502269000475,0.2044555794975711,0.187161968314282,0.19947129319300558,0.2044555794975711,0.2044555794975711,17.34647778719656,,,
adamoe,8,0.0019516421823900232,0.20476572276666083,0.1861861472230868,0.1995166844769312,0.20476572276666083,0.20476572276666083,17.370759744753407,,,
adamoe,9,0.002192188158916364,0.20525108829580355,0.1863115102442595,0.19853095508299562,0.20465535808113816,0.20525108829580355,17.403072415950675,,,
adamoe,10,0.006531565992423827,0.20633248496234718,0.18304572724804724,0.19887054521563935,0.20541875761161874,0.20633248496234718,17.486192553389987,,,
adamoe,11,0.0029514824075273227,0.2067905338144841,0.18360537074753736,0.19789572238264236,0.20491783924085233,0.2067905338144841,17.514216914853254,,,
adamoe,12,0.00032337043673100196,0.20677486516445515,0.18348657667099214,0.19805740760100787,0.20490628539908995,0.20677486516445515,17.513342819437327,,,
adamoe,13,0.0016890262363147557,0.20669194020946785,0.18380859165283875,0.1985799057373187,0.20422762219090723,0.20669194020946785,17.504345239701767,,,
adamoe,14,0.0019004265502320927,0.20710118338756056,0.18319522774927569,0.1982430563657653,0.20435934910983744,0.20710118338756056,17.533927411294915,,,
adamoe,15,0.0021427974823732265,0.2073725632037497,0.18365304246141467,0.1971716576245785,0.2044301735065066,0.2073725632037497,17.551748906958174,,,
adamoe,16,0.0009891220616674856,0.20751772549569208,0.18392429551306122,0.1972002659966292,0.203935612475673,0.2074221005189439,17.5580473178394,,,
adamoe,17,0.002308813918669439,0.2082390968105824,0.18390922545449417,0.1962849623555244,0.20371157921601013,0.20785513616338833,17.60306288195552,,,
adamoe,18,0.0024231574677331946,0.20815417970431313,0.18304032107159868,0.19722758337822915,0.20398053692717222,0.20759737891868674,17.598200916816893,,,
adamoe,19,0.0010915675510675682,0.20836312667322837,0.18267659454954144,0.1970801004471917,0.20431737373379094,0.20756280459624782,17.611805376768825,,,
adamoe,20,0.0043766892388212575,0.20788008683137632,0.18472982831994766,0.19721521129619646,0.20342469815599923,0.2067501753964813,17.56765601473385,,,
adamoe,21,0.0015992618656265334,0.20805220656347717,0.18393019738713412,0.19743848492881114,0.20373521056149446,0.20684390055908353,17.581339127739827,,,
adamoe,22,0.0010763937280854619,0.20835578422616904,0.1835556106737265,0.19727487477817585,0.20379918161281266,0.207014548709116,17.60152524179571,,,
adamoe,23,0.0014795724386520714,0.20868160650948395,0.18283333241053681,0.1976875049205848,0.20378167365667624,0.20701588250271813,17.621486308376117,,,
adamoe,24,0.0014022527585857703,0.20867450225350598,0.18213931028722163,0.1979168214843013,0.20404739001439554,0.20722197596057496,17.625799303499303,,,
adamoe,25,0.0017255132065835121,0.20887665795115543,0.1827999111928643,0.1973752599614087,0.20389465939572718,0.2070535114988445,17.633536944900328,,,
adamoe,26,0.0018131618559898977,0.20917766436939594,0.18259008884150812,0.19667850138477008,0.20423616519299537,0.2073175802113309,17.655384734469177,,,
adamoe,27,0.0030732123459047134,0.20867239761329276,0.18375770725190238,0.19704748914732823,0.2037819235809994,0.20674048240647774,17.616084250249138,,,
adamoe,28,0.002660438416133476,0.20929301239136772,0.18244505263494698,0.1975334901629917,0.2040055269953278,0.20672291781536653,17.65478580498841,,,
adamoe,29,0.0014591026185833134,0.2096596737262783,0.18181463451640945,0.1975425187518231,0.20390639380457354,0.20707677920091605,17.680442279793418,,,
adamoe,30,0.001315260293985071,0.20980847886282958,0.18172756020677863,0.19697196291446123,0.20422658623098755,0.20726541178494315,17.692454049326052,,,
adamoe,31,0.0030123755237001226,0.20941614027683875,0.18323374796862874,0.19669981087443988,0.2036813700664732,0.20696893081361967,17.661636219058263,,,
adamoe,32,0.0008677563652958742,0.20933697627916908,0.18315106751038476,0.1967610382997965,0.20340933633973904,0.20734158157091115,17.66030025553085,,,
adamoe,33,0.002020551221229072,0.2090723150335116,0.18395727208717963,0.19696510933361575,0.20339565733966705,0.20660964620602568,17.63549615036075,,,
adamoe,34,0.00112559599682438,0.2095564825457226,0.18349913369256093,0.19689438332069525,0.2034742878258682,0.20657571261515265,17.663951227791216,,,
adamoe,35,0.0008265815044376235,0.2094831418948451,0.18385675531988493,0.19665565783124744,0.20352995695076312,0.20647448800325924,17.658164773205304,,,
adamoe,36,0.002692917573768827,0.21000114638446316,0.1829436638284187,0.1962222905358293,0.20364993555906663,0.2071829636922221,17.69779035910827,,,
adamoe,37,0.004718239906882027,0.2092721119071715,0.1813135783522694,0.1979918937953289,0.20405258296518355,0.20736983298004666,17.663161716645483,,,
adamoe,38,0.0013666021162873354,0.20942132507916783,0.18149138593090527,0.19730859273718498,0.20433833533507184,0.2074403609176696,17.673230069085406,,,
adamoe,39,0.003459394930847348,0.20927689050848228,0.18307665887975838,0.1974530172537558,0.20358194193537477,0.2066114914226288,17.64968361461439,,,
adamoe,40,0.0016811009161511181,0.20949285910631996,0.18223610842168259,0.19762196633846693,0.2037915439792587,0.2068575221542714,17.667219671830892,,,
adamoe,41,0.0011197699428514285,0.20951003806874668,0.1827788144306815,0.1974791629916422,0.2036760412220761,0.20655594328685292,17.66333408210088,,,
adamoe,42,0.0021809185269028586,0.20916873774048325,0.18386927369413358,0.197351330787651,0.2031698135422683,0.2064408442354646,17.638408044578462,,,
adamoe,43,0.0013333926587018874,0.20943749047270335,0.18328743876316284,0.1972664693892708,0.2033192014795724,0.20668939989529136,17.658222284184262,,,
adamoe,44,0.0012265005959229136,0.20960711221829814,0.18284981339287992,0.19709084446159225,0.20346976161410207,0.20698246831312833,17.672591967558056,,,
adamoe,45,0.003992988037384265,0.21026091986381706,0.18085331937418755,0.19730955847298298,0.20406259548929895,0.2075136067997137,17.722065850243244,,,
adamoe,46,0.0009093150093013314,0.21012524907118046,0.180919701681171,0.19699057176096885,0.20423094756783716,0.20773352991884264,17.71729241307356,,,
adamoe,47,0.0033077491139242576,0.21000228543815624,0.18257357623813292,0.19658903506589165,0.20362817303769226,0.20720693022012662,17.6987720420708,,,
adamoe,48,0.003729064580069247,0.20957286662762975,0.18402524078182542,0.1970019028122338,0.2026769653111462,0.20672302446716456,17.66226404659464,,,
adamoe,49,0.0023321776485431267,0.21030031718180542,0.18308833827675522,0.19687251041456075,0.20311560358124214,0.20662323054563628,17.706259353136364,,,
adamoe,50,0.0018715339614305826,0.20956986326953653,0.1834619487269064,0.19743466694512463,0.20300729606825077,0.20652622499018103,17.662375968074763,,,
adamoe,51,0.0024978925082104753,0.20883515343923797,0.1841256717014962,0.19786815111778705,0.2031590351751037,0.20601198856637426,17.614120417564102,,,
adamoe,52,0.0020502666361708333,0.20952445778024903,0.18310053838341112,0.19789267512653486,0.20326178845784665,0.20622054025195818,17.658166113310298,,,
adamoe,53,0.001538660894236682,0.20913995756547474,0.18271570815106705,0.19837985209145953,0.20327418485865598,0.2064902973333425,17.640036175031316,,,
adamoe,54,0.0017367223819761968,0.2089659880243758,0.18358343318521453,0.19838048824830012,0.20294674233205762,0.20612334821005168,17.62303825065779,,,
adamoe,55,0.0016855639787794474,0.20946589883416583,0.1837213359292168,0.19776443913167402,0.20272000945929392,0.20632831664564902,17.65260508262833,,,
adamoe,56,0.0026879036908929455,0.20964257205842718,0.18380013215617275,0.19642048728622763,0.20344190640856724,0.20669490209060495,17.669437891648926,,,
adamoe,57,0.0018013193449957776,0.2092258654718601,0.18465484493070067,0.19646643418419774,0.20336896886077466,0.20628388655246688,17.63916326955486,,,
adamoe,58,0.000993342243806844,0.20951957982206235,0.1848076041621448,0.19646677498695184,0.20287229773887142,0.20633374328996998,17.65416120867842,,,
adamoe,59,0.0022084797693285585,0.20870157277868173,0.18477356593672864,0.19712205311649733,0.20332125949399021,0.2060815486741025,17.60662458990249,,,
adamoe,60,0.0030974841756650773,0.20951407788485776,0.18372533100994742,0.19686113795809454,0.20308166749134154,0.20681778565575887,17.662174089595712,,,
adamoe,61,0.01394611633608897,0.20925168389045304,0.19069838917799198,0.19511141026946746,0.20049605429320683,0.20444246236888097,17.59680050663036,,,
adamoe,62,0.07586237741546015,0.19281895913389724,0.2262210442836756,0.19751994387151386,0.1919378936080977,0.19150215910281576,16.412513906628156,,,
adamoe,63,0.03442727114765598,0.18235861133709635,0.22985314314888883,0.2111014805801288,0.1911750721380061,0.18551169279588042,15.740063469223426,,,
adamoe,64,0.030340866643580683,0.1758047869531254,0.22392392871483432,0.22456427509079338,0.19288271094913187,0.18282429829211555,15.35562312390828,,,
adamoe,65,0.02107004526200354,0.17158691213487245,0.21760678090208566,0.22880872385067041,0.19882765337626546,0.18316992973610685,15.155420270485799,,,
adamoe,66,0.015852744162836746,0.16834840977071236,0.2129189111848275,0.22928154525588573,0.20512634584145722,0.18432478794711826,15.018099585345082,,,
adamoe,67,0.01312385658300283,0.16645526635989766,0.2110124472530478,0.22651922430697846,0.2109203485298764,0.18509271355020024,14.94562653117978,,,
adamoe,68,0.020710950053921984,0.16758157700933524,0.20583147158741502,0.22134472494565008,0.2166668658280823,0.18857536062951757,15.081483376594303,,,
adamoe,69,0.01689212605864912,0.16948201595889878,0.20119950244989454,0.21753063105384599,0.21963251245313448,0.1921553380842264,15.25031467349647,,,
adamoe,70,0.01148696365932464,0.17061210178803693,0.197531021765862,0.21545562990821598,0.22031250137505343,0.19608874516283142,15.36805396067774,,,
adamoe,71,0.007437178422456364,0.17061369260439244,0.19508554231054503,0.2141825201523046,0.2206737306680171,0.19944451426474025,15.411393973413489,,,
adamoe,72,0.009308078223938282,0.17153075219086733,0.19512359748532165,0.21148358906645615,0.2187186226418968,0.20314343861545825,15.496457995246422,,,
adamoe,73,0.008981494874372165,0.17281938942162806,0.19376374535259172,0.21039179848857192,0.2166795179153248,0.20634554882188355,15.599696815029635,,,
adamoe,74,0.007150682583035611,0.17179727200926964,0.19308775288407815,0.20909929761799687,0.21609478737525423,0.20992089011340154,15.579777939508649,,,
adamoe,75,0.00644390724162433,0.17183829802461292,0.19249074588981235,0.20746516942773102,0.2151039689389736,0.21310181771887032,15.61433736628678,,,
adamoe,76,0.005423861564243182,0.17317819689726452,0.19084184029966184,0.20735207667017105,0.21415403650456244,0.21447384962834026,15.705302034474748,,,
adamoe,77,0.0020629319203062657,0.17373461328698264,0.19101448079201583,0.20698048231979177,0.21349416489478845,0.21477625870642114,15.737359501123764,,,
adamoe,78,0.002408795859413282,0.17400786641093535,0.1903049334650782,0.20664032043300956,0.21333947617880206,0.2157074035121755,15.7639778618423,,,
adamoe,79,0.005601554440972711,0.17513687036831338,0.19173210097979515,0.20464264064227528,0.21253637874904996,0.21595200926056685,15.824955025896708,,,
adamoe,80,0.0018391246824757956,0.17520419116579983,0.19102195382615578,0.20549488218602663,0.21239323159975246,0.21588574122226573,15.828911068642212,,,
adamoe,81,0.0034081126809274997,0.17690824750626352,0.19048071193252317,0.20506469709099728,0.21209855620803758,0.21544778726217875,15.921128568708092,,,
adamoe,82,0.0013292235662894225,0.17717749271413671,0.1907718712838295,0.20474716289846576,0.21220276343200245,0.21510070967156525,15.93249220225336,,,
adamoe,83,0.001690883391000153,0.17802293440963723,0.1905684936029482,0.20458706592635334,0.21202072966448982,0.21480077639657197,15.977061733163678,,,
adamoe,84,0.005174530343818595,0.17964501519176684,0.18877334513687316,0.2038969486331682,0.2119187302518405,0.21576596078635146,16.083319665314193,,,
adamoe,85,0.0021133775493484275,0.17922603587436509,0.18983003391154724,0.20371099409706617,0.21162198884990302,0.21561094726711838,16.05443235235363,,,
adamoe,86,0.0021820769444845234,0.18031707434660743,0.1890912504319306,0.20362493215066152,0.2114769862473504,0.21548975682345012,16.116186006940115,,,
adamoe,87,0.002660599323326601,0.17941954305422272,0.18970923271193513,0.20433724953232013,0.21144063655395093,0.21509333814757084,16.059284754505907,,,
adamoe,88,0.0022089413465200547,0.18015088264119877,0.19008236379821927,0.20429420542962068,0.2111656438747685,0.21430690425619286,16.090474105269088,,,
adamoe,89,0.004206581857291752,0.1791198105776736,0.18901014493309862,0.20462279189910412,0.21205369275982822,0.21519355983029562,16.047152842233764,,,
adamoe,90,0.0028695741115617734,0.17859510729510358,0.19018657254332527,0.20488115134465865,0.2114925014833377,0.21484466733357555,16.008809317336937,,,
adamoe,91,0.005116606338773533,0.18111859889711523,0.19022138411070008,0.20407386488603868,0.2106316842203838,0.21395446788576233,16.13934325253909,,,
adamoe,92,0.00480652688340602,0.18120364299413155,0.18781812066899678,0.2046080492282349,0.21142982052862624,0.2149403665800101,16.16303472382212,,,
adamoe,93,0.0028549086665393686,0.1814970118138211,0.1889522061825772,0.20383525260061866,0.21083138461043935,0.2148841447925438,16.174476392182388,,,
adamoe,94,0.0009567621037572249,0.1813163166701836,0.1893418420656854,0.20389765856222813,0.2108577238176003,0.21458645888430272,16.160228309066827,,,
adamoe,95,0.0037274031313445366,0.18303396186570273,0.18846599157628763,0.2040437149323811,0.21024917913970215,0.2142071524859262,16.25327923709648,,,
adamoe,96,0.0016022852757352768,0.18223281922783485,0.18871587578189009,0.20415245887263228,0.2104869695854667,0.21441187653217542,16.2103174646186,,,
adamoe,97,0.0025852648945991485,0.1831581620515888,0.1890831654054357,0.20397084070392496,0.20997836615554474,0.21380946568350512,16.253666493270423,,,
adamoe,98,0.0023472628646385163,0.18301705512167937,0.18987295262060863,0.20435468492107117,0.2097476195377217,0.2130076877989182,16.234301280633492,,,
adamoe,99,0.0007593298902884849,0.18311589959613783,0.18981256455815398,0.2044839583679268,0.20989916656155194,0.2126884109162287,16.237150334188268,,,
adamoe,100,0.0015093925127718233,0.18355332949351305,0.189881246281495,0.20402579914887026,0.20960262952422254,0.21293699555189835,16.263494757735025,,,
adamoe,101,0.0033665979592284456,0.1836959012547722,0.1891386991437764,0.20308504730697488,0.21006026071717965,0.21402009157729657,16.28685102345344,,,
adamoe,102,0.002777180026434567,0.1849091113787222,0.1888421613765926,0.20326042719624215,0.20994764941348504,0.2130406506349577,16.345372780472456,,,
adamoe,103,0.0011882510886354891,0.18512774884710306,0.188649727287867,0.2036347854143228,0.20954595795789294,0.21304178049281397,16.356625646961664,,,
adamoe,104,0.0019452196247269904,0.18462398527752005,0.1886060485461356,0.2032096179132738,0.21020000403442957,0.21336034422864092,16.33411886637914,,,
adamoe,105,0.0015958628989055645,0.18502607345540462,0.18870021443900764,0.20351129529197026,0.20965559658641825,0.21310682022719973,16.35188316692492,,,
adamoe,106,0.00256210463009085,0.18618626201497718,0.18749638009374023,0.20343407732219232,0.20973094477368576,0.21315233579540516,16.42122364751042,,,
adamoe,107,0.001739100382018216,0.18615818985445368,0.18679820020212584,0.20329077918332078,0.21017676377821787,0.21357606698188183,16.42746421321318,,,
adamoe,108,0.004790478957050287,0.18654925579308648,0.18880237374201814,0.2031161407880422,0.20915514468450075,0.21237708499235236,16.428471346375773,,,
adamoe,109,0.0014760892261882208,0.18697965001617373,0.18871737700414498,0.2026089253378595,0.2094627950745076,0.21223125256731407,16.452800255452097,,,
adamoe,110,0.0028352757673483775,0.1874769204325843,0.1881624270326297,0.20174623742570064,0.20965490082062457,0.21295951428846074,16.491033871047613,,,
adamoe,111,0.004752274859920941,0.1876311897619504,0.18969069687939055,0.20243983567953427,0.20854923811431814,0.21168903956480684,16.47837281034254,,,
adamoe,112,0.0036890888337533234,0.18862381802601136,0.18784615246251393,0.20249815820949288,0.20888421540900576,0.21214765589297635,16.545026399016383,,,
adamoe,113,0.0024483326605259093,0.1877590839499157,0.1879065264027009,0.20213872595532567,0.2094075291422262,0.21278813454983198,16.50475432895685,,,
adamoe,114,0.003008997466127983,0.18697135448078306,0.1889958826746494,0.2023623450438698,0.20959905251479716,0.2120713652859002,16.450556668259424,,,
adamoe,115,0.002173493228734391,0.18752594757524135,0.1883206847841471,0.20287765238084116,0.2091875037909323,0.21208821146883777,16.482057983541406,,,
adamoe,116,0.0017724159206436163,0.18793220802995636,0.18873525077945333,0.20262160753306518,0.20855734067838683,0.21215359297913872,16.50258424163268,,,
adamoe,117,0.001040969660157931,0.1874117231998774,0.1889434232666875,0.20266831965241555,0.2087078192715631,0.21226871460945687,16.474368513649917,,,
adamoe,118,0.0015347430047982225,0.1877980173382967,0.18902264577151895,0.20297017451156385,0.20831962716451502,0.21188953521410578,16.4905050927531,,,
adamoe,119,0.0018257306163228237,0.18850418056127666,0.18890256985166842,0.20227015452424313,0.20852632924969644,0.21179676581311557,16.53080289323249,,,
m5b_smooth0,4,,0.20000606775283813,0.20000606775283813,0.20000606775283813,0.20000606775283813,0.20000606775283813,17.00051575899124,,,
m5b_smooth0,5,0.5149676017463207,0.28582900762557983,0.04277300462126732,0.09974034875631332,0.28582900762557983,0.28582900762557983,23.494143668562174,,,
m5b_smooth0,6,0.19619924761354923,0.3185287415981293,0.01383366622030735,0.030579641461372375,0.3185287415981293,0.3185287415981293,25.906400660052896,,,
m5b_smooth0,7,0.021146591752767563,0.32205331325531006,0.009340198710560799,0.024500232189893723,0.32205331325531006,0.32205331325531006,26.169159268960357,,,
m5b_smooth0,8,0.05647424980998039,0.312640905380249,0.012683277949690819,0.04939417913556099,0.312640905380249,0.312640905380249,25.484779151156545,,,
m5b_smooth0,9,0.2477257139980793,0.35331103205680847,0.01976798288524151,0.08483175933361053,0.18877772986888885,0.35331103205680847,27.740723742172122,,,
m5b_smooth0,10,0.2196047343313694,0.4082121253013611,0.01971808634698391,0.05936993286013603,0.10448690503835678,0.4082121253013611,31.13693349249661,,,
m5b_smooth0,11,0.15333271026611328,0.44654542207717896,0.0163503997027874,0.029821006581187248,0.060737401247024536,0.44654542207717896,33.575336461886764,,,
m5b_smooth0,12,0.009685168042778969,0.44773271679878235,0.01881786622107029,0.028550410643219948,0.057164885103702545,0.44773271679878235,33.63684433698654,,,
m5b_smooth0,13,0.08428702130913734,0.4266611635684967,0.02574118971824646,0.05023781210184097,0.0706980749964714,0.4266611635684967,32.244267255067825,,,
m5b_smooth0,14,0.04767194390296936,0.41474345326423645,0.027478225529193878,0.06488649547100067,0.07814887911081314,0.41474345326423645,31.460195407271385,,,
m5b_smooth0,15,0.07513001561164856,0.43352577090263367,0.021466072648763657,0.03741290047764778,0.07406924664974213,0.43352577090263367,32.73309654742479,,,
m5b_smooth0,16,0.10861914232373238,0.4878356158733368,0.016383206471800804,0.022559313103556633,0.060562051832675934,0.4126601219177246,35.555374167859554,,,
m5b_smooth0,17,0.25170233845710754,0.6136866807937622,0.016200078651309013,0.020039910450577736,0.048527542501688004,0.3015458881855011,41.458855889737606,,,
m5b_smooth0,18,0.17007054574787617,0.6792196035385132,0.02015283890068531,0.029997102916240692,0.054120127111673355,0.2165108025074005,44.27331248484552,,,
m5b_smooth0,19,0.13638031296432018,0.7211137413978577,0.021080438047647476,0.04344959557056427,0.06603563576936722,0.14832022786140442,45.95698634907603,,,
m5b_smooth0,20,0.1234209630638361,0.7799540758132935,0.020560843870043755,0.04632016643881798,0.0642787292599678,0.08888667076826096,48.65113038755953,,,
m5b_smooth0,21,0.09632076509296894,0.8281140327453613,0.018098019063472748,0.040183816105127335,0.05693119391798973,0.05667257308959961,51.01742581278086,,,
m5b_smooth0,22,0.03347139060497284,0.8448505997657776,0.016889270395040512,0.03578303009271622,0.05345176160335541,0.049026716500520706,51.87581070885062,,,
m5b_smooth0,23,0.03719773888587952,0.8262503147125244,0.018609970808029175,0.04019185155630112,0.05696266144514084,0.057983748614788055,50.924715518951416,,,
m5b_smooth0,24,0.09716502949595451,0.777668297290802,0.02091975137591362,0.04721952974796295,0.06898296624422073,0.08520899713039398,48.49848290160298,,,
m5b_smooth0,25,0.043631285429000854,0.765365719795227,0.01996666193008423,0.03865963593125343,0.07108908891677856,0.10491859912872314,48.02437276765704,,,
m5b_smooth0,26,0.08998513594269753,0.8103584051132202,0.016310280188918114,0.022030411288142204,0.05740221217274666,0.09389863163232803,50.42030214890838,,,
m5b_smooth0,27,0.06291802227497101,0.7788989543914795,0.02042100578546524,0.024050317704677582,0.06933203339576721,0.10729674994945526,48.81398795545101,,,
m5b_smooth0,28,0.052887922152876854,0.7883217930793762,0.022011930122971535,0.03444575145840645,0.07436764985322952,0.08085364103317261,49.07718129269779,,,
m5b_smooth0,29,0.16057175397872925,0.8686068654060364,0.014041727408766747,0.033410534262657166,0.04386148601770401,0.0400785431265831,53.09881526045501,,,
m5b_smooth0,30,0.07930931728333235,0.9082623720169067,0.010131292976439,0.02430502511560917,0.02934454008936882,0.027957621961832047,55.1756071774289,,,
m5b_smooth0,31,0.035964387468993664,0.8902801871299744,0.013311522081494331,0.02484467253088951,0.03508933633565903,0.036475151777267456,54.26093424670398,,,
m5b_smooth0,32,0.16593914851546288,0.8073095083236694,0.02447652257978916,0.03608114272356033,0.05636179447174072,0.07576969265937805,50.026598708704114,,,
m5b_smooth0,33,0.10006765648722649,0.7572761178016663,0.02841310389339924,0.04042471572756767,0.0672486275434494,0.10663697123527527,47.54991230927408,,,
m5b_smooth0,34,0.17019083723425865,0.8423713445663452,0.01667720079421997,0.02855050377547741,0.04625948145985603,0.06614062190055847,51.894394462928176,,,
m5b_smooth0,35,0.07084909547120333,0.8777955770492554,0.013567154295742512,0.025528836995363235,0.038603488355875015,0.04450346529483795,53.65116122085601,,,
m5b_smooth0,36,0.014947162009775639,0.8703223466873169,0.015819426625967026,0.02797858603298664,0.041288621723651886,0.044590242207050323,53.23237972892821,,,
m5b_smooth0,37,0.15060347318649292,0.7950211763381958,0.02087838016450405,0.04732227697968483,0.06240684166550636,0.07437168061733246,49.342167211696506,,,
m5b_smooth0,38,0.1375124603509903,0.730535626411438,0.01987081579864025,0.044059112668037415,0.08443617075681686,0.12109853327274323,46.270618399605155,,,
m5b_smooth0,39,0.12962187640368938,0.7953463792800903,0.01578035019338131,0.026595478877425194,0.06031797453761101,0.1019597053527832,49.66601124033332,,,
m5b_smooth0,40,0.09183609113097191,0.8412636518478394,0.01467389427125454,0.02417374588549137,0.0438564158976078,0.07603063434362411,51.93443803489208,,,
m5b_smooth0,41,0.03296897001564503,0.8360722661018372,0.018150659278035164,0.034580979496240616,0.0464581698179245,0.06473880261182785,51.51777998916805,,,
m5b_smooth0,42,0.09636026248335838,0.787891685962677,0.026650534942746162,0.05591597035527229,0.0598241426050663,0.0697176456451416,48.86271564103663,,,
m5b_smooth0,43,0.08488054946064949,0.8303322196006775,0.02165580727159977,0.0386216938495636,0.04899335280060768,0.060397423803806305,51.14597146771848,,,
m5b_smooth0,44,0.07952476851642132,0.8700944185256958,0.015462186187505722,0.022865597158670425,0.03920677676796913,0.05237114802002907,53.297367598861456,,,
m5b_smooth0,45,0.03186294063925743,0.8554610013961792,0.014164343476295471,0.023145075887441635,0.04454396665096283,0.06268616020679474,52.60067366436124,,,
m5b_smooth0,46,0.203910943120718,0.7535052299499512,0.018769238144159317,0.037222642451524734,0.07256686687469482,0.11793597042560577,47.49982261657715,,,
m5b_smooth0,47,0.06761806085705757,0.7873144745826721,0.017244253307580948,0.029726434499025345,0.05162418261170387,0.11409103125333786,49.30393574759364,,,
m5b_smooth0,48,0.12144820392131805,0.8472228050231934,0.0180598646402359,0.02778523974120617,0.03070102445781231,0.07623112201690674,52.21692676469684,,,
m5b_smooth0,49,0.12587107811123133,0.9101579785346985,0.013165022246539593,0.021676991134881973,0.01986377313733101,0.03513555973768234,55.318618956021965,,,
m5b_smooth0,50,0.023564167320728302,0.9031665921211243,0.013316205702722073,0.02690654806792736,0.026264777407050133,0.03034452348947525,54.892708147875965,,,
m5b_smooth0,51,0.2544289631769061,0.7759523987770081,0.02422955073416233,0.06705942749977112,0.07304857671260834,0.05970926955342293,48.12982157059014,,,
m5b_smooth0,52,0.07710607349872589,0.8145055174827576,0.017862966284155846,0.04416642710566521,0.06420643627643585,0.05925804004073143,50.2997509110719,,,
m5b_smooth0,53,0.056891413405537605,0.8365191221237183,0.014264252036809921,0.03459969535470009,0.048926372081041336,0.06569033861160278,51.571360010653734,,,
m5b_smooth0,54,0.14065500535070896,0.7661916613578796,0.020552808418869972,0.057539135217666626,0.059495050460100174,0.0962212085723877,47.92823216877878,,,
m5b_smooth0,55,0.09937730617821217,0.8158804774284363,0.019348546862602234,0.04504886269569397,0.04181075468659401,0.07791154831647873,50.49076073989272,,,
m5b_smooth0,56,0.08883723802864552,0.8602988123893738,0.016423221677541733,0.02398495562374592,0.03602869436144829,0.06326393783092499,52.844202822074294,,,
m5b_smooth0,57,0.06817203387618065,0.8273447155952454,0.019725140184164047,0.022852661088109016,0.0538833811879158,0.07619297504425049,51.17285137809813,,,
m5b_smooth0,58,0.044608354568481445,0.8050410151481628,0.023864198476076126,0.02920348383486271,0.05888553708791733,0.08300559222698212,49.988212609663606,,,
m5b_smooth0,59,0.14380638115108013,0.7331383228302002,0.029881205409765244,0.05340537428855896,0.0756598562002182,0.10791606456041336,46.21884059533477,,,
m5b_smooth0,60,0.1016384344547987,0.7839570045471191,0.01754378341138363,0.039949141442775726,0.05157975107431412,0.10697007179260254,49.033450743183494,,,
m5b_smooth0,61,0.4368132818490267,0.5655505657196045,0.08870507776737213,0.15785731375217438,0.05639239400625229,0.13149480521678925,36.73098499327898,,,
m5b_smooth0,62,1.4891808559186757,0.01657252572476864,0.833296000957489,0.13776767253875732,0.0070878141559660435,0.005277133546769619,2.3644451308064163,,,
m5b_smooth0,63,0.9885122451814823,0.0014484516577795148,0.3599605858325958,0.6320234537124634,0.005753692705184221,0.0008142801816575229,2.3946138179162517,,,
m5b_smooth0,64,0.7071600640192628,8.000287925824523e-05,0.01187443919479847,0.9856038689613342,0.002342444844543934,0.00010047468822449446,2.9912899783812463,,,
m5b_smooth0,65,0.02411279837542679,9.555638825986534e-06,0.0010473532602190971,0.9976596832275391,0.0012539316667243838,2.9536931833717972e-05,3.003790779985138,,,
m5b_smooth0,66,0.002517896934023156,2.8076588023395743e-06,0.00022099829220678657,0.9989179968833923,0.000835439539514482,2.1548728909692727e-05,3.0032932074518612,,,
m5b_smooth0,67,0.0008231327122985022,1.4871703797325608e-06,8.620925655122846e-05,0.9993242025375366,0.0005612368113361299,2.8163534807390533e-05,3.0024709942586014,,,
m5b_smooth0,68,0.0003695617280072838,1.5231091765599558e-06,6.208297418197617e-05,0.9994827508926392,0.0004019007319584489,5.567860716837458e-05,3.0021945278267594,,,
m5b_smooth0,69,0.00028156235782716976,1.6271211507046246e-06,5.18915694556199e-05,0.9995720982551575,0.0002717468305490911,0.00010744428436737508,3.002272261398957,,,
m5b_smooth0,70,0.0002579944804210754,2.6224386147077894e-06,6.154880247777328e-05,0.9994813799858093,0.00023184406745713204,0.00022416518186219037,3.003424256095059,,,
m5b_smooth0,71,0.0006400041618235264,5.4576771617576014e-06,9.12095929379575e-05,0.9991604089736938,0.0002633031690493226,0.00047924320097081363,3.0064524241406616,,,
m5b_smooth0,72,0.0007364687439803674,9.188442163576838e-06,0.00012115805293433368,0.9987915754318237,0.00030798118677921593,0.0007685211603529751,3.0099623554306163,,,
m5b_smooth0,73,0.002421412814328505,2.58116124314256e-05,0.00023741254699416459,0.9975818395614624,0.000608314760029316,0.0015469868667423725,3.0204476474318653,,,
m5b_smooth0,74,0.003852869980619289,5.830890586366877e-05,0.000407958374125883,0.9956559538841248,0.0012051549274474382,0.002674087882041931,3.0367476692190394,,,
m5b_smooth0,75,0.008748011961870361,0.00013679417315870523,0.0007485175738111138,0.9912815093994141,0.0027665584348142147,0.005067207384854555,3.073107508593239,,,
m5b_smooth0,76,0.023390654503600672,0.0003181392385158688,0.0014144451124593616,0.9795859456062317,0.007198439911007881,0.011483144015073776,3.1704137318301946,,,
m5b_smooth0,77,0.14728509393171407,0.0009013465023599565,0.00310870842076838,0.9059438705444336,0.035157568752765656,0.05488956347107887,3.7895779800601304,,,
m5b_smooth0,78,1.4748672972200438,0.0009421820868737996,0.002633462892845273,0.16898462176322937,0.2545447051525116,0.5728943943977356,10.36845271103084,,,
m5b_smooth0,79,0.7409280836000107,0.00014786524116061628,0.00034721524571068585,0.0045461831614375114,0.05159994959831238,0.9433587193489075,13.591079397272551,,,
m5b_smooth0,80,0.09563335150596686,5.530314228963107e-05,0.00010871134873013943,0.00046242319513112307,0.008198296651244164,0.9911755919456482,13.938660533269285,,,
m5b_smooth0,81,0.012688161179539748,4.881102358922362e-05,8.56456026667729e-05,0.0001670038909651339,0.002178954193368554,0.9975194334983826,13.984040067021851,,,
m5b_smooth0,82,0.002082072554912884,0.00010299105633748695,0.00015908550994936377,0.00017059345555026084,0.0011379560455679893,0.9984292984008789,13.99282619918813,,,
m5b_smooth0,83,0.0013643581551150419,0.00033253137371502817,0.0004673974181059748,0.0003152747522108257,0.001050985767506063,0.9978344440460205,13.99840422111447,,,
m5b_smooth0,84,0.007041639881208539,0.0013583868276327848,0.0017987254541367292,0.0008515132940374315,0.0016784764593467116,0.9943137168884277,14.017997846647631,,,
m5b_smooth0,85,0.03515900782076642,0.007038066163659096,0.008325736038386822,0.0030922340229153633,0.004809445235878229,0.9767330884933472,14.147815763484687,,,
m5b_smooth0,86,0.08515408774837852,0.02038513496518135,0.024818042293190956,0.007879416458308697,0.012760722078382969,0.9341568350791931,14.439085135236382,,,
m5b_smooth0,87,0.07433211803436279,0.028207844123244286,0.0370064452290535,0.011804146692156792,0.025990938767790794,0.8969907760620117,14.50469696894288,,,
m5b_smooth0,88,0.059326786547899246,0.01434088870882988,0.024114029482007027,0.008900653570890427,0.029744602739810944,0.9229010343551636,14.040096012875438,,,
m5b_smooth0,89,0.044546051882207394,0.006171847227960825,0.013081245124340057,0.005828621331602335,0.02978426404297352,0.9451335668563843,13.841237727086991,,,
m5b_smooth0,90,0.014896645909175277,0.003676486434414983,0.009074495173990726,0.0048828208819031715,0.03242403641343117,0.9499425292015076,13.770475807599723,,,
m5b_smooth0,91,0.01429666462354362,0.003172343596816063,0.008809743449091911,0.005509329494088888,0.0389457531273365,0.9435629844665527,13.698180402163416,,,
m5b_smooth0,92,0.023389293113723397,0.0035668706987053156,0.010512499138712883,0.007486003916710615,0.0465657040476799,0.9318675994873047,13.619089073967189,,,
m5b_smooth0,93,0.02171018929220736,0.0047692302614450455,0.01392500288784504,0.011323200538754463,0.04896976798772812,0.9210135340690613,13.571026273071766,,,
m5b_smooth0,94,0.023585747461766005,0.006428885739296675,0.01833612099289894,0.01704551838338375,0.04792323336005211,0.9102674126625061,13.5344122312963,,,
m5b_smooth0,95,0.017850271426141262,0.007678868714720011,0.020935669541358948,0.022120216861367226,0.04145904257893562,0.9078055620193481,13.547519609332085,,,
m5b_smooth0,96,0.014261587057262659,0.008162549696862698,0.020742109045386314,0.024980885908007622,0.03452276438474655,0.911592960357666,13.589398544281721,,,
m5b_smooth0,97,0.014651410281658173,0.007741360925137997,0.01849200949072838,0.02503931149840355,0.02986741065979004,0.9188593029975891,13.631193716078997,,,
m5b_smooth0,98,0.01878832932561636,0.008259149268269539,0.018728554248809814,0.028446733951568604,0.03510112687945366,0.9094664454460144,13.577855836600065,,,
m5b_smooth0,99,0.04804083425551653,0.009428390301764011,0.020373346284031868,0.03437523543834686,0.0503779798746109,0.8854449987411499,13.438078312203288,,,
m5b_smooth0,100,0.023244651965796947,0.009270384907722473,0.01943787932395935,0.0362635962665081,0.06011229380965233,0.8749164938926697,13.354068733751774,,,
m5b_smooth0,101,0.0610506646335125,0.007151461206376553,0.014392017386853695,0.028149550780653954,0.044865548610687256,0.9054415822029114,13.518169333226979,,,
m5b_smooth0,102,0.03765056096017361,0.005818064324557781,0.011227778159081936,0.022569689899683,0.036116763949394226,0.9242658615112305,13.620560116134584,,,
m5b_smooth0,103,0.0028925715014338493,0.005974863655865192,0.010900897905230522,0.022317759692668915,0.03525042161345482,0.925556480884552,13.64088968001306,,,
m5b_smooth0,104,0.011253478936851025,0.0066476911306381226,0.01157309114933014,0.02391847036778927,0.037931788712739944,0.919930100440979,13.626733897253871,,,
m5b_smooth0,105,0.019609437324106693,0.007742519490420818,0.012970419600605965,0.026920171454548836,0.04224258288741112,0.9101253151893616,13.595734596252441,,,
m5b_smooth0,106,0.026058906689286232,0.009233440272510052,0.014814276248216629,0.030866483226418495,0.04798981174826622,0.8970947265625,13.556674996390939,,,
m5b_smooth0,107,0.006929165683686733,0.0097652617841959,0.014991587027907372,0.03130850940942764,0.05030413344502449,0.8936310410499573,13.557796331122518,,,
m5b_smooth0,108,0.01019999198615551,0.0101902661845088,0.015375680290162563,0.03189389035105705,0.054009635001420975,0.8885310292243958,13.539975176565349,,,
m5b_smooth0,109,0.03132013417780399,0.010741831734776497,0.016221998259425163,0.033704932779073715,0.06646031886339188,0.8728705048561096,13.447256000712514,,,
m5b_smooth0,110,0.020753622986376286,0.00945668201893568,0.014594970270991325,0.029897259548306465,0.06280317902565002,0.8832471370697021,13.476769842207432,,,
m5b_smooth0,111,0.006416532211005688,0.00934389978647232,0.01455155573785305,0.02936209924519062,0.06028681993484497,0.8864559531211853,13.495662923902273,,,
m5b_smooth0,112,0.012315967120230198,0.009166243486106396,0.014558853581547737,0.029180636629462242,0.05448799207806587,0.8926066756248474,13.529984775930643,,,
m5b_smooth0,113,0.01654799934476614,0.008933931589126587,0.01421712338924408,0.02817133069038391,0.0477970615029335,0.9008803963661194,13.581671990454197,,,
m5b_smooth0,114,0.03298897482454777,0.009800875559449196,0.015805823728442192,0.03091553784906864,0.059090957045555115,0.8843851685523987,13.491634029895067,,,
m5b_smooth0,115,0.04232020676136017,0.010430017486214638,0.017121601849794388,0.03366087004542351,0.07556138187646866,0.8632256388664246,13.357993878424168,,,
m5b_smooth0,116,0.021585912443697453,0.009933182038366795,0.016471832990646362,0.032384373247623444,0.06719213724136353,0.874019205570221,13.416229713708162,,,
m5b_smooth0,117,0.054007258266210556,0.008524900302290916,0.014379526488482952,0.028192520141601562,0.04788048937916756,0.9010223746299744,13.559927775524557,,,
m5b_smooth0,118,0.01994302310049534,0.008237794041633606,0.014153855852782726,0.028029322624206543,0.03858446329832077,0.9109933972358704,13.61650827061385,,,
m5b_smooth0,119,0.006867208518087864,0.008698293939232826,0.015022851526737213,0.030133692547678947,0.03733127936720848,0.9088132381439209,13.612025855109096,,,
m5b_smooth0.001,4,,0.20000606775283813,0.20000606775283813,0.20000606775283813,0.20000606775283813,0.20000606775283813,17.00051575899124,,,
m5b_smooth0.001,5,0.5074157044291496,0.28457024693489075,0.043419286608695984,0.10286965221166611,0.28457024693489075,0.28457021713256836,23.40221782773733,,,
m5b_smooth0.001,6,0.19013786409050226,0.31625986099243164,0.014705556444823742,0.03651436045765877,0.31625986099243164,0.31625983119010925,25.74129696097225,,,
m5b_smooth0.001,7,0.02365655731409788,0.3202027380466461,0.009993225336074829,0.02939879521727562,0.3202027380466461,0.3202027380466461,26.034611392766237,,,
m5b_smooth0.001,8,0.06274723540991545,0.3097447156906128,0.013450800441205502,0.05731438845396042,0.3097447156906128,0.3097447156906128,25.274715936742723,,,
m5b_smooth0.001,9,0.21598612610250711,0.34813153743743896,0.020440205931663513,0.08154474198818207,0.20175199210643768,0.34813153743743896,27.439072147011757,,,
m5b_smooth0.001,10,0.16878626309335232,0.3902210295200348,0.020654434338212013,0.05545975640416145,0.14344392716884613,0.3902210295200348,30.067497378215194,,,
m5b_smooth0.001,11,0.14391224086284637,0.4261990487575531,0.017877092584967613,0.03236766904592514,0.09735715389251709,0.4261990487575531,32.33520978502929,,,
m5b_smooth0.001,12,0.013551747426390648,0.4234897494316101,0.020931728184223175,0.03608928993344307,0.09600026160478592,0.4234897494316101,32.1394428871572,,,
m5b_smooth0.001,13,0.058135462924838066,0.41145414113998413,0.02529742382466793,0.06079108640551567,0.09100350737571716,0.41145414113998413,31.29230167903006,,,
m5b_smooth0.001,14,0.04056601598858833,0.4215957820415497,0.0238452460616827,0.0596202090382576,0.07334379851818085,0.4215957522392273,31.914199916645885,,,
m5b_smooth0.001,15,0.06993339583277702,0.43907874822616577,0.020475802943110466,0.03352408483624458,0.06784193217754364,0.43907874822616577,33.08776895143092,,,
m5b_smooth0.001,16,0.03605096973478794,0.45422232151031494,0.01816481724381447,0.0233631432056427,0.06228894367814064,0.44196122884750366,33.965073347091675,,,
m5b_smooth0.001,17,0.12327221594750881,0.512352705001831,0.020222220569849014,0.024811362847685814,0.06025964394211769,0.3823543190956116,36.610596584156156,,,
m5b_smooth0.001,18,0.10544764995574951,0.5379349589347839,0.02349398098886013,0.038591787219047546,0.07034894078969955,0.32963040471076965,37.52263513021171,,,
m5b_smooth0.001,19,0.22008154913783073,0.6432527303695679,0.019179193302989006,0.04331472888588905,0.06977271288633347,0.22448058426380157,42.375424372032285,,,
m5b_smooth0.001,20,0.17011667601764202,0.7283107042312622,0.01841820403933525,0.04277588427066803,0.06388747692108154,0.1466069519519806,46.34509777650237,,,
m5b_smooth0.001,21,0.12607237696647644,0.7913473844528198,0.018182452768087387,0.04064951092004776,0.058579787611961365,0.09124106913805008,49.30840753391385,,,
m5b_smooth0.001,22,0.018254434689879417,0.7941323518753052,0.019711466506123543,0.04229501262307167,0.06174774095416069,0.0821140706539154,49.37636879272759,,,
m5b_smooth0.001,23,0.003955056890845299,0.7956820726394653,0.019569262862205505,0.04272226616740227,0.06030353903770447,0.08172239363193512,49.454898703843355,,,
m5b_smooth0.001,24,0.016588445752859116,0.7893273830413818,0.018375851213932037,0.041976578533649445,0.06252245604991913,0.08779813349246979,49.1707796305418,,,
m5b_smooth0.001,25,0.011990994215011597,0.7934828400611877,0.017983615398406982,0.0363723561167717,0.06324570626020432,0.08891396224498749,49.42358650267124,,,
m5b_smooth0.001,26,0.018974989652633667,0.8008317947387695,0.018632372841238976,0.027627309784293175,0.06473621726036072,0.08817224204540253,49.83898689597845,,,
m5b_smooth0.001,27,0.07962890155613422,0.761017918586731,0.023631954565644264,0.031221646815538406,0.08018256723880768,0.1039469987154007,47.79490796290338,,,
m5b_smooth0.001,28,0.08813929557800293,0.8010730147361755,0.020465729758143425,0.03523556888103485,0.0700167715549469,0.07320874184370041,49.705593107268214,,,
m5b_smooth0.001,29,0.11712037026882172,0.8596333265304565,0.01386771909892559,0.034019313752651215,0.046363528817892075,0.046116191893815994,52.66409664042294,,,
m5b_smooth0.001,30,0.05559047218412161,0.8874279260635376,0.011407100595533848,0.02577570639550686,0.035840533673763275,0.03954754024744034,54.13895908277482,,,
m5b_smooth0.001,31,0.030091185122728348,0.8739247918128967,0.014339652843773365,0.024233559146523476,0.03933924064040184,0.04816218465566635,53.47217310871929,,,
m5b_smooth0.001,32,0.1266597444191575,0.8105954527854919,0.023083582520484924,0.03254196420311928,0.051927872002124786,0.08185162395238876,50.265854481607676,,,
m5b_smooth0.001,33,0.004862630739808083,0.8102986812591553,0.023741068318486214,0.034315597265958786,0.05009286105632782,0.08155189454555511,50.236985286697745,,,
m5b_smooth0.001,34,0.056996943429112434,0.8384141325950623,0.018771745264530182,0.034698642790317535,0.0471671037375927,0.06094852834939957,51.61116475239396,,,
m5b_smooth0.001,35,0.012536430731415749,0.8362533450126648,0.018804265186190605,0.035793237388134,0.05230863019824028,0.05684152618050575,51.46332645602524,,,
m5b_smooth0.001,36,0.057126475498080254,0.8648160696029663,0.01617724448442459,0.024341873824596405,0.04276173561811447,0.05190305411815643,53.004141949117184,,,
m5b_smooth0.001,37,0.07693686336278915,0.8263474106788635,0.016800470650196075,0.0309668630361557,0.05102034658193588,0.07486443221569061,51.095790177583694,,,
m5b_smooth0.001,38,0.17370876111090183,0.7394930124282837,0.018874282017350197,0.04149148613214493,0.07520920038223267,0.12493150681257248,46.78843498416245,,,
m5b_smooth0.001,39,0.09538779966533184,0.787186861038208,0.01818530261516571,0.03640304133296013,0.06211220473051071,0.0961119756102562,49.13895918056369,,,
m5b_smooth0.001,40,0.10817429795861244,0.8412743210792542,0.016223955899477005,0.032059065997600555,0.04520614072680473,0.06523652374744415,51.81861473619938,,,
m5b_smooth0.001,41,0.016622193157672882,0.8380608558654785,0.017920419573783875,0.036476507782936096,0.047403812408447266,0.06013937294483185,51.58477920293808,,,
m5b_smooth0.001,42,0.03262878954410553,0.8217459321022034,0.02241390570998192,0.042459264397621155,0.051682066172361374,0.06169874221086502,50.68010447919369,,,
m5b_smooth0.001,43,0.02633647993206978,0.8349154591560364,0.02147369086742401,0.03554222360253334,0.047586940228939056,0.06048417091369629,51.40291488543153,,,
m5b_smooth0.001,44,0.01518995314836502,0.8370920419692993,0.019306357949972153,0.030113257467746735,0.04897007346153259,0.06451810896396637,51.58121268823743,,,
m5b_smooth0.001,45,0.01871461793780327,0.8336867690086365,0.01504548266530037,0.028422459959983826,0.05079355463385582,0.07205229997634888,51.485806085169315,,,
m5b_smooth0.001,46,0.09544327389448881,0.7859644293785095,0.015264383517205715,0.03225565701723099,0.061355020850896835,0.10515967011451721,49.17161764483899,,,
m5b_smooth0.001,47,0.07000322360545397,0.8209664821624756,0.015067636966705322,0.025351831689476967,0.04515111818909645,0.0934629738330841,50.973651522770524,,,
m5b_smooth0.001,48,0.03943559341132641,0.8039056062698364,0.022915497422218323,0.0364486426115036,0.04249383881688118,0.09423574060201645,49.98335504159331,,,
m5b_smooth0.001,49,0.19492029212415218,0.9013660550117493,0.01352638378739357,0.02304329164326191,0.024125870317220688,0.037938330322504044,54.86463727615774,,,
m5b_smooth0.001,50,0.014996649697422981,0.9006457328796387,0.01196274720132351,0.025718582794070244,0.02894856035709381,0.032723620533943176,54.788633078336716,,,
m5b_smooth0.001,51,0.23531785421073437,0.7829869985580444,0.0214455034583807,0.06197437644004822,0.07154156267642975,0.062051188200712204,48.55609611980617,,,
m5b_smooth0.001,52,0.10159068368375301,0.8337823748588562,0.01748330518603325,0.040095191448926926,0.05488532409071922,0.053753502666950226,51.301457677036524,,,
m5b_smooth0.001,53,0.03479140065610409,0.8172993063926697,0.017945384606719017,0.04314305633306503,0.05397244915366173,0.06763901561498642,50.51008629985154,,,
m5b_smooth0.001,54,0.16312683187425137,0.7357364892959595,0.02381378412246704,0.07445238530635834,0.06934679299592972,0.09665095806121826,46.229901261627674,,,
m5b_smooth0.001,55,0.18608496524393559,0.8287782669067383,0.017020588740706444,0.03947298228740692,0.04033520072698593,0.07439196109771729,51.18596941046417,,,
m5b_smooth0.001,56,0.06618330534547567,0.8618699312210083,0.014601637609302998,0.020220214501023293,0.03489608317613602,0.06841115653514862,52.989486928097904,,,
m5b_smooth0.001,57,0.08006519544869661,0.8218383193016052,0.019580889493227005,0.022264868021011353,0.05296255648136139,0.08335436135530472,50.93437360599637,,,
m5b_smooth0.001,58,0.027447404339909554,0.8136147260665894,0.0243519339710474,0.03084724396467209,0.05333215370774269,0.07785356789827347,50.39705225639045,,,
m5b_smooth0.001,59,0.09624786674976349,0.7654908299446106,0.028673386201262474,0.054154664278030396,0.0629756823182106,0.0887051373720169,47.8032888751477,,,
m5b_smooth0.001,60,0.08099039271473885,0.805212140083313,0.017363479360938072,0.03914988040924072,0.048795271664857864,0.08947911858558655,50.041816087439656,,,
m5b_smooth0.001,61,0.5790655147284269,0.5156798362731934,0.10534311830997467,0.17679473757743835,0.06891440600156784,0.13326869904994965,33.92468013614416,,,
m5b_smooth0.001,62,1.4789187936112285,0.016062665730714798,0.8448023200035095,0.1274089217185974,0.0060494733043015,0.005677026230841875,2.3126137093640864,,,
m5b_smooth0.001,63,1.035203542560339,0.0017756683519110084,0.3476729393005371,0.645010769367218,0.004448726307600737,0.001092456397600472,2.4356808222364634,,,
m5b_smooth0.001,64,0.6836440377082909,0.00010816658323165029,0.011262308806180954,0.986831784248352,0.0016562504461035132,0.0001400416949763894,2.99180199339753,,,
m5b_smooth0.001,65,0.022416585885366658,1.400421024300158e-05,0.0009961556643247604,0.9980411529541016,0.0009086145437322557,4.077593257534318e-05,3.00289103200339,,,
m5b_smooth0.001,66,0.0020769485190612613,4.326721864345018e-06,0.00021057264530099928,0.9990800619125366,0.000678402662742883,2.8208760340930894e-05,3.0028541029787448,,,
m5b_smooth0.001,67,0.0005385390936680778,2.376900283707073e-06,8.224097837228328e-05,0.9993431568145752,0.0005394195904955268,3.438839121372439e-05,3.002511700049581,,,
m5b_smooth0.001,68,0.00021486951141014288,2.4660946564836195e-06,5.935011358815245e-05,0.9994215369224548,0.00045522916479967535,6.370730989146978e-05,3.00255043305242,,,
m5b_smooth0.001,69,0.00022906866206540144,2.7001490252587246e-06,4.969598739990033e-05,0.9994826912879944,0.0003512899565976113,0.00011779421765822917,3.002767927536297,,,
m5b_smooth0.001,70,0.00027191505773771496,4.370574060885701e-06,5.916855297982693e-05,0.9993740916252136,0.0003226533008273691,0.00024132996622938663,3.004080870505277,,,
m5b_smooth0.001,71,0.000717887312930543,9.089876584766898e-06,8.810639701550826e-05,0.9990147948265076,0.00037092503043822944,0.000517991604283452,3.00752624114466,,,
m5b_smooth0.001,72,0.00084576751851273,1.5427123798872344e-05,0.00011753704893635586,0.9985911250114441,0.00042460719123482704,0.0008506392478011549,3.011697739319061,,,
m5b_smooth0.001,73,0.0028495890383055666,4.2839194065891206e-05,0.00023190393403638154,0.9971661567687988,0.0007916915928944945,0.0017663966864347458,3.0245721206447342,,,
m5b_smooth0.001,74,0.004700814541138243,9.671234147390351e-05,0.00040176502079702914,0.994816243648529,0.0015005269087851048,0.003184728557243943,3.0457431246177293,,,
m5b_smooth0.001,75,0.01118213983863825,0.00022702469141222537,0.0007464122609235346,0.9892246723175049,0.0034030568785965443,0.006397807504981756,3.095432613918092,,,
m5b_smooth0.001,76,0.03320577307022177,0.0005324959638528526,0.0014402979286387563,0.9726222157478333,0.009267771616578102,0.016137052327394485,3.242049836902879,,,
m5b_smooth0.001,77,0.2795653722132556,0.0015021522995084524,0.0032147488091140985,0.8328396081924438,0.055766671895980835,0.10667680948972702,4.475704747484997,,,
m5b_smooth0.001,78,1.5262999555561692,0.0008508632890880108,0.0015192741993814707,0.07203623652458191,0.17533384263515472,0.7502594590187073,11.999649105826393,,,
m5b_smooth0.001,79,0.4265088133979589,0.00016077651525847614,0.00025275375810451806,0.0028587651904672384,0.03321361914277077,0.963513970375061,13.740166559495265,,,
m5b_smooth0.001,80,0.057757761496759485,8.31783763715066e-05,0.00011346684186719358,0.0004553623730316758,0.006955013144761324,0.9923928380012512,13.948655080574099,,,
m5b_smooth0.001,81,0.009907363586535212,9.138468885794282e-05,0.00011368043487891555,0.00022070555132813752,0.0022355872206389904,0.9973376989364624,13.984635774075286,,,
m5b_smooth0.001,82,0.0018013421795330942,0.0002144641912309453,0.0002407230349490419,0.0002664357016328722,0.0013359785079956055,0.9979435801506042,13.994469853278133,,,
m5b_smooth0.001,83,0.00261550975847058,0.000713610090315342,0.0007429308025166392,0.0005318188923411071,0.0013764890609309077,0.9966353178024292,14.007684865558986,,,
m5b_smooth0.001,84,0.012116552738007158,0.0027949060313403606,0.0027904598973691463,0.0014385712565854192,0.0023987118620425463,0.9905765652656555,14.059663432301022,,,
m5b_smooth0.001,85,0.05195627093780786,0.012288876809179783,0.011415289714932442,0.004720582161098719,0.006976023316383362,0.9645984172821045,14.316119649913162,,,
m5b_smooth0.001,86,0.0803734646178782,0.024963805451989174,0.025417041033506393,0.009352434426546097,0.015854312106966972,0.9244117736816406,14.604047687724233,,,
m5b_smooth0.001,87,0.029282882809638977,0.023248080164194107,0.028474947437644005,0.010742777958512306,0.026047296822071075,0.9114858508110046,14.39872108027339,,,
m5b_smooth0.001,88,0.05116368783637881,0.010945409536361694,0.018134448677301407,0.007804070133715868,0.028536837548017502,0.9345781207084656,13.982122784014791,,,
m5b_smooth0.001,89,0.02771130157634616,0.005462490487843752,0.011696328409016132,0.0058703008107841015,0.03197998180985451,0.9449914693832397,13.810797104146332,,,
m5b_smooth0.001,90,0.013728681486099958,0.003832852002233267,0.009710029698908329,0.0057096173986792564,0.038844045251607895,0.9419034719467163,13.715366926044226,,,
m5b_smooth0.001,91,0.018519616220146418,0.003643966279923916,0.010447676293551922,0.007004433311522007,0.04607078433036804,0.9328319430351257,13.63224164582789,,,
m5b_smooth0.001,92,0.019525515381246805,0.004192020278424025,0.0127682164311409,0.009643623605370522,0.05032581090927124,0.9230692386627197,13.568470321595669,,,
m5b_smooth0.001,93,0.01786519819870591,0.0053872717544436455,0.016244253143668175,0.01390522625297308,0.047146961092948914,0.9173157811164856,13.553645900450647,,,
m5b_smooth0.001,94,0.018310549203306437,0.0066083152778446674,0.019278012216091156,0.018806179985404015,0.040869224816560745,0.9144387245178223,13.56042218580842,,,
m5b_smooth0.001,95,0.015250648371875286,0.007150968071073294,0.019697384908795357,0.02177617885172367,0.0332440622150898,0.9181321859359741,13.60064304433763,,,
m5b_smooth0.001,96,0.007304058875888586,0.007434160448610783,0.018924439325928688,0.023685596883296967,0.030364442616701126,0.9195910692214966,13.622856924310327,,,
m5b_smooth0.001,97,0.005220114253461361,0.007211707532405853,0.017114967107772827,0.02384781651198864,0.029785899445414543,0.9220384955406189,13.638401102274656,,,
m5b_smooth0.001,98,0.030361023731529713,0.008047233335673809,0.01798061653971672,0.027821378782391548,0.039291538298130035,0.9068578481674194,13.555329395458102,,,
m5b_smooth0.001,99,0.05373346246778965,0.009348259307444096,0.019778938964009285,0.03359666094183922,0.057283636182546616,0.8799911141395569,13.402325531467795,,,
m5b_smooth0.001,100,0.006179300136864185,0.009042615070939064,0.01845989003777504,0.03423961624503136,0.05973151698708534,0.8785273432731628,13.38123906776309,,,
m5b_smooth0.001,101,0.06245090579614043,0.007171651814132929,0.014045044779777527,0.027115104719996452,0.04191559925675392,0.9097520112991333,13.555626820772886,,,
m5b_smooth0.001,102,0.03161616204306483,0.006117985583841801,0.011490175500512123,0.02275022305548191,0.03408173471689224,0.9255608916282654,13.643244605511427,,,
m5b_smooth0.001,103,0.006903005298227072,0.0066057718358933926,0.011742488481104374,0.02371511608362198,0.03582732751965523,0.9221084713935852,13.639544039033353,,,
m5b_smooth0.001,104,0.009728993754833937,0.007247001864016056,0.012334040366113186,0.02513250894844532,0.03804246708750725,0.9172447919845581,13.630276036448777,,,
m5b_smooth0.001,105,0.011954018846154213,0.00803714245557785,0.013226786628365517,0.02705075405538082,0.04041808098554611,0.9112675189971924,13.617279428988695,,,
m5b_smooth0.001,106,0.01499681081622839,0.009050801396369934,0.014339207671582699,0.029422663152217865,0.04341792315244675,0.9037685394287109,13.602340294979513,,,
m5b_smooth0.001,107,0.0033676093444228172,0.009123069234192371,0.01390835177153349,0.028547702357172966,0.043039631098508835,0.9053797721862793,13.623529841192067,,,
m5b_smooth0.001,108,0.0039580510929226875,0.009329518303275108,0.014009417034685612,0.028515398502349854,0.0447126068174839,0.9034345149993896,13.620398168452084,,,
m5b_smooth0.001,109,0.01775789074599743,0.009721043519675732,0.014594478532671928,0.02965298667550087,0.05147689953446388,0.8945550918579102,13.570925632491708,,,
m5b_smooth0.001,110,0.01067299209535122,0.008974768221378326,0.013725568540394306,0.027529770508408546,0.04987865313887596,0.8998914361000061,13.582431650720537,,,
m5b_smooth0.001,111,0.016924798488616943,0.009657646529376507,0.014871958643198013,0.029506877064704895,0.05453464761376381,0.8914290070533752,13.544600013643503,,,
m5b_smooth0.001,112,0.005249582231044769,0.009791383519768715,0.015340342186391354,0.03033110313117504,0.05191083624958992,0.8926284313201904,13.553990554995835,,,
m5b_smooth0.001,113,0.007265431806445122,0.009644569829106331,0.015181454829871655,0.02977447584271431,0.04913896694779396,0.8962596654891968,13.574787157587707,,,
m5b_smooth0.001,114,0.043859644792973995,0.01040666550397873,0.016700174659490585,0.032469041645526886,0.06609366834163666,0.8743301033973694,13.441784355789423,,,
m5b_smooth0.001,115,0.021775090135633945,0.01018527802079916,0.016751360148191452,0.03274054825305939,0.07665866613388062,0.8636640906333923,13.353997617959976,,,
m5b_smooth0.001,116,0.029321757145226002,0.009408840909600258,0.015698019415140152,0.030742257833480835,0.0658259317278862,0.8783250451087952,13.429787401109934,,,
m5b_smooth0.001,117,0.047536334954202175,0.008249608799815178,0.014021354727447033,0.02745840512216091,0.04817759245634079,0.9020932912826538,13.55792232323438,,,
m5b_smooth0.001,118,0.008934225887060165,0.008524362929165363,0.014751166105270386,0.02932119183242321,0.04371020942926407,0.9036927819252014,13.57184693031013,,,
m5b_smooth0.001,119,0.014858701266348362,0.00934266671538353,0.01623467355966568,0.032795123755931854,0.04536398500204086,0.896263599395752,13.540418334305286,,,
m5b_smooth0.01,4,,0.20000606775283813,0.20000606775283813,0.20000606775283813,0.20000606775283813,0.20000606775283813,17.00051575899124,,,
m5b_smooth0.01,5,0.42618655785918236,0.2710320055484772,0.050473932176828384,0.13642945885658264,0.2710320055484772,0.2710320055484772,22.413354758173227,,,
m5b_smooth0.01,6,0.11708335019648075,0.29054591059684753,0.023180412128567696,0.10518134385347366,0.29054591059684753,0.29054591059684753,23.87294320203364,,,
m5b_smooth0.01,7,0.11535188276320696,0.3097713589668274,0.013221663422882557,0.05746455490589142,0.3097713589668274,0.3097713589668274,25.277095404453576,,,
m5b_smooth0.01,8,0.02091549802571535,0.30628538131713867,0.015442395582795143,0.06570138782262802,0.30628538131713867,0.30628538131713867,25.02166244573891,,,
m5b_smooth0.01,9,0.05349559895694256,0.31163910031318665,0.021332725882530212,0.07585154473781586,0.27953773736953735,0.31163913011550903,25.266945362091064,,,
m5b_smooth0.01,10,0.029671672731637955,0.31793877482414246,0.02356940135359764,0.0756906196475029,0.2648630142211914,0.31793880462646484,25.6321521140635,,,
m5b_smooth0.01,11,0.1036906074732542,0.34386128187179565,0.021706754341721535,0.0616709403693676,0.22889971733093262,0.34386128187179565,27.25475245527923,,,
m5b_smooth0.01,12,0.0597982257604599,0.35813844203948975,0.02305201254785061,0.0568561926484108,0.20381581783294678,0.35813844203948975,28.12257602624595,,,
m5b_smooth0.01,13,0.01636088266968727,0.36041396856307983,0.02433878369629383,0.05919833481311798,0.1956348717212677,0.36041393876075745,28.242011146619916,,,
m5b_smooth0.01,14,0.04752081260085106,0.37229397892951965,0.023332985118031502,0.05432075634598732,0.17775748670101166,0.37229397892951965,28.98035210184753,,,
m5b_smooth0.01,15,0.034456053748726845,0.38075223565101624,0.02364485338330269,0.047406744211912155,0.16744382679462433,0.38075223565101624,29.51363731175661,,,
m5b_smooth0.01,16,0.046543460339307785,0.4040238857269287,0.023307856172323227,0.041750989854335785,0.15125130116939545,0.37966570258140564,30.7640729136765,,,
m5b_smooth0.01,17,0.025011498481035233,0.4107222855091095,0.024816330522298813,0.04039876535534859,0.14009815454483032,0.3839649558067322,31.145546220242977,,,
m5b_smooth0.01,18,0.16123704425990582,0.48952099680900574,0.02335198037326336,0.04221795126795769,0.10680153220891953,0.33810678124427795,35.00237130559981,,,
m5b_smooth0.01,19,0.07277534529566765,0.525908887386322,0.019157016649842262,0.03847843036055565,0.08365710079669952,0.3327982425689697,36.9339006524533,,,
m5b_smooth0.01,20,0.09375893510878086,0.5709320306777954,0.020754802972078323,0.03873712196946144,0.08124952763319016,0.2883265018463135,38.99820572882891,,,
m5b_smooth0.01,21,0.3057366441935301,0.7238005995750427,0.019091377034783363,0.03283301740884781,0.07048125565052032,0.15379422903060913,46.19211439974606,,,
m5b_smooth0.01,22,0.021256286650896072,0.7189450860023499,0.0207782294601202,0.03692542761564255,0.07533010095357895,0.14802156388759613,45.86787227354944,,,
m5b_smooth0.01,23,0.01597248576581478,0.7250369191169739,0.019619911909103394,0.03881978243589401,0.07213494926691055,0.14438873529434204,46.16468134522438,,,
m5b_smooth0.01,24,0.1153747197240591,0.7827248573303223,0.015683257952332497,0.03430841490626335,0.058091338723897934,0.1091935858130455,49.01744951494038,,,
m5b_smooth0.01,25,0.0049288310110569,0.7812507152557373,0.01623784564435482,0.03480370342731476,0.05710023641586304,0.11060729622840881,48.9438956733793,,,
m5b_smooth0.01,26,0.0322903823107481,0.7964915633201599,0.017141643911600113,0.03085920959711075,0.05545816570520401,0.10004812479019165,49.68809397891164,,,
m5b_smooth0.01,27,0.024493593722581863,0.7842456102371216,0.020197566598653793,0.033008649945259094,0.06075916066765785,0.10178940743207932,49.02432595938444,,,
m5b_smooth0.01,28,0.01826128549873829,0.7918313145637512,0.020266396924853325,0.03426194190979004,0.06098175421357155,0.09265854209661484,49.357022965326905,,,
m5b_smooth0.01,29,0.005240017548203468,0.7935886979103088,0.01917378604412079,0.03495030105113983,0.06115599721670151,0.09113112092018127,49.44327423721552,,,
m5b_smooth0.01,30,0.05907300300896168,0.8231254816055298,0.016041023656725883,0.028536874800920486,0.053753312677145004,0.0785437747836113,50.96506658010185,,,
m5b_smooth0.01,31,0.006143471226096153,0.8211947679519653,0.01631828024983406,0.027395449578762054,0.054468393325805664,0.08062276989221573,50.8801882378757,,,
m5b_smooth0.01,32,0.05839789658784866,0.7919958233833313,0.019849486649036407,0.03133443370461464,0.06041012704372406,0.09640979766845703,49.406210247427225,,,
m5b_smooth0.01,33,0.027513032779097557,0.8052870035171509,0.02031525783240795,0.030650578439235687,0.05444126948714256,0.08930642902851105,50.06086609698832,,,
m5b_smooth0.01,34,0.01057533547282219,0.8003751635551453,0.021241573616862297,0.0344412699341774,0.05501208454370499,0.08893075585365295,49.77719037048519,,,
m5b_smooth0.01,35,0.006561648100614548,0.802255392074585,0.021767044439911842,0.03444734588265419,0.055880624800920486,0.08564942330121994,49.850688906386495,,,
m5b_smooth0.01,36,0.05691308714449406,0.830712080001831,0.018291443586349487,0.027861610054969788,0.04990667104721069,0.07322831451892853,51.319144174456596,,,
m5b_smooth0.01,37,0.009363777004182339,0.8350114226341248,0.01561333704739809,0.028243698179721832,0.04912282153964043,0.0720079243183136,51.55300048086792,,,
m5b_smooth0.01,38,0.007388940081000328,0.8320060968399048,0.014924540184438229,0.030083511024713516,0.050190769135951996,0.07279498130083084,51.39600600581616,,,
m5b_smooth0.01,39,0.009894049726426601,0.8280245065689087,0.01670517586171627,0.03231058269739151,0.051130104809999466,0.07182956486940384,51.15863195993006,,,
m5b_smooth0.01,40,0.01809285767376423,0.818978488445282,0.01762419193983078,0.03417205810546875,0.05442271754145622,0.07480330020189285,50.68705489858985,,,
m5b_smooth0.01,41,0.037679048255085945,0.8001383543014526,0.01860702596604824,0.03667673096060753,0.06174531206488609,0.08283211290836334,49.72880524210632,,,
m5b_smooth0.01,42,0.04269539751112461,0.821486234664917,0.018169395625591278,0.03249555081129074,0.055263701826334,0.07258501648902893,50.807866271585226,,,
m5b_smooth0.01,43,0.00728231854736805,0.8181681036949158,0.019862843677401543,0.03353285416960716,0.054940540343523026,0.0734952911734581,50.624065486714244,,,
m5b_smooth0.01,44,0.011608019471168518,0.8123641610145569,0.020956380292773247,0.03473367169499397,0.055347468703985214,0.07659808546304703,50.32681253366172,,,
m5b_smooth0.01,45,0.007659668102860451,0.8160708546638489,0.018330000340938568,0.03418812155723572,0.054689716547727585,0.07672137767076492,50.54207294806838,,,
m5b_smooth0.01,46,0.016039211302995682,0.8087860345840454,0.017595112323760986,0.034565165638923645,0.0587945356965065,0.08025901764631271,50.18364068120718,,,
m5b_smooth0.01,47,0.07222849130630493,0.844900369644165,0.015667304396629333,0.025488991290330887,0.04759353771805763,0.06634984165430069,52.04820900410414,,,
m5b_smooth0.01,48,0.023771941661834717,0.8330143094062805,0.020351624116301537,0.028571179136633873,0.04762181267142296,0.07044094055891037,51.40644958242774,,,
m5b_smooth0.01,49,0.06813598051667213,0.8670821785926819,0.01727812923491001,0.02511114813387394,0.03609762713313103,0.05443054065108299,53.132253248244524,,,
m5b_smooth0.01,50,0.007253846153616905,0.8646409511566162,0.016758684068918228,0.028738444671034813,0.03605559468269348,0.053806696087121964,52.98711399547756,,,
m5b_smooth0.01,51,0.01890404522418976,0.8559083938598633,0.017836211249232292,0.03418269380927086,0.038986220955848694,0.05308761075139046,52.49101802147925,,,
m5b_smooth0.01,52,0.020930061116814613,0.8663727045059204,0.016819365322589874,0.031928740441799164,0.03721566125750542,0.04766321927309036,53.022762555629015,,,
m5b_smooth0.01,53,0.008755803108215332,0.8619948625564575,0.01688675582408905,0.03361155465245247,0.039378076791763306,0.048128560185432434,52.786859553307295,,,
m5b_smooth0.01,54,0.011504566296935081,0.8564806580543518,0.017963992431759834,0.036586105823516846,0.04107871651649475,0.04789062589406967,52.47458157129586,,,
m5b_smooth0.01,55,0.03210693970322609,0.8725336194038391,0.016509050503373146,0.03188503161072731,0.03648896515369415,0.04258241504430771,53.31575787626207,,,
m5b_smooth0.01,56,0.008963655680418015,0.8691713809967041,0.017136771231889725,0.03076591156423092,0.03829627111554146,0.04462968558073044,53.152606861665845,,,
m5b_smooth0.01,57,0.013269826769828796,0.875806450843811,0.01569649949669838,0.028084879741072655,0.0373501293361187,0.043062373995780945,53.51266233064234,,,
m5b_smooth0.01,58,0.0034751594066619873,0.8772021532058716,0.016038240864872932,0.027826271951198578,0.03619237616658211,0.042741019278764725,53.583367152139544,,,
m5b_smooth0.01,59,0.007734237238764763,0.8733346462249756,0.017958955839276314,0.029367508366703987,0.036242399364709854,0.043095774948596954,53.36317789927125,,,
m5b_smooth0.01,60,0.0018753670156002045,0.8733440041542053,0.018500706180930138,0.029754308983683586,0.03537411615252495,0.043026600033044815,53.3583950959146,,,
m5b_smooth0.01,61,0.19839004054665565,0.7742693424224854,0.09274310618638992,0.0532553568482399,0.03525388240814209,0.04447829723358154,47.57814306020737,,,
m5b_smooth0.01,62,1.5974075915291905,0.022363075986504555,0.7792969346046448,0.16540522873401642,0.018997395411133766,0.013937159441411495,2.9453991800546646,,,
m5b_smooth0.01,63,1.173441352613736,0.0008914705249480903,0.23528538644313812,0.7521255612373352,0.008207480423152447,0.0034892079420387745,2.651451575802639,,,
m5b_smooth0.01,64,0.4617573069699574,3.9550213841721416e-05,0.01488138921558857,0.9830048084259033,0.0015726466663181782,0.0005018994561396539,2.984303946373984,,,
m5b_smooth0.01,65,0.02755693589006114,4.884673217020463e-06,0.002554284641519189,0.9967836141586304,0.000512764323502779,0.00014542175631504506,2.9988234623633616,,,
m5b_smooth0.01,66,0.00385114476284798,1.5962614270392805e-06,0.0009345478028990328,0.9987084269523621,0.0002729725674726069,8.190679363906384e-05,3.0002131074288627,,,
m5b_smooth0.01,67,0.0008079822628133115,9.8809596238425e-07,0.0006025341572239995,0.9991130232810974,0.0002091038622893393,7.501137588405982e-05,3.0005147760566615,,,
m5b_smooth0.01,68,0.00016718898257295223,1.203775696012599e-06,0.0006395779782906175,0.999029278755188,0.00022597583301831037,0.00010432436101837084,3.0008420126710007,,,
m5b_smooth0.01,69,0.0005304251014877082,1.556585743855976e-06,0.000809629273135215,0.9987636804580688,0.0002662254555616528,0.000158497437951155,3.001276608112221,,,
m5b_smooth0.01,70,0.0016093476079959146,3.0329431410791585e-06,0.001335475011728704,0.9979587197303772,0.00039863292477093637,0.0003031547530554235,3.0024282078074975,,,
m5b_smooth0.01,71,0.004092656068451106,7.734688551863655e-06,0.002642775885760784,0.9959132671356201,0.0007442557252943516,0.0006927328067831695,3.005754707977758,,,
m5b_smooth0.01,72,0.006918743751157308,1.5814584912732244e-05,0.004865679889917374,0.9924535155296326,0.0012759665260091424,0.0013890302507206798,3.0115532907657325,,,
m5b_smooth0.01,73,0.02211952905054204,5.3523341193795204e-05,0.011413626372814178,0.9813934564590454,0.00322867464274168,0.003910136874765158,3.036148034967482,,,
m5b_smooth0.01,74,0.05341755202971399,0.0001488574780523777,0.025321820750832558,0.9546849131584167,0.008433487266302109,0.011410804465413094,3.1170936822891235,,,
m5b_smooth0.01,75,0.214067846769467,0.0004557583015412092,0.06178813800215721,0.8476511240005493,0.0328495018184185,0.05725562945008278,3.663612333126366,,,
m5b_smooth0.01,76,1.2212011526571587,0.000737234833650291,0.060645055025815964,0.23819378018379211,0.11585987359285355,0.5845645070075989,9.814382698852569,,,
m5b_smooth0.01,77,0.6733145955804503,0.00022396900749299675,0.008081752806901932,0.011247561313211918,0.059224933385849,0.9212213754653931,13.366936367412563,,,
m5b_smooth0.01,78,0.07281442629027879,0.0001111765086534433,0.0024032185319811106,0.0016414335696026683,0.038215432316064835,0.9576288461685181,13.688309982331702,,,
m5b_smooth0.01,79,0.003108644152234774,0.00011874180927406996,0.0017589296912774444,0.0007311866502277553,0.03961940109729767,0.9577714204788208,13.69721269258298,,,
m5b_smooth0.01,80,0.005424457645858638,0.00021648421534337103,0.002207995392382145,0.0006455940892919898,0.04178474098443985,0.9551447033882141,13.681652864906937,,,
m5b_smooth0.01,81,0.0038748579972889274,0.00046287692384794354,0.003684238763526082,0.0008600950823165476,0.04114127531647682,0.9538504481315613,13.675932340498548,,,
m5b_smooth0.01,82,0.031238333089277148,0.0013577394420281053,0.008293443359434605,0.0017607451882213354,0.05035680532455444,0.9382323622703552,13.58279075450264,,,
m5b_smooth0.01,83,0.02601166267413646,0.0034925343934446573,0.017309898510575294,0.003614619607105851,0.04799148440361023,0.9275911450386047,13.55992224230431,,,
m5b_smooth0.01,84,0.03519737161695957,0.006874685175716877,0.02862033247947693,0.006520591210573912,0.04160579293966293,0.9163780212402344,13.581196064595133,,,
m5b_smooth0.01,85,0.021720791701227427,0.010451900772750378,0.032784346491098404,0.009639997035264969,0.033453356474637985,0.9136703014373779,13.714376099407673,,,
m5b_smooth0.01,86,0.053331260569393635,0.008226275444030762,0.023138025775551796,0.008637949824333191,0.019661836326122284,0.9403360486030579,13.844965936616063,,,
m5b_smooth0.01,87,0.010949567891657352,0.009513133205473423,0.02117290161550045,0.01089484803378582,0.02159353904426098,0.9368270635604858,13.891379101201892,,,
m5b_smooth0.01,88,0.012382907792925835,0.00809442438185215,0.017002491280436516,0.011280595324933529,0.020989857614040375,0.9426314234733582,13.880278672091663,,,
m5b_smooth0.01,89,0.008066465146839619,0.007283177226781845,0.01483920682221651,0.012351936660706997,0.023952646180987358,0.9415736198425293,13.83858485147357,,,
m5b_smooth0.01,90,0.01764806779101491,0.007302387151867151,0.014504590071737766,0.014851045794785023,0.030258288607001305,0.9330841302871704,13.772186800837517,,,
m5b_smooth0.01,91,0.0027285488322377205,0.006803481373935938,0.013806394301354885,0.01607079990208149,0.030402790755033493,0.9329169392585754,13.743884361349046,,,
m5b_smooth0.01,92,0.006411600857973099,0.0066745649091899395,0.013539809733629227,0.017659109085798264,0.03202010318636894,0.9301064610481262,13.71262220852077,,,
m5b_smooth0.01,93,0.003841334953904152,0.006817712914198637,0.013293497264385223,0.019301244989037514,0.03215513005852699,0.9284317493438721,13.703390408307314,,,
m5b_smooth0.01,94,0.0017803739756345749,0.006786823738366365,0.013435042463243008,0.02005024068057537,0.03170602768659592,0.9280219078063965,13.695044091902673,,,
m5b_smooth0.01,95,0.002011867705732584,0.006785878911614418,0.013650194741785526,0.020678196102380753,0.031869206577539444,0.9270172715187073,13.68416376505047,,,
m5b_smooth0.01,96,0.018024176824837923,0.007501144427806139,0.01498266588896513,0.02348896488547325,0.03602200001478195,0.9180043935775757,13.639733736403286,,,
m5b_smooth0.01,97,0.008226840291172266,0.007261822931468487,0.014534668996930122,0.02313881367444992,0.032947197556495667,0.9221189618110657,13.659956334158778,,,
m5b_smooth0.01,98,0.03728045895695686,0.0086181266233325,0.01752331852912903,0.02899789996445179,0.04138268157839775,0.9034780263900757,13.559975756332278,,,
m5b_smooth0.01,99,0.00706544890999794,0.008962203748524189,0.018153458833694458,0.031557146459817886,0.03948928788304329,0.9018394351005554,13.552734229713678,,,
m5b_smooth0.01,100,0.030416800640523434,0.007750829681754112,0.015913883224129677,0.028561055660247803,0.030727533623576164,0.9170474410057068,13.620403740555048,,,
m5b_smooth0.01,101,0.0036478699184954166,0.007519867736846209,0.015311897732317448,0.02793085388839245,0.030365820974111557,0.9188704490661621,13.627043557353318,,,
m5b_smooth0.01,102,0.007384477183222771,0.007637194823473692,0.015596164390444756,0.028217460960149765,0.03337054327130318,0.9151788949966431,13.60457856953144,,,
m5b_smooth0.01,103,0.02660049358382821,0.00865744799375534,0.017388414591550827,0.03181128948926926,0.04026440531015396,0.9018785953521729,13.540420334786177,,,
m5b_smooth0.01,104,0.016799096949398518,0.008040898479521275,0.015848513692617416,0.028617380186915398,0.03721509501338005,0.9102780222892761,13.588552540168166,,,
m5b_smooth0.01,105,0.005948489531874657,0.008074804209172726,0.01574859581887722,0.028438527137041092,0.04015516862273216,0.9075822830200195,13.572790572419763,,,
m5b_smooth0.01,106,0.004684390500187874,0.00831256527453661,0.015771988779306412,0.02891656570136547,0.04175891727209091,0.9052408337593079,13.566959695890546,,,
m5b_smooth0.01,107,0.0176051901653409,0.007861879654228687,0.014192343689501286,0.026320379227399826,0.037582121789455414,0.9140427112579346,13.624539070762694,,,
m5b_smooth0.01,108,0.008634653873741627,0.008257213048636913,0.014553850516676903,0.027187665924429893,0.04027566313743591,0.9097257256507874,13.609639432281256,,,
m5b_smooth0.01,109,0.013478358276188374,0.007822216488420963,0.013629975728690624,0.02533632703125477,0.03674677386879921,0.9164649844169617,13.64670914504677,,,
m5b_smooth0.01,110,0.003634657710790634,0.0075687505304813385,0.01323508471250534,0.024338318035006523,0.03657564893364906,0.918282151222229,13.652354730293155,,,
m5b_smooth0.01,111,0.010810079984366894,0.008295717649161816,0.01419004611670971,0.02588748186826706,0.03874974697828293,0.9128772616386414,13.64112544246018,,,
m5b_smooth0.01,112,0.008546939119696617,0.008201273158192635,0.014063623733818531,0.025331571698188782,0.03525341674685478,0.9171510934829712,13.669023954309523,,,
m5b_smooth0.01,113,0.016317532397806644,0.009055152535438538,0.01519513688981533,0.027406929060816765,0.03935115784406662,0.9089920520782471,13.642071910202503,,,
m5b_smooth0.01,114,0.007746117189526558,0.009390521794557571,0.015659479424357414,0.0278204083442688,0.04201049730181694,0.905118465423584,13.628284009173512,,,
m5b_smooth0.01,115,0.010689593851566315,0.008820099756121635,0.014665886759757996,0.025991536676883698,0.04005913436412811,0.910463809967041,13.648753762245178,,,
m5b_smooth0.01,116,0.011578327044844627,0.00915540847927332,0.015185748226940632,0.027182182297110558,0.04380248486995697,0.9046746492385864,13.61811928730458,,,
m5b_smooth0.01,117,0.029478803277015686,0.008024772629141808,0.01333223469555378,0.023712389171123505,0.0355173759162426,0.9194144010543823,13.686379006132483,,,
m5b_smooth0.01,118,0.01613793522119522,0.008659819141030312,0.014560587704181671,0.02668759413063526,0.03874647617340088,0.9113441705703735,13.644256239756942,,,
m5b_smooth0.01,119,0.005780204199254513,0.008592650294303894,0.014513674192130566,0.027039414271712303,0.03597186878323555,0.9138838648796082,13.657368124462664,,,
m5b_smooth0.1,4,,0.20000606775283813,0.20000606775283813,0.20000606775283813,0.20000606775283813,0.20000606775283813,17.00051575899124,,,
m5b_smooth0.1,5,0.07619233429431915,0.20352773368358612,0.16189506649971008,0.22752240300178528,0.20352773368358612,0.20352773368358612,17.33020870387554,,,
m5b_smooth0.1,6,0.08664211630821228,0.21777795255184174,0.16246497631072998,0.18420085310935974,0.21777795255184174,0.21777795255184174,18.35508169233799,,,
m5b_smooth0.1,7,0.19148097187280655,0.24969148635864258,0.07337407022714615,0.17755138874053955,0.24969148635864258,0.24969148635864258,20.831038631498814,,,
m5b_smooth0.1,8,0.11199155077338219,0.26835668087005615,0.05130262300372124,0.143626868724823,0.26835668087005615,0.26835668087005615,22.21907437965274,,,
m5b_smooth0.1,9,0.03130689263343811,0.2743434011936188,0.04537053033709526,0.14730694890022278,0.25863543152809143,0.27434343099594116,22.599151503294706,,,
m5b_smooth0.1,10,0.05710514262318611,0.261446475982666,0.044881902635097504,0.1450372040271759,0.287188321352005,0.261446475982666,21.837350986897945,,,
m5b_smooth0.1,11,0.10071372240781784,0.2520793080329895,0.04182581603527069,0.11647062003612518,0.3375450372695923,0.2520793080329895,21.407921731472015,,,
m5b_smooth0.1,12,0.023701578378677368,0.24850888550281525,0.04558997601270676,0.12455745786428452,0.33283531665802,0.24850887060165405,21.138766884803772,,,
m5b_smooth0.1,13,0.07534705474972725,0.2673455774784088,0.04115251079201698,0.10064829140901566,0.32350829243659973,0.2673455774784088,22.391228165477514,,,
m5b_smooth0.1,14,0.07458971813321114,0.28599292039871216,0.04030867666006088,0.09744223952293396,0.2902631163597107,0.28599289059638977,23.527952902019024,,,
m5b_smooth0.1,15,0.03635937348008156,0.278229296207428,0.04318046197295189,0.09478971362113953,0.30557093024253845,0.2782292664051056,23.055513616651297,,,
m5b_smooth0.1,16,0.04825225844979286,0.277495414018631,0.04045435041189194,0.07652413845062256,0.32969751954078674,0.27582916617393494,23.089242570102215,,,
m5b_smooth0.1,17,0.036837078630924225,0.28766685724258423,0.04296690970659256,0.07841493934392929,0.311278373003006,0.2796722948551178,23.632583901286125,,,
m5b_smooth0.1,18,0.017828170210123062,0.2939164638519287,0.042546141892671585,0.08107981830835342,0.30644071102142334,0.27601704001426697,23.930096965283155,,,
m5b_smooth0.1,19,0.06448869779706001,0.2910059988498688,0.0392112135887146,0.06971142441034317,0.2918100655078888,0.30826130509376526,24.067034147679806,,,
m5b_smooth0.1,20,0.04907555878162384,0.30746230483055115,0.0410565584897995,0.07411081343889236,0.2672722637653351,0.3100980222225189,24.923405446112156,,,
m5b_smooth0.1,21,0.05803423374891281,0.3069345951080322,0.03724530339241028,0.07156987488269806,0.24513466656208038,0.3391147553920746,25.131579875946045,,,
m5b_smooth0.1,22,0.11709799990057945,0.3614174723625183,0.03788027539849281,0.07500123232603073,0.21004629135131836,0.31565433740615845,27.83741707727313,,,
m5b_smooth0.1,23,0.05216694995760918,0.35269469022750854,0.04017177224159241,0.0793640986084938,0.22947585582733154,0.2982940971851349,27.222393833100796,,,
m5b_smooth0.1,24,0.1006043292582035,0.37482813000679016,0.03599725291132927,0.07073507457971573,0.1919766217470169,0.3264622092247009,28.652197558432817,,,
m5b_smooth0.1,25,0.019374724477529526,0.3843561112880707,0.03303755074739456,0.0643918365240097,0.19213639199733734,0.3260781764984131,29.19762895256281,,,
m5b_smooth0.1,26,0.05696673318743706,0.3663251996040344,0.03300770744681358,0.06674060225486755,0.18171337246894836,0.3522123694419861,28.415708269923925,,,
m5b_smooth0.1,27,0.056389398872852325,0.3453293740749359,0.03441021218895912,0.0706942230463028,0.20455215871334076,0.34501370787620544,27.228312347084284,,,
m5b_smooth0.1,28,0.08159679919481277,0.3860572874546051,0.034480731934309006,0.07005198299884796,0.18313319981098175,0.3262765407562256,29.25787789747119,,,
m5b_smooth0.1,29,0.1045103631913662,0.4342104494571686,0.03699031472206116,0.0716443881392479,0.1735132783651352,0.2836412489414215,31.490120880305767,,,
m5b_smooth0.1,30,0.12986153736710548,0.4991413950920105,0.03286401182413101,0.06005942448973656,0.15046706795692444,0.2574681341648102,34.819349344819784,,,
m5b_smooth0.1,31,0.03771176375448704,0.5151200294494629,0.03007141686975956,0.05743953585624695,0.15334442257881165,0.2440248429775238,35.59935055114329,,,
m5b_smooth0.1,32,0.05897960439324379,0.5247301459312439,0.029257824644446373,0.06096620112657547,0.12466775625944138,0.2603774070739746,36.21392317675054,,,
m5b_smooth0.1,33,0.01356448046863079,0.529353141784668,0.02691403031349182,0.05855024605989456,0.12682761251926422,0.2583555281162262,36.46852395683527,,,
m5b_smooth0.1,34,0.04489094018936157,0.5243546366691589,0.027056675404310226,0.06136220321059227,0.14631812274456024,0.2409082055091858,36.069363221526146,,,
m5b_smooth0.1,35,0.017484741285443306,0.5170698165893555,0.028865689411759377,0.06523117423057556,0.14938274025917053,0.23945088684558868,35.64673980511725,,,
m5b_smooth0.1,36,0.029699865728616714,0.5024898052215576,0.02859531156718731,0.06534656137228012,0.15106980502605438,0.25249791145324707,34.966482704505324,,,
m5b_smooth0.1,37,0.05999280512332916,0.5316489338874817,0.025158708915114403,0.06618399918079376,0.14004944264888763,0.23695863783359528,36.420413767918944,,,
m5b_smooth0.1,38,0.10380474291741848,0.480520099401474,0.024385355412960052,0.07273202389478683,0.14948008954524994,0.27288252115249634,33.94050331413746,,,
m5b_smooth0.1,39,0.06809019111096859,0.4464748799800873,0.025162165984511375,0.0756005346775055,0.15384410321712494,0.2989181578159332,32.302219500765204,,,
m5b_smooth0.1,40,0.031025754287838936,0.4614635109901428,0.02389044687151909,0.06422603875398636,0.15097709000110626,0.2994420528411865,33.1534075923264,,,
m5b_smooth0.1,41,0.20431490242481232,0.563620924949646,0.023415405303239822,0.058682918548583984,0.1291860044002533,0.225093811750412,38.07233505323529,,,
m5b_smooth0.1,42,0.0083309356123209,0.5663108825683594,0.02381119318306446,0.05976321920752525,0.1280663162469864,0.22204861044883728,38.18689856491983,,,
m5b_smooth0.1,43,0.10245170071721077,0.5150848031044006,0.024173380807042122,0.06485341489315033,0.1395140439271927,0.2563741207122803,35.689657809212804,,,
m5b_smooth0.1,44,0.008639480918645859,0.5155282616615295,0.024882903322577477,0.06371832638978958,0.13632901012897491,0.25954049825668335,35.73560362868011,,,
m5b_smooth0.1,45,0.006833130493760109,0.5138353109359741,0.024043235927820206,0.0628352016210556,0.1367916464805603,0.2624952495098114,35.675142515450716,,,
m5b_smooth0.1,46,0.00865924172103405,0.515364408493042,0.025739969685673714,0.06170779466629028,0.13358961045742035,0.2635992169380188,35.75824417360127,,,
m5b_smooth0.1,47,0.09329892694950104,0.5603104829788208,0.022957367822527885,0.04774254932999611,0.1036875993013382,0.26530221104621887,38.224858144298196,,,
m5b_smooth0.1,48,0.0961744636297226,0.5122230648994446,0.025447623804211617,0.04990353435277939,0.10734621435403824,0.3050794005393982,35.93107722885907,,,
m5b_smooth0.1,49,0.14089546911418438,0.5826706886291504,0.022837847471237183,0.04613785818219185,0.09895332157611847,0.24939990043640137,39.305764596909285,,,
m5b_smooth0.1,50,0.027131425216794014,0.5691051483154297,0.023279620334506035,0.04859344661235809,0.10318135470151901,0.25584039092063904,38.61940381489694,,,
m5b_smooth0.1,51,0.1375453732907772,0.6378783583641052,0.023117905482649803,0.045868631452322006,0.0937047228217125,0.1994313895702362,41.881397815421224,,,
m5b_smooth0.1,52,0.00875534676015377,0.6344359517097473,0.02243160456418991,0.046543847769498825,0.09740652143955231,0.19918176531791687,41.69861061498523,,,
m5b_smooth0.1,53,0.01527879573404789,0.6375386714935303,0.021606435999274254,0.04560238495469093,0.09153391420841217,0.20371860265731812,41.9035317171365,,,
m5b_smooth0.1,54,0.041265493258833885,0.657135546207428,0.02213546261191368,0.04610909894108772,0.09091745316982269,0.18370218575000763,42.79684830456972,,,
m5b_smooth0.1,55,0.014517856761813164,0.654967725276947,0.022647405043244362,0.046624522656202316,0.09714909642934799,0.178611159324646,42.64118439517915,,,
m5b_smooth0.1,56,0.05197945982217789,0.6809577345848083,0.02178981713950634,0.043095119297504425,0.09284988045692444,0.1613079160451889,43.916799237951636,,,
m5b_smooth0.1,57,0.03927259147167206,0.7005931735038757,0.019393732771277428,0.039516374468803406,0.08912667632102966,0.15136879682540894,44.916583156213164,,,
m5b_smooth0.1,58,0.010498147457838058,0.695345401763916,0.019592320546507835,0.04204137250781059,0.09039652347564697,0.15262573957443237,44.63597656227648,,,
m5b_smooth0.1,59,0.03539787232875824,0.6776459813117981,0.02130856178700924,0.04731467738747597,0.09455703943967819,0.1591741293668747,43.712348559871316,,,
m5b_smooth0.1,60,0.09008266590535641,0.7226869463920593,0.019683483988046646,0.04360397905111313,0.0817880779504776,0.13223716616630554,45.935549076646566,,,
m5b_smooth0.1,61,0.15607282146811485,0.8007241487503052,0.01139286532998085,0.027097195386886597,0.05744771286845207,0.1033393144607544,49.98501776903868,,,
m5b_smooth0.1,62,0.5643097087740898,0.518568754196167,0.10935433954000473,0.09374050050973892,0.1091361716389656,0.16920039057731628,34.63745976239443,,,
m5b_smooth0.1,63,1.122315976768732,0.0882468894124031,0.6069108843803406,0.15734216570854187,0.06215411052107811,0.08534654974937439,8.00368121638894,,,
m5b_smooth0.1,64,0.6100004352629185,0.02480243518948555,0.41226091980934143,0.46234211325645447,0.04647212103009224,0.05412247031927109,4.370452802628279,,,
m5b_smooth0.1,65,0.8325702752918005,0.00616462342441082,0.0649847611784935,0.8786271810531616,0.025135327130556107,0.025088027119636536,3.597923379391432,,,
m5b_smooth0.1,66,0.13091893400996923,0.00237899087369442,0.020726395770907402,0.9440864324569702,0.0175541490316391,0.0152535205706954,3.3321534767746925,,,
m5b_smooth0.1,67,0.019632042502053082,0.0016441073967143893,0.012612982653081417,0.9529314041137695,0.01852598786354065,0.0142865851521492,3.2997477459721267,,,
m5b_smooth0.1,68,0.007706334115937352,0.0014633532846346498,0.010099354200065136,0.9517722725868225,0.02138468250632286,0.0152807105332613,3.31684009404853,,,
m5b_smooth0.1,69,0.009342164034023881,0.001217127195559442,0.007654372602701187,0.9564427137374878,0.020524436607956886,0.014160441234707832,3.291927379090339,,,
m5b_smooth0.1,70,0.005061176838353276,0.0011744803050532937,0.007052863482385874,0.954556405544281,0.022268982604146004,0.014946607872843742,3.306326286867261,,,
m5b_smooth0.1,71,0.010495193884707987,0.0013593786861747503,0.007168775424361229,0.9493089318275452,0.025131359696388245,0.017031140625476837,3.351013778708875,,,
m5b_smooth0.1,72,0.01553934277035296,0.0011324337683618069,0.005676461383700371,0.9570782780647278,0.021261164918541908,0.014850597828626633,3.3015938457101583,,,
m5b_smooth0.1,73,0.03130991628859192,0.001673314836807549,0.007267868146300316,0.941423237323761,0.028937652707099915,0.020696697756648064,3.4242538078688085,,,
m5b_smooth0.1,74,0.007734392420388758,0.0018539505545049906,0.0073149618692696095,0.9375565052032471,0.0305332001298666,0.022741081193089485,3.4633290483616292,,,
m5b_smooth0.1,75,0.027470118133351207,0.0022722207941114902,0.008328436873853207,0.9238218069076538,0.037056997418403625,0.028520958498120308,3.5748195061460137,,,
m5b_smooth0.1,76,0.04298878158442676,0.002799921901896596,0.009855418466031551,0.902326762676239,0.047347020357847214,0.037669990211725235,3.743640026077628,,,
m5b_smooth0.1,77,0.08659666148014367,0.004079604055732489,0.012762952595949173,0.8590288162231445,0.06763992458581924,0.056488584727048874,4.098945302888751,,,
m5b_smooth0.1,78,0.007416574750095606,0.004369356669485569,0.01230663526803255,0.8557772040367126,0.06937888264656067,0.05816851928830147,4.14181109610945,,,
m5b_smooth0.1,79,0.060901852790266275,0.005202625412493944,0.014289095997810364,0.8253260254859924,0.08308081328868866,0.07210153341293335,4.393411858007312,,,
m5b_smooth0.1,80,0.1919828704558313,0.007884785532951355,0.01947821117937565,0.7293342351913452,0.1233878955245018,0.11991425603628159,5.223082901909947,,,
m5b_smooth0.1,81,0.07189378049224615,0.008622613735496998,0.019430093467235565,0.6934360265731812,0.12673330307006836,0.1517784744501114,5.629126761108637,,,
m5b_smooth0.1,82,0.2924404386430979,0.011202977038919926,0.022408483549952507,0.5472159385681152,0.16602464020252228,0.25314873456954956,7.0424896869808435,,,
m5b_smooth0.1,83,0.07758500147610903,0.011502258479595184,0.020401373505592346,0.5116112232208252,0.1648436039686203,0.29164159297943115,7.482258081436157,,,
m5b_smooth0.1,84,0.13874282129108906,0.012042244896292686,0.02024213597178459,0.4423993229866028,0.18421390652656555,0.3411029875278473,8.134913969784975,,,
m5b_smooth0.1,85,0.2601723289117217,0.013520094566047192,0.020765205845236778,0.3123125731945038,0.19906511902809143,0.4543364346027374,9.523074517026544,,,
m5b_smooth0.1,86,0.08782636653631926,0.011491125449538231,0.018188513815402985,0.33353498578071594,0.15975789725780487,0.4770275056362152,9.504951357841492,,,
m5b_smooth0.1,87,0.0793872531503439,0.013293275609612465,0.02020529843866825,0.29384124279022217,0.16764454543590546,0.5050154328346252,9.943053441122174,,,
m5b_smooth0.1,88,0.12842940539121628,0.01138828694820404,0.01777619495987892,0.33708491921424866,0.10776402801275253,0.5259865522384644,9.830488096922636,,,
m5b_smooth0.1,89,0.07424910925328732,0.011064756661653519,0.018427899107336998,0.3735578656196594,0.1026720255613327,0.49427762627601624,9.441577842459083,,,
m5b_smooth0.1,90,0.10534501168876886,0.011499329470098019,0.020565208047628403,0.32088589668273926,0.11620385944843292,0.5308469533920288,9.918467029929161,,,
m5b_smooth0.1,91,0.02192685753107071,0.01127577293664217,0.020931677892804146,0.32980403304100037,0.11788185685873032,0.5201062560081482,9.793550735339522,,,
m5b_smooth0.1,92,0.05593796446919441,0.011449738405644894,0.020504504442214966,0.3022623658180237,0.12441109120845795,0.5413721799850464,10.064364064484835,,,
m5b_smooth0.1,93,0.20827996917068958,0.011546353809535503,0.01996232010424137,0.19866468012332916,0.13594655692577362,0.6338801980018616,11.134686259552836,,,
m5b_smooth0.1,94,0.025287347845733166,0.011674728244543076,0.0202321819961071,0.21090994775295258,0.1326661854982376,0.6245167255401611,11.025343175977468,,,
m5b_smooth0.1,95,0.017755034379661083,0.011658686213195324,0.020323386415839195,0.2177954763174057,0.13456714153289795,0.6156554222106934,10.934376889839768,,,
m5b_smooth0.1,96,0.005967091768980026,0.012003474868834019,0.020474832504987717,0.2199908196926117,0.1348588466644287,0.6126716136932373,10.922070302069187,,,
m5b_smooth0.1,97,0.04140184726566076,0.011774435639381409,0.019211431965231895,0.23609702289104462,0.11565056443214417,0.6172665357589722,10.88525409065187,,,
m5b_smooth0.1,98,0.11282321996986866,0.012188134714961052,0.019908839836716652,0.28526464104652405,0.12178421020507812,0.5608556866645813,10.311459930613637,,,
m5b_smooth0.1,99,0.11127201933413744,0.012557332403957844,0.02047686278820038,0.22962802648544312,0.13130100071430206,0.6060370802879333,10.866427015513182,,,
m5b_smooth0.1,100,0.05268080160021782,0.011866346932947636,0.01923225075006485,0.20522303879261017,0.13774023950099945,0.6259380578994751,11.074196670204401,,,
m5b_smooth0.1,101,0.02944880723953247,0.012034527026116848,0.019031165167689323,0.19069994986057281,0.15019890666007996,0.628035843372345,11.157096790149808,,,
m5b_smooth0.1,102,0.038650548085570335,0.011592886410653591,0.01859169453382492,0.18206247687339783,0.140391543507576,0.6473604440689087,11.306139331310987,,,
m5b_smooth0.1,103,0.007765965536236763,0.011997035704553127,0.019789377227425575,0.17817997932434082,0.14210067689418793,0.6479329466819763,11.33991744928062,,,
m5b_smooth0.1,104,0.07976560108363628,0.012475970201194286,0.019671432673931122,0.19360391795635223,0.16608093678951263,0.6081684231758118,11.025965880602598,,,
m5b_smooth0.1,105,0.15604453906416893,0.011552580632269382,0.018087586387991905,0.1507413387298584,0.13342756032943726,0.6861897706985474,11.704116152599454,,,
m5b_smooth0.1,106,0.05160755477845669,0.011590798385441303,0.018168263137340546,0.12493813782930374,0.13450047373771667,0.7108023166656494,11.981166329234838,,,
m5b_smooth0.1,107,0.023579713888466358,0.012287916615605354,0.01885312795639038,0.13534575700759888,0.13361336290836334,0.6998993158340454,11.896049357950687,,,
m5b_smooth0.1,108,0.012407947331666946,0.012415753677487373,0.018753286451101303,0.13915501534938812,0.13587990403175354,0.693794846534729,11.845450732856989,,,
m5b_smooth0.1,109,0.04069361090660095,0.011611754074692726,0.016985762864351273,0.13732770085334778,0.11993308365345001,0.7141427993774414,11.963204886764288,,,
m5b_smooth0.1,110,0.055654529482126236,0.011521400883793831,0.017043352127075195,0.15605828166007996,0.12897147238254547,0.6864051818847656,11.688975103199482,,,
m5b_smooth0.1,111,0.06075332872569561,0.011351056396961212,0.01685459539294243,0.12604038417339325,0.13253208994865417,0.7132208943367004,11.98885628208518,,,
m5b_smooth0.1,112,0.05285552516579628,0.01128661260008812,0.016847241669893265,0.12867657840251923,0.15632393956184387,0.6868652105331421,11.790454257279634,,,
m5b_smooth0.1,113,0.1363757811486721,0.010298187844455242,0.01534517202526331,0.09504605084657669,0.12425677478313446,0.7550528049468994,12.358911287970841,,,
m5b_smooth0.1,114,0.015945238061249256,0.010710074566304684,0.016495229676365852,0.09044580161571503,0.13066834211349487,0.7516813278198242,12.368654092773795,,,
m5b_smooth0.1,115,0.11601058207452297,0.009552951902151108,0.014626576565206051,0.06816473603248596,0.09796981513500214,0.809686541557312,12.813698186539114,,,
m5b_smooth0.1,116,0.003154609352350235,0.009829831309616566,0.015499519184231758,0.06859167665243149,0.09706883877515793,0.8090096712112427,12.816681696102023,,,
m5b_smooth0.1,117,0.0645665330812335,0.009046330116689205,0.014155794866383076,0.061298638582229614,0.07420569658279419,0.8412927985191345,13.038370572961867,,,
m5b_smooth0.1,118,0.011587451212108135,0.009332908317446709,0.01491429004818201,0.06604762375354767,0.07323259115219116,0.8364725112915039,12.99627495650202,,,
m5b_smooth0.1,119,0.004012898541986942,0.009397686459124088,0.014434452168643475,0.06479684263467789,0.07295688986778259,0.8384143114089966,13.021184756420553,,,
m5b_smooth0.3,4,,0.20000606775283813,0.20000606775283813,0.20000606775283813,0.20000606775283813,0.20000606775283813,17.00051575899124,,,
m5b_smooth0.3,5,0.1441386491060257,0.17597784101963043,0.22650161385536194,0.24556449055671692,0.17597784101963043,0.17597784101963043,15.217400208115578,,,
m5b_smooth0.3,6,0.1742004007101059,0.14694440364837646,0.2610152065753937,0.2981509864330292,0.14694440364837646,0.14694440364837646,13.057964861392975,,,
m5b_smooth0.3,7,0.29546044021844864,0.09770113974809647,0.27715128660202026,0.42974555492401123,0.09770113974809647,0.09770113974809647,9.480180270969868,,,
m5b_smooth0.3,8,0.14911679923534393,0.10866057127714157,0.20259222388267517,0.47142499685287476,0.10866057127714157,0.10866057127714157,10.418373487889767,,,
m5b_smooth0.3,9,0.10164063423871994,0.12597815692424774,0.19299247860908508,0.43020492792129517,0.12484622001647949,0.12597815692424774,11.67991441488266,,,
m5b_smooth0.3,10,0.023381590843200684,0.13083502650260925,0.1903456449508667,0.4211609661579132,0.1268232762813568,0.13083502650260925,12.023383438587189,,,
m5b_smooth0.3,11,0.05616137385368347,0.138103187084198,0.1622653752565384,0.4326570928096771,0.12887193262577057,0.138103187084198,12.581976026296616,,,
m5b_smooth0.3,12,0.07899411022663116,0.1535799354314804,0.1644974946975708,0.3931596577167511,0.13518297672271729,0.1535799503326416,13.655172735452652,,,
m5b_smooth0.3,13,0.2498023509979248,0.20147259533405304,0.13785439729690552,0.29490169882774353,0.16429896652698517,0.20147259533405304,17.081624314188957,,,
m5b_smooth0.3,14,0.027518808841705322,0.20104283094406128,0.13867144286632538,0.28200146555900574,0.1772409826517105,0.20104284584522247,17.102532416582108,,,
m5b_smooth0.3,15,0.050933972001075745,0.20976144075393677,0.14670148491859436,0.25723525881767273,0.17654046416282654,0.20976144075393677,17.67653712630272,,,
m5b_smooth0.3,16,0.03733377158641815,0.21263976395130157,0.12840776145458221,0.2568621337413788,0.18986865878105164,0.21222184598445892,17.9575664550066,,,
m5b_smooth0.3,17,0.067827507853508,0.23022127151489258,0.12910495698451996,0.24060013890266418,0.17221689224243164,0.22785688936710358,19.05969636142254,,,
m5b_smooth0.3,18,0.04800368845462799,0.20649012923240662,0.1315770000219345,0.24032938480377197,0.1817951649427414,0.2398083657026291,17.871856182813644,,,
m5b_smooth0.3,19,0.09709306806325912,0.2280372977256775,0.11506911367177963,0.20829100906848907,0.20022651553153992,0.24837665259838104,19.30103874951601,,,
m5b_smooth0.3,20,0.03202331066131592,0.22295330464839935,0.11680283397436142,0.22256878018379211,0.19856305420398712,0.23911228775978088,18.89922086149454,,,
m5b_smooth0.3,21,0.053089216351509094,0.24144834280014038,0.09671572595834732,0.22349171340465546,0.20568996667861938,0.23265506327152252,19.951092086732388,,,
m5b_smooth0.3,22,0.08163587749004364,0.2289632111787796,0.09795019775629044,0.25401246547698975,0.21475230157375336,0.20432187616825104,18.961552642285824,,,
m5b_smooth0.3,23,0.02130291610956192,0.22128480672836304,0.10073032975196838,0.26188400387763977,0.21256953477859497,0.20353180170059204,18.500902712345123,,,
m5b_smooth0.3,24,0.06306850910186768,0.23597145080566406,0.08701910078525543,0.27873098850250244,0.20113272964954376,0.19714495539665222,19.249457597732544,,,
m5b_smooth0.3,25,0.03501565754413605,0.2396170049905777,0.07686181366443634,0.2818911075592041,0.19378234446048737,0.20784726738929749,19.565893590450287,,,
m5b_smooth0.3,26,0.09506629407405853,0.2561580538749695,0.0745483934879303,0.31288349628448486,0.16380126774311066,0.19260890781879425,20.225815698504448,,,
m5b_smooth0.3,27,0.06094392389059067,0.25089743733406067,0.08500633388757706,0.30501601099967957,0.18381518125534058,0.17526493966579437,19.79431603103876,,,
m5b_smooth0.3,28,0.024367064237594604,0.2514321208000183,0.08345010131597519,0.3041797876358032,0.17402419447898865,0.1869138777256012,19.91688036173582,,,
m5b_smooth0.3,29,0.045737989246845245,0.2718561887741089,0.08589501678943634,0.29098135232925415,0.16650272905826569,0.1847647726535797,21.022436320781708,,,
m5b_smooth0.3,30,0.11898217350244522,0.29325225949287415,0.08647263795137405,0.23149007558822632,0.17191888391971588,0.21686582267284393,22.615632139146328,,,
m5b_smooth0.3,31,0.03093816339969635,0.29236793518066406,0.09295690804719925,0.22590619325637817,0.1629182994365692,0.2258509248495102,22.615092642605305,,,
m5b_smooth0.3,32,0.10158102214336395,0.33442384004592896,0.08499725908041,0.22297795116901398,0.12301552295684814,0.23458537459373474,24.964665420353413,,,
m5b_smooth0.3,33,0.04922230541706085,0.33288338780403137,0.08408550173044205,0.20081904530525208,0.1354905068874359,0.24672158062458038,25.062081582844257,,,
m5b_smooth0.3,34,0.05160804092884064,0.31160855293273926,0.09097928553819656,0.20840798318386078,0.14681164920330048,0.24219223856925964,23.831089295446873,,,
m5b_smooth0.3,35,0.025205664336681366,0.3055109977722168,0.09469152987003326,0.20887605845928192,0.15523424744606018,0.2356870472431183,23.438237965106964,,,
m5b_smooth0.3,36,0.0863843783736229,0.2824750244617462,0.09179333597421646,0.19161812961101532,0.1873619109392166,0.24675166606903076,22.381205894052982,,,
m5b_smooth0.3,37,0.05362539738416672,0.30928748846054077,0.08611643314361572,0.18101775646209717,0.18467667698860168,0.23890124261379242,23.82377314567566,,,
m5b_smooth0.3,38,0.0860629677772522,0.2955901026725769,0.08938704431056976,0.195659339427948,0.2097959667444229,0.2095671445131302,22.81428301334381,,,
m5b_smooth0.3,39,0.021006979048252106,0.30235230922698975,0.08863348513841629,0.19940069317817688,0.20181965827941895,0.20779359340667725,23.149822033941746,,,
m5b_smooth0.3,40,0.057017162442207336,0.32552194595336914,0.09223092347383499,0.1734299659729004,0.19928191602230072,0.20953521132469177,24.472303949296474,,,
m5b_smooth0.3,41,0.030536435544490814,0.3173424005508423,0.0930936187505722,0.16634149849414825,0.20061099529266357,0.22261185944080353,24.15350514650345,,,
m5b_smooth0.3,42,0.027247920632362366,0.32426542043685913,0.08372268080711365,0.1644684076309204,0.19823092222213745,0.22931265830993652,24.631046801805496,,,
m5b_smooth0.3,43,0.058091625571250916,0.3441193401813507,0.08176080882549286,0.17365990579128265,0.1933736950159073,0.20708554983139038,25.5027144998312,,,
m5b_smooth0.3,44,0.01021893322467804,0.34142863750457764,0.0801391750574112,0.1728634089231491,0.19716931879520416,0.20840002596378326,25.38223324716091,,,
m5b_smooth0.3,45,0.08193781971931458,0.3823966383934021,0.0796247124671936,0.16724246740341187,0.17801636457443237,0.19271856546401978,27.46932488679886,,,
m5b_smooth0.3,46,0.07215634733438492,0.3680262863636017,0.09337092190980911,0.18397420644760132,0.15630918741226196,0.1983194351196289,26.597507126629353,,,
m5b_smooth0.3,47,0.0532517209649086,0.38918980956077576,0.07978464663028717,0.17438822984695435,0.15285570919513702,0.20378190279006958,27.87727451324463,,,
m5b_smooth0.3,48,0.04358088970184326,0.37364131212234497,0.0832882970571518,0.1812358945608139,0.16429471969604492,0.19753983616828918,26.961095452308655,,,
m5b_smooth0.3,49,0.1302924081683159,0.42564451694488525,0.07461626082658768,0.15214115381240845,0.13691535592079163,0.21068289875984192,29.977678813040257,,,
m5b_smooth0.3,50,0.04708116501569748,0.4393693506717682,0.07748758792877197,0.15352122485637665,0.14247986674308777,0.187142476439476,30.517566040158272,,,
m5b_smooth0.3,51,0.11871612071990967,0.4885375201702118,0.06838791072368622,0.12908291816711426,0.11665943264961243,0.1973320096731186,33.347152039408684,,,
m5b_smooth0.3,52,0.037935659289360046,0.4705606997013092,0.06813748180866241,0.12834259867668152,0.1193089634180069,0.21365056931972504,32.51307797431946,,,
m5b_smooth0.3,53,0.02441171556711197,0.4742065370082855,0.06990465521812439,0.13513514399528503,0.1174321100115776,0.20332126319408417,32.59622476249933,,,
m5b_smooth0.3,54,0.026735864579677582,0.47785869240760803,0.07068083435297012,0.14066344499588013,0.12084334343671799,0.1899532675743103,32.66944186389446,,,
m5b_smooth0.3,55,0.02994382381439209,0.4896601438522339,0.07196816802024841,0.13345277309417725,0.11308243870735168,0.19183672964572906,33.32922640442848,,,
m5b_smooth0.3,56,0.16526558250188828,0.5722926259040833,0.0648416206240654,0.12281961739063263,0.09017133712768555,0.14987443387508392,37.50029946118593,,,
m5b_smooth0.3,57,0.010665319859981537,0.5737259387969971,0.06369724869728088,0.12122013419866562,0.08758252114057541,0.15377376973628998,37.61682440340519,,,
m5b_smooth0.3,58,0.09760662168264389,0.5249229669570923,0.07050219923257828,0.12426082044839859,0.09689036756753922,0.1834239363670349,35.184830360114574,,,
m5b_smooth0.3,59,0.022949889302253723,0.5322064757347107,0.07215731590986252,0.11986720561981201,0.09942618012428284,0.17634209990501404,35.52892013639212,,,
m5b_smooth0.3,60,0.0405900701880455,0.5414929986000061,0.07526736706495285,0.12002719938755035,0.10716501623392105,0.15604743361473083,35.85974806547165,,,
m5b_smooth0.3,61,0.08243953064084053,0.5662634372711182,0.05712134763598442,0.09695318341255188,0.11751820147037506,0.1621433049440384,37.41642081364989,,,
m5b_smooth0.3,62,0.4115310497581959,0.3604978919029236,0.1587826907634735,0.16549119353294373,0.1473814994096756,0.16784615814685822,25.666646495461464,,,
m5b_smooth0.3,63,0.44821277260780334,0.17298871278762817,0.3828890919685364,0.16468164324760437,0.13094425201416016,0.14849576354026794,14.251807242631912,,,
m5b_smooth0.3,64,0.19797788560390472,0.09682191163301468,0.46918317675590515,0.1773766130208969,0.12147267907857895,0.13514530658721924,9.552970759570599,,,
m5b_smooth0.3,65,0.09277017787098885,0.06195642426609993,0.5046015381813049,0.18834374845027924,0.11237507313489914,0.13272371888160706,7.431775815784931,,,
m5b_smooth0.3,66,0.03471492603421211,0.04515283554792404,0.5143296718597412,0.19468247890472412,0.11366555094718933,0.1321697235107422,6.453582227230072,,,
m5b_smooth0.3,67,0.12273323908448219,0.038281191140413284,0.46508729457855225,0.23907621204853058,0.13063813745975494,0.1269168257713318,6.170489922165871,,,
m5b_smooth0.3,68,0.045191291719675064,0.03290227800607681,0.4824216663837433,0.23525765538215637,0.1358998417854309,0.1135190799832344,5.702897325158119,,,
m5b_smooth0.3,69,0.03709528595209122,0.030197441577911377,0.4829637110233307,0.21941454708576202,0.1519264280796051,0.11549779027700424,5.6335079073905945,,,
m5b_smooth0.3,70,0.1571345552802086,0.02836015820503235,0.41942381858825684,0.20622460544109344,0.21462734043598175,0.13136431574821472,6.0811989307403564,,,
m5b_smooth0.3,71,0.10681871511042118,0.02775450609624386,0.3666202425956726,0.2129552662372589,0.26111575961112976,0.1315547227859497,6.340332843363285,,,
m5b_smooth0.3,72,0.08409460075199604,0.024599436670541763,0.3501724898815155,0.19051037728786469,0.2940540909767151,0.140663281083107,6.425334393978119,,,
m5b_smooth0.3,73,0.16267204657196999,0.027094803750514984,0.26883643865585327,0.22959911823272705,0.3042640686035156,0.17020519077777863,7.096043169498444,,,
m5b_smooth0.3,74,0.029245242476463318,0.02619192749261856,0.26341816782951355,0.22129769623279572,0.31171926856040955,0.17737266421318054,7.164079084992409,,,
m5b_smooth0.3,75,0.1116122156381607,0.02494024485349655,0.2561163008213043,0.20992648601531982,0.275838166475296,0.2331790179014206,7.577683866024017,,,
m5b_smooth0.3,76,0.1556164901703596,0.0235429797321558,0.1797056943178177,0.22560498118400574,0.32442694902420044,0.2467203587293625,7.994173087179661,,,
m5b_smooth0.3,77,0.07005996443331242,0.025110948830842972,0.1536199003458023,0.2590664327144623,0.3187858760356903,0.2434166818857193,8.07681080698967,,,
m5b_smooth0.3,78,0.1049748919904232,0.024403996765613556,0.14543600380420685,0.21546980738639832,0.3363231122493744,0.2783668637275696,8.50748310983181,,,
m5b_smooth0.3,79,0.0436775591224432,0.02371406741440296,0.15118035674095154,0.1943209171295166,0.3492269217967987,0.28155744075775146,8.54337977617979,,,
m5b_smooth0.3,80,0.08698233589529991,0.024693740531802177,0.13097216188907623,0.21151310205459595,0.3745461702346802,0.2582744061946869,8.484800778329372,,,
m5b_smooth0.3,81,0.07760579884052277,0.02405165694653988,0.11831756681203842,0.19261136651039124,0.3679417669773102,0.29707738757133484,8.873926877975464,,,
m5b_smooth0.3,82,0.24715171568095684,0.02521103248000145,0.11579081416130066,0.198299840092659,0.24689272046089172,0.41380545496940613,9.744877696037292,,,
m5b_smooth0.3,83,0.03695104084908962,0.024437962099909782,0.11761859804391861,0.1914292871952057,0.23606060445308685,0.43045297265052795,9.836950033903122,,,
m5b_smooth0.3,84,0.07009388133883476,0.024762334302067757,0.131879523396492,0.2118913233280182,0.2151060253381729,0.416361004114151,9.588089786469936,,,
m5b_smooth0.3,85,0.052509622648358345,0.026605207473039627,0.12518635392189026,0.19232918322086334,0.23475630581378937,0.42112216353416443,9.837490782141685,,,
m5b_smooth0.3,86,0.12380422092974186,0.0238939318805933,0.10769623517990112,0.18874312937259674,0.19664211571216583,0.4830247461795807,10.24640279263258,,,
m5b_smooth0.3,87,0.11836200021207333,0.02850181609392166,0.10902015119791031,0.2201797217130661,0.21845495700836182,0.42384397983551025,9.942668698728085,,,
m5b_smooth0.3,88,0.17218079045414925,0.02542540803551674,0.09228179603815079,0.1891428828239441,0.18321585655212402,0.5099340677261353,10.60682287067175,,,
m5b_smooth0.3,89,0.04917869716882706,0.025164764374494553,0.0895402804017067,0.19787287712097168,0.19907553493976593,0.48834720253944397,10.423434354364872,,,
m5b_smooth0.3,90,0.04155840538442135,0.02467016689479351,0.0902685821056366,0.18340492248535156,0.19325847923755646,0.5083976984024048,10.591070495545864,,,
m5b_smooth0.3,91,0.032207781448960304,0.02474808692932129,0.09398456662893295,0.18123319745063782,0.20556864142417908,0.494465708732605,10.484069786965847,,,
m5b_smooth0.3,92,0.06295518018305302,0.024843374267220497,0.08473118394613266,0.16956914961338043,0.19500868022441864,0.5258482098579407,10.810976788401604,,,
m5b_smooth0.3,93,0.07627591118216515,0.024688107892870903,0.0732855573296547,0.15466272830963135,0.18337799608707428,0.5639861226081848,11.19801190495491,,,
m5b_smooth0.3,94,0.043769992887973785,0.02433098666369915,0.07519957423210144,0.16806265711784363,0.16184982657432556,0.5705568790435791,11.159991838037968,,,
m5b_smooth0.3,95,0.14303157851099968,0.021054716780781746,0.06355611979961395,0.13305775821208954,0.14025861024856567,0.6420726180076599,11.696839325129986,,,
m5b_smooth0.3,96,0.024487251415848732,0.020919818431138992,0.0597570426762104,0.13256612420082092,0.15250244736671448,0.6342548131942749,11.659729037433863,,,
m5b_smooth0.3,97,0.16925313882529736,0.017347706481814384,0.04917958751320839,0.09862729161977768,0.1159643828868866,0.7188814878463745,12.262015361338854,,,
m5b_smooth0.3,98,0.01056014746427536,0.016655175015330315,0.04865725710988045,0.09456175565719604,0.11618858575820923,0.7239370346069336,12.280091609805822,,,
m5b_smooth0.3,99,0.1237178985029459,0.014484364539384842,0.04020277038216591,0.07250576466321945,0.0870109274983406,0.7857959866523743,12.737002242356539,,,
m5b_smooth0.3,100,0.01450892724096775,0.013858774676918983,0.03911523148417473,0.06915756314992905,0.0848180502653122,0.7930507063865662,12.774550642818213,,,
m5b_smooth0.3,101,0.046488648280501366,0.015120435506105423,0.04228498041629791,0.07594446837902069,0.0968434065580368,0.7698057293891907,12.632528573274612,,,
m5b_smooth0.3,102,0.015233034268021584,0.014428259804844856,0.04394181817770004,0.07414963841438293,0.09171497821807861,0.7757664918899536,12.634822055697441,,,
m5b_smooth0.3,103,0.006564417853951454,0.014310713857412338,0.042584214359521866,0.07234229147434235,0.09183135628700256,0.7789320349693298,12.666121903806925,,,
m5b_smooth0.3,104,0.020153467543423176,0.013754009269177914,0.04143818840384483,0.07091832906007767,0.08488098531961441,0.7890084385871887,12.719718769192696,,,
m5b_smooth0.3,105,0.01080345455557108,0.013853110373020172,0.041695866733789444,0.07136581093072891,0.08947844803333282,0.7836067080497742,12.683822970837355,,,
m5b_smooth0.3,106,0.03375947382301092,0.014988343231379986,0.044771917164325714,0.07936932891607285,0.09414338320493698,0.7667269706726074,12.575361769646406,,,
m5b_smooth0.3,107,0.05271472129970789,0.014376470819115639,0.0440920814871788,0.07110241800546646,0.07734505087137222,0.7930847406387329,12.764589309692383,,,
m5b_smooth0.3,108,0.020628689788281918,0.014783107675611973,0.04626704752445221,0.07636939734220505,0.07981093227863312,0.7827705144882202,12.6798254288733,,,
m5b_smooth0.3,109,0.024604792706668377,0.013505397364497185,0.041619911789894104,0.07077424973249435,0.07902805507183075,0.7950724363327026,12.74847699701786,,,
m5b_smooth0.3,110,0.011568943969905376,0.012773985974490643,0.04169829189777374,0.07008204609155655,0.08473367244005203,0.7907111048698425,12.681474763900042,,,
m5b_smooth0.3,111,0.004085528664290905,0.012812012806534767,0.039655786007642746,0.07102859765291214,0.0850256010890007,0.791477620601654,12.697328243404627,,,
m5b_smooth0.3,112,0.013063798658549786,0.012545066885650158,0.042305655777454376,0.074910469353199,0.08162932097911835,0.7886087894439697,12.631669376045465,,,
m5b_smooth0.3,113,0.022351641207933426,0.012152052484452724,0.03878829628229141,0.06781819462776184,0.08145679533481598,0.7997852563858032,12.738557185977697,,,
m5b_smooth0.3,114,0.021300087682902813,0.01267591305077076,0.04079677164554596,0.06821992248296738,0.08917224407196045,0.789134681224823,12.678102567791939,,,
m5b_smooth0.3,115,0.013976167887449265,0.01250443048775196,0.040790434926748276,0.06343558430671692,0.08714628219604492,0.7961227297782898,12.737105209380388,,,
m5b_smooth0.3,116,0.051835305988788605,0.013240309432148933,0.04675213620066643,0.06926785409450531,0.1005338504910469,0.7702048420906067,12.53557900711894,,,
m5b_smooth0.3,117,0.06037402804940939,0.011969699524343014,0.04278021305799484,0.059712111949920654,0.08514540642499924,0.8003921508789062,12.74160647764802,,,
m5b_smooth0.3,118,0.030883461236953735,0.012360005639493465,0.0464482307434082,0.06332904100418091,0.09291237592697144,0.7849509119987488,12.617735091596842,,,
m5b_smooth0.3,119,0.022984872572124004,0.012059465050697327,0.044697072356939316,0.05970726162195206,0.08709341287612915,0.7964433431625366,12.707247454673052,,,
ensemble3,4,,,,,,,,0.33332547545433044,0.33332547545433044,0.33332547545433044
ensemble3,5,0.4001249372959137,,,,,,,0.533399760723114,0.23330014944076538,0.23330014944076538
ensemble3,6,0.344584658741951,,,,,,,0.4677964746952057,0.4055922329425812,0.1266108602285385
ensemble3,7,0.15842143446207047,,,,,,,0.4520839750766754,0.4848029911518097,0.06311268359422684
ensemble3,8,0.0480809360742569,,,,,,,0.4566456377506256,0.4607628583908081,0.08259182423353195
ensemble3,9,0.2886883094906807,,,,,,,0.5209388732910156,0.31641826033592224,0.16264230012893677
ensemble3,10,0.1477176696062088,,,,,,,0.5315685868263245,0.2425604611635208,0.2258724570274353
ensemble3,11,0.04220898449420929,,,,,,,0.5403177738189697,0.2549149692058563,0.2047671675682068
ensemble3,12,0.10315583646297455,,,,,,,0.515031099319458,0.3064931631088257,0.17847619950771332
ensemble3,13,0.03380200266838074,,,,,,,0.5161844491958618,0.3222402334213257,0.1615746170282364
ensemble3,14,0.012831240892410278,,,,,,,0.5121936798095703,0.31981605291366577,0.16799090802669525
ensemble3,15,0.10377725958824158,,,,,,,0.4603045582771301,0.35374191403388977,0.18595318496227264
ensemble3,16,0.03475475311279297,,,,,,,0.464836984872818,0.3665864169597626,0.16857536137104034
ensemble3,17,0.0314350426197052,,,,,,,0.48055505752563477,0.3590850830078125,0.160359725356102
ensemble3,18,0.054566606879234314,,,,,,,0.5022280216217041,0.3318014442920685,0.16596972942352295
ensemble3,19,0.014533087611198425,,,,,,,0.4949618875980377,0.33610814809799194,0.16892997920513153
ensemble3,20,0.01154203712940216,,,,,,,0.4977280795574188,0.33911314606666565,0.16315913200378418
ensemble3,21,0.07192365825176239,,,,,,,0.5336897969245911,0.3070811331272125,0.15922920405864716
ensemble3,22,0.13111543655395508,,,,,,,0.4681321680545807,0.35868602991104126,0.17318211495876312
ensemble3,23,0.02475866675376892,,,,,,,0.46434107422828674,0.37106558680534363,0.16459409892559052
ensemble3,24,0.02389352023601532,,,,,,,0.4710242450237274,0.3591184616088867,0.16985732316970825
ensemble3,25,0.01818770170211792,,,,,,,0.4749910533428192,0.35002458095550537,0.17498433589935303
ensemble3,26,0.1736544817686081,,,,,,,0.3881637752056122,0.43080243468284607,0.1810336858034134
ensemble3,27,0.05877821147441864,,,,,,,0.37561947107315063,0.4139579236507416,0.210423082113266
ensemble3,28,0.08399602770805359,,,,,,,0.41761714220046997,0.39689067006111145,0.18549197912216187
ensemble3,29,0.11516204476356506,,,,,,,0.46834489703178406,0.40374433994293213,0.12791135907173157
ensemble3,30,0.06450727581977844,,,,,,,0.4360909163951874,0.430195152759552,0.13371384143829346
ensemble3,31,0.04171183705329895,,,,,,,0.42928677797317505,0.41614335775375366,0.15456974506378174
ensemble3,32,0.08275958895683289,,,,,,,0.39984139800071716,0.404208779335022,0.19594937562942505
ensemble3,33,0.04584126174449921,,,,,,,0.4029158651828766,0.3812883794307709,0.21579577028751373
ensemble3,34,0.03305064141750336,,,,,,,0.4112904965877533,0.3894389569759369,0.1992703378200531
ensemble3,35,0.0330173522233963,,,,,,,0.3990250527858734,0.4059481918811798,0.1950276643037796
ensemble3,36,0.011946439743041992,,,,,,,0.3983019292354584,0.4119205176830292,0.18977667391300201
ensemble3,37,0.05728815495967865,,,,,,,0.410601407289505,0.383277028799057,0.20612186193466187
ensemble3,38,0.08735497295856476,,,,,,,0.3812117874622345,0.36898893117904663,0.24979911744594574
ensemble3,39,0.02925589680671692,,,,,,,0.3894805610179901,0.37534773349761963,0.23517079651355743
ensemble3,40,0.02490834891796112,,,,,,,0.4019351303577423,0.3681457042694092,0.22991904616355896
ensemble3,41,0.03830057382583618,,,,,,,0.41134557127952576,0.3778860569000244,0.21076926589012146
ensemble3,42,0.04695490002632141,,,,,,,0.3973005414009094,0.40136292576789856,0.20133626461029053
ensemble3,43,0.01977376639842987,,,,,,,0.3874138295650482,0.405936062335968,0.20665018260478973
ensemble3,44,0.02512061595916748,,,,,,,0.39214208722114563,0.393375962972641,0.21448244154453278
ensemble3,45,0.033161476254463196,,,,,,,0.40872257947921753,0.37960025668144226,0.2116771638393402
ensemble3,46,0.0695132464170456,,,,,,,0.3835267424583435,0.370039701461792,0.2464340180158615
ensemble3,47,0.09640590846538544,,,,,,,0.4179621934890747,0.38380640745162964,0.19823026657104492
ensemble3,48,0.015379667282104492,,,,,,,0.42334577441215515,0.37611690163612366,0.200536847114563
ensemble3,49,0.09792187809944153,,,,,,,0.4723072648048401,0.3635769784450531,0.16411638259887695
ensemble3,50,0.06067638099193573,,,,,,,0.4419691264629364,0.3830950856208801,0.17493651807308197
ensemble3,51,0.1110677421092987,,,,,,,0.41200995445251465,0.35752007365226746,0.23047007620334625
ensemble3,52,0.030826464295387268,,,,,,,0.4274231791496277,0.34278276562690735,0.22979414463043213
ensemble3,53,0.016297191381454468,,,,,,,0.41927435994148254,0.3466661870479584,0.23405909538269043
ensemble3,54,0.10094556212425232,,,,,,,0.37034860253334045,0.34511905908584595,0.28453177213668823
ensemble3,55,0.09905484318733215,,,,,,,0.4057450294494629,0.2955917418003082,0.29866287112236023
ensemble3,56,0.03180396556854248,,,,,,,0.39377689361572266,0.3114939332008362,0.29472923278808594
ensemble3,57,0.04990646243095398,,,,,,,0.38278618454933167,0.33644700050354004,0.2807665467262268
ensemble3,58,0.020175039768218994,,,,,,,0.39287349581718445,0.3347945511341095,0.27233126759529114
ensemble3,59,0.03245803713798523,,,,,,,0.39216935634613037,0.31926968693733215,0.28856030106544495
ensemble3,60,0.08612743020057678,,,,,,,0.435233473777771,0.27959147095680237,0.2851752042770386
ensemble3,61,0.04136410355567932,,,,,,,0.4559156000614166,0.27066120505332947,0.2734234929084778
ensemble3,62,1.400882152840495,,,,,,,0.018081527203321457,0.9711025953292847,0.010816803202033043
ensemble3,63,0.051395546295680106,,,,,,,0.0021892001386731863,0.996799647808075,0.001010636449791491
ensemble3,64,0.0032495205523446202,,,,,,,0.001141598797403276,0.9984254837036133,0.0004345531342551112
ensemble3,65,0.0006669790600426495,,,,,,,0.0009356137015856802,0.9987585544586182,0.00030662992503494024
ensemble3,66,0.000868542876560241,,,,,,,0.0012920567533001304,0.9983243942260742,0.0003845695173367858
ensemble3,67,0.0029580503469333053,,,,,,,0.0024664225056767464,0.9968445897102356,0.000688449596054852
ensemble3,68,0.008909162017516792,,,,,,,0.005934724118560553,0.9923906922340393,0.0016754125244915485
ensemble3,69,0.024548674933612347,,,,,,,0.015314329415559769,0.980116069316864,0.004569859243929386
ensemble3,70,0.0719922473654151,,,,,,,0.0415557362139225,0.9441200494766235,0.014324679970741272
ensemble3,71,0.177969790995121,,,,,,,0.10127389430999756,0.8551343679428101,0.04359063133597374
ensemble3,72,0.2710636220872402,,,,,,,0.17856886982917786,0.7196028828620911,0.10182779282331467
ensemble3,73,0.40585432201623917,,,,,,,0.26099419593811035,0.5166760683059692,0.2223299741744995
ensemble3,74,0.3528591990470886,,,,,,,0.2534523606300354,0.3477884829044342,0.39875975251197815
ensemble3,75,0.39657624065876007,,,,,,,0.1861429214477539,0.2168094962835312,0.5970475673675537
ensemble3,76,0.300814226269722,,,,,,,0.12126201391220093,0.13128361105918884,0.7474550008773804
ensemble3,77,0.1875067874789238,,,,,,,0.07588687539100647,0.08290494233369827,0.8412079811096191
ensemble3,78,0.05469060316681862,,,,,,,0.057596202939748764,0.0738508477807045,0.8685538172721863
ensemble3,79,0.5206035114824772,,,,,,,0.08193499594926834,0.3098134398460388,0.608251690864563
ensemble3,80,1.2171907927840948,,,,,,,0.03005555458366871,0.918408989906311,0.05153588950634003
ensemble3,81,0.14030525647103786,,,,,,,0.00721947243437171,0.9885613322257996,0.0042190575040876865
ensemble3,82,0.013523322995752096,,,,,,,0.003685508156195283,0.995322585105896,0.0009909516666084528
ensemble3,83,0.0017609606147743762,,,,,,,0.0032967140432447195,0.9962041974067688,0.0005003974656574428
ensemble3,84,0.002340269333217293,,,,,,,0.004465705715119839,0.9950685501098633,0.00046476710122078657
ensemble3,85,0.007440826797392219,,,,,,,0.00795223843306303,0.9913489818572998,0.0006994929281063378
ensemble3,86,0.014215101313311607,,,,,,,0.014502101577818394,0.9842414259910583,0.0012571752304211259
ensemble3,87,0.03137297590728849,,,,,,,0.02824658900499344,0.9685549139976501,0.0031991517171263695
ensemble3,88,0.03841565456241369,,,,,,,0.04297228530049324,0.9493465423583984,0.007680738344788551
ensemble3,89,0.039971597492694855,,,,,,,0.05174042284488678,0.929360032081604,0.018897688016295433
ensemble3,90,0.042365537956357,,,,,,,0.04715852811932564,0.9127598404884338,0.04008113965392113
ensemble3,91,0.06606028974056244,,,,,,,0.0392104834318161,0.8876780867576599,0.0731116309762001
ensemble3,92,0.07944466918706894,,,,,,,0.03291058540344238,0.8542554378509521,0.11283375322818756
ensemble3,93,0.043239932507276535,,,,,,,0.026523355394601822,0.8390225172042847,0.13445353507995605
ensemble3,94,0.013131111860275269,,,,,,,0.024166185408830643,0.8348139524459839,0.14101891219615936
ensemble3,95,0.0049830228090286255,,,,,,,0.025115836411714554,0.8323228359222412,0.1425611674785614
ensemble3,96,0.007156236097216606,,,,,,,0.028354423120617867,0.8287449479103088,0.14290092885494232
ensemble3,97,0.009381825104355812,,,,,,,0.0317596010863781,0.8300303816795349,0.13820971548557281
ensemble3,98,0.03376329317688942,,,,,,,0.041025131940841675,0.8131493926048279,0.14582648873329163
ensemble3,99,0.031623344868421555,,,,,,,0.051995035260915756,0.7973372340202332,0.15066777169704437
ensemble3,100,0.013156808912754059,,,,,,,0.05266592279076576,0.8032445311546326,0.14408914744853973
ensemble3,101,0.04686630889773369,,,,,,,0.03858930617570877,0.8266777992248535,0.13473272323608398
ensemble3,102,0.034925807267427444,,,,,,,0.028194162994623184,0.8441413044929504,0.12766556441783905
ensemble3,103,0.01451747678220272,,,,,,,0.02700614742934704,0.8380701541900635,0.13492387533187866
ensemble3,104,0.0007822103798389435,,,,,,,0.027159960940480232,0.8383073806762695,0.13453270494937897
ensemble3,105,0.004466621205210686,,,,,,,0.02939341962337494,0.8361429572105408,0.13446396589279175
ensemble3,106,0.021549154072999954,,,,,,,0.03466733172535896,0.8253684043884277,0.13996465504169464
ensemble3,107,0.00430012121796608,,,,,,,0.03681718558073044,0.8237422108650208,0.13944058120250702
ensemble3,108,0.00810672715306282,,,,,,,0.03798065707087517,0.8196889758110046,0.142330601811409
ensemble3,109,0.007582992315292358,,,,,,,0.03825780376791954,0.8158972263336182,0.1458446979522705
ensemble3,110,0.008900504559278488,,,,,,,0.03380793333053589,0.8188554644584656,0.14733709394931793
ensemble3,111,0.020779676735401154,,,,,,,0.03307165950536728,0.8092014193534851,0.15772645175457
ensemble3,112,0.0316610187292099,,,,,,,0.035043396055698395,0.7933714389801025,0.17158575356006622
ensemble3,113,0.016012489795684814,,,,,,,0.033918969333171844,0.786489725112915,0.179592102766037
ensemble3,114,0.03021877259016037,,,,,,,0.0347287654876709,0.7713794112205505,0.1938907653093338
ensemble3,115,0.019908495247364044,,,,,,,0.036217235028743744,0.761425793170929,0.20235717296600342
ensemble3,116,0.03330632299184799,,,,,,,0.037516817450523376,0.7447723150253296,0.2177104353904724
ensemble3,117,0.011764395982027054,,,,,,,0.03615451976656914,0.7402524948120117,0.22359271347522736
ensemble3,118,0.0035254284739494324,,,,,,,0.03791758790612221,0.7386894822120667,0.22339336574077606
ensemble3,119,0.02028622478246689,,,,,,,0.0404341034591198,0.7285459041595459,0.2310194969177246
