method,day,gate_move_l1,pi_expanding,pi_rolling_1,pi_rolling_3,pi_rolling_7,pi_rolling_14,h_eff,pi_m2,pi_m5b,pi_m5b_hs
adamoe,4,,0.2,0.2,0.2,0.2,0.2,17.0,,,
adamoe,5,0.012647389534055559,0.20171499175953225,0.1936763052329717,0.20117871948843052,0.20171499175953225,0.20171499175953225,17.136126796220378,,,
adamoe,6,0.011435550397872307,0.20362091682584452,0.18924399473745987,0.19989325478500683,0.20362091682584452,0.20362091682584452,17.282218021985887,,,
adamoe,7,0.0019460336639540443,0.20394525576983683,0.18846656534154893,0.19969766734894065,0.20394525576983683,0.20394525576983683,17.307125284745155,,,
adamoe,8,0.0020751302300989205,0.2042911108081866,0.18765461040841935,0.19947205716702063,0.2042911108081866,0.2042911108081866,17.333650757372595,,,
adamoe,9,0.0016281703126572178,0.20437878674524895,0.18829334369062317,0.199008691584943,0.20394039123393554,0.20437878674524895,17.336932376231424,,,
adamoe,10,0.004031365246450286,0.20532266447496575,0.18696287086592595,0.19832348178641498,0.204068318397727,0.20532266447496575,17.404288716156724,,,
adamoe,11,0.0016112100800896312,0.20572546699498823,0.18655022246509834,0.19819006303164494,0.20380878051327997,0.20572546699498823,17.431466432782123,,,
adamoe,12,0.0018692545863464027,0.20606979593786778,0.18589152715237095,0.19791413105119915,0.20405474992069408,0.20606979593786778,17.457182069153042,,,
adamoe,13,0.0007397476116899337,0.20625473284079032,0.18576288443529926,0.1978970454109817,0.20383060447213838,0.20625473284079032,17.469118482191696,,,
adamoe,14,0.0028910507525603812,0.2069774955289306,0.1855132556063771,0.19707115261979702,0.2034606007159654,0.2069774955289306,17.517285587618392,,,
adamoe,15,0.002402027186945266,0.2071592180736404,0.18431224201290441,0.19767109375603054,0.20369822808378485,0.2071592180736404,17.53299525731688,,,
adamoe,16,0.0007052622422918375,0.20718226207819102,0.1840502055733563,0.19772069525577524,0.2039782137006353,0.20706862339204243,17.534956239425185,,,
adamoe,17,0.0006691975908056647,0.20725544477014263,0.18423405172065835,0.1977982652119244,0.20385280020187296,0.20685943809540192,17.535957268313727,,,
adamoe,18,0.002343575555915939,0.20727608473016745,0.18319136006275694,0.1983221751265991,0.20448003810513135,0.20673034197534532,17.540308023643355,,,
adamoe,19,0.00154084793283768,0.20731927589684346,0.18391859286249973,0.1982176446651444,0.20398726317190694,0.20655722340360555,17.537440050522367,,,
adamoe,20,0.0020910776970116396,0.20780511693111858,0.18292331773566028,0.19829249381896535,0.20447211183231673,0.20650695968193922,17.568510033433036,,,
adamoe,21,0.0031183754957642695,0.20867842203988035,0.18221312319849628,0.19744350060824695,0.2045958391339814,0.20706911501939462,17.626387431625453,,,
adamoe,22,0.0025113243047540645,0.20830203817139062,0.18308208866112713,0.19783019729799356,0.20430335973784464,0.20648231613164453,17.59557091484648,,,
adamoe,23,0.0052150533240089,0.20758059636236692,0.1856896153231312,0.19725183447804484,0.20348699121572006,0.20599096262073668,17.540563315699636,,,
adamoe,24,0.001433432223923753,0.20808395835380833,0.1856187792298214,0.1968605497077529,0.20323239596736015,0.2062043167412574,17.570725135730704,,,
adamoe,25,0.0019948128020790545,0.20844525467491748,0.1847145043787996,0.19724294507591536,0.20313926441734226,0.20645803145302516,17.595545911365342,,,
adamoe,26,0.0030461564466101876,0.20869929900853573,0.1835341161963207,0.19690025503508918,0.20371490307890355,0.20715142668115072,17.622317116902167,,,
adamoe,27,0.002873799129936766,0.2095603718193823,0.1821446056579691,0.19685286600847246,0.20400255425542035,0.2074396022587558,17.678497824256848,,,
adamoe,28,0.0011674656224117397,0.20926210449010701,0.18248843013572985,0.19696381721604533,0.2041315113812926,0.2071541367768252,17.658184645734888,,,
adamoe,29,0.0008413218539838063,0.20932858515732294,0.18206776920873807,0.19706232957273437,0.2041356338386126,0.20740568222259226,17.665598855352897,,,
adamoe,30,0.003716559734686542,0.20916233048272045,0.18339235698398132,0.1975960216648343,0.20323308874074597,0.20661620212771803,17.641178701914985,,,
adamoe,31,0.002041246290790527,0.20892705877144715,0.1839090557401809,0.19681067023071241,0.2035548239494869,0.20679839130817285,17.630025838679973,,,
adamoe,32,0.0017037580996416835,0.20886029890550944,0.1832945242398772,0.19759131753334636,0.2036260556966738,0.20662780362459343,17.625858051791507,,,
adamoe,33,0.001059408348544566,0.20901848571975945,0.1827648200656049,0.19766304621190428,0.20370009831955305,0.20685354968317854,17.638713485688257,,,
adamoe,34,0.004030684723633909,0.20891755396293843,0.18478016242742168,0.19694018917958173,0.20315142908577083,0.2062106653442872,17.61966328616289,,,
adamoe,35,0.0014097811017790562,0.20931124893365105,0.18441718897402015,0.19668180897026538,0.20306789219759885,0.20652186092446378,17.645918850229563,,,
adamoe,36,0.0032168502985081004,0.20840125800294834,0.18589221019747756,0.19651393701413433,0.20320129612339558,0.20599129866204358,17.58579675554916,,,
adamoe,37,0.003907980316658399,0.20918219985103986,0.18397937490064112,0.196472782152642,0.20354596781888362,0.20681967527679362,17.644626941028253,,,
adamoe,38,0.0014153638184551398,0.20898229342385954,0.18468705680986885,0.19641190103985862,0.20340015640941117,0.20651859231700237,17.62792175266493,,,
adamoe,39,0.0018948663471221316,0.2084665137308151,0.18481299662147374,0.19716397944306197,0.20346957136816393,0.20608693883648568,17.59379990208751,,,
adamoe,40,0.0011499324776606534,0.20874271807276368,0.18510429104864012,0.19681279515464653,0.203245789417749,0.20609440630620102,17.60814797508946,,,
adamoe,41,0.0010591437154455208,0.20871483649058725,0.18460260077309384,0.1970518372809008,0.20329885038008688,0.20633187507533168,17.610386505766282,,,
adamoe,42,0.0019563580751966736,0.2095003911641548,0.1841346294298144,0.19684650717338445,0.2029939727932844,0.20652449943936252,17.656998422503325,,,
adamoe,43,0.001993749874948908,0.20939169655351375,0.1832464491029811,0.19745336288724225,0.20332638377536105,0.20658210768090263,17.654542524935696,,,
adamoe,44,0.0017937182764044546,0.2090803703755791,0.18382492080857116,0.197771750319854,0.20296150136711885,0.20636145712887682,17.631753303676987,,,
adamoe,45,0.0009263260013369634,0.20880726029212882,0.1842651789936549,0.19779465513543848,0.2027873534526039,0.20634555212617334,17.614433965862354,,,
adamoe,46,0.003568635336059167,0.20961718187783074,0.18307445943389217,0.19720105702717183,0.20312617224420598,0.2069811294168991,17.67132756073128,,,
adamoe,47,0.0018407511857587433,0.21021781775084075,0.18273081329111446,0.19662697771410295,0.20312352210717327,0.20730086913676854,17.70975763414884,,,
adamoe,48,0.002167573131122341,0.2098075398564767,0.1833932678314681,0.1970483097393103,0.2030231002777907,0.2067277822949538,17.67834124251189,,,
adamoe,49,0.0007288260444544281,0.20965810118621314,0.1835613731035754,0.19683333538734685,0.20309457902153624,0.20685261130132834,17.671146061807754,,,
adamoe,50,0.0032347583813292224,0.20926287388767123,0.18493309929172597,0.19707898838986082,0.20269310396878076,0.20603193446196105,17.635241307970503,,,
adamoe,51,0.001402121197797812,0.20911025235454417,0.18470538288794072,0.1967582657278742,0.20299337437002568,0.206432724659615,17.632607087169003,,,
adamoe,52,0.0017926533246117038,0.2089053930551128,0.18401391552506635,0.19739740779732579,0.20319933377904575,0.2064839498434493,17.623700356485422,,,
adamoe,53,0.0009661085341488296,0.20842233878803829,0.1842222547706883,0.1974015514349661,0.20337831437921453,0.2065755406270926,17.59747300579168,,,
adamoe,54,0.0017561417468679452,0.2087511376529534,0.18452589639252776,0.19764718182164565,0.2032327733981766,0.20584301073469669,17.60696726510766,,,
adamoe,55,0.0026337398589131034,0.2091556675146592,0.1837257804418066,0.19831136959435863,0.20271601941944123,0.20609116302973446,17.632288358456805,,,
adamoe,56,0.0014785714571325104,0.2090213475326219,0.18325729371863453,0.19817489057100166,0.2033331228238626,0.20621334535387925,17.6293815121103,,,
adamoe,57,0.002113844271034171,0.20918986097665182,0.18271473085806755,0.1976605312960514,0.20347593739166736,0.2069589394775615,17.648844697772862,,,
adamoe,58,0.0030954356066617006,0.20962530398462081,0.1838270056534294,0.19668785385255982,0.20303951782193966,0.20682031868744993,17.668169892666235,,,
adamoe,59,0.0025968668231787506,0.20881129256205397,0.18387604761346354,0.19765390961461504,0.20332285351143992,0.20633589669842764,17.617477858538614,,,
adamoe,60,0.0014599281578525358,0.20913970842321386,0.18351857434451613,0.19728141880463607,0.20341746524698068,0.20664283318065313,17.640667257409266,,,
adamoe,61,0.0153402314860622,0.20930165845870513,0.19102674005205603,0.19454252433379043,0.20058023033025404,0.20454884682519436,17.600499288440233,,,
adamoe,62,0.07772563826305717,0.19244270529902535,0.22755611629235778,0.19687596722501738,0.191938907440784,0.1911863037428157,16.38492694039384,,,
adamoe,63,0.03116867950127905,0.18284753560385014,0.2304989820535727,0.20951744121444166,0.19112437323506262,0.18601166789307244,15.77193740507636,,,
adamoe,64,0.03197844175110931,0.17524331151932318,0.22568198810876383,0.22400212956083493,0.1926289057642239,0.1824436650468535,15.314900718956176,,,
adamoe,65,0.020524602185386293,0.1738346224341109,0.2168283761012831,0.2272918341144483,0.19816262854029087,0.18388253880986644,15.29027516761145,,,
adamoe,66,0.015394489323604765,0.17225700515987763,0.21070874871371412,0.2276865937521978,0.20381989770004105,0.18552775467416927,15.253316688901622,,,
adamoe,67,0.018679419247422835,0.17249084062273307,0.204872617323981,0.2241830155182196,0.21058169168716379,0.1878718348479026,15.331149630923406,,,
adamoe,68,0.017635770278461582,0.17118020903955067,0.20069566590093632,0.2208527133852159,0.21715457132636606,0.19011684034793114,15.315784112585222,,,
adamoe,69,0.010394886026660138,0.1700094020933241,0.2001771368425191,0.21734460637652975,0.21958140586965003,0.19288744881797737,15.290269206110787,,,
adamoe,70,0.00970906825643189,0.17165075896606824,0.19817424227347102,0.21499695015063353,0.21907742253637824,0.19610062607344905,15.4211613534724,,,
adamoe,71,0.008212449141548284,0.17248441338352644,0.19596400921882834,0.21341440051193594,0.21876398065894426,0.1993731962267649,15.50784462555354,,,
adamoe,72,0.006814859509267024,0.17144452953013445,0.19556753052285425,0.21213160244194046,0.21807571152367242,0.2027806259813985,15.484092854062029,,,
adamoe,73,0.008269579715939002,0.17245819098033877,0.19482299691357605,0.21012407946084305,0.21669297825607847,0.20590175438916364,15.572162103357272,,,
adamoe,74,0.01074529258668308,0.17396625851380557,0.19273207217006558,0.20811880564214352,0.21541653052494703,0.20976633314903848,15.699708377685997,,,
adamoe,75,0.006213924404719379,0.17338147817085361,0.1921797478119064,0.2071190456991861,0.21444643296665594,0.2128732953513982,15.697776740846848,,,
adamoe,76,0.0054971939095637135,0.17431500984964132,0.1928098520378019,0.20629886103609643,0.2125180206749638,0.2140582564014969,15.755048760470274,,,
adamoe,77,0.003790479472426861,0.1758385504974265,0.1925047543104653,0.20534176479857558,0.21188497490360775,0.21442995548992505,15.844057279735987,,,
adamoe,78,0.003365816312674491,0.17647339477350438,0.190821846154128,0.2057714630145488,0.21231417294459845,0.21461912311322046,15.887406855805313,,,
adamoe,79,0.0042917620734417294,0.1765897897302603,0.19285133223409312,0.20467724698379208,0.21145443319890603,0.2144271978529489,15.884432259334714,,,
adamoe,80,0.004568502773908495,0.17758454631287868,0.19056708084713875,0.20496924784342413,0.2123276670276315,0.2145514579689271,15.95056168390853,,,
adamoe,81,0.0034840805322463864,0.17827093015169754,0.18923799502582225,0.20455629339861708,0.21257281856787702,0.21536196285598558,16.002239894282464,,,
adamoe,82,0.004111594497192922,0.17901096670282135,0.19055375572329497,0.20363006151859014,0.21165941373319813,0.21514580232209501,16.035759071090062,,,
adamoe,83,0.0036894152746612396,0.1779481557767401,0.18977185901204582,0.20489347974385547,0.21184880536076556,0.21553770010659312,15.981811083865681,,,
adamoe,84,0.0034549441084192334,0.17923637431419642,0.19021111252879913,0.20440548793295238,0.21147828960729273,0.21466873561675942,16.043320361065124,,,
adamoe,85,0.0020466188854313394,0.17911676866853316,0.19123442197151477,0.20415398798266343,0.2109363582434104,0.21455846313387827,16.031075497609663,,,
adamoe,86,0.0023342515903852223,0.17966941161125066,0.19101419735256264,0.20476847083513838,0.21043774486263617,0.21411017533841187,16.05609097530924,,,
adamoe,87,0.002637215402665538,0.18026190757765753,0.19023561372862052,0.20422844675774804,0.21087345851327982,0.21440057342269442,16.096357646171995,,,
adamoe,88,0.0007525030552970047,0.18051662824970993,0.19001272236464545,0.20434997761334406,0.2107282552012415,0.21439241657105923,16.110651968590794,,,
adamoe,89,0.0028141216221854726,0.18164994148314484,0.19028646994230308,0.2039304626999589,0.21042827605604325,0.2137048498185497,16.16594017688287,,,
adamoe,90,0.005686790609337133,0.1811121043018386,0.18798091181894072,0.20494599727313872,0.21135203462662033,0.21460895197946134,16.153534731847476,,,
adamoe,91,0.0005154213914427275,0.18108644834658028,0.18777347244995146,0.2049213819016648,0.21136867141706323,0.21485002588473967,16.15520558125556,,,
adamoe,92,0.002863638652593703,0.18058985832011498,0.1892052917762484,0.20440337737754333,0.21109987600305175,0.21470159652304116,16.121328406459718,,,
adamoe,93,0.0013701734216341743,0.1812749450309321,0.18898997706913825,0.20414203595252772,0.21105928757202047,0.21453375437538114,16.15880036104213,,,
adamoe,94,0.0033782331674473975,0.18291677431516185,0.18848942628701076,0.2033204010625274,0.21110657487151452,0.21416682346378532,16.2495386409779,,,
adamoe,95,0.0014271899611055794,0.1828739202938981,0.1888340579908018,0.20368936433928903,0.21071941700902974,0.21388324036698092,16.241738652843495,,,
adamoe,96,0.001621665078788359,0.18328730877780602,0.18891932027198258,0.20287853179989535,0.2107904813221505,0.21412435782816613,16.26806782118941,,,
adamoe,97,0.004210258296495462,0.18509172294648138,0.1874052779692457,0.20317924677946733,0.2105926799734491,0.2137310723313563,16.368830167549664,,,
adamoe,98,0.0012473416361720724,0.18559378885931677,0.18694003293550338,0.2033008516847178,0.21055956802450052,0.21360575849596097,16.39686751466362,,,
adamoe,99,0.003253814099300173,0.18396688180966675,0.18766330479600635,0.2033280080603342,0.21091900084128246,0.21412280449270982,16.309812506343928,,,
adamoe,100,0.002626630242913014,0.18423849011203158,0.1885645553280632,0.20346846434736934,0.2102069450102929,0.2135215452022432,16.31402960299552,,,
adamoe,101,0.0027676056289079876,0.18336405572594236,0.18963908083481354,0.20295909591900452,0.2102210055139041,0.21381676200633562,16.265341418834396,,,
adamoe,102,0.004224179322600219,0.1849683345272442,0.1901468916948118,0.20263805507381766,0.20920839596658983,0.21303832273753665,16.343156418642558,,,
adamoe,103,0.002293687303127817,0.18558732102864675,0.1899021381128927,0.20316591222397895,0.20920307350249223,0.21214155513198937,16.369042422868933,,,
adamoe,104,0.0009283106954986464,0.18561771842986888,0.19001608735501507,0.20270175687622957,0.2094123620965055,0.21225207524238088,16.372600051844707,,,
adamoe,105,0.003113936975590592,0.18600268930830066,0.1887151354703442,0.20244574027310547,0.20962918882872558,0.2132072461195246,16.408519482262125,,,
adamoe,106,0.003269343060223945,0.18730882839925034,0.1890436679095065,0.20145999635853992,0.20928259796542886,0.2129049093672749,16.477600277839997,,,
adamoe,107,0.0022101214707553607,0.18628134919424885,0.18938982338526916,0.20220850098634757,0.20929299859723627,0.21282732783689876,16.41752985789648,,,
adamoe,108,0.0013932270103260425,0.18585354115215463,0.18939640942365527,0.20275522832305362,0.2094362987273068,0.2125585223738296,16.390747967846856,,,
adamoe,109,0.0017261624866645175,0.18593217902679526,0.1885333281803231,0.20292833260730633,0.2096830871283885,0.21292307305718688,16.401953700309292,,,
adamoe,110,0.0031337272536907657,0.18746494833479638,0.18763128215189487,0.20247871561784056,0.20946788651943707,0.2129571673760311,16.490639877993694,,,
adamoe,111,0.0023947640272900528,0.18862070998307306,0.18744573521659105,0.20252033598320873,0.20920003442652346,0.21221318439060333,16.547634164604712,,,
adamoe,112,0.0016601923586745393,0.188292467642529,0.1869438813777981,0.20268479127627817,0.20951119415398395,0.21256766554941092,16.535071990528014,,,
adamoe,113,0.0022061526519608077,0.18846430859757973,0.1878751167487277,0.20218083383811608,0.2090154851773951,0.2124642556381814,16.539884109294164,,,
adamoe,114,0.0030692307592362356,0.18820148280181542,0.1892850501885356,0.2023055157779261,0.20829642133015758,0.2119115299015649,16.51312693356425,,,
adamoe,115,0.003310286278190827,0.18867425691023554,0.18831288076072863,0.20162254206663774,0.208849200000582,0.21254112026181587,16.55115600524427,,,
adamoe,116,0.0020052266308868694,0.18840527993483847,0.18768007439618473,0.20216962512924203,0.20874837002507968,0.21299665051465516,16.54169744325495,,,
adamoe,117,0.0012669056477438434,0.18827134035644977,0.18772944901580207,0.20167011188375886,0.20902467328693686,0.2133044254570526,16.53845487546136,,,
adamoe,118,0.001621431463586065,0.18892584863867384,0.18769830722560849,0.20182631933332762,0.20899913859102354,0.2125503862113663,16.567427560642315,,,
adamoe,119,0.0030197647690028973,0.18909048612719218,0.18904355212159163,0.2017503920311277,0.20842499406345505,0.21169057565663327,16.562366913483558,,,
fixed_share,4,,0.2,0.2,0.2,0.2,0.2,17.0,,,
fixed_share,5,0.1398238693036492,0.21910374496245089,0.13008806534817546,0.21260069976447205,0.21910374496245089,0.21910374496245089,18.515293506600113,,,
fixed_share,6,0.09961342785493951,0.2357059829382741,0.08503646590017064,0.20784558528500702,0.2357059829382741,0.2357059829382741,19.800757839755395,,,
fixed_share,7,0.0609565044573171,0.24586540034782695,0.05986279351502554,0.20254100544149353,0.24586540034782695,0.24586540034782695,20.582583238013488,,,
fixed_share,8,0.05017592249165706,0.25422805409643645,0.0440658602924778,0.19324997741821273,0.25422805409643645,0.25422805409643645,21.216288174358468,,,
fixed_share,9,0.038433821945702086,0.2613965461210166,0.036309897982643405,0.1817890287551962,0.25910798102012733,0.2613965461210166,21.738777264344353,,,
fixed_share,10,0.03939410840674948,0.2696712396509899,0.030100073086926457,0.16830179944753837,0.26225564816355545,0.2696712396509899,22.326466742747684,,,
fixed_share,11,0.028771687381178482,0.2764406295240324,0.027034974501938425,0.15698105434193718,0.26310271210805963,0.2764406295240324,22.796303707062567,,,
fixed_share,12,0.025709046976886543,0.2824262844393419,0.02469312614610368,0.14646837920932862,0.26398592576588387,0.2824262844393419,23.211544792646578,,,
fixed_share,13,0.022660959051165552,0.2880915242021333,0.02358802632619643,0.1371954898837148,0.26303343538582213,0.2880915242021333,23.59518133463596,,,
fixed_share,14,0.02940753692121275,0.2954434084324365,0.023081596209344572,0.12651047146982536,0.2595211154559571,0.2954434084324365,24.08207304281082,,,
fixed_share,15,0.022433880720496548,0.3010518786125606,0.021916970334043162,0.11916796075766446,0.25681131168317106,0.3010518786125606,24.454939051718718,,,
fixed_share,16,0.018133251983308816,0.3057502100291228,0.021489444405215188,0.11199315809077744,0.25534701428723167,0.30542017318765285,24.765793045062676,,,
fixed_share,17,0.015381414361626086,0.3104429960999908,0.021327964300681925,0.10650089641114593,0.25331004889058345,0.3084180942975979,25.058434081934024,,,
fixed_share,18,0.009979470581776746,0.31333496466403643,0.020705397228719814,0.10213372819221961,0.2536600725939854,0.3101658373210387,25.2451466923,,,
fixed_share,19,0.014555220672619433,0.31760110735133734,0.021223140961572948,0.09819339631227088,0.2503227941376244,0.3126595612371944,25.50136318726272,,,
fixed_share,20,0.010043601495340445,0.3220416925548076,0.020652722663104892,0.09469972042394789,0.24936508757674525,0.3132407767813944,25.758179925200142,,,
fixed_share,21,0.017226824943879494,0.3281487389856553,0.020350665031346277,0.08908793879855169,0.24666551436196033,0.31574714282248645,26.12365742061485,,,
fixed_share,22,0.009193295083711833,0.3321630619337631,0.020932989625094392,0.08714078228937738,0.24406755553081672,0.3156956106209485,26.340350489928007,,,
fixed_share,23,0.010828513680852109,0.3360079353533493,0.021512352604648663,0.08480565110811852,0.24098842987164945,0.316685631062234,26.556923271102786,,,
fixed_share,24,0.014841436928075033,0.3419840217500229,0.02130174031024168,0.08123519917399896,0.23734877563613843,0.31813026312959786,26.899313756100952,,,
fixed_share,25,0.013968034367117535,0.34759447231084156,0.021339714926501566,0.07882381751220613,0.23277614011437253,0.3194658551360781,27.215434458819313,,,
fixed_share,26,0.013320506611964683,0.35166724115188597,0.02070940030745956,0.07590765231684479,0.22966236662279355,0.32205333960101606,27.464850147144933,,,
fixed_share,27,0.014971863997175965,0.35791470471466574,0.019927799933651503,0.07309347028645012,0.2257722170284083,0.3232918080368243,27.820581325387344,,,
fixed_share,28,0.007835081796852963,0.36183224561309224,0.01978412978541099,0.07190046338787988,0.2232321763050044,0.3232509849086125,28.03355927959019,,,
fixed_share,29,0.009677110638891658,0.3653170033367998,0.01965906454562162,0.07035618414983537,0.22006296546339243,0.32460478250435076,28.234655530507773,,,
fixed_share,30,0.012917221708886803,0.3709142188647289,0.020418915297916534,0.07045772872405466,0.21490077759288986,0.32330835952040987,28.51726770978978,,,
fixed_share,31,0.007694131104380227,0.3743453669731357,0.020556728785233146,0.06904344775908985,0.2124679930056646,0.32358646347687664,28.705895530166572,,,
fixed_share,32,0.006893547112091655,0.37775553044511867,0.020500631586482625,0.0690800578431527,0.2099447412640116,0.3227190388612343,28.880752364728423,,,
fixed_share,33,0.006136401623817338,0.38068119615706897,0.02037476590833022,0.06863251557070005,0.20744994840270795,0.32286157396119264,29.03935575632022,,,
fixed_share,34,0.012023033681256515,0.38573454953794456,0.02133292936808297,0.06750605137711704,0.20407198924248804,0.3213544804743674,29.29539070711467,,,
fixed_share,35,0.011340123704138491,0.3914046113900138,0.02111015009228207,0.0664539904527627,0.19982873510243318,0.32120251296250824,29.600385132043545,,,
fixed_share,36,0.004453399337999309,0.3932789176583266,0.021462543492968868,0.0664250024314413,0.19883266310300876,0.32000087331425436,29.689313478407513,,,
fixed_share,37,0.008294732232530355,0.39703392428189965,0.020659637133359006,0.06548283673142767,0.19643036904636715,0.3203932328069466,29.899661446863444,,,
fixed_share,38,0.006398444404693535,0.39968887551090276,0.021203908106702595,0.06451850528992668,0.19463076119304407,0.31995794989942383,30.03791858157389,,,
fixed_share,39,0.0043631452272200645,0.400845095256133,0.021547895502610465,0.06519987076239861,0.19408253492454222,0.31832460355431563,30.08297541739,,,
fixed_share,40,0.007602611252791117,0.40461632132253084,0.021577975062608154,0.06491157752965054,0.19149477514276497,0.31739935094244537,30.277346326196998,,,
fixed_share,41,0.004078958573047856,0.40645344607866124,0.02133322646933505,0.06499048954706436,0.1897000444495142,0.3175227934554251,30.376730879352753,,,
fixed_share,42,0.011213202345660051,0.4120372348577158,0.021356038863110535,0.06401678717431657,0.18579533258501751,0.3167946065198396,30.671332311221885,,,
fixed_share,43,0.005207283794279989,0.41388281276584177,0.021100337378362526,0.06477485116333062,0.18419827915313877,0.31604371953932636,30.762393684441403,,,
fixed_share,44,0.006157481698287136,0.41635271841569926,0.02146806505688363,0.06501595868409557,0.18174031228853216,0.3154229455547894,30.885782469837903,,,
fixed_share,45,0.005709931440239416,0.4185390108087914,0.021670183944600713,0.06548251312340603,0.17908401029711013,0.3152242818260917,30.99718638948736,,,
fixed_share,46,0.008563546571514369,0.42268765496445926,0.020684135169550463,0.06458248902315515,0.17668830988665407,0.31535741095618103,31.227512822699683,,,
fixed_share,47,0.009613469459604316,0.4274943896942614,0.0201262902869415,0.06340404722264144,0.1736756788404673,0.3152995939556883,31.489925880873457,,,
fixed_share,48,0.007374294372186018,0.43067238880549824,0.020283108606337204,0.06375637697810194,0.17184107197214116,0.31344705363792147,31.643041822606424,,,
fixed_share,49,0.005257189698592395,0.4331481259079749,0.020435966353156684,0.06324771816533455,0.17019180642801604,0.31297638314551773,31.772078684361016,,,
fixed_share,50,0.00884715929810358,0.4363009792656969,0.021072979579403076,0.06388143123041796,0.16861142254840344,0.31013318737607853,31.91292061031639,,,
fixed_share,51,0.0034555148297544247,0.4380287366805742,0.021004243613973992,0.0631552224120722,0.16784423707569268,0.309967560217687,32.00664961426211,,,
fixed_share,52,0.003009482592138974,0.4388123170079127,0.020988384153918335,0.0638763833808031,0.16716112135359512,0.30916179410377065,32.039749521699044,,,
fixed_share,53,0.0035903498095617124,0.4370584280678466,0.021557044695547267,0.0645250586142564,0.16711983538888037,0.3097396332334693,31.944831617599846,,,
fixed_share,54,0.007448210388294092,0.43989320374683233,0.021951470870810452,0.06501996195415448,0.16635510000967224,0.3067802634185303,32.07001296947034,,,
fixed_share,55,0.008466734907623764,0.4434900098795918,0.021228967145923892,0.06565652327520692,0.16410092399849974,0.30552357570077754,32.253635657547434,,,
fixed_share,56,0.0030353247975725348,0.4443246009147775,0.020782067397926138,0.0662007194000847,0.16423979923722257,0.30445281304998906,32.290878257845236,,,
fixed_share,57,0.004078162774758691,0.44517092695274596,0.020556233904941566,0.06534049279370208,0.16328677794921043,0.30564556839939994,32.34887873268688,,,
fixed_share,58,0.00836696697682178,0.44914883435628455,0.020761809989813855,0.06389088303646857,0.1611100240979434,0.3050884485194896,32.56037296843475,,,
fixed_share,59,0.004050645565271842,0.44832297785902864,0.021090854759891198,0.06503327220550753,0.16166391294146304,0.3038889822341096,32.50166248478591,,,
fixed_share,60,0.0035054075020897156,0.4500756816100735,0.02101590753704072,0.06395251018671552,0.16115102071182336,0.3038048799543469,32.59873979904522,,,
fixed_share,61,0.019294073699969157,0.4597227184600581,0.020196762303110793,0.0600205569482252,0.15751694465659968,0.30254301763200625,33.12184240019556,,,
fixed_share,62,0.13008847392420797,0.4004645806661592,0.03891626056867341,0.08510551867683845,0.1787567216245278,0.29675691846380114,29.72800156643365,,,
fixed_share,63,0.2003017852220902,0.30705338142034183,0.05416710325828356,0.13537522428187998,0.2133870659409212,0.2900172250985734,24.43744627429091,,,
fixed_share,64,0.26220292026282743,0.20122855423683636,0.06411995339529032,0.21946406043340524,0.25044683978380283,0.2647405921506651,18.25572155750162,,,
fixed_share,65,0.21781140452423978,0.12584041109971847,0.05833604981474704,0.28947864519356936,0.28933795728575873,0.2370069366062065,13.820659464865766,,,
fixed_share,66,0.18039827188633645,0.07583906997911356,0.04975630978917409,0.3464365364176203,0.32257920200487594,0.20538888180921605,10.772908877152005,,,
fixed_share,67,0.12631841848779551,0.04855793185986877,0.04141812681961691,0.37226166669483307,0.359913280971561,0.17784899365412035,9.080957916454855,,,
fixed_share,68,0.09884171056380306,0.031968519226309465,0.032873109356536555,0.3800505756108499,0.40154522733744563,0.15356256846885838,8.05182853969379,,,
fixed_share,69,0.07349823425975835,0.024072653799081287,0.02999100863249287,0.3695732996921385,0.43829434446732485,0.1380686934089625,7.5840922546505345,,,
fixed_share,70,0.04870896643657035,0.021438206006565298,0.027440060800221162,0.35775573005979977,0.46264882768561005,0.13071717544780376,7.455581861442061,,,
fixed_share,71,0.04496764442464602,0.020148400185067805,0.024957414613444535,0.3416853448520944,0.4851326498979331,0.12807619045146026,7.447912675879771,,,
fixed_share,72,0.03954475668605177,0.01909510665901132,0.02475166751005938,0.32317200713851013,0.5037329010136959,0.12924831767872327,7.475580843064266,,,
fixed_share,73,0.042451587923820686,0.019216490675641636,0.02415079083291084,0.3025470898537483,0.5180365610217673,0.13604906761593188,7.615724374708072,,,
fixed_share,74,0.0468194629557251,0.0196825360479424,0.0232018963977677,0.2800862528110289,0.5295786697942464,0.1474506449490146,7.815772535553327,,,
fixed_share,75,0.039328013284033125,0.01940900356432783,0.02265263000331317,0.26124504504708146,0.5362991410684163,0.16039418031686134,7.9705404909192,,,
fixed_share,76,0.03048024583884216,0.01979202409352452,0.023361689153499447,0.24614418500095792,0.5361598781951187,0.1745422235568994,8.146025966930267,,,
fixed_share,77,0.03841590796511809,0.020264708259838275,0.023415655950745295,0.22693623101839885,0.5406034228129621,0.18877998195805537,8.347250551699748,,,
fixed_share,78,0.029897482872716687,0.020835846501162436,0.022730939323407834,0.21267220620937805,0.5439572605965076,0.19980374736954415,8.51585163537046,,,
fixed_share,79,0.033828283996788534,0.021270019240774297,0.02402059007823898,0.19575806421098368,0.5451966945959512,0.21375463187405172,8.69643764556603,,,
fixed_share,80,0.028426728602427884,0.02168917942537671,0.022550015780982376,0.1830152742070264,0.549035485248364,0.22371004533825053,8.84813563539872,,,
fixed_share,81,0.03217491993461696,0.021862411733431758,0.021514123545289043,0.16796370647541126,0.5518325901138036,0.23682716813206436,9.015558431622955,,,
fixed_share,82,0.030283985010059595,0.02254584650059179,0.022202130156003398,0.15546037297949714,0.5491939311046878,0.2505977192592197,9.194059626491892,,,
fixed_share,83,0.025659998990343467,0.022354503033786683,0.021367407901488368,0.14805990475723518,0.5447904655530983,0.2634277187543915,9.308338625633564,,,
fixed_share,84,0.022082249474218402,0.02301929613542564,0.021743887004063416,0.13979137519534182,0.5420178703778824,0.2734275712872867,9.444386871382818,,,
fixed_share,85,0.025521663748789815,0.02298458330089771,0.022530143359995893,0.13230114194957746,0.5367819845837798,0.2854021468057491,9.551612514629538,,,
fixed_share,86,0.023851975649570582,0.023458107724568834,0.022235013217519223,0.1283055714054121,0.5291466974456366,0.2968546102068633,9.674629615923427,,,
fixed_share,87,0.023401016444548735,0.023879972211287313,0.02156844353027427,0.12151750963854674,0.5249008206774725,0.30813325394241914,9.807090605059328,,,
fixed_share,88,0.023357738047967022,0.024299273861860836,0.021599975767546443,0.11658317666605776,0.518156284625978,0.319361289078557,9.927457976959014,,,
fixed_share,89,0.02149686798465177,0.025173316221769104,0.022107605624614547,0.11122277313260902,0.5127682541671008,0.3287280508539065,10.057745389452984,,,
fixed_share,90,0.019723128730107096,0.024963179126723863,0.021058972531794028,0.10791764030550619,0.5074705928170159,0.3385896152189601,10.135151403836296,,,
fixed_share,91,0.020143435170928314,0.02500872903484712,0.02061206356023848,0.10412731848017467,0.5016361060284388,0.34861578289630096,10.225591463838875,,,
fixed_share,92,0.022163520696128564,0.024839201651426814,0.021452226011342022,0.10060813316156927,0.4942430583824001,0.3588573807932616,10.297333464364122,,,
fixed_share,93,0.01838694907008972,0.025339065211563032,0.02134871283624981,0.09725589063471575,0.4885053395493011,0.36755099176817035,10.398711559033671,,,
fixed_share,94,0.01930535359097585,0.025798562147876035,0.021153019007940907,0.09306212903240005,0.4832421181844377,0.3767441716273452,10.5053663650516,,,
fixed_share,95,0.016568352745490504,0.026217836351166597,0.021168656388591743,0.09117033722143292,0.4768497336226596,0.38459343641614907,10.59000609430759,,,
fixed_share,96,0.019135902967280766,0.02691636365308079,0.021357992528803778,0.08754108920995905,0.4709110301504931,0.3932735244576633,10.701169632804266,,,
fixed_share,97,0.016928643071843597,0.027847600115897243,0.02045819817749463,0.08548369853317987,0.4654038936426596,0.4008066095307686,10.816885089660246,,,
fixed_share,98,0.014672615718933506,0.02839313779741348,0.020411811687873982,0.08391176501544405,0.45968590579054935,0.4075973797087191,10.899900031034928,,,
fixed_share,99,0.01603855012681449,0.027880643719685988,0.020703141570926332,0.08157397803742161,0.45451691178289205,0.41532532488907403,10.93443662979163,,,
fixed_share,100,0.014777002149524068,0.028218515637908087,0.02134444055674907,0.08170839567819349,0.44712841070813,0.4216002374190193,10.991882764688995,,,
fixed_share,101,0.01772117076664496,0.02786454655211361,0.021712837426757208,0.07957245695338186,0.4407577331354136,0.43009242593233366,11.038901096414286,,,
fixed_share,102,0.02084832008544048,0.02862506947334624,0.021790178136532667,0.07887362579472565,0.4310324042513496,0.4396787223440458,11.148644166497572,,,
fixed_share,103,0.009059412664071224,0.0291386476570695,0.022025640373862725,0.07920823371124673,0.426502697919314,0.44312478033850705,11.19723501110607,,,
fixed_share,104,0.013173482300574937,0.029437448356438224,0.021849961759496026,0.07800058478139181,0.4212992843132481,0.44941272078942573,11.262971698734662,,,
fixed_share,105,0.01890308644119758,0.029930772256963445,0.021247874554740233,0.07677792189980422,0.41367249117899274,0.45837094010949936,11.360328575457899,,,
fixed_share,106,0.01789134091828149,0.030954342421225085,0.021443472362666118,0.07420591229792024,0.40729883032173597,0.4660974425964526,11.477777763132421,,,
fixed_share,107,0.012696259397553991,0.030803041286243414,0.021780365236989722,0.07454515727159813,0.40110200175794064,0.4717694344472281,11.506084408793166,,,
fixed_share,108,0.00960836437085516,0.030726477685099708,0.021703156878896575,0.07486839156922698,0.3964515915317499,0.4762503823350268,11.532563486105184,,,
fixed_share,109,0.011324926465459434,0.03084001845917582,0.021525863469425352,0.07452697583031787,0.39130783744740055,0.48179930479368044,11.579853027754258,,,
fixed_share,110,0.015212985934627523,0.031751243425915184,0.0211411438540352,0.0733064017499273,0.38530663817586747,0.4884945727942548,11.682205441009367,,,
fixed_share,111,0.009647834771056425,0.032902593046694614,0.02091856534828193,0.07340970935812241,0.3807052992960925,0.4920638329508084,11.76913403260829,,,
fixed_share,112,0.01102207212941441,0.0330208111184547,0.020519319753934624,0.0738996972134993,0.3755935088257327,0.4969666630883788,11.810154923519146,,,
fixed_share,113,0.012676801733236768,0.033420186613901275,0.021081243923052457,0.07333940361688342,0.36981540155573017,0.5023437642904327,11.867831162563949,,,
fixed_share,114,0.013836441122863478,0.03393902599770605,0.022256173492693994,0.07385892265236106,0.36289718099429835,0.5070486968629404,11.919136524353394,,,
fixed_share,115,0.014813321089997285,0.03406889208757724,0.021759188950901502,0.07231213432994711,0.3575342933135062,0.5143254913180679,11.986126048842872,,,
fixed_share,116,0.014589666105577333,0.03423929077079376,0.021407446968333792,0.07218757246018984,0.3507157641130425,0.52144992568764,12.047636919014787,,,
fixed_share,117,0.014167351572806658,0.03423113356827378,0.020946907546262848,0.07117588346793541,0.34511247394348454,0.5285336014740434,12.103600310287495,,,
fixed_share,118,0.009231315425482264,0.034922411150422106,0.02130527795132038,0.07079515671862859,0.3408775429800503,0.5320996111995787,12.164572774786988,,,
fixed_share,119,0.009210466159390453,0.03550480937858447,0.021874867316746253,0.07129114033019358,0.336272309900355,0.5350568730741206,12.21073924336257,,,
learn_alpha,4,,0.2,0.2,0.2,0.2,0.2,17.0,,,
learn_alpha,5,0.13118212339631097,0.21792304734146334,0.13440893830184464,0.2118219196737656,0.21792304734146334,0.21792304734146337,18.42164153198167,,,
learn_alpha,6,0.09068393586843243,0.23303703665286868,0.09372999854615213,0.20715889149524166,0.23303703665286868,0.23303703665286868,19.59120664191424,,,
learn_alpha,7,0.053557497439739477,0.24196328622615865,0.07167041991612769,0.20243972140539648,0.24196328622615865,0.2419632862261586,20.27801576845117,,,
learn_alpha,8,0.0443570088227658,0.24935612102995292,0.057741503848986825,0.1941901330611544,0.24935612102995292,0.24935612102995292,20.838157706458638,,,
learn_alpha,9,0.03347938251621785,0.2556465744089229,0.05122516961081436,0.18396677604121794,0.2535149055301218,0.25564657440892297,21.29557634270562,,,
learn_alpha,10,0.035881342515852135,0.2631966116469223,0.045293760928821994,0.1719575134652842,0.25635550231204907,0.2631966116469223,21.83220407938127,,,
learn_alpha,11,0.025786339794001453,0.26927391649472054,0.04242933804507584,0.16192876645202975,0.25709406251345346,0.26927391649472054,22.25414389560466,,,
learn_alpha,12,0.023758630767504715,0.2747370493138762,0.03992179556429616,0.15255699354905702,0.25804711225889443,0.2747370493138762,22.634464211250567,,,
learn_alpha,13,0.02072285100004803,0.2799177620638882,0.03871149777365722,0.14415681179228576,0.25729616630628055,0.2799177620638882,22.986169490022203,,,
learn_alpha,14,0.02743620759507187,0.2867768139626562,0.038033528500713606,0.13416403324323004,0.25424881033074404,0.2867768139626562,23.44175153378217,,,
learn_alpha,15,0.021261015287321508,0.29209206778448654,0.036352737665352575,0.1273764898537746,0.2520866369118997,0.29209206778448654,23.797901681661976,,,
learn_alpha,16,0.017329130465447595,0.296578505397397,0.035652342683295896,0.12046070550309071,0.2510382510119165,0.29627019540429994,24.096795275780003,,,
learn_alpha,17,0.015010883912809109,0.30112042749765267,0.035246793537828794,0.11503126460244599,0.24936779910162374,0.2992337152604488,24.382412844561976,,,
learn_alpha,18,0.011139492960322413,0.3041277933857412,0.03416499565803568,0.11054331600207784,0.24995897837669034,0.3012049165774548,24.58004422752994,,,
learn_alpha,19,0.014826195892565987,0.30841600590098506,0.034627035272282364,0.10623769239877712,0.24685150403370817,0.30386776239424734,24.840409668283137,,,
learn_alpha,20,0.01151209645388554,0.3130893629482944,0.033526124938626875,0.1023161172000643,0.2461179413391337,0.30495045357388073,25.117968192844753,,,
learn_alpha,21,0.018609424237098687,0.3194065889638288,0.03281134254237568,0.09620701891853652,0.24363710989836332,0.3079379396768957,25.502418661892797,,,
learn_alpha,22,0.010215743240157608,0.32363222716875406,0.0332513201789675,0.09366620855113764,0.2410700486456834,0.3083801954554574,25.73699665285381,,,
learn_alpha,23,0.011881316009651192,0.3276916129425802,0.03371825078825545,0.09078572646429528,0.2380098727277001,0.30979453707716886,25.97076483491022,,,
learn_alpha,24,0.01654411208428492,0.3339788004379698,0.03308612157103671,0.08669851862770044,0.23445715373937126,0.31177940562392176,26.338021458642828,,,
learn_alpha,25,0.01572115404188819,0.33996421730887294,0.03277119583845215,0.08369152105189114,0.22991850002682104,0.3136545657739627,26.682292218549726,,,
learn_alpha,26,0.015651894722480887,0.3446374831166569,0.03158835855305683,0.08019971850521891,0.22676719249764823,0.31680724732741933,26.973108311135537,,,
learn_alpha,27,0.017303898148058494,0.351465632660874,0.030275928723914255,0.07685887231282659,0.22276851944515375,0.3186310468572313,27.369004797432147,,,
learn_alpha,28,0.010094981983110849,0.35600974153338133,0.029844153331722186,0.07508977746623684,0.21992189869238016,0.3191344289762794,27.623033274247884,,,
learn_alpha,29,0.01259412553869525,0.3603531299998601,0.029333865924739563,0.07284530479895086,0.21637959599730122,0.3210881032791484,27.878948198202384,,,
learn_alpha,30,0.013939649907322407,0.36670087668900153,0.029955944189259228,0.07215691863688034,0.21083140881613838,0.32035485166872046,28.209267086515048,,,
learn_alpha,31,0.010638641850733238,0.3711234745366736,0.029707808986699332,0.07002037390225907,0.20789676782795288,0.32125157474641497,28.45997682413937,,,
learn_alpha,32,0.009145032463332422,0.37569599076833987,0.02923638973459733,0.06922258272932821,0.20477813562276256,0.321066901144972,28.70704714941192,,,
learn_alpha,33,0.009909782060126635,0.3798723253004728,0.02871610768711746,0.0679606973300575,0.20160541203944987,0.3218454576429024,28.94201200898244,,,
learn_alpha,34,0.013913332022636168,0.38603782543899656,0.029507273559911805,0.0661535761594011,0.1974705380086141,0.3208307868330765,29.26416231010128,,,
learn_alpha,35,0.014695074281573295,0.3930048184748081,0.02878825966453443,0.0644711537192296,0.1925244372033763,0.32121133093805154,29.647120522867066,,,
learn_alpha,36,0.006647527328271494,0.3962541445706229,0.028862697232855304,0.06378395710454705,0.1905946874382108,0.32050451365376376,29.81668924600404,,,
learn_alpha,37,0.012320085182934207,0.4015409803369405,0.02755871592910453,0.06225934890296064,0.18726323435208098,0.32137772047891333,30.11692631002377,,,
learn_alpha,38,0.008948780695374782,0.4057177181236901,0.027856368490042315,0.06074920714109422,0.18437314454637868,0.32130356169879465,30.342028952942506,,,
learn_alpha,39,0.005934662718930405,0.4086621249508729,0.027879293022324683,0.060671182324829175,0.18263496259072637,0.32015243711124675,30.490199194741724,,,
learn_alpha,40,0.011054339743657948,0.4141892948227019,0.02754176057166029,0.05973702823351785,0.17895369551418014,0.31957822085793974,30.784881495244747,,,
learn_alpha,41,0.008263841874394207,0.41786268142003746,0.02693776253961825,0.05914615879415003,0.17601664204839296,0.32003675519780134,30.988768191232285,,,
learn_alpha,42,0.014836638286937192,0.42528100056350604,0.02658674106517325,0.05761875140869724,0.17105360992781798,0.3194598970348055,31.386116857083632,,,
learn_alpha,43,0.007920326532661542,0.4292411638298368,0.02595223871641316,0.05754255519186099,0.16824424474499095,0.3190197975168981,31.597036612533714,,,
learn_alpha,44,0.009170457252073376,0.43376130286442355,0.026017328307863095,0.05702889285946955,0.16462659650361738,0.3185658794646264,31.835090666781774,,,
learn_alpha,45,0.00863160231763526,0.43807710402324107,0.025876744991843614,0.056696983824424285,0.16084695678368857,0.3185022103768022,32.06555358062063,,,
learn_alpha,46,0.012763276561414627,0.4443461143674673,0.02449217757619858,0.05529000046418704,0.15725686927886365,0.3186148383132834,32.41253486235481,,,
learn_alpha,47,0.013760443306866193,0.4512263360209004,0.023605195173766514,0.0537238821771015,0.1530714033858156,0.318373183242416,32.78708139205363,,,
learn_alpha,48,0.0110052467569147,0.4567289593993577,0.023472546694260573,0.05339259468772213,0.14995305790258634,0.31645284131607315,33.06739907846202,,,
learn_alpha,49,0.009551698269678787,0.4615048085341972,0.023296554136933392,0.05239001122662289,0.14697038453226136,0.31583824156998525,33.32128317357425,,,
learn_alpha,50,0.011964088678837196,0.4671824087360611,0.0236009982744881,0.05227919540204136,0.14406497005499305,0.3128724275324165,33.60005188448306,,,
learn_alpha,51,0.008283250639089763,0.47132403405560597,0.02318191823699415,0.05115627854294603,0.1418354741143471,0.31250229505010685,33.82397324670412,,,
learn_alpha,52,0.007112664949840326,0.4748803665305261,0.02281808641979507,0.051061956498939576,0.139631389651923,0.3116082008988163,34.008760487895074,,,
learn_alpha,53,0.0037328973409583265,0.47597237248575675,0.023020336271804262,0.05086753697285903,0.13795936050752433,0.3121803937620556,34.070206332557234,,,
learn_alpha,54,0.01156374860314592,0.4817367623585896,0.023037820700544324,0.05057392287874253,0.13567146490166193,0.30898002916046147,34.35438599341024,,,
learn_alpha,55,0.012615927412521086,0.4880447260648501,0.022046940024238522,0.05040532015431147,0.13223005374248606,0.30727296001411364,34.68337828077317,,,
learn_alpha,56,0.007465287786325346,0.49177736995801286,0.021380890130037272,0.0501583057372105,0.13075656073635045,0.30592687343838887,34.87677015811434,,,
learn_alpha,57,0.008337803645014505,0.4952760729628814,0.02089236259814515,0.04890644178023746,0.12832805040270845,0.30659707225602767,35.07483143011509,,,
learn_alpha,58,0.013078679082185234,0.501815412503974,0.02076238524635987,0.04732081745196911,0.12491275586891348,0.3051886289287836,35.41867968392607,,,
learn_alpha,59,0.005172864713382529,0.5041018373284595,0.020772114783050227,0.047611095447484396,0.12379939985297603,0.3037155525880297,35.52832917603632,,,
learn_alpha,60,0.008886471485706007,0.5085450730713126,0.02040489408001534,0.04636078528778957,0.12178164339895577,0.30290760416192675,35.76536959628181,,,
learn_alpha,61,0.018041234996389342,0.5175656905695072,0.019969267819279185,0.04440837520212518,0.11849711337906703,0.2995595530300213,36.230449363669855,,,
learn_alpha,62,0.12648036182473787,0.45572572657002525,0.04009954023184875,0.06681783013756962,0.13919756694342203,0.29815933611713435,32.73271029908991,,,
learn_alpha,63,0.19584506701701623,0.3578031930615171,0.05872524752602029,0.11073105137029612,0.17338150165033564,0.2993590063918308,27.263806586365913,,,
learn_alpha,64,0.2534691312156515,0.24564663347578597,0.07386944364014605,0.1829327566313626,0.21277016588296926,0.28478100036973625,20.837790888438484,,,
learn_alpha,65,0.20072029300956568,0.1644639869220759,0.0726379251824585,0.24182944281491375,0.2542336262042008,0.2668350188763509,16.181291116650073,,,
learn_alpha,66,0.16636751349713286,0.10929912834890132,0.06795107360762004,0.2879352541166074,0.2913115716510737,0.24350297227579765,12.937927150310205,,,
learn_alpha,67,0.11707543569014664,0.07821097622502785,0.06209699701134256,0.3066029361552346,0.33118160745751984,0.2219074831508753,11.09954039529361,,,
learn_alpha,68,0.0974578516187037,0.05769976560126531,0.05445226272752492,0.31142696732438657,0.3750865020977196,0.20133450224910351,9.89500764694809,,,
learn_alpha,69,0.0729625336834596,0.04714717823558973,0.05288000233320156,0.30084728596235816,0.4115677689394494,0.18755776452940107,9.29103564034342,,,
learn_alpha,70,0.04641930991104865,0.04357970882257141,0.05041687508591226,0.2894311067151736,0.43477742389497376,0.18179488548136896,9.1220630885897,,,
learn_alpha,71,0.041123261093483604,0.04139872549896607,0.04720601389670328,0.27558658803523073,0.45533905444171563,0.1804696181273844,9.071837342815751,,,
learn_alpha,72,0.03589086340597448,0.03915444113405136,0.04706300775260225,0.2600284468412592,0.4710805300232777,0.18267357424880953,9.031408565965739,,,
learn_alpha,73,0.03676138127266165,0.03892567229183513,0.045855404641425485,0.24308412815832134,0.4811950296111447,0.19093976529727336,9.152170048066337,,,
learn_alpha,74,0.03994965597704069,0.03911542914832215,0.0438647770778762,0.2250999277333503,0.48799447195777906,0.20392539408267232,9.337007130039122,,,
learn_alpha,75,0.03370137190803702,0.03802304156702111,0.0425691004508032,0.21063730598770583,0.4908118772605281,0.2179586747339418,9.44296809953407,,,
learn_alpha,76,0.030248927289504214,0.03813772303132493,0.04327469891274298,0.1991054850967041,0.48721923450677773,0.2322628584524503,9.5910691959641,,,
learn_alpha,77,0.02921653542857338,0.0384140719243266,0.042838496613551255,0.1849334196816091,0.48800393487559396,0.24581007690491904,9.759851691916,,,
learn_alpha,78,0.022909965379002785,0.038780895087371633,0.04121633250824483,0.17510060109741415,0.4895578692016984,0.255344302105271,9.895097154928468,,,
learn_alpha,79,0.027485712986084793,0.038925118531986075,0.04280231838321731,0.16299778880817445,0.4879178249978957,0.26735694927872644,10.025724861614345,,,
learn_alpha,80,0.02214502360639125,0.03905593609517292,0.03995123775516121,0.15477635763303488,0.4909448168798982,0.2752716516367327,10.138053317438185,,,
learn_alpha,81,0.02530103470302076,0.038738479153880796,0.037934457641947326,0.14446007733603058,0.4924725818376098,0.28639440403053157,10.252453168173597,,,
learn_alpha,82,0.024481702879089948,0.03919144619222591,0.03857916838925851,0.13581377793748894,0.48887802979660644,0.29753757768442024,10.385179569893408,,,
learn_alpha,83,0.021113513329715623,0.038345490176650246,0.03684354817788207,0.13153298294783444,0.48518364434835526,0.3080943343492781,10.44177809894878,,,
learn_alpha,84,0.01526326828219439,0.03879837249991933,0.03697321646177039,0.12606320615900862,0.4830217869960838,0.31514341788321776,10.536225544271591,,,
learn_alpha,85,0.01983211173338765,0.03820442726861309,0.037678409034152385,0.12108790140278688,0.478674981116918,0.3243542811775296,10.584892553663138,,,
learn_alpha,86,0.0180688811126149,0.03846650900364116,0.036782271830281356,0.11901849750780653,0.4726060816594619,0.333126639998809,10.673843836171729,,,
learn_alpha,87,0.017684693965805978,0.038591907895766824,0.03539134460917066,0.11430409897946957,0.46986906042600657,0.3418435880895863,10.768711771529844,,,
learn_alpha,88,0.017217109659815107,0.03863535756061379,0.03502405014707525,0.11091590057626187,0.4650159984614021,0.3504086932546469,10.84672690030756,,,
learn_alpha,89,0.015130514780721721,0.03933177247775835,0.035333999352910685,0.1069975713889126,0.4613690702583906,0.3569675865220278,10.943362765302274,,,
learn_alpha,90,0.015534961640252205,0.038431744772153914,0.03334703920811191,0.10483527279519796,0.45865087588238235,0.36473506734215394,10.970604617889771,,,
learn_alpha,91,0.015653024076030156,0.03795057882710383,0.032315827130816766,0.10199486733715936,0.45517714732475106,0.372561579380169,11.017437301364147,,,
learn_alpha,92,0.01733884701255249,0.0371905084624394,0.033080788904491815,0.09918936480747927,0.4500732967128194,0.38046604111277027,11.039117043641813,,,
learn_alpha,93,0.01349207468248663,0.037344420923693646,0.032433578194466635,0.09641620824062591,0.4467476266484545,0.3870581659927592,11.108395168775774,,,
learn_alpha,94,0.014603082863094786,0.03744478654888697,0.0317353003792584,0.09286902375302879,0.4436915475197125,0.3942593417991133,11.182501182397138,,,
learn_alpha,95,0.01192534449410046,0.037458539397038144,0.03134059693902817,0.09135186529132665,0.4396407371745947,0.4002082611980124,11.233309373629634,,,
learn_alpha,96,0.014434694164116392,0.03779408581112351,0.03115099769564507,0.08803417778223366,0.4359306768450125,0.4070900618659852,11.313674283748636,,,
learn_alpha,97,0.013255006846939088,0.038431205127875845,0.029561889493887564,0.08623763026253159,0.43268882914300266,0.4130804459727025,11.406095135572885,,,
learn_alpha,98,0.010846082864182562,0.038519651114220156,0.029145768090473336,0.08474189836453896,0.42917764101231815,0.4184150414184494,11.456604596981817,,,
learn_alpha,99,0.013081809062794603,0.037288992386451024,0.02911306903477044,0.0824106747313991,0.42623131789753266,0.4249559459498466,11.44668710499661,,,
learn_alpha,100,0.010870571291593013,0.03717532122573308,0.029503263031674352,0.08228926857959733,0.421031109564256,0.4300010375987393,11.474122635646594,,,
learn_alpha,101,0.01502132068203152,0.03626819200554877,0.02953810777583131,0.08001286699060675,0.41670398003241504,0.43747685319559804,11.487272034045855,,,
learn_alpha,102,0.01792445731672003,0.03674416480276296,0.02923704776920768,0.07908307260207323,0.40897260576921224,0.4459631090567439,11.577427920920105,,,
learn_alpha,103,0.005611426964961853,0.03690219299114754,0.029171718974347786,0.07909745038444892,0.4062322210815913,0.44859641656846466,11.604571029126191,,,
learn_alpha,104,0.01132658272968885,0.03679177694364346,0.028599031029685737,0.07759277161550772,0.4027567124778541,0.454259707933309,11.647816860906122,,,
learn_alpha,105,0.017071573203495293,0.03685549424114008,0.027503467073444598,0.07600743133417476,0.39690183011368063,0.4627317772375601,11.723413107665978,,,
learn_alpha,106,0.015623316811259447,0.037539841490537545,0.027424365157498017,0.07323444542565394,0.3919422595325182,0.46985908839379226,11.821141245107432,,,
learn_alpha,107,0.010975852241913539,0.03681851696564205,0.02744942609170783,0.07311821496543974,0.3872918883966711,0.4753219535805392,11.821465657830796,,,
learn_alpha,108,0.008808830359151205,0.036280700565309965,0.027014252284839325,0.07297830161383316,0.38400037677590265,0.47972636876011476,11.826962991117862,,,
learn_alpha,109,0.011367693524395858,0.03591286729742729,0.026432245532439547,0.07206731469946884,0.38017735694835153,0.4854102155223127,11.854390743427322,,,
learn_alpha,110,0.014661252376649076,0.03642572116335578,0.02565333315467566,0.07038845527002748,0.37530450256723225,0.4922279878447088,11.940685316562654,,,
learn_alpha,111,0.009166849764960131,0.03715798870263115,0.02510131722239679,0.06994532106304148,0.37171622782401714,0.4960791451879136,12.0115382299683,,,
learn_alpha,112,0.01089958035992094,0.03673852710050924,0.024340504947810076,0.06978026952949588,0.36761176305431087,0.501528935367874,12.032680376097264,,,
learn_alpha,113,0.01235691550090498,0.03666327382668343,0.02466197562686202,0.06866906599779565,0.36261976210938435,0.5073859224392745,12.072206852136787,,,
learn_alpha,114,0.01269424669405073,0.0366977575853085,0.02559845221511159,0.068481945850451,0.35645975890970366,0.5127620854394253,12.106797253404855,,,
learn_alpha,115,0.015972114162668062,0.0363587768024088,0.024701252645978,0.0665320508568505,0.35165977717400343,0.5207481425207593,12.157916448869711,,,
learn_alpha,116,0.015999965089378537,0.036052365953673,0.023999581213085437,0.06584864504840449,0.34535128271938853,0.5287481250654485,12.204620203530679,,,
learn_alpha,117,0.016123501960738695,0.03555027066981343,0.0231872166391709,0.06435332733193404,0.3400993093132637,0.5368098760458179,12.245296868658075,,,
learn_alpha,118,0.00986740523183718,0.035738509882815205,0.023246444523188834,0.06341137722152368,0.3361075568077556,0.5414961115647169,12.291489628716997,,,
learn_alpha,119,0.009195534975843928,0.035824446012314555,0.023520444646684673,0.06323990904548636,0.3316812574958709,0.5457339427996436,12.324750934188124,,,
m5b_smooth0,4,,0.20000606775283813,0.20000606775283813,0.20000606775283813,0.20000606775283813,0.20000606775283813,17.00051575899124,,,
m5b_smooth0,5,0.3214540481567383,0.24617315828800201,0.03926354646682739,0.22221632301807404,0.24617315828800201,0.24617315828800201,20.645938336849213,,,
m5b_smooth0,6,0.3885258473455906,0.3109273910522461,0.0103900246322155,0.05682666599750519,0.3109273910522461,0.3109273612499237,25.36598828062415,,,
m5b_smooth0,7,0.0714030684903264,0.3228279948234558,0.006501949392259121,0.0250135138630867,0.3228279948234558,0.3228279948234558,26.23061007168144,,,
m5b_smooth0,8,0.006558275781571865,0.32352912425994873,0.00767793133854866,0.021734608337283134,0.32352912425994873,0.32352912425994873,26.278740821406245,,,
m5b_smooth0,9,0.1153140515089035,0.3446923792362213,0.013706618919968605,0.03103577345609665,0.26587140560150146,0.3446923494338989,27.475149424746633,,,
m5b_smooth0,10,0.22102125361561775,0.38812336325645447,0.02276049368083477,0.045631520450115204,0.15536177158355713,0.38812336325645447,29.96831633709371,,,
m5b_smooth0,11,0.15688049979507923,0.41932982206344604,0.02837076038122177,0.056048572063446045,0.07692156732082367,0.4193298816680908,31.76537511497736,,,
m5b_smooth0,12,0.06716337986290455,0.4361203908920288,0.02742035873234272,0.05569678172469139,0.04464145749807358,0.4361203908920288,32.779909832403064,,,
m5b_smooth0,13,0.027319293469190598,0.44295036792755127,0.02520371787250042,0.05350077897310257,0.035394761711359024,0.44295036792755127,33.211796613410115,,,
m5b_smooth0,14,0.036632638424634933,0.4521086812019348,0.021503446623682976,0.042379118502140045,0.03190068155527115,0.4521086812019348,33.82798798196018,,,
m5b_smooth0,15,0.011740794405341148,0.45100462436676025,0.021646011620759964,0.03871630132198334,0.03762798011302948,0.45100462436676025,33.775532979518175,,,
m5b_smooth0,16,0.08580825850367546,0.4689953327178955,0.02493533492088318,0.04268033429980278,0.05528779700398445,0.4081002473831177,34.39311434328556,,,
m5b_smooth0,17,0.27489115856587887,0.5786582231521606,0.026310814544558525,0.046434544026851654,0.07794182002544403,0.27065569162368774,39.21988025866449,,,
m5b_smooth0,18,0.2136776875704527,0.6466385126113892,0.024566367268562317,0.05247043818235397,0.11076416075229645,0.16556097567081451,42.07349122315645,,,
m5b_smooth0,19,0.13423308730125427,0.7051098346710205,0.020332947373390198,0.051646389067173004,0.11940974742174149,0.10350226610898972,44.766762152314186,,,
m5b_smooth0,20,0.1119816992431879,0.7610999941825867,0.01618115045130253,0.044838231056928635,0.11042604595422745,0.06745438277721405,47.53403917513788,,,
m5b_smooth0,21,0.14074336178600788,0.8314712047576904,0.012410331517457962,0.030779168009757996,0.0794340968132019,0.04590406268835068,51.19171567633748,,,
m5b_smooth0,22,0.037086947821080685,0.8491851687431335,0.013239813037216663,0.026670629158616066,0.06746594607830048,0.04343724995851517,52.12474494706839,,,
m5b_smooth0,23,0.1342164920642972,0.7820775508880615,0.02427332103252411,0.03847470507025719,0.08675651997327805,0.06841796636581421,48.62949765846133,,,
m5b_smooth0,24,0.06674336642026901,0.7575218081474304,0.03218443691730499,0.04308849200606346,0.0779411643743515,0.08926533162593842,47.40806119516492,,,
m5b_smooth0,25,0.15249962359666824,0.8337714076042175,0.02108319289982319,0.030056221410632133,0.04242336377501488,0.07266662269830704,51.451832577586174,,,
m5b_smooth0,26,0.07236532121896744,0.8699544072151184,0.0131337009370327,0.02196718007326126,0.027794428169727325,0.06715176999568939,53.410985451191664,,,
m5b_smooth0,27,0.011580338701605797,0.8659031391143799,0.011738292872905731,0.022094637155532837,0.027450663968920708,0.0728142112493515,53.24376415647566,,,
m5b_smooth0,28,0.110322505235672,0.8107410669326782,0.018323948606848717,0.033745087683200836,0.043060868978500366,0.0941283330321312,50.383245972916484,,,
m5b_smooth0,29,0.11295825056731701,0.7542619109153748,0.02335447445511818,0.04156463220715523,0.06240202859044075,0.1184161975979805,47.49840399250388,,,
m5b_smooth0,30,0.10446510836482048,0.806494951248169,0.02015446498990059,0.034510448575019836,0.05506401136517525,0.08377633988857269,50.07169972360134,,,
m5b_smooth0,31,0.09449782036244869,0.8537439107894897,0.016977429389953613,0.026594048365950584,0.0452960766851902,0.057388849556446075,52.44191065244377,,,
m5b_smooth0,32,0.01261996477842331,0.8584126830101013,0.016482919454574585,0.02629399113357067,0.04693711921572685,0.05187326669692993,52.65491144172847,,,
m5b_smooth0,33,0.06235218979418278,0.8272366523742676,0.018324535340070724,0.033070534467697144,0.05702916532754898,0.06433922052383423,51.05168852582574,,,
m5b_smooth0,34,0.02823883481323719,0.8131170868873596,0.020118990913033485,0.03637957572937012,0.0587683729827404,0.0716157853603363,50.33028253726661,,,
m5b_smooth0,35,0.09195731766521931,0.8590956330299377,0.01668410934507847,0.026346957311034203,0.04036368429660797,0.057509202510118484,52.72913758829236,,,
m5b_smooth0,36,0.017559215426445007,0.8508374691009521,0.01925671473145485,0.02582569420337677,0.04059292748570442,0.06348714232444763,52.31995242834091,,,
m5b_smooth0,37,0.10599875077605247,0.7978384494781494,0.024804458022117615,0.03290088474750519,0.05404281243681908,0.09041405469179153,49.63791053369641,,,
m5b_smooth0,38,0.08566585555672646,0.7550053596496582,0.026238370686769485,0.03902386501431465,0.06636369973421097,0.11336904019117355,47.49534400552511,,,
m5b_smooth0,39,0.028994033113121986,0.744779646396637,0.023520080372691154,0.04340016096830368,0.07648412138223648,0.11181572824716568,46.941308392211795,,,
m5b_smooth0,40,0.1265858206897974,0.8080729842185974,0.018213506788015366,0.03576125204563141,0.06240437924861908,0.07554847002029419,50.10438555106521,,,
m5b_smooth0,41,0.0187237411737442,0.8163586258888245,0.018855005502700806,0.03619591146707535,0.05898250266909599,0.0696084052324295,50.49635548517108,,,
m5b_smooth0,42,0.048496197909116745,0.8406063914299011,0.017791196703910828,0.03205649554729462,0.04650483280420303,0.06304086744785309,51.75845014303923,,,
m5b_smooth0,43,0.01689983531832695,0.8343252539634705,0.01841532066464424,0.033986423164606094,0.044335898011922836,0.06893657892942429,51.45535321906209,,,
m5b_smooth0,44,0.06522172689437866,0.8017145395278931,0.020083226263523102,0.042040277272462845,0.04996379464864731,0.08619793504476547,49.80559408292174,,,
m5b_smooth0,45,0.060669854283332825,0.7713795304298401,0.02136227861046791,0.04622924327850342,0.05388537049293518,0.10714318603277206,48.32002403214574,,,
m5b_smooth0,46,0.10068915411829948,0.8217244744300842,0.016012566164135933,0.029983067885041237,0.039728570729494095,0.09255166351795197,50.9832535199821,,,
m5b_smooth0,47,0.10203177016228437,0.8727405071258545,0.012248574756085873,0.019055761396884918,0.02848014049232006,0.06747565418481827,53.577866428531706,,,
m5b_smooth0,48,0.018867366015911102,0.8667374849319458,0.01510572899132967,0.02125244215130806,0.03285907581448555,0.06404408067464828,53.20974281150848,,,
m5b_smooth0,49,0.09694076795130968,0.8182676434516907,0.022251708433032036,0.032290440052747726,0.04980747401714325,0.0773826315999031,50.64719079621136,,,
m5b_smooth0,50,0.03805152699351311,0.8068442344665527,0.025267621502280235,0.04127717763185501,0.056830257177352905,0.06977994740009308,49.93448428623378,,,
m5b_smooth0,51,0.06352243386209011,0.838606059551239,0.019363589584827423,0.035238757729530334,0.0482194684445858,0.05857257917523384,51.598995823413134,,,
m5b_smooth0,52,0.02008876856416464,0.8409307599067688,0.015411322005093098,0.03144276514649391,0.045922450721263885,0.06629136949777603,51.815121539868414,,,
m5b_smooth0,53,0.19057912845164537,0.7456415891647339,0.01920163817703724,0.04028807953000069,0.06719227135181427,0.1276758760213852,47.136369390413165,,,
m5b_smooth0,54,0.03796843811869621,0.7639298439025879,0.01954311691224575,0.03704598918557167,0.06754747033119202,0.11193446069955826,48.006386460736394,,,
m5b_smooth0,55,0.21330746170133352,0.8705827593803406,0.014503958635032177,0.02698875218629837,0.03792820870876312,0.04999557137489319,53.29587123822421,,,
m5b_smooth0,56,0.027761001139879227,0.8808411359786987,0.015035935677587986,0.030079228803515434,0.034545958042144775,0.039497651159763336,53.75053060334176,,,
m5b_smooth0,57,0.10974422004073858,0.8259693384170532,0.020120894536376,0.04208963364362717,0.050064947456121445,0.061755720525979996,50.91958482004702,,,
m5b_smooth0,58,0.046238167211413383,0.8115618228912354,0.019799526780843735,0.03399759903550148,0.04976591467857361,0.08487393707036972,50.35209821909666,,,
m5b_smooth0,59,0.11930123716592789,0.751911461353302,0.021360274404287338,0.03687351569533348,0.0636286661028862,0.12622539699077606,47.459224723279476,,,
m5b_smooth0,60,0.07328069023787975,0.7167425155639648,0.019888630136847496,0.040616724640131,0.07504015415906906,0.14771080017089844,45.73952201940119,,,
m5b_smooth0,61,0.47551743499934673,0.5200638771057129,0.15150268375873566,0.1271970123052597,0.09460501372814178,0.10663120448589325,33.891998305916786,,,
m5b_smooth0,62,1.408741358667612,0.01760563813149929,0.8558734655380249,0.11643639206886292,0.005921464413404465,0.004163036122918129,2.361253686249256,,,
m5b_smooth0,63,1.2085029446170665,0.0017867737915366888,0.27494630217552185,0.7206873893737793,0.0019177324138581753,0.0006608485127799213,2.566890903864987,,,
m5b_smooth0,64,0.5340585813319194,8.927755698096007e-05,0.011798207648098469,0.9877168536186218,0.0003262059763073921,6.884862523293123e-05,2.9835527445102343,,,
m5b_smooth0,65,0.021605408607683785,1.1074434041802306e-05,0.001319064642302692,0.9985200762748718,0.0001293043460464105,2.091043279506266e-05,2.998741635990882,,,
m5b_smooth0,66,0.0019482086845528102,3.903555807482917e-06,0.00036608989466913044,0.9994949698448181,0.00011830488801933825,1.87404020834947e-05,3.0001757126228767,,,
m5b_smooth0,67,0.0003607743592510815,2.5398949219379574e-06,0.0001879591291071847,0.9996199011802673,0.0001623697899049148,3.1024097552290186e-05,3.000770982260292,,,
m5b_smooth0,68,0.000187627985724248,2.2924941731616855e-06,0.00013604866398964077,0.9995787143707275,0.00022820051526650786,5.947668250882998e-05,3.001439818588551,,,
m5b_smooth0,69,0.0005360248098895681,3.2803648082335712e-06,0.00014768245455343276,0.9993090033531189,0.0003859805583488196,0.0001553887705085799,3.003148821097966,,,
m5b_smooth0,70,0.0010359695904753607,5.8394234656589106e-06,0.00019908820104319602,0.9987900257110596,0.00061614322476089,0.0003882532473653555,3.0066680787786026,,,
m5b_smooth0,71,0.0019560604787329794,1.1886116226378363e-05,0.00030962901655584574,0.9978125095367432,0.0009617317700758576,0.0009046214981935918,3.0138571479656093,,,
m5b_smooth0,72,0.004572833914608054,3.1452706025447696e-05,0.0005851335590705276,0.9955254793167114,0.0016936532920226455,0.002163432538509369,3.0311923624540213,,,
m5b_smooth0,73,0.009046114239026792,7.691668724874035e-05,0.0011092458153143525,0.9910027384757996,0.0030197661835700274,0.0047911168076097965,3.066946461069165,,,
m5b_smooth0,74,0.03248575215548044,0.00024204427609220147,0.002568066818639636,0.9747596979141235,0.007505030371248722,0.014924615621566772,3.202849648427218,,,
m5b_smooth0,75,0.22296860540518537,0.0006645283428952098,0.005754340440034866,0.8632758259773254,0.027428898960351944,0.10287672281265259,4.267729931045324,,,
m5b_smooth0,76,1.5804191128117964,0.0005412343889474869,0.0032888958230614662,0.07565494626760483,0.03385448083281517,0.886660635471344,12.912958060391247,,,
m5b_smooth0,77,0.2070338416233426,0.00012148784298915416,0.0005485070287249982,0.002687133150175214,0.00646510673686862,0.9901771545410156,13.923635087790899,,,
m5b_smooth0,78,0.013900827536417637,6.363663851516321e-05,0.00023484849953092635,0.00039968930650502443,0.00217432645149529,0.9971282482147217,13.980267874896526,,,
m5b_smooth0,79,0.0020161159700364806,8.117979450616986e-05,0.0002488843456376344,0.00019950271234847605,0.0013656445080414414,0.99810391664505,13.988732524740044,,,
m5b_smooth0,80,0.0005370796279748902,0.00016217590018641204,0.0004369279195088893,0.00019421994511503726,0.0012957679573446512,0.9979110360145569,13.990575021671248,,,
m5b_smooth0,81,0.004053917800774798,0.0005111550563015044,0.0012288503348827362,0.0003645598771981895,0.0020111710764467716,0.9958837628364563,13.989442710590083,,,
m5b_smooth0,82,0.01792149990797043,0.002341211074963212,0.004722253419458866,0.0010615871287882328,0.004951699171215296,0.9869232773780823,13.999967456795275,,,
m5b_smooth0,83,0.05396799696609378,0.008574210107326508,0.015741195529699326,0.002959667472168803,0.012785459868609905,0.9599390625953674,14.06771789980121,,,
m5b_smooth0,84,0.12366748903878033,0.02320362627506256,0.03927461430430412,0.007159643806517124,0.032256219536066055,0.8981051445007324,14.252236681990325,,,
m5b_smooth0,85,0.039564283564686775,0.023967884480953217,0.04377761855721474,0.009206271730363369,0.04472484439611435,0.8783233761787415,14.119070679880679,,,
m5b_smooth0,86,0.06915415590628982,0.013448333367705345,0.027888912707567215,0.007434196304529905,0.03832850977778435,0.9129008650779724,13.906003183219582,,,
m5b_smooth0,87,0.0574955646879971,0.00699806259945035,0.016371052712202072,0.005703865084797144,0.02927848882973194,0.9416479468345642,13.841387081425637,,,
m5b_smooth0,88,0.019763365387916565,0.004917244426906109,0.012077005580067635,0.005478356033563614,0.0259980671107769,0.9515305161476135,13.826960435137153,,,
m5b_smooth0,89,0.0037846281193196774,0.004248949233442545,0.01085224561393261,0.006184850819408894,0.026466280221939087,0.9522473812103271,13.801071050576866,,,
m5b_smooth0,90,0.010274272877722979,0.004280257970094681,0.011202672496438026,0.007823709398508072,0.029582753777503967,0.9471101760864258,13.758111020550132,,,
m5b_smooth0,91,0.026956181973218918,0.005095206201076508,0.01314733736217022,0.011189047247171402,0.03693588450551033,0.9336320757865906,13.681827103719115,,,
m5b_smooth0,92,0.04695385042577982,0.0068765850737690926,0.017094286158680916,0.01741892471909523,0.04845480993390083,0.9101553559303284,13.563304817304015,,,
m5b_smooth0,93,0.04183267802000046,0.008233181200921535,0.019989782944321632,0.023769652470946312,0.05876832455396652,0.8892390131950378,13.446014069020748,,,
m5b_smooth0,94,0.03279360011219978,0.009297660551965237,0.02144709788262844,0.02889113686978817,0.0675218254327774,0.8728421926498413,13.358423616737127,,,
m5b_smooth0,95,0.00488425325602293,0.009379783645272255,0.02037578448653221,0.03053351864218712,0.06823834031820297,0.8714702725410461,13.353015556931496,,,
m5b_smooth0,96,0.03332478832453489,0.008154028095304966,0.017104793339967728,0.027685673907399178,0.05892181396484375,0.8881339430809021,13.435731401666999,,,
m5b_smooth0,97,0.02454345626756549,0.007251393515616655,0.01457448210567236,0.024936676025390625,0.05283218249678612,0.9004058241844177,13.499974937178195,,,
m5b_smooth0,98,0.007843976374715567,0.006966154091060162,0.01316071581095457,0.024005495011806488,0.05154037848114967,0.9043278098106384,13.52451843302697,,,
m5b_smooth0,99,0.00414640549570322,0.007061759941279888,0.012681128457188606,0.024150904268026352,0.05337223410606384,0.9027338624000549,13.520719150081277,,,
m5b_smooth0,100,0.012952538672834635,0.0077715725637972355,0.013175488449633121,0.026223350316286087,0.056571513414382935,0.896257221698761,13.50174159090966,,,
m5b_smooth0,101,0.003976796288043261,0.007976233027875423,0.013366774655878544,0.02714896947145462,0.05458403378725052,0.8969249725341797,13.512425516732037,,,
m5b_smooth0,102,0.02003044541925192,0.008566864766180515,0.013973256573081017,0.02804916724562645,0.04456794634461403,0.9048420190811157,13.59189653582871,,,
m5b_smooth0,103,0.011287176981568336,0.009562158025801182,0.015510141849517822,0.031017906963825226,0.044710658490657806,0.8991984724998474,13.584046568721533,,,
m5b_smooth0,104,0.023756956681609154,0.010388619266450405,0.01709354668855667,0.03383458033204079,0.05136347934603691,0.887320876121521,13.523951064795256,,,
m5b_smooth0,105,0.012921147048473358,0.00998187717050314,0.016623780131340027,0.031635455787181854,0.04797857254743576,0.8937814831733704,13.55923354998231,,,
m5b_smooth0,106,0.03683605045080185,0.008576860651373863,0.014469784684479237,0.026313811540603638,0.03844089433550835,0.9121991991996765,13.647897907532752,,,
m5b_smooth0,107,0.013091842643916607,0.008184370584785938,0.013906766660511494,0.024145329371094704,0.03501906245946884,0.918745219707489,13.68497150298208,,,
m5b_smooth0,108,0.0073028309270739555,0.00821894221007824,0.014358947984874249,0.024375775828957558,0.03795325383543968,0.9150937795639038,13.657608498819172,,,
m5b_smooth0,109,0.028184174560010433,0.009237095713615417,0.016222674399614334,0.027097860351204872,0.046440184116363525,0.9010004997253418,13.590830283239484,,,
m5b_smooth0,110,0.004366685636341572,0.008924492634832859,0.015525469556450844,0.025924796238541603,0.04695846512913704,0.9026660323143005,13.594803124666214,,,
m5b_smooth0,111,0.005430113524198532,0.009076857008039951,0.015301411971449852,0.025697549805045128,0.04952160269021988,0.9004027247428894,13.589294847100973,,,
m5b_smooth0,112,0.005966180004179478,0.008684656582772732,0.014167406596243382,0.024241045117378235,0.05046510323882103,0.9024426937103271,13.59542337153107,,,
m5b_smooth0,113,0.00235074944794178,0.008978409692645073,0.013968972489237785,0.024278786033391953,0.04948780685663223,0.9032862186431885,13.617931621149182,,,
m5b_smooth0,114,0.012072339653968811,0.010386095382273197,0.015570021234452724,0.027306515723466873,0.04806568846106529,0.8986724615097046,13.638529571704566,,,
m5b_smooth0,115,0.023154018446803093,0.009912041947245598,0.014767302200198174,0.02604796178638935,0.03902329131960869,0.9102487564086914,13.704279333353043,,,
m5b_smooth0,116,0.02807937003672123,0.008927070535719395,0.013184604234993458,0.023556159809231758,0.03004368394613266,0.9242890477180481,13.769829771481454,,,
m5b_smooth0,117,0.02164511103183031,0.007842706516385078,0.01159736979752779,0.020801659673452377,0.02464696764945984,0.9351113438606262,13.808652327395976,,,
m5b_smooth0,118,0.0026295152492821217,0.007783384528011084,0.011492009274661541,0.02050822041928768,0.025962140411138535,0.9342551231384277,13.801326449029148,,,
m5b_smooth0,119,0.022911138366907835,0.008487163111567497,0.01255611889064312,0.022368526086211205,0.03378865495324135,0.9227986931800842,13.744593773037195,,,
m5b_smooth0.001,4,,0.20000606775283813,0.20000606775283813,0.20000606775283813,0.20000606775283813,0.20000606775283813,17.00051575899124,,,
m5b_smooth0.001,5,0.32058271393179893,0.24626876413822174,0.03969927504658699,0.2214938998222351,0.24626876413822174,0.24626876413822174,20.651950869709253,,,
m5b_smooth0.001,6,0.3833000725135207,0.31015220284461975,0.01079916674643755,0.05874425172805786,0.31015220284461975,0.31015220284461975,25.30936035234481,,,
m5b_smooth0.001,7,0.0721034393645823,0.3221694827079773,0.006941212806850672,0.02655060589313507,0.3221694827079773,0.3221694827079773,26.182321129832417,,,
m5b_smooth0.001,8,0.005366068799048662,0.3225824236869812,0.008385437540709972,0.023867584764957428,0.3225824236869812,0.3225824236869812,26.20916451048106,,,
m5b_smooth0.001,9,0.0898535056039691,0.33579787611961365,0.015238037332892418,0.03551052510738373,0.27765536308288574,0.33579787611961365,26.914399987086654,,,
m5b_smooth0.001,10,0.20486499555408955,0.37367117404937744,0.025147557258605957,0.05228716880083084,0.17522312700748444,0.37367117404937744,29.06023783236742,,,
m5b_smooth0.001,11,0.17735215462744236,0.41244587302207947,0.02951580472290516,0.05904521048069,0.08654665946960449,0.41244587302207947,31.333472656086087,,,
m5b_smooth0.001,12,0.09177562966942787,0.435389906167984,0.02668011002242565,0.05323747918009758,0.04930252209305763,0.435389906167984,32.75036325864494,,,
m5b_smooth0.001,13,0.02127121575176716,0.440707802772522,0.025106213986873627,0.05212559551000595,0.041352879256010056,0.440707802772522,33.08333056047559,,,
m5b_smooth0.001,14,0.021071134135127068,0.445975661277771,0.022958269342780113,0.0448743999004364,0.0402166023850441,0.445975661277771,33.44129662029445,,,
m5b_smooth0.001,15,0.01861271820962429,0.44184139370918274,0.023837175220251083,0.04383644089102745,0.048643920570611954,0.44184139370918274,33.19211707636714,,,
m5b_smooth0.001,16,0.046097200363874435,0.43655872344970703,0.025800243020057678,0.047139063477516174,0.06642664223909378,0.42407527565956116,32.76278119534254,,,
m5b_smooth0.001,17,0.1792015302926302,0.5106191039085388,0.024989595636725426,0.04723518341779709,0.08187126368284225,0.3352855145931244,36.07093743048608,,,
m5b_smooth0.001,18,0.19511238858103752,0.5766264200210571,0.023402554914355278,0.05160671845078468,0.10904818773269653,0.2393159419298172,38.889568412676454,,,
m5b_smooth0.001,19,0.12382142432034016,0.6250877380371094,0.021464571356773376,0.053509242832660675,0.1205953061580658,0.17934346199035645,41.04223219305277,,,
m5b_smooth0.001,20,0.11459621787071228,0.6817293167114258,0.018639862537384033,0.04959996044635773,0.12125188857316971,0.12877939641475677,43.72287351638079,,,
m5b_smooth0.001,21,0.17804062366485596,0.7707493305206299,0.014385346323251724,0.034274596720933914,0.09447132050991058,0.08611923456192017,48.2291374951601,,,
m5b_smooth0.001,22,0.06638755928725004,0.803900957107544,0.014427675865590572,0.028419557958841324,0.08373145014047623,0.06952054053544998,49.893151494674385,,,
m5b_smooth0.001,23,0.056253508664667606,0.7757742404937744,0.02223145216703415,0.034740645438432693,0.09028249233961105,0.07697142660617828,48.38248523697257,,,
m5b_smooth0.001,24,0.049616485834121704,0.7946779727935791,0.02722010761499405,0.03565600886940956,0.0700301080942154,0.0724150761961937,49.31888832524419,,,
m5b_smooth0.001,25,0.10740074515342712,0.8483783602714539,0.021376239135861397,0.029471831396222115,0.04229694977402687,0.05847592279314995,52.12723491713405,,,
m5b_smooth0.001,26,0.03671533614397049,0.8641584515571594,0.015996888279914856,0.026358429342508316,0.032432351261377335,0.061053816229104996,53.02635915577412,,,
m5b_smooth0.001,27,0.025753196328878403,0.853055477142334,0.014223005622625351,0.027302805334329605,0.033295758068561554,0.07212237268686295,52.522243574261665,,,
m5b_smooth0.001,28,0.0773896835744381,0.8143612742424011,0.018458068370819092,0.034679215401411057,0.04545183479785919,0.08705030381679535,50.52103926613927,,,
m5b_smooth0.001,29,0.01244453713297844,0.8113714456558228,0.018645409494638443,0.032625503838062286,0.051486674696207047,0.08587148785591125,50.3614162132144,,,
m5b_smooth0.001,30,0.03436331823468208,0.8285533785820007,0.0184920784085989,0.030490292236208916,0.05138680338859558,0.07107851654291153,51.1779725253582,,,
m5b_smooth0.001,31,0.014664435759186745,0.8212202787399292,0.02065214328467846,0.031374722719192505,0.05555024743080139,0.07120191305875778,50.77367155067623,,,
m5b_smooth0.001,32,0.013995574787259102,0.8282179236412048,0.019039252772927284,0.030831223353743553,0.05483570322394371,0.06707491725683212,51.127507105469704,,,
m5b_smooth0.001,33,0.017637446522712708,0.8211793899536133,0.017260439693927765,0.03308294340968132,0.054854195564985275,0.07362480461597443,50.80199930071831,,,
m5b_smooth0.001,34,0.010238401591777802,0.826298177242279,0.017232980579137802,0.03293069824576378,0.051485203206539154,0.07205388695001602,51.06306654959917,,,
m5b_smooth0.001,35,0.034588027745485306,0.8434491157531738,0.017375700175762177,0.028539467602968216,0.04397481679916382,0.06666113436222076,51.951020646840334,,,
m5b_smooth0.001,36,0.0318404883146286,0.8275289535522461,0.022062405943870544,0.029640953987836838,0.04834479093551636,0.0724232941865921,51.11506213620305,,,
m5b_smooth0.001,37,0.04791484586894512,0.8035717606544495,0.024584142491221428,0.03222758695483208,0.055708639323711395,0.08390872925519943,49.90025522746146,,,
m5b_smooth0.001,38,0.012508122250437737,0.7993897199630737,0.022511858493089676,0.033106666058301926,0.05737268552184105,0.08761940151453018,49.71349547430873,,,
m5b_smooth0.001,39,0.023419545963406563,0.7887730598449707,0.02141898311674595,0.03820343315601349,0.0638209879398346,0.08778434246778488,49.13814058341086,,,
m5b_smooth0.001,40,0.03457666002213955,0.8060607314109802,0.020139455795288086,0.037492211908102036,0.06002449989318848,0.07628259062767029,49.98438774421811,,,
m5b_smooth0.001,41,0.05199140124022961,0.7800647616386414,0.0230035912245512,0.042574506253004074,0.06610125303268433,0.08825483918190002,48.652889328077435,,,
m5b_smooth0.001,42,0.09072468802332878,0.8254277110099792,0.018071142956614494,0.03233909606933594,0.04748940467834473,0.07667280733585358,51.04659622721374,,,
m5b_smooth0.001,43,0.027661940082907677,0.8121070861816406,0.01776031032204628,0.033918704837560654,0.04729051887989044,0.08892479538917542,50.421922363340855,,,
m5b_smooth0.001,44,0.020630380138754845,0.8017916679382324,0.018177209421992302,0.03888816386461258,0.049241796135902405,0.09190212190151215,49.87366405688226,,,
m5b_smooth0.001,45,0.011891741305589676,0.795845627784729,0.01965595968067646,0.04168355092406273,0.04963420704007149,0.09318127483129501,49.547421576455235,,,
m5b_smooth0.001,46,0.04740598797798157,0.8195482492446899,0.017746349796652794,0.03257123753428459,0.04211486130952835,0.08801917731761932,50.81542752869427,,,
m5b_smooth0.001,47,0.03146682493388653,0.8352815508842468,0.01580442115664482,0.02512555941939354,0.0368933267891407,0.08689479529857635,51.68285457417369,,,
m5b_smooth0.001,48,0.011293381452560425,0.8331108689308167,0.017123157158493996,0.026128044351935387,0.04021880403161049,0.08341879397630692,51.53155416995287,,,
m5b_smooth0.001,49,0.021260080859065056,0.8295871019363403,0.01885075308382511,0.029705539345741272,0.045544132590293884,0.07631289958953857,51.270383009687066,,,
m5b_smooth0.001,50,0.021968865767121315,0.8287091255187988,0.021373730152845383,0.03543713316321373,0.048274051398038864,0.06620649993419647,51.11504201963544,,,
m5b_smooth0.001,51,0.021434945985674858,0.8394266963005066,0.0201407577842474,0.03437693789601326,0.04623936861753464,0.05981697514653206,51.649986581876874,,,
m5b_smooth0.001,52,0.044193604961037636,0.8189069032669067,0.018563568592071533,0.03562422841787338,0.05199006572365761,0.07491561025381088,50.67259945347905,,,
m5b_smooth0.001,53,0.10365742817521095,0.7670780420303345,0.01889421045780182,0.0382966548204422,0.06348977982997894,0.11224139481782913,48.17427468299866,,,
m5b_smooth0.001,54,0.10210445523262024,0.8181297779083252,0.01632343977689743,0.030712682753801346,0.05266312137246132,0.08217007666826248,50.71527108550072,,,
m5b_smooth0.001,55,0.0711799394339323,0.8534929156303406,0.01615215465426445,0.03094022534787655,0.041787486523389816,0.057627737522125244,52.41784849949181,,,
m5b_smooth0.001,56,0.06515716016292572,0.8209139108657837,0.01999899186193943,0.04205486550927162,0.051239460706710815,0.06579244136810303,50.680768644437194,,,
m5b_smooth0.001,57,0.04218132607638836,0.8049039840698242,0.01859869807958603,0.0383748859167099,0.053969793021678925,0.08415323495864868,49.983896240592,,,
m5b_smooth0.001,58,0.05097411572933197,0.8223792910575867,0.01581311598420143,0.026546791195869446,0.04309562221169472,0.09216419607400894,51.030179053545,,,
m5b_smooth0.001,59,0.12379910424351692,0.7604801654815674,0.021164029836654663,0.03610847890377045,0.06078371778130531,0.12146347761154175,47.88427410647273,,,
m5b_smooth0.001,60,0.03208865597844124,0.7650984525680542,0.0205656960606575,0.041309699416160583,0.06700954586267471,0.10601849108934402,48.00372764468193,,,
m5b_smooth0.001,61,0.602258138358593,0.4773242175579071,0.20026321709156036,0.14097096025943756,0.08877884596586227,0.09266266971826553,31.181358449161053,,,
m5b_smooth0.001,62,1.3342414097860456,0.017412545159459114,0.8673838973045349,0.10502894967794418,0.005766143091022968,0.0044083259999752045,2.329303021542728,,,
m5b_smooth0.001,63,1.300544912344776,0.0022797822020947933,0.23901090025901794,0.755301833152771,0.002372939372435212,0.001035260851494968,2.6728075593709946,,,
m5b_smooth0.001,64,0.4679606923891697,0.0001297215058002621,0.0100121283903718,0.9892815947532654,0.00044299301225692034,0.0001331089879386127,2.9906046799151227,,,
m5b_smooth0.001,65,0.01863938417409372,1.8215347154182382e-05,0.0011458974331617355,0.9986011385917664,0.00018725445261225104,4.67443278466817e-05,3.000007435795851,,,
m5b_smooth0.001,66,0.0016942055563049507,6.967861736484338e-06,0.0003282529069110751,0.9994493126869202,0.00017286416550632566,4.3995165469823405e-05,3.0009202441469824,,,
m5b_smooth0.001,67,0.00031301607259592856,4.865357823291561e-06,0.00017471583851147443,0.9995192885398865,0.00023285270435735583,7.140727393561974e-05,3.0016541736931686,,,
m5b_smooth0.001,68,0.00028976268231417635,4.612119482771959e-06,0.00013109315477777272,0.999417245388031,0.0003195505414623767,0.00012855304521508515,3.002696152911085,,,
m5b_smooth0.001,69,0.0008117320621749968,6.940739694982767e-06,0.00014840331277810037,0.9990111589431763,0.0005313829751685262,0.00030272745061665773,3.0055561896588188,,,
m5b_smooth0.001,70,0.0015194658271866501,1.280369997402886e-05,0.00020863649842794985,0.99825119972229,0.0008497381350025535,0.0006777827511541545,3.011167583124916,,,
m5b_smooth0.001,71,0.002870678582439723,2.706133273022715e-05,0.00033993710530921817,0.9968156218528748,0.0013665326405316591,0.001450530719012022,3.022283641177637,,,
m5b_smooth0.001,72,0.0069380298500618665,7.352409738814458e-05,0.0006758647505193949,0.9933468699455261,0.002555121900513768,0.0033488289918750525,3.0498973796202336,,,
m5b_smooth0.001,73,0.016428139533672947,0.00018774185446090996,0.0013653741916641593,0.9851323962211609,0.005162145011126995,0.008151744492352009,3.1182865120936185,,,
m5b_smooth0.001,74,0.09066595465992577,0.0006343265413306653,0.003511097515001893,0.9397997260093689,0.017168791964650154,0.03888607397675514,3.5255564474500716,,,
m5b_smooth0.001,75,1.2272019141237251,0.0011787087423726916,0.00529916025698185,0.3261985182762146,0.06819690763950348,0.5991262197494507,9.919762669596821,,,
m5b_smooth0.001,76,0.7535886435798602,0.00023621231957804412,0.0007837667362764478,0.0072821155190467834,0.015777133405208588,0.9759207963943481,13.810133935825434,,,
m5b_smooth0.001,77,0.03699946533743059,9.658114140620455e-05,0.0002574337413534522,0.0006698092329315841,0.00455578975379467,0.9944206476211548,13.96184132489725,,,
m5b_smooth0.001,78,0.005625590645649936,8.849424193613231e-05,0.00020124067668803036,0.00021258025662973523,0.002264808863401413,0.9972337484359741,13.983274776110193,,,
m5b_smooth0.001,79,0.0006901526066940278,0.00017288760864175856,0.0003392234502825886,0.00018891869694925845,0.0019428238738328218,0.9973558783531189,13.98786130012013,,,
m5b_smooth0.001,80,0.002634585544001311,0.000472446670755744,0.000833877653349191,0.00027990303351543844,0.0023753067944198847,0.9960389733314514,13.9911931612005,,,
m5b_smooth0.001,81,0.011750082281650975,0.001790719456039369,0.002889984054490924,0.0006974056013859808,0.004458277486264706,0.9901637434959412,14.00592571956804,,,
m5b_smooth0.001,82,0.048070361430291086,0.008188243955373764,0.01161090936511755,0.00228498806245625,0.011787093244493008,0.9661282300949097,14.118065384915099,,,
m5b_smooth0.001,83,0.09429387585259974,0.021384064108133316,0.029509562999010086,0.005350641440600157,0.024773985147476196,0.9189813733100891,14.36776245618239,,,
m5b_smooth0.001,84,0.053062659688293934,0.02576158195734024,0.03796190768480301,0.007659472990781069,0.03616631403565407,0.8924497365951538,14.354095754679292,,,
m5b_smooth0.001,85,0.058576087933033705,0.014213134534657001,0.025515910238027573,0.006504781544208527,0.03202759474515915,0.9217379689216614,14.026343055069447,,,
m5b_smooth0.001,86,0.04117957130074501,0.007712120655924082,0.01650732010602951,0.0053741042502224445,0.028078371658921242,0.9423280358314514,13.88449797546491,,,
m5b_smooth0.001,87,0.012364425230771303,0.005250033922493458,0.012838363647460938,0.005322675686329603,0.028254620730876923,0.948333740234375,13.818263134453446,,,
m5b_smooth0.001,88,0.011958718299865723,0.004950535949319601,0.012764642015099525,0.006704011932015419,0.032853323966264725,0.9427282810211182,13.75807803682983,,,
m5b_smooth0.001,89,0.016416887287050486,0.005178376100957394,0.013851308263838291,0.009007833898067474,0.03744354844093323,0.9345199465751648,13.696961467154324,,,
m5b_smooth0.001,90,0.01794038387015462,0.005597149487584829,0.015208822675049305,0.01210707612335682,0.04153784364461899,0.9255493879318237,13.635815356858075,,,
m5b_smooth0.001,91,0.02228677412495017,0.0063284579664468765,0.016770239919424057,0.016330957412719727,0.04616522043943405,0.9144065976142883,13.57031949982047,,,
m5b_smooth0.001,92,0.026007712818682194,0.007483306340873241,0.018891064450144768,0.02197951264679432,0.0502442829310894,0.9014021754264832,13.505168419331312,,,
m5b_smooth0.001,93,0.005831280257552862,0.007553684059530497,0.018399884924292564,0.024824008345603943,0.04783407598733902,0.9013871550559998,13.500351656228304,,,
m5b_smooth0.001,94,0.0094183967448771,0.007825332693755627,0.01789775677025318,0.026904424652457237,0.050191979855298996,0.8971808552742004,13.480006825178862,,,
m5b_smooth0.001,95,0.002351936884224415,0.007841451093554497,0.016721932217478752,0.027366414666175842,0.05068899691104889,0.8973818421363831,13.487477010115981,,,
m5b_smooth0.001,96,0.01441725017502904,0.007294944953173399,0.014828333631157875,0.025683818385004997,0.04760309308767319,0.9045904874801636,13.52706496231258,,,
m5b_smooth0.001,97,0.009054454509168863,0.007413587532937527,0.014289137907326221,0.025785040110349655,0.05190974473953247,0.9006017446517944,13.508252148516476,,,
m5b_smooth0.001,98,0.014026809483766556,0.00781258288770914,0.014079892076551914,0.026724794879555702,0.05758492648601532,0.8937981128692627,13.479277315549552,,,
m5b_smooth0.001,99,0.0016688816249370575,0.007905744947493076,0.013545832596719265,0.026425078511238098,0.057637542486190796,0.8944874405860901,13.493452730588615,,,
m5b_smooth0.001,100,0.0028372257947921753,0.008353274315595627,0.013608964160084724,0.02733222208917141,0.05728021636605263,0.8934253454208374,13.505718439817429,,,
m5b_smooth0.001,101,0.013254603371024132,0.008085587061941624,0.013100598938763142,0.026516929268836975,0.05224410071969032,0.9000524878501892,13.544230145402253,,,
m5b_smooth0.001,102,0.013938955031335354,0.008528062142431736,0.013583054766058922,0.026956832036376,0.045275259763002396,0.9056577682495117,13.602272853255272,,,
m5b_smooth0.001,103,0.01321024727076292,0.009424487128853798,0.01502961479127407,0.029539920389652252,0.04695327207446098,0.8990516066551208,13.584514001384377,,,
m5b_smooth0.001,104,0.022553879767656326,0.010170891880989075,0.016547512263059616,0.03205150365829468,0.05345454439520836,0.8877748847007751,13.525985732674599,,,
m5b_smooth0.001,105,0.008251427672803402,0.009963172487914562,0.016490019857883453,0.030722929164767265,0.050922974944114685,0.8919009566307068,13.549523374065757,,,
m5b_smooth0.001,106,0.03205615282058716,0.008816546760499477,0.014823108911514282,0.026470603421330452,0.04196079075336456,0.9079290628433228,13.627960139885545,,,
m5b_smooth0.001,107,0.0027720462530851364,0.008831439539790154,0.015024355612695217,0.025762775912880898,0.04128263145685196,0.9090989828109741,13.638563235290349,,,
m5b_smooth0.001,108,0.007917668670415878,0.008866299875080585,0.015583278611302376,0.026268165558576584,0.04414236545562744,0.905140221118927,13.607325421646237,,,
m5b_smooth0.001,109,0.021548873744904995,0.009614875540137291,0.017076438292860985,0.02847517840564251,0.05046764016151428,0.8943653702735901,13.553783170878887,,,
m5b_smooth0.001,110,0.02424254734069109,0.008635321632027626,0.015190635807812214,0.025410102680325508,0.0442773811519146,0.906487226486206,13.610303080640733,,,
m5b_smooth0.001,111,0.003355947323143482,0.008666682057082653,0.014755715616047382,0.024947283789515495,0.04592418298125267,0.9057071805000305,13.610968298278749,,,
m5b_smooth0.001,112,0.0059389593079686165,0.008282952010631561,0.013614709489047527,0.023505156859755516,0.04592123255133629,0.9086763262748718,13.624024496413767,,,
m5b_smooth0.001,113,0.008295982144773006,0.00890277698636055,0.013916444033384323,0.0244736485183239,0.04817885905504227,0.904528021812439,13.62214832752943,,,
m5b_smooth0.001,114,0.015452099032700062,0.01052605826407671,0.015817511826753616,0.028074096888303757,0.04878014698624611,0.8968020081520081,13.628292441368103,,,
m5b_smooth0.001,115,0.027947559021413326,0.009825536981225014,0.014628717675805092,0.026029208675026894,0.03874056413769722,0.9107757806777954,13.704293441027403,,,
m5b_smooth0.001,116,0.024243605323135853,0.00892121996730566,0.01313864253461361,0.02365967258810997,0.03138292208313942,0.9228978157043457,13.759640732780099,,,
m5b_smooth0.001,117,0.014253053814172745,0.008132155984640121,0.011976613663136959,0.021693890914320946,0.028173252940177917,0.9300243258476257,13.782540977932513,,,
m5b_smooth0.001,118,0.010007369332015514,0.008396758697926998,0.01235948409885168,0.022341201081871986,0.031882088631391525,0.9250205755233765,13.756651286967099,,,
m5b_smooth0.001,119,0.021905074827373028,0.009039399214088917,0.01336192712187767,0.024118339642882347,0.03941240906715393,0.9140680432319641,13.700920367613435,,,
m5b_smooth0.01,4,,0.20000606775283813,0.20000606775283813,0.20000606775283813,0.20000606775283813,0.20000606775283813,17.00051575899124,,,
m5b_smooth0.01,5,0.31127502396702766,0.2468549758195877,0.04435379430651665,0.2150820940732956,0.2468549758195877,0.2468549758195877,20.684853117913008,,,
m5b_smooth0.01,6,0.2681310139596462,0.2915433645248413,0.01664915680885315,0.10872088372707367,0.2915433645248413,0.2915433645248413,23.95782433450222,,,
m5b_smooth0.01,7,0.08082222007215023,0.30501365661621094,0.013606132939457893,0.07135256379842758,0.30501365661621094,0.30501365661621094,24.933770010247827,,,
m5b_smooth0.01,8,0.011547809466719627,0.3030894100666046,0.017320387065410614,0.07341337949037552,0.3030894100666046,0.3030894100666046,24.78780274093151,,,
m5b_smooth0.01,9,0.04545031115412712,0.2930605113506317,0.025766130536794662,0.08769159018993378,0.3004208505153656,0.2930605113506317,24.078264694660902,,,
m5b_smooth0.01,10,0.12084910459816456,0.3225264549255371,0.027259042486548424,0.06532187014818192,0.26236626505851746,0.3225264549255371,25.926746172830462,,,
m5b_smooth0.01,11,0.11809181794524193,0.35204944014549255,0.026390912011265755,0.052129313349723816,0.21738110482692719,0.35204944014549255,27.756105156615376,,,
m5b_smooth0.01,12,0.06067989394068718,0.36721912026405334,0.026289617642760277,0.047250568866729736,0.19202060997486115,0.36721912026405334,28.686400493606925,,,
m5b_smooth0.01,13,0.04853173531591892,0.37690120935440063,0.028099041432142258,0.050343144685029984,0.16775505244731903,0.37690120935440063,29.244103334844112,,,
m5b_smooth0.01,14,0.03869623318314552,0.3865754008293152,0.02735421434044838,0.046264342963695526,0.15323083102703094,0.3865754008293152,29.845342721790075,,,
m5b_smooth0.01,15,0.0049138423055410385,0.38733577728271484,0.027244610711932182,0.04720015078783035,0.15088315308094025,0.38733577728271484,29.887874653562903,,,
m5b_smooth0.01,16,0.0678497664630413,0.3534106910228729,0.02755832113325596,0.052159376442432404,0.15622924268245697,0.4106414318084717,28.23126265592873,,,
m5b_smooth0.01,17,0.03736487962305546,0.34993213415145874,0.02515604719519615,0.04908817633986473,0.1464991420507431,0.4293241798877716,28.20438113808632,,,
m5b_smooth0.01,18,0.04121802933514118,0.3495674133300781,0.02431708760559559,0.05056782439351082,0.16562826931476593,0.4099186062812805,28.048323733732104,,,
m5b_smooth0.01,19,0.2689908295869827,0.48406270146369934,0.024003127589821815,0.04877076670527458,0.15212410688400269,0.29103824496269226,34.35348169319332,,,
m5b_smooth0.01,20,0.03854355402290821,0.5012844800949097,0.023380741477012634,0.0508212186396122,0.15187968313694,0.27263373136520386,35.13294322416186,,,
m5b_smooth0.01,21,0.04872375726699829,0.48281803727149963,0.02275751158595085,0.04931580275297165,0.14811301231384277,0.29699572920799255,34.33451845124364,,,
m5b_smooth0.01,22,0.042154550552368164,0.5038951635360718,0.022551394999027252,0.04000071808695793,0.13822264969348907,0.29532986879348755,35.47844007238746,,,
m5b_smooth0.01,23,0.08765139803290367,0.5453491806983948,0.024922948330640793,0.03802235797047615,0.13544155657291412,0.25626349449157715,37.395720683038235,,,
m5b_smooth0.01,24,0.29829330928623676,0.6944965124130249,0.024062199518084526,0.03409521281719208,0.10321992635726929,0.1441270411014557,44.53645664267242,,,
m5b_smooth0.01,25,0.1357774455100298,0.7617248296737671,0.022975724190473557,0.03475535660982132,0.08033347874879837,0.10021097958087921,47.79601963981986,,,
m5b_smooth0.01,26,0.04486951231956482,0.7824591398239136,0.021192844957113266,0.03645546734333038,0.07112167030572891,0.08877057582139969,48.81874739006162,,,
m5b_smooth0.01,27,0.025052232667803764,0.7949855923652649,0.018880395218729973,0.03433139622211456,0.06561794131994247,0.0861850455403328,49.486926352605224,,,
m5b_smooth0.01,28,0.06085463427007198,0.7645580768585205,0.02250801771879196,0.039451275020837784,0.07444989681243896,0.09903270751237869,47.92195363715291,,,
m5b_smooth0.01,29,0.04258891940116882,0.78585284948349,0.020361077040433884,0.034717708826065063,0.06891375035047531,0.0901552140712738,49.02025442197919,,,
m5b_smooth0.01,30,0.02882532775402069,0.8002651929855347,0.019820090383291245,0.03250633180141449,0.0641806349158287,0.08322770893573761,49.74770303443074,,,
m5b_smooth0.01,31,0.06442245468497276,0.8324762582778931,0.019231827929615974,0.026990672573447227,0.05441948026418686,0.06688139587640762,51.366055246442556,,,
m5b_smooth0.01,32,0.005058476701378822,0.8315427303314209,0.01916632242500782,0.028118960559368134,0.05582103878259659,0.06535179913043976,51.3017594832927,,,
m5b_smooth0.01,33,0.03890614025294781,0.8127240538597107,0.018532026559114456,0.032689765095710754,0.0628664419054985,0.07318875938653946,50.34475227817893,,,
m5b_smooth0.01,34,0.004622858017683029,0.8145679235458374,0.018495965749025345,0.03210446983575821,0.06117663159966469,0.0736565813422203,50.44831334799528,,,
m5b_smooth0.01,35,0.01690702885389328,0.8225691914558411,0.018947338685393333,0.028723830357193947,0.057277556508779526,0.0724819079041481,50.87495992332697,,,
m5b_smooth0.01,36,0.04140928015112877,0.8432729244232178,0.018881749361753464,0.024885497987270355,0.050267744809389114,0.06269009411334991,51.91944923996925,,,
m5b_smooth0.01,37,0.02457897551357746,0.8309840559959412,0.02110733650624752,0.027960143983364105,0.053541380912065506,0.06640633195638657,51.26850944198668,,,
m5b_smooth0.01,38,0.02036021649837494,0.8208042979240417,0.022008469328284264,0.031237352639436722,0.05594500154256821,0.07000482827425003,50.73566100932658,,,
m5b_smooth0.01,39,0.003214186057448387,0.8201051950454712,0.021133027970790863,0.031204618513584137,0.057351354509592056,0.07020538300275803,50.70539342984557,,,
m5b_smooth0.01,40,0.019714612513780594,0.829962968826294,0.019685430452227592,0.029731912538409233,0.05486853048205376,0.06575167179107666,51.21126241609454,,,
m5b_smooth0.01,41,0.048301808536052704,0.8058120012283325,0.021784812211990356,0.03587302565574646,0.06207282841205597,0.07445771992206573,49.95504184067249,,,
m5b_smooth0.01,42,0.011883050203323364,0.8113837242126465,0.020540468394756317,0.03539238125085831,0.057856082916259766,0.07482731342315674,50.26231603324413,,,
m5b_smooth0.01,43,0.009676085785031319,0.8097296357154846,0.019612928852438927,0.03656996786594391,0.0555993914604187,0.07848749309778214,50.20112161897123,,,
m5b_smooth0.01,44,0.054415058344602585,0.836937665939331,0.01680293120443821,0.03255350887775421,0.0448746457695961,0.068831667304039,51.60848927684128,,,
m5b_smooth0.01,45,0.023944035172462463,0.8249654173851013,0.01845773495733738,0.03669463470578194,0.045095402747392654,0.07478676736354828,50.98914924450219,,,
m5b_smooth0.01,46,0.0046786777675151825,0.8262151479721069,0.01841033436357975,0.03450874984264374,0.044989246875047684,0.07587627321481705,51.0720380153507,,,
m5b_smooth0.01,47,0.01011650450527668,0.8303412199020386,0.01724277436733246,0.030854452401399612,0.044752612709999084,0.07680821418762207,51.31886261329055,,,
m5b_smooth0.01,48,0.017153440043330193,0.8217650651931763,0.018203264102339745,0.031956207007169724,0.046935535967350006,0.08114033192396164,50.88448919542134,,,
m5b_smooth0.01,49,0.007669635117053986,0.8255448341369629,0.0182582288980484,0.031089426949620247,0.04635735973715782,0.07875038683414459,51.07122349180281,,,
m5b_smooth0.01,50,0.03841053135693073,0.8063388466835022,0.02152201533317566,0.03654652461409569,0.05131009593605995,0.0842813104391098,50.05060140788555,,,
m5b_smooth0.01,51,0.05082683265209198,0.831752598285675,0.019786488264799118,0.03249983489513397,0.04533287510275841,0.07062766700983047,51.32855935394764,,,
m5b_smooth0.01,52,0.018482448533177376,0.823079526424408,0.01921817474067211,0.03503822907805443,0.048512350767850876,0.07415086030960083,50.88680294714868,,,
m5b_smooth0.01,53,0.006087776273488998,0.824762225151062,0.01750204898416996,0.03371117636561394,0.04957679286599159,0.07444831728935242,50.99368307925761,,,
m5b_smooth0.01,54,0.032761842012405396,0.8411430716514587,0.016031211242079735,0.02967662736773491,0.046301163733005524,0.06684833765029907,51.833630265668035,,,
m5b_smooth0.01,55,0.017110077664256096,0.849374532699585,0.01599932834506035,0.029999829828739166,0.043153345584869385,0.06147262454032898,52.23116094246507,,,
m5b_smooth0.01,56,0.016978085041046143,0.8408858776092529,0.01725791022181511,0.032654061913490295,0.045636408030986786,0.0635661780834198,51.77775410190225,,,
m5b_smooth0.01,57,0.009772127494215965,0.8441803455352783,0.01621817611157894,0.02880743145942688,0.045894719660282135,0.06489916145801544,51.98331250064075,,,
m5b_smooth0.01,58,0.039464917965233326,0.86391282081604,0.015191742219030857,0.023563038557767868,0.03874780610203743,0.058584459125995636,53.01206717733294,,,
m5b_smooth0.01,59,0.057200328446924686,0.8353128433227539,0.018723033368587494,0.03044622205197811,0.04572845622897148,0.06978968530893326,51.52598708681762,,,
m5b_smooth0.01,60,0.021720727905631065,0.846173107624054,0.0170437004417181,0.028881141915917397,0.04276223108172417,0.06513985991477966,52.08536724001169,,,
m5b_smooth0.01,61,0.08325662091374397,0.8216906785964966,0.05201330408453941,0.03554018586874008,0.03385875001549721,0.05689779669046402,50.49365498125553,,,
m5b_smooth0.01,62,1.6787255592644215,0.03214089572429657,0.7767186760902405,0.15019652247428894,0.022394398227334023,0.018548080697655678,3.572195904329419,,,
m5b_smooth0.01,63,0.7927713888930157,0.0012720568338409066,0.4393843114376068,0.5465832352638245,0.009231365285813808,0.003529641078785062,2.269491959363222,,,
m5b_smooth0.01,64,0.8479065228857507,4.505255856201984e-05,0.027237121015787125,0.9705366492271423,0.001791871851310134,0.00039022028795443475,2.9595564092014683,,,
m5b_smooth0.01,65,0.05074079352289118,3.965697942476254e-06,0.003532838076353073,0.9959070086479187,0.00047804979840293527,7.897803880041465e-05,2.995943847028684,,,
m5b_smooth0.01,66,0.005420975449624166,1.146700242316001e-06,0.0011000426020473242,0.9986171722412109,0.00024174581631086767,4.0084636566461995e-05,2.9992737669663256,,,
m5b_smooth0.01,67,0.0010933287525745072,6.476200837823853e-07,0.000620358157902956,0.9991647005081177,0.00017992952780332416,3.6283963709138334e-05,2.999920799073834,,,
m5b_smooth0.01,68,0.0002914811852861021,5.42722148111352e-07,0.0004997014766559005,0.9993057250976562,0.00015551366959698498,4.156312206760049e-05,3.0001199194946366,,,
m5b_smooth0.01,69,0.00030486032176213484,7.339821763707732e-07,0.0005864396807737648,0.9991517663002014,0.00018877803813666105,7.227081368910149e-05,3.0004190151705643,,,
m5b_smooth0.01,70,0.0008052470588495453,1.2889344134237035e-06,0.0008486189763061702,0.998749852180481,0.0002593796525616199,0.00014226789062377065,3.0009829196192186,,,
m5b_smooth0.01,71,0.0017074639662268964,2.5875954179355176e-06,0.0013979722280055285,0.9978950023651123,0.0004005124210380018,0.0003030973603017628,3.0022851850399093,,,
m5b_smooth0.01,72,0.004198078301442365,6.916676284163259e-06,0.0026815831661224365,0.9957959651947021,0.0007653062348254025,0.0007494046585634351,3.0063332881909446,,,
m5b_smooth0.01,73,0.00821075197745813,1.6690899428795092e-05,0.005151371005922556,0.9916912317276001,0.001445210655219853,0.0016959566855803132,3.015086388339114,,,
m5b_smooth0.01,74,0.02203639412073244,5.1159862778149545e-05,0.011201516725122929,0.9806727170944214,0.0034707593731582165,0.00460367277264595,3.045035994204227,,,
m5b_smooth0.01,75,0.047118911643337924,0.00012025899923173711,0.02220967784523964,0.95711350440979,0.008212242275476456,0.01234462857246399,3.131076226971345,,,
m5b_smooth0.01,76,0.22021958514960716,0.00041800193139351904,0.053115397691726685,0.8470034003257751,0.032679423689842224,0.06678346544504166,3.782930196612142,,,
m5b_smooth0.01,77,1.3155304123356473,0.0006826544413343072,0.051532648503780365,0.1908208280801773,0.09445269405841827,0.6625106334686279,10.60127212619409,,,
m5b_smooth0.01,78,0.5821089149249019,0.00018120188906323165,0.007557192351669073,0.008691948838531971,0.030004173517227173,0.953565239906311,13.604447725520004,,,
m5b_smooth0.01,79,0.04915388656081632,9.997292363550514e-05,0.0026785668451339006,0.0014118388062343001,0.017666557803750038,0.9781415462493896,13.830560010799672,,,
m5b_smooth0.01,80,0.008842232389724813,9.650189895182848e-05,0.0019358897116035223,0.0005604812176898122,0.014843899756669998,0.9825636148452759,13.869205353432335,,,
m5b_smooth0.01,81,0.007293617585673928,0.00016569584840908647,0.002619881182909012,0.0005070516490377486,0.01773739792406559,0.9789701104164124,13.8438261183328,,,
m5b_smooth0.01,82,0.019983658974524587,0.00046852981904521585,0.005246932152658701,0.0008093258365988731,0.024497728794813156,0.9689789414405823,13.772975980537012,,,
m5b_smooth0.01,83,0.014813093526754528,0.0011428020661696792,0.010371733456850052,0.0013780028093606234,0.025535346940159798,0.961571216583252,13.723818326601759,,,
m5b_smooth0.01,84,0.038737948634661734,0.00321294367313385,0.022078020498156548,0.0029121499974280596,0.029594309628009796,0.9422028064727783,13.621590548893437,,,
m5b_smooth0.01,85,0.03642558236606419,0.006180400960147381,0.03513755649328232,0.005097865592688322,0.02572714164853096,0.9278571009635925,13.591344615910202,,,
m5b_smooth0.01,86,0.028023744001984596,0.009541003033518791,0.043275151401758194,0.007611269596964121,0.024153951555490494,0.9154181480407715,13.623500875663012,,,
m5b_smooth0.01,87,0.012313613202422857,0.01029872614890337,0.03827492147684097,0.008999944664537907,0.02299800142645836,0.9194291830062866,13.716192896477878,,,
m5b_smooth0.01,88,0.01923833880573511,0.00982438400387764,0.02913007326424122,0.009821590967476368,0.024762095883488655,0.9264625906944275,13.791868827305734,,,
m5b_smooth0.01,89,0.017597621306777,0.008465742692351341,0.02169019542634487,0.010022453032433987,0.02649197354912758,0.9333309531211853,13.811779274605215,,,
m5b_smooth0.01,90,0.011573203839361668,0.007284007966518402,0.017084740102291107,0.010412769392132759,0.028646251186728477,0.9365723729133606,13.797900505363941,,,
m5b_smooth0.01,91,0.011596876196563244,0.006877676583826542,0.014887266792356968,0.011739448644220829,0.03311801329255104,0.933377742767334,13.761880699545145,,,
m5b_smooth0.01,92,0.013748448342084885,0.0071745216846466064,0.014691624790430069,0.01434106845408678,0.03709365427494049,0.9266990423202515,13.72162830363959,,,
m5b_smooth0.01,93,0.005409769248217344,0.00683960085734725,0.013684753328561783,0.0156420785933733,0.03573061525821686,0.928102970123291,13.714542929083109,,,
m5b_smooth0.01,94,0.02626787731423974,0.007711776532232761,0.015129988081753254,0.019454017281532288,0.04273531958460808,0.9149691462516785,13.64491391647607,,,
m5b_smooth0.01,95,0.003655645065009594,0.007916889153420925,0.014987019822001457,0.021076416596770287,0.04187353327870369,0.9141457676887512,13.64438509941101,,,
m5b_smooth0.01,96,0.004199934657663107,0.007522562053054571,0.014375565573573112,0.02097511850297451,0.040880847722291946,0.9162459373474121,13.642263701185584,,,
m5b_smooth0.01,97,0.013444118201732635,0.007733978796750307,0.014927077107131481,0.022169271484017372,0.045645732432603836,0.9095237851142883,13.598326737992465,,,
m5b_smooth0.01,98,0.0011627674102783203,0.007740044500678778,0.014481667429208755,0.022594599053263664,0.04579627513885498,0.9093883633613586,13.598679147660732,,,
m5b_smooth0.01,99,0.006439353805035353,0.007974409498274326,0.014833902940154076,0.023897994309663773,0.047125909477472305,0.9061686396598816,13.581234777346253,,,
m5b_smooth0.01,100,0.004620007239282131,0.008123643696308136,0.014595843851566315,0.0244674663990736,0.04505405202507973,0.9077600240707397,13.59943556599319,,,
m5b_smooth0.01,101,0.001765921711921692,0.007756535895168781,0.014551722444593906,0.02418505772948265,0.044864095747470856,0.9086423516273499,13.587540642358363,,,
m5b_smooth0.01,102,0.012323468923568726,0.008471563458442688,0.0157530028373003,0.025868922472000122,0.047426000237464905,0.902480959892273,13.568369017913938,,,
m5b_smooth0.01,103,0.0077659981325268745,0.00848239567130804,0.015992160886526108,0.025863349437713623,0.04354846850037575,0.906113862991333,13.592959310859442,,,
m5b_smooth0.01,104,0.026159328408539295,0.009314553812146187,0.017925938591361046,0.028929248452186584,0.0507962591946125,0.8930341601371765,13.52163896895945,,,
m5b_smooth0.01,105,0.004280989058315754,0.00957846362143755,0.018453802913427353,0.02939639240503311,0.04865574091672897,0.8939157128334045,13.536760963499546,,,
m5b_smooth0.01,106,0.010952956974506378,0.009283463470637798,0.018065154552459717,0.028358647599816322,0.044900473207235336,0.8993920087814331,13.565940340980887,,,
m5b_smooth0.01,107,0.014797816053032875,0.0099414037540555,0.019254030659794807,0.03006666898727417,0.04874502494931221,0.8919935822486877,13.535063588991761,,,
m5b_smooth0.01,108,0.02446032129228115,0.008861144073307514,0.017591457813978195,0.027328208088874817,0.04199615493416786,0.9042237401008606,13.584350172430277,,,
m5b_smooth0.01,109,0.01581342425197363,0.009407371282577515,0.018478015437722206,0.02914622239768505,0.04665234312415123,0.8963173031806946,13.545367605984211,,,
m5b_smooth0.01,110,0.04360025655478239,0.007673095911741257,0.01486967597156763,0.023563016206026077,0.03577711433172226,0.9181165099143982,13.650015418417752,,,
m5b_smooth0.01,111,0.0043624397367239,0.00783491786569357,0.01464948058128357,0.023656750097870827,0.03770364448428154,0.9161563515663147,13.645829236134887,,,
m5b_smooth0.01,112,0.015032690018415451,0.007282847538590431,0.013136721216142178,0.021509625017642975,0.03439875692129135,0.9236721992492676,13.686838536523283,,,
m5b_smooth0.01,113,0.01886515412479639,0.008245781995356083,0.014146407134830952,0.023688454180955887,0.03967925161123276,0.9142389893531799,13.657059301622212,,,
m5b_smooth0.01,114,0.011051543056964874,0.009463048540055752,0.015475139953196049,0.026143526658415794,0.04020443186163902,0.908713698387146,13.665111432783306,,,
m5b_smooth0.01,115,0.024883057922124863,0.00861821323633194,0.013987215235829353,0.02339346334338188,0.03284607082605362,0.921155571937561,13.727360902354121,,,
m5b_smooth0.01,116,0.0066676149144768715,0.008885197341442108,0.014180664904415607,0.02408107928931713,0.035031531006097794,0.91782146692276,13.714256997220218,,,
m5b_smooth0.01,117,0.003163420595228672,0.008697585202753544,0.013748458586633205,0.023562626913189888,0.03458799049258232,0.919403076171875,13.720050451345742,,,
m5b_smooth0.01,118,0.0005362294614315033,0.008793739601969719,0.013676706701517105,0.023541903123259544,0.034412529319524765,0.9195752143859863,13.72686749882996,,,
m5b_smooth0.01,119,0.01165702287107706,0.008312012068927288,0.012865783646702766,0.021995289251208305,0.03142404556274414,0.9254044890403748,13.75320354104042,,,
m5b_smooth0.1,4,,0.20000606775283813,0.20000606775283813,0.20000606775283813,0.20000606775283813,0.20000606775283813,17.00051575899124,,,
m5b_smooth0.1,5,0.12243853509426117,0.2204074114561081,0.1439855992794037,0.1947920322418213,0.2204074114561081,0.2204074114561081,18.581362023949623,,,
m5b_smooth0.1,6,0.11761779338121414,0.21260985732078552,0.1085696592926979,0.25360122323036194,0.21260985732078552,0.21260985732078552,18.09077177196741,,,
m5b_smooth0.1,7,0.0474773570895195,0.21789520978927612,0.0848303884267807,0.26148325204849243,0.21789520978927612,0.21789520978927612,18.518792137503624,,,
m5b_smooth0.1,8,0.0698012262582779,0.2104417085647583,0.07229053974151611,0.29638412594795227,0.2104417085647583,0.2104417085647583,18.007221311330795,,,
m5b_smooth0.1,9,0.011904828250408173,0.21089473366737366,0.07589402049779892,0.29782670736312866,0.20448899269104004,0.21089473366737366,18.007007382810116,,,
m5b_smooth0.1,10,0.03571797162294388,0.203257218003273,0.07919208705425262,0.29524296522140503,0.21905012428760529,0.203257218003273,17.539305984973907,,,
m5b_smooth0.1,11,0.03480964154005051,0.21129940450191498,0.06560390442609787,0.29656362533569336,0.2152336984872818,0.21129940450191498,18.09808660298586,,,
m5b_smooth0.1,12,0.05216582119464874,0.22382381558418274,0.0600200816988945,0.2975979745388031,0.19473488628864288,0.22382383048534393,18.878920771181583,,,
m5b_smooth0.1,13,0.13978155702352524,0.24561041593551636,0.05558568239212036,0.232141375541687,0.22105225920677185,0.24561041593551636,20.474546402692795,,,
m5b_smooth0.1,14,0.03473616763949394,0.24675610661506653,0.055293161422014236,0.21506577730178833,0.23612892627716064,0.24675610661506653,20.613344866782427,,,
m5b_smooth0.1,15,0.024155855178833008,0.24071720242500305,0.056710097938776016,0.22295501828193665,0.23890084028244019,0.24071724712848663,20.210954640060663,,,
m5b_smooth0.1,16,0.0423874631524086,0.23085638880729675,0.05948216840624809,0.232895627617836,0.24738198518753052,0.2293844223022461,19.55260818824172,,,
m5b_smooth0.1,17,0.06445840373635292,0.250731498003006,0.05182572454214096,0.21738357841968536,0.23832102119922638,0.24173825979232788,20.80044912546873,,,
m5b_smooth0.1,18,0.037852250039577484,0.2628244161605835,0.05025587975978851,0.2219274640083313,0.22096480429172516,0.24402764439582825,21.448643893003464,,,
m5b_smooth0.1,19,0.054101765155792236,0.2633668780326843,0.047444701194763184,0.19768796861171722,0.2228517383337021,0.2686493396759033,21.763574212789536,,,
m5b_smooth0.1,20,0.0337134450674057,0.26890361309051514,0.04639287292957306,0.19008637964725494,0.21464817225933075,0.27996906638145447,22.172972932457924,,,
m5b_smooth0.1,21,0.11126026138663292,0.2596500813961029,0.04487820342183113,0.153699591755867,0.2061726301908493,0.33559879660606384,22.226573426276445,,,
m5b_smooth0.1,22,0.05576499179005623,0.27896052598953247,0.045632101595401764,0.13769641518592834,0.21399110555648804,0.3237197995185852,23.226367838680744,,,
m5b_smooth0.1,23,0.06757652759552002,0.26198625564575195,0.05238061398267746,0.14392870664596558,0.23479889333248138,0.306906133890152,22.14362020045519,,,
m5b_smooth0.1,24,0.10077102854847908,0.28382623195648193,0.051202286034822464,0.12976466119289398,0.19975529611110687,0.3354512155056,23.564674276858568,,,
m5b_smooth0.1,25,0.021177425980567932,0.29380327463150024,0.05181436613202095,0.12407925724983215,0.194901242852211,0.33540236949920654,24.1121904887259,,,
m5b_smooth0.1,26,0.06868870556354523,0.2606002390384674,0.05178306624293327,0.12296918779611588,0.19522374868392944,0.36942416429519653,22.595209512859583,,,
m5b_smooth0.1,27,0.04917941614985466,0.23869937658309937,0.0522867888212204,0.12027981877326965,0.19690006971359253,0.3918333053588867,21.599055603146553,,,
m5b_smooth0.1,28,0.06454568356275558,0.25684499740600586,0.05710157752037048,0.11967415362596512,0.20621268451213837,0.3601663112640381,22.31264103204012,,,
m5b_smooth0.1,29,0.06244032829999924,0.27244365215301514,0.051356904208660126,0.1043398454785347,0.19607165455818176,0.37578797340393066,23.344528779387474,,,
m5b_smooth0.1,30,0.05461961403489113,0.28483936190605164,0.05103185400366783,0.1019071638584137,0.21098577976226807,0.35123592615127563,23.841318484395742,,,
m5b_smooth0.1,31,0.12147480249404907,0.3359745144844055,0.04699363186955452,0.08746930211782455,0.1687244325876236,0.3608381450176239,26.70067746564746,,,
m5b_smooth0.1,32,0.08117188885807991,0.31734156608581543,0.04408515244722366,0.08030055463314056,0.15684856474399567,0.40142399072647095,26.043356604874134,,,
m5b_smooth0.1,33,0.06374532729387283,0.32593733072280884,0.04540114849805832,0.08259793370962143,0.17651233077049255,0.36955156922340393,26.258743077516556,,,
m5b_smooth0.1,34,0.07009118050336838,0.2941373884677887,0.04721997678279877,0.08334072679281235,0.1732667088508606,0.40203556418418884,24.786850325763226,,,
m5b_smooth0.1,35,0.08871227875351906,0.3189908564090729,0.0433560349047184,0.0801970511674881,0.13591866195201874,0.42153871059417725,26.276371154934168,,,
m5b_smooth0.1,36,0.0713883675634861,0.3364771604537964,0.03845684975385666,0.0741792619228363,0.11114076524972916,0.4397459030151367,27.384052261710167,,,
m5b_smooth0.1,37,0.04970555379986763,0.356814980506897,0.039437633007764816,0.07762706279754639,0.11122704297304153,0.4148930311203003,28.268309388309717,,,
m5b_smooth0.1,38,0.2038429155945778,0.45520487427711487,0.04070333018898964,0.07552184164524078,0.1134931817650795,0.3150770664215088,32.785092514008284,,,
m5b_smooth0.1,39,0.011931881308555603,0.45333459973335266,0.04064561799168587,0.07925181835889816,0.11572933197021484,0.3110392987728119,32.64313256368041,,,
m5b_smooth0.1,40,0.027278751134872437,0.4457288086414337,0.039005380123853683,0.07485802471637726,0.11594723165035248,0.32446032762527466,32.36138318106532,,,
m5b_smooth0.1,41,0.005167111754417419,0.44519737362861633,0.03774091228842735,0.07489711046218872,0.11849170923233032,0.32367268204689026,32.33513417467475,,,
m5b_smooth0.1,42,0.030403729528188705,0.45833829045295715,0.0385875329375267,0.07611148804426193,0.11745854467153549,0.30950403213500977,32.92248568683863,,,
m5b_smooth0.1,43,0.012588713318109512,0.4556175470352173,0.03904050216078758,0.07615659385919571,0.11388463526964188,0.31530001759529114,32.81595579907298,,,
m5b_smooth0.1,44,0.046476300805807114,0.4788561463356018,0.03483383357524872,0.07101448625326157,0.10204390436410904,0.3132518231868744,34.07907892763615,,,
m5b_smooth0.1,45,0.014061644673347473,0.47519466280937195,0.033288486301898956,0.07090213149785995,0.10033214092254639,0.320282518863678,33.94395489990711,,,
m5b_smooth0.1,46,0.011145997792482376,0.46962183713912964,0.03380853310227394,0.07249369472265244,0.10267090052366257,0.3214053213596344,33.64697064831853,,,
m5b_smooth0.1,47,0.04885774478316307,0.48170772194862366,0.03382550925016403,0.0762917771935463,0.11119867861270905,0.2969762980937958,34.10122308135033,,,
m5b_smooth0.1,48,0.1989317238330841,0.5811738967895508,0.033481769263744354,0.0695572942495346,0.10104348510503769,0.21474416553974152,38.82631017267704,,,
m5b_smooth0.1,49,0.024388432502746582,0.5864508748054504,0.034299179911613464,0.07063571363687515,0.1060645654797554,0.20254962146282196,39.01140546798706,,,
m5b_smooth0.1,50,0.09332650527358055,0.5397874116897583,0.035890016704797745,0.07860851287841797,0.12279615551233292,0.22291743755340576,36.63937747105956,,,
m5b_smooth0.1,51,0.10576963797211647,0.5926722288131714,0.03057197481393814,0.0722566619515419,0.11279403418302536,0.1917046308517456,39.28109876066446,,,
m5b_smooth0.1,52,0.029571151360869408,0.5788942575454712,0.02956460602581501,0.07400397956371307,0.11880886554718018,0.1987282931804657,38.59909016080201,,,
m5b_smooth0.1,53,0.018036697059869766,0.587912380695343,0.027055969461798668,0.07315894216299057,0.11810369789600372,0.19376856088638306,39.06076137535274,,,
m5b_smooth0.1,54,0.011943075805902481,0.5852088332176208,0.02540009655058384,0.07154731452465057,0.11980849504470825,0.19803579151630402,38.963732579723,,,
m5b_smooth0.1,55,0.09020843915641308,0.5401041507720947,0.026027396321296692,0.075844906270504,0.1324160099029541,0.22560714185237885,36.745223216712475,,,
m5b_smooth0.1,56,0.023174485191702843,0.5285174250602722,0.02770131640136242,0.07923035323619843,0.1335025578737259,0.23104898631572723,36.14564159326255,,,
m5b_smooth0.1,57,0.04781289957463741,0.5052170753479004,0.02870258316397667,0.07862365990877151,0.13769587874412537,0.24976025521755219,35.03811280801892,,,
m5b_smooth0.1,58,0.13736912980675697,0.4366147816181183,0.028620578348636627,0.08192688971757889,0.15298137068748474,0.29985636472702026,31.740146845579147,,,
m5b_smooth0.1,59,0.054396623745560646,0.46197640895843506,0.030457334592938423,0.07796107977628708,0.14358341693878174,0.286021888256073,32.9923154655844,,,
m5b_smooth0.1,60,0.024872492998838425,0.4744127690792084,0.027191152796149254,0.07651574164628983,0.1368948221206665,0.28498587012290955,33.66957045905292,,,
m5b_smooth0.1,61,0.10186479799449444,0.5083510279655457,0.018556907773017883,0.06146155297756195,0.1096508651971817,0.30198001861572266,35.69927956163883,,,
m5b_smooth0.1,62,0.5752665996551514,0.31375229358673096,0.20001477003097534,0.13455340266227722,0.14273451268672943,0.20894551277160645,23.35319136083126,,,
m5b_smooth0.1,63,1.0308070443570614,0.051328886300325394,0.6825212240219116,0.16745050251483917,0.05323895812034607,0.045460984110832214,5.273732393980026,,,
m5b_smooth0.1,64,0.33757621236145496,0.019011082127690315,0.5865903496742249,0.33623814582824707,0.037533581256866455,0.02062647044658661,3.2874753698706627,,,
m5b_smooth0.1,65,0.4016687674447894,0.009895173832774162,0.4077640473842621,0.5370726585388184,0.03273080289363861,0.012537204660475254,3.0173289384692907,,,
m5b_smooth0.1,66,0.5482108392752707,0.005713744554668665,0.14545667171478271,0.81117844581604,0.029402337968349457,0.008249422535300255,3.2431249637156725,,,
m5b_smooth0.1,67,0.13706878013908863,0.004341968800872564,0.07974188029766083,0.877521812915802,0.03159293904900551,0.0068011777475476265,3.289192508906126,,,
m5b_smooth0.1,68,0.0294944797642529,0.003699983935803175,0.06616383045911789,0.8843299746513367,0.03953228145837784,0.006274236831814051,3.30571807641536,,,
m5b_smooth0.1,69,0.07189257489517331,0.00434991717338562,0.07581597566604614,0.8483837842941284,0.06367947161197662,0.007771352771669626,3.4365175990387797,,,
m5b_smooth0.1,70,0.028269448317587376,0.004528661724179983,0.06801006942987442,0.842054545879364,0.07705304771661758,0.008353335782885551,3.5222114454954863,,,
m5b_smooth0.1,71,0.013240693602710962,0.004706793464720249,0.06437936425209045,0.8390648365020752,0.08298759162425995,0.008860939182341099,3.568947771564126,,,
m5b_smooth0.1,72,0.01963189523667097,0.005276545882225037,0.06760191172361374,0.8292492628097534,0.08783804625272751,0.01003450620919466,3.627291863784194,,,
m5b_smooth0.1,73,0.027791917324066162,0.005102653056383133,0.06197630986571312,0.8431452512741089,0.07994414865970612,0.009831969626247883,3.594827862456441,,,
m5b_smooth0.1,74,0.037594050634652376,0.006060913670808077,0.060633204877376556,0.8256915807723999,0.09589330852031708,0.011721824295818806,3.7367214672267437,,,
m5b_smooth0.1,75,0.0142858880572021,0.0057706525549292564,0.05394992604851723,0.8310450911521912,0.09768220782279968,0.01155188586562872,3.738826209679246,,,
m5b_smooth0.1,76,0.13950621988624334,0.007591596804559231,0.06076120585203171,0.7612915635108948,0.15484243631362915,0.015512125566601753,4.1011985167860985,,,
m5b_smooth0.1,77,0.07468126434832811,0.008550077676773071,0.05438392981886864,0.7303295135498047,0.18897365033626556,0.017764369025826454,4.329893849790096,,,
m5b_smooth0.1,78,0.08640744257718325,0.008982769213616848,0.049428172409534454,0.6920806765556335,0.2304757833480835,0.019032392650842667,4.544420335441828,,,
m5b_smooth0.1,79,0.021771524101495743,0.009558628313243389,0.04978131502866745,0.6811952590942383,0.2384488731622696,0.021016407757997513,4.630256611853838,,,
m5b_smooth0.1,80,0.03280911594629288,0.009687342680990696,0.04443083330988884,0.6701411008834839,0.2533528506755829,0.022388191893696785,4.7229993380606174,,,
m5b_smooth0.1,81,0.0257842680439353,0.010340318083763123,0.046063922345638275,0.6572479009628296,0.2609839141368866,0.025362132117152214,4.820183958858252,,,
m5b_smooth0.1,82,0.3789742747321725,0.013374167494475842,0.0531228743493557,0.4677613377571106,0.43154194951057434,0.034199006855487823,5.758436679840088,,,
m5b_smooth0.1,83,0.0974180493503809,0.012838655151426792,0.043395064771175385,0.42977890372276306,0.4802515506744385,0.03373631462454796,5.937120344489813,,,
m5b_smooth0.1,84,0.1338572483509779,0.013711581937968731,0.042987044900655746,0.3632580637931824,0.5437701940536499,0.036273133009672165,6.269671373069286,,,
m5b_smooth0.1,85,0.0322869922965765,0.013343674130737782,0.040654342621564865,0.3794015645980835,0.5312930345535278,0.03530741110444069,6.192834481596947,,,
m5b_smooth0.1,86,0.029180990532040596,0.01432113628834486,0.04316839948296547,0.3868306875228882,0.5167025923728943,0.03897731751203537,6.225529231131077,,,
m5b_smooth0.1,87,0.09321833588182926,0.01478299219161272,0.043810222297906876,0.43042805790901184,0.47009363770484924,0.040885649621486664,6.085128486156464,,,
m5b_smooth0.1,88,0.23278758767992258,0.015761489048600197,0.042077526450157166,0.3157666325569153,0.5811582803726196,0.045235976576805115,6.636478401720524,,,
m5b_smooth0.1,89,0.07182124629616737,0.01558777131140232,0.040678877383470535,0.28142860531806946,0.616376519203186,0.04592858999967575,6.777866866439581,,,
m5b_smooth0.1,90,0.03172170836478472,0.015476108528673649,0.0406452901661396,0.29484063386917114,0.6006606221199036,0.04837712273001671,6.735637776553631,,,
m5b_smooth0.1,91,0.03122060839086771,0.015755457803606987,0.0413135401904583,0.3061164617538452,0.5850504636764526,0.051764145493507385,6.725041676312685,,,
m5b_smooth0.1,92,0.050956644117832184,0.01671564020216465,0.04421332851052284,0.32242023944854736,0.5595720410346985,0.05707861855626106,6.730517406016588,,,
m5b_smooth0.1,93,0.02773389220237732,0.0162429828196764,0.04061858355998993,0.3126209080219269,0.5722575187683105,0.058260299265384674,6.774507097899914,,,
m5b_smooth0.1,94,0.0835153367370367,0.01746021956205368,0.04188099503517151,0.34390193223953247,0.5304995179176331,0.06625696271657944,6.762294068932533,,,
m5b_smooth0.1,95,0.1846036408096552,0.017014192417263985,0.03687503561377525,0.25705236196517944,0.6208846569061279,0.06817390769720078,7.129510972648859,,,
m5b_smooth0.1,96,0.04824029095470905,0.016535241156816483,0.03504141420125961,0.2352447360754013,0.6419292092323303,0.07124944776296616,7.223886825144291,,,
m5b_smooth0.1,97,0.054448219016194344,0.017192108556628227,0.036213070154190063,0.25281772017478943,0.6147053837776184,0.07907233387231827,7.236143104732037,,,
m5b_smooth0.1,98,0.12071051076054573,0.016333425417542458,0.03165380656719208,0.19788016378879547,0.6659896373748779,0.08814308792352676,7.501230515539646,,,
m5b_smooth0.1,99,0.020425371825695038,0.016043804585933685,0.030660169199109077,0.19083258509635925,0.6641073822975159,0.09835536777973175,7.5915130246430635,,,
m5b_smooth0.1,100,0.13588558696210384,0.014197837561368942,0.024980194866657257,0.13627713918685913,0.7320505380630493,0.09249432384967804,7.704956166446209,,,
m5b_smooth0.1,101,0.01221435982733965,0.012743867002427578,0.02333705872297287,0.13437722623348236,0.7381578087806702,0.09138425439596176,7.6375849805772305,,,
m5b_smooth0.1,102,0.043883807957172394,0.013736450113356113,0.024623891338706017,0.13340502977371216,0.7171880006790161,0.11104664206504822,7.823994981124997,,,
m5b_smooth0.1,103,0.00676271878182888,0.013307412154972553,0.023712608963251114,0.1367863416671753,0.7167769074440002,0.1094166487455368,7.781787797808647,,,
m5b_smooth0.1,104,0.012260024435818195,0.012756003066897392,0.02330229990184307,0.14291684329509735,0.7150214314460754,0.10600432008504868,7.706623515114188,,,
m5b_smooth0.1,105,0.04081164579838514,0.012645403854548931,0.023332713171839714,0.12262115627527237,0.7289975881576538,0.11240310966968536,7.826547065749764,,,
m5b_smooth0.1,106,0.029668129980564117,0.011898011900484562,0.022150598466396332,0.10971667617559433,0.7434358596801758,0.11279898136854172,7.8484180979430676,,,
m5b_smooth0.1,107,0.03926529921591282,0.012489152140915394,0.023123016580939293,0.10991877317428589,0.7238034605979919,0.13066622614860535,7.998179854825139,,,
m5b_smooth0.1,108,0.02988737728446722,0.011588765308260918,0.021255111321806908,0.10653666406869888,0.7387465834617615,0.12187237292528152,7.91363032720983,,,
m5b_smooth0.1,109,0.11557046975940466,0.013432607986032963,0.024104805663228035,0.12529440224170685,0.6809617877006531,0.15620677173137665,8.159571809694171,,,
m5b_smooth0.1,110,0.04068893752992153,0.01262627448886633,0.021966127678751945,0.11194376647472382,0.7013057470321655,0.15215744078159332,8.154718296602368,,,
m5b_smooth0.1,111,0.1141009209677577,0.013743996620178223,0.02336045354604721,0.11980501562356949,0.6442556381225586,0.19883495569229126,8.500894144177437,,,
m5b_smooth0.1,112,0.05540143419057131,0.012663646601140499,0.020508501678705215,0.10012521594762802,0.6719565391540527,0.19474652409553528,8.510850057005882,,,
m5b_smooth0.1,113,0.15070244576781988,0.013636328279972076,0.021398210898041725,0.1023799255490303,0.5966048836708069,0.26598021388053894,9.04667486436665,,,
m5b_smooth0.1,114,0.023809914477169514,0.013972609303891659,0.020781073719263077,0.09109224379062653,0.6021640300750732,0.2719898819923401,9.155420921742916,,,
m5b_smooth0.1,115,0.03407059144228697,0.013079971075057983,0.01917148381471634,0.08542409539222717,0.6191995739936829,0.2631252110004425,9.078392006456852,,,
m5b_smooth0.1,116,0.10286067798733711,0.013231376186013222,0.01890861801803112,0.08725187182426453,0.5680311918258667,0.31257545948028564,9.426821580156684,,,
m5b_smooth0.1,117,0.0673263343051076,0.013339237309992313,0.018731147050857544,0.08604217320680618,0.6015872359275818,0.28030019998550415,9.212525356560946,,,
m5b_smooth0.1,118,0.03904500510543585,0.014088282361626625,0.019620565697550774,0.08650527894496918,0.6190081834793091,0.26077771186828613,9.108378594741225,,,
m5b_smooth0.1,119,0.10030883736908436,0.014340300112962723,0.019606715068221092,0.08860518038272858,0.568868100643158,0.3085806965827942,9.448046719655395,,,
m5b_smooth0.3,4,,0.20000606775283813,0.20000606775283813,0.20000606775283813,0.20000606775283813,0.20000606775283813,17.00051575899124,,,
m5b_smooth0.3,5,0.07260164618492126,0.19256754219532013,0.23629137873649597,0.18600530922412872,0.19256754219532013,0.19256754219532013,16.392278224229813,,,
m5b_smooth0.3,6,0.10211920738220215,0.18560902774333954,0.2873515784740448,0.15582184493541718,0.18560902774333954,0.18560902774333954,15.789148360490799,,,
m5b_smooth0.3,7,0.32817090302705765,0.23688653111457825,0.1232655867934227,0.1660742461681366,0.23688653111457825,0.23688653111457825,19.80929734557867,,,
m5b_smooth0.3,8,0.1471976637840271,0.2614194452762604,0.07859636098146439,0.1371445506811142,0.2614194452762604,0.2614194452762604,21.665005080401897,,,
m5b_smooth0.3,9,0.036968834698200226,0.25794079899787903,0.07380513846874237,0.15562960505485535,0.254684180021286,0.25794079899787903,21.41110233962536,,,
m5b_smooth0.3,10,0.08425364643335342,0.23745977878570557,0.07726321369409561,0.15446443855762482,0.29335254430770874,0.23745977878570557,20.166147969663143,,,
m5b_smooth0.3,11,0.06769867986440659,0.25438442826271057,0.0710340142250061,0.14931291341781616,0.2708838880062103,0.25438442826271057,21.23960766196251,,,
m5b_smooth0.3,12,0.08145390450954437,0.2747477889060974,0.06537386775016785,0.14457182586193085,0.2405579388141632,0.2747477889060974,22.51433129608631,,,
m5b_smooth0.3,13,0.10452404618263245,0.24861684441566467,0.06623297929763794,0.16235896944999695,0.27417388558387756,0.24861688911914825,20.870174199342728,,,
m5b_smooth0.3,14,0.05935008078813553,0.2339189499616623,0.06595402210950851,0.16894768178462982,0.29726046323776245,0.2339189499616623,19.963622607290745,,,
m5b_smooth0.3,15,0.006346851587295532,0.23359063267707825,0.0688641145825386,0.16921091079711914,0.2947435677051544,0.23359063267707825,19.925408639013767,,,
m5b_smooth0.3,16,0.00558355450630188,0.2333916872739792,0.07144457846879959,0.1672339141368866,0.2949551045894623,0.23297502100467682,19.902983583509922,,,
m5b_smooth0.3,17,0.05201306194067001,0.24746839702129364,0.06501013040542603,0.16036389768123627,0.28225308656692505,0.24490489065647125,20.798645719885826,,,
m5b_smooth0.3,18,0.040220584720373154,0.25621235370635986,0.059504587203264236,0.16601237654685974,0.2676478326320648,0.2506222426891327,21.312529165297747,,,
m5b_smooth0.3,19,0.020515237003564835,0.2638236880302429,0.05442644655704498,0.1617656946182251,0.2667155861854553,0.2532690763473511,21.781920984387398,,,
m5b_smooth0.3,20,0.0732155553996563,0.24565264582633972,0.05557199940085411,0.17909719049930573,0.2482784241437912,0.2713993787765503,20.869562592357397,,,
m5b_smooth0.3,21,0.036564379930496216,0.23582568764686584,0.057087402790784836,0.17064203321933746,0.25550007820129395,0.2809445858001709,20.440279509872198,,,
m5b_smooth0.3,22,0.03884949907660484,0.24357391893863678,0.05457921326160431,0.17434397339820862,0.23858410120010376,0.28891974687576294,20.907011434435844,,,
m5b_smooth0.3,23,0.09584835916757584,0.25084054470062256,0.052303411066532135,0.19541586935520172,0.2581692039966583,0.24327081441879272,20.901959531009197,,,
m5b_smooth0.3,24,0.10941209271550179,0.29888978600502014,0.050041843205690384,0.17346780002117157,0.22767283022403717,0.24992765486240387,23.596529383212328,,,
m5b_smooth0.3,25,0.03217895328998566,0.2833905518054962,0.05157545581459999,0.1777164340019226,0.23798029124736786,0.24933764338493347,22.744746912270784,,,
m5b_smooth0.3,26,0.02128305286169052,0.28276193141937256,0.047032590955495834,0.17224626243114471,0.2395143061876297,0.25844502449035645,22.82431774958968,,,
m5b_smooth0.3,27,0.019715942442417145,0.2751372158527374,0.04702379181981087,0.1750859022140503,0.237289696931839,0.2654632031917572,22.45802717283368,,,
m5b_smooth0.3,28,0.05818752199411392,0.2650659382343292,0.054408516734838486,0.1967950016260147,0.22158347070217133,0.2621470093727112,21.769892241805792,,,
m5b_smooth0.3,29,0.0661444403231144,0.29213738441467285,0.05156046897172928,0.16684865951538086,0.2275843471288681,0.26186928153038025,23.339609883725643,,,
m5b_smooth0.3,30,0.07083722203969955,0.2877538204193115,0.05076214671134949,0.16767717897891998,0.262174129486084,0.23163224756717682,22.897093281149864,,,
m5b_smooth0.3,31,0.10714662447571754,0.3315589725971222,0.04710886999964714,0.14032071828842163,0.2396104335784912,0.24140028655529022,25.418486427515745,,,
m5b_smooth0.3,32,0.029464781284332275,0.333781361579895,0.044567402452230453,0.12864384055137634,0.23909708857536316,0.25391098856925964,25.685814078897238,,,
m5b_smooth0.3,33,0.015919502824544907,0.3326329290866852,0.04383699595928192,0.13049982488155365,0.2330157458782196,0.2600143253803253,25.664622992277145,,,
m5b_smooth0.3,34,0.015168309211730957,0.3322726786136627,0.04478786885738373,0.12968140840530396,0.2396489828824997,0.2536087930202484,25.598258793354034,,,
m5b_smooth0.3,35,0.10032077878713608,0.3824329972267151,0.0445503368973732,0.12649473547935486,0.1971708983182907,0.2493506222963333,28.241119377315044,,,
m5b_smooth0.3,36,0.03840227797627449,0.39397770166397095,0.04152264818549156,0.12098474055528641,0.18650756776332855,0.2570071816444397,28.946792487055063,,,
m5b_smooth0.3,37,0.02027973160147667,0.3884868919849396,0.04149588942527771,0.12107879668474197,0.19655336439609528,0.25238487124443054,28.623207546770573,,,
m5b_smooth0.3,38,0.06134137138724327,0.35909613966941833,0.042876120656728745,0.12244571000337601,0.19527359306812286,0.2803085744380951,27.247216824442148,,,
m5b_smooth0.3,39,0.09929997473955154,0.4001246690750122,0.04090182110667229,0.13040359318256378,0.1959373950958252,0.23263311386108398,29.068018104881048,,,
m5b_smooth0.3,40,0.03664125129580498,0.39563632011413574,0.040800437331199646,0.12803596258163452,0.18457365036010742,0.2509532570838928,28.9684486836195,,,
m5b_smooth0.3,41,0.0662391372025013,0.36386945843696594,0.04336142912507057,0.1404406875371933,0.2027280330657959,0.2496010810136795,27.21036236360669,,,
m5b_smooth0.3,42,0.029142484068870544,0.37169983983039856,0.04395422711968422,0.14302276074886322,0.20629386603832245,0.2350296825170517,27.50948551669717,,,
m5b_smooth0.3,43,0.061156708747148514,0.37486252188682556,0.04617656022310257,0.13079120218753815,0.18794675171375275,0.2602227032184601,27.88904658704996,,,
m5b_smooth0.3,44,0.035082634538412094,0.3576316833496094,0.04586635157465935,0.13256588578224182,0.19386926293373108,0.27006709575653076,27.039489191025496,,,
m5b_smooth0.3,45,0.10820640251040459,0.31825098395347595,0.048157550394535065,0.15110713243484497,0.22714005410671234,0.2553446292877197,24.76134317368269,,,
m5b_smooth0.3,46,0.012373849749565125,0.3215433955192566,0.04812485724687576,0.14729510247707367,0.22479788959026337,0.25823917984962463,24.97154764086008,,,
m5b_smooth0.3,47,0.05709385126829147,0.34882229566574097,0.04939241707324982,0.14148636162281036,0.2219492793083191,0.23834913969039917,26.29372215270996,,,
m5b_smooth0.3,48,0.0638270378112793,0.3790857195854187,0.05104301869869232,0.12811656296253204,0.20579251646995544,0.23596268892288208,27.924561142921448,,,
m5b_smooth0.3,49,0.02226875349879265,0.382470041513443,0.0515499971807003,0.12769773602485657,0.19507676362991333,0.24320556223392487,28.15326091274619,,,
m5b_smooth0.3,50,0.06392291188240051,0.3539629578590393,0.05488402768969536,0.1276129186153412,0.19170734286308289,0.2718331217765808,26.82311535999179,,,
m5b_smooth0.3,51,0.09188422933220863,0.3743596076965332,0.05021021515130997,0.10721373558044434,0.1708381175994873,0.2973784804344177,28.192593432962894,,,
m5b_smooth0.3,52,0.019818976521492004,0.3708551526069641,0.051023729145526886,0.10580845177173615,0.17993420362472534,0.29237884283065796,27.97260146588087,,,
m5b_smooth0.3,53,0.060386184602975845,0.3406617343425751,0.05202552303671837,0.10994528234004974,0.18187661468982697,0.31549057364463806,26.511569764465094,,,
m5b_smooth0.3,54,0.08010326325893402,0.359648197889328,0.04552092030644417,0.10647513717412949,0.15179982781410217,0.3365558385848999,27.718218740075827,,,
m5b_smooth0.3,55,0.031931158155202866,0.3530985414981842,0.04700179398059845,0.11869492381811142,0.15406495332717896,0.32714012265205383,27.24741544574499,,,
m5b_smooth0.3,56,0.042733799666166306,0.3590812087059021,0.05008586123585701,0.1287272870540619,0.1563326120376587,0.3057730793952942,27.356291640549898,,,
m5b_smooth0.3,57,0.08593251556158066,0.3813597857952118,0.04595119133591652,0.11260034888982773,0.13362830877304077,0.3264611065387726,28.77119303867221,,,
m5b_smooth0.3,58,0.034017011523246765,0.38616353273391724,0.04735703393816948,0.11894357204437256,0.13808339834213257,0.30945199728012085,28.87291146442294,,,
m5b_smooth0.3,59,0.15283432230353355,0.4595690071582794,0.05036865919828415,0.11313764750957489,0.13088442385196686,0.24603967368602753,32.32466842979193,,,
m5b_smooth0.3,60,0.018235862255096436,0.454427033662796,0.047384828329086304,0.1123136505484581,0.13071651756763458,0.25515782833099365,32.137173019349575,,,
m5b_smooth0.3,61,0.12272775359451771,0.5157909393310547,0.025724126026034355,0.09728533029556274,0.11825346201658249,0.242946058511734,35.49405553005636,,,
m5b_smooth0.3,62,0.33601545728743076,0.3669838011264801,0.06971034407615662,0.1702689379453659,0.1692914068698883,0.22374550998210907,26.917022213339806,,,
m5b_smooth0.3,63,0.32911790907382965,0.32468315958976746,0.13976331055164337,0.26477494835853577,0.15767663717269897,0.11310198903083801,23.102242037653923,,,
m5b_smooth0.3,64,0.3692098520696163,0.20759978890419006,0.2132653445005417,0.3758777379989624,0.1419571191072464,0.061299849301576614,15.64878361672163,,,
m5b_smooth0.3,65,0.2117900475859642,0.13186708092689514,0.20809857547283173,0.48177245259284973,0.1405966728925705,0.03766443952918053,11.07691965252161,,,
m5b_smooth0.3,66,0.08901348896324635,0.09683694690465927,0.22192320227622986,0.5007290244102478,0.15232273936271667,0.028188349679112434,8.99522316083312,,,
m5b_smooth0.3,67,0.03516327403485775,0.08790536224842072,0.21619439125061035,0.5026105046272278,0.16802309453487396,0.025267306715250015,8.528251595795155,,,
m5b_smooth0.3,68,0.03521560691297054,0.07375065982341766,0.2214052528142929,0.5098705887794495,0.17315945029258728,0.021813703700900078,7.693564612418413,,,
m5b_smooth0.3,69,0.12646916881203651,0.07197240740060806,0.205687016248703,0.4641328454017639,0.23576654493808746,0.022441545501351357,7.88097744807601,,,
m5b_smooth0.3,70,0.2230539806187153,0.058992065489292145,0.10942956805229187,0.5556865930557251,0.2557397484779358,0.02015230618417263,7.388323802500963,,,
m5b_smooth0.3,71,0.09976129233837128,0.050695836544036865,0.06921980530023575,0.56087726354599,0.3004296123981476,0.01877753995358944,7.159494634717703,,,
m5b_smooth0.3,72,0.034944113343954086,0.04739319905638695,0.06521674245595932,0.577890932559967,0.29026278853416443,0.019235460087656975,6.943617444485426,,,
m5b_smooth0.3,73,0.10592038184404373,0.04419592767953873,0.06577233970165253,0.6302964091300964,0.2405659407377243,0.01917027123272419,6.560762610286474,,,
m5b_smooth0.3,74,0.033779870718717575,0.047580186277627945,0.06515450775623322,0.6413325667381287,0.22429277002811432,0.021638723090291023,6.7169548980891705,,,
m5b_smooth0.3,75,0.19256056658923626,0.03842971473932266,0.04900528863072395,0.73761385679245,0.15596303343772888,0.018988873809576035,5.9252152107656,,,
m5b_smooth0.3,76,0.04662533290684223,0.04202869534492493,0.05024230480194092,0.7143008708953857,0.1711769551038742,0.022251302376389503,6.224623557180166,,,
m5b_smooth0.3,77,0.07232098653912544,0.03898530453443527,0.042455654591321945,0.7502076625823975,0.1458463817834854,0.022504882887005806,5.96818994730711,,,
m5b_smooth0.3,78,0.009487451985478401,0.03684145212173462,0.040487054735422134,0.74957674741745,0.1500546634197235,0.023040685802698135,5.872656669467688,,,
m5b_smooth0.3,79,0.005789587274193764,0.03394676372408867,0.040558237582445145,0.7515441179275513,0.15074513852596283,0.0232065562158823,5.712104171514511,,,
m5b_smooth0.3,80,0.07882332801818848,0.029486145824193954,0.033766888082027435,0.7909552454948425,0.12399125099182129,0.02180021069943905,5.348943080753088,,,
m5b_smooth0.3,81,0.06583618000149727,0.031331393867731094,0.03638916835188866,0.7580375075340271,0.1491871327161789,0.02505524270236492,5.585468649864197,,,
m5b_smooth0.3,82,0.00826028548181057,0.03277333453297615,0.03620262071490288,0.7575109004974365,0.14576995372772217,0.027743253856897354,5.6839306242764,,,
m5b_smooth0.3,83,0.08426396548748016,0.029177749529480934,0.031223824247717857,0.79964280128479,0.11423374712467194,0.025721777230501175,5.340558310970664,,,
m5b_smooth0.3,84,0.06302356906235218,0.03358938544988632,0.03499032184481621,0.76813143491745,0.13234737515449524,0.030942218378186226,5.714370436966419,,,
m5b_smooth0.3,85,0.033724648877978325,0.031114691868424416,0.03186677768826485,0.784993588924408,0.12140762060880661,0.030617715790867805,5.532230421900749,,,
m5b_smooth0.3,86,0.09138618782162666,0.0356721431016922,0.03565715625882149,0.7393001317977905,0.15193958580493927,0.03743065148591995,5.981492359191179,,,
m5b_smooth0.3,87,0.00821547582745552,0.035366326570510864,0.03731194883584976,0.7370550036430359,0.15038233995437622,0.039883144199848175,5.981496952474117,,,
m5b_smooth0.3,88,0.15900222584605217,0.042522795498371124,0.04735502600669861,0.657554030418396,0.20020394027233124,0.05236325040459633,6.705897934734821,,,
m5b_smooth0.3,89,0.03470657765865326,0.04022843390703201,0.04339463636279106,0.6469047665596008,0.21755781769752502,0.05191456526517868,6.647523608058691,,,
m5b_smooth0.3,90,0.056182652711868286,0.04191386327147484,0.04626096412539482,0.6188130974769592,0.23549534380435944,0.05751626566052437,6.87122717872262,,,
m5b_smooth0.3,91,0.06663453578948975,0.04453320801258087,0.04989667609333992,0.5854961276054382,0.25266847014427185,0.06740564852952957,7.190735910087824,,,
m5b_smooth0.3,92,0.04615128040313721,0.045468222349882126,0.05134189873933792,0.5624205470085144,0.2636433243751526,0.07712625712156296,7.391967751085758,,,
m5b_smooth0.3,93,0.09453319013118744,0.041988831013441086,0.04440915584564209,0.5303012132644653,0.3109102249145508,0.07239143550395966,7.344494327902794,,,
m5b_smooth0.3,94,0.06659195199608803,0.04517294839024544,0.04993349686264992,0.5443955063819885,0.27761346101760864,0.08288387209177017,7.497165355831385,,,
m5b_smooth0.3,95,0.16529932990670204,0.046992309391498566,0.051203738898038864,0.4617456793785095,0.3551345765590668,0.084922656416893,7.930838566273451,,,
m5b_smooth0.3,96,0.07427748665213585,0.04090438410639763,0.04148818179965019,0.45290234684944153,0.39227381348609924,0.07243122160434723,7.614412065595388,,,
m5b_smooth0.3,97,0.029880855232477188,0.04241761565208435,0.04390961304306984,0.43796178698539734,0.40153178572654724,0.07417888194322586,7.752078760415316,,,
m5b_smooth0.3,98,0.25863369554281235,0.04372396320104599,0.043327655643224716,0.30922675132751465,0.5241686105728149,0.07955241203308105,8.377359744161367,,,
m5b_smooth0.3,99,0.07116256654262543,0.040061429142951965,0.042688678950071335,0.28517717123031616,0.5597500801086426,0.07232240587472916,8.232670184224844,,,
m5b_smooth0.3,100,0.21957699954509735,0.03704451769590378,0.03555582836270332,0.1902453601360321,0.6695387959480286,0.06761569529771805,8.462354276329279,,,
m5b_smooth0.3,101,0.034195445477962494,0.03323127329349518,0.033472876995801926,0.18403826653957367,0.6866365671157837,0.06262131035327911,8.262618388980627,,,
m5b_smooth0.3,102,0.017421193420886993,0.03504352271556854,0.035100582987070084,0.17811059951782227,0.6838536262512207,0.06789194047451019,8.409506294876337,,,
m5b_smooth0.3,103,0.04367351531982422,0.03527805209159851,0.034679535776376724,0.19798338413238525,0.6624377965927124,0.0696212649345398,8.357075098901987,,,
m5b_smooth0.3,104,0.13518677651882172,0.03733555227518082,0.03818701580166817,0.24748101830482483,0.5948445796966553,0.08215221017599106,8.334806207567453,,,
m5b_smooth0.3,105,0.04728154465556145,0.03816346824169159,0.04106274992227554,0.22384001314640045,0.6057326793670654,0.09120099991559982,8.519333638250828,,,
m5b_smooth0.3,106,0.035522378981113434,0.03535312041640282,0.03879080340266228,0.21143145859241486,0.6234936118125916,0.09093040227890015,8.431753318756819,,,
m5b_smooth0.3,107,0.015088267624378204,0.03620963916182518,0.04124121740460396,0.21155893802642822,0.6159499287605286,0.09504057466983795,8.49071392789483,,,
m5b_smooth0.3,108,0.042523693293333054,0.0329420268535614,0.03817806765437126,0.21521002054214478,0.6335608959197998,0.08010969310998917,8.216791715472937,,,
m5b_smooth0.3,109,0.02677742764353752,0.03475046530365944,0.040014903992414474,0.2043156921863556,0.6310659050941467,0.08985252678394318,8.41338660940528,,,
m5b_smooth0.3,110,0.09362547844648361,0.032796915620565414,0.03657816722989082,0.16378484666347504,0.6778788566589355,0.08896113187074661,8.486355487257242,,,
m5b_smooth0.3,111,0.039479948580265045,0.034641798585653305,0.03858455643057823,0.1470573991537094,0.6748659014701843,0.10484940558671951,8.750217657536268,,,
m5b_smooth0.3,112,0.10079650208353996,0.0304301455616951,0.032136160880327225,0.1184522733092308,0.7252645492553711,0.09371672570705414,8.602187719196081,,,
m5b_smooth0.3,113,0.03533100336790085,0.03192368522286415,0.033096663653850555,0.11969317495822906,0.7075992226600647,0.10768745839595795,8.768416278064251,,,
m5b_smooth0.3,114,0.07627327553927898,0.029518641531467438,0.029140403494238853,0.09934353828430176,0.745735764503479,0.09626166522502899,8.66610317490995,,,
m5b_smooth0.3,115,0.013656282797455788,0.027800964191555977,0.029180297628045082,0.10040400922298431,0.7406250834465027,0.10198922455310822,8.61067490465939,,,
m5b_smooth0.3,116,0.053862469270825386,0.02753320150077343,0.032027482986450195,0.11171514540910721,0.713961660861969,0.11476218700408936,8.623567253351212,,,
m5b_smooth0.3,117,0.01794794760644436,0.027141913771629333,0.032694265246391296,0.1149696558713913,0.7053791284561157,0.11981502175331116,8.621182262897491,,,
m5b_smooth0.3,118,0.03312233276665211,0.028201008215546608,0.0344579815864563,0.10632362216711044,0.697463870048523,0.13355325162410736,8.797481954097748,,,
m5b_smooth0.3,119,0.12044991180300713,0.024158280342817307,0.028959767892956734,0.08135103434324265,0.7576883435249329,0.10784134268760681,8.536106893792748,,,
ensemble3,4,,,,,,,,0.33332547545433044,0.33332547545433044,0.33332547545433044
ensemble3,5,0.8046778738498688,,,,,,,0.735676109790802,0.13216185569763184,0.13216185569763184
ensemble3,6,0.09122773259878159,,,,,,,0.7812898755073547,0.13149933516979218,0.08721040934324265
ensemble3,7,0.2838450148701668,,,,,,,0.6393673419952393,0.23081842064857483,0.1298138052225113
ensemble3,8,0.34408436715602875,,,,,,,0.4673248827457428,0.3517330586910248,0.18094107508659363
ensemble3,9,0.12203499674797058,,,,,,,0.4063079059123993,0.3725343346595764,0.22115781903266907
ensemble3,10,0.13260197639465332,,,,,,,0.4416177272796631,0.40352505445480347,0.1548563838005066
ensemble3,11,0.15993497520685196,,,,,,,0.5215855836868286,0.38340526819229126,0.09500905126333237
ensemble3,12,0.033082760870456696,,,,,,,0.5312882661819458,0.3902439773082733,0.07846768200397491
ensemble3,13,0.12517175823450089,,,,,,,0.46870213747024536,0.43645861744880676,0.09483867138624191
ensemble3,14,0.05169399827718735,,,,,,,0.44285571575164795,0.4413045644760132,0.11584030091762543
ensemble3,15,0.05912920832633972,,,,,,,0.4379514157772064,0.4166437089443207,0.14540435373783112
ensemble3,16,0.03425617516040802,,,,,,,0.4547899663448334,0.3995159864425659,0.14569425582885742
ensemble3,17,0.046907007694244385,,,,,,,0.4782428741455078,0.3892039656639099,0.13255217671394348
ensemble3,18,0.04996210336685181,,,,,,,0.4836641550064087,0.3642232120037079,0.15211224555969238
ensemble3,19,0.07198071479797363,,,,,,,0.5196546316146851,0.3317165970802307,0.1486286222934723
ensemble3,20,0.027032867074012756,,,,,,,0.506263017654419,0.3452334403991699,0.14850421249866486
ensemble3,21,0.047311931848526,,,,,,,0.5090852975845337,0.36606690287590027,0.12484802305698395
ensemble3,22,0.0023483484983444214,,,,,,,0.5079109072685242,0.3665889799594879,0.1254999041557312
ensemble3,23,0.06321649253368378,,,,,,,0.4893263280391693,0.35356587171554565,0.15710870921611786
ensemble3,24,0.026610970497131348,,,,,,,0.5011067390441895,0.3550904393196106,0.1438027173280716
ensemble3,25,0.07795662432909012,,,,,,,0.5400851368904114,0.34452924132347107,0.11538568884134293
ensemble3,26,0.11350218206644058,,,,,,,0.4833340644836426,0.39176955819129944,0.12489648163318634
ensemble3,27,0.023577705025672913,,,,,,,0.4759909212589264,0.4035583436489105,0.1204507052898407
ensemble3,28,0.020753413438796997,,,,,,,0.46561384201049805,0.4039149880409241,0.1304703950881958
ensemble3,29,0.018247976899147034,,,,,,,0.47380709648132324,0.3947915732860565,0.13140170276165009
ensemble3,30,0.053904421627521515,,,,,,,0.5007587671279907,0.380427747964859,0.11881277710199356
ensemble3,31,0.09612417966127396,,,,,,,0.45269688963890076,0.4188496470451355,0.12845318019390106
ensemble3,32,0.017785385251045227,,,,,,,0.45466405153274536,0.4099574387073517,0.13537919521331787
ensemble3,33,0.05802558362483978,,,,,,,0.44322261214256287,0.3923856317996979,0.16439153254032135
ensemble3,34,0.02676481008529663,,,,,,,0.447959840297699,0.40103068947792053,0.15100900828838348
ensemble3,35,0.03291842341423035,,,,,,,0.46441954374313354,0.3978671133518219,0.13771386444568634
ensemble3,36,0.05226120352745056,,,,,,,0.43828848004341125,0.41505032777786255,0.14666078984737396
ensemble3,37,0.06613604724407196,,,,,,,0.42403551936149597,0.3962351083755493,0.1797286570072174
ensemble3,38,0.011623650789260864,,,,,,,0.4186311364173889,0.3958278298377991,0.18554064631462097
ensemble3,39,0.06844711303710938,,,,,,,0.42203930020332336,0.3616040050983429,0.21635577082633972
ensemble3,40,0.027745962142944336,,,,,,,0.4260455369949341,0.37147095799446106,0.20248299837112427
ensemble3,41,0.030070632696151733,,,,,,,0.41101065278053284,0.3721427023410797,0.2168470025062561
ensemble3,42,0.07936638593673706,,,,,,,0.4438975155353546,0.3789385259151459,0.17716330289840698
ensemble3,43,0.019588813185691833,,,,,,,0.434103399515152,0.38757506012916565,0.1783214658498764
ensemble3,44,0.004166066646575928,,,,,,,0.4343993365764618,0.38936230540275574,0.17623858153820038
ensemble3,45,0.063651442527771,,,,,,,0.41516557335853577,0.3767697811126709,0.2080637365579605
ensemble3,46,0.02907674014568329,,,,,,,0.40062737464904785,0.38367515802383423,0.21569690108299255
ensemble3,47,0.0529724657535553,,,,,,,0.42711418867111206,0.3698035478591919,0.2030828595161438
ensemble3,48,0.0966394692659378,,,,,,,0.459878146648407,0.3853588104248047,0.1547626107931137
ensemble3,49,0.07430018484592438,,,,,,,0.4227282404899597,0.4054068326950073,0.17186486721038818
ensemble3,50,0.1278679221868515,,,,,,,0.46362602710723877,0.3414728045463562,0.1949009746313095
ensemble3,51,0.03302416205406189,,,,,,,0.44711434841156006,0.35039448738098145,0.20249177515506744
ensemble3,52,0.1385762095451355,,,,,,,0.3778257966041565,0.3819583058357239,0.24021561443805695
ensemble3,53,0.0814814418554306,,,,,,,0.3373000919818878,0.3817429542541504,0.2809560000896454
ensemble3,54,0.06026610732078552,,,,,,,0.3674335181713104,0.37067651748657227,0.2618897557258606
ensemble3,55,0.11422945559024811,,,,,,,0.42454907298088074,0.3462945818901062,0.22915779054164886
ensemble3,56,0.0382591187953949,,,,,,,0.40541887283325195,0.3589584529399872,0.235622838139534
ensemble3,57,0.05818469822406769,,,,,,,0.3839707374572754,0.35131391882896423,0.2647148668766022
ensemble3,58,0.06475949287414551,,,,,,,0.39863935112953186,0.36902526021003723,0.23233532905578613
ensemble3,59,0.023946061730384827,,,,,,,0.4106123447418213,0.36858320236206055,0.22080431878566742
ensemble3,60,0.0018223673105239868,,,,,,,0.41094258427619934,0.3676720857620239,0.22138532996177673
ensemble3,61,0.0387142151594162,,,,,,,0.39234620332717896,0.36691150069236755,0.24074257910251617
ensemble3,62,1.2200311152264476,,,,,,,0.014007439836859703,0.9769269824028015,0.009065709076821804
ensemble3,63,0.04173694475321099,,,,,,,0.0012877990957349539,0.9977954030036926,0.0009168256656266749
ensemble3,64,0.002986712905112654,,,,,,,0.0003816949902102351,0.9992894530296326,0.0003302668919786811
ensemble3,65,0.0006901787128299475,,,,,,,0.00017252734687644988,0.9996355772018433,0.0001953799946932122
ensemble3,66,0.00011792838631663471,,,,,,,0.00016544210666324943,0.9995840787887573,0.000254724727710709
ensemble3,67,0.0005829586152685806,,,,,,,0.00022813639952801168,0.9992913603782654,0.000482270639622584
ensemble3,68,0.0017812596342992038,,,,,,,0.00042324114474467933,0.998399019241333,0.001176084391772747
ensemble3,69,0.00477367898565717,,,,,,,0.0008756318129599094,0.9960131645202637,0.0031115179881453514
ensemble3,70,0.014825974591076374,,,,,,,0.002223378513008356,0.9886000156402588,0.009176596999168396
ensemble3,71,0.04160022595897317,,,,,,,0.005918222479522228,0.9678005576133728,0.026282520964741707
ensemble3,72,0.11018738988786936,,,,,,,0.015537699684500694,0.9127063751220703,0.07175625115633011
ensemble3,73,0.2611770574003458,,,,,,,0.034327007830142975,0.7821174263954163,0.18355505168437958
ensemble3,74,0.6021291464567184,,,,,,,0.060613103210926056,0.48105356097221375,0.4583342373371124
ensemble3,75,0.4997100308537483,,,,,,,0.06439964473247528,0.23119762539863586,0.7044017910957336
ensemble3,76,0.55055221170187,,,,,,,0.11046681553125381,0.4604072570800781,0.4291263818740845
ensemble3,77,0.8737006820738316,,,,,,,0.05682363361120224,0.8972572684288025,0.045918893069028854
ensemble3,78,0.1510400865226984,,,,,,,0.021166803315281868,0.9727770090103149,0.006055377423763275
ensemble3,79,0.027887233532965183,,,,,,,0.011492994613945484,0.986720621585846,0.0017855651676654816
ensemble3,80,0.007162068388424814,,,,,,,0.00872205663472414,0.9903027415275574,0.0009765547001734376
ensemble3,81,0.00013380381278693676,,,,,,,0.008787843398749828,0.9902850985527039,0.0009261806262657046
ensemble3,82,0.00480404298286885,,,,,,,0.010817598551511765,0.9878838062286377,0.0012991761323064566
ensemble3,83,0.00960263959132135,,,,,,,0.014594567939639091,0.9830823540687561,0.002323394175618887
ensemble3,84,0.017023499589413404,,,,,,,0.020675260573625565,0.974570095539093,0.004753942601382732
ensemble3,85,0.028997039422392845,,,,,,,0.02949586696922779,0.960071861743927,0.010432141833007336
ensemble3,86,0.04850252438336611,,,,,,,0.04148998484015465,0.9358204007148743,0.022689087316393852
ensemble3,87,0.06433985568583012,,,,,,,0.052060700953006744,0.9036509394645691,0.044288765639066696
ensemble3,88,0.05135280638933182,,,,,,,0.05319798365235329,0.8779742121696472,0.0688275620341301
ensemble3,89,0.0358743816614151,,,,,,,0.04723809286952019,0.8659968972206116,0.08676473796367645
ensemble3,90,0.02037953957915306,,,,,,,0.04089149832725525,0.862153947353363,0.09695473313331604
ensemble3,91,0.022780034691095352,,,,,,,0.033855777233839035,0.8735438585281372,0.09260033071041107
ensemble3,92,0.025228139013051987,,,,,,,0.029429033398628235,0.8861581087112427,0.08441318571567535
ensemble3,93,0.022967969998717308,,,,,,,0.02631721831858158,0.897641658782959,0.07604058086872101
ensemble3,94,0.008072271943092346,,,,,,,0.026143783703446388,0.9016785621643066,0.07217864692211151
ensemble3,95,0.006679300218820572,,,,,,,0.02684839628636837,0.9043129086494446,0.06883830577135086
ensemble3,96,0.005335880443453789,,,,,,,0.027577217668294907,0.9062516093254089,0.06616994738578796
ensemble3,97,0.011613942682743073,,,,,,,0.030447591096162796,0.9004455804824829,0.06910748779773712
ensemble3,98,0.009476318955421448,,,,,,,0.0327124185860157,0.8957069516181946,0.07158035039901733
ensemble3,99,0.00736718624830246,,,,,,,0.03375471755862236,0.892023503780365,0.07422178983688354
ensemble3,100,0.0021709464490413666,,,,,,,0.033101886510849,0.8931095600128174,0.07378973066806793
ensemble3,101,0.0019241422414779663,,,,,,,0.03213898837566376,0.8934052586555481,0.07445527613162994
ensemble3,102,0.0014303699135780334,,,,,,,0.03226073086261749,0.8926903605461121,0.0750490054488182
ensemble3,103,0.013323254883289337,,,,,,,0.03421850502490997,0.8860292434692383,0.07975336909294128
ensemble3,104,0.015355944633483887,,,,,,,0.03563384711742401,0.8783508539199829,0.08601558208465576
ensemble3,105,0.0015656203031539917,,,,,,,0.03485114872455597,0.8784419894218445,0.08670736849308014
ensemble3,106,0.01888478547334671,,,,,,,0.03132392466068268,0.8878838419914246,0.0807916596531868
ensemble3,107,0.006968608126044273,,,,,,,0.029114829376339912,0.8913687467575073,0.07951705157756805
ensemble3,108,0.003422202542424202,,,,,,,0.028285428881645203,0.8904867172241211,0.08122782409191132
ensemble3,109,0.014256477355957031,,,,,,,0.02998308837413788,0.8833587765693665,0.08665870130062103
ensemble3,110,0.005485646426677704,,,,,,,0.030156582593917847,0.8859281539916992,0.08391592651605606
ensemble3,111,0.0072956085205078125,,,,,,,0.03200898319482803,0.8822798728942871,0.08571085333824158
ensemble3,112,0.0019308291375637054,,,,,,,0.032313767820596695,0.882940411567688,0.08474534749984741
ensemble3,113,0.004898950457572937,,,,,,,0.03313576057553291,0.8804909586906433,0.08637285232543945
ensemble3,114,0.01044221967458725,,,,,,,0.034719567745923996,0.875270426273346,0.09001073241233826
ensemble3,115,0.016231507062911987,,,,,,,0.03186267241835594,0.8833858966827393,0.08475159108638763
ensemble3,116,0.011247972026467323,,,,,,,0.029774727299809456,0.8890095353126526,0.08121520280838013
ensemble3,117,0.005166439339518547,,,,,,,0.02801373228430748,0.8915928602218628,0.08039308339357376
ensemble3,118,0.005803816020488739,,,,,,,0.027339447289705276,0.8893656134605408,0.08329536765813828
ensemble3,119,0.00327216275036335,,,,,,,0.027478983625769615,0.8877291679382324,0.08479154855012894
amgtp,4,,0.20000606775283813,0.20000606775283813,0.20000606775283813,0.20000606775283813,0.20000606775283813,17.00051575899124,,,
amgtp,5,0.24810226261615753,0.2364281564950943,0.07594029605388641,0.21477629244327545,0.2364281564950943,0.2364281564950943,19.87094984948635,,,
amgtp,6,0.3321484960615635,0.2917860746383667,0.04033273831009865,0.08430907875299454,0.2917860746383667,0.2917860448360443,23.92793160304427,,,
amgtp,7,0.09512135200202465,0.30763962864875793,0.027361007407307625,0.049720149487257004,0.30763962864875793,0.30763962864875793,25.09533137641847,,,
amgtp,8,0.014197040349245071,0.31000566482543945,0.025448264554142952,0.04453393071889877,0.31000566482543945,0.31000563502311707,25.26950849033892,,,
amgtp,9,0.08970852755010128,0.32424771785736084,0.03172753006219864,0.05462516099214554,0.2651517689228058,0.32424771785736084,26.045996516942978,,,
amgtp,10,0.169779472053051,0.35502520203590393,0.04106495529413223,0.06862236559391022,0.18026189506053925,0.35502520203590393,27.78063026815653,,,
amgtp,11,0.11774833127856255,0.3815115690231323,0.04321477189660072,0.07237449288368225,0.12138824164867401,0.3815115690231323,29.341912049800158,,,
amgtp,12,0.07501969113945961,0.40026623010635376,0.038586221635341644,0.06620368361473083,0.09467723220586777,0.40026623010635376,30.519638925790787,,,
amgtp,13,0.035252105444669724,0.4090794622898102,0.03533440828323364,0.06230344995856285,0.08420369774103165,0.40907952189445496,31.083551686257124,,,
amgtp,14,0.027415167540311813,0.41593295335769653,0.03308543562889099,0.05649404227733612,0.07855383306741714,0.41593295335769653,31.531482942402363,,,
amgtp,15,0.008358784019947052,0.4144046902656555,0.03370821848511696,0.055371347814798355,0.08211061358451843,0.4144046902656555,31.44054363667965,,,
amgtp,16,0.051919661462306976,0.4196758270263672,0.035573266446590424,0.05828630179166794,0.09801913797855377,0.3884446918964386,31.515341445803642,,,
amgtp,17,0.14813286066055298,0.47486039996147156,0.034893207252025604,0.06009932607412338,0.11508826911449432,0.3150586187839508,33.92325372993946,,,
amgtp,18,0.13989201188087463,0.5206712484359741,0.03225294500589371,0.06343287974596024,0.13589005172252655,0.2477530539035797,35.88259960711002,,,
amgtp,19,0.11279492266476154,0.5770688056945801,0.028908153995871544,0.06239751726388931,0.13209694623947144,0.19952894747257233,38.55831293575466,,,
amgtp,20,0.12128542549908161,0.6377115845680237,0.025908902287483215,0.05736828222870827,0.11793481558561325,0.16107691824436188,41.54132938757539,,,
amgtp,21,0.1384197548031807,0.7069214582443237,0.02270074188709259,0.04633733257651329,0.0949149802327156,0.12912598252296448,45.04916885122657,,,
amgtp,22,0.05949644185602665,0.7362319231033325,0.02313821204006672,0.0419917069375515,0.08487402647733688,0.11376405507326126,46.50984367541969,,,
amgtp,23,0.09006903879344463,0.6911977529525757,0.03332739695906639,0.050987713038921356,0.09690842777490616,0.12757933139801025,44.12262534722686,,,
amgtp,24,0.03636442497372627,0.6780484914779663,0.03831642493605614,0.05330094322562218,0.09187520295381546,0.1384590119123459,43.46268133074045,,,
amgtp,25,0.11245458573102951,0.7342758774757385,0.0287519209086895,0.04381145164370537,0.07001244276762009,0.12314856797456741,46.4309059754014,,,
amgtp,26,0.05178600363433361,0.7601687908172607,0.022799504920840263,0.038464125245809555,0.059825800359249115,0.11874186247587204,47.829486006870866,,,
amgtp,27,0.004845123738050461,0.7600690126419067,0.02154255099594593,0.038780950009822845,0.05875999853014946,0.12084762752056122,47.84521293453872,,,
amgtp,28,0.07699640095233917,0.7215705513954163,0.026835450902581215,0.047768864780664444,0.07219470292329788,0.1316300481557846,45.81255872361362,,,
amgtp,29,0.05718132108449936,0.692979633808136,0.029449185356497765,0.0502542182803154,0.08573374152183533,0.14158232510089874,44.34127861075103,,,
amgtp,30,0.08503490500152111,0.7354975342750549,0.02682436630129814,0.044491399079561234,0.07598696649074554,0.11719973385334015,46.46285565942526,,,
amgtp,31,0.06008919142186642,0.7655428647994995,0.02552584372460842,0.0405433215200901,0.06791432946920395,0.10047511011362076,47.96177954412997,,,
amgtp,32,0.009498771280050278,0.7629427909851074,0.0264375451952219,0.0426752008497715,0.06961967051029205,0.09832533448934555,47.794922983273864,,,
amgtp,33,0.05779627151787281,0.7340441346168518,0.028044603765010834,0.04961761087179184,0.07707734405994415,0.11121580749750137,46.31610822677612,,,
amgtp,34,0.010712718591094017,0.7286878824234009,0.02860829420387745,0.050326135009527206,0.07749069482088089,0.11488670855760574,46.05170842818916,,,
amgtp,35,0.08055669069290161,0.7689663767814636,0.025670288130640984,0.04107239842414856,0.06462296843528748,0.0996679812669754,48.13458260707557,,,
amgtp,36,0.009172823280096054,0.7651805281639099,0.028163069859147072,0.04027169942855835,0.06561462581157684,0.10076981782913208,47.929889688268304,,,
amgtp,37,0.07286103628575802,0.7287495732307434,0.032575372606515884,0.04544082656502724,0.07557839155197144,0.1176547035574913,46.07008683681488,,,
amgtp,38,0.0519358329474926,0.7027820348739624,0.03293110057711601,0.049530401825904846,0.0824795812368393,0.1322765052318573,44.77767254039645,,,
amgtp,39,0.031134843826293945,0.6886786222457886,0.03146730735898018,0.05430004000663757,0.09119857102632523,0.13435551524162292,44.034451972693205,,,
amgtp,40,0.058836473152041435,0.7180973291397095,0.028928326442837715,0.05137341842055321,0.08596380800008774,0.1156381145119667,45.489568589255214,,,
amgtp,41,0.014840517193078995,0.725001871585846,0.0294011402875185,0.05141562968492508,0.08294732868671417,0.11123364418745041,45.821662643924356,,,
amgtp,42,0.05950646661221981,0.754754900932312,0.027537647634744644,0.046249642968177795,0.06944549083709717,0.10201152414083481,47.365860406309366,,,
amgtp,43,0.017204711213707924,0.763357400894165,0.02659180946648121,0.04550536721944809,0.0635572075843811,0.10098771005868912,47.82328035868704,,,
amgtp,44,0.04699094220995903,0.7398615479469299,0.027773836627602577,0.051993098109960556,0.06749650090932846,0.11287374794483185,46.628153985366225,,,
amgtp,45,0.05910916067659855,0.7103079557418823,0.029438283294439316,0.05692834034562111,0.07275857776403427,0.1305675506591797,45.155956402421,,,
amgtp,46,0.07423173449933529,0.747422993183136,0.025167806074023247,0.04449934884905815,0.06243520975112915,0.12047369033098221,47.12772357650101,,,
amgtp,47,0.09504845179617405,0.7949473261833191,0.021320529282093048,0.034424521028995514,0.051310814917087555,0.0979960709810257,49.5525543615222,,,
amgtp,48,0.01387026160955429,0.7965419292449951,0.023362763226032257,0.035482075065374374,0.05355241522192955,0.0910618007183075,49.572056859731674,,,
amgtp,49,0.07542593590915203,0.7588285207748413,0.029119959101080894,0.04518832266330719,0.0671909973025322,0.09967230260372162,47.56014539115131,,,
amgtp,50,0.022119294852018356,0.7518001198768616,0.03067016415297985,0.0516030378639698,0.07028520107269287,0.09564053267240524,47.12445033527911,,,
amgtp,51,0.03324785828590393,0.7684245705604553,0.027111297473311424,0.04717518016695976,0.06512688845396042,0.09216216206550598,48.02026955969632,,,
amgtp,52,0.028481148183345795,0.7568519115447998,0.025580095127224922,0.046038269996643066,0.06724642962217331,0.10428299754858017,47.50549657084048,,,
amgtp,53,0.17038128338754177,0.6716610193252563,0.029006466269493103,0.05322810262441635,0.0857245922088623,0.16037902235984802,43.33373039215803,,,
amgtp,54,0.0301811546087265,0.6834357380867004,0.029602397233247757,0.05259980633854866,0.08844500035047531,0.14591722190380096,43.85550221055746,,,
amgtp,55,0.16338210552930832,0.7651264667510986,0.02533019334077835,0.04614090919494629,0.06619039177894592,0.097211554646492,47.895635433495045,,,
amgtp,56,0.03727950155735016,0.7819904685020447,0.024900197982788086,0.047916680574417114,0.0613919273018837,0.0838002860546112,48.69102584570646,,,
amgtp,57,0.06953009031713009,0.7472256422042847,0.028262516483664513,0.055111609399318695,0.07177157700061798,0.097628653049469,46.89633805863559,,,
amgtp,58,0.033411044627428055,0.7481234669685364,0.02695474587380886,0.04446211829781532,0.06702341884374619,0.11343645304441452,47.105023393407464,,,
amgtp,59,0.05905398353934288,0.7187159061431885,0.02744251675903797,0.044342588633298874,0.07275909930467606,0.13673989474773407,45.70709687285125,,,
amgtp,60,0.06050533428788185,0.6884999871253967,0.02740607224404812,0.05005388334393501,0.0830717608332634,0.15096890926361084,44.18263400532305,,,
amgtp,61,0.38113160245120525,0.5303010940551758,0.13623811304569244,0.11592355370521545,0.09893540292978287,0.11860155314207077,34.65504398196936,,,
amgtp,62,1.4237628933042288,0.09138569235801697,0.8481194376945496,0.028972508385777473,0.01326163113117218,0.018260203301906586,6.7666527684777975,,,
amgtp,63,0.08011518977582455,0.07471872121095657,0.8881773948669434,0.013347194530069828,0.009471671655774117,0.014285215176641941,5.677636965177953,,,
amgtp,64,0.19546140171587467,0.1441793143749237,0.7904465198516846,0.019979801028966904,0.017975609749555588,0.027418604120612144,10.010834511369467,,,
amgtp,65,0.25301908887922764,0.23323282599449158,0.6639361381530762,0.029498878866434097,0.02900940179824829,0.044320929795503616,15.569961164146662,,,
amgtp,66,0.10914552584290504,0.2715061902999878,0.6093608140945435,0.033759284764528275,0.033771734684705734,0.05159502848982811,17.95974262803793,,,
amgtp,67,0.023053299635648727,0.27905699610710144,0.5978341698646545,0.03528263419866562,0.03476414829492569,0.053055115044116974,18.433222487568855,,,
amgtp,68,0.00950285792350769,0.2817383110523224,0.5930861830711365,0.03634411469101906,0.035206399857997894,0.05362493917346001,18.603611137717962,,,
amgtp,69,0.003845401108264923,0.2817811369895935,0.5911691188812256,0.037772342562675476,0.03547590225934982,0.053812719881534576,18.613063760101795,,,
amgtp,70,0.005578741431236267,0.2802283465862274,0.5899242162704468,0.040038105100393295,0.03583044931292534,0.05397345870733261,18.530180893838406,,,
amgtp,71,0.011410817503929138,0.27750489115715027,0.5869461894035339,0.04456824064254761,0.03654976934194565,0.05443333834409714,18.388859502971172,,,
amgtp,72,0.02287149429321289,0.27339911460876465,0.5796138644218445,0.05355400964617729,0.03798966109752655,0.05544107034802437,18.186325382441282,,,
amgtp,73,0.020826924592256546,0.2710375487804413,0.571562647819519,0.06153904274106026,0.03950140252709389,0.05635843798518181,18.08396065235138,,,
amgtp,74,0.03045615181326866,0.266208291053772,0.5611644983291626,0.0718977227807045,0.04266531020402908,0.058064594864845276,17.860916629433632,,,
amgtp,75,0.054144881665706635,0.2570396661758423,0.5432609915733337,0.0843786895275116,0.05196376144886017,0.06335792690515518,17.4695343375206,,,
amgtp,76,0.14267346262931824,0.23369048535823822,0.49527257680892944,0.09668611735105515,0.08653854578733444,0.08781158179044724,16.64189201593399,,,
amgtp,77,0.4214189872145653,0.17323452234268188,0.36198946833610535,0.07971616089344025,0.1763988882303238,0.20866119861602783,15.151258289813995,,,
amgtp,78,0.688667006790638,0.07855340838432312,0.15716762840747833,0.0348857119679451,0.18569812178611755,0.5436955690383911,13.886654086411,,,
amgtp,79,0.6085808193311095,0.025135191157460213,0.04702921211719513,0.010833009146153927,0.06901675462722778,0.8479856848716736,13.942556579597294,,,
amgtp,80,0.1805407484062016,0.009476568549871445,0.014654683880507946,0.004561984445899725,0.03305070102214813,0.9382562041282654,13.963876515161246,,,
amgtp,81,0.020469035021960735,0.00807876605540514,0.008488327264785767,0.004847813863307238,0.03038044460117817,0.9482049942016602,13.995290763210505,,,
amgtp,82,0.05221162224188447,0.014488304033875465,0.011993649415671825,0.010804255492985249,0.040614884346723557,0.9220991134643555,14.107396436855197,,,
amgtp,83,0.029273594729602337,0.017186207696795464,0.015560789965093136,0.019110381603240967,0.040680672973394394,0.907462477684021,14.093303794972599,,,
amgtp,84,0.016762695275247097,0.013708658516407013,0.015657085925340652,0.025637876242399216,0.03577640280127525,0.9092195630073547,13.894598927348852,,,
amgtp,85,0.025070978328585625,0.008912854827940464,0.013622676022350788,0.02673146314918995,0.030071469023823738,0.9206618070602417,13.728353937156498,,,
amgtp,86,0.00860937312245369,0.006985286250710487,0.01344938762485981,0.030680974945425987,0.03042653203010559,0.9184578657150269,13.596005331724882,,,
amgtp,87,0.019170081708580256,0.006410409230738878,0.014635236002504826,0.03490174561738968,0.0346045047044754,0.9094472527503967,13.478458098135889,,,
amgtp,88,0.01852877577766776,0.006662682630121708,0.016385817900300026,0.036495186388492584,0.040272992104291916,0.9001832604408264,13.410108925774693,,,
amgtp,89,0.015919706784188747,0.0070059821009635925,0.017946572974324226,0.03597753494977951,0.04632899537682533,0.8927412629127502,13.368918752297759,,,
amgtp,90,0.010805508121848106,0.006697017699480057,0.017092570662498474,0.03173736855387688,0.04774632304906845,0.8967263102531433,13.402518343180418,,,
amgtp,91,0.013904595281928778,0.006385674234479666,0.015415512956678867,0.02721061185002327,0.047308873385190964,0.903678297996521,13.46284608822316,,,
amgtp,92,0.005297019612044096,0.00694672204554081,0.015563925728201866,0.026219146326184273,0.04924825578927994,0.902021586894989,13.484064694494009,,,
amgtp,93,0.008124503772705793,0.007541976403445005,0.015899356454610825,0.025746895000338554,0.05238066986203194,0.8984324336051941,13.490377385169268,,,
amgtp,94,0.017704795580357313,0.008675835095345974,0.016904646530747414,0.026280034333467484,0.058560993522405624,0.889580249786377,13.480345306918025,,,
amgtp,95,0.01661722455173731,0.009828593581914902,0.017791729420423508,0.027272218838334084,0.06383718550205231,0.881271243095398,13.473981702700257,,,
amgtp,96,0.012370605953037739,0.009625389240682125,0.016781453043222427,0.02550402097404003,0.060632895678281784,0.8874558806419373,13.519629469141364,,,
amgtp,97,0.00548787135630846,0.009445570409297943,0.01588871330022812,0.024965181946754456,0.0595003217458725,0.8901997804641724,13.536817662417889,,,
amgtp,98,0.010312492959201336,0.009777787141501904,0.01571962609887123,0.026804320514202118,0.062486205250024796,0.8852136135101318,13.513193842023611,,,
amgtp,99,0.008337434381246567,0.009807093068957329,0.015372189693152905,0.028399940580129623,0.06502972543239594,0.8813920617103577,13.48369453754276,,,
amgtp,100,0.01464076153934002,0.010331687517464161,0.015866322442889214,0.03184440732002258,0.06788593530654907,0.8740707039833069,13.443492198362947,,,
amgtp,101,0.008734282106161118,0.010023252107203007,0.015630556270480156,0.03276679664850235,0.06406309455633163,0.8775155544281006,13.448985496535897,,,
amgtp,102,0.03301958832889795,0.009579078294336796,0.01512924488633871,0.030421419069170952,0.05084479600191116,0.894025981426239,13.553415511734784,,,
amgtp,103,0.021077102050185204,0.010917965322732925,0.017520442605018616,0.035103149712085724,0.05297102779150009,0.8834869265556335,13.517521977424622,,,
amgtp,104,0.04269820265471935,0.012672068551182747,0.02095838263630867,0.041037287563085556,0.0631943941116333,0.8621382713317871,13.416690915822983,,,
amgtp,105,0.03225728031247854,0.011488121934235096,0.0194199550896883,0.03441571071743965,0.05640912801027298,0.8782663345336914,13.502546982839704,,,
amgtp,106,0.04554596450179815,0.009761085733771324,0.01661493629217148,0.026713168248534203,0.04587072879076004,0.9010393023490906,13.618064919486642,,,
amgtp,107,0.0021432163193821907,0.01014943141490221,0.01729872077703476,0.026065703481435776,0.04573154076933861,0.9007548689842224,13.635150667279959,,,
amgtp,108,0.042804183438420296,0.012061999179422855,0.020845597609877586,0.03156979754567146,0.05616994574666023,0.8793526291847229,13.543401369825006,,,
amgtp,109,0.04698405787348747,0.013858380727469921,0.023916974663734436,0.0378689169883728,0.06849467009305954,0.85586017370224,13.430531691759825,,,
amgtp,110,0.028991112485527992,0.012294557876884937,0.02058420702815056,0.03401387482881546,0.06275121867656708,0.8703562021255493,13.484544664621353,,,
amgtp,111,0.016614058054983616,0.011530579999089241,0.01841498725116253,0.03149706870317459,0.059893786907196045,0.8786628246307373,13.525277046486735,,,
amgtp,112,0.0037460559979081154,0.011392221786081791,0.017307395115494728,0.030869830399751663,0.06089553236961365,0.8795339465141296,13.533194171264768,,,
amgtp,113,0.01670249830931425,0.012680994346737862,0.018083326518535614,0.0333651527762413,0.06468751281499863,0.871183454990387,13.528419405221939,,,
amgtp,114,0.0351334298029542,0.015527085401117802,0.021094290539622307,0.04038989171385765,0.06937193125486374,0.8536162376403809,13.510119935497642,,,
amgtp,115,0.02917287591844797,0.01485147513449192,0.02000933140516281,0.03750142827630043,0.05943441763520241,0.8682025671005249,13.594478987157345,,,
amgtp,116,0.047532410360872746,0.012669115327298641,0.017155742272734642,0.031438883394002914,0.04676707834005356,0.8919691443443298,13.686556881293654,,,
amgtp,117,0.027595958672463894,0.01124231331050396,0.015382517129182816,0.027582745999097824,0.04002540186047554,0.9057672619819641,13.73358903452754,,,
amgtp,118,0.009606128558516502,0.011832408607006073,0.01627965085208416,0.028722060844302177,0.04220198467373848,0.9009642601013184,13.721303883939981,,,
amgtp,119,0.050547435879707336,0.014335324987769127,0.0198619794100523,0.035116951912641525,0.05499536544084549,0.8756903409957886,13.629964666441083,,,
amgtp_global_q,4,,0.20000606775283813,0.20000606775283813,0.20000606775283813,0.20000606775283813,0.20000606775283813,17.00051575899124,,,
amgtp_global_q,5,0.13288547098636627,0.21696767210960388,0.13354869186878204,0.21554934978485107,0.21696767210960388,0.21696767210960388,18.35457818210125,,,
amgtp_global_q,6,0.2693684846162796,0.261862188577652,0.08167438209056854,0.13273872435092926,0.261862188577652,0.261862188577652,21.690727829933167,,,
amgtp_global_q,7,0.14621403440833092,0.286231130361557,0.05494162067770958,0.0863642767071724,0.286231130361557,0.286231130361557,23.498756010085344,,,
amgtp_global_q,8,0.051420651376247406,0.29480138421058655,0.044831451028585434,0.07076455652713776,0.29480138421058655,0.29480138421058655,24.13603724166751,,,
amgtp_global_q,9,0.03416500985622406,0.3019871711730957,0.045215193182229996,0.07309188693761826,0.27771902084350586,0.3019871711730957,24.555574666708708,,,
amgtp_global_q,10,0.08942975476384163,0.31741926074028015,0.05047328770160675,0.08168421685695648,0.2330038696527481,0.31741926074028015,25.415578320622444,,,
amgtp_global_q,11,0.09672058001160622,0.33555272221565247,0.05584154650568962,0.08840922266244888,0.1846434772014618,0.33555272221565247,26.44447499886155,,,
amgtp_global_q,12,0.06805665791034698,0.35115617513656616,0.05822373554110527,0.08884876221418381,0.15061545372009277,0.35115617513656616,27.364635158330202,,,
amgtp_global_q,13,0.04764322564005852,0.36306676268577576,0.05793303996324539,0.08640912175178528,0.12952373921871185,0.36306676268577576,28.09076701849699,,,
amgtp_global_q,14,0.06511884927749634,0.3793466091156006,0.05323955416679382,0.07723084837198257,0.11083634197711945,0.3793466091156006,29.13243556767702,,,
amgtp_global_q,15,0.043860048055648804,0.39031165838241577,0.04866381734609604,0.0706949532032013,0.10001802444458008,0.39031165838241577,29.843937568366528,,,
amgtp_global_q,16,0.01927807554602623,0.3994162678718567,0.04666478559374809,0.07018444687128067,0.10055264085531235,0.3831823468208313,30.290615539997816,,,
amgtp_global_q,17,0.08000396192073822,0.4283600151538849,0.04616578295826912,0.07326900959014893,0.10852601379156113,0.3436790704727173,31.53876280412078,,,
amgtp_global_q,18,0.09948308765888214,0.4544554054737091,0.04639438912272453,0.08061757683753967,0.12459467351436615,0.29393720626831055,32.5428550504148,,,
amgtp_global_q,19,0.0934201069176197,0.4862499237060547,0.04513557255268097,0.08439958840608597,0.13572850823402405,0.24848628044128418,33.90223724395037,,,
amgtp_global_q,20,0.1038137823343277,0.5379026532173157,0.04225184768438339,0.08104823529720306,0.13598278164863586,0.20281457901000977,36.35083932429552,,,
amgtp_global_q,21,0.14666929095983505,0.6112372875213623,0.03744775056838989,0.06801042705774307,0.12010329216718674,0.16320131719112396,40.0412577688694,,,
amgtp_global_q,22,0.09473031759262085,0.6586025953292847,0.035820018500089645,0.0599793903529644,0.10720425099134445,0.13839411735534668,42.41986130923033,,,
amgtp_global_q,23,0.015452906489372253,0.655235230922699,0.04097385331988335,0.06235672906041145,0.10739892721176147,0.1340344250202179,42.17043233662844,,,
amgtp_global_q,24,0.0296025350689888,0.6420944333076477,0.04822812229394913,0.06688550114631653,0.10573834180831909,0.1370525360107422,41.433454521000385,,,
amgtp_global_q,25,0.021290794014930725,0.6516603231430054,0.049064576625823975,0.06712952256202698,0.09640716761350632,0.1357392817735672,41.92527265101671,,,
amgtp_global_q,26,0.05528492107987404,0.6793021559715271,0.042232684791088104,0.06089900806546211,0.08541358262300491,0.13215218484401703,43.43108473345637,,,
amgtp_global_q,27,0.059993840754032135,0.7092990875244141,0.03537251427769661,0.054255641996860504,0.07670491188764572,0.12436748296022415,45.03416383638978,,,
amgtp_global_q,28,0.019374392926692963,0.6996122002601624,0.036218710243701935,0.05721046403050423,0.08066026121377945,0.12629862129688263,44.51738464459777,,,
amgtp_global_q,29,0.05346032977104187,0.6728820204734802,0.03896920382976532,0.06218988075852394,0.09014052152633667,0.13581860065460205,43.130904134362936,,,
amgtp_global_q,30,0.025605347007513046,0.6610703468322754,0.04211132228374481,0.06614939868450165,0.09584128856658936,0.13482733070850372,42.46325197815895,,,
amgtp_global_q,31,0.015074208378791809,0.666762113571167,0.04378613829612732,0.06432492285966873,0.09601207822561264,0.12911497056484222,42.72218185663223,,,
amgtp_global_q,32,0.027095977216959,0.6803106069564819,0.04214216023683548,0.06130969151854515,0.09343402832746506,0.12280474603176117,43.4180122949183,,,
amgtp_global_q,33,0.011076744645833969,0.6858479976654053,0.03976743295788765,0.0611017607152462,0.09103851020336151,0.12224356830120087,43.722632102668285,,,
amgtp_global_q,34,0.011319246143102646,0.6802682876586914,0.04111446812748909,0.0637299045920372,0.09095951169729233,0.12392892688512802,43.420122999697924,,,
amgtp_global_q,35,0.02276741713285446,0.6909140348434448,0.04185190424323082,0.061590053141117096,0.08631698787212372,0.11932706832885742,43.95626202598214,,,
amgtp_global_q,36,0.014005016535520554,0.6840328574180603,0.04531043395400047,0.06146855279803276,0.08839012682437897,0.12079773843288422,43.58158676326275,,,
amgtp_global_q,37,0.019740790128707886,0.6741625070571899,0.04670971259474754,0.06181260570883751,0.0915040522813797,0.1258109211921692,43.08377921581268,,,
amgtp_global_q,38,0.023242171853780746,0.6625421047210693,0.04729928448796272,0.06441538780927658,0.09474276751279831,0.13100162148475647,42.49029380455613,,,
amgtp_global_q,39,0.029742788523435593,0.6477518081665039,0.047217682003974915,0.06982550024986267,0.10119665414094925,0.1340085119009018,41.70629841834307,,,
amgtp_global_q,40,0.01221255213022232,0.6535112857818604,0.04583138972520828,0.06998295336961746,0.10138577222824097,0.12928830087184906,41.986194014549255,,,
amgtp_global_q,41,0.007424555718898773,0.6572237014770508,0.04488088935613632,0.06889194250106812,0.09980539977550507,0.12919804453849792,42.192389227449894,,,
amgtp_global_q,42,0.05470200255513191,0.6845747828483582,0.04167706146836281,0.06300797313451767,0.08901306986808777,0.12172725051641464,43.632460948079824,,,
amgtp_global_q,43,0.025308430194854736,0.6972286701202393,0.04043154790997505,0.06204841285943985,0.08322928845882416,0.1170615628361702,44.2817638926208,,,
amgtp_global_q,44,0.02605755627155304,0.684199869632721,0.04198228195309639,0.0685356929898262,0.08491811901330948,0.12036347389221191,43.579097006469965,,,
amgtp_global_q,45,0.03425927832722664,0.6670700907707214,0.043596334755420685,0.07381473481655121,0.08712591230869293,0.1283920854330063,42.6966165676713,,,
amgtp_global_q,46,0.04982524737715721,0.6919829845428467,0.04011654481291771,0.063620924949646,0.07939741760492325,0.12488182634115219,44.05408588424325,,,
amgtp_global_q,47,0.08722895756363869,0.7355977296829224,0.03481145203113556,0.050402313470840454,0.06850703060626984,0.11068170517683029,46.35097526013851,,,
amgtp_global_q,48,0.01608831062912941,0.7430269122123718,0.03515204042196274,0.04878416284918785,0.06878085434436798,0.10425513982772827,46.70415719971061,,,
amgtp_global_q,49,0.05454050377011299,0.7157567739486694,0.03989465534687042,0.05616691708564758,0.07821980863809586,0.10996118187904358,45.24079705029726,,,
amgtp_global_q,50,0.058842141181230545,0.686336100101471,0.045963164418935776,0.0674060583114624,0.0863499864935875,0.11394482105970383,43.628024745732546,,,
amgtp_global_q,51,0.0032857991755008698,0.687081515789032,0.04478217661380768,0.06745047867298126,0.08588819205760956,0.11479800194501877,43.6804139316082,,,
amgtp_global_q,52,0.017532777041196823,0.6912488341331482,0.04062720760703087,0.06346127390861511,0.08526591956615448,0.11939701437950134,43.97436071559787,,,
amgtp_global_q,53,0.06971091032028198,0.6563928127288818,0.041441936045885086,0.06613083183765411,0.09548551589250565,0.14054802060127258,42.25947409495711,,,
amgtp_global_q,54,0.01857662945985794,0.6471045613288879,0.042430270463228226,0.0679599940776825,0.10095374286174774,0.141550675034523,41.76096958294511,,,
amgtp_global_q,55,0.0599597804248333,0.6770845055580139,0.04124033451080322,0.06789769977331161,0.0907958373427391,0.12298097461462021,43.22730827331543,,,
amgtp_global_q,56,0.02944469451904297,0.6905285716056824,0.04086606204509735,0.06917636841535568,0.08584091067314148,0.11358821392059326,43.8712308332324,,,
amgtp_global_q,57,0.011467300355434418,0.6873487830162048,0.04031479358673096,0.06717295199632645,0.08622681349515915,0.11893513798713684,43.75144025683403,,,
amgtp_global_q,58,0.03789948672056198,0.705083966255188,0.03802986443042755,0.057226598262786865,0.07950903475284576,0.1201503798365593,44.75341619551182,,,
amgtp_global_q,59,0.03879353031516075,0.6856873631477356,0.04035283997654915,0.05969417840242386,0.08571455627679825,0.12855122983455658,43.760396275669336,,,
amgtp_global_q,60,0.04709485173225403,0.6621398329734802,0.04150327667593956,0.066232830286026,0.09489221125841141,0.13523180782794952,42.526082534343004,,,
amgtp_global_q,61,0.09971294179558754,0.6180344820022583,0.07051434367895126,0.08480418473482132,0.09716641157865524,0.12948083877563477,39.89989244192839,,,
amgtp_global_q,62,1.1793075390160084,0.16950811445713043,0.5594841241836548,0.18548797070980072,0.043545644730329514,0.04197400063276291,12.17889042571187,,,
amgtp_global_q,63,0.40651565231382847,0.03452688455581665,0.7627421617507935,0.18215635418891907,0.01129127386957407,0.00928360316902399,3.589833659119904,,,
amgtp_global_q,64,0.9761054292321205,0.027072539553046227,0.2866845726966858,0.6702089309692383,0.008945666253566742,0.0070882923901081085,4.083519496023655,,,
amgtp_global_q,65,0.47701511392369866,0.021655846387147903,0.059002701193094254,0.9087167382240295,0.005529941525310278,0.005095275118947029,4.194547141436487,,,
amgtp_global_q,66,0.05648978101089597,0.019962294027209282,0.03388438746333122,0.9369617700576782,0.00463209068402648,0.004560242872685194,4.138775374274701,,,
amgtp_global_q,67,0.025870587211102247,0.016564367339015007,0.025473585352301598,0.9498964548110962,0.004142258781939745,0.00392290111631155,3.9529414172284305,,,
amgtp_global_q,68,0.017494535306468606,0.013750012964010239,0.02042160928249359,0.9586435556411743,0.0037573494482785463,0.0034267064183950424,3.7956283900421113,,,
amgtp_global_q,69,0.004769949009642005,0.012854903936386108,0.018931932747364044,0.9603796601295471,0.004203200805932283,0.00362991401925683,3.7516063512302935,,,
amgtp_global_q,70,0.0032720635645091534,0.01218412909656763,0.017967013642191887,0.9608702659606934,0.004855431616306305,0.004123446997255087,3.723341836594045,,,
amgtp_global_q,71,0.003425729926675558,0.011673366650938988,0.01731976494193077,0.9603152871131897,0.005716629792004824,0.004974988754838705,3.7083338764496148,,,
amgtp_global_q,72,0.006575111299753189,0.011334513314068317,0.017083412036299706,0.9576034545898438,0.007311903405934572,0.006667787674814463,3.7144969259388745,,,
amgtp_global_q,73,0.008267151191830635,0.010727916844189167,0.01653246395289898,0.9546268582344055,0.009185275062918663,0.008927426300942898,3.7133689429610968,,,
amgtp_global_q,74,0.01713041216135025,0.010345392860472202,0.016510996967554092,0.9464662075042725,0.013002906925976276,0.013675564900040627,3.7591114481911063,,,
amgtp_global_q,75,0.02895328402519226,0.009809916839003563,0.01627287082374096,0.932762622833252,0.01894599199295044,0.022208577021956444,3.846697771921754,,,
amgtp_global_q,76,0.09140587225556374,0.00967194139957428,0.016954420134425163,0.8871974349021912,0.03511812165379524,0.0510576069355011,4.2194965574890375,,,
amgtp_global_q,77,0.40403945464640856,0.009503423236310482,0.017353517934679985,0.685346245765686,0.08087693154811859,0.20691944658756256,6.106608422473073,,,
amgtp_global_q,78,0.7194462344050407,0.006486039608716965,0.011664860881865025,0.3343298137187958,0.08435703814029694,0.5631631016731262,9.878599368967116,,,
amgtp_global_q,79,0.5096768031362444,0.0032263321336358786,0.005733137018978596,0.12598064541816711,0.047058288007974625,0.8180005550384521,12.358670787885785,,,
amgtp_global_q,80,0.18250503786839545,0.0021019831765443087,0.003676382126286626,0.056357041001319885,0.02861100062727928,0.9092535972595215,13.22869386174716,,,
amgtp_global_q,81,0.05051111709326506,0.0022720247507095337,0.0038215680979192257,0.036235664039850235,0.023477455601096153,0.9341945648193359,13.491916141938418,,,
amgtp_global_q,82,0.020178377628326416,0.004704165738075972,0.007001686841249466,0.0331546925008297,0.027953393757343292,0.9271853566169739,13.564984457567334,,,
amgtp_global_q,83,0.03498626733198762,0.009512785822153091,0.013138284906744957,0.03431886062026024,0.033336490392684937,0.909691572189331,13.65589945949614,,,
amgtp_global_q,84,0.09909333102405071,0.021233800798654556,0.027268841862678528,0.044980812817811966,0.046370889991521835,0.860146164894104,13.802881866693497,,,
amgtp_global_q,85,0.06769264303147793,0.02929987572133541,0.039440691471099854,0.052255772054195404,0.05270415171980858,0.8262996673583984,13.891324955970049,,,
amgtp_global_q,86,0.01488037221133709,0.027110669761896133,0.04081929475069046,0.050176285207271576,0.049532629549503326,0.8323612213134766,13.817773841321468,,,
amgtp_global_q,87,0.06310697831213474,0.019541462883353233,0.033340953290462494,0.041736096143722534,0.04146713390946388,0.863914966583252,13.716116484254599,,,
amgtp_global_q,88,0.03494113590568304,0.015539937652647495,0.028308318927884102,0.03684639930725098,0.03792039304971695,0.8813855051994324,13.676083600148559,,,
amgtp_global_q,89,0.02245959360152483,0.012864092364907265,0.024845916777849197,0.03296491876244545,0.03671010211110115,0.8926150798797607,13.64916804805398,,,
amgtp_global_q,90,0.010921100154519081,0.01134253665804863,0.023027509450912476,0.030843909829854965,0.03794324770569801,0.8968420624732971,13.617503046989441,,,
amgtp_global_q,91,0.015056043863296509,0.011368395760655403,0.023688847199082375,0.031950417906045914,0.04367835447192192,0.8893148303031921,13.557799952104688,,,
amgtp_global_q,92,0.03967494051903486,0.012813220731914043,0.026884794235229492,0.03673645108938217,0.054088931530714035,0.8694772720336914,13.457191720604897,,,
amgtp_global_q,93,0.038062918931245804,0.014039515517652035,0.029690295457839966,0.04108836129307747,0.06473644077777863,0.850445568561554,13.3547193557024,,,
amgtp_global_q,94,0.044970409013330936,0.015857715159654617,0.03293256461620331,0.04653124511241913,0.07671871781349182,0.8279607892036438,13.252471283078194,,,
amgtp_global_q,95,0.03637654148042202,0.017573190852999687,0.03522459790110588,0.051040805876255035,0.08638953417539597,0.8097721338272095,13.184275079518557,,,
amgtp_global_q,96,0.0044802334159612656,0.01763628050684929,0.03456699475646019,0.051234178245067596,0.08837331831455231,0.8081897497177124,13.17971608415246,,,
amgtp_global_q,97,0.009357830509543419,0.017172912135720253,0.032773613929748535,0.04958993196487427,0.0875958651304245,0.812869131565094,13.205257035791874,,,
amgtp_global_q,98,0.00599667988717556,0.017113931477069855,0.031306590884923935,0.04861027002334595,0.0871017724275589,0.8158660531044006,13.235810440033674,,,
amgtp_global_q,99,0.008544418960809708,0.0167864803224802,0.02972724847495556,0.04723626375198364,0.08611144870519638,0.8201393485069275,13.263355879113078,,,
amgtp_global_q,100,0.003935202956199646,0.017440492287278175,0.02959156222641468,0.04797627404332161,0.08668535202741623,0.8183077573776245,13.283055989071727,,,
amgtp_global_q,101,0.00854441523551941,0.01716928370296955,0.028687691316008568,0.04737022519111633,0.0841938704252243,0.822579562664032,13.306426359340549,,,
amgtp_global_q,102,0.007153084501624107,0.018233222886919975,0.029545240104198456,0.04902452230453491,0.08136562258005142,0.8218305110931396,13.345798693597317,,,
amgtp_global_q,103,0.01424514688551426,0.019567277282476425,0.031013168394565582,0.052021291106939316,0.0826893225312233,0.8147078156471252,13.345848355442286,,,
amgtp_global_q,104,0.026798831298947334,0.02129247970879078,0.033300191164016724,0.056024663150310516,0.08807367086410522,0.8013089299201965,13.313763678073883,,,
amgtp_global_q,105,0.005730519071221352,0.02210158109664917,0.03425750881433487,0.05712403729557991,0.08784609287977219,0.7986717820167542,13.328052084892988,,,
amgtp_global_q,106,0.021907653659582138,0.021319270133972168,0.03297439217567444,0.0544271245598793,0.08165432512760162,0.8096253275871277,13.381746836006641,,,
amgtp_global_q,107,0.012359026819467545,0.02107904851436615,0.032467059791088104,0.05283612385392189,0.07781330496072769,0.8158047795295715,13.421678390353918,,,
amgtp_global_q,108,0.004887152463197708,0.020674768835306168,0.032099053263664246,0.05190401151776314,0.07707404345273972,0.8182482719421387,13.423291329294443,,,
amgtp_global_q,109,0.015252472832798958,0.021564314141869545,0.0334366075694561,0.053496893495321274,0.08088023960590363,0.810621976852417,13.402655489742756,,,
amgtp_global_q,110,0.006043385714292526,0.021026218309998512,0.03255322948098183,0.05206361413002014,0.08071278780698776,0.8136431574821472,13.406310889869928,,,
amgtp_global_q,111,0.006110057234764099,0.021344253793358803,0.03261340409517288,0.052143726497888565,0.08331014215946198,0.8105887770652771,13.40111368522048,,,
amgtp_global_q,112,0.004468267783522606,0.021226927638053894,0.03194848448038101,0.05141051858663559,0.08554388582706451,0.8098697066307068,13.396778792142868,,,
amgtp_global_q,113,0.006182404235005379,0.0218463484197855,0.032114699482917786,0.051877520978450775,0.08738237619400024,0.8067784309387207,13.405102834105492,,,
amgtp_global_q,114,0.013952165842056274,0.023474643006920815,0.03372647240757942,0.05445154383778572,0.08854515850543976,0.7998031377792358,13.422619722783566,,,
amgtp_global_q,115,0.02009454369544983,0.022747820243239403,0.032554347068071365,0.05268242210149765,0.08216558396816254,0.8098500370979309,13.468530435115099,,,
amgtp_global_q,116,0.03190658241510391,0.021326648071408272,0.030381690710783005,0.04941662773489952,0.07307162880897522,0.8258030414581299,13.530974440276623,,,
amgtp_global_q,117,0.03087065927684307,0.019725250080227852,0.02810218743979931,0.04578434303402901,0.06514997035264969,0.8412388563156128,13.582364002242684,,,
amgtp_global_q,118,0.005360398441553116,0.019659804180264473,0.027855435386300087,0.04514751210808754,0.06341884285211563,0.8439190983772278,13.60168549977243,,,
amgtp_global_q,119,0.007352948188781738,0.020014122128486633,0.028268951922655106,0.04578923061490059,0.06568588316440582,0.8402427434921265,13.589683562517166,,,
amgtp_uniform_q,4,,0.20000606775283813,0.20000606775283813,0.20000606775283813,0.20000606775283813,0.20000606775283813,17.00051575899124,,,
amgtp_uniform_q,5,0.0,0.20000606775283813,0.20000606775283813,0.20000606775283813,0.20000606775283813,0.20000606775283813,17.00051575899124,,,
amgtp_uniform_q,6,0.0,0.20000606775283813,0.20000606775283813,0.20000606775283813,0.20000606775283813,0.20000606775283813,17.00051575899124,,,
amgtp_uniform_q,7,0.0,0.20000606775283813,0.20000606775283813,0.20000606775283813,0.20000606775283813,0.20000606775283813,17.00051575899124,,,
amgtp_uniform_q,8,0.0,0.20000606775283813,0.20000606775283813,0.20000606775283813,0.20000606775283813,0.20000606775283813,17.00051575899124,,,
amgtp_uniform_q,9,0.0,0.20000606775283813,0.20000606775283813,0.20000606775283813,0.20000606775283813,0.20000606775283813,17.00051575899124,,,
amgtp_uniform_q,10,0.0,0.20000606775283813,0.20000606775283813,0.20000606775283813,0.20000606775283813,0.20000606775283813,17.00051575899124,,,
amgtp_uniform_q,11,0.0,0.20000606775283813,0.20000606775283813,0.20000606775283813,0.20000606775283813,0.20000606775283813,17.00051575899124,,,
amgtp_uniform_q,12,0.0,0.20000606775283813,0.20000606775283813,0.20000606775283813,0.20000606775283813,0.20000606775283813,17.00051575899124,,,
amgtp_uniform_q,13,0.0,0.20000606775283813,0.20000606775283813,0.20000606775283813,0.20000606775283813,0.20000606775283813,17.00051575899124,,,
amgtp_uniform_q,14,0.0,0.20000606775283813,0.20000606775283813,0.20000606775283813,0.20000606775283813,0.20000606775283813,17.00051575899124,,,
amgtp_uniform_q,15,0.0,0.20000606775283813,0.20000606775283813,0.20000606775283813,0.20000606775283813,0.20000606775283813,17.00051575899124,,,
amgtp_uniform_q,16,0.0,0.20000606775283813,0.20000606775283813,0.20000606775283813,0.20000606775283813,0.20000606775283813,17.00051575899124,,,
amgtp_uniform_q,17,0.0,0.20000606775283813,0.20000606775283813,0.20000606775283813,0.20000606775283813,0.20000606775283813,17.00051575899124,,,
amgtp_uniform_q,18,0.0,0.20000606775283813,0.20000606775283813,0.20000606775283813,0.20000606775283813,0.20000606775283813,17.00051575899124,,,
amgtp_uniform_q,19,0.0,0.20000606775283813,0.20000606775283813,0.20000606775283813,0.20000606775283813,0.20000606775283813,17.00051575899124,,,
amgtp_uniform_q,20,0.0,0.20000606775283813,0.20000606775283813,0.20000606775283813,0.20000606775283813,0.20000606775283813,17.00051575899124,,,
amgtp_uniform_q,21,0.0,0.20000606775283813,0.20000606775283813,0.20000606775283813,0.20000606775283813,0.20000606775283813,17.00051575899124,,,
amgtp_uniform_q,22,0.0,0.20000606775283813,0.20000606775283813,0.20000606775283813,0.20000606775283813,0.20000606775283813,17.00051575899124,,,
amgtp_uniform_q,23,0.0,0.20000606775283813,0.20000606775283813,0.20000606775283813,0.20000606775283813,0.20000606775283813,17.00051575899124,,,
amgtp_uniform_q,24,0.0,0.20000606775283813,0.20000606775283813,0.20000606775283813,0.20000606775283813,0.20000606775283813,17.00051575899124,,,
amgtp_uniform_q,25,0.0,0.20000606775283813,0.20000606775283813,0.20000606775283813,0.20000606775283813,0.20000606775283813,17.00051575899124,,,
amgtp_uniform_q,26,0.0,0.20000606775283813,0.20000606775283813,0.20000606775283813,0.20000606775283813,0.20000606775283813,17.00051575899124,,,
amgtp_uniform_q,27,0.0,0.20000606775283813,0.20000606775283813,0.20000606775283813,0.20000606775283813,0.20000606775283813,17.00051575899124,,,
amgtp_uniform_q,28,0.0,0.20000606775283813,0.20000606775283813,0.20000606775283813,0.20000606775283813,0.20000606775283813,17.00051575899124,,,
amgtp_uniform_q,29,0.0,0.20000606775283813,0.20000606775283813,0.20000606775283813,0.20000606775283813,0.20000606775283813,17.00051575899124,,,
amgtp_uniform_q,30,0.0,0.20000606775283813,0.20000606775283813,0.20000606775283813,0.20000606775283813,0.20000606775283813,17.00051575899124,,,
amgtp_uniform_q,31,0.0,0.20000606775283813,0.20000606775283813,0.20000606775283813,0.20000606775283813,0.20000606775283813,17.00051575899124,,,
amgtp_uniform_q,32,0.0,0.20000606775283813,0.20000606775283813,0.20000606775283813,0.20000606775283813,0.20000606775283813,17.00051575899124,,,
amgtp_uniform_q,33,0.0,0.20000606775283813,0.20000606775283813,0.20000606775283813,0.20000606775283813,0.20000606775283813,17.00051575899124,,,
amgtp_uniform_q,34,0.0,0.20000606775283813,0.20000606775283813,0.20000606775283813,0.20000606775283813,0.20000606775283813,17.00051575899124,,,
amgtp_uniform_q,35,0.0,0.20000606775283813,0.20000606775283813,0.20000606775283813,0.20000606775283813,0.20000606775283813,17.00051575899124,,,
amgtp_uniform_q,36,0.0,0.20000606775283813,0.20000606775283813,0.20000606775283813,0.20000606775283813,0.20000606775283813,17.00051575899124,,,
amgtp_uniform_q,37,0.0,0.20000606775283813,0.20000606775283813,0.20000606775283813,0.20000606775283813,0.20000606775283813,17.00051575899124,,,
amgtp_uniform_q,38,0.0,0.20000606775283813,0.20000606775283813,0.20000606775283813,0.20000606775283813,0.20000606775283813,17.00051575899124,,,
amgtp_uniform_q,39,0.0,0.20000606775283813,0.20000606775283813,0.20000606775283813,0.20000606775283813,0.20000606775283813,17.00051575899124,,,
amgtp_uniform_q,40,0.0,0.20000606775283813,0.20000606775283813,0.20000606775283813,0.20000606775283813,0.20000606775283813,17.00051575899124,,,
amgtp_uniform_q,41,0.0,0.20000606775283813,0.20000606775283813,0.20000606775283813,0.20000606775283813,0.20000606775283813,17.00051575899124,,,
amgtp_uniform_q,42,0.0,0.20000606775283813,0.20000606775283813,0.20000606775283813,0.20000606775283813,0.20000606775283813,17.00051575899124,,,
amgtp_uniform_q,43,0.0,0.20000606775283813,0.20000606775283813,0.20000606775283813,0.20000606775283813,0.20000606775283813,17.00051575899124,,,
amgtp_uniform_q,44,0.0,0.20000606775283813,0.20000606775283813,0.20000606775283813,0.20000606775283813,0.20000606775283813,17.00051575899124,,,
amgtp_uniform_q,45,0.0,0.20000606775283813,0.20000606775283813,0.20000606775283813,0.20000606775283813,0.20000606775283813,17.00051575899124,,,
amgtp_uniform_q,46,0.0,0.20000606775283813,0.20000606775283813,0.20000606775283813,0.20000606775283813,0.20000606775283813,17.00051575899124,,,
amgtp_uniform_q,47,0.0,0.20000606775283813,0.20000606775283813,0.20000606775283813,0.20000606775283813,0.20000606775283813,17.00051575899124,,,
amgtp_uniform_q,48,0.0,0.20000606775283813,0.20000606775283813,0.20000606775283813,0.20000606775283813,0.20000606775283813,17.00051575899124,,,
amgtp_uniform_q,49,0.0,0.20000606775283813,0.20000606775283813,0.20000606775283813,0.20000606775283813,0.20000606775283813,17.00051575899124,,,
amgtp_uniform_q,50,0.0,0.20000606775283813,0.20000606775283813,0.20000606775283813,0.20000606775283813,0.20000606775283813,17.00051575899124,,,
amgtp_uniform_q,51,0.0,0.20000606775283813,0.20000606775283813,0.20000606775283813,0.20000606775283813,0.20000606775283813,17.00051575899124,,,
amgtp_uniform_q,52,0.0,0.20000606775283813,0.20000606775283813,0.20000606775283813,0.20000606775283813,0.20000606775283813,17.00051575899124,,,
amgtp_uniform_q,53,0.0,0.20000606775283813,0.20000606775283813,0.20000606775283813,0.20000606775283813,0.20000606775283813,17.00051575899124,,,
amgtp_uniform_q,54,0.0,0.20000606775283813,0.20000606775283813,0.20000606775283813,0.20000606775283813,0.20000606775283813,17.00051575899124,,,
amgtp_uniform_q,55,0.0,0.20000606775283813,0.20000606775283813,0.20000606775283813,0.20000606775283813,0.20000606775283813,17.00051575899124,,,
amgtp_uniform_q,56,0.0,0.20000606775283813,0.20000606775283813,0.20000606775283813,0.20000606775283813,0.20000606775283813,17.00051575899124,,,
amgtp_uniform_q,57,0.0,0.20000606775283813,0.20000606775283813,0.20000606775283813,0.20000606775283813,0.20000606775283813,17.00051575899124,,,
amgtp_uniform_q,58,0.0,0.20000606775283813,0.20000606775283813,0.20000606775283813,0.20000606775283813,0.20000606775283813,17.00051575899124,,,
amgtp_uniform_q,59,0.0,0.20000606775283813,0.20000606775283813,0.20000606775283813,0.20000606775283813,0.20000606775283813,17.00051575899124,,,
amgtp_uniform_q,60,0.0,0.20000606775283813,0.20000606775283813,0.20000606775283813,0.20000606775283813,0.20000606775283813,17.00051575899124,,,
amgtp_uniform_q,61,0.0,0.20000606775283813,0.20000606775283813,0.20000606775283813,0.20000606775283813,0.20000606775283813,17.00051575899124,,,
amgtp_uniform_q,62,0.0,0.20000606775283813,0.20000606775283813,0.20000606775283813,0.20000606775283813,0.20000606775283813,17.00051575899124,,,
amgtp_uniform_q,63,0.0,0.20000606775283813,0.20000606775283813,0.20000606775283813,0.20000606775283813,0.20000606775283813,17.00051575899124,,,
amgtp_uniform_q,64,0.0,0.20000606775283813,0.20000606775283813,0.20000606775283813,0.20000606775283813,0.20000606775283813,17.00051575899124,,,
amgtp_uniform_q,65,0.0,0.20000606775283813,0.20000606775283813,0.20000606775283813,0.20000606775283813,0.20000606775283813,17.00051575899124,,,
amgtp_uniform_q,66,0.0,0.20000606775283813,0.20000606775283813,0.20000606775283813,0.20000606775283813,0.20000606775283813,17.00051575899124,,,
amgtp_uniform_q,67,0.0,0.20000606775283813,0.20000606775283813,0.20000606775283813,0.20000606775283813,0.20000606775283813,17.00051575899124,,,
amgtp_uniform_q,68,0.0,0.20000606775283813,0.20000606775283813,0.20000606775283813,0.20000606775283813,0.20000606775283813,17.00051575899124,,,
amgtp_uniform_q,69,0.0,0.20000606775283813,0.20000606775283813,0.20000606775283813,0.20000606775283813,0.20000606775283813,17.00051575899124,,,
amgtp_uniform_q,70,0.0,0.20000606775283813,0.20000606775283813,0.20000606775283813,0.20000606775283813,0.20000606775283813,17.00051575899124,,,
amgtp_uniform_q,71,0.0,0.20000606775283813,0.20000606775283813,0.20000606775283813,0.20000606775283813,0.20000606775283813,17.00051575899124,,,
amgtp_uniform_q,72,0.0,0.20000606775283813,0.20000606775283813,0.20000606775283813,0.20000606775283813,0.20000606775283813,17.00051575899124,,,
amgtp_uniform_q,73,0.0,0.20000606775283813,0.20000606775283813,0.20000606775283813,0.20000606775283813,0.20000606775283813,17.00051575899124,,,
amgtp_uniform_q,74,0.0,0.20000606775283813,0.20000606775283813,0.20000606775283813,0.20000606775283813,0.20000606775283813,17.00051575899124,,,
amgtp_uniform_q,75,0.0,0.20000606775283813,0.20000606775283813,0.20000606775283813,0.20000606775283813,0.20000606775283813,17.00051575899124,,,
amgtp_uniform_q,76,0.0,0.20000606775283813,0.20000606775283813,0.20000606775283813,0.20000606775283813,0.20000606775283813,17.00051575899124,,,
amgtp_uniform_q,77,0.0,0.20000606775283813,0.20000606775283813,0.20000606775283813,0.20000606775283813,0.20000606775283813,17.00051575899124,,,
amgtp_uniform_q,78,0.0,0.20000606775283813,0.20000606775283813,0.20000606775283813,0.20000606775283813,0.20000606775283813,17.00051575899124,,,
amgtp_uniform_q,79,0.0,0.20000606775283813,0.20000606775283813,0.20000606775283813,0.20000606775283813,0.20000606775283813,17.00051575899124,,,
amgtp_uniform_q,80,0.0,0.20000606775283813,0.20000606775283813,0.20000606775283813,0.20000606775283813,0.20000606775283813,17.00051575899124,,,
amgtp_uniform_q,81,0.0,0.20000606775283813,0.20000606775283813,0.20000606775283813,0.20000606775283813,0.20000606775283813,17.00051575899124,,,
amgtp_uniform_q,82,0.0,0.20000606775283813,0.20000606775283813,0.20000606775283813,0.20000606775283813,0.20000606775283813,17.00051575899124,,,
amgtp_uniform_q,83,0.0,0.20000606775283813,0.20000606775283813,0.20000606775283813,0.20000606775283813,0.20000606775283813,17.00051575899124,,,
amgtp_uniform_q,84,0.0,0.20000606775283813,0.20000606775283813,0.20000606775283813,0.20000606775283813,0.20000606775283813,17.00051575899124,,,
amgtp_uniform_q,85,0.0,0.20000606775283813,0.20000606775283813,0.20000606775283813,0.20000606775283813,0.20000606775283813,17.00051575899124,,,
amgtp_uniform_q,86,0.0,0.20000606775283813,0.20000606775283813,0.20000606775283813,0.20000606775283813,0.20000606775283813,17.00051575899124,,,
amgtp_uniform_q,87,0.0,0.20000606775283813,0.20000606775283813,0.20000606775283813,0.20000606775283813,0.20000606775283813,17.00051575899124,,,
amgtp_uniform_q,88,0.0,0.20000606775283813,0.20000606775283813,0.20000606775283813,0.20000606775283813,0.20000606775283813,17.00051575899124,,,
amgtp_uniform_q,89,0.0,0.20000606775283813,0.20000606775283813,0.20000606775283813,0.20000606775283813,0.20000606775283813,17.00051575899124,,,
amgtp_uniform_q,90,0.0,0.20000606775283813,0.20000606775283813,0.20000606775283813,0.20000606775283813,0.20000606775283813,17.00051575899124,,,
amgtp_uniform_q,91,0.0,0.20000606775283813,0.20000606775283813,0.20000606775283813,0.20000606775283813,0.20000606775283813,17.00051575899124,,,
amgtp_uniform_q,92,0.0,0.20000606775283813,0.20000606775283813,0.20000606775283813,0.20000606775283813,0.20000606775283813,17.00051575899124,,,
amgtp_uniform_q,93,0.0,0.20000606775283813,0.20000606775283813,0.20000606775283813,0.20000606775283813,0.20000606775283813,17.00051575899124,,,
amgtp_uniform_q,94,0.0,0.20000606775283813,0.20000606775283813,0.20000606775283813,0.20000606775283813,0.20000606775283813,17.00051575899124,,,
amgtp_uniform_q,95,0.0,0.20000606775283813,0.20000606775283813,0.20000606775283813,0.20000606775283813,0.20000606775283813,17.00051575899124,,,
amgtp_uniform_q,96,0.0,0.20000606775283813,0.20000606775283813,0.20000606775283813,0.20000606775283813,0.20000606775283813,17.00051575899124,,,
amgtp_uniform_q,97,0.0,0.20000606775283813,0.20000606775283813,0.20000606775283813,0.20000606775283813,0.20000606775283813,17.00051575899124,,,
amgtp_uniform_q,98,0.0,0.20000606775283813,0.20000606775283813,0.20000606775283813,0.20000606775283813,0.20000606775283813,17.00051575899124,,,
amgtp_uniform_q,99,0.0,0.20000606775283813,0.20000606775283813,0.20000606775283813,0.20000606775283813,0.20000606775283813,17.00051575899124,,,
amgtp_uniform_q,100,0.0,0.20000606775283813,0.20000606775283813,0.20000606775283813,0.20000606775283813,0.20000606775283813,17.00051575899124,,,
amgtp_uniform_q,101,0.0,0.20000606775283813,0.20000606775283813,0.20000606775283813,0.20000606775283813,0.20000606775283813,17.00051575899124,,,
amgtp_uniform_q,102,0.0,0.20000606775283813,0.20000606775283813,0.20000606775283813,0.20000606775283813,0.20000606775283813,17.00051575899124,,,
amgtp_uniform_q,103,0.0,0.20000606775283813,0.20000606775283813,0.20000606775283813,0.20000606775283813,0.20000606775283813,17.00051575899124,,,
amgtp_uniform_q,104,0.0,0.20000606775283813,0.20000606775283813,0.20000606775283813,0.20000606775283813,0.20000606775283813,17.00051575899124,,,
amgtp_uniform_q,105,0.0,0.20000606775283813,0.20000606775283813,0.20000606775283813,0.20000606775283813,0.20000606775283813,17.00051575899124,,,
amgtp_uniform_q,106,0.0,0.20000606775283813,0.20000606775283813,0.20000606775283813,0.20000606775283813,0.20000606775283813,17.00051575899124,,,
amgtp_uniform_q,107,0.0,0.20000606775283813,0.20000606775283813,0.20000606775283813,0.20000606775283813,0.20000606775283813,17.00051575899124,,,
amgtp_uniform_q,108,0.0,0.20000606775283813,0.20000606775283813,0.20000606775283813,0.20000606775283813,0.20000606775283813,17.00051575899124,,,
amgtp_uniform_q,109,0.0,0.20000606775283813,0.20000606775283813,0.20000606775283813,0.20000606775283813,0.20000606775283813,17.00051575899124,,,
amgtp_uniform_q,110,0.0,0.20000606775283813,0.20000606775283813,0.20000606775283813,0.20000606775283813,0.20000606775283813,17.00051575899124,,,
amgtp_uniform_q,111,0.0,0.20000606775283813,0.20000606775283813,0.20000606775283813,0.20000606775283813,0.20000606775283813,17.00051575899124,,,
amgtp_uniform_q,112,0.0,0.20000606775283813,0.20000606775283813,0.20000606775283813,0.20000606775283813,0.20000606775283813,17.00051575899124,,,
amgtp_uniform_q,113,0.0,0.20000606775283813,0.20000606775283813,0.20000606775283813,0.20000606775283813,0.20000606775283813,17.00051575899124,,,
amgtp_uniform_q,114,0.0,0.20000606775283813,0.20000606775283813,0.20000606775283813,0.20000606775283813,0.20000606775283813,17.00051575899124,,,
amgtp_uniform_q,115,0.0,0.20000606775283813,0.20000606775283813,0.20000606775283813,0.20000606775283813,0.20000606775283813,17.00051575899124,,,
amgtp_uniform_q,116,0.0,0.20000606775283813,0.20000606775283813,0.20000606775283813,0.20000606775283813,0.20000606775283813,17.00051575899124,,,
amgtp_uniform_q,117,0.0,0.20000606775283813,0.20000606775283813,0.20000606775283813,0.20000606775283813,0.20000606775283813,17.00051575899124,,,
amgtp_uniform_q,118,0.0,0.20000606775283813,0.20000606775283813,0.20000606775283813,0.20000606775283813,0.20000606775283813,17.00051575899124,,,
amgtp_uniform_q,119,0.0,0.20000606775283813,0.20000606775283813,0.20000606775283813,0.20000606775283813,0.20000606775283813,17.00051575899124,,,
amgtp_no_state,4,,0.20000606775283813,0.20000606775283813,0.20000606775283813,0.20000606775283813,0.20000606775283813,17.00051575899124,,,
amgtp_no_state,5,0.24820686131715775,0.2364434152841568,0.07588746398687363,0.21478228271007538,0.2364434152841568,0.2364434152841568,19.8721509501338,,,
amgtp_no_state,6,0.3023546226322651,0.2868359088897705,0.047841716557741165,0.09165088832378387,0.2868359088897705,0.2868359088897705,23.556503001600504,,,
amgtp_no_state,7,0.07624359801411629,0.29954302310943604,0.038575105369091034,0.0627952441573143,0.29954302310943604,0.29954302310943604,24.489945709705353,,,
amgtp_no_state,8,0.0193183496594429,0.30276259779930115,0.03537314012646675,0.05633758381009102,0.30276259779930115,0.30276259779930115,24.728156313300133,,,
amgtp_no_state,9,0.07032785192131996,0.3157670199871063,0.03859361633658409,0.06227321922779083,0.2675997018814087,0.3157670199871063,25.465370666235685,,,
amgtp_no_state,10,0.14809363707900047,0.3435596525669098,0.04573993384838104,0.07358800619840622,0.1935524344444275,0.3435596525669098,27.044785283505917,,,
amgtp_no_state,11,0.11643290147185326,0.3696582019329071,0.04766612872481346,0.07768138498067856,0.13533620536327362,0.3696582019329071,28.58277066424489,,,
amgtp_no_state,12,0.07986727356910706,0.3896249532699585,0.04282334819436073,0.071644626557827,0.10628197342157364,0.3896249532699585,29.833977583795786,,,
amgtp_no_state,13,0.04525899887084961,0.4009396433830261,0.038624998182058334,0.0664243996143341,0.09307093173265457,0.4009396433830261,30.558928329497576,,,
amgtp_no_state,14,0.03412569314241409,0.40947118401527405,0.03558238223195076,0.059447698295116425,0.08602763712406158,0.40947118401527405,31.11698655411601,,,
amgtp_no_state,15,0.0054444000124931335,0.40903612971305847,0.035719212144613266,0.05759575963020325,0.08861315995454788,0.40903612971305847,31.097472209483385,,,
amgtp_no_state,16,0.045877065509557724,0.413290798664093,0.03761943057179451,0.06030423566699028,0.1026882529258728,0.3860975205898285,31.140163116157055,,,
amgtp_no_state,17,0.13233378902077675,0.4605640470981598,0.037495147436857224,0.06282900273799896,0.11905684322118759,0.3200546205043793,33.173987571150064,,,
amgtp_no_state,18,0.1334490329027176,0.503625750541687,0.034816596657037735,0.06642915308475494,0.1391194462776184,0.2560085952281952,35.009605545550585,,,
amgtp_no_state,19,0.11717645265161991,0.5622141361236572,0.030889766290783882,0.06475762277841568,0.13397081196308136,0.20816752314567566,37.81015180982649,,,
amgtp_no_state,20,0.12451981566846371,0.6244744062423706,0.027430038899183273,0.05892285704612732,0.11868823319673538,0.17048504948616028,40.89027130976319,,,
amgtp_no_state,21,0.12494996190071106,0.6869493126869202,0.02446833997964859,0.048825908452272415,0.09798579663038254,0.1417710781097412,44.05860049650073,,,
amgtp_no_state,22,0.04726663418114185,0.709719717502594,0.02533075399696827,0.04562848433852196,0.0904076024889946,0.12891288101673126,45.183032808825374,,,
amgtp_no_state,23,0.08458304591476917,0.6674283146858215,0.03531209006905556,0.05441959574818611,0.10204100608825684,0.1407986730337143,42.929738223552704,,,
amgtp_no_state,24,0.030796334147453308,0.6570122241973877,0.040246471762657166,0.05653850734233856,0.09705912321805954,0.1491437405347824,42.398021675646305,,,
amgtp_no_state,25,0.11774110794067383,0.7158828377723694,0.030437234789133072,0.04657861217856407,0.07471879571676254,0.13238270580768585,45.49953278899193,,,
amgtp_no_state,26,0.06040534935891628,0.7460852861404419,0.024006342515349388,0.04041725769639015,0.06356155127286911,0.12592929601669312,47.11831628717482,,,
amgtp_no_state,27,0.005786258727312088,0.7482234835624695,0.022586705163121223,0.040275078266859055,0.06222996115684509,0.12668395042419434,47.246005987748504,,,
amgtp_no_state,28,0.07387176156044006,0.7112880945205688,0.02767805941402912,0.04895121231675148,0.07521038502454758,0.13687241077423096,45.29450381360948,,,
amgtp_no_state,29,0.06366724334657192,0.6794545650482178,0.030915118753910065,0.052534524351358414,0.0896250531077385,0.147471085190773,43.64776315912604,,,
amgtp_no_state,30,0.08386684581637383,0.721387505531311,0.028481509536504745,0.047059956938028336,0.07970216125249863,0.12336824834346771,45.73798231780529,,,
amgtp_no_state,31,0.07205460034310818,0.7574152946472168,0.026425151154398918,0.041902344673871994,0.06960544735193253,0.10465212166309357,47.54941769875586,,,
amgtp_no_state,32,0.006803330034017563,0.7592238783836365,0.0266841072589159,0.04298270121216774,0.069858618080616,0.10124985873699188,47.615573262795806,,,
amgtp_no_state,33,0.05731825716793537,0.7305650115013123,0.028485987335443497,0.04984496906399727,0.07742268592119217,0.11368103325366974,46.14541485160589,,,
amgtp_no_state,34,0.022088028490543365,0.7195213437080383,0.029833968728780746,0.0519690178334713,0.07982924580574036,0.11884680390357971,45.57968162000179,,,
amgtp_no_state,35,0.0822847317904234,0.7606639266014099,0.026733553037047386,0.04247303679585457,0.06674796342849731,0.10338233411312103,47.70857668109238,,,
amgtp_no_state,36,0.0045353807508945465,0.7611698508262634,0.028494862839579582,0.0407940149307251,0.06665315479040146,0.10288801789283752,47.728072291240096,,,
amgtp_no_state,37,0.06639815680682659,0.7279706001281738,0.032448869198560715,0.04548245668411255,0.07588813453912735,0.11820949614048004,46.03328213468194,,,
amgtp_no_state,38,0.06071898341178894,0.6976117491722107,0.03372915834188461,0.050600770860910416,0.08411874622106552,0.1339404135942459,44.50623343512416,,,
amgtp_no_state,39,0.0399806834757328,0.6785587072372437,0.032791391015052795,0.05636773258447647,0.09430785477161407,0.13797421753406525,43.50721105188131,,,
amgtp_no_state,40,0.0693422295153141,0.7132298946380615,0.0295182466506958,0.05213134363293648,0.08724555373191833,0.11787500977516174,45.24067496880889,,,
amgtp_no_state,41,0.02905387431383133,0.7277568578720093,0.029050424695014954,0.050370875746011734,0.08157739788293839,0.11124454438686371,45.97403993085027,,,
amgtp_no_state,42,0.05341400019824505,0.7544636130332947,0.027491042390465736,0.045981515198946,0.06930273026227951,0.10276070982217789,47.35702141933143,,,
amgtp_no_state,43,0.006593892350792885,0.7548825144767761,0.02767108380794525,0.04718400537967682,0.06600590795278549,0.10425634682178497,47.38380417972803,,,
amgtp_no_state,44,0.05700923688709736,0.7263779044151306,0.02952028624713421,0.05495228245854378,0.07144894450902939,0.11770045757293701,45.925000416114926,,,
amgtp_no_state,45,0.054550739005208015,0.6991021037101746,0.03075728565454483,0.05910717323422432,0.0761120468378067,0.1349204033613205,44.575875002890825,,,
amgtp_no_state,46,0.08152506686747074,0.7398656606674194,0.025873562321066856,0.045621659606695175,0.06458752602338791,0.12405265122652054,46.74352798052132,,,
amgtp_no_state,47,0.0974783468991518,0.7886041402816772,0.021913599222898483,0.035482682287693024,0.053103212267160416,0.10089603811502457,49.22887708246708,,,
amgtp_no_state,48,0.012942226603627205,0.7890647649765015,0.02411317266523838,0.036830753087997437,0.0555659681558609,0.09442483633756638,49.189400816336274,,,
amgtp_no_state,49,0.08017364516854286,0.7489781975746155,0.030392738059163094,0.0471150241792202,0.0696975365281105,0.10381650924682617,47.05174355022609,,,
amgtp_no_state,50,0.030125269666314125,0.7358697652816772,0.032744038850069046,0.05495224520564079,0.07457135617733002,0.10186201333999634,46.297854371368885,,,
amgtp_no_state,51,0.04267542622983456,0.7572075724601746,0.028222383931279182,0.0490814670920372,0.06821094453334808,0.09727723896503448,47.447279090061784,,,
amgtp_no_state,52,0.017635179683566093,0.7561089396476746,0.025250107049942017,0.045261312276124954,0.06728384643793106,0.10609425604343414,47.483876932412386,,,
amgtp_no_state,53,0.15568766742944717,0.6782659292221069,0.028248220682144165,0.051364999264478683,0.08366619795560837,0.1584547609090805,43.68232901021838,,,
amgtp_no_state,54,0.026626668870449066,0.6846247315406799,0.029841631650924683,0.052653152495622635,0.08773913234472275,0.1451413929462433,43.911438409239054,,,
amgtp_no_state,55,0.15192331932485104,0.7605863213539124,0.02620367519557476,0.047726862132549286,0.06709248572587967,0.09839055687189102,47.651678739115596,,,
amgtp_no_state,56,0.036934567615389824,0.7774671316146851,0.02545255795121193,0.04931279644370079,0.062425874173641205,0.0853404626250267,48.45316644012928,,,
amgtp_no_state,57,0.06350646540522575,0.7457147836685181,0.028068460524082184,0.054998915642499924,0.07233641296625137,0.09888201951980591,46.82665539160371,,,
amgtp_no_state,58,0.03342949040234089,0.7425112128257751,0.02737494744360447,0.04559050500392914,0.06892689317464828,0.11559649556875229,46.81565842218697,,,
amgtp_no_state,59,0.0660778321325779,0.7094722390174866,0.02872210182249546,0.04634285345673561,0.07567822933197021,0.13978451490402222,45.222815817222,,,
amgtp_no_state,60,0.0568988062441349,0.6810982823371887,0.02864651568233967,0.05174046754837036,0.08528439700603485,0.1532299965620041,43.791975589469075,,,
amgtp_no_state,61,0.38395154289901257,0.5238313674926758,0.1425236314535141,0.11649727076292038,0.09862631559371948,0.11852120608091354,34.27157858759165,,,
amgtp_no_state,62,1.0532693602144718,0.22380150854587555,0.6691583395004272,0.03370122238993645,0.029470540583133698,0.04386823624372482,15.018801610916853,,,
amgtp_no_state,63,0.25010386668145657,0.1437949389219284,0.7942106127738953,0.015862789005041122,0.018263395875692368,0.027868790552020073,9.98750215396285,,,
amgtp_no_state,64,0.09251064620912075,0.11176804453134537,0.8404636383056641,0.011956436559557915,0.014163322746753693,0.021644489839673042,7.984581736847758,,,
amgtp_no_state,65,0.014156168326735497,0.10686420649290085,0.8475475907325745,0.011359398253262043,0.013542481698095798,0.02069399133324623,7.677991425618529,,,
amgtp_no_state,66,0.019027921371161938,0.11350616812705994,0.8380300402641296,0.012061845511198044,0.014410414732992649,0.021992020308971405,8.093346851877868,,,
amgtp_no_state,67,0.029121258296072483,0.12360525876283646,0.8234703540802002,0.01316116563975811,0.01577720232307911,0.0239883940666914,8.725547309964895,,,
amgtp_no_state,68,0.02824300993233919,0.133270725607872,0.809348464012146,0.014234083704650402,0.017190352082252502,0.025957979261875153,9.332038425840437,,,
amgtp_no_state,69,0.019847138784825802,0.1396503746509552,0.7994235157966614,0.01503034494817257,0.018434779718518257,0.027459831908345222,9.737018134444952,,,
amgtp_no_state,70,0.012267057783901691,0.1429143100976944,0.7932915687561035,0.015589178539812565,0.01958984136581421,0.02861711196601391,9.9526861673221,,,
amgtp_no_state,71,0.00869703572243452,0.14407627284526825,0.7889426946640015,0.016109993681311607,0.021074676886200905,0.029797660186886787,10.046539027243853,,,
amgtp_no_state,72,0.012486359104514122,0.14376220107078552,0.7830124497413635,0.016947157680988312,0.024475321173667908,0.031801894307136536,10.076139755547047,,,
amgtp_no_state,73,0.04504041001200676,0.14241622388362885,0.7618390321731567,0.018439948558807373,0.04066851735115051,0.036636922508478165,10.159728847444057,,,
amgtp_no_state,74,0.13281615637242794,0.1395300328731537,0.6993554830551147,0.017439110204577446,0.10707593709230423,0.03659876435995102,10.385389046743512,,,
amgtp_no_state,75,0.08581161685287952,0.13417600095272064,0.6671198606491089,0.01605794206261635,0.14998221397399902,0.03266424685716629,10.273028697818518,,,
amgtp_no_state,76,0.09916654694825411,0.12628501653671265,0.6275200247764587,0.015244877897202969,0.19956552982330322,0.0313849002122879,10.08670296240598,,,
amgtp_no_state,77,0.1334400586783886,0.11531426757574081,0.5722545385360718,0.014760500751435757,0.2657943069934845,0.03187556937336922,9.842210215516388,,,
amgtp_no_state,78,0.17854149732738733,0.10145646333694458,0.4968423545360565,0.017101634293794632,0.3448743522167206,0.0397258996963501,9.60581811890006,,,
amgtp_no_state,79,0.19458235427737236,0.09328894317150116,0.40771815180778503,0.033358000218868256,0.3845713436603546,0.0810631737112999,9.93201258033514,,,
amgtp_no_state,80,0.28348709270358086,0.08982919156551361,0.3106926381587982,0.04965321347117424,0.3433128297328949,0.20651127398014069,11.143751416355371,,,
amgtp_no_state,81,0.6448593735694885,0.05533146113157272,0.2074461430311203,0.025761354714632034,0.18251924216747284,0.5289409756660461,12.287426229566336,,,
amgtp_no_state,82,0.4306298568844795,0.030919909477233887,0.12709781527519226,0.011637065559625626,0.08608829975128174,0.7442557215690613,13.039401780813932,,,
amgtp_no_state,83,0.2091050809249282,0.018351174890995026,0.0762740895152092,0.007031855173408985,0.049533694982528687,0.8488085269927979,13.428495391272008,,,
amgtp_no_state,84,0.10648122103884816,0.011925819329917431,0.047054488211870193,0.006160752382129431,0.03280925005674362,0.9020492434501648,13.639440063852817,,,
amgtp_no_state,85,0.041379844304174185,0.009802145883440971,0.03251108527183533,0.010312255471944809,0.02878672443330288,0.9185879826545715,13.71331543289125,,,
amgtp_no_state,86,0.07255213335156441,0.012948893010616302,0.030576203018426895,0.03041902929544449,0.04180905967950821,0.8842465877532959,13.570882517844439,,,
amgtp_no_state,87,0.13114029355347157,0.018241548910737038,0.036062195897102356,0.062419693917036057,0.06459998339414597,0.8186765313148499,13.231485534459352,,,
amgtp_no_state,88,0.06208969000726938,0.014756300486624241,0.03008125349879265,0.047921113669872284,0.057519666850566864,0.8497211337089539,13.357956163585186,,,
amgtp_no_state,89,0.10791689623147249,0.009115958586335182,0.020374903455376625,0.026500899344682693,0.040328092873096466,0.9036795496940613,13.580645462498069,,,
amgtp_no_state,90,0.05434209993109107,0.006168039981275797,0.014585079625248909,0.017483938485383987,0.03091212920844555,0.9308509826660156,13.685417955741286,,,
amgtp_no_state,91,0.0075767491944134235,0.00546878669410944,0.012780276127159595,0.016245588660240173,0.030866198241710663,0.9346393942832947,13.690659151412547,,,
amgtp_no_state,92,0.03466404648497701,0.006613066885620356,0.014584608376026154,0.02122790738940239,0.040267057716846466,0.9173071384429932,13.599221685901284,,,
amgtp_no_state,93,0.06002899678424001,0.008667525835335255,0.018215037882328033,0.0297528263181448,0.056071195751428604,0.8872920870780945,13.4421126563102,,,
amgtp_no_state,94,0.054232255555689335,0.010898398235440254,0.021605076268315315,0.03586896136403084,0.07145123928785324,0.8601769208908081,13.32575142197311,,,
amgtp_no_state,95,0.008188659325242043,0.01146230474114418,0.021664245054125786,0.0347941517829895,0.07492262125015259,0.8571575284004211,13.33844873122871,,,
amgtp_no_state,96,0.04905336629599333,0.009699658490717411,0.018104422837495804,0.027041735127568245,0.06347014009952545,0.8816835284233093,13.469069516286254,,,
amgtp_no_state,97,0.030843191780149937,0.008530140854418278,0.0155516741797328,0.02283661998808384,0.055976077914237976,0.8971052765846252,13.5471764029935,,,
amgtp_no_state,98,0.0024948520585894585,0.008613630197942257,0.014993956312537193,0.023461224511265755,0.05651513487100601,0.8964152932167053,13.547615490853786,,,
amgtp_no_state,99,0.017593287862837315,0.00925484485924244,0.015473989769816399,0.026477310806512833,0.06117558851838112,0.8876197934150696,13.505102841183543,,,
amgtp_no_state,100,0.030792086385190487,0.010525275953114033,0.01691022701561451,0.032282255589962006,0.06805988401174545,0.8722236156463623,13.432823358103633,,,
amgtp_no_state,101,0.0038820086047053337,0.010507600381970406,0.016935301944613457,0.034197840839624405,0.06708142161369324,0.8712784051895142,13.417452471330762,,,
amgtp_no_state,102,0.035379523411393166,0.0098570566624403,0.01596899703145027,0.030564147979021072,0.0546414889395237,0.8889674544334412,13.527119625359774,,,
amgtp_no_state,103,0.008570225909352303,0.010526210069656372,0.01724744588136673,0.032902106642723083,0.054395873099565506,0.8849284052848816,13.51729515567422,,,
amgtp_no_state,104,0.02810034528374672,0.011696144938468933,0.01965736597776413,0.03693530708551407,0.06083238124847412,0.8708776235580444,13.450345382094383,,,
amgtp_no_state,105,0.022999465465545654,0.011055124923586845,0.018915219232439995,0.03217674419283867,0.055475302040576935,0.8823782801628113,13.520375983789563,,,
amgtp_no_state,106,0.038332405500113964,0.009747258387506008,0.016769299283623695,0.025683995336294174,0.046255722641944885,0.9015445709228516,13.624070839956403,,,
amgtp_no_state,107,0.004117718897759914,0.010010676458477974,0.017241360619664192,0.024948082864284515,0.04493232071399689,0.9028674960136414,13.647397385910153,,,
amgtp_no_state,108,0.029847079887986183,0.01128317229449749,0.01975684054195881,0.029799656942486763,0.05121651664376259,0.8879441618919373,13.575880032032728,,,
amgtp_no_state,109,0.03754257597029209,0.012724030762910843,0.022283826023340225,0.036263108253479004,0.05955585092306137,0.869172215461731,13.47981696948409,,,
amgtp_no_state,110,0.022583894431591034,0.011475266888737679,0.019495798274874687,0.03322821855545044,0.05533585697412491,0.8804644346237183,13.521549550816417,,,
amgtp_no_state,111,0.012780626304447651,0.010912279598414898,0.01762983575463295,0.030844245105981827,0.053758129477500916,0.8868544101715088,13.557167995721102,,,
amgtp_no_state,112,0.006178713403642178,0.010624628514051437,0.0162860956043005,0.029386842623353004,0.054377079010009766,0.8893253803253174,13.573119211941957,,,
amgtp_no_state,113,0.012701774947345257,0.011590796522796154,0.01664571277797222,0.030667195096611977,0.05812160298228264,0.8829742670059204,13.572586048394442,,,
amgtp_no_state,114,0.03541122656315565,0.014074398204684258,0.01924503594636917,0.03677554056048393,0.06463689357042313,0.8652696013450623,13.54026822373271,,,
amgtp_no_state,115,0.02084751706570387,0.013634671457111835,0.018460148945450783,0.034290555864572525,0.057922158390283585,0.8756927847862244,13.604566199705005,,,
amgtp_no_state,116,0.042309101670980453,0.011814475990831852,0.016035325825214386,0.029072439298033714,0.046230416744947433,0.8968470096588135,13.691592255607247,,,
amgtp_no_state,117,0.03000161424279213,0.01035960204899311,0.014233163557946682,0.02518186904489994,0.03837710991501808,0.911847710609436,13.745862611569464,,,
amgtp_no_state,118,0.002810770645737648,0.010650438256561756,0.014759724959731102,0.02576982043683529,0.038341641426086426,0.9104777574539185,13.746175576001406,,,
amgtp_no_state,119,0.036566901952028275,0.012609370984137058,0.01763196662068367,0.03130955621600151,0.046254921704530716,0.8921950459480286,13.682637989521027,,,
amgtp_fixed_beta0,4,,0.20000606775283813,0.20000606775283813,0.20000606775283813,0.20000606775283813,0.20000606775283813,17.00051575899124,,,
amgtp_fixed_beta0,5,0.3214540481567383,0.24617315828800201,0.03926354646682739,0.22221632301807404,0.24617315828800201,0.24617315828800201,20.645938336849213,,,
amgtp_fixed_beta0,6,0.3885258473455906,0.3109273910522461,0.0103900246322155,0.05682666599750519,0.3109273910522461,0.3109273612499237,25.36598828062415,,,
amgtp_fixed_beta0,7,0.0714030684903264,0.3228279948234558,0.006501949392259121,0.0250135138630867,0.3228279948234558,0.3228279948234558,26.23061007168144,,,
amgtp_fixed_beta0,8,0.006558275781571865,0.32352912425994873,0.00767793133854866,0.021734608337283134,0.32352912425994873,0.32352912425994873,26.278740821406245,,,
amgtp_fixed_beta0,9,0.1153140515089035,0.3446923792362213,0.013706618919968605,0.03103577345609665,0.26587140560150146,0.3446923494338989,27.475149424746633,,,
amgtp_fixed_beta0,10,0.22102125361561775,0.38812336325645447,0.02276049368083477,0.045631520450115204,0.15536177158355713,0.38812336325645447,29.96831633709371,,,
amgtp_fixed_beta0,11,0.15688049979507923,0.41932982206344604,0.02837076038122177,0.056048572063446045,0.07692156732082367,0.4193298816680908,31.76537511497736,,,
amgtp_fixed_beta0,12,0.06716337986290455,0.4361203908920288,0.02742035873234272,0.05569678172469139,0.04464145749807358,0.4361203908920288,32.779909832403064,,,
amgtp_fixed_beta0,13,0.027319293469190598,0.44295036792755127,0.02520371787250042,0.05350077897310257,0.035394761711359024,0.44295036792755127,33.211796613410115,,,
amgtp_fixed_beta0,14,0.036632638424634933,0.4521086812019348,0.021503446623682976,0.042379118502140045,0.03190068155527115,0.4521086812019348,33.82798798196018,,,
amgtp_fixed_beta0,15,0.011740794405341148,0.45100462436676025,0.021646011620759964,0.03871630132198334,0.03762798011302948,0.45100462436676025,33.775532979518175,,,
amgtp_fixed_beta0,16,0.08580825850367546,0.4689953327178955,0.02493533492088318,0.04268033429980278,0.05528779700398445,0.4081002473831177,34.39311434328556,,,
amgtp_fixed_beta0,17,0.27489115856587887,0.5786582231521606,0.026310814544558525,0.046434544026851654,0.07794182002544403,0.27065569162368774,39.21988025866449,,,
amgtp_fixed_beta0,18,0.2136776875704527,0.6466385126113892,0.024566367268562317,0.05247043818235397,0.11076416075229645,0.16556097567081451,42.07349122315645,,,
amgtp_fixed_beta0,19,0.13423308730125427,0.7051098346710205,0.020332947373390198,0.051646389067173004,0.11940974742174149,0.10350226610898972,44.766762152314186,,,
amgtp_fixed_beta0,20,0.1119816992431879,0.7610999941825867,0.01618115045130253,0.044838231056928635,0.11042604595422745,0.06745438277721405,47.53403917513788,,,
amgtp_fixed_beta0,21,0.14074336178600788,0.8314712047576904,0.012410331517457962,0.030779168009757996,0.0794340968132019,0.04590406268835068,51.19171567633748,,,
amgtp_fixed_beta0,22,0.037086947821080685,0.8491851687431335,0.013239813037216663,0.026670629158616066,0.06746594607830048,0.04343724995851517,52.12474494706839,,,
amgtp_fixed_beta0,23,0.1342164920642972,0.7820775508880615,0.02427332103252411,0.03847470507025719,0.08675651997327805,0.06841796636581421,48.62949765846133,,,
amgtp_fixed_beta0,24,0.06674336642026901,0.7575218081474304,0.03218443691730499,0.04308849200606346,0.0779411643743515,0.08926533162593842,47.40806119516492,,,
amgtp_fixed_beta0,25,0.15249962359666824,0.8337714076042175,0.02108319289982319,0.030056221410632133,0.04242336377501488,0.07266662269830704,51.451832577586174,,,
amgtp_fixed_beta0,26,0.07236532121896744,0.8699544072151184,0.0131337009370327,0.02196718007326126,0.027794428169727325,0.06715176999568939,53.410985451191664,,,
amgtp_fixed_beta0,27,0.011580338701605797,0.8659031391143799,0.011738292872905731,0.022094637155532837,0.027450663968920708,0.0728142112493515,53.24376415647566,,,
amgtp_fixed_beta0,28,0.110322505235672,0.8107410669326782,0.018323948606848717,0.033745087683200836,0.043060868978500366,0.0941283330321312,50.383245972916484,,,
amgtp_fixed_beta0,29,0.11295825056731701,0.7542619109153748,0.02335447445511818,0.04156463220715523,0.06240202859044075,0.1184161975979805,47.49840399250388,,,
amgtp_fixed_beta0,30,0.10446510836482048,0.806494951248169,0.02015446498990059,0.034510448575019836,0.05506401136517525,0.08377633988857269,50.07169972360134,,,
amgtp_fixed_beta0,31,0.09449782036244869,0.8537439107894897,0.016977429389953613,0.026594048365950584,0.0452960766851902,0.057388849556446075,52.44191065244377,,,
amgtp_fixed_beta0,32,0.01261996477842331,0.8584126830101013,0.016482919454574585,0.02629399113357067,0.04693711921572685,0.05187326669692993,52.65491144172847,,,
amgtp_fixed_beta0,33,0.06235218979418278,0.8272366523742676,0.018324535340070724,0.033070534467697144,0.05702916532754898,0.06433922052383423,51.05168852582574,,,
amgtp_fixed_beta0,34,0.02823883481323719,0.8131170868873596,0.020118990913033485,0.03637957572937012,0.0587683729827404,0.0716157853603363,50.33028253726661,,,
amgtp_fixed_beta0,35,0.09195731766521931,0.8590956330299377,0.01668410934507847,0.026346957311034203,0.04036368429660797,0.057509202510118484,52.72913758829236,,,
amgtp_fixed_beta0,36,0.017559215426445007,0.8508374691009521,0.01925671473145485,0.02582569420337677,0.04059292748570442,0.06348714232444763,52.31995242834091,,,
amgtp_fixed_beta0,37,0.10599875077605247,0.7978384494781494,0.024804458022117615,0.03290088474750519,0.05404281243681908,0.09041405469179153,49.63791053369641,,,
amgtp_fixed_beta0,38,0.08566585555672646,0.7550053596496582,0.026238370686769485,0.03902386501431465,0.06636369973421097,0.11336904019117355,47.49534400552511,,,
amgtp_fixed_beta0,39,0.028994033113121986,0.744779646396637,0.023520080372691154,0.04340016096830368,0.07648412138223648,0.11181572824716568,46.941308392211795,,,
amgtp_fixed_beta0,40,0.1265858206897974,0.8080729842185974,0.018213506788015366,0.03576125204563141,0.06240437924861908,0.07554847002029419,50.10438555106521,,,
amgtp_fixed_beta0,41,0.0187237411737442,0.8163586258888245,0.018855005502700806,0.03619591146707535,0.05898250266909599,0.0696084052324295,50.49635548517108,,,
amgtp_fixed_beta0,42,0.048496197909116745,0.8406063914299011,0.017791196703910828,0.03205649554729462,0.04650483280420303,0.06304086744785309,51.75845014303923,,,
amgtp_fixed_beta0,43,0.01689983531832695,0.8343252539634705,0.01841532066464424,0.033986423164606094,0.044335898011922836,0.06893657892942429,51.45535321906209,,,
amgtp_fixed_beta0,44,0.06522172689437866,0.8017145395278931,0.020083226263523102,0.042040277272462845,0.04996379464864731,0.08619793504476547,49.80559408292174,,,
amgtp_fixed_beta0,45,0.060669854283332825,0.7713795304298401,0.02136227861046791,0.04622924327850342,0.05388537049293518,0.10714318603277206,48.32002403214574,,,
amgtp_fixed_beta0,46,0.10068915411829948,0.8217244744300842,0.016012566164135933,0.029983067885041237,0.039728570729494095,0.09255166351795197,50.9832535199821,,,
amgtp_fixed_beta0,47,0.10203177016228437,0.8727405071258545,0.012248574756085873,0.019055761396884918,0.02848014049232006,0.06747565418481827,53.577866428531706,,,
amgtp_fixed_beta0,48,0.018867366015911102,0.8667374849319458,0.01510572899132967,0.02125244215130806,0.03285907581448555,0.06404408067464828,53.20974281150848,,,
amgtp_fixed_beta0,49,0.09694076795130968,0.8182676434516907,0.022251708433032036,0.032290440052747726,0.04980747401714325,0.0773826315999031,50.64719079621136,,,
amgtp_fixed_beta0,50,0.03805152699351311,0.8068442344665527,0.025267621502280235,0.04127717763185501,0.056830257177352905,0.06977994740009308,49.93448428623378,,,
amgtp_fixed_beta0,51,0.06352243386209011,0.838606059551239,0.019363589584827423,0.035238757729530334,0.0482194684445858,0.05857257917523384,51.598995823413134,,,
amgtp_fixed_beta0,52,0.02008876856416464,0.8409307599067688,0.015411322005093098,0.03144276514649391,0.045922450721263885,0.06629136949777603,51.815121539868414,,,
amgtp_fixed_beta0,53,0.19057912845164537,0.7456415891647339,0.01920163817703724,0.04028807953000069,0.06719227135181427,0.1276758760213852,47.136369390413165,,,
amgtp_fixed_beta0,54,0.03796843811869621,0.7639298439025879,0.01954311691224575,0.03704598918557167,0.06754747033119202,0.11193446069955826,48.006386460736394,,,
amgtp_fixed_beta0,55,0.21330746170133352,0.8705827593803406,0.014503958635032177,0.02698875218629837,0.03792820870876312,0.04999557137489319,53.29587123822421,,,
amgtp_fixed_beta0,56,0.027761001139879227,0.8808411359786987,0.015035935677587986,0.030079228803515434,0.034545958042144775,0.039497651159763336,53.75053060334176,,,
amgtp_fixed_beta0,57,0.10974422004073858,0.8259693384170532,0.020120894536376,0.04208963364362717,0.050064947456121445,0.061755720525979996,50.91958482004702,,,
amgtp_fixed_beta0,58,0.046238167211413383,0.8115618228912354,0.019799526780843735,0.03399759903550148,0.04976591467857361,0.08487393707036972,50.35209821909666,,,
amgtp_fixed_beta0,59,0.11930123716592789,0.751911461353302,0.021360274404287338,0.03687351569533348,0.0636286661028862,0.12622539699077606,47.459224723279476,,,
amgtp_fixed_beta0,60,0.07328069023787975,0.7167425155639648,0.019888630136847496,0.040616724640131,0.07504015415906906,0.14771080017089844,45.73952201940119,,,
amgtp_fixed_beta0,61,0.47551743499934673,0.5200638771057129,0.15150268375873566,0.1271970123052597,0.09460501372814178,0.10663120448589325,33.891998305916786,,,
amgtp_fixed_beta0,62,1.408741358667612,0.01760563813149929,0.8558734655380249,0.11643639206886292,0.005921464413404465,0.004163036122918129,2.361253686249256,,,
amgtp_fixed_beta0,63,1.2085029446170665,0.0017867737915366888,0.27494630217552185,0.7206873893737793,0.0019177324138581753,0.0006608485127799213,2.566890903864987,,,
amgtp_fixed_beta0,64,0.5340585813319194,8.927755698096007e-05,0.011798207648098469,0.9877168536186218,0.0003262059763073921,6.884862523293123e-05,2.9835527445102343,,,
amgtp_fixed_beta0,65,0.021605408607683785,1.1074434041802306e-05,0.001319064642302692,0.9985200762748718,0.0001293043460464105,2.091043279506266e-05,2.998741635990882,,,
amgtp_fixed_beta0,66,0.0019482086845528102,3.903555807482917e-06,0.00036608989466913044,0.9994949698448181,0.00011830488801933825,1.87404020834947e-05,3.0001757126228767,,,
amgtp_fixed_beta0,67,0.0003607743592510815,2.5398949219379574e-06,0.0001879591291071847,0.9996199011802673,0.0001623697899049148,3.1024097552290186e-05,3.000770982260292,,,
amgtp_fixed_beta0,68,0.000187627985724248,2.2924941731616855e-06,0.00013604866398964077,0.9995787143707275,0.00022820051526650786,5.947668250882998e-05,3.001439818588551,,,
amgtp_fixed_beta0,69,0.0005360248098895681,3.2803648082335712e-06,0.00014768245455343276,0.9993090033531189,0.0003859805583488196,0.0001553887705085799,3.003148821097966,,,
amgtp_fixed_beta0,70,0.0010359695904753607,5.8394234656589106e-06,0.00019908820104319602,0.9987900257110596,0.00061614322476089,0.0003882532473653555,3.0066680787786026,,,
amgtp_fixed_beta0,71,0.0019560604787329794,1.1886116226378363e-05,0.00030962901655584574,0.9978125095367432,0.0009617317700758576,0.0009046214981935918,3.0138571479656093,,,
amgtp_fixed_beta0,72,0.004572833914608054,3.1452706025447696e-05,0.0005851335590705276,0.9955254793167114,0.0016936532920226455,0.002163432538509369,3.0311923624540213,,,
amgtp_fixed_beta0,73,0.009046114239026792,7.691668724874035e-05,0.0011092458153143525,0.9910027384757996,0.0030197661835700274,0.0047911168076097965,3.066946461069165,,,
amgtp_fixed_beta0,74,0.03248575215548044,0.00024204427609220147,0.002568066818639636,0.9747596979141235,0.007505030371248722,0.014924615621566772,3.202849648427218,,,
amgtp_fixed_beta0,75,0.22296860540518537,0.0006645283428952098,0.005754340440034866,0.8632758259773254,0.027428898960351944,0.10287672281265259,4.267729931045324,,,
amgtp_fixed_beta0,76,1.5804191128117964,0.0005412343889474869,0.0032888958230614662,0.07565494626760483,0.03385448083281517,0.886660635471344,12.912958060391247,,,
amgtp_fixed_beta0,77,0.2070338416233426,0.00012148784298915416,0.0005485070287249982,0.002687133150175214,0.00646510673686862,0.9901771545410156,13.923635087790899,,,
amgtp_fixed_beta0,78,0.013900827536417637,6.363663851516321e-05,0.00023484849953092635,0.00039968930650502443,0.00217432645149529,0.9971282482147217,13.980267874896526,,,
amgtp_fixed_beta0,79,0.0020161159700364806,8.117979450616986e-05,0.0002488843456376344,0.00019950271234847605,0.0013656445080414414,0.99810391664505,13.988732524740044,,,
amgtp_fixed_beta0,80,0.0005370796279748902,0.00016217590018641204,0.0004369279195088893,0.00019421994511503726,0.0012957679573446512,0.9979110360145569,13.990575021671248,,,
amgtp_fixed_beta0,81,0.004053917800774798,0.0005111550563015044,0.0012288503348827362,0.0003645598771981895,0.0020111710764467716,0.9958837628364563,13.989442710590083,,,
amgtp_fixed_beta0,82,0.01792149990797043,0.002341211074963212,0.004722253419458866,0.0010615871287882328,0.004951699171215296,0.9869232773780823,13.999967456795275,,,
amgtp_fixed_beta0,83,0.05396799696609378,0.008574210107326508,0.015741195529699326,0.002959667472168803,0.012785459868609905,0.9599390625953674,14.06771789980121,,,
amgtp_fixed_beta0,84,0.12366748903878033,0.02320362627506256,0.03927461430430412,0.007159643806517124,0.032256219536066055,0.8981051445007324,14.252236681990325,,,
amgtp_fixed_beta0,85,0.039564283564686775,0.023967884480953217,0.04377761855721474,0.009206271730363369,0.04472484439611435,0.8783233761787415,14.119070679880679,,,
amgtp_fixed_beta0,86,0.06915415590628982,0.013448333367705345,0.027888912707567215,0.007434196304529905,0.03832850977778435,0.9129008650779724,13.906003183219582,,,
amgtp_fixed_beta0,87,0.0574955646879971,0.00699806259945035,0.016371052712202072,0.005703865084797144,0.02927848882973194,0.9416479468345642,13.841387081425637,,,
amgtp_fixed_beta0,88,0.019763365387916565,0.004917244426906109,0.012077005580067635,0.005478356033563614,0.0259980671107769,0.9515305161476135,13.826960435137153,,,
amgtp_fixed_beta0,89,0.0037846281193196774,0.004248949233442545,0.01085224561393261,0.006184850819408894,0.026466280221939087,0.9522473812103271,13.801071050576866,,,
amgtp_fixed_beta0,90,0.010274272877722979,0.004280257970094681,0.011202672496438026,0.007823709398508072,0.029582753777503967,0.9471101760864258,13.758111020550132,,,
amgtp_fixed_beta0,91,0.026956181973218918,0.005095206201076508,0.01314733736217022,0.011189047247171402,0.03693588450551033,0.9336320757865906,13.681827103719115,,,
amgtp_fixed_beta0,92,0.04695385042577982,0.0068765850737690926,0.017094286158680916,0.01741892471909523,0.04845480993390083,0.9101553559303284,13.563304817304015,,,
amgtp_fixed_beta0,93,0.04183267802000046,0.008233181200921535,0.019989782944321632,0.023769652470946312,0.05876832455396652,0.8892390131950378,13.446014069020748,,,
amgtp_fixed_beta0,94,0.03279360011219978,0.009297660551965237,0.02144709788262844,0.02889113686978817,0.0675218254327774,0.8728421926498413,13.358423616737127,,,
amgtp_fixed_beta0,95,0.00488425325602293,0.009379783645272255,0.02037578448653221,0.03053351864218712,0.06823834031820297,0.8714702725410461,13.353015556931496,,,
amgtp_fixed_beta0,96,0.03332478832453489,0.008154028095304966,0.017104793339967728,0.027685673907399178,0.05892181396484375,0.8881339430809021,13.435731401666999,,,
amgtp_fixed_beta0,97,0.02454345626756549,0.007251393515616655,0.01457448210567236,0.024936676025390625,0.05283218249678612,0.9004058241844177,13.499974937178195,,,
amgtp_fixed_beta0,98,0.007843976374715567,0.006966154091060162,0.01316071581095457,0.024005495011806488,0.05154037848114967,0.9043278098106384,13.52451843302697,,,
amgtp_fixed_beta0,99,0.00414640549570322,0.007061759941279888,0.012681128457188606,0.024150904268026352,0.05337223410606384,0.9027338624000549,13.520719150081277,,,
amgtp_fixed_beta0,100,0.012952538672834635,0.0077715725637972355,0.013175488449633121,0.026223350316286087,0.056571513414382935,0.896257221698761,13.50174159090966,,,
amgtp_fixed_beta0,101,0.003976796288043261,0.007976233027875423,0.013366774655878544,0.02714896947145462,0.05458403378725052,0.8969249725341797,13.512425516732037,,,
amgtp_fixed_beta0,102,0.02003044541925192,0.008566864766180515,0.013973256573081017,0.02804916724562645,0.04456794634461403,0.9048420190811157,13.59189653582871,,,
amgtp_fixed_beta0,103,0.011287176981568336,0.009562158025801182,0.015510141849517822,0.031017906963825226,0.044710658490657806,0.8991984724998474,13.584046568721533,,,
amgtp_fixed_beta0,104,0.023756956681609154,0.010388619266450405,0.01709354668855667,0.03383458033204079,0.05136347934603691,0.887320876121521,13.523951064795256,,,
amgtp_fixed_beta0,105,0.012921147048473358,0.00998187717050314,0.016623780131340027,0.031635455787181854,0.04797857254743576,0.8937814831733704,13.55923354998231,,,
amgtp_fixed_beta0,106,0.03683605045080185,0.008576860651373863,0.014469784684479237,0.026313811540603638,0.03844089433550835,0.9121991991996765,13.647897907532752,,,
amgtp_fixed_beta0,107,0.013091842643916607,0.008184370584785938,0.013906766660511494,0.024145329371094704,0.03501906245946884,0.918745219707489,13.68497150298208,,,
amgtp_fixed_beta0,108,0.0073028309270739555,0.00821894221007824,0.014358947984874249,0.024375775828957558,0.03795325383543968,0.9150937795639038,13.657608498819172,,,
amgtp_fixed_beta0,109,0.028184174560010433,0.009237095713615417,0.016222674399614334,0.027097860351204872,0.046440184116363525,0.9010004997253418,13.590830283239484,,,
amgtp_fixed_beta0,110,0.004366685636341572,0.008924492634832859,0.015525469556450844,0.025924796238541603,0.04695846512913704,0.9026660323143005,13.594803124666214,,,
amgtp_fixed_beta0,111,0.005430113524198532,0.009076857008039951,0.015301411971449852,0.025697549805045128,0.04952160269021988,0.9004027247428894,13.589294847100973,,,
amgtp_fixed_beta0,112,0.005966180004179478,0.008684656582772732,0.014167406596243382,0.024241045117378235,0.05046510323882103,0.9024426937103271,13.59542337153107,,,
amgtp_fixed_beta0,113,0.00235074944794178,0.008978409692645073,0.013968972489237785,0.024278786033391953,0.04948780685663223,0.9032862186431885,13.617931621149182,,,
amgtp_fixed_beta0,114,0.012072339653968811,0.010386095382273197,0.015570021234452724,0.027306515723466873,0.04806568846106529,0.8986724615097046,13.638529571704566,,,
amgtp_fixed_beta0,115,0.023154018446803093,0.009912041947245598,0.014767302200198174,0.02604796178638935,0.03902329131960869,0.9102487564086914,13.704279333353043,,,
amgtp_fixed_beta0,116,0.02807937003672123,0.008927070535719395,0.013184604234993458,0.023556159809231758,0.03004368394613266,0.9242890477180481,13.769829771481454,,,
amgtp_fixed_beta0,117,0.02164511103183031,0.007842706516385078,0.01159736979752779,0.020801659673452377,0.02464696764945984,0.9351113438606262,13.808652327395976,,,
amgtp_fixed_beta0,118,0.0026295152492821217,0.007783384528011084,0.011492009274661541,0.02050822041928768,0.025962140411138535,0.9342551231384277,13.801326449029148,,,
amgtp_fixed_beta0,119,0.022911138366907835,0.008487163111567497,0.01255611889064312,0.022368526086211205,0.03378865495324135,0.9227986931800842,13.744593773037195,,,
amgtp_fixed_beta_hi,4,,0.20000606775283813,0.20000606775283813,0.20000606775283813,0.20000606775283813,0.20000606775283813,17.00051575899124,,,
amgtp_fixed_beta_hi,5,0.11650051176548004,0.2184085100889206,0.1417408585548401,0.20303404331207275,0.2184085100889206,0.2184085100889206,18.441932305693626,,,
amgtp_fixed_beta_hi,6,0.14301487058401108,0.24224425852298737,0.12311705201864243,0.15015022456645966,0.24224425852298737,0.24224425852298737,20.195352666079998,,,
amgtp_fixed_beta_hi,7,0.0471641942858696,0.25010472536087036,0.11420874297618866,0.1354757696390152,0.25010472536087036,0.25010475516319275,20.779119223356247,,,
amgtp_fixed_beta_hi,8,0.008013643324375153,0.2514406442642212,0.11227675527334213,0.13340184092521667,0.2514406442642212,0.2514406442642212,20.87917446345091,,,
amgtp_fixed_beta_hi,9,0.04182407259941101,0.2569364309310913,0.11647454649209976,0.1391245573759079,0.23052868247032166,0.2569364607334137,21.160845302045345,,,
amgtp_fixed_beta_hi,10,0.09958197176456451,0.28183165192604065,0.1073245033621788,0.13112811744213104,0.19788360595703125,0.28183165192604065,22.7414363399148,,,
amgtp_fixed_beta_hi,11,0.10374345630407333,0.3077675700187683,0.09424138069152832,0.1170407235622406,0.17318250238895416,0.3077675700187683,24.432441249489784,,,
amgtp_fixed_beta_hi,12,0.053109630942344666,0.3210449516773224,0.08647077530622482,0.10886212438344955,0.1625768095254898,0.321044921875,25.308420822024345,,,
amgtp_fixed_beta_hi,13,0.0069889649748802185,0.3222114145755768,0.08374463766813278,0.10809396207332611,0.16373851895332336,0.3222114145755768,25.397840835154057,,,
amgtp_fixed_beta_hi,14,0.008115358650684357,0.3242403268814087,0.08338670432567596,0.10695366561412811,0.16117915511131287,0.3242402672767639,25.526285141706467,,,
amgtp_fixed_beta_hi,15,0.02668219804763794,0.3309108316898346,0.0810752883553505,0.10335896164178848,0.153744176030159,0.330910861492157,25.954763367772102,,,
amgtp_fixed_beta_hi,16,0.030061595141887665,0.3443729281425476,0.07540395110845566,0.09862400591373444,0.1491195261478424,0.33247941732406616,26.73220018297434,,,
amgtp_fixed_beta_hi,17,0.059990182518959045,0.3743686079978943,0.06998821347951889,0.095396026968956,0.14863257110118866,0.31161558628082275,28.221338979899883,,,
amgtp_fixed_beta_hi,18,0.06249741464853287,0.39326879382133484,0.06647908687591553,0.09689530730247498,0.15948130190372467,0.2838754951953888,29.043918684124947,,,
amgtp_fixed_beta_hi,19,0.049561046063899994,0.415444016456604,0.06425885856151581,0.09817003458738327,0.16081178188323975,0.26131510734558105,30.06950392574072,,,
amgtp_fixed_beta_hi,20,0.08108040317893028,0.4559843838214874,0.061314549297094345,0.09310947358608246,0.15178287029266357,0.23780885338783264,32.09151003882289,,,
amgtp_fixed_beta_hi,21,0.11057733744382858,0.5112730264663696,0.056616056710481644,0.081606924533844,0.13465960323810577,0.21584446728229523,34.942258182913065,,,
amgtp_fixed_beta_hi,22,0.041486192494630814,0.5320159792900085,0.05525171756744385,0.07746341824531555,0.12861035764217377,0.20665831863880157,36.00208969414234,,,
amgtp_fixed_beta_hi,23,0.06035405397415161,0.5018391609191895,0.06146986037492752,0.0837845578789711,0.13666972517967224,0.2162369042634964,34.40717792510986,,,
amgtp_fixed_beta_hi,24,0.012104656547307968,0.5008058547973633,0.06242663040757179,0.08498980849981308,0.13165056705474854,0.22012707591056824,34.36908037588,,,
amgtp_fixed_beta_hi,25,0.09520341083407402,0.5484074950218201,0.05348886549472809,0.07662801444530487,0.11581885814666748,0.20565657317638397,36.877746641635895,,,
amgtp_fixed_beta_hi,26,0.04823104292154312,0.5725231170654297,0.048085734248161316,0.07120009511709213,0.10926766693592072,0.19892339408397675,38.16287422925234,,,
amgtp_fixed_beta_hi,27,0.012191884219646454,0.5767414569854736,0.046676844358444214,0.07041819393634796,0.11114566028118134,0.19501863420009613,38.37069934606552,,,
amgtp_fixed_beta_hi,28,0.039005301892757416,0.5590435862541199,0.049924336373806,0.07487036287784576,0.12294811010360718,0.1932133138179779,37.38277376443148,,,
amgtp_fixed_beta_hi,29,0.005477353930473328,0.5577317476272583,0.04984477162361145,0.0735231414437294,0.1252451241016388,0.19365502893924713,37.32220532745123,,,
amgtp_fixed_beta_hi,30,0.07804425805807114,0.5967533588409424,0.046479783952236176,0.06941711157560349,0.10772179067134857,0.1796267330646515,39.32875944674015,,,
amgtp_fixed_beta_hi,31,0.03785547986626625,0.615681529045105,0.045297492295503616,0.06766344606876373,0.10104935616254807,0.17030781507492065,40.28083447739482,,,
amgtp_fixed_beta_hi,32,0.02027042582631111,0.605661153793335,0.04598614573478699,0.07073202729225159,0.10742796957492828,0.170193612575531,39.73255781829357,,,
amgtp_fixed_beta_hi,33,0.04224282503128052,0.5850544571876526,0.04547067731618881,0.07393916696310043,0.11839959025382996,0.17713551223278046,38.67924991250038,,,
amgtp_fixed_beta_hi,34,0.031658463180065155,0.6008842587471008,0.04457598924636841,0.06952010840177536,0.11192148923873901,0.17309869825839996,39.51302403956652,,,
amgtp_fixed_beta_hi,35,0.08795934170484543,0.644863486289978,0.0421568937599659,0.06135280802845955,0.09510251134634018,0.1565239578485489,41.77507748454809,,,
amgtp_fixed_beta_hi,36,0.010587979108095169,0.640619158744812,0.0454261489212513,0.06266801804304123,0.09581208974123001,0.15547434985637665,41.51790525391698,,,
amgtp_fixed_beta_hi,37,0.05519983172416687,0.6130191683769226,0.04716140404343605,0.06824637204408646,0.10681875795125961,0.16475391387939453,40.08733672276139,,,
amgtp_fixed_beta_hi,38,0.031875625252723694,0.5999021530151367,0.044340748339891434,0.06921561062335968,0.11389552056789398,0.17264586687088013,39.46042754128575,,,
amgtp_fixed_beta_hi,39,0.01998431235551834,0.5910825729370117,0.043168533593416214,0.07199664413928986,0.119809590280056,0.17394328117370605,38.997985910624266,,,
amgtp_fixed_beta_hi,40,0.049196939915418625,0.6156370043754578,0.04321218281984329,0.06942257285118103,0.10939376056194305,0.16233432292938232,40.228137008845806,,,
amgtp_fixed_beta_hi,41,0.02483048290014267,0.626801073551178,0.044463299214839935,0.0679473951458931,0.10227735340595245,0.15851061046123505,40.791459918022156,,,
amgtp_fixed_beta_hi,42,0.04465862363576889,0.64913010597229,0.04199332743883133,0.06373728066682816,0.09476516395807266,0.15037329494953156,41.94959380477667,,,
amgtp_fixed_beta_hi,43,0.006122063845396042,0.6487553119659424,0.04032560810446739,0.06498724967241287,0.09657683223485947,0.14935538172721863,41.927619244903326,,,
amgtp_fixed_beta_hi,44,0.05470195412635803,0.6214046478271484,0.041232217103242874,0.07315722852945328,0.10536861419677734,0.15883830189704895,40.506299298256636,,,
amgtp_fixed_beta_hi,45,0.034181974828243256,0.6043131351470947,0.04287160560488701,0.07519269734621048,0.10538598895072937,0.17223653197288513,39.6762511767447,,,
amgtp_fixed_beta_hi,46,0.07129770517349243,0.6399622559547424,0.03963947668671608,0.06281527876853943,0.09213663637638092,0.16544684767723083,41.58703299239278,,,
amgtp_fixed_beta_hi,47,0.0725461021065712,0.6762350797653198,0.03677411749958992,0.0562533363699913,0.08415462076663971,0.14658288657665253,43.42088166996837,,,
amgtp_fixed_beta_hi,48,0.027186792343854904,0.6687384843826294,0.03933746740221977,0.06104346737265587,0.09039437770843506,0.14048592746257782,42.946340560913086,,,
amgtp_fixed_beta_hi,49,0.06564902886748314,0.6359140872955322,0.04297398403286934,0.07128826528787613,0.10432223230600357,0.14550139009952545,41.17895910516381,,,
amgtp_fixed_beta_hi,50,0.01015649363398552,0.6409926414489746,0.04245360940694809,0.0709095299243927,0.10037393867969513,0.14527085423469543,41.451150216162205,,,
amgtp_fixed_beta_hi,51,0.040314365178346634,0.6608728170394897,0.039284225553274155,0.0626659169793129,0.09162966907024384,0.1455477774143219,42.55872756615281,,,
amgtp_fixed_beta_hi,52,0.026619531214237213,0.648947536945343,0.03847690671682358,0.0620887316763401,0.0933760553598404,0.15711113810539246,42.0147836394608,,,
amgtp_fixed_beta_hi,53,0.13082312792539597,0.5835358500480652,0.04110400751233101,0.06989465653896332,0.10933732986450195,0.19612827897071838,38.7740961946547,,,
amgtp_fixed_beta_hi,54,0.04173967242240906,0.5943505764007568,0.04220156744122505,0.07349443435668945,0.11469538509845734,0.17525872588157654,39.18020931258798,,,
amgtp_fixed_beta_hi,55,0.14824476093053818,0.6684725880622864,0.037309128791093826,0.06670443713665009,0.09044911712408066,0.13706468045711517,42.897827070206404,,,
amgtp_fixed_beta_hi,56,0.035216573625802994,0.6860809922218323,0.03595395386219025,0.06500954926013947,0.08541318029165268,0.12754251062870026,43.77932954579592,,,
amgtp_fixed_beta_hi,57,0.07260096818208694,0.6497802138328552,0.03921854496002197,0.06803927570581436,0.09810315817594528,0.14485840499401093,41.94488897919655,,,
amgtp_fixed_beta_hi,58,0.045740000903606415,0.6344037055969238,0.040113575756549835,0.06184177100658417,0.09680712223052979,0.1668333262205124,41.303177647292614,,,
amgtp_fixed_beta_hi,59,0.02714455872774124,0.6208318471908569,0.040413811802864075,0.06440194696187973,0.09936355799436569,0.17498917877674103,40.62892389297485,,,
amgtp_fixed_beta_hi,60,0.02355193719267845,0.6161825060844421,0.0389193631708622,0.07098110765218735,0.10455990582704544,0.1693565398454666,40.3257239498198,,,
amgtp_fixed_beta_hi,61,0.25328827276825905,0.5282711386680603,0.12620888650417328,0.11033613979816437,0.09720981866121292,0.13797427713871002,34.765594236552715,,,
amgtp_fixed_beta_hi,62,0.5385070107877254,0.38757577538490295,0.39546215534210205,0.05124633386731148,0.06462179124355316,0.10109373182058334,25.671412464231253,,,
amgtp_fixed_beta_hi,63,0.11593472957611084,0.35136878490448,0.4534289836883545,0.04528532549738884,0.05835060775279999,0.09156501293182373,23.361776489764452,,,
amgtp_fixed_beta_hi,64,0.09857270866632462,0.3197099268436432,0.5027125477790833,0.041170235723257065,0.053088679909706116,0.08331174403429031,21.346804041415453,,,
amgtp_fixed_beta_hi,65,0.08941371738910675,0.29094478487968445,0.547425389289856,0.03747699409723282,0.048334818333387375,0.075823113322258,19.516410779207945,,,
amgtp_fixed_beta_hi,66,0.08098899945616722,0.26475927233695984,0.5879188776016235,0.034171734005212784,0.04410243406891823,0.06905075907707214,17.85141808539629,,,
amgtp_fixed_beta_hi,67,0.07221342250704765,0.2409256547689438,0.6240224242210388,0.03136323764920235,0.040610119700431824,0.06307531148195267,16.340976621955633,,,
amgtp_fixed_beta_hi,68,0.061840394511818886,0.2192455232143402,0.6549419164657593,0.029329335317015648,0.03828157112002373,0.05819699168205261,14.980390196666121,,,
amgtp_fixed_beta_hi,69,0.044846607372164726,0.19953490793704987,0.6763809323310852,0.029230833053588867,0.03926810994744301,0.05558505654335022,13.789235468953848,,,
amgtp_fixed_beta_hi,70,0.10337190330028534,0.1816592812538147,0.6425706148147583,0.03814147412776947,0.07719149440526962,0.06043699011206627,13.043010234832764,,,
amgtp_fixed_beta_hi,71,0.5763587281107903,0.16530798375606537,0.37818729877471924,0.03851579502224922,0.3649965822696686,0.052992284297943115,13.709081765264273,,,
amgtp_fixed_beta_hi,72,0.15848461911082268,0.15039609372615814,0.33551958203315735,0.026317860931158066,0.44424012303352356,0.04352874681353569,13.157322105020285,,,
amgtp_fixed_beta_hi,73,0.10328639857470989,0.13685867190361023,0.3051532804965973,0.022897066548466682,0.49588000774383545,0.03920675069093704,12.605419358238578,,,
amgtp_fixed_beta_hi,74,0.09094677306711674,0.12456481158733368,0.27768296003341675,0.020723912864923477,0.5413541793823242,0.03567148372530937,12.102623421698809,,,
amgtp_fixed_beta_hi,75,0.08206394128501415,0.11344058066606522,0.2527024447917938,0.0189125444740057,0.5823871493339539,0.032556626945734024,11.648377740755677,,,
amgtp_fixed_beta_hi,76,0.07246080040931702,0.1037660539150238,0.2300136685371399,0.0175492987036705,0.6186184287071228,0.030053654685616493,11.25970496609807,,,
amgtp_fixed_beta_hi,77,0.055760711431503296,0.097551129758358,0.2095247209072113,0.01726013980805874,0.6464985013008118,0.029166046530008316,11.048187086358666,,,
amgtp_fixed_beta_hi,78,0.036183251067996025,0.1013839915394783,0.19143293797969818,0.020698610693216324,0.6522932648658752,0.03419141843914986,11.38130097463727,,,
amgtp_fixed_beta_hi,79,0.0892011746764183,0.11038895696401596,0.1760493516921997,0.0327061302959919,0.6230766773223877,0.057779934257268906,12.067960981279612,,,
amgtp_fixed_beta_hi,80,0.16121527925133705,0.0963282659649849,0.16199685633182526,0.043813515454530716,0.5705822110176086,0.12728017568588257,11.849131297320127,,,
amgtp_fixed_beta_hi,81,0.35259564220905304,0.07890436798334122,0.14734618365764618,0.033260051161050797,0.4369117021560669,0.3035772740840912,12.289852168411016,,,
amgtp_fixed_beta_hi,82,0.2268765326589346,0.06932133436203003,0.1333831399679184,0.024119919165968895,0.3561597168445587,0.41701561212539673,12.696359546855092,,,
amgtp_fixed_beta_hi,83,0.11204547248780727,0.0629291832447052,0.12171749770641327,0.022077322006225586,0.3202377259731293,0.4730387032032013,12.827906385064125,,,
amgtp_fixed_beta_hi,84,0.07435903325676918,0.05799255892634392,0.11285222321748734,0.024940885603427887,0.29686006903648376,0.5073546171188354,12.848213538527489,,,
amgtp_fixed_beta_hi,85,0.035820357501506805,0.05516592413187027,0.10964995622634888,0.03839840367436409,0.2849785387516022,0.5118070244789124,12.694948729127645,,,
amgtp_fixed_beta_hi,86,0.046550601720809937,0.054683618247509,0.11208291351795197,0.05924035981297493,0.2776665687561035,0.49632561206817627,12.46304563805461,,,
amgtp_fixed_beta_hi,87,0.08044231310486794,0.0518847294151783,0.10518250614404678,0.05168938264250755,0.2546958029270172,0.5365468859672546,12.667861443012953,,,
amgtp_fixed_beta_hi,88,0.11813931167125702,0.0467994250357151,0.09252287447452545,0.03847343102097511,0.22658748924732208,0.5956169962882996,12.940659042447805,,,
amgtp_fixed_beta_hi,89,0.07813673838973045,0.04283319041132927,0.08334367722272873,0.033724747598171234,0.20541338622570038,0.6346855163574219,13.078000277280807,,,
amgtp_fixed_beta_hi,90,0.047549523413181305,0.04044755548238754,0.07715144008398056,0.033732619136571884,0.19021666049957275,0.658452570438385,13.155055236071348,,,
amgtp_fixed_beta_hi,91,0.02778422087430954,0.039862364530563354,0.073343925178051,0.038492050021886826,0.18071642518043518,0.6675844192504883,13.191758792847395,,,
amgtp_fixed_beta_hi,92,0.018968336284160614,0.04060804098844528,0.07123519480228424,0.047230783849954605,0.17606593668460846,0.6648597121238708,13.189907532185316,,,
amgtp_fixed_beta_hi,93,0.02064470201730728,0.039592478424310684,0.06789014488458633,0.05020396411418915,0.170104518532753,0.6722092032432556,13.195711217820644,,,
amgtp_fixed_beta_hi,94,0.038753919303417206,0.037119366228580475,0.06349192559719086,0.04595397040247917,0.1618490368127823,0.6915863156318665,13.243667487055063,,,
amgtp_fixed_beta_hi,95,0.0332028791308403,0.03484930843114853,0.0596032552421093,0.04263719171285629,0.15472263097763062,0.7081872820854187,13.276153702288866,,,
amgtp_fixed_beta_hi,96,0.022340577095746994,0.03307284414768219,0.05654588341712952,0.04124182462692261,0.1497817039489746,0.7193577289581299,13.28412213921547,,,
amgtp_fixed_beta_hi,97,0.006231267005205154,0.032335683703422546,0.054849572479724884,0.04310567304491997,0.14909915626049042,0.7206091284751892,13.25652950629592,,,
amgtp_fixed_beta_hi,98,0.014068938791751862,0.032232992351055145,0.05391347408294678,0.047940466552972794,0.15129929780960083,0.7146139144897461,13.195404302328825,,,
amgtp_fixed_beta_hi,99,0.006988875567913055,0.03139942139387131,0.052064284682273865,0.05140359327197075,0.15048766136169434,0.714645266532898,13.148687709122896,,,
amgtp_fixed_beta_hi,100,0.013573026284575462,0.03026432730257511,0.049824316054582596,0.05345039814710617,0.1470760852098465,0.7193848490715027,13.12695563212037,,,
amgtp_fixed_beta_hi,101,0.0245756097137928,0.02863236702978611,0.04705735296010971,0.05191753804683685,0.14072011411190033,0.7316727042198181,13.149210646748543,,,
amgtp_fixed_beta_hi,102,0.026765504851937294,0.027498677372932434,0.04492580518126488,0.04931074008345604,0.13320967555046082,0.7450557351112366,13.206026688218117,,,
amgtp_fixed_beta_hi,103,0.008223539218306541,0.02795982174575329,0.04501071199774742,0.05231620743870735,0.13376951217651367,0.7409435510635376,13.189144939184189,,,
amgtp_fixed_beta_hi,104,0.02417893148958683,0.029148589819669724,0.04624948650598526,0.05732185021042824,0.13842588663101196,0.7288541793823242,13.140070144087076,,,
amgtp_fixed_beta_hi,105,0.0223531574010849,0.028329312801361084,0.04468011111021042,0.05440272390842438,0.13255727291107178,0.7400309443473816,13.195981182157993,,,
amgtp_fixed_beta_hi,106,0.041309285908937454,0.026541035622358322,0.04165976867079735,0.048973921686410904,0.12213961035013199,0.76068514585495,13.285612985491753,,,
amgtp_fixed_beta_hi,107,0.015680456534028053,0.02599061094224453,0.04045761376619339,0.047990892082452774,0.11703509837388992,0.7685254812240601,13.322469372302294,,,
amgtp_fixed_beta_hi,108,0.014932587742805481,0.026648005470633507,0.04117663949728012,0.05282658711075783,0.11828931421041489,0.7610592246055603,13.281391073018312,,,
amgtp_fixed_beta_hi,109,0.022154593840241432,0.027488868683576584,0.04217814654111862,0.05951347202062607,0.12083712965250015,0.749981701374054,13.215654410421848,,,
amgtp_fixed_beta_hi,110,0.017907069995999336,0.026474328711628914,0.04020316153764725,0.05765873193740845,0.11672807484865189,0.7589354515075684,13.243831925094128,,,
amgtp_fixed_beta_hi,111,0.014062564820051193,0.025938821956515312,0.03865185007452965,0.05511676147580147,0.11432579904794693,0.7659669518470764,13.284149371087551,,,
amgtp_fixed_beta_hi,112,0.0064873043447732925,0.025694243609905243,0.03744225576519966,0.05367682874202728,0.1139756292104721,0.7692099809646606,13.30689649656415,,,
amgtp_fixed_beta_hi,113,0.005788171663880348,0.026304008439183235,0.037187475711107254,0.05407622456550598,0.11586074531078339,0.7665708661079407,13.320673998445272,,,
amgtp_fixed_beta_hi,114,0.01939493976533413,0.02773616462945938,0.038187019526958466,0.05781755968928337,0.11938557028770447,0.7568737864494324,13.307741578668356,,,
amgtp_fixed_beta_hi,115,0.01724822446703911,0.026948805898427963,0.036921873688697815,0.055890168994665146,0.11474167555570602,0.7654982209205627,13.341687556356192,,,
amgtp_fixed_beta_hi,116,0.03416088968515396,0.025103792548179626,0.034491777420043945,0.052234068512916565,0.10559176653623581,0.7825779914855957,13.392655782401562,,,
amgtp_fixed_beta_hi,117,0.025992168113589287,0.023699713870882988,0.03266794979572296,0.04963463172316551,0.09842325747013092,0.7955743074417114,13.430557783693075,,,
amgtp_fixed_beta_hi,118,0.004248324781656265,0.02402624301612377,0.03300783038139343,0.05109238624572754,0.09777908027172089,0.7940943241119385,13.429633669555187,,,
amgtp_fixed_beta_hi,119,0.03315195441246033,0.026028508320450783,0.035560667514801025,0.057237330824136734,0.10365475714206696,0.777518093585968,13.37981976941228,,,
amgtp_hidden8,4,,0.20000606775283813,0.20000606775283813,0.20000606775283813,0.20000606775283813,0.20000606775283813,17.00051575899124,,,
amgtp_hidden8,5,0.2484629973769188,0.23648162186145782,0.07575979083776474,0.21479612588882446,0.23648162186145782,0.23648162186145782,19.875159539282322,,,
amgtp_hidden8,6,0.30445151031017303,0.2872234284877777,0.04725765436887741,0.09107223153114319,0.2872234284877777,0.2872234880924225,23.58557289093733,,,
amgtp_hidden8,7,0.07516689971089363,0.2997511327266693,0.03828777000308037,0.06245829910039902,0.2997511327266693,0.2997511625289917,24.505504835397005,,,
amgtp_hidden8,8,0.018600814044475555,0.3028513789176941,0.03525388240814209,0.05619208142161369,0.3028513789176941,0.3028513789176941,24.734791819006205,,,
amgtp_hidden8,9,0.07041247561573982,0.3159617781639099,0.03839805722236633,0.06203335523605347,0.26764509081840515,0.31596171855926514,25.47918450832367,,,
amgtp_hidden8,10,0.14835208654403687,0.3437207341194153,0.04563887417316437,0.07345058023929596,0.19346898794174194,0.3437207043170929,27.055607438087463,,,
amgtp_hidden8,11,0.11576223000884056,0.36955904960632324,0.047651831060647964,0.07764210551977158,0.13558784127235413,0.36955899000167847,28.577061872929335,,,
amgtp_hidden8,12,0.07978258654475212,0.38950440287590027,0.04283815622329712,0.07168076932430267,0.10647103190422058,0.38950440287590027,29.82650350034237,,,
amgtp_hidden8,13,0.04543892294168472,0.40086477994918823,0.03863810747861862,0.06648094952106476,0.09315270185470581,0.40086475014686584,30.55414316803217,,,
amgtp_hidden8,14,0.033774323761463165,0.4093082547187805,0.0356176383793354,0.05952228978276253,0.08624445647001266,0.40930822491645813,31.106706134974957,,,
amgtp_hidden8,15,0.005226749926805496,0.4089464843273163,0.0357336550951004,0.05763194337487221,0.08874133229255676,0.4089464843273163,31.09185865148902,,,
amgtp_hidden8,16,0.045668601989746094,0.413249671459198,0.03761916980147362,0.060298457741737366,0.10272029787302017,0.3861120641231537,31.13810581341386,,,
amgtp_hidden8,17,0.13214324787259102,0.4604305028915405,0.0375029519200325,0.06281553953886032,0.11909395456314087,0.32015660405158997,33.16762988269329,,,
amgtp_hidden8,18,0.13314224407076836,0.5033302307128906,0.034839946776628494,0.06642015278339386,0.13916084170341492,0.2562485933303833,34.99552044644952,,,
amgtp_hidden8,19,0.11699889227747917,0.5618299245834351,0.030919507145881653,0.06478605419397354,0.13410460948944092,0.20836016535758972,37.79084772616625,,,
amgtp_hidden8,20,0.12381703965365887,0.6237384080886841,0.027477869763970375,0.058980993926525116,0.1188390925526619,0.1709638237953186,40.854092517867684,,,
amgtp_hidden8,21,0.12368006817996502,0.6855782270431519,0.024554111063480377,0.04898199066519737,0.09828542917966843,0.14259999990463257,43.99059170857072,,,
amgtp_hidden8,22,0.04771213419735432,0.708574652671814,0.025413835421204567,0.045800019055604935,0.09070934355258942,0.129502072930336,45.12528747878969,,,
amgtp_hidden8,23,0.08370539732277393,0.6667220592498779,0.035395633429288864,0.054557476192712784,0.10223022103309631,0.14109474420547485,42.893329583108425,,,
amgtp_hidden8,24,0.02991412580013275,0.6569618582725525,0.04022049158811569,0.05652154982089996,0.09703309088945389,0.14926260709762573,42.3964047729969,,,
amgtp_hidden8,25,0.11749769560992718,0.7157115936279297,0.03042634017765522,0.046560972929000854,0.07478120923042297,0.13252125680446625,45.49157093651593,,,
amgtp_hidden8,26,0.0590613279491663,0.745241105556488,0.02410084754228592,0.0405372753739357,0.0638374462723732,0.12628239393234253,47.07499464601278,,,
amgtp_hidden8,27,0.005154838785529137,0.7468169927597046,0.022749600932002068,0.040508586913347244,0.06264013051986694,0.12728409469127655,47.17375316657126,,,
amgtp_hidden8,28,0.07387378625571728,0.7098804712295532,0.027845613658428192,0.04920919984579086,0.07558342814445496,0.1374814361333847,45.222125589847565,,,
amgtp_hidden8,29,0.06188824586570263,0.6789364218711853,0.030945910140872,0.05256859213113785,0.08974922448396683,0.14780014753341675,43.622283635661006,,,
amgtp_hidden8,30,0.0861826203763485,0.722027599811554,0.028356226161122322,0.0468648225069046,0.07947239279747009,0.12327899038791656,45.772819297388196,,,
amgtp_hidden8,31,0.0702878050506115,0.7571719288825989,0.026394406333565712,0.04190191254019737,0.06963492184877396,0.10489771515130997,47.53842834196985,,,
amgtp_hidden8,32,0.006149923428893089,0.7578374147415161,0.02684643864631653,0.04325856640934944,0.07023511081933975,0.1018221527338028,47.54402293637395,,,
amgtp_hidden8,33,0.05820776708424091,0.7287339568138123,0.028717590495944023,0.050265803933143616,0.07794400304555893,0.114339180290699,46.04990895651281,,,
amgtp_hidden8,34,0.018772931769490242,0.7193474769592285,0.029854189604520798,0.05197487398982048,0.07986342161893845,0.11896054446697235,45.571119002997875,,,
amgtp_hidden8,35,0.08425719849765301,0.7614763379096985,0.02660311572253704,0.04227345809340477,0.06652668863534927,0.10312142968177795,47.751390600577,,,
amgtp_hidden8,36,0.0036993492394685745,0.7614361047744751,0.02840873971581459,0.040761373937129974,0.0665707141160965,0.10282404720783234,47.74239080771804,,,
amgtp_hidden8,37,0.06940488889813423,0.7267335057258606,0.03263885900378227,0.04576992616057396,0.07620049268007278,0.11865788698196411,45.96857284754515,,,
amgtp_hidden8,38,0.06228820979595184,0.6955889463424683,0.033993590623140335,0.05099887773394585,0.084639772772789,0.13477857410907745,44.40170545130968,,,
amgtp_hidden8,39,0.03657715395092964,0.6785614490509033,0.03273269534111023,0.056325074285268784,0.09429694712162018,0.13808396458625793,43.50864899531007,,,
amgtp_hidden8,40,0.07198742404580116,0.7145553231239319,0.029319748282432556,0.05182187259197235,0.08682888001203537,0.11747463047504425,45.31055174022913,,,
amgtp_hidden8,41,0.026440953835844994,0.7277758121490479,0.029031647369265556,0.05037892237305641,0.08160626888275146,0.11120782792568207,45.974870616570115,,,
amgtp_hidden8,42,0.048482852056622505,0.752017080783844,0.02780456468462944,0.04651853069663048,0.0700632706284523,0.10359671711921692,47.22918193787336,,,
amgtp_hidden8,43,0.006527101621031761,0.751997709274292,0.028031496331095695,0.047799937427043915,0.06681877374649048,0.10535161197185516,47.23394784890115,,,
amgtp_hidden8,44,0.05383911170065403,0.7250783443450928,0.02962157130241394,0.05517544597387314,0.07178250700235367,0.11834204196929932,45.859114706516266,,,
amgtp_hidden8,45,0.05069080926477909,0.6997327208518982,0.030612444505095482,0.058870162814855576,0.0759359672665596,0.13484817743301392,44.610612438991666,,,
amgtp_hidden8,46,0.08032324351370335,0.7398945093154907,0.02588113397359848,0.04567619413137436,0.06463667005300522,0.1239112988114357,46.7437951490283,,,
amgtp_hidden8,47,0.0919376090168953,0.7858630418777466,0.022256001830101013,0.036115702241659164,0.053898196667432785,0.10186631977558136,49.08580147475004,,,
amgtp_hidden8,48,0.013253005221486092,0.7850805521011353,0.024610204622149467,0.03764476627111435,0.056642238050699234,0.09602311253547668,48.983196871355176,,,
amgtp_hidden8,49,0.07902233302593231,0.7455692291259766,0.03081992082297802,0.04778354987502098,0.07067743688821793,0.10515042394399643,46.87517231144011,,,
amgtp_hidden8,50,0.024980703368782997,0.7365056276321411,0.0325910709798336,0.05474083125591278,0.0744391456246376,0.10172346234321594,46.332353714853525,,,
amgtp_hidden8,51,0.048639047890901566,0.7608257532119751,0.027752060443162918,0.04824898764491081,0.0671660378575325,0.09600850194692612,47.636325508356094,,,
amgtp_hidden8,52,0.018107151612639427,0.7577062249183655,0.025247419252991676,0.045139215886592865,0.06684610247612,0.10506177693605423,47.5618261564523,,,
amgtp_hidden8,53,0.16012687794864178,0.6776425242424011,0.028742074966430664,0.05214866250753403,0.08417350053787231,0.15729345381259918,43.635062374174595,,,
amgtp_hidden8,54,0.021050089970231056,0.6795027852058411,0.030507290735840797,0.05384711176156998,0.0893741250038147,0.14676791429519653,43.64258541353047,,,
amgtp_hidden8,55,0.16263262555003166,0.7608194947242737,0.02611578442156315,0.04778512194752693,0.06699759513139725,0.09828202426433563,47.663572339341044,,,
amgtp_hidden8,56,0.041189247742295265,0.7809675931930542,0.024836290627717972,0.04823095351457596,0.06128168851137161,0.08468210697174072,48.64210605993867,,,
amgtp_hidden8,57,0.06606471538543701,0.7479356527328491,0.027784116566181183,0.054422926157712936,0.07131918519735336,0.09853758662939072,46.94595256820321,,,
amgtp_hidden8,58,0.03903183713555336,0.7361095547676086,0.028347834944725037,0.04731197655200958,0.07074052840471268,0.1174900010228157,46.47690076380968,,,
amgtp_hidden8,59,0.07117508724331856,0.7005221247673035,0.029804151505231857,0.0483933761715889,0.07857221364974976,0.14270825684070587,44.75423285737634,,,
amgtp_hidden8,60,0.04501796141266823,0.6792435646057129,0.028573621064424515,0.05212392285466194,0.0862242728471756,0.1538345217704773,43.696812480688095,,,
amgtp_hidden8,61,0.3593198210000992,0.5346697568893433,0.13381852209568024,0.11448143422603607,0.09828167408704758,0.11874832212924957,34.90789646655321,,,
amgtp_hidden8,62,1.0314955152571201,0.23558145761489868,0.6495661735534668,0.03723420575261116,0.031201813369989395,0.046415846794843674,15.764390796422958,,,
amgtp_hidden8,63,0.15102939866483212,0.19180947542190552,0.7250810265541077,0.02113962173461914,0.02455315925180912,0.037416521459817886,12.99277183227241,,,
amgtp_hidden8,64,0.045083604753017426,0.17646534740924835,0.74762362241745,0.018957598134875298,0.02255081757903099,0.034404005855321884,12.0319290664047,,,
amgtp_hidden8,65,0.3009759206324816,0.281847208738327,0.597139835357666,0.03009546920657158,0.035992637276649475,0.05493458732962608,18.619291450828314,,,
amgtp_hidden8,66,0.1218021996319294,0.32446369528770447,0.5362364649772644,0.03462914749979973,0.041433967649936676,0.06324192136526108,21.283370297402143,,,
amgtp_hidden8,67,0.07621131837368011,0.29774728417396545,0.5743316411972046,0.031793318688869476,0.038060061633586884,0.05805192515254021,19.61369603127241,,,
amgtp_hidden8,68,0.04208759590983391,0.3124432861804962,0.5532917976379395,0.033362265676259995,0.03996414691209793,0.06093064323067665,20.53275379911065,,,
amgtp_hidden8,69,0.06125473231077194,0.2907290458679199,0.5839188098907471,0.031094904989004135,0.03741519898176193,0.05683347210288048,19.178521279245615,,,
amgtp_hidden8,70,0.02063571661710739,0.29773151874542236,0.5736017823219299,0.031879596412181854,0.03844776377081871,0.05833243206143379,19.61892009153962,,,
amgtp_hidden8,71,0.006683275103569031,0.2998027205467224,0.5702654123306274,0.03216724470257759,0.03885432705283165,0.05891392379999161,19.75170560181141,,,
amgtp_hidden8,72,0.04749404639005661,0.28154197335243225,0.5940126180648804,0.030682306736707687,0.03740675747394562,0.056360337883234024,18.629469972103834,,,
amgtp_hidden8,73,0.0358956903219223,0.2660059928894043,0.6119588017463684,0.030068453401327133,0.03687591478228569,0.055091507732868195,17.691936247050762,,,
amgtp_hidden8,74,0.018802855163812637,0.26938602328300476,0.6025567054748535,0.031603146344423294,0.03886878117918968,0.05758467689156532,17.93879448622465,,,
amgtp_hidden8,75,0.044421710073947906,0.24888375401496887,0.6008486747741699,0.03526634722948074,0.04795083776116371,0.06705082952976227,16.914040435105562,,,
amgtp_hidden8,76,1.0544017367064953,0.07217840850353241,0.2503529489040375,0.050170205533504486,0.2621077597141266,0.365190714597702,11.67899239808321,,,
amgtp_hidden8,77,0.8889680542051792,0.011698098853230476,0.02861253172159195,0.010187501087784767,0.139827698469162,0.8096752762794495,13.075308723375201,,,
amgtp_hidden8,78,0.258200965821743,0.004754113033413887,0.010282703675329685,0.003116120584309101,0.04307141527533531,0.9387747645378113,13.749224457889795,,,
amgtp_hidden8,79,0.052646963857114315,0.0035526840947568417,0.007252143230289221,0.0022967159748077393,0.021800296381115913,0.9650992155075073,13.891294428613037,,,
amgtp_hidden8,80,0.009298274526372552,0.004981564823538065,0.009559884667396545,0.0032079897355288267,0.018106214702129364,0.964142918586731,13.942822106415406,,,
amgtp_hidden8,81,0.01326958672143519,0.006051042582839727,0.008015969768166542,0.006644414737820625,0.020236104726791382,0.9590530395507812,13.95940705575049,,,
amgtp_hidden8,82,0.0608531404286623,0.014501473866403103,0.007581449579447508,0.019554466009140015,0.02930118516087532,0.9290599822998047,14.148281327914447,,,
amgtp_hidden8,83,0.09231222653761506,0.030542714521288872,0.010898428969085217,0.03991654887795448,0.0357377752661705,0.8829046487808228,14.574040456674993,,,
amgtp_hidden8,84,0.01838838867843151,0.0302381943911314,0.015094702132046223,0.04491397738456726,0.03376627713441849,0.8759859800338745,14.464295958168805,,,
amgtp_hidden8,85,0.050636679865419865,0.02048911713063717,0.016618944704532623,0.034504108130931854,0.02860797382891178,0.8997811675071716,14.146670458838344,,,
amgtp_hidden8,86,0.019338829442858696,0.016019780188798904,0.016182424500584602,0.03057413175702095,0.027774162590503693,0.909450352191925,13.995815699920058,,,
amgtp_hidden8,87,0.008325900882482529,0.013571467250585556,0.015695538371801376,0.031241482123732567,0.031269241124391556,0.9082220792770386,13.857701817527413,,,
amgtp_hidden8,88,0.03176343161612749,0.012562104500830173,0.01671070232987404,0.03580709174275398,0.04157004505395889,0.8933495879173279,13.675742793828249,,,
amgtp_hidden8,89,0.05602303985506296,0.012382915243506432,0.019455483183264732,0.0430532731115818,0.0595906637609005,0.8655173182487488,13.425967318937182,,,
amgtp_hidden8,90,0.05806220043450594,0.012265396304428577,0.0222772266715765,0.04906840994954109,0.07978484779596329,0.8366037011146545,13.176351984962821,,,
amgtp_hidden8,91,0.028634339570999146,0.011894178576767445,0.023487629368901253,0.04928824305534363,0.09267197549343109,0.8226579427719116,13.05091810040176,,,
amgtp_hidden8,92,0.015017650090157986,0.01147531345486641,0.023429766297340393,0.044758621603250504,0.09016954898834229,0.8301668167114258,13.099746715277433,,,
amgtp_hidden8,93,0.03567533381283283,0.010702895000576973,0.022040974348783493,0.038209982216358185,0.08104206621646881,0.8480048179626465,13.218206536024809,,,
amgtp_hidden8,94,0.019822794012725353,0.01062664296478033,0.021402567625045776,0.03409292921423912,0.07596144825220108,0.8579152822494507,13.3038240224123,,,
amgtp_hidden8,95,0.0057410383597016335,0.011167861521244049,0.021601274609565735,0.03276432678103447,0.07442004233598709,0.86004638671875,13.351555656641722,,,
amgtp_hidden8,96,0.002522914670407772,0.01182387676090002,0.02194415032863617,0.03242726996541023,0.07349569350481033,0.8603090047836304,13.387454487383366,,,
amgtp_hidden8,97,0.01068937312811613,0.012817660346627235,0.02255241945385933,0.03388076275587082,0.0757843554019928,0.8549638390541077,13.393238563090563,,,
amgtp_hidden8,98,0.015436267480254173,0.013832520693540573,0.022834643721580505,0.0365283340215683,0.07955847680568695,0.8472463488578796,13.380729109048843,,,
amgtp_hidden8,99,0.007482799701392651,0.014013559557497501,0.022154586389660835,0.03792121261358261,0.08172624558210373,0.8441852927207947,13.36740961484611,,,
amgtp_hidden8,100,0.0039413077756762505,0.014027053490281105,0.0214824378490448,0.039445988833904266,0.08215799182653427,0.8428861498832703,13.356955654919147,,,
amgtp_hidden8,101,0.012582249008119106,0.01328438799828291,0.020356494933366776,0.03888249769806862,0.07829875499010086,0.8491770625114441,13.37063742801547,,,
amgtp_hidden8,102,0.020885460078716278,0.012966548092663288,0.019884193316102028,0.037469614297151566,0.07005976885557175,0.8596205115318298,13.435391465201974,,,
amgtp_hidden8,103,0.008858123794198036,0.013655015267431736,0.021037880331277847,0.040055885910987854,0.07000040262937546,0.8552501797676086,13.424011789262295,,,
amgtp_hidden8,104,0.025767488405108452,0.014816497452557087,0.023199422284960747,0.0440579429268837,0.07555968314409256,0.8423670530319214,13.366419622674584,,,
amgtp_hidden8,105,0.006405988708138466,0.014985297806560993,0.02384210377931595,0.042546115815639496,0.07386834174394608,0.8447583913803101,13.394294191151857,,,
amgtp_hidden8,106,0.02795631717890501,0.014196721836924553,0.0228121355175972,0.037557076662778854,0.06669743359088898,0.8587362170219421,13.47647574916482,,,
amgtp_hidden8,107,0.011984601616859436,0.014039997011423111,0.02276724763214588,0.03531734272837639,0.06314694881439209,0.8647289872169495,13.519353559240699,,,
amgtp_hidden8,108,0.008184126578271389,0.014290728606283665,0.023632965981960297,0.03660149872303009,0.06483801454305649,0.8606365323066711,13.493658732622862,,,
amgtp_hidden8,109,0.022188481874763966,0.015085836872458458,0.0251435749232769,0.04007646068930626,0.07015184313058853,0.8495425581932068,13.435181885957718,,,
amgtp_hidden8,110,0.0033559082075953484,0.014686896465718746,0.024115324020385742,0.03982553258538246,0.07017530500888824,0.8511968851089478,13.432789236307144,,,
amgtp_hidden8,111,0.004606401547789574,0.014759046025574207,0.023469582200050354,0.039977092295885086,0.07225494831800461,0.849539577960968,13.428282350301743,,,
amgtp_hidden8,112,0.00439459178596735,0.014600321650505066,0.02239101380109787,0.039424002170562744,0.07445187866687775,0.8491322994232178,13.425697661936283,,,
amgtp_hidden8,113,0.0045592160895466805,0.015078279189765453,0.022078638896346092,0.03963953256607056,0.07603851705789566,0.847165584564209,13.43828179128468,,,
amgtp_hidden8,114,0.01351280976086855,0.016509514302015305,0.023246249184012413,0.04273289814591408,0.07710179686546326,0.8404082655906677,13.447444098070264,,,
amgtp_hidden8,115,0.01887190155684948,0.016280312091112137,0.022563796490430832,0.04089755564928055,0.0704132616519928,0.8498446345329285,13.512792903929949,,,
amgtp_hidden8,116,0.030691185034811497,0.01526287104934454,0.020986899733543396,0.037558458745479584,0.06100090593099594,0.8651900291442871,13.589101288467646,,,
amgtp_hidden8,117,0.027096684090793133,0.01410827599465847,0.019436592236161232,0.03413986787199974,0.053576625883579254,0.8787389397621155,13.64573429338634,,,
amgtp_hidden8,118,0.004655972123146057,0.014033066108822823,0.0193540807813406,0.033500395715236664,0.05204528942704201,0.8810663819313049,13.661085607483983,,,
amgtp_hidden8,119,0.01953813061118126,0.015045799314975739,0.02078794687986374,0.036131929606199265,0.05673608556389809,0.8712971806526184,13.62724482268095,,,
amgtp_hidden16,4,,0.20000606775283813,0.20000606775283813,0.20000606775283813,0.20000606775283813,0.20000606775283813,17.00051575899124,,,
amgtp_hidden16,5,0.24882475286722183,0.23653630912303925,0.07557877153158188,0.21481280028820038,0.23653630912303925,0.23653630912303925,19.879458211362362,,,
amgtp_hidden16,6,0.3109322339296341,0.288358211517334,0.04552116245031357,0.08940388262271881,0.288358211517334,0.288358211517334,23.670747943222523,,,
amgtp_hidden16,7,0.07510736584663391,0.30087605118751526,0.03671189025044441,0.06065930798649788,0.30087605118751526,0.30087605118751526,24.589649960398674,,,
amgtp_hidden16,8,0.013664167374372482,0.3031536340713501,0.03482207655906677,0.05571770295500755,0.3031536340713501,0.3031536340713501,24.757419545203447,,,
amgtp_hidden16,9,0.07055191323161125,0.31589576601982117,0.03834002837538719,0.06199125573039055,0.2678774893283844,0.31589576601982117,25.475742906332016,,,
amgtp_hidden16,10,0.14858542755246162,0.34392085671424866,0.0453745536506176,0.07319891452789307,0.19358442723751068,0.34392085671424866,27.070205684751272,,,
amgtp_hidden16,11,0.1175711452960968,0.3702647387981415,0.04732668027281761,0.07734496891498566,0.13479922711849213,0.3702647387981415,28.62254684790969,,,
amgtp_hidden16,12,0.07912391796708107,0.3900456130504608,0.042531900107860565,0.07132366299629211,0.10605314373970032,0.3900456130504608,29.86225026100874,,,
amgtp_hidden16,13,0.043822456151247025,0.4010011851787567,0.038450855761766434,0.06622631102800369,0.09332022815942764,0.4010011851787567,30.564459089189768,,,
amgtp_hidden16,14,0.03381841257214546,0.4094555675983429,0.03547930717468262,0.05939602106809616,0.08621241897344589,0.4094555675983429,31.116866305470467,,,
amgtp_hidden16,15,0.005190923810005188,0.4090518653392792,0.035648446530103683,0.057608749717473984,0.0886395275592804,0.4090518653392792,31.098789423704147,,,
amgtp_hidden16,16,0.04596096649765968,0.41323164105415344,0.03757043555378914,0.06034960597753525,0.10277724266052246,0.38607123494148254,31.136955704540014,,,
amgtp_hidden16,17,0.13185949623584747,0.4603416621685028,0.03742896392941475,0.0628180056810379,0.11912845820188522,0.32028284668922424,33.16424177214503,,,
amgtp_hidden16,18,0.13324109837412834,0.5033575296401978,0.034756697714328766,0.06635988503694534,0.13919124007225037,0.2563345432281494,34.998310416936874,,,
amgtp_hidden16,19,0.11716945469379425,0.5619423389434814,0.03084789216518402,0.06468948721885681,0.13410058617591858,0.20841975510120392,37.798037365078926,,,
amgtp_hidden16,20,0.12388812005519867,0.6238865852355957,0.027421284466981888,0.05889729782938957,0.1188223659992218,0.17097289860248566,40.862685434520245,,,
amgtp_hidden16,21,0.12365950457751751,0.6857156753540039,0.02450903318822384,0.04893408343195915,0.0982733964920044,0.14256691932678223,43.99810245074332,,,
amgtp_hidden16,22,0.04786856472492218,0.7087929844856262,0.02536708302795887,0.04576020687818527,0.090672567486763,0.12940841913223267,45.136652613058686,,,
amgtp_hidden16,23,0.08357168547809124,0.6670063138008118,0.035330113023519516,0.05451802536845207,0.1021704375743866,0.1409747153520584,42.908102095127106,,,
amgtp_hidden16,24,0.030096106231212616,0.6571037769317627,0.04018964245915413,0.05651314929127693,0.09702498465776443,0.14916817843914032,42.40348509699106,,,
amgtp_hidden16,25,0.1170714870095253,0.715639591217041,0.030437078326940536,0.04657743498682976,0.07481899857521057,0.13252677023410797,45.487652629613876,,,
amgtp_hidden16,26,0.05904969200491905,0.7451644539833069,0.024106793105602264,0.0405425988137722,0.0638735368847847,0.1263125240802765,47.071091923862696,,,
amgtp_hidden16,27,0.005292249843478203,0.746833086013794,0.022739799693226814,0.040487516671419144,0.06264936178922653,0.12728989124298096,47.17479152046144,,,
amgtp_hidden16,28,0.07370833680033684,0.7099789977073669,0.027813130989670753,0.049163468182086945,0.07555346935987473,0.13749074935913086,45.2277881745249,,,
amgtp_hidden16,29,0.06221389025449753,0.6788721680641174,0.03093140758574009,0.05257558077573776,0.0897478461265564,0.14787304401397705,43.61944577284157,,,
amgtp_hidden16,30,0.08582302927970886,0.7217836380004883,0.028373705223202705,0.046918101608753204,0.07953242212533951,0.12339209020137787,45.760362507775426,,,
amgtp_hidden16,31,0.07049254141747952,0.7570305466651917,0.026406850665807724,0.0419309064745903,0.06967227905988693,0.10496065020561218,47.53118742629886,,,
amgtp_hidden16,32,0.006294650956988335,0.7578871250152588,0.026836728677153587,0.043241094797849655,0.07022223621606827,0.10181260108947754,47.54671958275139,,,
amgtp_hidden16,33,0.05792858265340328,0.7289228439331055,0.02869841456413269,0.05021503567695618,0.07790027558803558,0.11426323652267456,46.05970139801502,,,
amgtp_hidden16,34,0.019029980525374413,0.7194080352783203,0.029850585386157036,0.051961518824100494,0.07985815405845642,0.11892187595367432,45.57413060031831,,,
amgtp_hidden16,35,0.08397025614976883,0.7613925933837891,0.02661222033202648,0.0422942116856575,0.06655402481555939,0.10314597934484482,47.746972342953086,,,
amgtp_hidden16,36,0.00367683544754982,0.7613639235496521,0.028412768617272377,0.040777258574962616,0.06659204512834549,0.10285333544015884,47.73867096938193,,,
amgtp_hidden16,37,0.06918521411716938,0.7267721891403198,0.032626353204250336,0.04576180502772331,0.07618831098079681,0.11865241825580597,45.97069514915347,,,
amgtp_hidden16,38,0.06218875199556351,0.6956772208213806,0.03398338705301285,0.050979066640138626,0.084610715508461,0.13474950194358826,44.40632187202573,,,
amgtp_hidden16,39,0.03668233007192612,0.6785818934440613,0.032737430185079575,0.05631323903799057,0.09428492933511734,0.13808216154575348,43.5097355209291,,,
amgtp_hidden16,40,0.07182709313929081,0.7144955992698669,0.029328959062695503,0.05182620882987976,0.08684372901916504,0.11750547587871552,45.307526307180524,,,
amgtp_hidden16,41,0.026481077075004578,0.727736234664917,0.029033226892352104,0.050381552428007126,0.08161887526512146,0.1112302765250206,45.97290796227753,,,
amgtp_hidden16,42,0.04857231676578522,0.7520223259925842,0.027798013761639595,0.04651670902967453,0.07006616145372391,0.10359682142734528,47.22950633056462,,,
amgtp_hidden16,43,0.0064977072179317474,0.7520192861557007,0.028025997802615166,0.04779773950576782,0.0668201670050621,0.10533647984266281,47.235028272494674,,,
amgtp_hidden16,44,0.05385673977434635,0.7250916957855225,0.029624227434396744,0.055174361914396286,0.07178621739149094,0.11832472681999207,45.85969875752926,,,
amgtp_hidden16,45,0.05074259079992771,0.6997197270393372,0.030621198937296867,0.058875661343336105,0.0759405866265297,0.13484270870685577,44.60981383360922,,,
amgtp_hidden16,46,0.08028882369399071,0.7398641705513,0.025885580107569695,0.04568526893854141,0.06463968753814697,0.12392523884773254,46.74222277663648,,,
amgtp_hidden16,47,0.09196970425546169,0.7858482003211975,0.022253863513469696,0.03611907362937927,0.053897589445114136,0.10187957435846329,49.08510027080774,,,
amgtp_hidden16,48,0.013206228613853455,0.7850971817970276,0.024601109325885773,0.037638209760189056,0.05663525313138962,0.0960284098982811,48.98419115692377,,,
amgtp_hidden16,49,0.07899775542318821,0.7455988526344299,0.03081400878727436,0.047768138349056244,0.07067025452852249,0.105150006711483,46.87684145756066,,,
amgtp_hidden16,50,0.025073708966374397,0.7364763021469116,0.032601986080408096,0.05473759025335312,0.07444939762353897,0.101735420525074,46.330834556370974,,,
amgtp_hidden16,51,0.04864034429192543,0.7607954740524292,0.027760513126850128,0.04825515300035477,0.0671755000948906,0.09601205587387085,47.63465169817209,,,
amgtp_hidden16,52,0.018040305003523827,0.7577455043792725,0.025244226679205894,0.04513761028647423,0.06683933734893799,0.10503239929676056,47.56371627189219,,,
amgtp_hidden16,53,0.15992084704339504,0.6777856349945068,0.028730623424053192,0.052141398191452026,0.08415192365646362,0.15719060599803925,43.642024867236614,,,
amgtp_hidden16,54,0.02086016535758972,0.6795293092727661,0.030500397086143494,0.05384635925292969,0.08936359733343124,0.14676052331924438,43.64399053901434,,,
amgtp_hidden16,55,0.1624438837170601,0.7607510685920715,0.026120897382497787,0.047793302685022354,0.0670103132724762,0.0983242392539978,47.66017646342516,,,
amgtp_hidden16,56,0.0412129033356905,0.7809188365936279,0.02484148181974888,0.04823137819766998,0.06129283830523491,0.08471406996250153,48.6397126596421,,,
amgtp_hidden16,57,0.06593974679708481,0.747949481010437,0.027782348915934563,0.054410420358181,0.0713156908750534,0.09854169934988022,46.946776097640395,,,
amgtp_hidden16,58,0.038959166035056114,0.7361336350440979,0.028346333652734756,0.04732134938240051,0.07074150443077087,0.11745777726173401,46.47792789712548,,,
amgtp_hidden16,59,0.071222223341465,0.7005223631858826,0.029808294028043747,0.048413753509521484,0.07858075201511383,0.14267511665821075,44.75390824303031,,,
amgtp_hidden16,60,0.04505033604800701,0.6792269945144653,0.02857808955013752,0.05213223770260811,0.08622783422470093,0.15383431315422058,43.695869697257876,,,
amgtp_hidden16,61,0.359007278457284,0.5347145795822144,0.13375507295131683,0.11438687890768051,0.09830009937286377,0.11884333938360214,34.911697931587696,,,
amgtp_hidden16,62,1.0657568909227848,0.22326818108558655,0.6666334271430969,0.03638719022274017,0.02967369556427002,0.04403729364275932,14.996123842895031,,,
amgtp_hidden16,63,0.07035214453935623,0.20807592570781708,0.7018100023269653,0.02289755828678608,0.026630407199263573,0.04058689996600151,14.009687669575214,,,
amgtp_hidden16,64,0.13329646922647953,0.16184642910957336,0.7684570550918579,0.017447929829359055,0.02068963833153248,0.03155737742781639,11.118217343464494,,,
amgtp_hidden16,65,0.4342001285403967,0.31383877992630005,0.5513671636581421,0.03356218338012695,0.04007938504219055,0.061171263456344604,20.619333893060684,,,
amgtp_hidden16,66,0.027277052402496338,0.32336506247520447,0.5377155542373657,0.03457760810852051,0.041301801800727844,0.06303258240222931,21.2149208933115,,,
amgtp_hidden16,67,0.06893711909651756,0.299207866191864,0.5721873044967651,0.032009921967983246,0.03825433924794197,0.05833955854177475,19.705223236232996,,,
amgtp_hidden16,68,0.0379011295735836,0.3124348819255829,0.5532428026199341,0.033424653112888336,0.03997607156634331,0.060932707041502,20.532500077039003,,,
amgtp_hidden16,69,0.09951125830411911,0.27720755338668823,0.6029956340789795,0.02973448857665062,0.035805318504571915,0.05426252633333206,18.334964901208878,,,
amgtp_hidden16,70,0.07656216248869896,0.3040156662464142,0.5647135972976685,0.032592181116342545,0.03918268531560898,0.059499479830265045,20.01070163026452,,,
amgtp_hidden16,71,0.001088060438632965,0.3041447699069977,0.5641633868217468,0.032665789127349854,0.039333730936050415,0.05968357250094414,20.021753080189228,,,
amgtp_hidden16,72,0.05814412049949169,0.2819858491420746,0.5932403802871704,0.030804304406046867,0.03749296814203262,0.056477613747119904,18.657941611483693,,,
amgtp_hidden16,73,0.055258650332689285,0.25870391726493835,0.6208693981170654,0.02967051975429058,0.03646574169397354,0.05429092422127724,17.247449124231935,,,
amgtp_hidden16,74,0.041040075942873955,0.270781546831131,0.6003490686416626,0.03176677227020264,0.0391288660466671,0.05797366425395012,18.0280755572021,,,
amgtp_hidden16,75,0.04353189095854759,0.2535272538661957,0.5958378314971924,0.03509695827960968,0.04804301634430885,0.0674956887960434,17.19400469586253,,,
amgtp_hidden16,76,1.1288726478815079,0.06017405539751053,0.22475431859493256,0.048966746777296066,0.2743368148803711,0.39176803827285767,11.387208122760057,,,
amgtp_hidden16,77,0.875280293636024,0.008290660567581654,0.020991800352931023,0.00927472673356533,0.1320338100194931,0.8294073939323425,13.082195799797773,,,
amgtp_hidden16,78,0.24342641606926918,0.002293228404596448,0.004812480881810188,0.002603202825412154,0.03916936740279198,0.9511210918426514,13.740096651250497,,,
amgtp_hidden16,79,0.045247339410707355,0.0017571544740349054,0.0032469432335346937,0.001927639590576291,0.01932363584637642,0.9737455248832703,13.882161929737777,,,
amgtp_hidden16,80,0.014523095916956663,0.003968189004808664,0.007262357510626316,0.0029624311719089746,0.016397541388869286,0.9694097638130188,13.940760474419221,,,
amgtp_hidden16,81,0.04114741203375161,0.008882252499461174,0.014524434693157673,0.006729239597916603,0.021028269082307816,0.9488360285758972,13.998549587093294,,,
amgtp_hidden16,82,0.05410727020353079,0.016398709267377853,0.0135812908411026,0.01837681606411934,0.02891753427684307,0.9227252006530762,14.1732098441571,,,
amgtp_hidden16,83,0.08548950403928757,0.03144984319806099,0.013027792796492577,0.03948346897959709,0.0355045460164547,0.8805339932441711,14.594476519152522,,,
amgtp_hidden16,84,0.020214254036545753,0.03168012574315071,0.015084311366081238,0.04730376601219177,0.03461828827857971,0.8713130950927734,14.498514503240585,,,
amgtp_hidden16,85,0.05845958925783634,0.020191174000501633,0.01568564586341381,0.035508301109075546,0.02867327630519867,0.8999419212341309,14.133580820634961,,,
amgtp_hidden16,86,0.02380559779703617,0.015292932279407978,0.015474901534616947,0.03005066141486168,0.027336398139595985,0.91184401512146,13.980373821221292,,,
amgtp_hidden16,87,0.006094180978834629,0.012993576005101204,0.015244184993207455,0.029835430905222893,0.03038439154624939,0.9115431308746338,13.858659611083567,,,
amgtp_hidden16,88,0.02902301400899887,0.012009861879050732,0.016201654449105263,0.03383556753396988,0.039938632398843765,0.8980156779289246,13.690089987590909,,,
amgtp_hidden16,89,0.05531973112374544,0.011829817667603493,0.018902724608778954,0.04120264947414398,0.05752956494688988,0.8705350756645203,13.442497747018933,,,
amgtp_hidden16,90,0.0630302894860506,0.01189437322318554,0.02208586037158966,0.04843400418758392,0.07856574654579163,0.8390200138092041,13.177290685474873,,,
amgtp_hidden16,91,0.0356294484809041,0.011802115477621555,0.02383796125650406,0.05003458261489868,0.09302747249603271,0.8212972283363342,13.031422141939402,,,
amgtp_hidden16,92,0.012149406597018242,0.011584329418838024,0.024087663739919662,0.045919809490442276,0.09128507226705551,0.8271219730377197,13.075609985738993,,,
amgtp_hidden16,93,0.036577558144927025,0.010865774936974049,0.022667858749628067,0.039039503782987595,0.08201556652784348,0.8454113602638245,13.20160087570548,,,
amgtp_hidden16,94,0.022440673783421516,0.01074597705155611,0.02180655486881733,0.034411344677209854,0.07640454918146133,0.8566317558288574,13.297475637868047,,,
amgtp_hidden16,95,0.007828094996511936,0.011202985420823097,0.021743783727288246,0.03264838457107544,0.07431596517562866,0.8600885272026062,13.353319199755788,,,
amgtp_hidden16,96,0.0036038151010870934,0.01178723108023405,0.0218893364071846,0.032059505581855774,0.07310359179973602,0.8611612915992737,13.393284942954779,,,
amgtp_hidden16,97,0.010459372773766518,0.012763558886945248,0.022429348900914192,0.03346230462193489,0.07541399449110031,0.8559314608573914,13.399568209424615,,,
amgtp_hidden16,98,0.01667621359229088,0.01383120846003294,0.02277381904423237,0.036280740052461624,0.07952096313238144,0.8475927710533142,13.384434083476663,,,
amgtp_hidden16,99,0.009397443383932114,0.014105782844126225,0.02222541719675064,0.038026973605155945,0.08219946175813675,0.8434430360794067,13.366252046078444,,,
amgtp_hidden16,100,0.005206165835261345,0.014175097458064556,0.021634165197610855,0.03983346372842789,0.08292661607265472,0.8414310812950134,13.352161854505539,,,
amgtp_hidden16,101,0.012665118090808392,0.013420021161437035,0.0205135028809309,0.039314329624176025,0.0789887085556984,0.8477634191513062,13.365266589447856,,,
amgtp_hidden16,102,0.022007388062775135,0.013055535964667797,0.019998207688331604,0.037759941071271896,0.07041922211647034,0.8587671518325806,13.432284869253635,,,
amgtp_hidden16,103,0.008087457157671452,0.013672411441802979,0.021067477762699127,0.04011722654104233,0.06998103857040405,0.8551613092422485,13.423889443278313,,,
amgtp_hidden16,104,0.02437292505055666,0.01476984191685915,0.023147478699684143,0.04390130192041397,0.07520592957735062,0.8429747819900513,13.369130354374647,,,
amgtp_hidden16,105,0.005945811979472637,0.01496049389243126,0.023830484598875046,0.04247644543647766,0.07365880161523819,0.8450749516487122,13.395550388842821,,,
amgtp_hidden16,106,0.026572887785732746,0.014234728179872036,0.022900547832250595,0.037679523229599,0.06682417541742325,0.8583605885505676,13.47484027594328,,,
amgtp_hidden16,107,0.011266766116023064,0.0141137158498168,0.022913919761776924,0.03552956134080887,0.06346223503351212,0.8639810681343079,13.516296153888106,,,
amgtp_hidden16,108,0.008296314626932144,0.014360007829964161,0.02377602830529213,0.03681744262576103,0.0652143806219101,0.8598331809043884,13.489994022995234,,,
amgtp_hidden16,109,0.021816100925207138,0.015124986879527569,0.02523729018867016,0.04022177308797836,0.07049130648374557,0.8489245772361755,13.431785048916936,,,
amgtp_hidden16,110,0.0037455959245562553,0.01470247097313404,0.02416614443063736,0.03989429399371147,0.07043945044279099,0.850797176361084,13.430233906954527,,,
amgtp_hidden16,111,0.004294040612876415,0.01475804764777422,0.02349068969488144,0.039987336844205856,0.07243843376636505,0.8493261933326721,13.426571302115917,,,
amgtp_hidden16,112,0.004294799640774727,0.014597746543586254,0.022405769675970078,0.039420053362846375,0.07458527386188507,0.8489907383918762,13.424497976899147,,,
amgtp_hidden16,113,0.004544245079159737,0.015083563514053822,0.022100120782852173,0.03965478017926216,0.07613732665777206,0.8470247387886047,13.437385901808739,,,
amgtp_hidden16,114,0.013421236537396908,0.016521284356713295,0.023269986733794212,0.04276198893785477,0.07713282108306885,0.8403137922286987,13.44715585373342,,,
amgtp_hidden16,115,0.01862294413149357,0.01631433703005314,0.02261091023683548,0.04097994789481163,0.07046884298324585,0.8496246933937073,13.512438584119081,,,
amgtp_hidden16,116,0.03045462630689144,0.015314415097236633,0.021054286509752274,0.03767929971218109,0.06109956279397011,0.8648528456687927,13.588593870401382,,,
amgtp_hidden16,117,0.027116931043565273,0.014157193712890148,0.01950165070593357,0.03424849361181259,0.053681086748838425,0.8784106373786926,13.645195284858346,,,
amgtp_hidden16,118,0.004929608665406704,0.014060473069548607,0.01939256861805916,0.03355468809604645,0.052116453647613525,0.8808760046958923,13.660764258354902,,,
amgtp_hidden16,119,0.0189997348934412,0.01503315195441246,0.02077407017350197,0.036089178174734116,0.05672796815633774,0.8713764548301697,13.627396866679192,,,
