day,block,R,S,L,L_R,L_S,L_L
16,3,0.49293388011642897,0.25353305994178554,0.25353305994178554,0.6175692772320359,0.6175692772320359,0.6175692772320359
16,4,0.4861673405341119,0.2569163297329441,0.2569163297329441,0.6164345654186428,0.6164345654186428,0.6164345654186428
16,5,0.745667634925949,0.1271661825370255,0.1271661825370255,0.5971925184934088,0.6094890688354552,0.6094890688354552
16,6,0.872902489362549,0.06395443300566053,0.06314307763179043,0.6336803035761194,0.6444628603273103,0.6446270511028522
16,7,0.8796198255745517,0.06102472451160346,0.05935544991384482,0.6096117535215586,0.6126295795259475,0.6128643730078392
16,8,0.8560268551479138,0.07356426061940664,0.07040888423267952,0.6042985340909643,0.6041246440709866,0.6043928279309675
16,9,0.839083148821095,0.08293261690231819,0.0779842342765866,0.6261561162097047,0.6264558384471938,0.6267638538514707
16,10,0.826210123975642,0.08969265888094122,0.0840972171434168,0.6269659481815283,0.6275697710813346,0.6277239315194818
16,11,0.7686192616727601,0.11960114377805901,0.1117795945491809,0.6032191951263587,0.6006908122539174,0.600817193696147
16,12,0.7271199162279435,0.14118122572711841,0.13169885804493817,0.6048000394731543,0.6034446202149605,0.6035439623459936
16,13,0.6751598392567993,0.16944961078314813,0.15539054996005247,0.6241204422021935,0.6222132217821302,0.6224667613905464
16,14,0.6324942606246933,0.19152368106931802,0.1759820583059887,0.608422035056168,0.6070852490168573,0.607136008899065
16,15,0.5674550709384643,0.2267638715240741,0.20578105753746156,0.6260915799800875,0.6237087868601207,0.6239014588953314
16,16,0.5521192417478554,0.23356063321291606,0.21432012503922854,0.6136568678713687,0.6134524292005172,0.613399160352269
16,17,0.5234422178258369,0.2483092795493449,0.22824850262481813,0.6192369794936651,0.6184035503915558,0.6184394239095016
16,18,0.4842392530913085,0.2684737138230813,0.24728703308561034,0.6172245615773839,0.6159098718083389,0.6159372224409853
16,19,0.44877800833934794,0.28702354620069537,0.2641984454599567,0.6297593354623743,0.6285156524939858,0.6285670984494899
16,20,0.4183618076560933,0.302746503055053,0.27889168928885366,0.6197001519090245,0.6185994298029018,0.618633486248755
16,21,0.3912729376541516,0.31625803150046733,0.2924690308453811,0.6091999842480076,0.6081832249207304,0.6081826175675106
16,22,0.3390635034180287,0.34491802439533414,0.3160184721866371,0.6230149350697539,0.620707892499998,0.6208401035480697
16,23,0.34637014193418464,0.3387817950274331,0.31484806303838214,0.6113516557219035,0.6117538991103018,0.611644643998305
16,24,0.3175306348782676,0.35344819328520105,0.32902117183653135,0.6180153872917116,0.616675020668071,0.6166894773161666
16,25,0.28629278527389157,0.36984753943006693,0.34385967529604167,0.6157357614935448,0.6141300021096738,0.614172497214277
16,26,0.28950723172281634,0.36843209556221335,0.34206067271497037,0.6117571047955724,0.6117977650383047,0.6118426750471814
16,27,0.28685987006674324,0.36918255516058984,0.34395757477266703,0.6113718692593706,0.6111447716429712,0.611139051555925
16,28,0.2614878761916656,0.38307927518562546,0.3554328486227091,0.6256719405451765,0.6241966549310641,0.624267820210354
16,29,0.25730697572326566,0.38504367137913825,0.35764935289759614,0.6149097014022895,0.6145064113057366,0.6145246189162247
16,30,0.2540609202912386,0.38557633539578995,0.36036274431297144,0.6197127387809027,0.6193730415262664,0.6193379405650196
16,31,0.25361609816224295,0.3840401299542575,0.36234377188349953,0.6149389264967628,0.6147628974601693,0.6146910558644467
16,32,0.25971959642681663,0.38045782622347807,0.3598225773497053,0.6153986989261646,0.6155492544283521,0.6155475092010305
16,33,0.27038294047573097,0.37485703661358644,0.35476002291068276,0.6138320342435039,0.6142301711688432,0.6142457784869892
16,34,0.26854394622250927,0.37673862180776263,0.3547174319697281,0.6044657839284681,0.6041891980561778,0.6042646926440224
16,35,0.2640596553061094,0.3790326074551687,0.356907737238722,0.6089500738353091,0.6085509063281466,0.6085740914745037
16,36,0.2646137376107786,0.381753857760961,0.35363240462826045,0.6060661848181491,0.6058439653368043,0.6060383137069302
16,37,0.25869960659719593,0.3869296987374345,0.3543706946653696,0.6042699417862653,0.6037195459259687,0.6038682506869558
16,38,0.2503175806926953,0.39154403668707155,0.3581383826202332,0.6020312784799388,0.6013698324787796,0.6014176113017508
16,39,0.24423685385519556,0.3945185553993311,0.3612445907454734,0.6037562706032156,0.6032034130990767,0.6032270162500631
16,40,0.23913312969562137,0.39756733660622745,0.3632995336981512,0.6042864275343507,0.6037510445083091,0.6038061274990347
16,41,0.2340599394561621,0.400194905071326,0.36574515547251196,0.60120680143165,0.6006632319124194,0.6006965532934737
16,42,0.22420204849323777,0.4056066614069027,0.3701912900998595,0.597920662850244,0.597059604609978,0.5971076915446162
16,43,0.22118794039338488,0.4070506024469933,0.3717614571596218,0.6014109182012924,0.6009331402883961,0.600960551430813
16,44,0.21467217277587877,0.4107832067743776,0.3745446204497438,0.5976674083885998,0.5969462227412659,0.5969974501039063
16,45,0.21395820192852721,0.40970447795415965,0.3763373201173131,0.6007219284399433,0.6003825973291458,0.6003402792670061
16,46,0.21743329572046302,0.40719350787160574,0.3753731964079312,0.6036959961728638,0.603599774702449,0.6035944751770764
16,47,0.2186896303221574,0.4067221812894701,0.37458818838837254,0.5996101375379672,0.5993649307159213,0.599405211786554
16,48,0.212865093448479,0.4091570556573987,0.3779778508941223,0.5970037444583098,0.5963386417652244,0.5963378003922123
16,49,0.2191879523705495,0.40535270100870563,0.37545934662074476,0.6058311796976674,0.6059056892073804,0.6059079301697837
16,50,0.2262949015901289,0.4003796957005711,0.3733254027093002,0.6059218828421122,0.6060789125887988,0.6060390184424288
16,51,0.2376786328013668,0.39191352992177675,0.3704078372768564,0.6099230979850535,0.6103818764858291,0.6102683559415116
16,52,0.2311400072279501,0.39487970718043924,0.37398028559161056,0.5919025846421978,0.5912817702134223,0.5912819494709028
16,53,0.23434603893015354,0.3930565303036907,0.3725974307661558,0.606490753858631,0.6064189541159458,0.6064302218048356
16,54,0.2399576551187523,0.389695527404487,0.3703468174767608,0.6125233370725175,0.612608235329153,0.6126026235476493
16,55,0.24881804343410838,0.38248493665972155,0.36869701990617004,0.6098379597617806,0.6101790595989589,0.6100512996450893
16,56,0.2557806171178545,0.37863792013952313,0.3655814627426224,0.6122275689143072,0.6124166583061866,0.612414286745408
16,57,0.25897641258152393,0.37659613439985723,0.36442745301861884,0.6014411642154075,0.6014407381199744,0.6014313115694983
16,58,0.26213542502260706,0.3767608399069302,0.3611037350704628,0.6125946588849773,0.6125396467322323,0.6126525536158135
16,59,0.2692657462422001,0.3720534645176784,0.35868078924012153,0.6091019647143876,0.6093441986442493,0.6093005243871851
16,60,0.2733897870868162,0.3699614656839179,0.356648747229266,0.6017487133134495,0.601815811464599,0.6018310746694173
16,61,0.2834888717265902,0.3608509115088017,0.35566021676460813,0.5984784311218874,0.5989786596127246,0.5987630261131298
16,62,0.2883491847382607,0.3582615005789295,0.35338931468281,0.6002166142835031,0.6003585566274513,0.6003562579690409
16,63,0.2877126683549767,0.35908671076509824,0.3532006208799252,0.5979577019558353,0.5978104438120719,0.5978456217554435
16,64,0.2942251243210592,0.35242074296778897,0.3533541327111519,0.6106788919763176,0.6110071297585559,0.6108142995542725
16,65,0.3051756225514256,0.3425920624825147,0.3522323149660596,0.6124341564456887,0.6130295400822324,0.6127667160979978
16,66,0.30641545661477493,0.3416666601331125,0.35191788325211276,0.6003671475149879,0.6003849784911931,0.6003543002204975
16,67,0.30872403460160386,0.33930687131992693,0.35196909407846927,0.6016783143719273,0.6017795342438915,0.6016931496924648
16,68,0.3107297039765496,0.33719179508084,0.3520785009426104,0.603897442150433,0.6039874054427244,0.6039032878782361
16,69,0.3104374255559444,0.33791360134530884,0.3516489730987469,0.6068936824692326,0.6068241820320772,0.6068407386338858
16,70,0.31212213436926184,0.33580342969316435,0.3520744359375738,0.6044908951607434,0.6045742710917734,0.6044792531711212
16,71,0.3126712422709424,0.33565248619582605,0.3516762715332316,0.6073933117020037,0.6073830263013085,0.6073698384130879
16,72,0.3104503655981137,0.338697777061454,0.35085185734043245,0.6147188971985035,0.6145175992990005,0.6146163153267901
16,73,0.3089889830355181,0.3405727225254567,0.3504382944390253,0.6091558911841599,0.6090091525851284,0.6090639715846591
16,74,0.31010623765699047,0.33950881682976436,0.3503849455132453,0.6054947385535593,0.6055208530647286,0.605477615013604
16,75,0.30369381676300583,0.3439241853379753,0.3523819978990188,0.6123462692984802,0.6119511789358869,0.6120132780697651
16,76,0.29884015942710224,0.3471080481938006,0.35405179237909723,0.613973560704647,0.6136515127141688,0.6136880669859308
16,77,0.2991434273035855,0.3467085617634495,0.354148010932965,0.6103794706110371,0.6103333338448651,0.6103101785479328
16,78,0.30078133325226014,0.34563552612295784,0.353583140624782,0.6082470246903499,0.6082688494182165,0.6082442373869634
16,79,0.29287389559251115,0.3516539935978109,0.35547211080967805,0.6243016052805397,0.6237781724609004,0.6238930236318393
16,80,0.2957647414296489,0.3504129325557351,0.3538223260146161,0.6062202651978823,0.6062758894235543,0.6062830053400997
16,81,0.2941419227329335,0.35047392186299703,0.35538415540406953,0.6155893668552654,0.6154518123637767,0.6154037044742972
16,82,0.285090902320183,0.35708771666950667,0.35782138101031047,0.6167360228043637,0.6161319183897266,0.6162496791437593
16,83,0.2843636563375804,0.3557557796852939,0.35988056397712576,0.6205229567405552,0.6204303836568938,0.620330890818994
16,84,0.2843473056153522,0.35585882712031575,0.35979386726433205,0.6144803603748237,0.6143723383865335,0.6143731218881795
16,85,0.2840531316635521,0.35548954539194055,0.36045732294450744,0.6179087362061391,0.6178041049897287,0.6177695954139912
16,86,0.28809179134809604,0.35259310061715154,0.3593151080347524,0.6133695706549644,0.6134986361525625,0.6134407547224341
16,87,0.2866183109666163,0.3534109875121461,0.35997070152123767,0.6120874113994584,0.6119154215692969,0.6119127743782864
16,88,0.2818527791905808,0.35570272445830015,0.3624444963511191,0.6250658336322168,0.6247245322787094,0.6247129890964417
16,89,0.2780906115510648,0.3559326527258158,0.36597673572311945,0.6269485427414834,0.626691291666987,0.6265894285113722
16,90,0.2747161529144456,0.3584259829378209,0.3668578641477336,0.6274730425472449,0.6271552852368779,0.6271916146716169
16,91,0.2713375263096721,0.36087613287730796,0.3677863408130201,0.6155529253876499,0.6152256441999954,0.6152608385386726
16,92,0.280412862793656,0.35255966782312625,0.3670274693832179,0.6234288462389707,0.6238829692053115,0.6236540278094033
16,93,0.27770245074911615,0.3539234308482061,0.36837411840267786,0.6252730839901866,0.6250225375300306,0.6250082190064091
16,94,0.2725390950840799,0.35649243765393446,0.3709684672619857,0.6306032272384083,0.6302152500549807,0.6302012992365861
16,95,0.2728973079978944,0.35511485946679505,0.3719878325353107,0.6248878215312331,0.6248140217821992,0.6247290819092829
17,0,0.2729119656689303,0.3551749589110132,0.37191307542005647,0.6286342754693414,0.6285074274380875,0.6284924974186683
17,1,0.27819684662530186,0.3523860903336182,0.36941706304108,0.6148001174008366,0.6149587012243154,0.6149279663500644
17,2,0.2944091227239928,0.34399652978039985,0.3615943474956075,0.6013968970224951,0.6021318483455486,0.6020840938138798
17,3,0.30398329531553153,0.3418585646713269,0.35415814001314166,0.6175604013655835,0.6178888963682259,0.6180193815672195
17,4,0.24027546487243617,0.37023745647326506,0.38948707865429877,0.6399482029913736,0.6365818694501196,0.6364088780778997
17,5,0.30816009333228817,0.3433936614388101,0.3484462452289019,0.6229451033083893,0.62613691342301,0.6264914880138379
17,6,0.3403125823224605,0.33291903663364714,0.3267683810438925,0.623264388816947,0.6245762483573575,0.6249171382244207
17,7,0.38366218648445244,0.31782763823637994,0.29851017527916773,0.6210062935999477,0.6227487069548149,0.6232194408140708
17,8,0.41636228714795515,0.308201382517453,0.27543633033459197,0.634227577138669,0.6354771375186704,0.6360313864647426
17,9,0.465453565524371,0.2919723060399488,0.24257412843568024,0.6233493189342459,0.6251926345106241,0.6260263032394983
17,10,0.488130838594057,0.2901397390820137,0.22172942232392948,0.6004554173219734,0.6011996467657527,0.6021944152614838
17,11,0.4967728703155617,0.2901892798955632,0.2130378497888752,0.6190473925698504,0.6194318327011397,0.6200205554523186
17,12,0.499581604717315,0.29206955149670555,0.20834884378597957,0.6250713310301604,0.6252721297888142,0.625765709670793
17,13,0.5041308184911499,0.29662057217941534,0.19924860932943478,0.6193438879538135,0.6194837504379106,0.6203324948484984
17,14,0.4715974470917081,0.3142311600860471,0.21417139282224484,0.6097250597855559,0.6086371264853372,0.6087141124138167
17,15,0.4710630791103428,0.3219847211165342,0.20695219977312307,0.6160425664307738,0.6159317111303306,0.6167768262262318
17,16,0.4620693170991034,0.335937123395348,0.2019935595055485,0.6039349457407983,0.6034371401732656,0.6043993915124376
17,17,0.43803614012670755,0.35446780604200684,0.20749605383128553,0.606713936806672,0.6057217746245843,0.6062884789513547
17,18,0.39793931719144854,0.3819000950026185,0.22016058780593303,0.6074145315938375,0.6057245738029217,0.6061639031515544
17,19,0.38616996762261424,0.3848368646104162,0.2289931677669696,0.6318011604693052,0.6314256524767828,0.631371780430609
17,20,0.38985823274020476,0.37680740496252846,0.2333343622972667,0.630270431466926,0.6305893762344027,0.6304332360907976
17,21,0.3741949878227964,0.382186498817389,0.2436185133598147,0.6220827219746743,0.621522711710121,0.6214539658519138
17,22,0.3273184454898808,0.40746379347608036,0.26521776103403877,0.6124771425096279,0.6104099095366335,0.6103954508039289
17,23,0.29904203942129987,0.4251669725065678,0.27579098807213237,0.6139877429437696,0.6125128775522847,0.6127352345656033
17,24,0.29840996218086946,0.4198535107789425,0.2817365270401882,0.6321140022210604,0.6320758328370331,0.6319090165459229
17,25,0.3081865920447957,0.4109312382595485,0.2808821696956557,0.6278807199703004,0.6282984438100945,0.6282802907131265
17,26,0.3181737055408325,0.4032596003063421,0.27856669415282537,0.6254175638965038,0.6258273426643572,0.6258855690984264
17,27,0.3109342814543959,0.40416098641226206,0.28490473213334205,0.6257427640334374,0.6253810439443054,0.6253312286641162
17,28,0.31449523771251886,0.4002391945429115,0.2852655677445696,0.6236729776112899,0.6237840678509866,0.6238225208740613
17,29,0.3220667328609219,0.39299551582480075,0.2849377513142775,0.6303781906568637,0.6307162417159567,0.6306875687704234
17,30,0.3164755042343475,0.393804364711143,0.28972013105450956,0.6275957769004564,0.6273087208077892,0.6272974606788339
17,31,0.31372253785272425,0.39476272128931655,0.2915147408579593,0.6190198622439155,0.6188118145979788,0.6189067421746267
17,32,0.3127203686328599,0.39428740081696306,0.292992230550177,0.6197957185528346,0.619678334166392,0.6197450876854229
17,33,0.31739789113481,0.3904260745965763,0.2921760342686137,0.6223502982465811,0.622510393562397,0.6225669703927617
17,34,0.3154251095399635,0.39164544437447746,0.2929294460855591,0.6196260523405295,0.6194416494572753,0.6195740367040035
17,35,0.31148481656951044,0.3955978072745821,0.29291737615590746,0.6151598142689345,0.6148331506657301,0.6150646912282912
17,36,0.29883123755525737,0.40587165967443967,0.2952971027703029,0.6079180666687413,0.6071168973016299,0.6074283792506586
17,37,0.2946120668109048,0.41004648331093296,0.29534144987816224,0.6131637559521554,0.6127783777794987,0.613018814738698
17,38,0.2970701547592556,0.4090159315680462,0.2939139136726983,0.6195661994041287,0.6195386722595893,0.619703105504141
17,39,0.29759814405310303,0.41428428605638706,0.2881175698905101,0.6143581008268306,0.6141084312649733,0.6145914595789462
17,40,0.2973476202642152,0.41787561694503955,0.28477676279074526,0.6137218121123973,0.6134841776302603,0.6138520720365266
17,41,0.28871688102690474,0.4254630358440182,0.2858200831290772,0.6082988885557554,0.6076603259677075,0.6079729833537674
17,42,0.2824382694838324,0.43508073373841677,0.282480996777751,0.6091924884337645,0.608565981046966,0.6090900558308231
17,43,0.27861617013970313,0.4407261589583127,0.28065767090198424,0.6130215845939867,0.6125617799936545,0.6129462055733944
17,44,0.2804047229010389,0.4352286087179261,0.284366668381035,0.6171260588160048,0.6171285295386314,0.6170513677562359
17,45,0.27297410708841213,0.44619241571666085,0.280833477194927,0.6065814681474351,0.6058543669623977,0.6064226556096143
17,46,0.27833331972745445,0.436050912346715,0.28561576792583065,0.6168375109338279,0.617070223361669,0.6168494504632488
17,47,0.2749256997780183,0.43891842975787004,0.2861558704641118,0.607525497513757,0.6071363216517695,0.6073621761585002
17,48,0.2746257735601456,0.4358551311579245,0.28951909528192993,0.6104702757911831,0.6103306988290825,0.6103146454670878
17,49,0.27372249118347997,0.43700438776451805,0.2892731210520021,0.6070743904093557,0.6068137416263443,0.6070207211753877
17,50,0.27650994096898013,0.4312433465284152,0.29224671250260476,0.6150426832886484,0.6150852922120844,0.6150127711090043
17,51,0.2723245100570899,0.43504081326448835,0.2926346766784217,0.600795008405591,0.6003521550330376,0.600591301503341
17,52,0.27312845494308347,0.43427450689248676,0.2925970381644299,0.6101479628424438,0.6099946179087327,0.6101424866531338
17,53,0.2738699700479598,0.431008394840317,0.2951216351117234,0.6115425264662808,0.6114487047445534,0.6114446225982475
17,54,0.26959647961780886,0.4341547981314127,0.2962487222507785,0.5993607594791514,0.5989232410171428,0.59911572504104
17,55,0.2767585033065667,0.42228274438141883,0.3009587523120145,0.6181433266786849,0.6184990347504552,0.6182046014934361
17,56,0.2792418674385433,0.41830154046511175,0.302456592096345,0.6140371211854263,0.6140455150035264,0.6140359740166695
17,57,0.2856742891911072,0.4091747969753701,0.3051509138335228,0.6199240184776584,0.6202164960092149,0.6200299087147528
17,58,0.2884405116546034,0.40516997089358614,0.3063895174518106,0.6110052652471112,0.6110526515253308,0.6110309871708531
17,59,0.290765518190851,0.4017149888814031,0.3075194929277459,0.6169825774672516,0.6170083889344035,0.6169982541105817
17,60,0.293531496830196,0.39863795127123497,0.30783055189856906,0.617687372063633,0.6177264604228195,0.6177484721679262
17,61,0.2968035406375014,0.3943792823118558,0.30881717705064277,0.6195483393979528,0.6196436619449504,0.6196077643228513
17,62,0.29837955936700694,0.39220595079446513,0.3094144898385279,0.6163988468021789,0.6163888285486923,0.6164147670542947
17,63,0.2987305309562297,0.3919491382414442,0.3093203308023261,0.6184790829503513,0.6183799801502804,0.6184768963042441
17,64,0.29933374742252733,0.3908662386526169,0.30980001392485573,0.6189486243962516,0.6188810919850795,0.6189365745149971
17,65,0.2991500974090493,0.3912653286446765,0.30958457394627426,0.6197411759387561,0.6196087752234615,0.6197252972231939
17,66,0.3029638433350647,0.385569076387001,0.31146708027793435,0.6168492158012111,0.6170182705892081,0.6169019236817189
17,67,0.3036182213683224,0.3841766775688797,0.31220510106279803,0.6186028472076168,0.618558753871818,0.618587338180866
17,68,0.305060501487411,0.37946082513343177,0.31547867337915725,0.6086170617271643,0.6086931718691087,0.608544116266744
17,69,0.30654347313159297,0.3776279275992763,0.31582859926913076,0.6228398567904867,0.6228462063145184,0.6228630670547499
17,70,0.3086821583822007,0.3753380103127548,0.31597983130504453,0.6200267189822178,0.6200722240215573,0.6200803824011848
17,71,0.31053606713162935,0.3729619167707489,0.31650201609762174,0.6187308283594604,0.6187747265048967,0.6187652120151104
17,72,0.31244342757876836,0.3707946280305942,0.3167619443906375,0.6199183685717199,0.6199636067179096,0.6199649365071574
17,73,0.31287202574021145,0.36961999184113314,0.3175079824186555,0.6162719481761375,0.6162450186012345,0.6162552272570916
17,74,0.31452017877074095,0.3667217734848189,0.3187580477444403,0.6100240562644312,0.6100885699467693,0.6100310494743982
17,75,0.3150545541994927,0.36579527336648165,0.3191501724340257,0.6208663784523458,0.620843717735262,0.6208650352304125
17,76,0.3154297398779549,0.36506674877998485,0.3195035113420602,0.6236272664120349,0.6235955317099514,0.6236221241035294
17,77,0.3166271876268739,0.3635426908862615,0.3198301214868646,0.6188054052795195,0.6188250204269821,0.6188284010561359
17,78,0.3161348195944267,0.362791183482426,0.32107399692314736,0.617717464695013,0.6176625954011267,0.6176558898280573
17,79,0.3177793649142955,0.3600559390795012,0.32216469600620334,0.6168945182949968,0.6169675850536795,0.6169061577901197
17,80,0.31825688219773185,0.35884197088479497,0.32290114691747324,0.617726820449838,0.6177231905130433,0.6177123211866733
17,81,0.31910786198551816,0.35778218981840354,0.3231099481960784,0.620270323824733,0.6202766391323321,0.6202848246279636
17,82,0.3194567388249254,0.35690766169033533,0.3236355994847392,0.6170648610556271,0.6170518098372407,0.6170535579177315
17,83,0.32071226568587063,0.35557689270782705,0.32371084160630237,0.6182007810541145,0.6182322656295225,0.6182334122686183
17,84,0.3199933207365811,0.3551317332382929,0.3248749460251261,0.6126537268844031,0.6125981987951046,0.6125884474540924
17,85,0.32010493436825527,0.3544054770685699,0.32548958856317495,0.6175054994961711,0.6174848555758039,0.6174824473415543
17,86,0.32161568908724697,0.353108602217837,0.3252757086949161,0.6187022395154315,0.6187450764747997,0.6187507270652084
17,87,0.32246419938970866,0.352145616961072,0.32539018364921946,0.62216338210174,0.6221784807556863,0.622182090703175
17,88,0.32072715578676414,0.3526705912713059,0.32660225294192996,0.6242374224621585,0.6241268490056567,0.6241379403085575
17,89,0.3228750556714702,0.3508355550630131,0.3262893892655168,0.6257713060838975,0.6258538072751697,0.6258428478140593
17,90,0.32281447020509313,0.3507978866752079,0.326387643119699,0.6198138345753712,0.6197765771840185,0.6198039363229126
17,91,0.3256652107299419,0.3471384138124258,0.32719637545763236,0.6212305330478899,0.6213952992635208,0.6212915840903335
17,92,0.32818497650969475,0.34381380591845423,0.3280012175718512,0.6124089068050572,0.6125617806093238,0.6124616660751642
17,93,0.33084518241794586,0.3404332678728666,0.32872154970918765,0.6099726980291371,0.6101396811523432,0.6100343753093493
17,94,0.32853558858166454,0.34206937579483476,0.32939503562350064,0.6283145061806081,0.6281787398294713,0.6282228126624504
17,95,0.32838425264073995,0.34445896153737415,0.32715678582188606,0.607319441758601,0.6072242559900596,0.6073847039725049
18,0,0.3268171583395939,0.34548085365307696,0.32770198800732925,0.6231251084017467,0.6230232637246422,0.6230594015469203
18,1,0.32906253628940674,0.341351580140935,0.32958588356965834,0.6131344054258887,0.6133069752396427,0.6131448389069736
18,2,0.32616449556145816,0.3449089284224999,0.3289265760160419,0.6204577605193436,0.6202410428762991,0.6203855224909338
18,3,0.3226008052441599,0.3456142091254728,0.3317849856303673,0.6205323376071673,0.6203715885195347,0.6203232762310313
18,4,0.32836653555224565,0.34277514908049217,0.32885831536726234,0.626747299224234,0.6269880450438157,0.6270123759944871
18,5,0.3120932546365317,0.3509318184632913,0.336974926900177,0.6281241013190562,0.6273282897506605,0.6273370415415329
18,6,0.30929486772921977,0.3518089339348276,0.33889619833595275,0.6217651219526623,0.6215923968833392,0.6215764653427995
18,7,0.3246890000449717,0.343781181392651,0.33152981856237734,0.6051084273781969,0.6057997429089436,0.6058045302001527
18,8,0.32512233626953385,0.3406660406020857,0.33421162312838054,0.6187392185163915,0.6188228700427164,0.6186596383598186
18,9,0.3303482328330547,0.33734096131939634,0.332310805847549,0.6164723035068406,0.6167205865539105,0.6166861596312341
18,10,0.3273779878310209,0.333788506481619,0.3388335056873601,0.6128149369637715,0.6128218228894284,0.6125149948270069
18,11,0.3114101814461944,0.3393498878883689,0.3492399306654368,0.6474247827876429,0.6467204331467038,0.6465708728863695
18,12,0.3130256540328438,0.344385278556221,0.3425890674109352,0.6141968212383917,0.6140583075300498,0.6144001196489052
18,13,0.30289076564520506,0.3520822593517089,0.34502697500308616,0.6192248131006517,0.6186064996231949,0.618765183197351
18,14,0.29474243144449846,0.3585683157669107,0.3466892527885908,0.6203799412558936,0.6198354470480589,0.6199839967178549
18,15,0.30070152781795423,0.34490078474952235,0.3543976874325235,0.6224879025606636,0.6230136907588039,0.6223937155707645
18,16,0.2980585173710615,0.3474073853442059,0.35453409728473273,0.6257509725010788,0.6255198208124515,0.6255798653767127
18,17,0.3197943404762049,0.3243703347421486,0.3558353247816465,0.6035209486823381,0.6049044334126389,0.6041414761776001
18,18,0.28403049541413966,0.35551809245603133,0.3604514121298291,0.6323100264712046,0.6301024210211659,0.6308847684066177
18,19,0.25230455404605645,0.377966322622602,0.3697291233313416,0.63134289178694,0.6293508018290004,0.629717614181644
18,20,0.2609919746107334,0.3651794043264431,0.3738286210628236,0.6266631366954932,0.6271838157579772,0.6267200741224824
18,21,0.26833237957529593,0.35830681543926457,0.3733608049854395,0.6343975581217417,0.634726277981552,0.634532266648157
18,22,0.23126563365485966,0.37610894682482315,0.3926254195203173,0.6191551947097272,0.6169361470078041,0.616901521237887
18,23,0.21002390260928813,0.38680856118771273,0.4031675362029992,0.6372836002107244,0.6357152338947418,0.6357154075830126
18,24,0.20257801180351687,0.3902321314990169,0.4071898566974662,0.6183089341274609,0.6175055746965106,0.6174787833960953
18,25,0.20882827885880667,0.3849800591711868,0.40619166197000667,0.6246667929682742,0.6247794379237488,0.624648599490098
18,26,0.19430805557192357,0.39083065293985164,0.4148612914882248,0.6249848283403735,0.6237265031703857,0.6236444328528911
18,27,0.18790156333315228,0.39415001949657513,0.41794841717027265,0.6193981710078852,0.6185615729193152,0.6185508543783663
18,28,0.19116252722894042,0.39204792799529065,0.4167895447757689,0.627147159893126,0.6269717906968433,0.6269239077704435
18,29,0.193505604116064,0.3915202071906218,0.41497418869331426,0.6279351185263807,0.6276796767439042,0.6276887152471526
18,30,0.19180758757789668,0.3931864755824285,0.41500593683967496,0.6206606386087098,0.6201307321488913,0.6201528529783619
18,31,0.19433404721457728,0.39243367581567923,0.41323227696974346,0.6351692809783229,0.6349310541589642,0.6349359347217147
18,32,0.18886617075005316,0.39681092107190263,0.4143229081780441,0.6341632255089052,0.6333518026156824,0.6334207714656646
18,33,0.19778312866649278,0.3920248016661633,0.41019206966734395,0.6306066273122678,0.6308151064114307,0.6307774102648873
18,34,0.2004970281741415,0.3855026637800041,0.4140003080458545,0.6184685773124186,0.6184151768699495,0.6181288344082186
18,35,0.2087512345336931,0.3773290459978578,0.4139197194684491,0.6284690698689744,0.6287675458625044,0.6285208494933276
18,36,0.2173912857924813,0.3720865172977766,0.4105221969097422,0.6189346054676779,0.6191951086943229,0.6191007209716684
18,37,0.2171190988592421,0.3786535918886571,0.40422730925210076,0.6147761207614798,0.6142959570109722,0.6146009395239057
18,38,0.2239317328794773,0.3775168268211436,0.39855144029937906,0.6161798628116382,0.6162485255508184,0.616339362566149
18,39,0.22860512430794713,0.38445699557822355,0.38693788011382935,0.6167866651050546,0.6165474338999074,0.6170228794934521
18,40,0.22749717143697595,0.3909641948077926,0.38153863375523145,0.6150807125420199,0.6145911167312987,0.614908746686386
18,41,0.22817716250719222,0.39704243945650475,0.374780398036303,0.6178226049242388,0.6174212408597651,0.6177761786108599
18,42,0.22409445521149043,0.405691990019133,0.37021355476937673,0.6127031571202919,0.6120102599714123,0.6123830207584087
18,43,0.225818255273609,0.40627828475593936,0.3679034599704517,0.6171689149797537,0.6169388787009628,0.6170535755842772
18,44,0.2273709469419844,0.4078826737801265,0.3647463792778892,0.6165263943300224,0.6162664222946788,0.6164345543220329
18,45,0.22570118993320573,0.40997995690220906,0.3643188531645853,0.6115708377738251,0.6111500190118764,0.6112578798424785
18,46,0.222730375664754,0.4116869698649088,0.36558265447033733,0.6096935621278625,0.6092132952556262,0.6092651468389277
18,47,0.22305540036382862,0.4111237561409636,0.3658208434952079,0.6128158314125225,0.6125393607833373,0.6125633396964912
18,48,0.22314833027185627,0.41062787186136246,0.36622379786678116,0.6135385542474555,0.6132507574322239,0.613270989539744
18,49,0.22805275777472336,0.4066982092156584,0.36524903300961825,0.6186615085664158,0.6186890146794888,0.6186604438669552
18,50,0.22828125805464983,0.40623533606879864,0.36548340587655154,0.6129380773012448,0.6126744945772622,0.6126969606059091
18,51,0.22937633827557335,0.405055671251658,0.36556799047276867,0.6126830449584115,0.6124791968894481,0.6124869273368737
18,52,0.23835804060822594,0.3997243299304139,0.3619176294613603,0.6263957202249076,0.6266610602092508,0.6266672824192597
18,53,0.23787008072041507,0.3998628805838774,0.3622670386957075,0.6096117584591546,0.6093351277413306,0.60936703828939
18,54,0.23598831913608753,0.40063993159789146,0.363371749266021,0.6056672693413773,0.6053100109007397,0.6053365482471992
18,55,0.23927598021096702,0.3973346912416876,0.3633893285473454,0.6136151011914405,0.6135896650946251,0.6135408497298332
18,56,0.24060875612490182,0.39635304467086746,0.36303819920423075,0.6117583431798805,0.611596384739175,0.6116153032359167
18,57,0.24592287536304439,0.3922397391777587,0.361837385459197,0.616145347630735,0.6162432389463939,0.6162035032133822
18,58,0.24461226753996318,0.392579667391545,0.3628080650684919,0.6081722564517482,0.6078816795024861,0.6078942416071399
18,59,0.25133020111088417,0.38782334152205616,0.3608464573670597,0.6200350722383852,0.6202203788664562,0.6201810100862947
18,60,0.25111351551027744,0.3877484655542259,0.36113801893549674,0.606932897254127,0.6067182403555046,0.6067361434881602
18,61,0.2540530015438057,0.3857429149592608,0.3602040834969336,0.6139223200020489,0.6138914573041507,0.6138924943468907
18,62,0.256159577449135,0.3832285026372897,0.36061191991357544,0.6121277933172069,0.6120840074352519,0.612031337000516
18,63,0.2624594544518476,0.3768270230288695,0.3607135225192829,0.6175431307680127,0.6177832952845626,0.617629447602908
18,64,0.26537776839956595,0.37490770580220023,0.35971452579823393,0.617342638876305,0.617341284097033,0.6173345123643157
18,65,0.2663088348038313,0.3739079921846014,0.35978317301156737,0.6084975301452324,0.6083992722897285,0.6083860960918613
18,66,0.2677753846281032,0.3726873944074028,0.35953722096449403,0.6095329177254346,0.6094649070218524,0.6094534740747802
18,67,0.27041370562071776,0.37144975680861964,0.3581365375706626,0.6150396039297054,0.6150220339100808,0.615042517536831
18,68,0.2754086175396057,0.3676136003392159,0.35697778212117837,0.6175983642979825,0.6177504502134805,0.6176909643782372
18,69,0.2756568390291438,0.3673764421038542,0.3569667188670022,0.6091023029174123,0.6089837554223639,0.6089892854627684
18,70,0.27840378435876995,0.364920472031528,0.35667574360970217,0.6106397364503402,0.6106799837792316,0.6106303792709061
18,71,0.281450374490408,0.3626520987903954,0.3558975267191968,0.6125774667307854,0.6126309784852925,0.6125981649823884
18,72,0.28250362305474663,0.3611293315397638,0.3563670454054896,0.6166470130183522,0.6166124450943176,0.6165626271456435
18,73,0.28587680048312913,0.35954528371708955,0.3545779157997814,0.6124822578188919,0.6125389213997032,0.6125510257147103
18,74,0.29023998893640157,0.356511935713798,0.3532480753498004,0.6183893502856623,0.6185308505216034,0.6184875162878158
18,75,0.29317637620266795,0.35358311485653876,0.3532405089407932,0.6148151422116911,0.6149121453763048,0.6148302719543848
18,76,0.29399178041399443,0.3533052092318492,0.3527030103541564,0.6093769375001812,0.6093281555816329,0.6093362320402734
18,77,0.2953568615076932,0.3533640181978336,0.3512791202944733,0.6186302404538178,0.618592746646611,0.6186373364155947
18,78,0.2966825075535855,0.3525716063134765,0.35074588613293806,0.6156088172906098,0.6155970766387251,0.615591991768586
18,79,0.29775196980516644,0.35184513662626077,0.35040289356857296,0.6102777345414978,0.6102580287061153,0.6102489088462454
18,80,0.29939883435890785,0.350350321102087,0.3502508445390051,0.6125540107278744,0.6125799553660779,0.6125418394045614
18,81,0.30059875963817106,0.3491251836130908,0.3502760567487382,0.6068568585587608,0.6068635505026961,0.6068264144873593
18,82,0.3025092001838265,0.3480375146693679,0.3494532851468057,0.6170550770475663,0.6170857307386824,0.6170763302819584
18,83,0.3063844438657283,0.3460397599463773,0.3475757961878945,0.6209274045949751,0.6210569980911003,0.6210514219667608
18,84,0.3106675610344687,0.34405785219043966,0.34527458677509176,0.6191427707891437,0.6192928922117417,0.6193003717716162
18,85,0.3153853709023544,0.3402839914930041,0.3443306376046417,0.6112007485000935,0.6114274937274755,0.6113394864847723
18,86,0.3163947885462177,0.33969504270452794,0.34391016874925434,0.6130051451226177,0.6130224038005693,0.6130119809413397
18,87,0.31636476346571213,0.3395088836038218,0.34412635293046606,0.6203852324289962,0.6203579401184622,0.6203403481588677
18,88,0.3175271393574661,0.33888724127168307,0.34358561937085075,0.6066356218174486,0.6066613063189208,0.6066527561436857
18,89,0.3176130070456184,0.33882447044495706,0.3435625225094246,0.6181534527701557,0.618128899020818,0.6181217181263738
18,90,0.3171758193232183,0.33901533910407505,0.3438088415727066,0.6168126293118181,0.6167632263426704,0.6167556280227382
18,91,0.3183441071059514,0.3383675623888382,0.34328833050521046,0.6136075839406141,0.6136360232744824,0.6136258026117423
18,92,0.3201944654848838,0.3369515810191564,0.3428539534959599,0.609045316358043,0.6091222708912466,0.6090854634341571
18,93,0.32297785321130057,0.33533180995126105,0.3416903368374385,0.6031976936806145,0.6033155897099167,0.6032932150133491
18,94,0.32383537867764584,0.33496562067689134,0.34119900064546294,0.6107026591857632,0.6107249497917605,0.6107203695315448
18,95,0.32780148073590004,0.33194936091993194,0.340249158344168,0.6124842174673669,0.6126907728365361,0.6126173543223972
19,0,0.33418281704401276,0.32420607283677927,0.34161111011920803,0.627284969464073,0.6277273978982953,0.6274282243311351
19,1,0.34057525320870174,0.31929180180166733,0.340132944989631,0.6355931759246753,0.635964293354666,0.6358265822913156
19,2,0.3412003451033074,0.31498927715199365,0.3438103777446991,0.5942364878163139,0.5944265132570631,0.5941440081172983
19,3,0.3273993931745329,0.3215628840663154,0.35103772275915185,0.6073460620068158,0.6067348180802891,0.6066948057817243
19,4,0.35010665169261074,0.3064732873719154,0.3434200609354739,0.6228267752816946,0.6240380374721508,0.6237249320402428
19,5,0.5974638585345692,0.11569405905168795,0.286842082413743,0.6240431837740155,0.6401929931694662,0.6314538237201216
19,6,0.6713012096641607,0.0826653638989463,0.24603342643689285,0.612062871941887,0.6182516666210962,0.615141550368754
19,7,0.7440198073292641,0.06097429337473087,0.19500589929600493,0.6360097564152066,0.6425266753113341,0.6399231684648558
19,8,0.7323643245992124,0.07060730129315032,0.1970283741076372,0.6072162631077882,0.607630046117646,0.6075046279939601
19,9,0.7285099577459092,0.07893472179819289,0.19255532045589777,0.6296548846978579,0.6302641185900598,0.6303981236921119
19,10,0.68363452705624,0.10522721690278763,0.2111382560409724,0.6274444955982506,0.6251670138450078,0.6263713207068937
19,11,0.6672016476222412,0.1168936585626619,0.215904693815097,0.6157643568691737,0.6155440764725008,0.6157606820707898
19,12,0.6536101002710468,0.12435641328881611,0.22203348644013698,0.5936760121592237,0.5938390928304238,0.593629347824591
19,13,0.6046107971027314,0.14868447094704929,0.24670473195021933,0.611871368115679,0.6100675842095132,0.6103918537665508
19,14,0.5558064598385326,0.17311512769159884,0.27107841246986847,0.6063597396658638,0.6045908361949127,0.6048537936300742
19,15,0.5235734195531749,0.19209371843823755,0.2843328620085875,0.6279600327609521,0.6268128727156117,0.6271214093084031
19,16,0.516926647789877,0.2021614029761607,0.28091194923396234,0.6408784341531022,0.6406873379789099,0.6411106984383734
19,17,0.49797505846769585,0.21077996430261683,0.2912449772296873,0.6043428515877298,0.6039579674934956,0.6038176112850681
19,18,0.4810625085216802,0.2171434910831969,0.301794000395123,0.6014830100174743,0.601214843018922,0.600963103499467
19,19,0.4576555026174616,0.22867124382416232,0.3136732535583762,0.6116326280360955,0.610940826651598,0.6108950915752781
19,20,0.43095735791768364,0.2430444769860603,0.32599816509625607,0.6179908889368678,0.6170458559226042,0.6171141740460158
19,21,0.41324090220051335,0.25266879875230847,0.3340902990471782,0.6121169967119001,0.6115364611399138,0.6115362607062315
19,22,0.4125713630995132,0.2543703324680129,0.33305830443247403,0.6082934973725482,0.6084332278883363,0.6083932574721743
19,23,0.40749949963621007,0.2594684935337099,0.3330320068300802,0.6279557449616189,0.6278407045595186,0.627913497023367
19,24,0.38029870875786687,0.27385308816251863,0.3458482030796145,0.6166452017152343,0.6155659641885535,0.6156152806145369
19,25,0.3655308414322164,0.2817568253255929,0.35271233324219087,0.6135989821766802,0.6130386898417204,0.613021016765648
19,26,0.3649553075988973,0.28272195835370395,0.3523227340473988,0.6087700891710252,0.6088379964792688,0.6087798375155458
19,27,0.36335492543311065,0.28337824655473826,0.3532668280121512,0.6121269051441007,0.6121746385011808,0.612067759693606
19,28,0.34984573267177005,0.29040281422067915,0.3597514531075509,0.6103586508115759,0.6098214490287738,0.6097862909366405
19,29,0.33519560793895553,0.30031042664802354,0.36449396541302104,0.5972025647451995,0.596490570191564,0.5966084995561949
19,30,0.32548746637254583,0.3072072123511136,0.3673053212763407,0.6049311227189543,0.6044372071401886,0.6045088421713112
19,31,0.32089095056690636,0.31233940131444293,0.36676964811865065,0.6026864932566822,0.602391209115232,0.6025013993382847
19,32,0.3152013615652994,0.32039205962266726,0.3644065788120334,0.6053913772587389,0.6049503285233558,0.6052139357312757
19,33,0.31380788154515865,0.32336601547718263,0.36282610297765877,0.6098175402399588,0.6096669092764224,0.609753189065739
19,34,0.3070496485728705,0.3315193581763073,0.36143099325082223,0.6010435327474234,0.6005412564034087,0.600792013001135
19,35,0.2999317442683101,0.33705652011907167,0.3630117356126182,0.6020958660979893,0.6016413601936074,0.6017321224019003
19,36,0.29808668916168546,0.3400765790766197,0.3618367317616949,0.6043748520342109,0.6041626811290031,0.6042582631475424
19,37,0.28972829740048034,0.3451125221813063,0.36515918041821344,0.6016868437157065,0.6011734827948132,0.6012056637685279
19,38,0.28243459496608725,0.3515859386528327,0.3659794663810801,0.5998304851299591,0.5992866167301494,0.599433557734875
19,39,0.2827224476184082,0.3527065598644057,0.3645709925171861,0.6055627625534857,0.6054372662813335,0.6054940736133487
19,40,0.2814219876735788,0.3538243371174626,0.3647536752089586,0.6043572478945057,0.604171892164515,0.6041860658108025
19,41,0.2808939019650209,0.354668490808699,0.36443760722628016,0.603640777043227,0.6034885701785302,0.6035099504554784
19,42,0.27836927565798686,0.35721352308084897,0.3644172012611642,0.6008883339113558,0.6006091905750555,0.6006731129399682
19,43,0.2701195007338377,0.36290621348172425,0.366974285784438,0.5943419125425793,0.5937428000795212,0.5938264924723002
19,44,0.2710815438855465,0.36333763887194537,0.365580817242508,0.6006592940243746,0.6005442790186102,0.6005917212483335
19,45,0.27484896940081416,0.36121136671433884,0.36393966388484705,0.6049962611443517,0.6050642068081623,0.6050474551242702
19,46,0.2774269258200618,0.3586447782714824,0.3639282959084558,0.602936886439489,0.6029807358785205,0.602903785909545
19,47,0.2702894285172879,0.3638868956038338,0.36582367587887843,0.5957779800674138,0.5952313221092437,0.5953223438297983
19,48,0.26857782020408877,0.3647787016308515,0.3666434781650597,0.599558400493238,0.5993249829906964,0.5993250264449159
19,49,0.26655465973954034,0.36579324264141017,0.36765209761904954,0.5971140430504827,0.5968599077506851,0.5968581782182325
19,50,0.2687289125193235,0.36477989456236315,0.36649119291831345,0.6017167946311044,0.6016806713199753,0.6016826745066137
19,51,0.2718236151224829,0.3631872885999538,0.3649890962775634,0.6019599918233783,0.6019812322062803,0.6019765488707072
19,52,0.27527718854187344,0.360903334399798,0.3638194770583286,0.6035519058050196,0.6036136656597236,0.6035794114351395
19,53,0.2792824471115678,0.3584409533842035,0.3622765995042287,0.6040343306684908,0.6041302247656396,0.6040999158595031
19,54,0.28443059796829434,0.35601108160017325,0.3595583204315324,0.6068385021814221,0.6069846050362209,0.6069878230808831
19,55,0.2859023872667969,0.35517823330642234,0.3589193794267807,0.5987431404598367,0.5987172594099047,0.5987073057952913
19,56,0.2859638371633622,0.35502984349798267,0.3590063193386553,0.5984527630137302,0.5983584617867016,0.5983472702917976
19,57,0.28726092643670986,0.3520450843857515,0.36069398917753887,0.5949468853111631,0.594981800816974,0.5948404521485705
19,58,0.28664714330427593,0.35255313118713505,0.360799725508589,0.5981200757831125,0.5979877881505576,0.5979897378598333
19,59,0.2882427652819661,0.351929825936555,0.359827408781479,0.6018671278092675,0.6018474666932041,0.6018475784533919
19,60,0.29138489512715837,0.34975775098844647,0.3588573538843952,0.602098531564,0.6021841510914022,0.6021385646767923
19,61,0.29543838118274784,0.3479629822711619,0.3565986365460902,0.6055219036261488,0.6056359552249577,0.6056374027853734
19,62,0.29626370433586724,0.34716801792547947,0.3565682777386532,0.5957073624251201,0.5956849527525372,0.5956517509217214
19,63,0.2981977129052419,0.3468278865788004,0.35497440051595774,0.6025748197506804,0.6025801754089692,0.6026054302064069
19,64,0.29932503258883264,0.3460288808401609,0.3546460865710065,0.5946825073288602,0.5946766447228561,0.5946524930266089
19,65,0.29897175989204144,0.34581220173854516,0.35521603836941346,0.5998457749900902,0.5997732509310368,0.5997396554709533
19,66,0.299797662652895,0.3458182056364502,0.35438413171065486,0.6023193070966999,0.6022811008803775,0.6022944282642118
19,67,0.30246644794285554,0.3446726306573168,0.35286092139982767,0.599168007994042,0.5992299761896477,0.5992299526739702
19,68,0.3013636925433026,0.3460994801000492,0.3525368273566482,0.6055147990187127,0.6053735667240505,0.6054162969744161
19,69,0.30299392744821757,0.34592944978449575,0.35107662276728674,0.6067713603652638,0.6067696848387971,0.6068000341494101
19,70,0.3044640992816599,0.34478329508059674,0.3507526056377435,0.6026007792084992,0.6026256101500017,0.6025943848237096
19,71,0.3060250039306025,0.3438395907934112,0.35013540527598636,0.6036786260879243,0.6037040656148581,0.6036865648458691
19,72,0.3079219205308643,0.34251085234114437,0.34956722712799143,0.6007184269964853,0.6007704802210266,0.6007393182123792
19,73,0.30927906152905993,0.3419857423447994,0.3487351961261408,0.6047678180025836,0.604781449603473,0.6047815975906644
19,74,0.31330483247448626,0.3403969278528115,0.34629823967270235,0.5965225581679463,0.5966609254427062,0.5966771051588002
19,75,0.31443141655941487,0.34000202826888787,0.34556655517169726,0.6016860906801997,0.6016982617119647,0.6017008240118489
19,76,0.3147795275021217,0.3399830092090375,0.3452374632888409,0.6090195528751375,0.6089963915159102,0.6089987612093739
19,77,0.31773910718060183,0.3358788147779153,0.34638207804148285,0.6034205686795773,0.603610494939861,0.6034426332089722
19,78,0.32044755257413843,0.33366077355724644,0.3458916738686152,0.6100146129008428,0.6101474951426644,0.6100797799453573
19,79,0.320776955938536,0.33382712101710743,0.3453959230443566,0.6065661595616879,0.6065534492081575,0.6065579809710354
19,80,0.3209494436657434,0.3344539803104042,0.34459657602385235,0.6102080877184355,0.6101761220210381,0.6102050749179834
19,81,0.3190385432314358,0.33633877145757685,0.3446226853109874,0.6062352782763466,0.6060955529078913,0.606140453791095
19,82,0.31551807419925115,0.3389568438713598,0.3455250819293892,0.6183181254350033,0.6180972545213227,0.6181403755549966
19,83,0.3149540545777079,0.3395516331270696,0.3454943122952226,0.6078015020004677,0.6077321034784472,0.6077430592868257
19,84,0.31058664371169514,0.34319338734027705,0.34621996894802787,0.6146244734211652,0.6143329642691053,0.6144149100036124
19,85,0.311020953489128,0.34256736663262577,0.34641167987824634,0.6087753415359904,0.6087638337694803,0.6087352663217488
19,86,0.3101393542515753,0.34311464511317236,0.34674600063525235,0.6099857334291027,0.6098956060700851,0.6098974250237698
19,87,0.3051459542687086,0.3465806687940157,0.34827337693727584,0.6153951393043341,0.615074424852874,0.6151289165422461
19,88,0.3023975239002406,0.3481152340629957,0.3494872420367636,0.616263273329984,0.6160644383939807,0.6160721637218314
19,89,0.3024980056807444,0.34819672141247454,0.34930527290678115,0.6128469077394677,0.6127837753687646,0.6127899815493623
19,90,0.30767747170537874,0.3441854399660738,0.3481370883285476,0.6034950261157777,0.6037297342382073,0.6036425040435511
19,91,0.30581392773722244,0.3452168737948108,0.34896919846796665,0.6145180218422182,0.6143721976485278,0.6143736582895106
19,92,0.29768429420325543,0.3487928995588571,0.35352280623788745,0.6212471036416952,0.6208018502294155,0.6207696135038538
19,93,0.297805497930097,0.3496976257380016,0.35249687633190135,0.6083572693505581,0.6082617800847044,0.6083134038034123
19,94,0.2990733898709333,0.34884949618140304,0.3520771139476638,0.6092796794532173,0.6092759272138175,0.609259690042065
19,95,0.30040212770928476,0.3480875225822913,0.351510349708424,0.6118316957891613,0.611830491004831,0.611820615505217
20,0,0.3034485312090977,0.3436186436517666,0.35293282513913576,0.6211871147028599,0.6213602885081638,0.6211793745587765
20,1,0.3044485524730217,0.34132742961295875,0.3542240179140197,0.6218451025966651,0.6218924485446666,0.6217733153459205
20,2,0.29954340264994117,0.3451057278008615,0.3553508695491975,0.6299188270068897,0.6295811534773333,0.629647175196611
20,3,0.3127415783342599,0.33071537128306977,0.35654305038267037,0.6043520576267831,0.6051834755927803,0.6046917704717806
20,4,0.30750939300394137,0.3349974405737295,0.35749316642232937,0.6177732666447154,0.6174364543716339,0.6175108126973246
20,5,0.30320842398601794,0.3365436185221688,0.3602479574918134,0.6053900802095958,0.6051548724221457,0.6050953573802608
20,6,0.30834095725243155,0.3280340019367375,0.3636250408108309,0.6364861035420638,0.6368812704330712,0.6364878895768808
20,7,0.31172439825868337,0.3252328369191868,0.3630427648221299,0.6096458303762706,0.609821017603864,0.6097040853123793
20,8,0.31268717421687725,0.32663625100382576,0.36067657477929704,0.621475879865513,0.6214434652099865,0.6215093235427306
20,9,0.32972724839063605,0.3098192145571159,0.36045353705224814,0.6073633607937451,0.608451383976725,0.6078620729832065
20,10,0.32223120894694995,0.30681646041608956,0.3709523306369605,0.626467036997509,0.6263575363284888,0.625889903230085
20,11,0.311491197039689,0.31460789330342953,0.3739009096568815,0.618897813914279,0.6183033507185935,0.6184006440694724
20,12,0.31750381599825767,0.29813391279551776,0.3843622712062247,0.6365830532623623,0.6373423957788286,0.6364175892251323
20,13,0.30380469931544357,0.3062242984960267,0.3899710021885298,0.6090904680655403,0.6083778153940376,0.6083973309861922
20,14,0.33097288254606366,0.2873948467765315,0.38163227067740485,0.6140313613221104,0.6155903458882487,0.615044989972638
20,15,0.4066374989572778,0.2254388478298878,0.3679236532128345,0.6055313304697522,0.6103119338263071,0.6079939652798699
20,16,0.37882209058684363,0.2398577026056027,0.38132020680755363,0.6323503750002399,0.6312489208872497,0.6312816420983169
20,17,0.36428264178384523,0.2281257702062952,0.4075915880098596,0.625093538490291,0.6254475001308414,0.6239931165996396
20,18,0.3670128867550941,0.2164860322820287,0.4165010809628772,0.6114064613341205,0.6122872545499444,0.6112174244782285
20,19,0.334382027532888,0.2419611417501403,0.4236568307169717,0.6353910734101964,0.6335174276987088,0.6341970376217269
20,20,0.3131334717910079,0.25366845072899563,0.43319807747999645,0.6228128502917503,0.6217952113125398,0.6218034431653566
20,21,0.2986296163887981,0.26208135677283184,0.43928902683837,0.6106489098178899,0.609917900377224,0.6098772255272367
20,22,0.30753797602671284,0.2471991646953542,0.44526285927793297,0.611567263197448,0.6125640800572608,0.6115782513813477
20,23,0.31989463135597573,0.24415518005285264,0.43595018859117163,0.6125859471052518,0.6132481973606766,0.613068954165923
20,24,0.31344577163386983,0.2528981873194872,0.43365604104664296,0.6144566147517833,0.6140148166997729,0.6141756916509046
20,25,0.3081176967037023,0.2610352559624178,0.43084704733387996,0.6124785516002239,0.6120775046560196,0.6122360870668494
20,26,0.29360654256894714,0.2765383221375433,0.42985513529350966,0.6033443973324761,0.6023163048154468,0.6027260246635511
20,27,0.28746057531250147,0.28221291186511166,0.4303265128223868,0.6163644322071694,0.6159593786519894,0.6159717251057699
20,28,0.28417874442226126,0.28721599081434923,0.42860526476338956,0.6161204919725445,0.6158244092354591,0.6158709401804323
20,29,0.29111578062434756,0.28682321513089754,0.42206100424475496,0.6160298715501608,0.6162923713648322,0.6162678562249914
20,30,0.2820470122919536,0.29311925562843655,0.42483373207960984,0.6146688953396455,0.6141153819953696,0.6141112060019972
20,31,0.27772961375326016,0.29737994060024636,0.4248904456464936,0.6149598871942307,0.6146259555181096,0.6146203093181601
20,32,0.28613412199197347,0.29587456344872337,0.4179913145593033,0.6217841930270817,0.6221159793604403,0.6220834562933607
20,33,0.2764848016566446,0.2988930049154434,0.4246221934279121,0.5968234339493194,0.5963385817641773,0.5961368118983922
20,34,0.28313405082406506,0.2980773322826087,0.41878861689332636,0.613798299732238,0.6140369701578988,0.6140055379428909
20,35,0.28223540689734294,0.30040752380181907,0.4173570693008381,0.6067377810660224,0.606596285793705,0.6065710150398779
20,36,0.2716413104568374,0.30821000104745006,0.4201486884957125,0.6059647897902587,0.6052608816455487,0.6053234088935596
20,37,0.26657502529154536,0.3146750762730106,0.41874989843544413,0.6038812165921785,0.6034001488343719,0.6035248990611749
20,38,0.24847547821025667,0.32851448230501523,0.42301003948472804,0.595325502557975,0.5940461242666456,0.594275389099768
20,39,0.24740161049055218,0.3305774610230569,0.4220209284863909,0.607721683803204,0.6074644887532532,0.6074541969956825
20,40,0.24123880963152378,0.3348766182295874,0.4238845721388888,0.6021925117198241,0.6016385411043982,0.6016315957705097
20,41,0.2278694823275484,0.3445967225773726,0.42753379509507916,0.5974509847673176,0.5963732151634065,0.5964910031776703
20,42,0.2321643412723037,0.3445222715979593,0.42331338712973704,0.6085163375689575,0.608496039863996,0.6085137842137095
20,43,0.22864766604989287,0.347707677572741,0.42364465637736604,0.599611086370844,0.5991433449914503,0.5991519035025537
20,44,0.21925750031577212,0.35514153847544305,0.42560096120878493,0.5949225196842846,0.5940314291944825,0.5941285256862195
20,45,0.22372925326184714,0.35577293468789606,0.4204978120502568,0.6067929633178635,0.6067299302070219,0.606804852136033
20,46,0.2178415773391909,0.3599445436588556,0.4222138790019536,0.5940852062138868,0.5934317470327201,0.5934475017902875
20,47,0.21312514863878537,0.3638607952566784,0.42301405610453624,0.5963455578649346,0.5957284956396923,0.5957614273886596
20,48,0.2220260940446866,0.36202490383125807,0.4159490021240554,0.6082825194168999,0.6084827739797676,0.6085480926808405
20,49,0.23248318791264813,0.35782986579045833,0.4096869462968935,0.6097902829725727,0.6101428773165256,0.6101261056539679
20,50,0.23786650200070264,0.35455315063346915,0.4075803473658282,0.603267956586097,0.6033831157767374,0.6032888090177017
20,51,0.24150789049137042,0.3527396258596421,0.40575248364898764,0.602003091499706,0.6020122003128301,0.6019514852843654
20,52,0.24621041171673105,0.3523765640043598,0.4014130242789091,0.6086753826890342,0.6086967208032217,0.6087430374265428
20,53,0.2539548349402806,0.3502537699056879,0.39579139515403156,0.6130873519603905,0.613296757532257,0.6133291109279373
20,54,0.255153001102095,0.3506185688584705,0.39422843003943464,0.5996931011459979,0.5995713718212861,0.5995749969454608
20,55,0.2603797064082643,0.34823870499038667,0.3913815886013491,0.60611516781346,0.6062422963787832,0.6062001454545184
20,56,0.2638543311361327,0.3474141955709354,0.3887314732929319,0.6096155938950064,0.6096366641226134,0.6096359334970527
20,57,0.26679714697485973,0.3468439518376983,0.38635890118744215,0.6050215454849653,0.6050206283681886,0.6050220733864423
20,58,0.27106592128853785,0.34461351272606255,0.38432056598539965,0.6071077114850074,0.6072142550840334,0.6071585539842291
20,59,0.27381101894338394,0.34409550453123966,0.38209347652537645,0.6076472123465272,0.6076524680060343,0.6076530400771871
20,60,0.27623108873510394,0.3437065687780359,0.38006234248686016,0.6035989122334747,0.603592921241225,0.6035939772817961
20,61,0.2774599722452658,0.34476820608692205,0.3777718216678122,0.6109260385582411,0.6108353577500931,0.610889375308481
20,62,0.27940513013134094,0.34469283675584095,0.3759020331128181,0.6124297620974632,0.6124014093510785,0.6124134088963428
20,63,0.2810668949411451,0.3448344972369155,0.37409860782193943,0.5980088819352032,0.5979666452280205,0.5979854723108694
20,64,0.2859007336146606,0.3409550487238826,0.3731442176614568,0.5962952491019343,0.5964952921560152,0.5963704645462632
20,65,0.2973262634918058,0.3319382731697427,0.37073546333845153,0.5934980052495704,0.5941059752642179,0.5938562936089101
20,66,0.2995146837948442,0.3304041711735944,0.3700811450315615,0.6076609092772973,0.6077343769266206,0.6076579262661612
20,67,0.3038456823808824,0.32732243572844444,0.3688318818906733,0.612865689580441,0.6130680382489933,0.612957487592015
20,68,0.3084626351279333,0.3240252462678669,0.36751211860419986,0.6054221578026814,0.6056511739106881,0.6055319607486207
20,69,0.3095814201920649,0.3243562690317298,0.3660623107762054,0.60313043886458,0.6031346673396053,0.603132638120932
20,70,0.3104623384303491,0.3243635937713021,0.36517406779834904,0.6041929302335842,0.6042007011196621,0.6041744410926945
20,71,0.3130796283617944,0.3239282259054089,0.36299214573279676,0.5968484208764657,0.5969299820495275,0.5969275079889851
20,72,0.3141296614211685,0.32458216159119907,0.3612881769876325,0.5960048187823406,0.5960029755674272,0.5960240532759554
20,73,0.31492120877545443,0.3249128395772769,0.3601659516472688,0.6007910146718852,0.6007915605342512,0.6007884426186983
20,74,0.32026096698348516,0.32029030992805396,0.3594487230884609,0.6076975426427107,0.6080089290099071,0.6078354104081626
20,75,0.3219089571671747,0.31962026817853884,0.3584707746542864,0.6032661122560912,0.6033416682898829,0.6032979586344192
20,76,0.3221066045775233,0.32027324044264893,0.3576201549798278,0.6008623834536008,0.6008507397675282,0.60084681335703
20,77,0.31729451601384584,0.32630738018606603,0.35639810380008813,0.614908390004114,0.6145583479688078,0.6147410825509735
20,78,0.31795226221299366,0.32659083644081877,0.3554569013461877,0.5996264399294856,0.5996261692383409,0.5996246333652929
20,79,0.3179039938665437,0.32755582381445647,0.3545401823189999,0.594305927378121,0.5942612063904182,0.5942822737421664
20,80,0.3241974618164208,0.32154483084006447,0.35425770734351486,0.5962521113156422,0.5966371207428413,0.5964175148650861
20,81,0.32539088625876444,0.3216897202999809,0.3529193934412547,0.6052991807009324,0.6053366449552944,0.6053384210737888
20,82,0.32884175537165844,0.3191403583504199,0.3520178862779218,0.6089017098915367,0.6091004292811941,0.6090032601260951
20,83,0.33127286960474545,0.31789489551407574,0.35083223488117876,0.6070695149322718,0.607201044896842,0.6071520982357806
20,84,0.3329051842218602,0.3178522828951814,0.3492425328829584,0.6092184186995641,0.609289929757596,0.6092922696629024
20,85,0.3314307957777314,0.31955299672588094,0.34901620749638784,0.6025997455824611,0.6025185638730917,0.6025394249922362
20,86,0.32732840227083576,0.3232060705000217,0.34946552722914265,0.6155140946190251,0.6152816309766113,0.6153481358216429
20,87,0.3237391793118208,0.32575731712510464,0.35050350356307464,0.6157177118004739,0.6155260009970858,0.6155430020137932
20,88,0.32265854282922246,0.3269625436663807,0.3503789135043968,0.6104361149925579,0.6103597220532342,0.6103700607431699
20,89,0.3147382817976193,0.33257809544359046,0.35268362275879017,0.6180846202336469,0.6176406113556288,0.6177200728120309
20,90,0.3161537935316458,0.3310930920671044,0.35275311440124985,0.6144149540214132,0.6144834877911212,0.6144094262962642
20,91,0.31122817368822303,0.3338251313853562,0.3549466949264208,0.6205419415634447,0.620270592287124,0.6202645067942623
20,92,0.3094504409282793,0.33478509512340204,0.3557644639483187,0.6193484888557333,0.6192263419466069,0.6192060882048641
20,93,0.3111492995881281,0.3347058830902493,0.3541448173216227,0.6081919362038167,0.6082156203749948,0.6082347152897797
20,94,0.309883759701138,0.335912451229466,0.3542037890693961,0.6124154231285838,0.6123017254086626,0.6123133897834998
20,95,0.3104649540848319,0.3361118266922521,0.35342321922291614,0.6105314084234602,0.6105078885711975,0.610514407789627
21,0,0.29968198783719213,0.34149557960198307,0.35882243256082486,0.6247746147614373,0.6242017995036747,0.624188269517005
21,1,0.2999292580868414,0.3417811084586062,0.3582896334545526,0.6128685587480324,0.6128080805779902,0.6128114439240003
21,2,0.29714121160124024,0.3455209043829169,0.35733788401584304,0.6092362263828243,0.6089643319608316,0.6090856647542683
21,3,0.3046297596339475,0.3420145045570858,0.35335573580896673,0.6056646660264482,0.6059625270666058,0.6059587677318292
21,4,0.306228210985599,0.3413340908496344,0.3524376981647666,0.6064460519240316,0.6064686635793082,0.6064611656205702
21,5,0.6916437880993457,0.10593937514539167,0.2024168367552625,0.6057486899746983,0.626821366982387,0.6199588421596246
21,6,0.7671893853134416,0.08270137853805187,0.15010923614850646,0.6194117868688958,0.6246127317284753,0.624240921286352
21,7,0.793038258926517,0.07765168001623132,0.12931006105725157,0.6241840911608031,0.6269745609022277,0.6269845188773462
21,8,0.8146773812608974,0.07417043798435503,0.1111521807547475,0.6038654513437306,0.6065321877906775,0.6068326315048017
21,9,0.8022538414158666,0.08286547876554146,0.11488067981859199,0.620111209790557,0.6205411394059968,0.6207625473296047
21,10,0.793041528780379,0.08935468665259078,0.11760378456703018,0.6197359491735411,0.6204083331572128,0.6204866182022509
21,11,0.7874421216536641,0.09423783354663726,0.11832004479969851,0.6163624837153863,0.6172032063884157,0.6173217876086008
21,12,0.7816671584550203,0.09759102758137353,0.12074181396360611,0.6216210157515426,0.6225796445860833,0.6224071555366611
21,13,0.7782280467211278,0.10134193744102649,0.12043001583784574,0.60441881213605,0.6053161539740263,0.6054655550841346
21,14,0.7710549651091062,0.10677200025462517,0.12217303463626872,0.6000622791841445,0.6006825137578683,0.6008702940281706
21,15,0.7545764477823622,0.11581313306098884,0.1296104191566489,0.6218311970771978,0.6219146664329321,0.6219896710071128
21,16,0.7361975832628173,0.1253784869393055,0.13842392979787718,0.6176114016630468,0.6175733099213703,0.6175900124231135
21,17,0.7173747363504482,0.1341941418636318,0.1484311217859198,0.6289761964842095,0.6289515248527631,0.6288207604029693
21,18,0.6954289181126044,0.1454552462558581,0.15911583563153753,0.6246046964162637,0.6243049673958034,0.6243236957525377
21,19,0.6631980386393671,0.16216465869916236,0.1746373026614704,0.6220141323237112,0.621148556821888,0.6212372550174972
21,20,0.6865059674103476,0.1488168738255809,0.16467715876407135,0.6253466879269971,0.6273408570370176,0.6269685923679562
21,21,0.6608955122201507,0.161833261212916,0.17727122656693314,0.6022947617724008,0.6017736801232237,0.6017922602862492
21,22,0.6429284808952159,0.17103584505791974,0.18603567404686427,0.615822927737922,0.6156343920066358,0.6156325230764961
21,23,0.6262453347713909,0.18091817044818428,0.19283649478042472,0.6154233946618187,0.6151838505337739,0.6153342925501352
21,24,0.5985354129018945,0.1957373724960928,0.2057272146020126,0.6097826196546,0.6090532097452235,0.6091556988687473
21,25,0.5725092119269205,0.20935031728023853,0.2181404707928409,0.6142172486675098,0.6135493003027294,0.6136066423480978
21,26,0.5481093969272491,0.22217880636381596,0.2297117967089348,0.611956329796199,0.6113220429031065,0.611377664163631
21,27,0.5210110824517491,0.23740480653698473,0.2415841110112662,0.6042963732435603,0.6034652362802354,0.6036132123823506
21,28,0.4966105123719884,0.25037703453960347,0.25301245308840814,0.6095430284419405,0.6088236561518475,0.6088872289148048
21,29,0.4910160022682573,0.25247211573890227,0.25651188199284036,0.6220299611837123,0.6221173306818212,0.6220539629629718
21,30,0.4907017516105313,0.24943062191333754,0.25986762647613126,0.6254749774302629,0.6258808100698617,0.625605543109795
21,31,0.47309352405615007,0.25879059107615165,0.2681158848676983,0.6142655996767841,0.6137900736866816,0.6138259181037169
21,32,0.45966251193508123,0.2650051531253891,0.2753323349395297,0.6113565430116805,0.6110669911891491,0.6110175893404528
21,33,0.4554954467294865,0.2637689952237149,0.2807355580467987,0.6066503285936583,0.6068415083234728,0.6065662544827725
21,34,0.4251833936870721,0.2813542409648882,0.29346236534803977,0.5962758132477711,0.5951190719709177,0.5952993209670501
21,35,0.40608810470069207,0.2923442488210404,0.3015676464782678,0.6070340248956688,0.6063326221701139,0.6064278238442397
21,36,0.3769523280814052,0.31099007698558206,0.3120575949330128,0.5996282241049472,0.5983483803525393,0.5986231074302903
21,37,0.348004959074872,0.3293429747388945,0.3226520661862335,0.5994953216206805,0.5981469286357454,0.5983957493523466
21,38,0.32633913858738917,0.3419573572253502,0.3317035041872607,0.5996086278618393,0.5985693155803268,0.5986818446172018
21,39,0.3142187685959327,0.3476130124752159,0.33816821892885146,0.6029892683666035,0.6024016138828423,0.6023844750991734
21,40,0.30147692432629963,0.3534917700282237,0.34503130564547657,0.6003003866353145,0.5996466141284936,0.5996236176044909
21,41,0.2900091282654891,0.3590130962190366,0.3509777755154743,0.6011148814685696,0.6004741056979467,0.6004676005942274
21,42,0.2729653870275971,0.36825537648194095,0.358779236490462,0.5951748996350102,0.5941747537033243,0.5942196340780588
21,43,0.26002892299953684,0.37507256361843455,0.3648985133820288,0.5967788648973362,0.5959351696943059,0.5959604009555414
21,44,0.24668556210390255,0.38258477434395305,0.3707296635521444,0.5934543525907224,0.5925156954807306,0.5925677372242601
21,45,0.24329451906739352,0.3838812540266978,0.3728242269059086,0.5974458713370787,0.5970502885716432,0.5970391211345968
21,46,0.2351854874349,0.3883598210680592,0.3764546914970408,0.5930071839741847,0.5923031843947638,0.5923342178857641
21,47,0.23552195836229145,0.3873721322252197,0.37710590941248884,0.6018051317566431,0.6015977417320926,0.6015653064814702
21,48,0.2341371240516079,0.38758147645949975,0.3782813994888924,0.5983559844557849,0.5980404777253183,0.5980240655407781
21,49,0.2359096717899656,0.386072750649871,0.3780175775601634,0.6004710377767744,0.6003406331826822,0.6003167070405172
21,50,0.23790068827212493,0.3840411867640728,0.37805812496380226,0.5980850835911204,0.5979844011791658,0.5979366164039271
21,51,0.24899184246510012,0.3773433884736442,0.3736647690612557,0.607414606321278,0.6078436068398886,0.6077883851764098
21,52,0.2573860169694012,0.37298113810093725,0.3696328449296615,0.6066148534084665,0.6068842466887311,0.6068800255964167
21,53,0.2710128808151263,0.36501647880534355,0.36397064037953025,0.6123339003771829,0.6129249609796595,0.6128646348009905
21,54,0.276572354147255,0.363048250955077,0.36037939489766807,0.6072954624144835,0.6074251407368206,0.6074732317617246
21,55,0.27541865132753107,0.36312626826215444,0.3614550804103145,0.5987282763977646,0.5985545327880128,0.5985287496967678
21,56,0.2777827716117647,0.35880205840385965,0.3634151699843757,0.5968227536851227,0.5969077125211512,0.5967286303613358
21,57,0.28191701664401364,0.35652180129284783,0.36156118206313853,0.6040698279122148,0.6041714867605714,0.6041531270476983
21,58,0.28724342705689854,0.3544904639016229,0.35826610904147865,0.6058578250802078,0.606004454676492,0.6060344927505332
21,59,0.285596906319115,0.35544236145462615,0.35896073222625885,0.5978984561265646,0.5977123750151287,0.5977157642929075
21,60,0.2843310263724196,0.35607417125521346,0.359594802372367,0.5977360973280094,0.5975690844007812,0.5975651499073025
21,61,0.2858515672145499,0.35541011004817685,0.35873832273727324,0.6011772374797231,0.6011479629296873,0.6011493012428939
21,62,0.2894732941789312,0.3535931149770137,0.35693359084405507,0.605059059849037,0.6051435749597998,0.6051388592034866
21,63,0.29192923354014855,0.3524343363552814,0.3556364301045701,0.603632090998309,0.6036624425003458,0.6036622645897755
21,64,0.291873465649103,0.35255906297660794,0.3555674713742891,0.5952511967473142,0.5951585452642433,0.595160490335381
21,65,0.2929077037704958,0.35195296935099457,0.35513932687850974,0.5995159545431773,0.599483845459,0.599474935158168
21,66,0.2921893710658418,0.3522393530649241,0.3555712758692343,0.598126807176861,0.5980078457168048,0.5979999080082248
21,67,0.29407837658952407,0.35114087179748765,0.3547807516129883,0.5998782974316614,0.5998922721668504,0.5998789937144701
21,68,0.2965451989642844,0.35008370117252696,0.35337109986318865,0.6047027915466459,0.6047402402756562,0.6047459876616214
21,69,0.296472134922639,0.35017145502249475,0.35335641005486634,0.5953845348552156,0.5953030989099313,0.5953022310512346
21,70,0.2987884456839914,0.34912598108357396,0.3520855732324349,0.6022929835429994,0.6023293833439936,0.6023319666588508
21,71,0.3033274079167453,0.3466643777699747,0.3500082143132801,0.604386448522738,0.604547071746376,0.6045314313470848
21,72,0.3040857279129777,0.34569322737884334,0.35022104470817905,0.6029125806998304,0.6029071115154312,0.6028674701629761
21,73,0.30485831866998675,0.34545759501971035,0.349684086310303,0.6025252777448408,0.6025005054408338,0.602503876591891
21,74,0.30626358384872504,0.34510115475986924,0.34863526139140566,0.6091724235195863,0.6091744416386986,0.6091898294542183
21,75,0.30539572327278797,0.3460513534549882,0.34855292327222387,0.6052418930705094,0.6051291776035376,0.6051559803738201
21,76,0.30543577512041287,0.3466324848148086,0.3479317400647786,0.6082524970634643,0.6081795370506466,0.6082125668234531
21,77,0.3040421461505997,0.3483920704347513,0.34756578341464905,0.6138050279101289,0.6136467994074922,0.6137089620553033
21,78,0.2974012911247738,0.3515667191667997,0.3510319897084265,0.6056543640739571,0.6052662436287936,0.6052583577816132
21,79,0.2944989535504137,0.3531925087578534,0.3523085376917329,0.6095914588579924,0.6093638357849629,0.60937471955851
21,80,0.29073593261262204,0.35582937761718164,0.3534346897701962,0.6116225746710495,0.6113265626331523,0.6113718321400557
21,81,0.29450633618711547,0.3535921267388509,0.3519015370740338,0.6058655741975123,0.6059736233554425,0.6059560238775712
21,82,0.2920668805288453,0.35521585851473575,0.35271726095641903,0.6124503396459452,0.6122313582855711,0.6122569560854901
21,83,0.2970246861043098,0.35260148705851974,0.3503738268371704,0.607183058254486,0.6073468220219486,0.6073422664842039
21,84,0.2998793998617134,0.35134931381496876,0.3487712863233179,0.6132983240432341,0.6133573614271569,0.6133707269818324
21,85,0.2994665805724157,0.3518470030947606,0.3486864163328238,0.6127527927655984,0.6126513978243371,0.6126717803956004
21,86,0.29722466852954443,0.3521985852287352,0.35057674624172036,0.6141730242497038,0.6140102731166931,0.6139681282159074
21,87,0.2974015981647685,0.3523514109315291,0.35024699090370226,0.6133181549214914,0.6132422647941531,0.6132585244283398
21,88,0.2967970790256558,0.35303757195767516,0.3501653490166691,0.6140775805853707,0.6139584472475782,0.613983654323095
21,89,0.29921171044861217,0.35177850929521703,0.34900978025617085,0.6147314858739877,0.6147744358339693,0.6147750845807826
21,90,0.29627115748333105,0.3533434016284945,0.35038544088817447,0.6155610956861104,0.6153373668251697,0.615345932442674
21,91,0.2923672985298397,0.3550274043111925,0.3526052971589678,0.6149815371922551,0.6147121030175197,0.6146993421635937
21,92,0.2970463445945545,0.352247344932764,0.3507063104726815,0.6052659745386255,0.6054253850183815,0.6054026095259761
21,93,0.28785764969954086,0.35871286873467334,0.35342948156578585,0.6230746206288913,0.6224770484809898,0.6225877195247344
21,94,0.285374769717504,0.3610365128065635,0.3535887174759325,0.6253868734676851,0.625127080140717,0.625195728613637
21,95,0.28659423458029526,0.3570741135331901,0.3563316518865148,0.6253464749258087,0.6253976145863968,0.6252108410963098
22,0,0.30085771956834423,0.3466924054627699,0.35244987496888597,0.6172167141275428,0.6179325182378361,0.6177400595608986
22,1,0.2919156868758495,0.35291600926360883,0.3551683038605418,0.6295679789095131,0.6290007816478645,0.6290992245529913
22,2,0.2947789428307768,0.3508302862349162,0.35439077093430704,0.6170378853503707,0.6171146368222794,0.617073061699169
22,3,0.297989481219092,0.3499257046091253,0.3520848141717827,0.6055986836024347,0.6056592038051603,0.6056960867576037
22,4,0.3002066938031539,0.34936210500509307,0.35043120119175303,0.6122494045602479,0.6122703877179644,0.612300059392278
22,5,0.610921032173641,0.13770306023366086,0.2513759075926981,0.6119998242592363,0.6292636897608725,0.6227715113073728
22,6,0.7285048090906658,0.08645350870711561,0.18504168220221842,0.6062932058316555,0.6142973887524,0.6117157312672127
22,7,0.7405180954836867,0.08494827214842561,0.17453363236788746,0.5935600318144526,0.5955261168653977,0.5949599204127051
22,8,0.7461248518030886,0.08666865130069414,0.16720649689621725,0.6094582143810418,0.6109219563335895,0.6106543610325157
22,9,0.7050496345429315,0.10788603993369468,0.18706432552337388,0.6069355600814623,0.6053810337500752,0.6058301393982849
22,10,0.6589380692609947,0.1307599925924625,0.2103019381465427,0.6020963982237812,0.60042409071627,0.6007279330213456
22,11,0.6070744058944534,0.15614987720210707,0.23677571690343932,0.5944553358726389,0.5925741316868082,0.5928297346457327
22,12,0.5107277120750756,0.20340837694743133,0.2858639109774931,0.6185969942205352,0.6146643311969183,0.6152112208884165
22,13,0.4163523031608397,0.2544794867220216,0.3291682101171388,0.6268586130022693,0.6228015499274601,0.6234985310327539
22,14,0.42496081995696156,0.2504521553583643,0.3245870246846742,0.5963073951322424,0.5969141754529966,0.5967591440295481
22,15,0.30425739929582496,0.31474403250608474,0.38099856819809036,0.6338584165061004,0.6282160528721965,0.6288171321576572
22,16,0.4228342973297947,0.25703878027073696,0.3201269223994683,0.6161164218701648,0.6216583751151448,0.6212598245294783
22,17,0.36792438639093744,0.28328578964948525,0.34878982395957747,0.6133010383958902,0.6110577798898326,0.611074427309368
22,18,0.33691119430081606,0.3025633389052641,0.36052546679391995,0.629535515516679,0.6280464185658523,0.6282953673718084
22,19,0.30375784271510187,0.3215043552231246,0.3747378020617736,0.6218955709089128,0.6202255830255167,0.620381046396832
22,20,0.26394388007613445,0.34065676542105794,0.3953993545028077,0.6081885572628619,0.6060783813485309,0.6060605847634115
22,21,0.2682344031144924,0.33812125203456084,0.39364434485094696,0.6091443317192737,0.6092659888579018,0.6091744285533842
22,22,0.27249208032096184,0.3300764648396804,0.3974314548393578,0.6020824360885401,0.6023857458605641,0.601973676151732
22,23,0.2679592631394765,0.33490946774447644,0.39713126911604707,0.6251336792295735,0.6247098884788944,0.6247940142072796
22,24,0.2604489633972838,0.33993972715320825,0.399611309449508,0.6216093427883471,0.621042710876604,0.6210649749648126
22,25,0.26581024317123436,0.34100932563021213,0.39318043119855356,0.6072947677716027,0.607344044720195,0.6074804935635509
22,26,0.26393741697161754,0.3419615262881982,0.3941010567401842,0.6016613328961478,0.6014344874964394,0.6013821136003314
22,27,0.2575100396572919,0.34556538049576213,0.39692457984694607,0.6147403448089257,0.6142420956313841,0.6142205214728925
22,28,0.2495372039052982,0.3497617607412683,0.4007010353534335,0.6129300067196053,0.6123242317060712,0.612296856852705
22,29,0.25768810646500434,0.3442399405062852,0.3980719530287105,0.6231022289434432,0.6234379449667731,0.6232869128260424
22,30,0.2591545967816742,0.3446288344108521,0.3962165688074737,0.6160244627932362,0.6159278833498633,0.6159303720942636
22,31,0.2730091681861757,0.33921489155111473,0.3877759402627097,0.6151373938625231,0.6157105590520274,0.6157132565460172
22,32,0.288945636012264,0.3312023726390786,0.37985199134865755,0.609475302147946,0.6102162796148798,0.6101267751054066
22,33,0.29172089576556853,0.33083961666562256,0.37743948756880885,0.6116575754518884,0.6117041068865481,0.6117019214015401
22,34,0.2931955580956949,0.3330338988908787,0.3737705430134264,0.6052244958326806,0.6051484171751366,0.6052640222283514
22,35,0.29296576598918816,0.3344698962850828,0.3725643377257291,0.6093751645800263,0.6092616022854154,0.6092919441302787
22,36,0.29083925025815194,0.33716762140705364,0.37199312833479453,0.6060404205327423,0.6058173053471014,0.6058721092342236
22,37,0.27897058750919446,0.34686145858744166,0.374167953903364,0.5954653700164471,0.5946613712015016,0.594855580724715
22,38,0.27732725759912996,0.34831422846572735,0.37435851393514274,0.6061659236415868,0.605956210035744,0.6059635367693179
22,39,0.2754914264632246,0.3504132769308404,0.37409529660593505,0.6058364102361198,0.605594962320954,0.6056355096024209
22,40,0.27168698212441883,0.35318888860048153,0.3751241292750997,0.6031942871953377,0.6028505055053471,0.6028775957790208
22,41,0.26822852195838953,0.35570431317209084,0.3760671648695197,0.6018736357872834,0.6015387053782388,0.6015621878690547
22,42,0.26411444108402254,0.3586064425591688,0.37727911635680855,0.600610024683876,0.6002263347807779,0.6002551326421085
22,43,0.26074947742151905,0.3610117297971508,0.37823879278133016,0.6045446913054973,0.6041917222016709,0.6042146284428352
22,44,0.2575014755563201,0.36324568894467796,0.37925283549900196,0.6057834637968906,0.6054287958053851,0.605446640936969
22,45,0.25324428501786317,0.3660879491025823,0.38066776587955453,0.6008989604270167,0.600473769353923,0.6004991048766352
22,46,0.25736562906816607,0.3627757739469195,0.3798585969849145,0.6106824354442065,0.6107673399474971,0.6106795199356424
22,47,0.25803279104553045,0.3628504316914389,0.37911677726303067,0.5997103627653659,0.5995681990473587,0.5995724316758902
22,48,0.25924206185335635,0.3622782479940528,0.3784796901525909,0.6020163448806543,0.6019162293746163,0.6018999050833267
22,49,0.25858296633103284,0.36273838991030183,0.3786786437586655,0.6041046840188583,0.6039018971826637,0.6038922849685929
22,50,0.2571974299705103,0.3635352902022412,0.37926727982724856,0.602925042689549,0.60268073110714,0.6026703803521016
22,51,0.26128916255991813,0.36191569564456594,0.3767951417955161,0.6068537736851636,0.6068985316224803,0.6069032424048293
22,52,0.2675401499624939,0.35917546686186647,0.37328438317563967,0.6083486089772144,0.6085197527941665,0.6085218923757024
22,53,0.2749572574356891,0.35459608191600167,0.37044666064830933,0.6137913134013957,0.6140721354906449,0.6140023844859576
22,54,0.2768807350988895,0.35378989289483975,0.3693293720062708,0.603173950602403,0.6031501782178059,0.603140132163617
22,55,0.27922625512301974,0.3515679215179217,0.36920582335905855,0.6020789927433913,0.6021172525254749,0.6020376076532187
22,56,0.28005703202123866,0.35408440059090274,0.36585856738785866,0.6121964093975085,0.6120443009089723,0.6121933294978913
22,57,0.28325763204172966,0.35258515476142394,0.36415721319684646,0.6035738844042303,0.6036272290625113,0.6036181491170333
22,58,0.2849119638696646,0.35143719724553846,0.36365083888479693,0.6094373599751193,0.6094298954496672,0.6093971371975387
22,59,0.28976281056479153,0.34602951654451286,0.3642076728906957,0.600297909568294,0.6005387769132472,0.6003471769946307
22,60,0.29047843435244847,0.3463451945777951,0.3631763710697565,0.6094198881808325,0.6093532841818821,0.6093710640221143
22,61,0.2935903605786271,0.34491124014627406,0.36149839927509897,0.6008984237603973,0.6009715095417529,0.6009567463274941
22,62,0.2976150720497341,0.3419444689566957,0.36044045899357025,0.6047431940704415,0.6049013164418693,0.6048221393571477
22,63,0.3000491370084609,0.3404768485675612,0.3594740144239779,0.5933718097088955,0.5934377567054349,0.5933987342634702
22,64,0.3021177834853218,0.33930736399299216,0.3585748525216861,0.5969418027045819,0.5969912755248016,0.5969585869932609
22,65,0.30278066715429236,0.33941186487029557,0.357807467975412,0.6044840547267835,0.604450191308221,0.6044523827763387
22,66,0.3062232206374525,0.3361840740020792,0.3575927053604684,0.6030551870944756,0.6032207717098147,0.6031049839952974
22,67,0.3148838909087149,0.32910226283222865,0.3560138462590565,0.6060458506223925,0.6065173697176142,0.6063148573887075
22,68,0.3165403711628961,0.3296466202992971,0.3538130085378069,0.6092898538199788,0.6093072321556102,0.6093552230780104
22,69,0.31540561965650155,0.3322979174024865,0.3522964629410121,0.6127555573661115,0.61261572026684,0.6127135994376757
22,70,0.31718641468660475,0.33057374185073235,0.352239843462663,0.60193682342977,0.6020262794685252,0.6019484328213669
22,71,0.3194509575534804,0.3285103857480646,0.352038656698455,0.5985134191607776,0.5986344167203281,0.5985475179631917
22,72,0.31993102467015,0.32768782391867063,0.35238115141117937,0.6009222148720947,0.6009513684946456,0.6008850398294064
22,73,0.3217539120688039,0.32782638197447517,0.350419705956721,0.5994373738861414,0.5994814561226676,0.599512497131899
22,74,0.3222066586228035,0.3278284442818899,0.34996489709530665,0.6065881712375552,0.6065943062104412,0.6065789009579047
22,75,0.32110503855542416,0.32882996747681736,0.35006499396775864,0.6084745226422296,0.6083989612022286,0.6083994011975781
22,76,0.32112397213122384,0.3287051767013137,0.3501708511674624,0.6037335520268674,0.6037273256478001,0.6036930049303452
22,77,0.3208239261403437,0.3293008946904027,0.3498751791692537,0.6003935300385614,0.6003542203487788,0.600354440890352
22,78,0.3176030614421361,0.3323559890193668,0.35004094953849707,0.60991769448867,0.6097037961630982,0.6097689949333828
22,79,0.31751267242695785,0.3328889069642295,0.3495984206088127,0.6093900594681844,0.6093496978707696,0.6093572014673514
22,80,0.3194413000687817,0.33247659424712117,0.3480821056840972,0.6029027247450514,0.6029575446881333,0.6029687356622703
22,81,0.31908184331099615,0.3337348332341552,0.34718332345484865,0.6159389172271154,0.615869558545894,0.6159160722393703
22,82,0.32116699884819316,0.33284070034459046,0.3459923008072164,0.6048497741849471,0.6049256074641879,0.604916303223941
22,83,0.32341790992185643,0.3306630947788391,0.3459189952993046,0.6129811739945762,0.6131066478782662,0.6130234557753993
22,84,0.3237654586660251,0.33056010286473,0.345674438469245,0.6060270682809147,0.6060315465610899,0.6060159946679013
22,85,0.3214199721003304,0.33146597241629405,0.3471140554833756,0.6196294007340934,0.619515397529274,0.6194811478207918
22,86,0.31574696145103903,0.3363716471806084,0.3478813913683526,0.6221824430763309,0.6218287654868293,0.6219390991060677
22,87,0.3132843944910776,0.3381926045768837,0.34852300093203875,0.617131403355601,0.6169643835219459,0.616987028598258
22,88,0.30795968334579643,0.341890589202932,0.3501497274512716,0.6195746254068437,0.619246827943893,0.6192988484504797
22,89,0.30555500376020106,0.3428226644298047,0.3516223318099943,0.6157541524669585,0.6155959580258153,0.615570460833803
22,90,0.3031126820176043,0.34408417910188266,0.3528031388805131,0.6142172867829185,0.6140422417746304,0.6140348672463118
22,91,0.2998132592678352,0.34616961763253434,0.3540171230996306,0.6178077342252581,0.6175718345788103,0.6175884790956414
22,92,0.29618980175530685,0.3485841963557185,0.35522600188897463,0.6196042189662361,0.6193380889311624,0.6193656113610218
22,93,0.29399386466527855,0.3500936336020764,0.3559125017326451,0.6191996472627861,0.619001430829142,0.6190184572978722
22,94,0.29771867312173805,0.34767545378474446,0.3546058730935175,0.610183337593105,0.610307200259912,0.6102663904850056
22,95,0.2974208050827668,0.34790295004131466,0.35467624487591864,0.6124881393299395,0.6123994616539191,0.6123959358798989
23,0,0.30132323047959797,0.3459826250106412,0.35269414450976083,0.6086563142845453,0.608778702488067,0.608771293394775
23,1,0.2897263975253296,0.35298445957808033,0.3572891428965901,0.6336087102714851,0.6329244129829623,0.6329903027291311
23,2,0.29726744370613983,0.3493888666309922,0.35334368966286794,0.6060334731361893,0.6063186257198159,0.6063225654788497
23,3,0.30611077129279896,0.35140520736825104,0.3424840213389501,0.6002043719322177,0.6003777819072068,0.6007584092306656
23,4,0.33421190636820763,0.34246542144299846,0.3233226721887939,0.6254913852137909,0.6266167251413994,0.6269602904054374
23,5,0.42529605055500586,0.25825655841705303,0.31644739102794117,0.6259209568256694,0.6313780523715872,0.6286649293124261
23,6,0.4602730328588953,0.23691608776277168,0.302810879378333,0.5979117375364669,0.5998677431286499,0.5993086573040853
23,7,0.5085957434706359,0.2153859104722942,0.2760183460570699,0.6440210558354856,0.6463689892705766,0.6461895781409216
23,8,0.481632670389413,0.23115834119742928,0.28720898841315784,0.6303541469657918,0.6294357520477655,0.6296187593106435
23,9,0.5106299575838479,0.2243195010130523,0.26505054140309986,0.5998304092880725,0.6010854216869933,0.6014852082558825
23,10,0.5120518463819843,0.21688161419179697,0.27106653942621856,0.5969234251388749,0.5976823674282075,0.5969823609217242
23,11,0.5490313266639022,0.20633258067099078,0.24463609266510689,0.6016287513011038,0.6032734073193692,0.6036862410020443
23,12,0.5241835988935615,0.214493305400157,0.26132309570628154,0.601368782566348,0.6009260244939696,0.6005284521616899
23,13,0.5468621549262112,0.20978939916056089,0.2433484459132279,0.5947209175492728,0.5958017890914014,0.5961935618890061
23,14,0.5554838281362529,0.2123202318208314,0.23219594004291563,0.5935428474769426,0.594010450641464,0.5945386405966738
23,15,0.5521911070652538,0.21544254966857854,0.23236634326616765,0.6090333513310889,0.6092471172416087,0.6093347683816809
23,16,0.5595802492051597,0.21711065541512845,0.22330909537971183,0.6037514850764287,0.6042245644207921,0.6046799690428545
23,17,0.5523558558649745,0.224736645763449,0.2229074983715765,0.5925640420629046,0.5924791701143585,0.5928478990968233
23,18,0.5232692612070904,0.2500901264117022,0.22664061238120742,0.631481755360112,0.6301797611939455,0.6311447570044242
23,19,0.4906840498724503,0.2765597383461556,0.23275621178139416,0.6214516513281514,0.6200349191972986,0.6208765773542133
23,20,0.48014605002966637,0.2823593879468276,0.23749456202350613,0.6148159873030425,0.6146060622217357,0.6147120995002646
23,21,0.5088097471448494,0.25109797306478066,0.24009227979036996,0.598181232733129,0.600232041342511,0.5989772555168705
23,22,0.4736294301137001,0.27380298083224325,0.25256758905405663,0.6126264137988389,0.6112712878405425,0.6116762518526391
23,23,0.46165701398694003,0.27984563506366594,0.25849735094939413,0.6081416763707485,0.607874648447957,0.607904897398631
23,24,0.44197328110192396,0.2918656883874407,0.2661610305106355,0.6100741761569436,0.6093892343412036,0.6095668923828722
23,25,0.42251642733458056,0.30353424976225724,0.2739493229031624,0.6200494405027835,0.6193437995317358,0.6195002663401029
23,26,0.39612545093590934,0.32076170237790813,0.28311284668618264,0.6177445212591121,0.6166348103223347,0.6169193048785248
23,27,0.37351979279090236,0.33572824550280406,0.2907519617062936,0.6129792520240241,0.6119799795711821,0.6122379743883587
23,28,0.35641718022957847,0.34664134396417745,0.29694147580624397,0.6178927278528497,0.617115801375968,0.6172964328447518
23,29,0.33482460897485367,0.36111670661401896,0.30405868441112743,0.6156652622248111,0.6145991727510437,0.6148481445195527
23,30,0.32415145636302356,0.3668491198509474,0.30899942378602907,0.6147562402123266,0.6142218696378777,0.6142934715869478
23,31,0.3127407652140842,0.37312012922386256,0.3141391055620533,0.6142295966559658,0.6136254422934672,0.6137041628896044
23,32,0.3020827109692054,0.3785782019360808,0.31933908709471376,0.6120822131337113,0.6114915732404057,0.6115448134695723
23,33,0.30006449666190965,0.37799487549916655,0.3219406278389238,0.6131855578756665,0.6130325608868769,0.6130038588352038
23,34,0.30566474443689606,0.37206366922135026,0.3222715863417537,0.6123404272425345,0.6125973600013561,0.6124901183005164
23,35,0.30794928223075757,0.3690732436770478,0.3229774740921947,0.6093555184370965,0.6094313362182254,0.6093857455212951
23,36,0.3011651552822593,0.37275300078696355,0.32608184393077716,0.6040200465609171,0.6036039611470149,0.6036640738364053
23,37,0.301144867566357,0.37371248746388513,0.32514264496975787,0.6042079826441696,0.604086443070547,0.6041998771158673
23,38,0.2887143816508466,0.3824706124353587,0.3288150059137947,0.6009879660411916,0.6002094037061257,0.6003915457944381
23,39,0.27889868196462775,0.38836396119360095,0.33273735684177147,0.6032029048304747,0.602554773080984,0.6026524351167286
23,40,0.2688104755043741,0.39475380999060217,0.3364357145050239,0.599600780321174,0.5988936770781589,0.5990109028183972
23,41,0.2764488418761927,0.3892050869367419,0.3343460711870655,0.6093923181141094,0.6096591944989485,0.6096419550479955
23,42,0.27818488324151297,0.38713849504457615,0.334676621713911,0.6047482364923449,0.6047145758687773,0.6047110220994182
23,43,0.27400878370956877,0.38952185741383555,0.3364693588765958,0.5997865682184056,0.5994139559916908,0.5994814437449333
23,44,0.2740052033041871,0.38954541442176904,0.33644938227404403,0.602170635038189,0.602009890122579,0.6020706736161121
23,45,0.277856021904024,0.38721614278998934,0.3349278353059868,0.6053222108421812,0.6053715338328192,0.6054161983081853
23,46,0.2726477658945367,0.38999261449423417,0.3373596196112292,0.5983072974332274,0.5978834774015485,0.5979414147884488
23,47,0.26894467347774376,0.3950909228344978,0.33596440368775854,0.5972381414544479,0.5967959801447428,0.597032804408732
23,48,0.2626414406454356,0.3992110749258578,0.3381474844287067,0.598046185092086,0.59751260538915,0.5976180734291858
23,49,0.26139905075392394,0.4003317507644587,0.33826919848161735,0.6003850785462177,0.6001132223929428,0.6002050206246452
23,50,0.25636522783456533,0.403294157342796,0.3403406148226386,0.596139223062688,0.5956607224279458,0.5957407981932759
23,51,0.253233407704816,0.40275212094997287,0.344014471345211,0.5982889219068421,0.5979624036884998,0.5979038705855846
23,52,0.25838449691167703,0.3974803764072589,0.34413512668106405,0.6039208079671425,0.6040534844413747,0.6039755302689613
23,53,0.26577267325863213,0.39290288649929306,0.341324440242075,0.6041392944594619,0.6043569658685995,0.6043796851277295
23,54,0.2645818071757053,0.3928169315315471,0.34260126129274765,0.5993853024719396,0.5991600505037437,0.5991753742010597
23,55,0.2685801064870658,0.39053931125961905,0.3408805822533152,0.603878663097668,0.6039148427106785,0.6039618877316334
23,56,0.26404718662685,0.39035886124779867,0.3455939521253514,0.5902346320665308,0.5898877159115271,0.5897945454892285
23,57,0.26528327773266736,0.3883086662792842,0.34640805598804847,0.5988138347583127,0.5987364921272884,0.5987060929584526
23,58,0.2675791277754334,0.38620591964287115,0.34621495258169543,0.5980459010692336,0.5980165482178538,0.5980117952548841
23,59,0.270308378513165,0.3839213893989341,0.3457702320879009,0.6000945712130948,0.6000934476426529,0.6000892288676999
23,60,0.2690833222796485,0.38356648575444097,0.34735019196591055,0.5918385718497089,0.5916383047454912,0.5916234312691881
23,61,0.2721468329864099,0.38069368257998404,0.34715948443360617,0.5992152901291592,0.5992487089592882,0.5992163324656032
23,62,0.27188218853728674,0.3792859949173882,0.3488318165453251,0.5892684267364601,0.5891416740714717,0.5890904178992967
23,63,0.28096516304046604,0.3731044915636932,0.3459303453958409,0.610001636679669,0.6103646296493994,0.6103148076955105
23,64,0.2854843680274898,0.37089306823476165,0.3436225637377486,0.6059841106960758,0.6060839063627141,0.6061228817980252
23,65,0.288597119943187,0.3677293786646294,0.34367350139218367,0.6008822347467688,0.6009661506764448,0.6009070179725089
23,66,0.28813543336606956,0.367428924284487,0.34443564234944357,0.5989225703369268,0.5988040424218387,0.5988004557757628
23,67,0.28557985714227835,0.3712693230728175,0.3431508197849042,0.6150258887963155,0.6147133763991606,0.6148872047315396
23,68,0.2868200338462914,0.3701297508188055,0.34305021533490304,0.6055993627476713,0.6055574610237672,0.605561037573858
23,69,0.2797062287418344,0.3740425707134811,0.34625120054468456,0.5991731494581659,0.5986835216857352,0.5987273708275146
23,70,0.2801880631571162,0.372720923351482,0.3470910134914018,0.6066526969039397,0.6065742958311079,0.6065438181528562
23,71,0.2790359417095952,0.37330988097747614,0.34765417731292875,0.6046285770757925,0.6044377590320549,0.6044664143611889
23,72,0.27304373665082904,0.3781561612995609,0.3488001020496101,0.6076365945231547,0.6071399441875299,0.6072687480608469
23,73,0.2706846334308111,0.37953069369018616,0.34978467287900267,0.6050339991352698,0.6047541965390288,0.6047952361650385
23,74,0.2740787368769706,0.37655600438184955,0.34936525874117985,0.6100280008462249,0.6100844281034218,0.6100481336091749
23,75,0.2730263979554861,0.37669967501511126,0.35027392702940274,0.6033522446345313,0.6031608466094611,0.603168135622192
23,76,0.27143398534020274,0.37739309226214074,0.3511729223976566,0.6094677575679569,0.6092378384780981,0.609259686279273
23,77,0.2693165647235496,0.37789335550225334,0.3527900797741972,0.6148510360061775,0.6146016071826106,0.6145965924812156
23,78,0.26564597210412577,0.37904906655340737,0.355304961342467,0.6224334159072107,0.6220989424399845,0.6220843601353441
23,79,0.25854097973266416,0.3843887611080782,0.3570702591592577,0.6185797176988156,0.6179811886064696,0.6181007600446514
23,80,0.25405396866745095,0.38809851248827304,0.357847518844276,0.6252787075940467,0.6248061811536089,0.6249124821886786
23,81,0.2567619175018522,0.38284767857156815,0.3603904039265796,0.6156392949850498,0.6156915312755721,0.6155084143460987
23,82,0.26107387903830986,0.3768256863394651,0.36210043462222513,0.6141215367010062,0.6142723566239155,0.6140823325377129
23,83,0.26984822433769334,0.36900019328909484,0.361151582373212,0.6124588508669137,0.61285186003002,0.6126769014758222
23,84,0.26671444306992514,0.3700558762131567,0.36322968071691825,0.6183072631098303,0.6180068435987208,0.6179855007780015
23,85,0.27178122803102034,0.36821426884557523,0.36000450312340454,0.6116731100334737,0.6117685597104193,0.6118169640444594
23,86,0.2733437654167429,0.36704804287057263,0.35960819171268465,0.6167488439853411,0.6166996690496852,0.6166872489720128
23,87,0.2788295463275652,0.3635140762229194,0.3576563774495154,0.6123264446261988,0.6124982851443846,0.6124625888273354
23,88,0.2799288028464142,0.36231264089594034,0.3577585562576456,0.6159381831167554,0.6158904615819384,0.615859667856099
23,89,0.2782121331733761,0.36235289039456814,0.35943497643205585,0.6214609152189132,0.6212747906611193,0.6212324471568541
23,90,0.2803733880377226,0.362041201706605,0.35758541025567253,0.610472811509115,0.6104397746017831,0.6104878224643507
23,91,0.2790004727615496,0.3629278978672202,0.35807162937123027,0.6221620248852994,0.6219658449172373,0.6219822150792282
23,92,0.27828915612023586,0.3630341606573966,0.35867668322236756,0.6198027587077837,0.6196501903350238,0.6196411565888874
23,93,0.281643093493827,0.36089229740837314,0.35746460909779976,0.6120287804201828,0.6120924135125406,0.6120709987323792
23,94,0.27888661831510203,0.3625581261749615,0.3585552555099365,0.6235740081154143,0.6233071671650781,0.6233272845372307
23,95,0.28152448959537935,0.36090676203623256,0.3575687483683882,0.6192057422973507,0.6192299562978663,0.6192156611728373
24,0,0.2777756830477131,0.3616739267716705,0.36055039018061635,0.6321293443201269,0.6318504761572186,0.6317899366226043
24,1,0.28150470550992884,0.35941533355561894,0.3590799609344523,0.6162510809494779,0.6163331530042182,0.6163117574439736
24,2,0.2828634530802306,0.35921755327372945,0.3579189936460399,0.6177160423596088,0.6176585371149351,0.6176869027817944
24,3,0.2655419920249451,0.37013955158613093,0.3643184563889241,0.6276508299370775,0.6265617973111886,0.6266904442323253
24,4,0.29902736096305343,0.3424728519698205,0.35849978706712615,0.6070425558926408,0.6089443229534804,0.6083092254267627
24,5,0.3131083770197537,0.33055455821675506,0.3563370647634914,0.6251519603716982,0.625941393395319,0.6256154332620915
24,6,0.3072069211946027,0.3341320019572934,0.35866107684810405,0.6197882749185742,0.6194515704158864,0.6194640487078232
24,7,0.30930603944018875,0.33550014723619326,0.3551938133236181,0.6105512893697131,0.6105412127464174,0.6106548657865228
24,8,0.3066168619160794,0.34328067250245325,0.3501024655814674,0.6338577336531968,0.6334896783401955,0.6338549530223553
24,9,0.3028205163306386,0.3461041195342241,0.3510753641351373,0.619210996252218,0.6189434627589661,0.6189915986675297
24,10,0.29948539039267136,0.34471334243537644,0.35580126717195226,0.6204655217931279,0.6203302707310692,0.6201429784354442
24,11,0.3105341383110847,0.32537721684774756,0.36408864484116776,0.6362882808654954,0.6372061161932322,0.63635042495824
24,12,0.3105648565554921,0.3261894185954618,0.36324572484904616,0.6149889148059974,0.614942163095379,0.6149441789580331
24,13,0.29959923842027447,0.3355059711128917,0.3648947904668339,0.6281190229464735,0.6274250950156706,0.6276260600070116
24,14,0.30551378590120104,0.3281722011919078,0.3663140129068912,0.6127684453897336,0.613151519031927,0.6128449401624133
24,15,0.30422150518254404,0.33049190425003394,0.3652865905674221,0.6138788274760855,0.613727352608649,0.6137834158336035
24,16,0.28916340963895915,0.3405876343625142,0.37024895599852664,0.6293557652406295,0.6284699372975208,0.6286012858217072
24,17,0.28163349339406174,0.34630579518020743,0.37206071142573094,0.6170433307126739,0.6165148023697635,0.6166030783127701
24,18,0.26832307547480627,0.35558345110963996,0.3760934734155538,0.6060282096739604,0.6051441709996788,0.6052781964416882
24,19,0.25684685002066343,0.36522758166784386,0.3779255683114927,0.6048930124169508,0.6040169794015174,0.6042224757579839
24,20,0.25806886510153526,0.36467371147906885,0.377257423419396,0.6032542519336421,0.6031489530938271,0.6031380329337444
24,21,0.26098589481219714,0.3617993056704988,0.3772147995173042,0.621830302752119,0.6218635717621086,0.6217689700768901
24,22,0.2509935897464449,0.3685699644848491,0.38043644576870606,0.6270145383364059,0.6262501941347801,0.6263381305247716
24,23,0.23342977658467937,0.3818050159858359,0.3847652074294848,0.6017722316038728,0.6004466239276093,0.6006833205149741
24,24,0.23323551782577526,0.38160724935712426,0.3851572328171005,0.6159549365929623,0.615704103117712,0.6156851944843024
24,25,0.22726781952961253,0.3835862118193698,0.38914596865101764,0.6099802181099337,0.6094026732197494,0.6093459056193563
24,26,0.25277724208675617,0.36197119871946454,0.3852515591937793,0.634258568385389,0.635725295837175,0.635221356839284
24,27,0.2660998008801836,0.35392179704972604,0.3799784020700904,0.6275245921339508,0.628124891023483,0.6280093453000247
24,28,0.2777500801177216,0.34737571455053823,0.37487420533174026,0.6255684369835566,0.6260767534674831,0.6259942423714908
24,29,0.27473295461903835,0.3483397565880278,0.37692728879293397,0.6190717633782161,0.6188208886580556,0.6187619647429966
24,30,0.2824165106208759,0.34326927315868405,0.37431421622044025,0.6192981444820753,0.6196276616355687,0.6195150493398774
24,31,0.29050680527972483,0.33943413141944007,0.37005906330083516,0.6272644541107033,0.6275858105242211,0.6275518994602763
24,32,0.28493788242992674,0.34400786611388534,0.3710542514561881,0.6063443216762046,0.6059277076151988,0.6060035186352273
24,33,0.28793514884093513,0.34376851435363986,0.36829633680542495,0.6196288506895256,0.6196569708178842,0.6196961033201108
24,34,0.2882111261823621,0.34454228027308365,0.36724659354455425,0.6146814301854128,0.6145845779031572,0.6146091963729858
24,35,0.29728205278919123,0.34116921178000353,0.36154873543080535,0.6231488575333268,0.6234931218049694,0.6235267780050936
24,36,0.29585116343409434,0.34228709651470257,0.3618617400512031,0.6183366473329975,0.6181878617698836,0.6181886518924704
24,37,0.30819628461439763,0.33697511339814057,0.3548286019874618,0.6264747641254007,0.6269990159703058,0.627016880522129
24,38,0.3036909322446124,0.34093053082216623,0.35537853693322136,0.607397763032363,0.6070806339590027,0.6071642781533707
24,39,0.3049810606189246,0.3414087162037102,0.3536102231773652,0.6138183345167243,0.6137949998111863,0.6138440098162504
24,40,0.30614701123797217,0.34121333934175274,0.35263964942027515,0.6185969086137377,0.6185911776096533,0.6185989483150744
24,41,0.2940630609350614,0.35219454941242634,0.35374238965251226,0.6088964934318709,0.608094041167789,0.6083777480371689
24,42,0.29351027782950223,0.3513920362642194,0.35509768590627855,0.6154252821743375,0.6153462999719435,0.6152808761412117
24,43,0.2878590711390655,0.3536915889709165,0.3584493398900181,0.6065013131510825,0.606146030689218,0.6061117918931864
24,44,0.2842730292069855,0.354046193663061,0.36168077712995356,0.6061018889273577,0.6058639394115365,0.6057754414176503
24,45,0.2798895834936722,0.3559305831648697,0.36417983334145826,0.6069463541633876,0.6066249039158264,0.6065997678512907
24,46,0.2810958639959951,0.355051687187329,0.3638524488166759,0.6109967519891967,0.6109548192439084,0.6109290678966748
24,47,0.2655665468057544,0.3629158908176219,0.37151756237662376,0.5952429033703469,0.5943058788131171,0.5943071021397716
24,48,0.259780328045437,0.3666765595972238,0.3735431123573392,0.6043545649247787,0.6038648576970248,0.6039062092370501
24,49,0.26006331265898863,0.36593818527077376,0.37399850207023766,0.6090574449426568,0.6089235983575615,0.6088826037476345
24,50,0.2638178904117448,0.3612636437917287,0.37491846579652655,0.6070692625438723,0.6071896490426318,0.6070217005302233
24,51,0.26228483796921787,0.36204653935619985,0.3756686226745823,0.6056349730253959,0.6053993394183209,0.6053862801570704
24,52,0.2604556841183818,0.3624616723459753,0.377082643535643,0.6023160505414663,0.6020744354784981,0.6020326069578913
24,53,0.26098629403058576,0.3624129950318835,0.37660071093753084,0.6066167846357907,0.6064795283870221,0.6064756990658726
24,54,0.27207955519830873,0.3566023381297616,0.37131810667192966,0.6171975933448611,0.6176464688409046,0.6176097602426566
24,55,0.2763427222335982,0.3552079650296006,0.3684493127368013,0.6123066830482796,0.6123823808966478,0.6124058827538151
24,56,0.27988992257913586,0.35397114749122993,0.36613892992963426,0.6088247623991941,0.6088765105445333,0.6088907229440476
24,57,0.28209765755855515,0.3499176038431418,0.36798473859830316,0.6026377659560861,0.6027298138457328,0.6025437083248832
24,58,0.28683804608022073,0.3480896805945297,0.36507227332524955,0.6164710505398391,0.6165992946815665,0.6166067142296677
24,59,0.285847093896262,0.3488366974484931,0.36531620865524495,0.6004097713353276,0.6002602478529329,0.6002559769147409
24,60,0.28312525453818393,0.3511911857154125,0.36568355974640365,0.6009142235828108,0.6006499680725311,0.6006905833927061
24,61,0.2860159788139617,0.3505862370969542,0.36339778408908424,0.6158958512385205,0.6159193960688889,0.6159500613723246
24,62,0.29100713208823753,0.34811327497895617,0.36087959293280636,0.6177192153847125,0.6178796211699411,0.6178634124344776
24,63,0.3010966835671154,0.3418170790764546,0.35708623735643014,0.6178839073098873,0.6183487691303029,0.6182534931886805
24,64,0.3007589073771041,0.344401590331288,0.35483950229160793,0.6185534457314064,0.6184046091345898,0.6185304738426662
24,65,0.3031445286425073,0.3423632259012574,0.35449224545623537,0.6166926479526225,0.6167751583657812,0.6167108671622802
24,66,0.30575062880210807,0.34096647229840055,0.3532828988994915,0.6082657196918793,0.6083422747516686,0.6083205038612893
24,67,0.30993967624718716,0.338469112537623,0.3515912112151899,0.6120145875977344,0.6121839906313423,0.6121422283125308
24,68,0.31023163357453193,0.3386215315917337,0.3511468348337345,0.6144547041631164,0.6144196822191472,0.6144213084910544
24,69,0.31135341988055554,0.33829828538919116,0.35034829473025336,0.6117195496224413,0.6117273950125767,0.6117256280934301
24,70,0.31345593293465934,0.338121463739641,0.34842260332569963,0.6113723973643141,0.6114105439636018,0.6114475446498787
24,71,0.31754726294911156,0.33575339168768137,0.3466993453632071,0.6076859965344192,0.6078607333489612,0.6078261690914336
24,72,0.3183056829362375,0.33557584020649883,0.34611847685726366,0.6158006408857769,0.6158059033229828,0.6158039994807966
24,73,0.3198214236012324,0.33417013189126676,0.3460084445075009,0.6096370490687555,0.609706701458379,0.6096528067837323
24,74,0.3270730187618258,0.3278660874287034,0.3450608938094709,0.6177398716385211,0.6181534357586621,0.6179679871862925
24,75,0.32847743293330095,0.32799359365939007,0.3435289734073089,0.6137496997153042,0.6137893216466495,0.6138173625361041
24,76,0.3277082841123348,0.3295870620081065,0.3427046538795586,0.6204442678237689,0.6203697913958025,0.6204251474387105
24,77,0.32632476294105395,0.33104565556859583,0.34262958149035033,0.6156993586077142,0.615606440281377,0.6156377234788756
24,78,0.3261770265672946,0.33124295229919715,0.34258002113350833,0.6123243012846347,0.612306890968868,0.612299558243947
24,79,0.33012744222065965,0.328646848187828,0.3412257095915124,0.6089138746979853,0.6091149581716587,0.6090593353916468
24,80,0.33028163897913027,0.3289486781181491,0.34076968290272075,0.6091676796034576,0.609164981069757,0.6091719742014217
24,81,0.33045393018352354,0.32900509459707644,0.34054097521940013,0.6170085427044131,0.6170140105507965,0.6170072467854654
24,82,0.3309567572834745,0.32871946152507153,0.34032378119145407,0.6166746158920264,0.6167015424539318,0.6166839307954851
24,83,0.33289243053149464,0.327742647675054,0.3393649217934514,0.6130233411622726,0.6131183866909019,0.6131014205024429
24,84,0.33159719779542124,0.3285137591812393,0.33988904302333955,0.624775698543574,0.6247173930315798,0.6247104278501406
24,85,0.33257285744298243,0.3283025224755346,0.33912462008148303,0.6125771400956432,0.6126187263219398,0.6126204653423817
24,86,0.33199705037469973,0.32917238148281475,0.3388305681424856,0.6099478974819792,0.6099079240368991,0.6099302808029494
24,87,0.33018178311693597,0.33003275044383595,0.3397854664392281,0.6208859868587836,0.6208052583050463,0.6207903867556646
24,88,0.331438541195387,0.329359922957361,0.33920153584725193,0.6100094440285518,0.610070653118492,0.6100544465913796
24,89,0.332433044104421,0.3283197202248767,0.3392472356707023,0.6170964911644603,0.6171636484565587,0.617116190598281
24,90,0.3287653603051735,0.3315676608449012,0.33966697884992536,0.6264444341122086,0.6262312569678818,0.6263067217493259
24,91,0.3275194523530674,0.3325550001639562,0.33992554748297643,0.625524951084537,0.6254504228840471,0.6254629283833157
24,92,0.3240532077945989,0.3346549918814957,0.3412918003239056,0.6232585570494551,0.6230747757543127,0.6230890418924506
24,93,0.33538316609251023,0.32337841090774727,0.34123842299974255,0.6178021880493335,0.6185049609682053,0.6181398659398025
24,94,0.3310140695127366,0.3265837789385733,0.3424021515486901,0.6177250417338485,0.617501332491382,0.6175450469223648
24,95,0.34176552461842374,0.3229970655615108,0.33523740982006534,0.6030822906970899,0.6035374592672949,0.603621803640251
25,0,0.33806821199958104,0.32735093975356067,0.33458084824685846,0.6142918261797043,0.6140634516595092,0.6142072064757667
25,1,0.34029837477158265,0.32571896398497724,0.33398266124344017,0.6134457989288912,0.6135809417304312,0.6135376417078403
25,2,0.34245994918889705,0.32393295345289763,0.3336070973582053,0.6119305626017082,0.6120735138246083,0.6120165617968651
25,3,0.34793195846328395,0.3181805144748489,0.33388752706186714,0.6193252169395339,0.6197025822167064,0.6194931611753519
25,4,0.3548534762374419,0.31270305149482674,0.3324434722677313,0.6260820478272137,0.6265087424571018,0.6263503706656053
25,5,0.4470736883447554,0.25736715112942266,0.2955591605258221,0.6315014918751619,0.636002730555654,0.635156437525008
25,6,0.5091557860261646,0.22550560511374843,0.2653386088600869,0.6216825971028593,0.624670192032808,0.6243273584070403
25,7,0.5446424931882695,0.21073369884715343,0.24462380796457703,0.6065040829515764,0.6082865993398795,0.6083228604656395
25,8,0.55094121170965,0.2102658176042644,0.23879297068608546,0.6280686951347157,0.6286418150804485,0.6287751236026858
25,9,0.5546959571461947,0.21422027746670202,0.23108376538710332,0.6175562419741131,0.617862236740811,0.6183253160463703
25,10,0.5431220320830775,0.22211684191564235,0.2347611260012801,0.61778336529983,0.6176042629754084,0.6177718375011504
25,11,0.534258966349874,0.22992831718110915,0.2358127164690167,0.6268566475292968,0.6267127289093974,0.6269973466940911
25,12,0.5234558003850198,0.2387630797287067,0.23778111988627346,0.6151686850712617,0.6149238057604742,0.6152203191673409
25,13,0.5086805880626647,0.2504093006622668,0.24091011127506837,0.6088203104133325,0.6083569002270726,0.6087260295131977
25,14,0.4967630181844653,0.25976640556570496,0.2434705762498297,0.6151814873095927,0.6148483385075711,0.6151480588372543
25,15,0.4978817542461822,0.25756889885808376,0.24454934689573404,0.6495136005819595,0.6498974021637465,0.6497991913378696
25,16,0.5026535804719134,0.25145282746936565,0.24589359205872097,0.6399721419699439,0.6406011008105144,0.6403194367417837
25,17,0.4854885195750375,0.2612767955788657,0.25323468484609685,0.6125869517258122,0.6121169018291647,0.6122241497650133
25,18,0.4779585173242267,0.2655981757112529,0.2564433069645205,0.6186253220431592,0.6185515947179342,0.618609810082443
25,19,0.4812050206937219,0.26024572814893976,0.25854925115733846,0.6258464376278097,0.6263779669581655,0.6260963669635068
25,20,0.47682078746275064,0.2609615363854813,0.2622176761517681,0.6290890365641274,0.6292259368529469,0.6291097739737542
25,21,0.472038985091205,0.26232990909372533,0.26563110581506966,0.6276764505406334,0.6277731743581828,0.6276890639499869
25,22,0.4623239287040949,0.267180868510611,0.27049520278529415,0.6277152306121317,0.6275570372942344,0.6275519676290633
25,23,0.44864073535901694,0.2723474744656288,0.2790117901753542,0.5961318083021776,0.5958526289658848,0.5957210970513966
25,24,0.4436252607531418,0.27517308677092894,0.2812016524759293,0.6278113346320996,0.6277991836551152,0.6278126197416933
25,25,0.4344809809590885,0.27930289213810044,0.2862161269028111,0.6176715440786106,0.6175028562820288,0.6174622052112569
25,26,0.42559493313310154,0.284198643005496,0.29020642386140244,0.6184243802138873,0.6182163316695671,0.6182408180713835
25,27,0.4256493881209591,0.2837694138030806,0.29058119807596045,0.6369287758060946,0.6371183642536761,0.6370780651143393
25,28,0.4201544893496949,0.28661373174884897,0.29323177890145613,0.6202694342856153,0.6202032670645791,0.6202004997317755
25,29,0.4268900299317504,0.2828264400306054,0.2902835300376441,0.632070946943166,0.6325389467119918,0.6324934765719836
25,30,0.4179532521433596,0.28687185431802725,0.29517489353861326,0.618155971553437,0.6179635833375996,0.6179239414208844
25,31,0.416598964862114,0.2871778550424805,0.29622318009540555,0.6229520006988766,0.6230683964873112,0.6230278144120039
25,32,0.41498560893382125,0.2881001122348727,0.296914278831306,0.6262989554662556,0.6263845808209711,0.6263780393615048
25,33,0.40753729695174207,0.2916563545816112,0.3008063484666468,0.612153682404061,0.6119936436100342,0.6119706157184424
25,34,0.4120257291418392,0.2900672801193493,0.29790699073881144,0.6266323514162531,0.6269469780607515,0.626975729457458
25,35,0.4082241070979682,0.29268284179605764,0.2990930511059743,0.6109819335077794,0.6109420476066214,0.6109812126137207
25,36,0.39981684604540624,0.29845415497770866,0.30172899897688527,0.6136998300156247,0.6134216912018902,0.6135238202444521
25,37,0.3923378297078161,0.3049344789187405,0.3027276913734435,0.6106601740487149,0.6103642167478115,0.6105495215812352
25,38,0.3823739240481653,0.3121561170918449,0.30546995885998995,0.6081062798916439,0.6077016750517253,0.6078559473552829
25,39,0.37509379785531394,0.3193917333388234,0.30551446880586264,0.6119710646058438,0.611618201618339,0.6118669446966061
25,40,0.3684646377543183,0.3255667832565758,0.30596857898910595,0.6122217012890814,0.6119045862725061,0.6121103343206935
25,41,0.35914806941092386,0.33205979501330113,0.30879213557577495,0.6062000814915337,0.6057799777257142,0.6059191432176521
25,42,0.3491295368413421,0.3382419192251826,0.3126285439334753,0.6048367520143552,0.6043829599453285,0.6044797371045348
25,43,0.3360131159522693,0.34929899654517527,0.3146878875025555,0.6010536244580561,0.6003323414151198,0.6006348375863781
25,44,0.3280802227514376,0.3556882730834098,0.3162315041651528,0.6022799988151432,0.601824935331494,0.6020090266051312
25,45,0.32174662317302666,0.36002941971214913,0.31822395711482426,0.6045362781111525,0.6041712979445834,0.6042836184348565
25,46,0.31755240234216736,0.36179245099340834,0.32065514666442424,0.6061218226875884,0.6058849658892969,0.6059099935060579
25,47,0.3165956294172169,0.36124543944184273,0.3221589311409403,0.6087005975400466,0.6086279690375276,0.6086155694340617
25,48,0.31403708401342034,0.3601721982359437,0.32579071775063606,0.6082839578078821,0.6081723903635045,0.6080737270900216
25,49,0.3122992503432436,0.36449658841083316,0.3232041612459233,0.6040751796328555,0.6038326928646383,0.6040834184980711
25,50,0.308012549875569,0.36618437674010185,0.3258030733843292,0.6040826932251872,0.603822179453767,0.6038381662592348
25,51,0.3053757417291191,0.36704139245737827,0.3275828658135028,0.6051599013812327,0.6049693560554942,0.6049866057787686
25,52,0.30795005752354976,0.3643616448706759,0.3276882976057744,0.6098948171487463,0.6099778490891226,0.6099466155564177
25,53,0.3092035338227515,0.3620740052997462,0.3287224608775023,0.6096525616388053,0.6096864732578751,0.609633274846563
25,54,0.3086970929319519,0.3632691619741686,0.3280337450938795,0.6066108148855114,0.6064896538926906,0.6065871548770185
25,55,0.3050203316009878,0.3647991146206167,0.3301805537783955,0.6008351744435126,0.6005940291329893,0.6006131694921569
25,56,0.30615708642603123,0.36354107482176273,0.33030183875220603,0.6111364521189131,0.6111320981389349,0.6111346652870353
25,57,0.3074328838628549,0.36264540675553114,0.329921709381614,0.6071120931753323,0.607105254423279,0.6071324030812061
25,58,0.30928744186075197,0.36116562630998206,0.3295469318292661,0.6073945240099226,0.6074270145402597,0.6074366405447092
25,59,0.3089105862276744,0.36067488259802993,0.3304145311742957,0.6066437363029846,0.6065765703259965,0.6065740989445806
25,60,0.3112766149455323,0.35821566345791844,0.33050772159654934,0.613636308749188,0.6137188994887868,0.6136821541665262
25,61,0.31069826335195594,0.35723844652054243,0.33206329012750174,0.6054353417715912,0.6053821727032799,0.6053391757922112
25,62,0.31277024339086423,0.35560535666062454,0.3316243999485112,0.6113409082294007,0.6113963526671496,0.6113937320369408
25,63,0.31497984331584084,0.3548244153164664,0.33019574136769286,0.6140565439496688,0.614096315653341,0.6141484921187638
25,64,0.3149180827964424,0.35583797965107455,0.32924393755248316,0.6138957964854277,0.613811426331831,0.6139022798996662
25,65,0.31751654499196386,0.3539316097115853,0.328551845296451,0.6116014831326201,0.6116895625767541,0.6116890660918807
25,66,0.31953095447533597,0.3520540233213579,0.32841502220330615,0.6095504745771742,0.6096242495721876,0.609605372029337
25,67,0.32127111908986833,0.34791303651226213,0.3308158443978695,0.6040814000044316,0.604218860269595,0.6040496080548582
25,68,0.32248937153353596,0.34638093228443645,0.3311296961820277,0.6047342806849817,0.6047847011518279,0.6047506943336262
25,69,0.322909865021697,0.345994428322407,0.33109570665589616,0.6044416630507411,0.6044353682609198,0.6044444109348344
25,70,0.3230593178671223,0.34518863781288234,0.3317520443199954,0.6063824216882031,0.6063810812014996,0.6063552658926953
25,71,0.3242998744072788,0.3436129745702861,0.33208715102243513,0.6116210104105734,0.6116795115588667,0.611638562474768
25,72,0.32543692029048543,0.34242140285398726,0.3321416768555273,0.6116257837968178,0.6116730300168142,0.6116499824521685
25,73,0.32695121590382314,0.3414193568859476,0.33162942721022937,0.6137600494908679,0.613816653027145,0.6138155362727863
25,74,0.32789537003702274,0.3411446906936575,0.3309599392693199,0.6159976397528548,0.6160170460229789,0.6160425141239542
25,75,0.32815350605329546,0.34105985880726425,0.3307866351394403,0.6143877126589864,0.6143810531511223,0.6143972380776912
25,76,0.3290165767742634,0.3400016092422611,0.3309818139834757,0.612171048076644,0.6122139009676562,0.6121887511852631
25,77,0.3297517739670746,0.33869557227289077,0.3315526537600347,0.6108743669882649,0.6109233571054582,0.6108770235538937
25,78,0.3316736437424551,0.33619282733664047,0.3321335289209045,0.6072837805554029,0.6074100809930539,0.6073237729544632
25,79,0.3330079938527688,0.33557923352213115,0.3314127726251001,0.6026669479438342,0.602721970788239,0.6027309559037127
25,80,0.3330881869261476,0.33557702757803587,0.33133478549581663,0.6094099553586001,0.609409143353542,0.6094170616748266
25,81,0.3332078430269851,0.3347146938521852,0.3320774631208298,0.6137019813947192,0.6137293094461386,0.6136846912089163
25,82,0.33780741415621657,0.3271768860439113,0.3350156997998722,0.6169727113713077,0.617351778419255,0.6170253541334291
25,83,0.339560245547201,0.3244007902545638,0.33603896419823526,0.6193461004069838,0.6195033809118877,0.6193719091289106
25,84,0.33954346550742753,0.32482308049914066,0.3356334539934319,0.611914546605758,0.6119207438982556,0.6119311876573396
25,85,0.3405353142135931,0.3228213088837077,0.3366433769026992,0.6102066039929327,0.6103213761972782,0.6102107345915068
25,86,0.33906203039104027,0.3232381121412237,0.3376998574677362,0.6137672435222638,0.6137322974895375,0.6136943067933284
25,87,0.33813238808966384,0.3239284580711097,0.3379391538392265,0.6138410133540593,0.6138113675774803,0.6138067234923631
25,88,0.33793737030764054,0.3241925338874827,0.3378700958048768,0.6138164954228071,0.613821098359048,0.6138128568769479
25,89,0.34015327224989983,0.32307366421893324,0.336773063531167,0.6018107015635535,0.6019335735474101,0.6019129325500303
25,90,0.3398920193658713,0.323299080178869,0.33680890045525974,0.6104590864941635,0.6104667186202323,0.6104543110019248
25,91,0.34104715645469946,0.3217122119773562,0.33724063156794426,0.6078074648296972,0.6079166116329171,0.6078334631261666
25,92,0.3417686497773104,0.31808023070971175,0.3401511195129778,0.6236595406304368,0.6238263858401101,0.6235967921685531
25,93,0.33863959812749056,0.3209951607180785,0.34036524115443106,0.6121545908236189,0.6119953576120173,0.6120541138249161
25,94,0.33244074033818605,0.32585958381491303,0.34169967584690086,0.6154383981889086,0.615112215884121,0.6152024978364209
25,95,0.3281947809003779,0.3285480793545245,0.34325713974509764,0.6207311778264634,0.6205199842907124,0.6205374320119915
26,0,0.3146096973950916,0.33927471085652694,0.3461155917483816,0.6056133393591254,0.604835191231714,0.6050649441635397
26,1,0.2956486099044502,0.34714616513585683,0.35720522495969304,0.6328073868909169,0.6318822230224652,0.6317842606366347
26,2,0.28390888000196113,0.35351580907464303,0.36257531092339573,0.6150483242052205,0.6143587013413726,0.6143809077184913
26,3,0.2904925637535185,0.35126008521319096,0.3582473510332906,0.5965199499949339,0.5967251317798392,0.5967730317364781
26,4,0.3199950009290253,0.31276607647795174,0.36723892259302304,0.6213039718980317,0.6234426445639646,0.6219640916393209
26,5,0.4370690869259284,0.2054204402872317,0.35751047278683995,0.604226548717458,0.6119324672616412,0.6076875246025941
26,6,0.5389982945852022,0.14828273427236827,0.3127189711424295,0.6197185102989176,0.6258099939400995,0.6233500705821269
26,7,0.5369660722990722,0.14586314845336915,0.31717077924755877,0.6212775229124557,0.6221566312485873,0.6212874851915906
26,8,0.568555665907534,0.15122286178243047,0.2802214723100355,0.6128504472154408,0.6137906517208954,0.614926471624264
26,9,0.5873137827647495,0.16842835115485505,0.2442578660803953,0.6395742812137114,0.6394541248847544,0.6416248629319135
26,10,0.589764469537478,0.1778807646823347,0.23235476578018735,0.6058878031673884,0.6059686863060493,0.6068139924501156
26,11,0.5795587960731513,0.18514239252956374,0.23529881139728495,0.5974745512793388,0.5974470282500637,0.5975466151926102
26,12,0.5561283604832795,0.22247660185563833,0.22139503766108215,0.6184839933277958,0.6166332397988126,0.6190825976038511
26,13,0.5542106971738753,0.23288306180115526,0.21290624102496947,0.5928860676505175,0.5927621070654289,0.5936710215304548
26,14,0.5415590254198953,0.24707693841000547,0.2113640361700991,0.6129039236491037,0.6124059285778929,0.6131732970868644
26,15,0.5432508776613248,0.24051800769858203,0.216231114640093,0.5885243571051384,0.5891665561921623,0.5887402120097718
26,16,0.5147214025163668,0.2635811936929818,0.22169740379065156,0.6032550444379569,0.6020725960137755,0.602846214163232
26,17,0.5080059680015486,0.2651121386823996,0.2268818933160517,0.6098244219199167,0.6099008488139558,0.6098229354442498
26,18,0.47008839483641274,0.2926488895767348,0.2372627155868525,0.6027480996195791,0.6011738848000124,0.6018338631473966
26,19,0.4500339301138314,0.3072107990896564,0.24275527079651227,0.613702653603068,0.6129329421395775,0.613318548835721
26,20,0.44635319451913547,0.30711311530110924,0.24653369017975524,0.605899075584024,0.6059694832331972,0.6059310905886737
26,21,0.41771300036715786,0.32377597994025736,0.2585110196925848,0.5982991965736226,0.597209794427574,0.5973796498060385
26,22,0.43233469154743914,0.3060020034899091,0.2616633049626519,0.6018339391885874,0.602883091424086,0.6022796720615871
26,23,0.428933205573216,0.30413500832688234,0.26693178609990176,0.6010034946314905,0.6011264941022482,0.6009340994468787
26,24,0.4374141030840693,0.2957912549263024,0.2667946419896282,0.6044694364236188,0.6051045527015135,0.6048861965810006
26,25,0.43314231053865443,0.29692170776808685,0.26993598169325866,0.6087187222348872,0.6087383812189358,0.6087095554163994
26,26,0.4077626120931032,0.31218689669350813,0.28005049121338876,0.5909985640776366,0.5900039401132081,0.590191982895571
26,27,0.40027199889141934,0.31779235891749924,0.2819356421910814,0.5932125820932843,0.5929446540105627,0.5931148918596846
26,28,0.3914403803315616,0.32244428180285467,0.28611533786558374,0.6011136810857053,0.6008257181443235,0.6008822489859512
26,29,0.3811677940325902,0.3275774587718111,0.2912547471955988,0.5993953568949317,0.5990346693927958,0.5990709652763413
26,30,0.3650971045202387,0.339348269433757,0.29555462604600446,0.5930241350100887,0.5922709481085073,0.5925420154596883
26,31,0.35997019347866,0.3448595888262722,0.29517021769506785,0.5974808213185032,0.5971962170375289,0.5974425296385345
26,32,0.34948089131272486,0.35143659532824767,0.2990825133590275,0.5922928994143848,0.5918059114108729,0.5919367696345974
26,33,0.33990519095160143,0.3593082000351682,0.30078660901323045,0.5900627720172337,0.5895400398093263,0.5897847128391056
26,34,0.341128355410168,0.35787588447734303,0.30099576011248896,0.5991767368987372,0.5992323960876801,0.5992634976273881
26,35,0.33672949032499894,0.3610664036429808,0.30220410603202025,0.5925212640400047,0.5922732343401279,0.5924015842560463
26,36,0.3174255561712008,0.3747107833211077,0.30786366050769154,0.5837747477425391,0.5827424732186357,0.5830133206573237
26,37,0.31502460937499105,0.3756450528025413,0.3093303378224677,0.5903497907350688,0.5901734537504733,0.5902349875064555
26,38,0.3161655988679553,0.3722160820241184,0.3116183191079263,0.5942369720792513,0.5942946145282418,0.5942062624757294
26,39,0.3039758687595617,0.3761849021903064,0.31983922905013185,0.5855318205062103,0.5849394236817171,0.5848540950531766
26,40,0.2976702782098981,0.37903449901503444,0.32329522277506745,0.5868068618336947,0.5864153540158248,0.586450340221451
26,41,0.2981290357315513,0.37774275027115223,0.3241282139972966,0.5962412787477864,0.5961864836478439,0.5961911100321783
26,42,0.301888857911861,0.3749258174160423,0.32318532467209676,0.5927420081056586,0.5928469688031816,0.5928641556071884
26,43,0.30326066248358546,0.3729480578064991,0.3237912797099155,0.5904462939693009,0.5904536039713462,0.5904419552437637
26,44,0.3023051713827399,0.3722436812339997,0.32545114738326053,0.5889174982398492,0.5888131280076949,0.5887999916958103
26,45,0.30064795313136305,0.37225583638779763,0.32709621048083937,0.5878243023193602,0.5876745713222775,0.5876791089527282
26,46,0.302681529840098,0.37036619773413165,0.32695227242577046,0.5948664117810263,0.5948956075943084,0.5949019340924243
26,47,0.30383023627718736,0.3677577171140545,0.32841204660875806,0.5948079655590638,0.5948320820909102,0.5947648485944761
26,48,0.3003236611362318,0.36876293889937145,0.3309133999643968,0.5881750245351898,0.5879404161388072,0.5879375210435316
26,49,0.3070247865583322,0.36466016813467,0.3283150453069979,0.6011845432358038,0.6014411297805882,0.601452810771498
26,50,0.3047706600180313,0.3646921512742754,0.3305371887076934,0.5907687687001432,0.590614625904632,0.5905897911439798
26,51,0.30899572701139416,0.36186731207263034,0.32913696091597555,0.5982583671883352,0.5984040232673515,0.5984092120260811
26,52,0.3098646404388764,0.362048813863651,0.32808654569747264,0.6013687541241725,0.6013231783966558,0.6014022946360761
26,53,0.31303390887583527,0.35985837321509717,0.3271077179090676,0.5985378426614445,0.5986389546906271,0.5986491595074941
26,54,0.3108424259750519,0.3611899643033376,0.3279676097216106,0.5958895745563884,0.5957162122134941,0.5957682277459384
26,55,0.31258180015857995,0.35846117354163964,0.32895702629978046,0.5959165178017314,0.5959877324042635,0.595918652087442
26,56,0.3127707783566847,0.3575348960187857,0.32969432562452977,0.5946931102422239,0.5946659543788784,0.5946525044469481
26,57,0.31350132403782005,0.3551323480310472,0.33136632793113274,0.5895647997632009,0.5896003677313244,0.5895121258867468
26,58,0.3121261184538583,0.3554162604897258,0.3324576210564159,0.5917271014779615,0.5916175500469908,0.5916212993235482
26,59,0.3107453172252918,0.35558104116241673,0.3336736416122915,0.5982308110534466,0.5981219421561295,0.5981172784119939
26,60,0.31300874576220367,0.3529296137956,0.3340616404421964,0.5988507712997331,0.5989448490881387,0.5988819697940718
26,61,0.3151452643827225,0.35094777767492846,0.33390695794234915,0.597470125833513,0.5975466821390039,0.5975164377243831
26,62,0.3149187825252523,0.3488449734019425,0.33623624407280533,0.5860268768494472,0.5860341962698243,0.5859204274555571
26,63,0.3208124374552801,0.3435971806508561,0.3355903818938638,0.594769027234466,0.5950755112832352,0.594953401350359
26,64,0.3224799068873332,0.34216835036490123,0.33535174274776564,0.5934307515436353,0.5934979273386423,0.5934721306012251
26,65,0.3246521417256628,0.3378794296884838,0.3374684285858534,0.6006828983008404,0.6008583693109733,0.6006698434096522
26,66,0.32620771187609715,0.3356256878955131,0.3381666002283898,0.5955626340099864,0.595664661319267,0.5955737658140886
26,67,0.3250540740047265,0.3361869687942171,0.33875895720105637,0.5919072209254257,0.5918400432264185,0.5918359201845594
26,68,0.324438806077029,0.3376184096438063,0.3379427842791647,0.6034745151320324,0.603395317940148,0.6034615090371804
26,69,0.32602331717802185,0.3361198264033634,0.3378568564186147,0.5923301403142882,0.5924097440636533,0.5923655450627574
26,70,0.32626776123023915,0.3360694400350948,0.3376627987346661,0.5983724746296414,0.5983682724252183,0.5983704474723702
26,71,0.3271116434068217,0.335600410345886,0.33728794624729236,0.5990584568335617,0.5990868394042618,0.5990817816111454
26,72,0.3262710297422437,0.3351344079203718,0.3385945623373845,0.6033929619210311,0.6033691591072743,0.6033121017609961
26,73,0.32564724332878686,0.33567402700479615,0.3386787296664169,0.5976647275201653,0.5976159599701564,0.5976256645725385
26,74,0.32441739411520565,0.336646545179596,0.3389360607051984,0.5986880331446021,0.598604733602599,0.5986231090778779
26,75,0.3253858041841221,0.3349765986814607,0.3396375971344172,0.6019162833943454,0.601982827091794,0.6019063785664532
26,76,0.32299776963248833,0.33692155551605774,0.3400806748514541,0.601475157644406,0.6013247103762452,0.601365501641941
26,77,0.3212493628661841,0.33834231205275284,0.34040832508106306,0.607019731840479,0.606900154026737,0.6069299590732193
26,78,0.31716982752876666,0.3403629353395173,0.3424672371317162,0.6101442310562825,0.6099251565686656,0.6099217373510427
26,79,0.3155429414120584,0.34156204702411014,0.3428950115638315,0.6050593634306399,0.604937115731734,0.604958123339346
26,80,0.30876633892145383,0.3469405149894758,0.3442931460890705,0.6130521623265585,0.6126261847675656,0.6127449987969998
26,81,0.3072821024633198,0.347389769068081,0.3453281284685993,0.6042709612418125,0.6041543305944532,0.6041397872734595
26,82,0.30469687100848747,0.3490096293693438,0.3462934996221689,0.6059983527479228,0.6058057802263358,0.6058276957149777
26,83,0.30087059476356603,0.3519526027975048,0.34717680243892923,0.6094892957451435,0.6092076753180914,0.6092719267997353
26,84,0.2999140188751545,0.352164676757173,0.3479213043676726,0.6059887525666399,0.6058777816863669,0.6058674842849788
26,85,0.29084425209238124,0.3578120689614003,0.35134367894621854,0.618998870206797,0.6184375689252063,0.618506346572711
26,86,0.2862121329932999,0.3615767621152934,0.3522111048914067,0.6094247920400866,0.6090518994174905,0.6091427273423679
26,87,0.2851770420916678,0.36195559551135476,0.35286736239697736,0.6107771470103656,0.6106204518077594,0.6106227784369486
26,88,0.27731582033062896,0.36904131899093584,0.3536428606784353,0.6146519290197852,0.6140459442603992,0.6142352153979744
26,89,0.27288631994596746,0.3724122306220398,0.3547014494319928,0.6104004528983822,0.6100036023606257,0.6100843557266851
26,90,0.2724638858909358,0.37296568884319903,0.35457042526586513,0.6075446851519577,0.6073680046359423,0.6074070030612619
26,91,0.26515932468451753,0.3800897806677184,0.35475089464776416,0.616128866834603,0.6154991055852151,0.6157108489803353
26,92,0.2761658371233075,0.36977901320119094,0.3540551496755018,0.6092094833218186,0.6097555965225601,0.609517871729675
26,93,0.2769478611784032,0.36914790777981793,0.35390423104177887,0.6107059059816411,0.6106178542263578,0.610622196930897
26,94,0.2939769747249451,0.352646459517606,0.35337656575744886,0.6127183599266763,0.6136887296057357,0.6132454743168443
26,95,0.2942332458697875,0.34499432486927295,0.3607724292609396,0.6278903661633136,0.6280444984024979,0.627599323663024
27,0,0.2974065358161499,0.344059448561731,0.35853401562211906,0.6106390859089762,0.6107060737354053,0.6107238989779886
27,1,0.2993410463695621,0.3414794267231905,0.3591795269072474,0.6161289816293274,0.6162081283594654,0.6160936178629594
27,2,0.30013493853888107,0.33869535818924107,0.36116970327187786,0.6204887388222136,0.6205409898891302,0.6203768118291104
27,3,0.2780873370078424,0.3468785988899443,0.3750340641022132,0.6179548785801844,0.6168475523133962,0.6166777666527474
27,4,0.25354609464916417,0.3526366254897321,0.39381727986110376,0.6508578513731555,0.6496048138688475,0.649237183681402
27,5,0.15601456032639607,0.3977971239555186,0.4461883157180854,0.6206774776824105,0.6140286877742487,0.6139453177413362
27,6,0.11258045857254487,0.40481794927379094,0.4826015921536642,0.62929535214525,0.6248715530051536,0.6242038700113118
27,7,0.08486309931898851,0.410630472601611,0.5045064280794005,0.6248779002301764,0.6204376970716678,0.6200702653625091
27,8,0.058917958527402677,0.4026483188738114,0.538433722598786,0.610565314099603,0.6047274051907878,0.6037889507246068
27,9,0.06031821381074239,0.3945299487062492,0.5451518374830084,0.6367936494808994,0.634927413803638,0.6344976064863497
27,10,0.0609443841853337,0.39391457154344944,0.5451410442712168,0.6272991799032641,0.6251452331985473,0.6250271229898758
27,11,0.06378226762512244,0.3975515174240604,0.5386662149508171,0.6159919522548705,0.6142123741559322,0.6143276681938477
27,12,0.07041479406775357,0.40003908307708486,0.5295461228551617,0.6108443005710131,0.6098906798660819,0.610034653365366
27,13,0.0745440294451639,0.40477850600856735,0.5206774645462687,0.6112749612779395,0.6099803681237758,0.6101868368210908
27,14,0.0780945253028242,0.4120612804988291,0.5098441941983467,0.6156522757323372,0.6142919756330005,0.6146126700339519
27,15,0.07833720249780651,0.42501826503337337,0.49664453246882023,0.5934026984812967,0.5914728661321853,0.5919952918102043
27,16,0.08895415814522098,0.4208794373778488,0.4901664044769302,0.6315292395168706,0.6315095249052732,0.6314939711986645
27,17,0.09352823341655851,0.4299986103625439,0.4764731562208977,0.6011782722356698,0.6001613640923534,0.600625963737845
27,18,0.09982104831398698,0.43939601141364837,0.4607829402723647,0.6042410587445133,0.6034763711181308,0.6040119927811033
27,19,0.10693060193948262,0.4353090420296414,0.45776035603087606,0.6198489103340942,0.6195428933718021,0.6194988140924209
27,20,0.11321467189491845,0.4334758984061012,0.45330942969898025,0.6183261084922429,0.6179374840547486,0.6179782581033189
27,21,0.12024777282323294,0.43675332948772266,0.44299889768904444,0.6144972920241024,0.6141033205808931,0.6144040077986507
27,22,0.12478070874196101,0.44607275388223133,0.42914653737580777,0.6047170425176701,0.6039958878628201,0.6045376240397493
27,23,0.1245150837160743,0.45375442413716294,0.4217304921467628,0.6078083989429794,0.6067280312831004,0.607097531762683
27,24,0.12890084817344766,0.45816847824096046,0.4129306735855919,0.6116673698284513,0.6110687807889734,0.6114113847545675
27,25,0.13012001653612013,0.46908349776323816,0.4007964857006417,0.6024668747963571,0.6014817548746004,0.6020685178590386
27,26,0.14485181047058596,0.4677159851753189,0.38743220435409514,0.6187443415216288,0.6191263213956513,0.619501027609526
27,27,0.1501026622974966,0.47801095207540556,0.37188638562709797,0.6007182917776992,0.600167934556332,0.6008825020529247
27,28,0.15225468346620033,0.4885681494881301,0.3591771670456695,0.6031995413484987,0.6024428232916139,0.6031168898458183
27,29,0.1579597186357619,0.4976528083463066,0.34438747301793154,0.605501985899152,0.605036435544321,0.6057720841869612
27,30,0.16192198909769,0.5076256128680106,0.33045239803429943,0.603178313910907,0.6025967521849251,0.6033629452579713
27,31,0.15989023237982414,0.5204367642740156,0.31967300334616017,0.5984081087399502,0.5973824974305331,0.5981402328179154
27,32,0.16667618944206303,0.5279163244161288,0.3054074861418081,0.6044083543033231,0.6040666592918146,0.6048683057211632
27,33,0.1753537625352162,0.529819975309115,0.2948262621556688,0.6079593176377903,0.6078609453214102,0.6084703987339244
27,34,0.18175483156611255,0.5436904032924249,0.2745547651414625,0.5961722730259823,0.5957263111833564,0.5969621767528942
27,35,0.18249850789971037,0.5603687094989763,0.25713278260131334,0.5956938712466819,0.5948819819529023,0.5961495727130687
27,36,0.18416271941817017,0.5664082607447954,0.24942901983703442,0.6012182030627401,0.6006560303981051,0.6013980102623104
27,37,0.18272012247440655,0.5801516499417438,0.23712822758384955,0.5958820145421554,0.5950052567137782,0.5961185952130691
27,38,0.1820248226960378,0.5892095654890134,0.22876561181494878,0.5934859701018322,0.5927275082452024,0.5936363551424108
27,39,0.18095583498928502,0.5984953469684204,0.22054881804229454,0.5915449852526091,0.5907555176777167,0.5917009399584691
27,40,0.1814045137129876,0.606726111704663,0.21186937458234933,0.5925457755833158,0.5918585688648778,0.5928512795081113
27,41,0.17984105216464719,0.6162806188865515,0.2038783289488013,0.5904123141864416,0.589583076855329,0.5906101722593351
27,42,0.17858857725414096,0.6242324549032914,0.19717896784256755,0.5895459483988368,0.588752457111591,0.5897294845626719
27,43,0.17790287947887892,0.63288040407777,0.18921671644335095,0.5859852530051399,0.5852073197764954,0.5863075070309859
27,44,0.1766394607907655,0.6412367266202702,0.1821238125889642,0.5840217280754813,0.5832082576165706,0.5843063665455669
27,45,0.18621202353095181,0.6242568351492167,0.18953114131983143,0.6022670077329385,0.6025028379716247,0.6023817221849875
27,46,0.18824783868881595,0.6252283217333027,0.18652383957788132,0.5902354373243279,0.5897768491475377,0.5905116194982739
27,47,0.18853079450725493,0.6290095244725201,0.18245968102022483,0.587177988111729,0.5865807683699399,0.5874403056955937
27,48,0.1935448080102687,0.622345695849751,0.18410949613998012,0.5949520490065597,0.5947925204468775,0.5951649612593212
27,49,0.19942851264697334,0.6115681672197767,0.1890033201332499,0.5963917401722894,0.5963646966052483,0.5964710263424783
27,50,0.20561704581875082,0.5990780379846816,0.19530491619656754,0.5967052573377176,0.5967438559197614,0.5967219234980231
27,51,0.2091962202767662,0.5913824919405527,0.19942128778268114,0.5923515735891233,0.5921958551599982,0.5923511451364604
27,52,0.21629713919150442,0.5757646303718342,0.20793823043666135,0.6001372847935055,0.60031154988924,0.6000810151343368
27,53,0.22283032168270298,0.5607030142026447,0.21646666411465235,0.6014206480145384,0.6015833546332015,0.6013361949011118
27,54,0.22671651397769207,0.551933369483944,0.22135011653836398,0.5971339780784439,0.5970802824402991,0.5970999148428279
27,55,0.22981829431234682,0.546000642125608,0.22418106356204512,0.5903526421868798,0.590224189547564,0.5903779340568674
27,56,0.2365125024643502,0.5340417134722213,0.22944578406342844,0.600375830971,0.6005364838111976,0.6004504167018844
27,57,0.24146162535099944,0.524726172639332,0.2338122020096686,0.5982762949821503,0.5983292775933419,0.5983152342712549
27,58,0.24413999559729405,0.5178009556960872,0.23805904870661868,0.5938012860848065,0.5937248888692221,0.5937473006357487
27,59,0.2454257071210632,0.5118381882540508,0.242736104624886,0.596122916413108,0.5959781862902312,0.5959876524261856
27,60,0.24872593659880277,0.5046825434278496,0.24659151997334763,0.5949573692529955,0.5949307841754028,0.5949385750388615
27,61,0.24970575169092707,0.4994667902986659,0.25082745801040696,0.5957051436308248,0.5955527690298641,0.5955714563410727
27,62,0.2525263545253619,0.4926094408060255,0.2548642046686127,0.5999112866385246,0.5998770322786023,0.5998585182963415
27,63,0.25704999775171755,0.4843004268965837,0.25864957535169886,0.597915841650132,0.5979941766404543,0.5979423615294835
27,64,0.26119267067291696,0.47742631905841554,0.26138101026866745,0.5890694879381096,0.5891165456826384,0.5891239030716108
27,65,0.263863847886392,0.4714300129024468,0.26470613921116126,0.5980820273578394,0.5980640625395717,0.5980555644015506
27,66,0.26438924545592496,0.46770040553657033,0.26791034900750466,0.5996650551787394,0.5995218577542786,0.5995572069053047
27,67,0.2669523553336256,0.46187516108044097,0.27117248358593354,0.5951051509098171,0.5950937958975342,0.5950719063183618
27,68,0.27033936762766364,0.45540893987684017,0.27425169249549636,0.6051673555201056,0.6052127408839729,0.6051726569465806
27,69,0.26849023451826065,0.4549107020394797,0.2765990634422597,0.5996592689595448,0.5993764490009541,0.5994891309438826
27,70,0.2720997225094932,0.44919406938516265,0.27870620810534424,0.6003584735424912,0.6004047933496156,0.6004031452017236
27,71,0.2724803346443156,0.44850104094296367,0.2790186244127208,0.6102827936254482,0.6100997969169852,0.610272758296793
27,72,0.27566758773590067,0.4446074956308876,0.2797249166332118,0.6044690147658119,0.6044692563766317,0.6045521916835052
27,73,0.272657117926707,0.44686739668112435,0.2804754853921688,0.6087047631561413,0.6083333846443806,0.6085529330344267
27,74,0.2698230888543752,0.4514902314340845,0.27868667971154026,0.6109994726203113,0.610572111647559,0.6109414060132468
27,75,0.27036037933719265,0.4495203712783436,0.2801192493844637,0.6049719914812909,0.6048181669537521,0.604921415155898
27,76,0.27210300019446865,0.44821885581009957,0.2796781439954318,0.6079433140207512,0.6078235892400824,0.6080084952172792
27,77,0.271683530805291,0.4475968294261063,0.28071963976860276,0.6062765996093941,0.6060616970033668,0.6062063548935949
27,78,0.27792757322163364,0.439751393317345,0.2823210334610214,0.6041710112791957,0.6043798473136337,0.6043330204055831
27,79,0.27772716893575494,0.43892931730482243,0.28334351375942274,0.6058888326573204,0.6057053424132495,0.6058348464301987
27,80,0.27841071356407215,0.4357600984022954,0.28582918803363244,0.6049013750421591,0.6048071696961775,0.6048247435803765
27,81,0.28212385560348463,0.43196855896762754,0.28590758542888783,0.6106862919589585,0.6107248956529137,0.6108090607917919
27,82,0.28379341787564644,0.42932951121786006,0.28687707090649356,0.6073027656185398,0.6072469570338128,0.6073222861524087
27,83,0.2876210489594539,0.42446562979896296,0.2879133212415832,0.6067716056381007,0.6068542943599594,0.6068689968149192
27,84,0.28839913827895447,0.42153356774458633,0.2900672939764593,0.6076330973259066,0.6075679990827454,0.6075826157527794
27,85,0.28707023114681707,0.42374046363861734,0.28918930521456565,0.6181947044168496,0.617930679175107,0.6181750401319664
27,86,0.2875357341055617,0.4228541301995458,0.28961013569489263,0.6198522880605939,0.6197253682115441,0.6198502473387093
27,87,0.28672939799554464,0.4248485861404155,0.2884220158640398,0.6181424254662141,0.6179001494836974,0.6181524103038274
27,88,0.28734884367671515,0.42298120269135925,0.28966995363192577,0.6131987553623957,0.6130998856439426,0.6131730175967953
27,89,0.28929454919923714,0.41797030493906495,0.29273514586169785,0.6101062390202802,0.6101360185200171,0.6100624277243328
27,90,0.28302144791485306,0.42856597331213675,0.28841257877301024,0.6243964362057716,0.6237499497746761,0.6243161522203556
27,91,0.2831896289531339,0.427370280408332,0.28944009063853415,0.6164160996159167,0.6162743287174199,0.6163751406960383
27,92,0.2875260569981785,0.4212432424239557,0.2912307005778659,0.6124504280344322,0.6125840429551676,0.6125341481046531
27,93,0.29368660829143484,0.4086704023450509,0.2976429893635144,0.6084625102860534,0.6088362890141,0.6084500003245308
27,94,0.30282605995030115,0.3957141134994756,0.30145982655022324,0.612637468751225,0.6131518384646354,0.6128187207911603
27,95,0.30271313367694297,0.39553475904127405,0.30175210728178303,0.6155705857828382,0.6154571215510749,0.6155587249684389
28,0,0.3031745211092209,0.3951740495089424,0.30165142938183676,0.6328391418933826,0.6327503112916667,0.632860178044503
28,1,0.3025793548740291,0.3956474574021405,0.30177318772383044,0.6082457836699006,0.6080995706996304,0.6082234065887879
28,2,0.3068728342179479,0.38936467247165896,0.3037624933103931,0.6152416697615,0.6154408817776421,0.6153218085608788
28,3,0.29786044998006567,0.39455752568424407,0.30758202433569043,0.6321688459425058,0.631616944923747,0.63173007518089
28,4,0.2936729725566981,0.39577557425889526,0.3105514531844067,0.6268961310020548,0.6265941448426917,0.6266310311207139
28,5,0.2883666633568072,0.3981316453862512,0.3135016912569418,0.6267939993460352,0.6264112273997798,0.6264758758980187
28,6,0.2894794192727227,0.393686031589102,0.3168345491381755,0.6106621977757268,0.6106780613005482,0.610550746524606
28,7,0.2696175934733568,0.4123046508457919,0.3180777556808514,0.6393824950514869,0.6380199899754986,0.6385486163445376
28,8,0.27617971106648304,0.40923675624607075,0.31458353268744627,0.6412022035821782,0.6413435359044651,0.6414875161269317
28,9,0.2830182244907587,0.40347743664478664,0.31350433886445467,0.6252933952421955,0.6255240269348633,0.6255213755183068
28,10,0.2734824563031001,0.4135825838870703,0.3129349598098297,0.6327888464297563,0.6320158379026543,0.6323958232924307
28,11,0.28732185349447104,0.3986307032645451,0.31404744324098394,0.6025963402539227,0.6033148008148741,0.6030105825380045
28,12,0.28958724020511106,0.39609053873529015,0.3143222210595988,0.6236784831332153,0.6236839355754619,0.6237079808503764
28,13,0.3106714761221054,0.3667414444369974,0.3225870794408974,0.6083155395311893,0.6097155933858183,0.6087412009067322
28,14,0.31134304645924443,0.36551174437541095,0.32314520916534467,0.623218100038421,0.6232030591033935,0.6232050553610945
28,15,0.3159211456801029,0.36005642126371473,0.32402243305618256,0.6065549631395879,0.6067940754093859,0.6066621251897876
28,16,0.31759537722111597,0.3584256753627807,0.32397894741610345,0.6135534975214203,0.6135988369434664,0.6135985232116353
28,17,0.32153061468413197,0.35507379395705485,0.32339559135881324,0.6110954676236441,0.6112692338312073,0.611233984851208
28,18,0.31693731379754314,0.3574746574306187,0.3255880287718381,0.6047608773823803,0.6044968163978492,0.6045370316912196
28,19,0.3152702780338799,0.35564959491352505,0.3290801270525951,0.6170793919721949,0.6170246992294214,0.6169002962851793
28,20,0.3130836064955251,0.35634615653918067,0.3305702369652943,0.6129878977741398,0.6128415032106775,0.612848143354758
28,21,0.3098418639096848,0.35816200766380724,0.33199612842650794,0.6087255848676231,0.6085064061183951,0.6085466207773464
28,22,0.3218576233507347,0.34555871930934356,0.3325836573399218,0.6049893466882414,0.6056965980698099,0.605337337706271
28,23,0.31742288266308477,0.3473906125561789,0.3351865047807364,0.6076251458182802,0.6073934136076764,0.607383781315491
28,24,0.31873783998933697,0.34645390182144425,0.33480825818921883,0.6141397534643767,0.6141710474260245,0.6141701405519188
28,25,0.31407749038232224,0.34420098060645393,0.34172152901122377,0.6118281702129412,0.6117049686661573,0.6114384538217318
28,26,0.3155212880281968,0.34731531226567214,0.33716339970613113,0.6078057097341357,0.607718668091399,0.6079558055636008
28,27,0.31617344106789214,0.34800207249918713,0.3358244864329208,0.6049154399939511,0.6048736313553844,0.6049485362758477
28,28,0.31208775849411863,0.35005598478427113,0.33785625672161024,0.6074427808268413,0.6072025561523807,0.6072162867327265
28,29,0.30226690322193833,0.36301376053941786,0.3347193362386438,0.5990940927861778,0.5983291352110942,0.5988201934318059
28,30,0.2921793043687294,0.3762631044921946,0.33155759113907607,0.6003791059153364,0.5995682566555808,0.6000744027695354
28,31,0.2852939977093005,0.38446305854087187,0.33024294374982777,0.6000733165436446,0.5994857145379288,0.5998038856224769
28,32,0.2818538825971855,0.38905921163305895,0.3290869057697556,0.6037462361840034,0.6033616763591153,0.6035845105928115
28,33,0.27236369298442153,0.40130649962783876,0.32632980738773976,0.5951657319476454,0.5943389736465543,0.5948172634338766
28,34,0.26381551743745535,0.4100469792558163,0.32613750330672825,0.5962632684112539,0.5955290837658199,0.5958427027784216
28,35,0.25860438544604114,0.4159473225839114,0.3254482919700473,0.5983751757973343,0.5978164864415506,0.5980787933781261
28,36,0.24714990237509113,0.4292238259256759,0.32362627169923297,0.5918034342066388,0.5907821769035035,0.5912642303472152
28,37,0.24286571623915396,0.4340232678435893,0.3231110159172567,0.5959855109347902,0.5954309681724567,0.5956743029494255
28,38,0.2278592409799585,0.45162033909266974,0.3205204199273718,0.5865647925379968,0.585207187179554,0.585818131827142
28,39,0.21561112912475347,0.4641014609769686,0.320287409898278,0.5887886047595373,0.58759479696209,0.5880167093190873
28,40,0.21622266725646158,0.4615296787839203,0.32224765395961813,0.5976418234201359,0.5973607701239116,0.5973816545750116
28,41,0.2096194272532346,0.4682241765782173,0.3221563961685482,0.5881221487492653,0.5872764765115172,0.5875654312324757
28,42,0.2062058191406889,0.4690818945839149,0.32471228627539617,0.5940798249319337,0.593493278092212,0.5935716284541267
28,43,0.20876172871384727,0.4649970503098085,0.3262412209763443,0.5953091669965983,0.595127494309484,0.5951272669378005
28,44,0.21350785955022306,0.4572589041225904,0.3292332363271865,0.5980268508887038,0.5980485753234425,0.5979142596137955
28,45,0.22308165366027463,0.44674674844969514,0.33017159789003026,0.6009382688965498,0.6012764813765877,0.6011314509641263
28,46,0.22890587084258138,0.4391091875472117,0.331984941610207,0.6003364534738662,0.6004564902662258,0.6003371651697686
28,47,0.23358855642742155,0.4338752142250619,0.3325362293475166,0.6009382297724334,0.600967708448813,0.6009343392963007
28,48,0.23554703436938995,0.4316266973543641,0.33282626827624595,0.5999730016581671,0.599822624439235,0.5998629407534022
28,49,0.23949264325246739,0.42964889614664703,0.3308584606008856,0.6048593917559394,0.6047976786186441,0.6049131236765093
28,50,0.2488436367667111,0.42058800607384567,0.3305683571594431,0.6028163190479818,0.6031695911453809,0.6030603515908599
28,51,0.2511033031109686,0.4187371515177882,0.3301595453712433,0.6046618996949754,0.6045604595536603,0.6046228812060428
28,52,0.25358288900050713,0.41533427642290754,0.3310828345765854,0.6023196945406474,0.6022723063880228,0.6022528247061462
28,53,0.2560201593639934,0.4123196379804184,0.33166020265558827,0.5995260583810568,0.5994755050403221,0.5994719227996844
28,54,0.25769102315275355,0.4098799732455582,0.3324290036016883,0.6011769512478785,0.6010881915679642,0.601089240511018
28,55,0.2607455378848667,0.40744743296304836,0.33180702915208504,0.6057230850958579,0.6056962180208297,0.6057376687185282
28,56,0.26322389715077055,0.40461125672140014,0.33216484612782937,0.60018671856395,0.6001548549740464,0.6001534745514219
28,57,0.2708692447431631,0.3994634033657889,0.329667351891048,0.6169633432282583,0.6172020518329746,0.6172274297082052
28,58,0.2692493160515661,0.40102578300180175,0.3297249009466322,0.6304952059526853,0.6302157952683624,0.6303323873136448
28,59,0.2644064185660953,0.40196755627073544,0.33362602516316936,0.6260203834496557,0.6256240251571704,0.6256047845193712
28,60,0.26030433036759454,0.4055745079899459,0.3341211616424596,0.6258650783086613,0.6254158463190194,0.6255678559832457
28,61,0.26125117464439795,0.4063034816812518,0.3324453436743503,0.6329394378838749,0.6327556809307587,0.6329043026366411
28,62,0.26894418272803566,0.39951706975517787,0.3315387475167864,0.6147386473717062,0.6150176621088,0.6149520038762596
28,63,0.26681944135396174,0.40381300994939895,0.3293675486966394,0.6296102920819424,0.6292360634186536,0.6294910303150871
28,64,0.2565582066246793,0.40962945684910695,0.3338123365262137,0.6283083240543904,0.6275576477129379,0.6276481009621878
28,65,0.25288026977390793,0.4079784889280687,0.3391412412980234,0.6329410130234628,0.6326144684980641,0.632488805545318
28,66,0.2637940892578075,0.3980636726826205,0.33814223805957205,0.6263639005382753,0.6268433179261846,0.6266922360671112
28,67,0.2695353633177812,0.3875954061764466,0.3428692305057723,0.6008329984770885,0.60114766779155,0.6007918280619563
28,68,0.26673961396074025,0.38502791707449385,0.34823246896476595,0.6018056913763831,0.6015974713845843,0.6014161402722915
28,69,0.270821565200131,0.38308150140416075,0.34609693339570835,0.6035663670771212,0.603608869682522,0.6036607190920857
28,70,0.2725890947567352,0.38008012674167685,0.347330778501588,0.6076463683232948,0.607636622600563,0.6075588579947454
28,71,0.2725442982535546,0.3791309471251276,0.34832475462131784,0.6019943150387679,0.6018650970501193,0.6018458178611481
28,72,0.2772640565487476,0.37605562563143335,0.3466803178198191,0.6112980788171384,0.6114111093370093,0.6114101263178958
28,73,0.2766513062737815,0.3753629919989765,0.347985701727242,0.6007167143367558,0.6005724493849882,0.6005472574349112
28,74,0.2802506826550103,0.37287866958068605,0.34687064776430365,0.6133054590781641,0.6133700722157873,0.613365342726632
28,75,0.28240006622831587,0.3719667604115186,0.3456331733601656,0.6098643701536286,0.6098392078889373,0.6098805966303822
28,76,0.2810736920790877,0.3718607657411799,0.3470655421797324,0.6040979249749487,0.6039252721712389,0.6039093295517218
28,77,0.28290417783093286,0.3707328547783468,0.34636296739072053,0.6076165175102074,0.6075880114128012,0.6076058202700154
28,78,0.28902355500039606,0.36824550817124063,0.3427309368283634,0.613124161111124,0.613295485733088,0.6133633369068451
28,79,0.29066945032292885,0.3676038850611102,0.34172666461596096,0.6138465222220924,0.613814360079009,0.6138565878611906
28,80,0.2870653745673233,0.36954363245323407,0.34339099297944264,0.6121003885455747,0.6118080896826067,0.6118424624594183
28,81,0.28825315898764026,0.36955795292008525,0.3421888880922745,0.6133962561126627,0.6133243751110116,0.613391683729516
28,82,0.29006875025566276,0.3695645661435521,0.34036668360078526,0.6164937528994103,0.6164467967669108,0.6165345358964923
28,83,0.2945246255911862,0.3674669545264465,0.3380084198823673,0.6191567606906104,0.6192665776065003,0.6193141033946225
28,84,0.29352824217687656,0.36920579665998576,0.33726596116313773,0.6194059021479699,0.6192216616027479,0.6193286230623607
28,85,0.29581564457474974,0.36705758091878915,0.33712677450646117,0.6096297709247557,0.6096688466132867,0.6096502341323052
28,86,0.2939066162715315,0.3686246979805112,0.3374686857479575,0.6198567501964835,0.619647537225537,0.6197168769744577
28,87,0.2936691016242646,0.36800317960095613,0.3383277187747793,0.6170232914360815,0.6169304800525492,0.6169232728625902
28,88,0.2910006241527089,0.36735624682014495,0.3416431290271462,0.6267048604212082,0.6265256380175738,0.6264406836370878
28,89,0.2906286184857864,0.36721312921613336,0.34215825229808017,0.6174875318468904,0.617372603944325,0.6173829929482614
28,90,0.2926761808416479,0.3655444842056563,0.34177933495269597,0.6101292806682713,0.6101444005760333,0.6101379392063869
28,91,0.29998213500828713,0.35266283048508884,0.34735503450662414,0.6164761326926416,0.6170078680741378,0.6164936727732959
28,92,0.2999138752955658,0.3525486754661934,0.34753744923824104,0.6191886111736822,0.6191160145216138,0.6191135501711146
28,93,0.3019836659589226,0.3515540744613434,0.346462259579734,0.6144282135193285,0.6144562528315097,0.6144651438260569
28,94,0.3066657457220308,0.3496086575492275,0.34372559672874176,0.6090767681676683,0.6092269497186603,0.6092579734822142
28,95,0.3020196752534575,0.3542196052916848,0.34376071945485775,0.6120231538693447,0.6116673842897721,0.6118100401737727
29,0,0.2995843191920477,0.35583572159666205,0.34457995921129025,0.6108170000699117,0.6106125573493122,0.6106477938083681
29,1,0.3034530556856084,0.3525645636389518,0.34398238067543985,0.6205608149745679,0.6207136677370371,0.620649094813048
29,2,0.31722337151597346,0.3407726324924206,0.342003995991606,0.6144410408128166,0.6151928459978216,0.614908785766577
29,3,0.3177631847936779,0.33950487586635913,0.34273193933996304,0.601545906818699,0.6015704187130304,0.6015077961126383
29,4,0.3291673881955642,0.32059278433222616,0.3502398274722097,0.6362042479168046,0.6371420189384621,0.6363131991659787
29,5,0.3282756600430094,0.3216798613181049,0.3500444786388857,0.6055898100328833,0.6055380602836876,0.6055403244646016
29,6,0.3225261685757195,0.32473489890165863,0.3527389325226219,0.6236668402306352,0.6233925065559165,0.6233742928884801
29,7,0.35265163514088527,0.2845409274211181,0.3628074374379967,0.6091658718112624,0.6114805897525618,0.609765716862537
29,8,0.33557464295175876,0.2921562080360497,0.37226914901219155,0.6298677364098378,0.6291728109178191,0.6290706819474615
29,9,0.32771672968353005,0.29188965223457536,0.38039361808189465,0.611673746048637,0.6115013952209947,0.6111586890414817
29,10,0.31364943359335506,0.29638016200635625,0.3899704044002888,0.601709823727601,0.6011459457683032,0.6009305250701764
29,11,0.3145673530514799,0.3016431854018073,0.3837894615467128,0.6300522525805101,0.6299256318094802,0.6301567585232944
29,12,0.2966299551168601,0.31282466355093913,0.39054538133220085,0.6350877351058083,0.6341107621413842,0.6342065256559551
29,13,0.2798828185689975,0.31746668529875605,0.4026504961322465,0.62705691073032,0.6262657072445007,0.6260096786393361
29,14,0.2434264971908665,0.3481436209236576,0.40842988188547596,0.6363112689913961,0.6338095985120485,0.63452724903746
29,15,0.22333133330575475,0.3495689496726172,0.42709971702162813,0.6128355936004458,0.6116921252578847,0.611209821313717
29,16,0.2104119808792552,0.351777471353594,0.4378105477671507,0.6143290719062173,0.6133849670408683,0.6131183467010979
29,17,0.20175499095926572,0.3586766169737144,0.4395683920670199,0.6383144064983156,0.6373758242507603,0.6374547792553188
29,18,0.18204252506871146,0.3662254496563407,0.4517320252749479,0.6117373820770338,0.6100863923602167,0.6099460254064345
29,19,0.1632268400029881,0.37238598317405924,0.4643871768229527,0.6211903411436254,0.6194138241637662,0.6192264999619114
29,20,0.1792887224425521,0.36299337771550116,0.45771789984194683,0.6222030228926759,0.6229731175181762,0.6227788251216736
29,21,0.18356423265456398,0.36434572877814214,0.4520900385672939,0.6178055681574518,0.6175985261297705,0.6176814145839049
29,22,0.22278003751218528,0.34711509380799466,0.43010486867982006,0.6199888972910212,0.6221698495525045,0.6221023463149585
29,23,0.2180239530137139,0.3549739571125874,0.42700208987369864,0.6101244355761838,0.609420858971925,0.6096474433653315
29,24,0.21291054037808252,0.3623219405255382,0.4247675190963793,0.6090284822229923,0.6082973040390919,0.6084951691097974
29,25,0.21230846046074822,0.35755242933070336,0.43013911020854834,0.6201069302378367,0.619925559980964,0.6195981781266031
29,26,0.2075454384538712,0.36165207563806234,0.43080248590806647,0.6115420557353541,0.6108945444224001,0.6109280771655919
29,27,0.20741322585181246,0.3606087938322795,0.431977980315908,0.6186826374404946,0.6183992594575947,0.6182759585747833
29,28,0.20558643853658576,0.360296346743242,0.4341172147201722,0.6095667388167744,0.6091749016414231,0.6090476510597386
29,29,0.2158193847126648,0.35623440588022903,0.4279462094071062,0.6241835982193751,0.624510284147896,0.624471090138425
29,30,0.22120863549229308,0.35415737610666026,0.42463398840104677,0.6111311972326476,0.6111833504628377,0.6111338295399344
29,31,0.21349639064879378,0.3639404850788884,0.4225631242723179,0.6056587069057242,0.6047425368461535,0.6050080232631379
29,32,0.21717721823251096,0.36256524782984123,0.4202575339376478,0.6095965440716712,0.6095300637295297,0.6094913912743656
29,33,0.20764671995709505,0.37644514513287436,0.4159081349100306,0.5964919203941613,0.5953452692216558,0.5957880392898336
29,34,0.20375129897237926,0.3821117088566378,0.414136992170983,0.6073971980938764,0.6067164393712767,0.6068788672174031
29,35,0.1975990767074281,0.3874952074899057,0.4149057158026662,0.6039129732232407,0.6030959306805874,0.6031923156896898
29,36,0.19246394147393914,0.39280485794764824,0.4147312005784126,0.6034798512549995,0.6026842177504219,0.6028048079604307
29,37,0.18442683996970066,0.3995150197058459,0.4160581403244535,0.5993527161359545,0.5983196854395397,0.5984425553030809
29,38,0.18127336521560664,0.40210994487336643,0.416616689911027,0.6011361935234465,0.6004450850080467,0.6004837356491258
29,39,0.17724632788437011,0.40651529786726526,0.4162383742483645,0.5986175219930513,0.5978068287966896,0.597916464057414
29,40,0.17145781490737286,0.41164667279419,0.4168955122984372,0.5966508967230203,0.5956825692788347,0.5957877574430376
29,41,0.19001037530082737,0.39904904487089754,0.4109405798282751,0.6155222058069848,0.6164481283584231,0.6162705689192043
29,42,0.19308715318910682,0.395089559314009,0.4118232874968841,0.6031684703170176,0.6030329923012184,0.602896754355408
29,43,0.19119384874782547,0.3971475757506111,0.41165857550156343,0.5983529970676191,0.5977969323573448,0.5978398895238154
29,44,0.1921530907955899,0.396279751702604,0.41156715750180606,0.5976959230759319,0.5973670641133424,0.5973336827718413
29,45,0.19164604212586414,0.39290660689981355,0.41544735097432234,0.5947460599449922,0.5944054167306657,0.594205872342561
29,46,0.1891341399291432,0.39790530658315193,0.4129605534877048,0.5981759899669652,0.5975026622468025,0.5976757054953975
29,47,0.19003736496768625,0.3980112725199237,0.41195136251239006,0.5974740414312002,0.597107790027926,0.5971224707280381
29,48,0.19440578311645848,0.39542600423438323,0.4101682126491583,0.602566746386491,0.602468395251286,0.6024332955319617
29,49,0.19486707649138957,0.39500474291439713,0.4101281805942134,0.5981579525043115,0.5978037757071515,0.5977804196649761
29,50,0.20484983030573725,0.38945936198163533,0.4056908077126273,0.6046550585466648,0.6049508173843873,0.6049031658120464
29,51,0.20974808845196555,0.3881766321093249,0.4020752794387096,0.6016131593791094,0.6015557658220222,0.6015992433085112
29,52,0.2153209838610969,0.38528995223746937,0.3993890639014337,0.6027315097985982,0.6027632064096027,0.6027421638661451
29,53,0.2215133867411999,0.38518769746691633,0.3932989157918838,0.6062468722645451,0.6062476039379527,0.6063907590582488
29,54,0.2270074683234275,0.3834454853601988,0.3895470463163737,0.6051231719094549,0.6051462593258048,0.6051907873648292
29,55,0.23130758568813609,0.38130091896601903,0.3873914953458449,0.6020890588083716,0.602080041383545,0.6020733944783583
29,56,0.23724825120749707,0.37538290287062687,0.38736884592187604,0.5989082656152913,0.5990878686574775,0.5989199330998379
29,57,0.24160412596723854,0.37386856924884077,0.3845273047839208,0.6077333963144548,0.6077383445304649,0.6077606636876143
29,58,0.24101393744249272,0.3764722538811662,0.38251380867634116,0.591824936480285,0.5915094311048343,0.5916251735759449
29,59,0.24633387143505114,0.37241226485814577,0.38125386370680314,0.6001424919879986,0.6002653000751728,0.6001807209169793
29,60,0.2498518061231609,0.37145006347146786,0.37869813040537115,0.6038601040957273,0.6038334124444813,0.6038672357030535
29,61,0.25300001834030483,0.3696985101768148,0.37730147148288035,0.5975695049690916,0.5975569549138029,0.5975386317075313
29,62,0.2553853630160121,0.3681120389268703,0.37650259805711767,0.5978259499799523,0.597785001121539,0.5977542987199226
29,63,0.2571453605650043,0.36781837422068814,0.37503626521430755,0.5990273991178513,0.5989305916823068,0.598953945990707
29,64,0.2643629110336128,0.3628103093759641,0.37282677959042315,0.6143229199145255,0.6145847384683188,0.6144958520489303
29,65,0.2681031694742292,0.3603474515493774,0.3715493789763935,0.6020893135686705,0.6021564789810671,0.6021103870225853
29,66,0.2704059565316132,0.3618559253094251,0.3677381181589618,0.6126070111690177,0.6125123588101172,0.6126507414726691
29,67,0.27164800569085856,0.36079125005426166,0.36756074425487983,0.6062879479388495,0.6062285588519145,0.6061964120138892
29,68,0.27383823922135875,0.35998474011079656,0.36617702066784474,0.6065649633964647,0.6065382657982327,0.6065466963753183
29,69,0.2740370223401909,0.3589300217743326,0.3670329558854765,0.6052889632138444,0.6051977763610025,0.6051360421978786
29,70,0.2785399042476349,0.3560554597987323,0.36540463595363276,0.5960798378038026,0.5962075389589055,0.5961610232292458
29,71,0.2761372451751667,0.35713658542306015,0.3667261694017733,0.613334164302005,0.6130956209456392,0.6130790698392766
29,72,0.2734567841157611,0.3586219365204902,0.36792127936374874,0.611757930115789,0.6114902946723171,0.6114888998356609
29,73,0.27496537201125637,0.3578665051915516,0.3671681227971921,0.599763089871177,0.5997144610843371,0.5997034554818629
29,74,0.270370725081223,0.36318132275687687,0.3664479521619003,0.6166463728187327,0.6161904818125824,0.6163539286577431
29,75,0.26927403639475705,0.364278131370835,0.36644783223440797,0.6108007289411219,0.6105865059734571,0.610614274314665
29,76,0.27061698206472723,0.3628970210170955,0.36648599691817735,0.6116683897469818,0.6116169852689257,0.611573990775393
29,77,0.27540779680227684,0.3590096575536838,0.36558254564403947,0.6077784543573223,0.6079364665158459,0.6078460857841166
29,78,0.2778134913285915,0.3570333039223629,0.3651532047490456,0.6019278492663963,0.6019518034967118,0.6018991916893435
29,79,0.27580812687667666,0.35815812457766477,0.36603374854565857,0.6108013420091492,0.6105740303737268,0.6105725654544711
29,80,0.27690106072566456,0.3574834760356791,0.3656154632386564,0.6156536552846232,0.6155915537682275,0.6155749829140907
29,81,0.27709814358147755,0.35591243017026597,0.3669894262482565,0.6156883545494598,0.6156212090241616,0.6155271830453951
29,82,0.27636061337231244,0.35721191540385233,0.3664274712238353,0.6161739378644373,0.6159895982037148,0.6160310129965606
29,83,0.2742636017369592,0.359133602645699,0.3666027956173419,0.6144146375850892,0.6141572475603669,0.6141977743396979
29,84,0.2712543485811273,0.36174337235697546,0.36700227906189725,0.6172777799909266,0.6169584946025276,0.6170141854133775
29,85,0.26354465624939927,0.3668928045313112,0.36956253921928967,0.6179789105256963,0.6173908743790795,0.6174598082504729
29,86,0.2617787227432428,0.36839296890807494,0.36982830834868224,0.6209680666985078,0.6206962265475163,0.6207282945357453
29,87,0.2692606024940271,0.36409094639617573,0.3666484511097972,0.6178683680343143,0.6181243908020161,0.618090462835817
29,88,0.27733568135057884,0.35771743142577395,0.3649468872236473,0.6163058617314178,0.6166580235289336,0.6165197923132126
29,89,0.2835972654781716,0.35432667480820695,0.36207605971362145,0.6141003016403326,0.61431466207832,0.6142895095143983
29,90,0.2834004117059916,0.35289228570462616,0.3637073025893823,0.6201780073066889,0.620108806530878,0.6200108937177182
29,91,0.2867180676861829,0.350437446850336,0.36284448546348114,0.611122657227682,0.6112150224077584,0.6111546083131812
29,92,0.28866111945415285,0.3497098831104881,0.36162899743535903,0.6172614152172018,0.6172602746189698,0.6172591758833696
29,93,0.2864261157675446,0.3515779448780513,0.3619959393544041,0.6237737723755206,0.623547050257686,0.6235781382616683
29,94,0.2914863351175166,0.34933841144047206,0.3591752534420113,0.6297821129449556,0.6299371134523403,0.6299398959755189
29,95,0.29238948239581436,0.3485151560701762,0.3590953615340096,0.6256362371497223,0.6256093092750239,0.6255754952975461
30,0,0.29575780556701636,0.3463933859897257,0.35784880844325795,0.6221828037043617,0.6222853249489807,0.622245426156683
30,1,0.29290778847382376,0.34766183286591157,0.3594303786602648,0.6213319992266088,0.6211190948742336,0.621097683606859
30,2,0.2821891300252148,0.35195695341004213,0.36585391656474314,0.6358005098961871,0.6352009548071867,0.6351307270520709
30,3,0.284970678584464,0.3524081368428748,0.36262118457266124,0.6294406457081642,0.6294265657781949,0.6295163713838879
30,4,0.27301135965076984,0.35517100388558337,0.3718176364636469,0.6256995832831007,0.6250672710464898,0.6248763817047832
30,5,0.28207064079586297,0.3547333816125722,0.3631959775915649,0.6150664622458025,0.6152977718090791,0.6155103890111954
30,6,0.2873881629801055,0.35099929079438874,0.36161254622550576,0.6085318230403268,0.6087311169332793,0.6086566814932607
30,7,0.28898716294146143,0.34957604486875915,0.3614367921897794,0.6124826780686369,0.6124900718352808,0.6124404868363554
30,8,0.29282612660891066,0.3458004456507306,0.36137342774035874,0.614699938094196,0.6148631157143826,0.6147379311377303
30,9,0.2710178535569109,0.35652800511276017,0.37245414133032906,0.627187447263743,0.625976912067082,0.6259627672211903
30,10,0.26070150111832724,0.36220110535981853,0.3770973935218543,0.6087197646933287,0.6080144714612119,0.6080324178869454
30,11,0.2526574883258671,0.36664053861427764,0.38070197305985526,0.6117323661923756,0.6111146114142292,0.6111265042990586
30,12,0.25774057354057434,0.3567959239324691,0.38546350252695666,0.6126321644806373,0.612943758795227,0.6125166571411736
30,13,0.25675258801812767,0.35769305811164087,0.3855543538702315,0.618803202484674,0.6185766439289384,0.6185697189020906
30,14,0.23776300455565652,0.36886705537265213,0.39336994007169146,0.607862510367987,0.6065643915546751,0.6066465342120557
30,15,0.23545284040781292,0.3685907279998162,0.3959564315923709,0.620949191620124,0.6206310215151305,0.6205304731616005
30,16,0.20122176281184864,0.3903768117727866,0.4084014254153647,0.6272775333724435,0.6247727743292826,0.6250210022769507
30,17,0.1913397035678895,0.39094336711073474,0.4177169293213758,0.6303215263974713,0.6294043458362607,0.6291693042382768
30,18,0.2008107798876168,0.38429291860167036,0.4148963015107128,0.6146480187300638,0.6149476510268069,0.6148157069392391
30,19,0.2209440203920462,0.3569488317185182,0.4221071478894357,0.6065415518233923,0.6079781070239112,0.607004241588624
30,20,0.20307556467962087,0.36431711444224163,0.4326073208781375,0.617061292605825,0.6156879820904891,0.6155830883639168
30,21,0.2024272543848633,0.3628444571842118,0.43472828843092487,0.6196878008867095,0.6193698959044166,0.6192136946630938
30,22,0.19935702363624289,0.35335628438461536,0.4472866919791418,0.6226660084833127,0.6224510386154803,0.6218141724404318
30,23,0.19918215894159755,0.35691096926620813,0.44390687179219435,0.6311832640991857,0.630742464427178,0.6308379352446138
30,24,0.19368726801759462,0.36118941543295996,0.44512331654944537,0.6204814135065571,0.6197240012520311,0.6197393070392713
30,25,0.18840927239962466,0.35974106785672716,0.45184965974364816,0.6082526674752478,0.6076376302073293,0.6073644590167719
30,26,0.19272013472097066,0.35750108935938435,0.44977877591964505,0.6203825270964186,0.6203129630497161,0.6202123531654299
30,27,0.20753214174457585,0.354161813855038,0.4383060444003863,0.6010429368426344,0.6015792051593699,0.6016642726807796
30,28,0.203352354019361,0.3633060591379728,0.43334158684266616,0.6048427146322003,0.6040608026064381,0.6043644316636728
30,29,0.197340889864335,0.370633608274918,0.43202550186074706,0.5997605130695541,0.5989064430485298,0.5990803702137352
30,30,0.18558722892457027,0.3751665178418893,0.43924625323354044,0.6065111267754283,0.6053674190601072,0.6052662803575489
30,31,0.17180378891036477,0.3869294619081288,0.4412667491815064,0.5974481472228934,0.595881391239482,0.5960976500355599
30,32,0.17764590712625258,0.38401049382631736,0.43834359904743003,0.6086579136081339,0.6086140337560463,0.6085575262268335
30,33,0.1762691767864603,0.38436214900543514,0.43936867420810466,0.6014416736786331,0.6008936204395764,0.6008317409803431
30,34,0.17142137155789366,0.3894109850485242,0.43916764339358205,0.5999560600819228,0.5990559561731976,0.599148458804999
30,35,0.17558744187204076,0.387987947459144,0.43642461066881527,0.6060314481045039,0.6058401322976423,0.605824311612974
30,36,0.1748162039947762,0.3889630965724525,0.4362206994327714,0.6025946838623571,0.6020527010407534,0.6020417143887149
30,37,0.17204164649955322,0.3915042928302962,0.43645406067015063,0.6009431110819107,0.6002285033528009,0.6002497811700473
30,38,0.1758686661003994,0.39012738718524365,0.4340039467143571,0.6050998811176431,0.6048863978869026,0.6048695346577293
30,39,0.18974783838206136,0.38410444643424657,0.42614771518369216,0.6112750062408793,0.6117910606448048,0.6117805334811877
30,40,0.1795736227241682,0.3908111997035143,0.4296151775723176,0.5911369058594532,0.5899613276423299,0.5900195599843021
30,41,0.17610247323295897,0.3932520461124478,0.4306454806545933,0.5969676478759213,0.596239643949145,0.5962456370378044
30,42,0.17828686347161096,0.3897819048483538,0.4319312316800353,0.5998353017202893,0.5995906670101765,0.5994355768791751
30,43,0.1847631377357525,0.38492131501383126,0.4303155472504164,0.6008345986097561,0.6008952274132373,0.6007670933101045
30,44,0.18828238892091223,0.38392141409093433,0.4277961969881535,0.5997973213007585,0.5996068120786746,0.5996004013886468
30,45,0.18972836757058867,0.38407162683742724,0.4262000055919843,0.5979353651134992,0.597608789438427,0.5976123932742472
30,46,0.18952339149961717,0.38449987364657034,0.4259767348538126,0.596267015255158,0.5958445969907672,0.5958238964687341
30,47,0.1909145508361909,0.38466451194601603,0.4244209372177931,0.59874371842769,0.5984178139754434,0.5984230216228265
30,48,0.200355749578808,0.3801652918194471,0.41947895860174494,0.6091049291819183,0.6093526250739411,0.6093159752847355
30,49,0.21116700044812214,0.3755429407701989,0.41329005878167896,0.6061487206957921,0.6064874884760361,0.6064781418987198
30,50,0.216186042226755,0.3737036836348593,0.4101102741383857,0.6007396089113136,0.6007330554242327,0.6007263653712949
30,51,0.22277710318671373,0.3716638897398235,0.40555900707346276,0.6052312513471981,0.6053185868374333,0.6053424702331321
30,52,0.22584687715264348,0.37085506294273,0.4032980599046265,0.5994509747128528,0.5993519590393556,0.5993542590899865
30,53,0.2322996745134177,0.3681479169643796,0.39955240852220275,0.6046767122835012,0.6047954693305001,0.6047841861541554
30,54,0.23900978539890888,0.3662893855953179,0.3947008290057733,0.6108920627813454,0.6110114134461686,0.6110541257194291
30,55,0.24399175444451507,0.364330113177837,0.391678132377648,0.6038854192105568,0.6039443108810275,0.6039394169530683
30,56,0.24733997367765484,0.3621202435419157,0.3905397827804295,0.5970185940056499,0.5970254694102464,0.596964225515516
30,57,0.2527710479639921,0.3588364790853054,0.3883924729507025,0.5982075735077657,0.5983423424406322,0.5982752316943907
30,58,0.25397634395527424,0.35952775654433006,0.3864958995003957,0.5963019633759331,0.5961587796261739,0.5961984675365355
30,59,0.25950738173815596,0.3564515248573869,0.3840410934044572,0.6064615304359243,0.6066074764537588,0.606555647710173
30,60,0.2680469265889018,0.3518928912507494,0.3800601821603488,0.6127953257171582,0.6131160649797445,0.613060588810793
30,61,0.2739643639114732,0.34881819160126665,0.37721744448726025,0.6039660708588794,0.6041561497575018,0.6041117285141999
30,62,0.27685084990923237,0.34870466331271266,0.37444448677805503,0.6081474581878925,0.6081452879208424,0.6081868210424369
30,63,0.2789034296473042,0.34657729502647494,0.37451927532622104,0.5967762146192971,0.5968075929525098,0.5967127357368293
30,64,0.2814518089400474,0.3458892807949118,0.37265891026504083,0.606244155080714,0.6062569771799017,0.6062563496661375
30,65,0.2829501832549515,0.3458860604756949,0.3711637562693537,0.6095950076398534,0.6095529942151591,0.6095641337753374
30,66,0.2815178815773747,0.34651026065355756,0.37197185776906777,0.6040587733866188,0.6038913493262245,0.6038585692026369
30,67,0.27999630062546915,0.3478025274330611,0.3722011719414698,0.6092124927226995,0.6090179752071044,0.6090213111739131
30,68,0.2819933349915449,0.34727728276436576,0.37072938224408936,0.6080661412180945,0.6080536318462704,0.6080513407626255
30,69,0.2781513022033436,0.35069354826469873,0.3711551495319576,0.6214529813105725,0.6211077922140866,0.6211710841771813
30,70,0.27789495305407386,0.3510435688556068,0.3710614780903194,0.6104655702625941,0.6103353467669698,0.6103252431159936
30,71,0.2812159905951231,0.3500406293866933,0.36874338001818374,0.6070186490518413,0.6070625588305387,0.6070752996082641
30,72,0.2738772433855357,0.35492662332594616,0.37119613328851814,0.617525179084024,0.6169986519602708,0.6170528149475518
30,73,0.2727267654648737,0.3557145394748946,0.37155869506023187,0.6115942190148876,0.6114032563797589,0.6113980417200877
30,74,0.27683866076599317,0.354876627014984,0.36828471221902287,0.6123687985869267,0.6124244251762798,0.6124742587543482
30,75,0.2704158632736818,0.3592864020854454,0.3702977346408728,0.6204089987195086,0.619915287581054,0.6199721054056443
30,76,0.271291063964147,0.3591316240039603,0.36957731203189276,0.6153515084327787,0.615254609374984,0.6152582036323807
30,77,0.2732892156632969,0.357384255337194,0.3693265289995091,0.6166117901118454,0.6166064473787032,0.6165511571185832
30,78,0.26627835375917885,0.3626391988182935,0.3710824474225277,0.6217324443391736,0.6211787588820875,0.6212680739586075
30,79,0.26783433466813655,0.36199607295101754,0.370169592380846,0.6122791122079878,0.61221127018497,0.6122091836016574
30,80,0.27083238241566066,0.36062496596447813,0.36854265161986116,0.6112965664465274,0.6113096819045075,0.6113070231437376
30,81,0.27606297333427754,0.35663198207308344,0.367305044592639,0.6167934530988883,0.6169749292612209,0.6168852426812627
30,82,0.27570066104963475,0.35702145587873096,0.36727788307163445,0.6185576839955946,0.6184113227179522,0.618411474220388
30,83,0.27823620320931747,0.3562506817304495,0.36551311506023304,0.6126116185289704,0.6126082784553804,0.6126243694987613
30,84,0.2790424554803369,0.35561502002727413,0.365342524492389,0.616888168576095,0.616820748040912,0.6167965442799117
30,85,0.2812491973941229,0.35459639945198945,0.3641544031538878,0.6133883910446893,0.6133870064922343,0.6133800063044255
30,86,0.28230643449124615,0.35443245733510564,0.36326110817364826,0.6122613497021518,0.6121968263899993,0.6122066747777931
30,87,0.2810179202333675,0.3556547740057425,0.3633273057608901,0.6199311347536777,0.6197404488648444,0.6197643193847823
30,88,0.27707241277935163,0.3574501627235375,0.36547742449711096,0.6292446715251655,0.62893278856863,0.6289151016367948
30,89,0.28106186437298486,0.35394551545225583,0.36499262017475936,0.6261437632283912,0.6262768214809962,0.626178986217268
30,90,0.279515980139922,0.35568339932425946,0.36480062053581863,0.6207313025429582,0.6205137782067403,0.6205576844863228
