method,day,gate_move_l1,pi_expanding,pi_rolling_1,pi_rolling_3,pi_rolling_7,pi_rolling_14,h_eff,pi_m2,pi_m5b,pi_m5b_hs
adamoe,4,,0.2,0.2,0.2,0.2,0.2,17.0,,,
adamoe,5,0.009992926442205036,0.201226438609056,0.19500353677889753,0.20131714739393458,0.201226438609056,0.201226438609056,17.09829650629424,,,
adamoe,6,0.0033172638983808567,0.20152124159511814,0.19334490482970684,0.20209137038493835,0.20152124159511814,0.20152124159511814,17.12283958518909,,,
adamoe,7,0.006204861940875994,0.20255538525193084,0.1902877033419268,0.2020461409022805,0.20255538525193084,0.20255538525193084,17.203412331455166,,,
adamoe,8,0.0064110722513772145,0.20362389729382716,0.18923229305713934,0.1998960150613797,0.20362389729382716,0.20362389729382716,17.282456019041277,,,
adamoe,9,0.005629965857053915,0.20482242103313608,0.18965022850704832,0.19736239761735724,0.20334253180932252,0.20482242103313608,17.36199430047645,,,
adamoe,10,0.012207321663142923,0.2035275646962902,0.19485118575320684,0.19826510120277008,0.19982858365144274,0.2035275646962902,17.24948636244709,,,
adamoe,11,0.017826132295624936,0.2008171600048711,0.20110044205555822,0.20092891104823127,0.19633632688646854,0.2008171600048711,17.038711303765993,,,
adamoe,12,0.021014688009788673,0.1967050498124165,0.20489080256426045,0.20764589454442361,0.19405320326648368,0.1967050498124165,16.742374595181737,,,
adamoe,13,0.013050368404828039,0.19344245771120933,0.20594212635047696,0.21253817841726666,0.19463477980983784,0.19344245771120933,16.520741990900632,,,
adamoe,14,0.010984925277105456,0.1906962263919328,0.20618609277633804,0.2152433752517152,0.1971780791880806,0.1906962263919328,16.343683525851073,,,
adamoe,15,0.009160462172611322,0.19026077433121802,0.2024767658114619,0.21564724925796014,0.2013544362681413,0.19026077433121802,16.338196867972464,,,
adamoe,16,0.018767851177279637,0.19316686432075852,0.19767992154394493,0.21106016793683774,0.2050701855278449,0.1930228606706142,16.558683632683483,,,
adamoe,17,0.024586554087193457,0.1993244941713424,0.1920641776158175,0.20438263482136826,0.20526768324226652,0.19896101014920525,16.987009657145204,,,
adamoe,18,0.025136203958500886,0.2060347644041695,0.18964104637314222,0.1982435865747073,0.20126176075235247,0.20481884189562874,17.422753782152704,,,
adamoe,19,0.02044914865715819,0.21055400389967355,0.19370123195928657,0.19532641749930602,0.19395435549917464,0.20646399114255942,17.66109708292767,,,
adamoe,20,0.013556132427961498,0.2115267224437777,0.19700687343516388,0.19782612369330527,0.18986929004249062,0.20377099038526267,17.663967486832853,,,
adamoe,21,0.015765246709140618,0.20993569691224057,0.20092036807043842,0.20179525241260107,0.188452305049864,0.19889637755485617,17.50616336115971,,,
adamoe,22,0.017921110824690223,0.2064240176650549,0.19978877640830156,0.20757795909404256,0.19163015378076753,0.19457909305183352,17.273482092784764,,,
adamoe,23,0.013787282076336116,0.20362871643255157,0.19870642242164052,0.21032130204799948,0.19578045186497828,0.19156310723282943,17.099739978833192,,,
adamoe,24,0.01139325629236082,0.20260587440177535,0.19551747830996785,0.20883646004426837,0.20073897631960674,0.1923012109243818,17.075769109727887,,,
adamoe,25,0.016151465325715375,0.20381457247965934,0.19121805901082659,0.2050601466805518,0.20339826676488604,0.19650895506407606,17.21018608608331,,,
adamoe,26,0.012882320688546556,0.20569785935014234,0.19098215242346905,0.2006403940686684,0.2016127656198537,0.20106682853786634,17.36099985450712,,,
adamoe,27,0.017753101124001525,0.20883606215998277,0.19116545166157672,0.1969849320870569,0.19639167703946458,0.20662187705191914,17.579731995524835,,,
adamoe,28,0.011583508378745111,0.20872810407673065,0.19682553833550026,0.19711659960250594,0.1912242115967519,0.20610554638851142,17.53590871236328,,,
adamoe,29,0.016290644185081804,0.20572467905253275,0.20018381280011482,0.20190364723043241,0.18951477698724342,0.20267308392967703,17.31340211156956,,,
adamoe,30,0.020592504626100322,0.2012193238931892,0.20461400989899858,0.20638108736940416,0.190903392062438,0.19688218677597036,16.989591064899216,,,
adamoe,31,0.02064498953626631,0.19794927050461802,0.20181840680545457,0.2128417190922191,0.19476525510775605,0.19262534848995222,16.777411458972814,,,
adamoe,32,0.010972510417900067,0.19718627361884103,0.19807656611117838,0.21224885680469324,0.20025151031670618,0.19223679314858133,16.759075229952803,,,
adamoe,33,0.00993921113575455,0.1973958357765887,0.1950876467591396,0.21026817058885441,0.20368723792869076,0.193561108946726,16.805308495876027,,,
adamoe,34,0.016863282729629198,0.20123831929128888,0.19208147061775954,0.20484270536541999,0.20402337410621266,0.19781413061931866,17.0784701916053,,,
adamoe,35,0.019719032959540056,0.2062487039908426,0.19151281873785275,0.19939077173648342,0.200184443135286,0.20266326239953497,17.40318414893835,,,
adamoe,36,0.018326786076110574,0.21083096365567494,0.19381175002947937,0.19574480150964568,0.19466702032406857,0.20494546448113143,17.662809618903232,,,
adamoe,37,0.01309097336345133,0.21362752060997037,0.19647121439930693,0.19683426686724836,0.18969787871995153,0.2033691194035228,17.779678074288253,,,
adamoe,38,0.017792216128383248,0.21088231686321227,0.20172551700727898,0.20047607232346776,0.18817601125549643,0.1987400825505442,17.555685980266514,,,
adamoe,39,0.01843708176136105,0.2068479668881591,0.20275115896593943,0.20675399897588662,0.19009098352509762,0.19355589164491682,17.274310536887665,,,
adamoe,40,0.016412810744166922,0.2026589890762877,0.2014388902094163,0.21004344558587665,0.19500794228719123,0.19085073284122805,17.02807442733184,,,
adamoe,41,0.00986308668221808,0.20194333840734274,0.19759402612990318,0.2096768802474695,0.19993948562830005,0.19084626958698403,17.014649144928754,,,
adamoe,42,0.0160980517425012,0.2027872440525082,0.1933930699622773,0.20582881054384516,0.2031890882489469,0.1948017871924227,17.12766278318085,,,
adamoe,43,0.0223894953139189,0.20714170100058454,0.1903414019667664,0.19911245670999128,0.20176236242135215,0.20164207790130573,17.45150645969956,,,
adamoe,44,0.015499201329837037,0.2100387852110447,0.1909056354946324,0.19587824081971283,0.19724697764671184,0.20593036082789787,17.644621365734004,,,
adamoe,45,0.01156667704597139,0.21104770548802743,0.19451951580036403,0.1962037671681524,0.19146363912372605,0.20676537241972953,17.68095383432876,,,
adamoe,46,0.01855455571626033,0.20882941528391408,0.19926631114943488,0.20073424967721185,0.1887594191488115,0.2024106047406274,17.48629837762638,,,
adamoe,47,0.017333858115449935,0.20488050687081436,0.20193069922763546,0.2056117339502024,0.18988447585534562,0.19769258409600243,17.208483821658557,,,
adamoe,48,0.018950342158364858,0.20054063803846037,0.20142225680416734,0.2112536105311506,0.1937177703535797,0.19306572427264196,16.926565902997286,,,
adamoe,49,0.011010519215303105,0.19843973966679856,0.19957763228224953,0.21208985703607036,0.19838678345631172,0.19150598755857023,16.81202289341254,,,
adamoe,50,0.014889965687260781,0.1993152048665152,0.19531773856592924,0.20890476790876022,0.2026018648470407,0.19386042381175497,16.913203321576976,,,
adamoe,51,0.01422922376599317,0.20213504516882752,0.1929699005881585,0.20413799400353427,0.20320172493916372,0.1975553353003161,17.121673361506986,,,
adamoe,52,0.025153771934948777,0.20899049102758746,0.19091708428787563,0.19729485605170516,0.19952079322380145,0.2032767754090307,17.56475152239128,,,
adamoe,53,0.015372733289458512,0.21231731434686008,0.19308218923032625,0.1949090059600878,0.19422027667068936,0.20547121379203653,17.75298699770553,,,
adamoe,54,0.012971661160948694,0.21486812683263687,0.19544976107538126,0.19647645220973048,0.18927816800169697,0.2039274918805547,17.85689879000243,,,
adamoe,55,0.02021225466218829,0.21150469272201272,0.19940158661579319,0.20263075400041253,0.1878831952653876,0.1985797713963939,17.59287457834502,,,
adamoe,56,0.021943918990889183,0.20610234661714183,0.20151252751408485,0.2088838661636008,0.1904911016993522,0.19301015800582016,17.229884847010347,,,
adamoe,57,0.01470071819970406,0.20307798028710083,0.19956715806347222,0.21126365787237714,0.19546166909042773,0.19062953468662158,17.05508211815235,,,
adamoe,58,0.01272810994680798,0.20178714012619198,0.19614363254038253,0.20961396858297188,0.2005705648997467,0.19188469385070678,17.02259361406894,,,
adamoe,59,0.012904646433601119,0.20255648178468585,0.19360517896545243,0.20570009894110164,0.20297134837575903,0.19516689193300135,17.11723030856224,,,
adamoe,60,0.021880049244079075,0.2069330148728045,0.18975219986005365,0.2001521263436155,0.2014322754566043,0.20173038346692215,17.44044076799231,,,
adamoe,61,0.016065077337400924,0.2107273265739542,0.18909610704956809,0.19739062254953016,0.19681733339247498,0.20596861043447312,17.68618944896536,,,
adamoe,62,0.010095132337647139,0.21255032279488362,0.1919472703053197,0.19766112843490766,0.19176976722365113,0.2060715112412379,17.765339551245948,,,
adamoe,63,0.0167847444284302,0.21141751584474924,0.1976556625013138,0.20034510845312892,0.18862535767287286,0.20195635552793573,17.631508419646867,,,
adamoe,64,0.023505119792866846,0.20557837521239114,0.20288210511114713,0.20583992622482994,0.1896566571877717,0.19604293626386016,17.22730210453755,,,
adamoe,65,0.018826341708889915,0.20063070001808014,0.20267470353006933,0.2111207034056967,0.19378905086134965,0.19178484218480374,16.915389961448668,,,
adamoe,66,0.012780679602088507,0.19947487723946833,0.19768831593342234,0.21191677127012554,0.1993833227979651,0.19153671275901835,16.879128502323912,,,
adamoe,67,0.012545171612947104,0.19990209509208723,0.19503899482906834,0.2082935065680062,0.20308012119245847,0.19368528231837984,16.947200020862848,,,
adamoe,68,0.019067929116520305,0.2032968508995275,0.19030858711160198,0.20348994972721204,0.2043243769374822,0.19858023532417562,17.208983423365723,,,
adamoe,69,0.022121432905257005,0.20936238194884915,0.18908012410847713,0.1982460231814625,0.19973605003372813,0.20357542072748253,17.593769351004667,,,
adamoe,70,0.017087643140248826,0.21329673656465992,0.1916841097246631,0.1955844300683496,0.19385382157671666,0.20558090206561025,17.811350973764867,,,
adamoe,71,0.014008164903345055,0.21408508397493645,0.19610313838261811,0.19738113645179067,0.18927108285841715,0.2031595583322373,17.802482982894418,,,
adamoe,72,0.0187784260902418,0.2101699553452263,0.20028539110112786,0.20258809677840223,0.1888325186162007,0.1981240381590434,17.513811166689926,,,
adamoe,73,0.0172265198737184,0.20616894172773687,0.20151110205381562,0.20709431704129153,0.19171384733748265,0.19351179183967343,17.24409257395971,,,
adamoe,74,0.01636247819710024,0.2018927768109762,0.20061828784955013,0.21053593171298773,0.19645347176433678,0.19049953186214968,16.98796044006754,,,
adamoe,75,0.011441672271483294,0.20160874958700692,0.19702970081350574,0.20868770983725993,0.20060949101618228,0.192064348746046,17.01278512510362,,,
adamoe,76,0.015968709267935866,0.202974767223033,0.19186219417007916,0.20587086184671816,0.2035716406898872,0.1957205360702825,17.15304980290538,,,
adamoe,77,0.021853936230643994,0.2078572236243808,0.18847415686342983,0.200307157112727,0.2015964146152056,0.20176504778425663,17.49671461695049,,,
adamoe,78,0.017395336180279608,0.21166999358829786,0.18897042292375432,0.19617092028154587,0.19703498335624686,0.20615367985015481,17.74307920046216,,,
adamoe,79,0.008602574241996147,0.21297854832056107,0.1917993834291039,0.19612811241684297,0.1927765040999517,0.2063174517335401,17.79677647288252,,,
adamoe,80,0.024707623439982535,0.20918904844022795,0.19969705129362614,0.20058425627231186,0.1893300947395793,0.2011995492542542,17.494897079260852,,,
adamoe,81,0.016617888362316757,0.2060154891084196,0.20185646530214896,0.20611562738149397,0.18994825380303304,0.19606416440490448,17.2556687722417,,,
adamoe,82,0.017029795548005322,0.2018807652354644,0.20159467633195755,0.21090419882551686,0.19367458013301272,0.19194577947404837,16.990116160504137,,,
adamoe,83,0.011374571896895863,0.19937392474365118,0.20018686533272853,0.21220478445448976,0.19806128045248783,0.19017314501664273,16.848089696715682,,,
adamoe,84,0.012891521164793446,0.19913498437932736,0.19627720136311183,0.20990762820603348,0.2027520185097314,0.1919281675417958,16.880357623894117,,,
adamoe,85,0.015878166586692805,0.20143808708701366,0.19319979078420432,0.2050459554915942,0.2041014196503423,0.19621474698684466,17.070339277848028,,,
adamoe,86,0.028330364274103487,0.20855507229936404,0.18985588924750407,0.19829916292269767,0.2000269316188878,0.20326294391154648,17.543927452071305,,,
adamoe,87,0.01856956341695623,0.2134094813416591,0.1913166927416061,0.19496212031917814,0.19407919251392908,0.2062325130836274,17.826581464966974,,,
adamoe,88,0.013907411353539373,0.21396709100784111,0.1960891593733321,0.19658574969804007,0.1896927224026802,0.20366527751810684,17.803034811010175,,,
adamoe,89,0.017580225698217822,0.21151954800769573,0.19894331194512105,0.20252170997535973,0.18847437545702234,0.19854105461480087,17.596576715139314,,,
adamoe,90,0.017957333882371918,0.20739979026155886,0.20028798875104137,0.2084550655984626,0.1901750099691853,0.19368214541975198,17.312415706900786,,,
adamoe,91,0.014866567562655392,0.20347919708939965,0.20013192555026812,0.2116787170941989,0.19438464225477675,0.19032551801135678,17.069169650139276,,,
adamoe,92,0.011112579980038645,0.2012213762474106,0.19779109517345383,0.2107210783229827,0.19965040910923598,0.19061604114691666,16.969414344808524,,,
adamoe,93,0.019030887154052822,0.20265201714312558,0.19248797284274205,0.206508757076668,0.20342848200338076,0.19492277093408322,17.124053439761113,,,
adamoe,94,0.01903735669288975,0.20661106869434887,0.19012188406299763,0.200839679888542,0.2019449696248062,0.20048239772930473,17.409673400973464,,,
adamoe,95,0.019411196402274178,0.2112691414364108,0.19008357539951226,0.19629041612981996,0.1968269438458765,0.20552992318837987,17.710310841532074,,,
adamoe,96,0.012697466270426616,0.21335959293077386,0.1938385366313465,0.19520087757148563,0.19156774926899772,0.20603324359739605,17.806456400438762,,,
adamoe,97,0.013465588267566914,0.21212505670821685,0.1973397705102224,0.1984324378263935,0.18915442205711935,0.20294831289804827,17.685497821454927,,,
adamoe,98,0.020493799592002704,0.2072941979360387,0.2005578203126866,0.20483612259286843,0.18977958728418143,0.19753227187422492,17.346626981482032,,,
adamoe,99,0.019375659671084206,0.20248246961182692,0.20091693950545159,0.21061904458084146,0.19332537593898563,0.19265617036289473,17.032186266611017,,,
adamoe,100,0.013271811419856505,0.20006977562402067,0.19803689742975655,0.21143959260483486,0.1991407336249203,0.19131300071646756,16.90890935809049,,,
adamoe,101,0.011873401403103778,0.20060123682829079,0.19466400010700552,0.20887578922603386,0.2026310468674524,0.1932279269712171,16.98097388315176,,,
adamoe,102,0.019914124131906435,0.20439595937972854,0.18958718622079943,0.20399554104628675,0.20375829692805358,0.1982630164251314,17.267321680591586,,,
adamoe,103,0.021253154354855558,0.2089112035688132,0.19042932167469698,0.19801335564961187,0.19911390514730076,0.20353221395957702,17.56238993421751,,,
adamoe,104,0.015340125195011378,0.21225068391232715,0.192479036058693,0.19639174544065224,0.19306545275875475,0.2058130818295728,17.749536622045582,,,
adamoe,105,0.012557349584347982,0.21347250622171313,0.19617394594734128,0.19775368803479176,0.18879327102939825,0.20380658876675511,17.77263052329486,,,
adamoe,106,0.017714268764714824,0.21016603754243798,0.20116309375074792,0.20162167461374264,0.18808111166569974,0.19896808242737146,17.518111305781353,,,
adamoe,107,0.01823436623485425,0.20596406242352416,0.20089575426525497,0.20734364129766417,0.19147632809920534,0.19432021391435111,17.24158771506505,,,
adamoe,108,0.014735584871085422,0.2032596351480589,0.1985476272322319,0.21017975587242993,0.19600800595998236,0.1920049757872968,17.084790706475086,,,
adamoe,109,0.011288472516851111,0.20219281677950057,0.19595849891645545,0.20819146629833946,0.20115033544217054,0.1925068825635345,17.055250608566183,,,
adamoe,110,0.014846964809875268,0.20344958866070095,0.19181335777100572,0.2049131250388515,0.20362269570608693,0.1962012328233553,17.1857041819992,,,
adamoe,111,0.016693125621420668,0.20686956328482453,0.19005819148990094,0.19965763055197536,0.20228679366335714,0.20112782100994167,17.433001930017983,,,
adamoe,112,0.01691468116362166,0.2108102232070318,0.19012933946702804,0.19578658316377098,0.19770050046975096,0.20557335369241841,17.68803293636236,,,
adamoe,113,0.015017321552094842,0.2125289502951183,0.19591927315498883,0.19540645590319328,0.19121863972141467,0.20492668092528488,17.741379669575558,,,
adamoe,114,0.015673671397330086,0.2117929252358624,0.19987608285837366,0.19928648189847367,0.1880809432722722,0.2009635667350184,17.6353675799017,,,
adamoe,115,0.022162712906906606,0.20612521353091548,0.2032947798542348,0.20563867603414787,0.18939140859418988,0.19554992198651172,17.251162387782102,,,
adamoe,116,0.017781943634618907,0.20267292137651383,0.20179033631220616,0.21060707567508768,0.19331398077055933,0.19161568586563238,17.029804313441065,,,
adamoe,117,0.01396333503968053,0.19899123904374416,0.20075864757268702,0.21251329799967925,0.19838942596580844,0.18934738941808132,16.817362317810172,,,
adamoe,118,0.018837544247616606,0.2006287242200469,0.19602739024164456,0.20782578320691308,0.2024278859604292,0.1930902163709658,16.977486423981723,,,
adamoe,119,0.012352156475603226,0.2025816495137285,0.19371958454762475,0.2039575106631315,0.20270440018818858,0.19703685508732666,17.137937859900624,,,
fixed_share,4,,0.2,0.2,0.2,0.2,0.2,17.0,,,
fixed_share,5,0.12604096642385954,0.21676808786863905,0.1369795167880702,0.2127162196060126,0.21676808786863905,0.21676808786863905,18.33334329296587,,,
fixed_share,6,0.08127031919916392,0.22871851573519023,0.09634435718848827,0.21750009560594108,0.22871851573519023,0.22871851573519023,19.275044418556718,,,
fixed_share,7,0.06415254941913816,0.23941060730504657,0.06546069535393635,0.21630748273092387,0.23941060730504657,0.23941060730504657,20.10664233525548,,,
fixed_share,8,0.064951414013108,0.2502358429738979,0.04718038318574021,0.202112087892566,0.2502358429738979,0.2502358429738979,20.922619927749167,,,
fixed_share,9,0.0653009228230712,0.2635706802229199,0.03626655192187828,0.1803754577448923,0.25621662988738947,0.2635706802229199,21.875139670864353,,,
fixed_share,10,0.034383874657475645,0.27216664888728886,0.03280589814016016,0.1755951728083538,0.24726563127690837,0.27216664888728886,22.430782853162956,,,
fixed_share,11,0.02283443109393668,0.2749451014013595,0.03336431738401072,0.18089706408333017,0.23584841572993995,0.2749451014013595,22.572931923444187,,,
fixed_share,12,0.06112449534987217,0.26397386718325544,0.03267600128811587,0.21145931175826632,0.22791695258710695,0.26397386718325544,21.796538776233565,,,
fixed_share,13,0.08220224070002294,0.24342330700824968,0.03275156901539167,0.2511570925492114,0.22924472441889748,0.24342330700824968,20.404260636205784,,,
fixed_share,14,0.10775950292108316,0.21648343127797892,0.03446547914683882,0.29258782250842935,0.23997983578877405,0.21648343127797892,18.611861711763986,,,
fixed_share,15,0.09915641196113431,0.19254102275476154,0.03277209021270636,0.32263358814974225,0.25951227612802824,0.19254102275476154,17.065294471410485,,,
fixed_share,16,0.04930220217125864,0.18363941617951782,0.03056841974547858,0.3184396921709689,0.2841633772136576,0.18318909469037709,16.558043433190335,,,
fixed_share,17,0.06860777415045559,0.19425715127781498,0.02707641949858304,0.2876278053426367,0.2972845223959571,0.19375410148500827,17.33893798975721,,,
fixed_share,18,0.11583390734598639,0.22413967723657216,0.025108837271649358,0.2457592911170296,0.28320366517550466,0.22178852919924424,19.29823240983502,,,
fixed_share,19,0.14348657886245708,0.2659068999868584,0.0249243849918169,0.21858635212619273,0.23881776701494542,0.2517645958801865,21.83152615200913,,,
fixed_share,20,0.09086423962429713,0.3026111190516632,0.02595327688885421,0.21215489080169564,0.19981710852729395,0.25946360473049296,23.85029531831169,,,
fixed_share,21,0.07481059966871104,0.33242440028640874,0.027096592371156157,0.21860359391900372,0.1756934698413658,0.24618194358206563,25.30477289035117,,,
fixed_share,22,0.06454505960344886,0.3430314213332126,0.02697308935259437,0.24026910267392423,0.17087441725808147,0.2188519693821873,25.589714169524317,,,
fixed_share,23,0.05704973555441112,0.3449719311961522,0.027561252952297464,0.26061421867215456,0.17652549557441405,0.19032710160498176,25.407977672228537,,,
fixed_share,24,0.03900427531873767,0.3459628555628235,0.02605915989216201,0.26348147882094597,0.1921694487183202,0.1723270570057484,25.33203986923313,,,
fixed_share,25,0.04073471682410726,0.35456840880610774,0.024190418738697508,0.24729842500702157,0.20393125388708955,0.1700114935610836,25.847869909191026,,,
fixed_share,26,0.05800197951345397,0.3746537257573627,0.02378505990383324,0.22208863509056326,0.20054541288168515,0.17892716636655562,27.07807272992086,,,
fixed_share,27,0.10947838471897775,0.4083884342833543,0.022995919837404996,0.19293130740172437,0.17575268827746346,0.19993165020005296,29.134407819786823,,,
fixed_share,28,0.08391695312726317,0.43518036998040127,0.024585964844911237,0.1785698013046817,0.1481557178108745,0.2135081460591313,30.697321637086993,,,
fixed_share,29,0.032415885581686024,0.441699393707411,0.026077764935725042,0.18527171237047937,0.13194777502003147,0.21500335396635306,31.017537905160985,,,
fixed_share,30,0.04662040937287218,0.43269434542018337,0.02951564311705772,0.2051440388755828,0.13078831505849553,0.20185765752868057,30.348133895765805,,,
fixed_share,31,0.09196616192360635,0.4077674065394955,0.028974439373841428,0.24321675495375597,0.13869867994212556,0.18134271919078157,28.73435792487066,,,
fixed_share,32,0.07103785118210429,0.38666732973846407,0.02824928600497653,0.2612814983221072,0.15615286216482643,0.16764902376962568,27.452289933207688,,,
fixed_share,33,0.053468089610618996,0.3674167109632547,0.027974992317653435,0.2700658350326495,0.17410257025959358,0.16043989142684867,26.34805162700392,,,
fixed_share,34,0.045695470821375386,0.3754865200746854,0.025947722801629172,0.24924536913798612,0.18341650007452331,0.1659038879111759,26.90944496597484,,,
fixed_share,35,0.08791464327188844,0.4047871420179852,0.02461020095509216,0.21740005920486666,0.17264201021823558,0.18056058760382035,28.700381197629937,,,
fixed_share,36,0.11901140400109086,0.4491981557315914,0.024842020534264528,0.18403093903057718,0.14650542839197964,0.19542345631158725,31.290290568627558,,,
fixed_share,37,0.08759640134454079,0.4919464948338889,0.024501469463735482,0.16772137312602473,0.11935734469479074,0.1964733178815601,33.63058314208052,,,
fixed_share,38,0.0549642139937002,0.5173400407703247,0.02659003052414978,0.16728839152198635,0.10527262771082516,0.18350890947271395,34.87489077790336,,,
fixed_share,39,0.05015480126097756,0.5223716771440632,0.028109752840656033,0.18581443346223028,0.10257454203567104,0.16112959451737918,34.90168979936414,,,
fixed_share,40,0.05856182746231053,0.511368630970901,0.02927845300999011,0.20533001556022754,0.11117117349949503,0.14285172695938614,34.105508749872605,,,
fixed_share,41,0.039375022544630794,0.5054189903594724,0.02796106377813514,0.2124965538746466,0.1236921464573914,0.13043124553035443,33.68247260959712,,,
fixed_share,42,0.02729706673874112,0.5058518476733701,0.02570693278951345,0.2016438664844936,0.13690782251286424,0.1298895305397586,33.75855757779187,,,
fixed_share,43,0.0736050884990849,0.5324714575500731,0.0231706207614384,0.16863409972922358,0.1356513570466669,0.14007246491259812,35.38793438105653,,,
fixed_share,44,0.08038910280353707,0.5606590796717577,0.02258669596637125,0.14418921808073748,0.12048561208845154,0.15207939419268202,37.067209933830746,,,
fixed_share,45,0.07014683176520212,0.5857742633760035,0.02317057225210356,0.130126235658141,0.09947517862844699,0.16145375008530496,38.516683833380135,,,
fixed_share,46,0.02798982066026394,0.5957635414991705,0.024859683700663465,0.132442756416546,0.08738920308372976,0.15954481529989023,39.013352278685105,,,
fixed_share,47,0.03060954280700484,0.5885994736948272,0.02786565666795611,0.14474155485275575,0.08655609225429406,0.1522372225301668,38.51527250411825,,,
fixed_share,48,0.07228864907036972,0.5647020230183603,0.02962863762770021,0.17083639814605361,0.09484259253643694,0.1399903486714489,37.048022242322816,,,
fixed_share,49,0.07203628296717918,0.5379153199094608,0.03053423442434449,0.19242914506630596,0.10836239030312993,0.13075891029675876,35.471902340467445,,,
fixed_share,50,0.03620820980463206,0.5230770329054166,0.028990575258495903,0.1946323740682482,0.12426326620350372,0.12903675156433556,34.67386705711346,,,
fixed_share,51,0.030120023972797706,0.5250732239260583,0.027378915614173785,0.18118402172617146,0.1327617998365291,0.13360203889706737,34.87508555977083,,,
fixed_share,52,0.0931862442133458,0.5609331644471995,0.025059566036351684,0.1472741798826926,0.1223978691511572,0.14433522048259903,37.00035014333089,,,
fixed_share,53,0.08795796533486086,0.5962506177538953,0.02386930127606969,0.12420876009564895,0.10267457103105238,0.15299674984333364,39.03220914182077,,,
fixed_share,54,0.06897663428070003,0.6307389348942454,0.02314562111258455,0.11117978018818497,0.0835876968642818,0.15134796694070335,40.90500647055168,,,
fixed_share,55,0.0423238152930578,0.6444299671347578,0.024286068336487603,0.11751020837029842,0.07451899794281969,0.13925475821563654,41.5138143221515,,,
fixed_share,56,0.0462565707477244,0.6366084377274359,0.027256898993166273,0.13544799865831073,0.07673866237199087,0.12394800224909613,40.90254982670554,,,
fixed_share,57,0.05184411607045509,0.622836964020472,0.02789027579603478,0.15178658002439274,0.08568876223826798,0.11179741792083264,40.01845304365706,,,
fixed_share,58,0.041139421889214316,0.607168343265494,0.02738014510073783,0.15947849105008122,0.09856656215718661,0.10740645842650037,39.129572567251934,,,
fixed_share,59,0.023035796861783968,0.6011386960944946,0.026488959330730887,0.15488142556019555,0.10908097686649974,0.10840994214807918,38.840761029819596,,,
fixed_share,60,0.05103081039603651,0.6182953733720322,0.023398170084934555,0.1335406645495766,0.1079971219248968,0.11676867006855982,39.91248380048972,,,
fixed_share,61,0.06418660004557009,0.6411271502478901,0.021901519927095464,0.11562614584306949,0.09531499076645794,0.12603019321548692,41.26803661271174,,,
fixed_share,62,0.05183202118859053,0.6616093486663646,0.022273262815208465,0.1053695809003155,0.0796555451149167,0.13109226250319478,42.427823416347174,,,
fixed_share,63,0.029451888504137637,0.6750131564697748,0.023595399263867056,0.10341740626682507,0.06998266503600777,0.1279913729635253,43.11639488299224,,,
fixed_share,64,0.03769549930566301,0.6637625000320948,0.02707909219113403,0.11759411399735314,0.07117001403104424,0.1203942797483738,42.38932145080343,,,
fixed_share,65,0.07136748608362692,0.637015309096676,0.029512863957233765,0.14122681146417862,0.08078728783993241,0.11145772764197905,40.800031046017565,,,
fixed_share,66,0.06112142595608205,0.6130884358899821,0.027699126614500615,0.15815937586315879,0.09441543641899335,0.1066376252133652,39.44131821552297,,,
fixed_share,67,0.035936046797081345,0.5954872303402237,0.027332308765718343,0.16128503552844664,0.10900733894449106,0.10688808642112028,38.4999058182716,,,
fixed_share,68,0.030345333752061873,0.5964321932213936,0.024140011115340983,0.14930466630279304,0.11742190876128876,0.11270122059918354,38.65775605302493,,,
fixed_share,69,0.07449150324270785,0.6250738151294235,0.022219219971161927,0.12459807641284652,0.10680353817406038,0.12130535031250755,40.346342028568635,,,
fixed_share,70,0.07618421896924818,0.6570288546283182,0.022269276845621223,0.10520115988871237,0.08810834521357049,0.12739236342377772,42.15985553863873,,,
fixed_share,71,0.048929998051341364,0.6803700608190327,0.02339306968057738,0.09729969982603066,0.07330809300277358,0.12562907667158568,43.409459542722246,,,
fixed_share,72,0.023517479160057198,0.6835307516111291,0.026105035478370682,0.10318578281616955,0.06906673607507906,0.11811169401925155,43.484538349389695,,,
fixed_share,73,0.03307559777159407,0.6773278232552911,0.02764693902889613,0.11471159177030023,0.07253682245622002,0.10777682348929259,43.028084395700894,,,
fixed_share,74,0.05960398585265914,0.6555470336954742,0.028664950036152943,0.13293567973187956,0.08309671641371343,0.09975562012277987,41.73854970757516,,,
fixed_share,75,0.03431883719147289,0.6416800462683033,0.028013143456275855,0.13763151023235448,0.09556030450897489,0.09711499553409131,40.97024251929164,,,
fixed_share,76,0.02581442672187255,0.6347397845458836,0.02543730446034212,0.1342403975897717,0.10655514795711953,0.09902736544688301,40.64481472193887,,,
fixed_share,77,0.047103057925680154,0.6512025426355074,0.022630982136913926,0.11591333575887909,0.10413700314860024,0.10611613632009936,41.65710847806559,,,
fixed_share,78,0.06526986677581556,0.6751925128784173,0.021371276888784672,0.09735220236557925,0.09132290840212154,0.11476109946509719,43.07089440801677,,,
fixed_share,79,0.047034704860944,0.6935499226997693,0.020882671065750744,0.08698578087815485,0.07866058328210784,0.11992104207421714,44.124354047700166,,,
fixed_share,80,0.019337591421993275,0.6945913543038172,0.02448907495011185,0.09200674110074249,0.07085127631265276,0.1180615533326756,44.1248112373274,,,
fixed_share,81,0.028084921564038183,0.6880706282013883,0.02648813233902559,0.10405014449384782,0.0704329969690251,0.11095809799671308,43.66932060864103,,,
fixed_share,82,0.058644756887015446,0.6669956321939752,0.028465690246041522,0.12385232865059637,0.07797563334876836,0.10271071556061852,42.40354005912638,,,
fixed_share,83,0.0660984405090223,0.6396514483919429,0.03034549041976234,0.14193455152887696,0.09106283055127813,0.09700567910813969,40.83075536989587,,,
fixed_share,84,0.05403501462813464,0.6148745093865341,0.028352315725174694,0.15167616789741767,0.1083387214968047,0.09675828549406874,39.48883843000407,,,
fixed_share,85,0.031216472666870346,0.6071859354602418,0.027307822311085077,0.14480099890436451,0.11868665260501701,0.1020185907192917,39.151933784943886,,,
fixed_share,86,0.07764403523176301,0.6357547019691453,0.02349005609653987,0.11943913932103993,0.10904426078700526,0.11227184182626966,40.86220520328519,,,
fixed_share,87,0.08486378555777299,0.6702742496697885,0.021928587314213106,0.09835419824261306,0.08925877786887243,0.12018418690451295,42.840836223974655,,,
fixed_share,88,0.04587742362909634,0.6924259983811379,0.02271555041741176,0.09146485998877728,0.0744282994994199,0.11896529171325297,44.0291822137335,,,
fixed_share,89,0.02998883470673666,0.7008989803590666,0.023683873779366968,0.09701797200226175,0.06767215320272431,0.11072702065658026,44.39255997294134,,,
fixed_share,90,0.03235365680695976,0.6951626807124809,0.02558647338082863,0.11083492263989465,0.0681294313671097,0.10028649189968618,43.94876899021474,,,
fixed_share,91,0.05661319470814306,0.6754739343534591,0.02742636977313135,0.12926900887199308,0.07616204609678003,0.09166864090463633,42.760164752939026,,,
fixed_share,92,0.05003392934734045,0.6539386790612584,0.02805229856615398,0.14036857154890647,0.08945351930051428,0.08818693152316695,41.54627043331631,,,
fixed_share,93,0.030259307898598535,0.6452414075644239,0.02583951578500379,0.1361489718775918,0.10185452310948932,0.09091558166349117,41.13457069033852,,,
fixed_share,94,0.038251177936552555,0.6574420567326796,0.023251528616739695,0.11961137007757959,0.1020036405951443,0.09769140397785674,41.910314182666255,,,
fixed_share,95,0.06902482175541241,0.6833252122631814,0.021503823092892463,0.09969014438015066,0.08916016093871422,0.1063206593250611,43.43269734914609,,,
fixed_share,96,0.05584965080895137,0.7052734477309228,0.022373119462876213,0.08679281630885367,0.07413266360553551,0.11142795289181165,44.67807841796892,,,
fixed_share,97,0.021495434342304047,0.715368458100929,0.02302582626402211,0.08542869978070561,0.06544601399241864,0.11073100186192458,45.20977553567575,,,
fixed_share,98,0.026045959329016977,0.7075455050384498,0.025367199818348746,0.09611030589088743,0.06532598061244946,0.1056510086398644,44.702824405043245,,,
fixed_share,99,0.05628745403237999,0.6863025202937223,0.027370416610363178,0.11465999324692325,0.07291680348058927,0.09875026636840199,43.44242296749622,,,
fixed_share,100,0.06030973570758747,0.6601511782537622,0.027267777513782412,0.13060336390704413,0.08712830067426208,0.09484937965114905,41.965937984296566,,,
fixed_share,101,0.03623829869059192,0.6428009001093095,0.02649890631293919,0.13473558068056066,0.10098584371614285,0.09497876918104768,41.03536332946086,,,
fixed_share,102,0.025136781334102444,0.6433954223271934,0.023224973880931955,0.12544112244551675,0.10802472571781427,0.09991375562854364,41.15823933967339,,,
fixed_share,103,0.05942135037957929,0.6641431738845147,0.02299796304700924,0.10507958619836892,0.09890259760909512,0.1088766792610119,42.40341884763083,,,
fixed_share,104,0.05756216533465389,0.6859481570005097,0.02290975511556819,0.0923540687598931,0.08293524031168505,0.11585277881234386,43.659346966980436,,,
fixed_share,105,0.04184535304580198,0.7062732754982625,0.023507313140716482,0.08556915559264454,0.06880640746141045,0.11584384830696609,44.7600700383418,,,
fixed_share,106,0.020324111874261516,0.7098789648509438,0.025705272717655728,0.08992756260015472,0.06394391908406659,0.11054428074717922,44.883453215623724,,,
fixed_share,107,0.03703611207138545,0.6991540303840047,0.0268293091129521,0.10350779675557895,0.06775770456903872,0.10275115917842562,44.1994146829012,,,
fixed_share,108,0.04655250095867579,0.6826182244404598,0.02675658443000059,0.11812561252464299,0.07641613927931253,0.09608343932558405,43.21830801394488,,,
fixed_share,109,0.038134289117617196,0.6665900876001694,0.02640665821270753,0.12354553888139538,0.09006335748136866,0.09339435782435893,42.33041304277766,,,
fixed_share,110,0.026391026701721363,0.6581484239458989,0.02459166007325916,0.1206066873242536,0.10065403321608374,0.0959991954405046,41.9238841274796,,,
fixed_share,111,0.030558450927715333,0.666297603425485,0.02331248797351755,0.10660663396013756,0.10120527235939343,0.10257800228146643,42.46551753383932,,,
fixed_share,112,0.0536407928398705,0.6847066176406896,0.02281724451776114,0.09036236415456629,0.09112438920078579,0.11098938448619704,43.5680235026351,,,
fixed_share,113,0.05234322094031015,0.7060345629320579,0.024035072111811752,0.08076775640809594,0.07454738647710106,0.11461522207093322,44.75485693159235,,,
fixed_share,114,0.026467156947190318,0.7176711360666859,0.02503860007208674,0.0813612337867882,0.06503251328328269,0.11089651679115647,45.33716929349277,,,
fixed_share,115,0.034307861168451075,0.7067490859377805,0.027159796354652974,0.09528919257911847,0.06613728879261173,0.1046646363358363,44.646238460608835,,,
fixed_share,116,0.052100538236714816,0.6884709815498321,0.027623892962160085,0.1134931449839575,0.07351950889862292,0.09689247160542723,43.5474933856703,,,
fixed_share,117,0.07334831255489908,0.6569229801679635,0.029360648042350695,0.13367037130229142,0.08827968377754795,0.09176631670984635,41.74843679240772,,,
fixed_share,118,0.03308322625176708,0.6428579963564139,0.02688401872801672,0.13469111546721377,0.10169038662335157,0.09387648282500397,41.02854061242801,,,
fixed_share,119,0.02505373406079798,0.6377703449473123,0.025927893710072134,0.12820802486386104,0.10856503026006364,0.09952870621869095,40.83012976402251,,,
learn_alpha,4,,0.2,0.2,0.2,0.2,0.2,17.0,,,
learn_alpha,5,0.11825106609300146,0.21573174439284798,0.14087446695349926,0.2119302998679568,0.21573174439284798,0.21573174439284798,18.250936662378056,,,
learn_alpha,6,0.07310348387762403,0.22651081187701141,0.1043227250146872,0.21614483935427847,0.22651081187701141,0.22651081187701141,19.100133005115445,,,
learn_alpha,7,0.05773281910661052,0.23613294839477986,0.07663625290093629,0.2149649019147242,0.23613294839477986,0.23613294839477986,19.848299778622277,,,
learn_alpha,8,0.058567222040102764,0.2458941520681303,0.060480152005847464,0.2018373917897616,0.2458941520681303,0.24589415206813028,20.583418644893687,,,
learn_alpha,9,0.05883029470177457,0.2579849071052209,0.050826885999585444,0.18207551044513637,0.2511277893448365,0.2579849071052209,21.445831068535195,,,
learn_alpha,10,0.0287570471851597,0.2651741689015108,0.04879243293942494,0.17860900440602567,0.24225022485152783,0.2651741689015108,21.903259518829998,,,
learn_alpha,11,0.021800174138369044,0.26666398836725724,0.05100443797304326,0.18431744751009896,0.23135013778234328,0.26666398836725724,21.95654288415678,,,
learn_alpha,12,0.05899784302464234,0.2555623962713826,0.051364059695461387,0.21345674730000208,0.22405440046177147,0.2555623962713826,21.17173242891018,,,
learn_alpha,13,0.07649539455832746,0.23643854763180072,0.05240020955579057,0.24917335323273418,0.22554934194787388,0.23643854763180072,19.875218187642364,,,
learn_alpha,14,0.09619255078172773,0.21239040993636876,0.055216396684056486,0.28440407632257575,0.2355987071206302,0.21239040993636876,18.274509910787483,,,
learn_alpha,15,0.0848924036718811,0.19219897673388944,0.053153061253074584,0.30856569114995347,0.253883294129193,0.19219897673388944,16.978757471915102,,,
learn_alpha,16,0.04468076380691371,0.1860474529969496,0.05041816553948647,0.3016846743241454,0.27622367603264986,0.18562603110676856,16.650649536052207,,,
learn_alpha,17,0.06790951548484099,0.19762501005941815,0.04602832915595177,0.2721197529652597,0.28705480004417233,0.1971721077751981,17.4896813007788,,,
learn_alpha,18,0.10967954610340742,0.2259092835655374,0.04392585120632045,0.23396744013367188,0.27246981777368773,0.22372760732078253,19.33986041244635,,,
learn_alpha,19,0.12942462740746352,0.2634524700848543,0.044486521629994766,0.2103895869075295,0.2313353572960984,0.25033606408152315,21.606855885657854,,,
learn_alpha,20,0.07665999256320973,0.2946785602517683,0.0465911898512513,0.20631833371467528,0.19707661420734776,0.25533530197495746,23.300490333202216,,,
learn_alpha,21,0.06723231918014,0.3186972048346852,0.04875611416744771,0.21375092440563195,0.1772575324613494,0.24153822413088583,24.434179042527305,,,
learn_alpha,22,0.05448523016825618,0.32524172930835016,0.048751336020530944,0.234449015016095,0.1754281738888137,0.21612974576621008,24.520415797518464,,,
learn_alpha,23,0.052358634175274,0.32456970936069957,0.04968749269967667,0.25253034788730017,0.18259000142609982,0.19062244862622368,24.228305388753384,,,
learn_alpha,24,0.03500929183620946,0.32426377014397173,0.0474735738524509,0.25419272743488563,0.19843226779661913,0.1756376607720726,24.11383109018076,,,
learn_alpha,25,0.036460678014293424,0.33159314463067335,0.044821386594246414,0.2389550337684957,0.2093332323170642,0.1752972026895203,24.576768629612868,,,
learn_alpha,26,0.05443125130404438,0.3492402888373716,0.0444577521429215,0.2163145398134817,0.20512173507138093,0.18486568413484422,25.67179042521315,,,
learn_alpha,27,0.1006278642196018,0.3792682241547491,0.04338506943933361,0.19100162004200286,0.18119340543664675,0.20515168092726765,27.512960749888563,,,
learn_alpha,28,0.07415009596407089,0.4020888767764755,0.045994253086941855,0.179552159439182,0.1555678180574322,0.2167968926399685,28.8341145613546,,,
learn_alpha,29,0.02872584219057571,0.40630242035811454,0.04827028502768772,0.18742550501208488,0.1415865023738614,0.2164152872282514,29.009611559363364,,,
learn_alpha,30,0.04880045498648769,0.39603011704261476,0.05348436940733932,0.20614320850900666,0.14205494199053187,0.20228736305050735,28.26012869413207,,,
learn_alpha,31,0.08633812409404434,0.37327945959171793,0.05253965117201291,0.2404407428327738,0.15092646971378687,0.18281367668970838,26.78650621682584,,,
learn_alpha,32,0.061323743053712104,0.35566623454981444,0.051571805629407455,0.25414550011434545,0.1678835839590713,0.1707328757473613,25.719427727137866,,,
learn_alpha,33,0.041714034939198244,0.340737996997416,0.05136027773171026,0.259272031429954,0.18361407011306194,0.16501562372785783,24.86897341484798,,,
learn_alpha,34,0.046362102689064835,0.3509672481093474,0.04856408713884093,0.23888717067829088,0.1902831161351782,0.17129837793834263,25.5534195898176,,,
learn_alpha,35,0.08559975218757686,0.37973581923675775,0.04684723045578679,0.2101844313710543,0.17790283603168042,0.1853296829047206,27.301485091662265,,,
learn_alpha,36,0.1093973171357035,0.42122988955048113,0.04724714765625087,0.18112026165219772,0.1522683471826853,0.19813435395838494,29.704160691337897,,,
learn_alpha,37,0.07874083317704086,0.46060030613900155,0.04648077180619117,0.1682133389943607,0.12732522219294856,0.19738036086749797,31.841740764624976,,,
learn_alpha,38,0.05143838307984247,0.48220298760494096,0.049525574028853075,0.1692850468456806,0.11543977353942178,0.1835466179811035,32.867291037373754,,,
learn_alpha,39,0.044647512459686636,0.484845265881067,0.051475022975288526,0.1870170758529624,0.11453305622897476,0.1621295790617072,32.77478770386492,,,
learn_alpha,40,0.05536180710236614,0.47359544672762355,0.052916871495008067,0.20379161869698376,0.12399756841641696,0.14569849466396761,31.98778043545384,,,
learn_alpha,41,0.03375483579324713,0.4689171244367184,0.0508392295155503,0.20848160284600945,0.13618500216401488,0.135577041037707,31.662685093932687,,,
learn_alpha,42,0.0293443826979735,0.47123878975681993,0.047661938118032654,0.19698670289454034,0.14758499314175297,0.13652757608885416,31.85743044944708,,,
learn_alpha,43,0.07437726948593748,0.49801456905868646,0.044048938539903604,0.16677772645222927,0.14421833441922421,0.14694043152995623,33.49195064377174,,,
learn_alpha,44,0.07673400558091936,0.5258268419569482,0.04316845197230623,0.14546373359256684,0.12804581105602447,0.15749516142215433,35.13042310746923,,,
learn_alpha,45,0.06361208341361177,0.5500832993057154,0.04380927489302553,0.13392622263814621,0.10777728030363909,0.16440392285947356,36.506681783308494,,,
learn_alpha,46,0.02920948610183368,0.5588942570292815,0.046139574409949174,0.1373897084485735,0.09726702198145679,0.16030943813073922,36.917165409213105,,,
learn_alpha,47,0.0330149531077744,0.5510251070209139,0.05039516144895809,0.14906104226479955,0.09784757768010889,0.1516711115852195,36.367413315452026,,,
learn_alpha,48,0.07040189749851683,0.5275678265838306,0.05295503567284238,0.17235824753939058,0.10719144693089201,0.1399274432730444,34.93342370765972,,,
learn_alpha,49,0.06423315983165212,0.503184005092416,0.054522589677723665,0.1894974823166108,0.12060123806461655,0.13219468484863292,33.50898959650569,,,
learn_alpha,50,0.02861609923042669,0.49197413280475355,0.05264845032197974,0.18858600899268022,0.13490928767982996,0.1318821202007566,32.92756914215463,,,
learn_alpha,51,0.031308457620608264,0.4967227867289767,0.05079327969215812,0.17478695081219775,0.14074224562683751,0.13695473713983009,33.28108337521284,,,
learn_alpha,52,0.09126943837635243,0.5325323381107351,0.047358145617815914,0.14452104255825576,0.12880856876694538,0.1467799049462478,35.38944021055278,,,
learn_alpha,53,0.08136505148016909,0.5666626761260949,0.045337365904702956,0.12515307792038463,0.1095147873778449,0.1533320926709725,37.33380997627008,,,
learn_alpha,54,0.06573004850873354,0.5995277003804617,0.04366355844120694,0.11491315551064007,0.09208489887839272,0.1498106867892985,39.102008954999754,,,
learn_alpha,55,0.03968208324767393,0.6108238344846382,0.04504085747344379,0.12208076399806375,0.08486123433751387,0.13719330970634044,39.57544819479729,,,
learn_alpha,56,0.04928239929670762,0.6004582090011803,0.04936067397796594,0.13857734554284568,0.08868603593656363,0.12291773554144453,38.83423579981349,,,
learn_alpha,57,0.04910098123128606,0.5857304729420972,0.05021904269751608,0.15218414278087783,0.09877136059462435,0.11309498098488455,37.92532910551674,,,
learn_alpha,58,0.034574157459183914,0.5713935976339132,0.04963792307593356,0.15685187546461335,0.11139070664048076,0.11072589718505914,37.13370691457876,,,
learn_alpha,59,0.02235951683873521,0.5672580283512935,0.048640643986698984,0.1508049654171,0.12023662041134861,0.11305974183355887,36.96102996986487,,,
learn_alpha,60,0.05366596144929613,0.5855286224308603,0.04407152037014423,0.13138062697675496,0.11739710174360035,0.12162212847864005,38.09442025805819,,,
learn_alpha,61,0.06298447134990345,0.6092186928924813,0.04160356059043857,0.11596397672495422,0.10378947610015508,0.12942429369197087,39.48108350870286,,,
learn_alpha,62,0.04745933618072874,0.6302399344863866,0.04166608421232605,0.10757434332616045,0.08844944140858449,0.13207019656654248,40.64691402516569,,,
learn_alpha,63,0.027076962281658512,0.6422082711517095,0.04323622868783235,0.10689323509763554,0.08015509154127856,0.12750717352154403,41.242598273173876,,,
learn_alpha,64,0.04319395393181515,0.6284912691474078,0.04839828866662473,0.12051302905915373,0.08297021456687556,0.11962719855993816,40.37498580649582,,,
learn_alpha,65,0.07248706487719044,0.5996505881049689,0.052268951847271095,0.14161515759397736,0.09424095529000082,0.11222434716378193,38.68697725825028,,,
learn_alpha,66,0.05582778290262959,0.576356522486025,0.0501884146696482,0.1551358797528092,0.10863412458248374,0.10968505850903389,37.393017094293434,,,
learn_alpha,67,0.032219735738209354,0.5602466546169202,0.050579535345773974,0.1554415471297295,0.12213250544831711,0.11159975745925908,36.54902759631803,,,
learn_alpha,68,0.031256135289704584,0.5624831893936595,0.046466456999438896,0.1439265578312123,0.12866425615821825,0.11845953961747102,36.786320841864764,,,
learn_alpha,69,0.07256294570548674,0.5905142226668174,0.04366397518614327,0.1226052190378954,0.1165066039120875,0.12670997919705657,38.43181892845228,,,
learn_alpha,70,0.0703447280891249,0.6213316484330005,0.04328354740133224,0.10662288991024066,0.09769699677999073,0.13106491747543586,40.16183894522812,,,
learn_alpha,71,0.04665454064680424,0.643766895856774,0.04417557030096085,0.10089794600979081,0.08377634524459718,0.1273832425878772,41.342682972679235,,,
learn_alpha,72,0.022684800873003008,0.6451674530937537,0.04765277651070281,0.10736258299957065,0.08088559592823519,0.1189315914677376,41.311029163180606,,,
learn_alpha,73,0.03602203796620134,0.6365679545744042,0.04954790362729577,0.11840196303625694,0.08596210775805666,0.10952007100398647,40.73384681556252,,,
learn_alpha,74,0.059297178460075185,0.6129979868228382,0.051240797498860804,0.1345205254896638,0.09779924066312232,0.1034414495255148,39.36745656133721,,,
learn_alpha,75,0.03155359496440748,0.5980783795556966,0.050775776869550544,0.13751271398927917,0.11058384964571072,0.10304927993976293,38.56479355885585,,,
learn_alpha,76,0.026784867012977255,0.592004055357968,0.047462295054099046,0.13350808649597082,0.12047377398486186,0.1065517891071005,38.30327134141353,,,
learn_alpha,77,0.048759964955536576,0.6086438372472622,0.04346952467552243,0.11717668443015317,0.11641796395148775,0.11429198969557443,39.32864341620017,,,
learn_alpha,78,0.0640987983952141,0.6330420548491821,0.041272717571718534,0.10127953216924065,0.10246252411859716,0.12194317129126167,40.752076671938205,,,
learn_alpha,79,0.04410735610277912,0.6518748560161494,0.03997972249879181,0.09317456316685496,0.08980681014252001,0.12516404817568394,41.81293911842553,,,
learn_alpha,80,0.02264120247136188,0.6520508710864124,0.045264937092354574,0.09903393473871017,0.08253666940823137,0.12111358767429166,41.73876591979093,,,
learn_alpha,81,0.031721024453021746,0.6435414264117203,0.047964650437421,0.11112269939862877,0.08360870362975714,0.11376252012247277,41.17175454045944,,,
learn_alpha,82,0.06079078014530811,0.6202624162247394,0.05106999121017335,0.1292736647226021,0.09274778760568544,0.10664614023679951,39.79691643541733,,,
learn_alpha,83,0.06576190675651075,0.5908548677017192,0.05451975722313719,0.1444244966943215,0.10702814299925764,0.10317273538156439,38.13270060574597,,,
learn_alpha,84,0.05397636696770293,0.5658705590154229,0.05251588242558207,0.1515184375344436,0.12459046680368796,0.10550465422086347,36.808503162672196,,,
learn_alpha,85,0.03127821889893217,0.5585330001699976,0.051949022517082645,0.14378374683890222,0.13327258493395788,0.1124616455400596,36.50265140533219,,,
learn_alpha,86,0.07760041213666312,0.5861317743767958,0.04629515865840558,0.12155819336399122,0.12235179619921446,0.1236630774015931,38.16662185837493,,,
learn_alpha,87,0.08047059660636134,0.6191809551748115,0.04364444138683875,0.10402146720124779,0.10230394133034396,0.1308491949067579,40.05458247148629,,,
learn_alpha,88,0.04480240172227166,0.6408989339511009,0.0443276634716853,0.09927851882973357,0.08790408334327751,0.1275908004042028,41.197699046088715,,,
learn_alpha,89,0.029634358794548912,0.6480025948867798,0.045276647141642014,0.10604305362137234,0.08241647635199835,0.11826122799820746,41.47613402765144,,,
learn_alpha,90,0.03633782424965811,0.6401951002576045,0.04794105469495051,0.1195580760880374,0.08440595845685378,0.10789981050255362,40.91976035464906,,,
learn_alpha,91,0.058603968173044294,0.6181571733715072,0.050864131780384375,0.13609309197282843,0.09424984957315118,0.10063575330212891,39.617223303231164,,,
learn_alpha,92,0.04915834319392751,0.5949530316567289,0.052248356952540646,0.14461192853254226,0.10892595943824486,0.09926072341994355,38.335397885900825,,,
learn_alpha,93,0.033880619940972696,0.5865273700866013,0.04925492461031858,0.13909071247440552,0.12119537023223445,0.10393162259644026,37.96157957520541,,,
learn_alpha,94,0.040821118876947074,0.5988619955354709,0.04554600773814346,0.1237432985974014,0.11984114154294007,0.11200755658604405,38.7554894186638,,,
learn_alpha,95,0.06964450089316934,0.6249660735736008,0.04260026236237848,0.1063025067306371,0.1054054283388848,0.12072572899449899,40.287470401265516,,,
learn_alpha,96,0.05342761719089207,0.6472952097432892,0.04345884598443045,0.095503300133602,0.08949082634047373,0.12425181779820446,41.53364256454077,,,
learn_alpha,97,0.021865333257033284,0.6576393797453138,0.04377133030545163,0.09577931243907287,0.08115553643469656,0.12165444107546498,42.060722982440886,,,
learn_alpha,98,0.032171992209531194,0.6479773421175973,0.047171673364792374,0.10729904938038291,0.08232145253881154,0.11523048259841612,41.43718627271129,,,
learn_alpha,99,0.062313572892794517,0.6235527014418492,0.050452508738167576,0.12554744984689784,0.09194900314531858,0.10849833682776688,40.00287668239578,,,
learn_alpha,100,0.060560689954512345,0.5960057227544571,0.05078765704104522,0.13953606208352543,0.10790558758306952,0.1057649705379028,38.46578790917117,,,
learn_alpha,101,0.03712081502200414,0.5777422574380318,0.05049071484646841,0.14188284957653494,0.12220414939753142,0.10768002874143341,37.50362415802076,,,
learn_alpha,102,0.028505154041068383,0.5798189838389913,0.04589161629408568,0.13222937110838348,0.12803624008302927,0.11402378867551019,37.724305481997064,,,
learn_alpha,103,0.06075529066886372,0.6007842428823049,0.04575692411084792,0.11328117814065101,0.11674147989956768,0.1234361749666285,38.97795184030087,,,
learn_alpha,104,0.05791911557898279,0.6237573806427688,0.04509072192384584,0.10235437730624654,0.09937492513148279,0.129422594995656,40.28513749826828,,,
learn_alpha,105,0.0420108670365287,0.6445406539480686,0.04531288213681042,0.09722425143794633,0.08508332766346194,0.12783888481371278,41.39475255437098,,,
learn_alpha,106,0.021660477129585534,0.6469939466258714,0.04819805871972081,0.10271602074202599,0.08111762046051435,0.12097435345186769,41.43744721004783,,,
learn_alpha,107,0.042010869040663604,0.6342199848128228,0.04957821476196876,0.11672821718952126,0.08673070249110287,0.1127428807445844,40.6384772029618,,,
learn_alpha,108,0.04861158539263265,0.6157959499284122,0.04959691131224628,0.1305323688785165,0.09721364694814638,0.10686112293267859,39.56550226334706,,,
learn_alpha,109,0.03774561827681899,0.5981781767870414,0.049598415759694786,0.13436739770019182,0.11224992281743207,0.10560608693563993,38.60762589290374,,,
learn_alpha,110,0.028325619693903965,0.5903507833949744,0.047270790764307145,0.13035960624069454,0.12242900598678733,0.10958981361323665,38.25065704567768,,,
learn_alpha,111,0.03387244827791011,0.5999426788276369,0.045483422265078975,0.11654110684303162,0.12109864974472342,0.1169341423195293,38.876436013138864,,,
learn_alpha,112,0.05681152552230906,0.6202441602512062,0.04440179566823942,0.10142162448539861,0.1088939959380413,0.12503842365711432,40.0761121869627,,,
learn_alpha,113,0.051772402971094145,0.6422420604592509,0.04581824013623991,0.09337139858001124,0.0910580203578816,0.1275102804666162,41.283006132469126,,,
learn_alpha,114,0.029121510655935545,0.6539807599413842,0.046617566925826186,0.09539412763625957,0.081700019884209,0.1223075256123211,41.855851044079614,,,
learn_alpha,115,0.04190535678748388,0.6400524452476689,0.04968903057331184,0.11058065365525344,0.08439470861147139,0.11528316191229437,40.98930493345163,,,
learn_alpha,116,0.057468754953232566,0.6184970610676457,0.05058676551031118,0.1288597181654707,0.09395228664087107,0.10810416861570134,39.718113951171375,,,
learn_alpha,117,0.07716933364388605,0.5836073038916596,0.05404573709641575,0.14716750216315697,0.11077019787902324,0.10440925896974437,37.749107487815046,,,
learn_alpha,118,0.036579872402532396,0.5696288176129556,0.05095008763008191,0.1459517017069287,0.12484327463131824,0.10862611841871565,37.06120282980945,,,
learn_alpha,119,0.026324891943023655,0.5645293763678362,0.05035225687811496,0.13848652773250325,0.1307247293744863,0.11590710964705946,36.87534706282603,,,
m5b_smooth0,4,,0.20000606775283813,0.20000606775283813,0.20000606775283813,0.20000606775283813,0.20000606775283813,17.00051575899124,,,
m5b_smooth0,5,0.3144935630261898,0.23197735846042633,0.04274408891797066,0.2613237798213959,0.23197735846042633,0.23197735846042633,19.61688146367669,,,
m5b_smooth0,6,0.21031686291098595,0.20093601942062378,0.030710019171237946,0.36648255586624146,0.20093601942062378,0.20093601942062378,17.40597525984049,,,
m5b_smooth0,7,0.39400033466517925,0.2666027545928955,0.02036946453154087,0.17982298135757446,0.2666027545928955,0.2666027545928955,22.1546615306288,,,
m5b_smooth0,8,0.2502616951242089,0.3083130121231079,0.01403977070003748,0.061021752655506134,0.3083130121231079,0.3083130121231079,25.170459010638297,,,
m5b_smooth0,9,0.4254590980708599,0.41467732191085815,0.012422130443155766,0.02046078070998192,0.13776114583015442,0.41467732191085815,31.724254314787686,,,
m5b_smooth0,10,0.1992813954129815,0.4606943428516388,0.020029066130518913,0.012467052787542343,0.04611445590853691,0.4606943428516388,34.471612786874175,,,
m5b_smooth0,11,0.21950983069837093,0.41258496046066284,0.11495110392570496,0.02729998528957367,0.03257833048701286,0.41258499026298523,30.95618686452508,,,
m5b_smooth0,12,1.0516822766512632,0.15611279010772705,0.5747079849243164,0.09338467568159103,0.01968199573457241,0.15611279010772705,12.544982450082898,,,
m5b_smooth0,13,0.6376896928995848,0.11940334737300873,0.3292822241783142,0.4110208749771118,0.020890843123197556,0.11940334737300873,10.544428456574678,,,
m5b_smooth0,14,0.8529147831723094,0.04485541209578514,0.05829666554927826,0.8374778032302856,0.014514417387545109,0.04485541209578514,5.991631492041051,,,
m5b_smooth0,15,0.20970869716256857,0.01703762821853161,0.012854446657001972,0.9423326849937439,0.010738390497863293,0.01703762635588646,4.175805697217584,,,
m5b_smooth0,16,0.029701415915042162,0.013156858272850513,0.005765679758042097,0.951839029788971,0.016082381829619408,0.013156083412468433,3.9474561060778797,,,
m5b_smooth0,17,0.09496324602514505,0.020041946321725845,0.004623296204954386,0.9055006504058838,0.04992306977510452,0.01991279050707817,4.5518825822509825,,,
m5b_smooth0,18,0.7388011226430535,0.060629334300756454,0.005159120541065931,0.5360996127128601,0.3404478430747986,0.057664889842271805,8.441661376040429,,,
m5b_smooth0,19,0.7983127171173692,0.28930172324180603,0.004687892738729715,0.1983824223279953,0.2794792950153351,0.22814825177192688,23.1083691441454,,,
m5b_smooth0,20,0.8640091082779691,0.721306324005127,0.001880596042610705,0.03249429166316986,0.026492144912481308,0.21782632172107697,46.612756429822184,,,
m5b_smooth0,21,0.46172693924745545,0.9521700143814087,0.0004311792436055839,0.0040131825953722,0.0018003429286181927,0.04158540070056915,57.73746960022254,,,
m5b_smooth0,22,0.07408014313841704,0.9892092943191528,0.0001726895134197548,0.0009379954426549375,0.00029125044238753617,0.009387306869029999,59.48900538425369,,,
m5b_smooth0,23,0.013482948015735019,0.9959505200386047,0.00010516445763641968,0.0003895211557392031,9.657777263782918e-05,0.0034562565851956606,59.80736856684234,,,
m5b_smooth0,24,0.0034860047308029607,0.997694194316864,9.202587534673512e-05,0.000252373400144279,5.510669871000573e-05,0.0019056835444644094,59.88956612160109,,,
m5b_smooth0,25,0.0012774978822562844,0.9983328580856323,9.107737423619255e-05,0.00020155409583821893,4.060179344378412e-05,0.0013331221416592598,59.919615147337026,,,
m5b_smooth0,26,0.0001497186894994229,0.9983205795288086,0.00012617673201020807,0.00023523451818618923,4.709461791208014e-05,0.0012709546135738492,59.9181896789305,,,
m5b_smooth0,27,0.00038542700349353254,0.9985039234161377,0.0001359791203867644,0.0002296749735251069,4.273745435057208e-05,0.001088590594008565,59.9265998395058,,,
m5b_smooth0,28,0.00077037799928803,0.9981176853179932,0.00020732198026962578,0.00032064979313872755,6.192798173287883e-05,0.001291222288273275,59.90674099834723,,,
m5b_smooth0,29,0.0016739445927669294,0.9972814917564392,0.00035420252243056893,0.0005093112122267485,0.00010713846131693572,0.0017482208786532283,59.86399670307583,,,
m5b_smooth0,30,0.0036198150337440893,0.9954716563224792,0.0006779813556931913,0.0009190727723762393,0.0002168281644117087,0.0027149703819304705,59.771261961519485,,,
m5b_smooth0,31,0.0076784655975643545,0.9916322231292725,0.0014046278083696961,0.001819786848500371,0.0004883267101831734,0.004655143711715937,59.573387675045524,,,
m5b_smooth0,32,0.01809716277057305,0.982582688331604,0.003234238363802433,0.004048761446028948,0.0012554835993796587,0.00887702964246273,59.103408622788265,,,
m5b_smooth0,33,0.03993902844376862,0.9626137018203735,0.007509434595704079,0.009379059076309204,0.0032436680048704147,0.017253393307328224,58.05672190338373,,,
m5b_smooth0,34,0.07402988476678729,0.9255990386009216,0.01575375162065029,0.020182687789201736,0.0073860264383256435,0.031078310683369637,56.09904266567901,,,
m5b_smooth0,35,0.1297656618990004,0.8607164025306702,0.03070758283138275,0.040400180965662,0.01570526883006096,0.052470769733190536,52.63941993564367,,,
m5b_smooth0,36,0.10250242985785007,0.8094651699066162,0.04490234702825546,0.05659079551696777,0.023843800649046898,0.06519805639982224,49.86226432211697,,,
m5b_smooth0,37,0.033063480630517006,0.8206607103347778,0.05023878440260887,0.05451364815235138,0.023236986249685287,0.051350515335798264,50.334988467395306,,,
m5b_smooth0,38,0.08039078116416931,0.7936606407165527,0.07879868149757385,0.06596300005912781,0.02342301234602928,0.03815507888793945,48.59445831552148,,,
m5b_smooth0,39,0.5390339940786362,0.5266270041465759,0.23996998369693756,0.1650879681110382,0.03264319524168968,0.0356711745262146,33.06075294688344,,,
m5b_smooth0,40,0.6856328062713146,0.19665677845478058,0.27904072403907776,0.4688343405723572,0.032524771988391876,0.0229441300034523,14.03384167701006,,,
m5b_smooth0,41,0.6326546613126993,0.10008610785007477,0.08250461518764496,0.7851611971855164,0.021664222702383995,0.010583654046058655,8.74297539331019,,,
m5b_smooth0,42,0.1777702495455742,0.18346598744392395,0.04516793414950371,0.73396897315979,0.02717016078531742,0.010228127241134644,13.588419007137418,,,
m5b_smooth0,43,1.2087034564465284,0.7877461910247803,0.022544434294104576,0.1537134349346161,0.027240650728344917,0.00875440239906311,48.06170238927007,,,
m5b_smooth0,44,0.37400887510739267,0.9747514128684998,0.004303641617298126,0.009748445823788643,0.008337392471730709,0.002859789179638028,58.6170325470157,,,
m5b_smooth0,45,0.03836759191472083,0.9939351677894592,0.0010619700187817216,0.0011348627740517259,0.0028098549228161573,0.0010587443830445409,59.67506803153083,,,
m5b_smooth0,46,0.006469373271102086,0.9971699118614197,0.0004528507124632597,0.0002758315240498632,0.001464261207729578,0.0006378594553098083,59.85065491779824,,,
m5b_smooth0,47,0.0009450273646507412,0.9976420998573303,0.00034955370938405395,0.00014391698641702533,0.001226701308041811,0.0006379273836500943,59.87682518863585,,,
m5b_smooth0,48,0.00036741213989444077,0.9977836012840271,0.00030774500919505954,9.622683865018189e-05,0.0011318183969706297,0.0006794563378207386,59.885047620075056,,,
m5b_smooth0,49,0.0010413280324428342,0.9972658753395081,0.00036666012601926923,9.345805301563814e-05,0.0013519198400899768,0.0009212730801664293,59.85896081665851,,,
m5b_smooth0,50,0.0026092916159541346,0.9959617257118225,0.0005453670164570212,0.00012414039520081133,0.0019174787448719144,0.0014514669310301542,59.792364219159936,,,
m5b_smooth0,51,0.004879832093138248,0.9935217499732971,0.0008983727311715484,0.00019621562387328595,0.002964438172057271,0.002419282915070653,59.66741304601601,,,
m5b_smooth0,52,0.0036674898583441973,0.9916881322860718,0.0011505179572850466,0.0002315482561243698,0.0037301979027688503,0.003199917497113347,59.574043330168934,,,
m5b_smooth0,53,0.007417474887915887,0.9879798889160156,0.001711033983156085,0.00033980869920924306,0.005231216549873352,0.004739353898912668,59.38449326547561,,,
m5b_smooth0,54,0.008650706266053021,0.9836539030075073,0.0024534922558814287,0.0004941643564961851,0.0068111540749669075,0.006587322801351547,59.1630707635195,,,
m5b_smooth0,55,0.017516037973109633,0.9748956561088562,0.004230489023029804,0.0008937788661569357,0.009846334345638752,0.010133322328329086,58.71144204516895,,,
m5b_smooth0,56,0.027123554842546582,0.9613335728645325,0.007636975031346083,0.0016955756582319736,0.014453153125941753,0.01487969234585762,58.00222583860159,,,
m5b_smooth0,57,0.04557670932263136,0.9385454058647156,0.014567416161298752,0.0032864250242710114,0.023061461746692657,0.020538635551929474,56.78612217307091,,,
m5b_smooth0,58,0.11928916303440928,0.8789010643959045,0.033237334340810776,0.007447162177413702,0.04961239546537399,0.030801868066191673,53.568155605811626,,,
m5b_smooth0,59,0.3116988935507834,0.7230512499809265,0.07562906295061111,0.016185233369469643,0.14075519144535065,0.04437835142016411,45.11384302191436,,,
m5b_smooth0,60,0.2866792380809784,0.5797125101089478,0.09701298922300339,0.024809690192341805,0.24943791329860687,0.04902774468064308,37.386646484956145,,,
m5b_smooth0,61,0.38952974788844585,0.7744766473770142,0.061663080006837845,0.02426093816757202,0.09742394834756851,0.04217476025223732,47.875459019094706,,,
m5b_smooth0,62,0.28478802740573883,0.9168708324432373,0.026586567983031273,0.015255937352776527,0.016678337007761,0.02460804209113121,55.54586527496576,,,
m5b_smooth0,63,0.07946169027127326,0.956601083278656,0.014815491624176502,0.010345806367695332,0.0037804467137902975,0.014455700293183327,57.67076083854772,,,
m5b_smooth0,64,0.006329493131488562,0.9562471508979797,0.01616694964468479,0.012159362435340881,0.001984271453693509,0.013441328890621662,57.62954259547405,,,
m5b_smooth0,65,0.06663420237600803,0.9229305982589722,0.032202042639255524,0.024157997220754623,0.0021016562823206186,0.018607866019010544,55.75573364808224,,,
m5b_smooth0,66,0.28019525902345777,0.782832682132721,0.10214609652757645,0.0785830169916153,0.00349041516892612,0.03294737637042999,47.79355225083418,,,
m5b_smooth0,67,0.8307571883779019,0.3674541115760803,0.2671374976634979,0.31108877062797546,0.006242412608116865,0.04807684198021889,23.964423180092126,,,
m5b_smooth0,68,0.45672665163874626,0.28235891461372375,0.12386959046125412,0.5383597612380981,0.006617687176913023,0.04879412427544594,19.409925301093608,,,
m5b_smooth0,69,0.9152078591287136,0.730498194694519,0.036980777978897095,0.16817602515220642,0.006086457055062056,0.05825892463326454,45.2296306793578,,,
m5b_smooth0,70,0.43202992668375373,0.9465120434761047,0.006259412970393896,0.01758524402976036,0.002668969798833132,0.02697248011827469,57.24603526387364,,,
m5b_smooth0,71,0.0728110132040456,0.9829181432723999,0.001480126054957509,0.0028654406778514385,0.0012784405844286084,0.011457186192274094,59.15451473521534,,,
m5b_smooth0,72,0.015392275468911976,0.9906148314476013,0.0006812827778048813,0.0009827991016209126,0.0010145819978788495,0.006706942338496447,59.54151883366285,,,
m5b_smooth0,73,0.007031061191810295,0.9941301941871643,0.0003832220972981304,0.0004418060416355729,0.0008547164034098387,0.004190163221210241,59.714165591372875,,,
m5b_smooth0,74,0.0014270091196522117,0.9946523308753967,0.00035566245787777007,0.0003437605337239802,0.001046067918650806,0.003602247452363372,59.738280736346496,,,
m5b_smooth0,75,0.0007269274792633951,0.9944521188735962,0.00038967886939644814,0.0003262808022554964,0.0013748833443969488,0.0034558435436338186,59.72650164671359,,,
m5b_smooth0,76,0.0018179623875766993,0.9935440421104431,0.0004799820308107883,0.00035759079037234187,0.0019260573899373412,0.0036929419729858637,59.67937887037988,,,
m5b_smooth0,77,0.0030515679391101003,0.9920172691345215,0.0006387705216184258,0.0004305796173866838,0.002730039646849036,0.004181977361440659,59.60062461803318,,,
m5b_smooth0,78,0.006091403687605634,0.9889721870422363,0.0009642209042795002,0.0006049161893315613,0.004143562167882919,0.005314989481121302,59.44452497991733,,,
m5b_smooth0,79,0.008078701561316848,0.9849327802658081,0.0014400744112208486,0.0008529059123247862,0.005964700132608414,0.006809303071349859,59.23704875202384,,,
m5b_smooth0,80,0.014505143510177732,0.9776803255081177,0.0024355431087315083,0.0013968917774036527,0.00899597443640232,0.009491262957453728,58.86329525138717,,,
m5b_smooth0,81,0.01617310626897961,0.9695936441421509,0.0038920666556805372,0.0021399478428065777,0.012235342524945736,0.01213874015957117,58.44152031862177,,,
m5b_smooth0,82,0.03461277927272022,0.9522868394851685,0.007396234665066004,0.0039186240173876286,0.01962415687739849,0.016773056238889694,57.52855436131358,,,
m5b_smooth0,83,0.08381133992224932,0.9103818535804749,0.016123158857226372,0.00799625739455223,0.04126597195863724,0.02423303760588169,55.29114747606218,,,
m5b_smooth0,84,0.4014979861676693,0.7096328139305115,0.046047698706388474,0.020423881709575653,0.18331173062324524,0.04058406129479408,44.53664715215564,,,
m5b_smooth0,85,1.0703126732259989,0.1829325407743454,0.06126368045806885,0.02649168111383915,0.697184145450592,0.03212785720825195,16.446770189329982,,,
m5b_smooth0,86,0.3659594412893057,0.2713456451892853,0.1082778126001358,0.0462653711438179,0.5142040848731995,0.059906311333179474,20.965929590165615,,,
m5b_smooth0,87,1.039536189287901,0.7602503895759583,0.08317111432552338,0.036283571273088455,0.029524460434913635,0.09076963365077972,47.284491296857595,,,
m5b_smooth0,88,0.31946776900440454,0.9199846982955933,0.02823627181351185,0.012696154415607452,0.0013625333085656166,0.03772035986185074,55.8030294040218,,,
m5b_smooth0,89,0.09067274887638632,0.9653211832046509,0.01431883405894041,0.006045795511454344,0.00015849036572035402,0.014155935496091843,58.151019742377684,,,
m5b_smooth0,90,0.022976883403316606,0.9768093228340149,0.011579710990190506,0.004445720463991165,4.745557816931978e-05,0.007117424625903368,58.73345237623289,,,
m5b_smooth0,91,0.005896327831578674,0.9757534265518188,0.014154764823615551,0.004818760324269533,3.071617175010033e-05,0.005241826176643372,58.64741721858081,,,
m5b_smooth0,92,0.020030985288030934,0.9658838510513306,0.02244163677096367,0.006546323653310537,3.2456980989081785e-05,0.005096592474728823,58.066691164323856,,,
m5b_smooth0,93,0.042111466584174195,0.9448277354240417,0.03922571986913681,0.009964700788259506,4.299623833503574e-05,0.005938943941146135,56.84223013652081,,,
m5b_smooth0,94,0.05730122029490303,0.9161763787269592,0.06178886815905571,0.014750641770660877,6.167558603920043e-05,0.007221038918942213,55.17814979105606,,,
m5b_smooth0,95,0.02969986754033016,0.9013267159461975,0.07119865715503693,0.018924452364444733,8.835094195092097e-05,0.008460968732833862,54.32664698987355,,,
m5b_smooth0,96,0.021453394678246696,0.8906007409095764,0.07509159296751022,0.023550519719719887,0.00014591611397918314,0.01061182003468275,53.73137449998467,,,
m5b_smooth0,97,0.07554898438684177,0.8528258204460144,0.10173925757408142,0.031199289485812187,0.0002637035504449159,0.013971662148833275,51.56233554772916,,,
m5b_smooth0,98,0.4757003444537986,0.61497563123703,0.29921090602874756,0.06288464367389679,0.0006828951300121844,0.0222456231713295,37.70262170158094,,,
m5b_smooth0,99,0.4817860613693483,0.37408244609832764,0.41990113258361816,0.17755980789661407,0.001485159038566053,0.026970844715833664,23.785515261464752,,,
m5b_smooth0,100,0.959853914915584,0.2516764998435974,0.0686696395277977,0.6567943692207336,0.0021778687369078398,0.02068164013326168,17.44443078082986,,,
m5b_smooth0,101,0.2272230233065784,0.20453639328479767,0.010462617501616478,0.7704060673713684,0.002069795737043023,0.01252551656216383,14.783710218733177,,,
m5b_smooth0,102,0.9865571781992912,0.6938142776489258,0.004082100000232458,0.283507376909256,0.003171549877151847,0.015423848293721676,42.721595614915714,,,
m5b_smooth0,103,0.5343577467137948,0.9609938263893127,0.0008356072939932346,0.029157688841223717,0.0017385926330462098,0.007274788338690996,57.86195544234943,,,
m5b_smooth0,104,0.059030004471424036,0.9905086159706116,0.00023765205696690828,0.004634061828255653,0.0009838731493800879,0.0036358751822263002,59.50244616037526,,,
m5b_smooth0,105,0.009926164522767067,0.9954720735549927,0.00010898227628786117,0.0013169384328648448,0.0007283056620508432,0.002374528907239437,59.77072575521015,,,
m5b_smooth0,106,0.002912392796133645,0.9969279170036316,6.757618393748999e-05,0.0005495615187101066,0.0006347464513964951,0.0018203217769041657,59.8473190109944,,,
m5b_smooth0,107,0.0003735901409527287,0.9970198273658752,6.796665547881275e-05,0.00037207044078968465,0.000728287675883621,0.00181006477214396,59.85281274047156,,,
m5b_smooth0,108,0.0008070020994637161,0.9966635704040527,8.341325155925006e-05,0.0003260471567045897,0.0009289363515563309,0.001998691353946924,59.83536001238099,,,
m5b_smooth0,109,0.0021052035881439224,0.995610773563385,0.00013043175567872822,0.00037697836523875594,0.0013615477364510298,0.0025205370038747787,59.7827261328639,,,
m5b_smooth0,110,0.0038981861725915223,0.9936618804931641,0.00023025466362014413,0.0005161379813216627,0.0021425774320960045,0.0034498178865760565,59.684786990634166,,,
m5b_smooth0,111,0.005694999097613618,0.9908141493797302,0.00040486021316610277,0.0007358415750786662,0.003323867218568921,0.004721486940979958,59.54082923542592,,,
m5b_smooth0,112,0.0076567505311686546,0.9869855046272278,0.000682445359416306,0.0010408010566607118,0.0049390788190066814,0.006351836491376162,59.34643438877538,,,
m5b_smooth0,113,0.006933643366210163,0.9835187196731567,0.001009779516607523,0.0013481915229931474,0.006419614888727665,0.007703434210270643,59.168962917639874,,,
m5b_smooth0,114,0.008543961448594928,0.9792473912239075,0.001569737563841045,0.0018336032517254353,0.00813301932066679,0.009217293001711369,58.94788725802209,,,
m5b_smooth0,115,0.016786693944595754,0.9708534479141235,0.002906921785324812,0.00299063534475863,0.011377633549273014,0.011871213093400002,58.508926120819524,,,
m5b_smooth0,116,0.025274012936279178,0.95821613073349,0.005455849226564169,0.005063444375991821,0.01667005568742752,0.014593750238418579,57.83461691951379,,,
m5b_smooth0,117,0.07615000801160932,0.9201412796974182,0.013266590423882008,0.011245477013289928,0.03437947481870651,0.02096671424806118,55.78967012651265,,,
m5b_smooth0,118,0.2599522788077593,0.7901654243469238,0.03883757069706917,0.03038991615176201,0.10616098344326019,0.03444620966911316,48.76530659943819,,,
m5b_smooth0,119,0.7455522939562798,0.41738927364349365,0.08915504813194275,0.0686340481042862,0.37952950596809387,0.04529222100973129,28.629211246967316,,,
m5b_smooth0.001,4,,0.20000606775283813,0.20000606775283813,0.20000606775283813,0.20000606775283813,0.20000606775283813,17.00051575899124,,,
m5b_smooth0.001,5,0.31313787773251534,0.23163868486881256,0.043422576040029526,0.2616626024246216,0.23163868486881256,0.23163868486881256,19.59114385768771,,,
m5b_smooth0.001,6,0.1709621250629425,0.20699088275432587,0.03188469633460045,0.3471434414386749,0.20699088275432587,0.20699088275432587,17.83957652375102,,,
m5b_smooth0.001,7,0.3463476989418268,0.2647155225276947,0.021496014669537544,0.18435834348201752,0.2647155225276947,0.2647155225276947,22.01652836985886,,,
m5b_smooth0.001,8,0.2431552829220891,0.305241197347641,0.015220803208649158,0.06905529648065567,0.305241197347641,0.305241197347641,24.946923677809536,,,
m5b_smooth0.001,9,0.4155411934480071,0.40912681818008423,0.013748802244663239,0.024095555767416954,0.14390292763710022,0.40912675857543945,31.36873967386782,,,
m5b_smooth0.001,10,0.19817756861448288,0.4533901512622833,0.024310801178216934,0.016064638271927834,0.05284494161605835,0.45339009165763855,33.99328966625035,,,
m5b_smooth0.001,11,0.2909632157534361,0.388630747795105,0.14814817905426025,0.0377083346247673,0.036881547421216965,0.388630747795105,29.27811935171485,,,
m5b_smooth0.001,12,1.0178696364164352,0.14273691177368164,0.5692607164382935,0.1255313605070114,0.019735146313905716,0.14273691177368164,11.64653229340911,,,
m5b_smooth0.001,13,0.7836630083620548,0.10561114549636841,0.25219714641571045,0.5173625349998474,0.01921842247247696,0.10561113804578781,9.754038371145725,,,
m5b_smooth0.001,14,0.714413121342659,0.03537863492965698,0.04284071922302246,0.8745688199996948,0.011833034455776215,0.035378627479076385,5.367397300899029,,,
m5b_smooth0.001,15,0.15157705452293158,0.014764604158699512,0.010775224305689335,0.9503570199012756,0.009337730705738068,0.014764602296054363,4.0197910806164145,,,
m5b_smooth0.001,16,0.020451605785638094,0.012357247993350029,0.005364640150219202,0.9551567435264587,0.014764580875635147,0.01235751062631607,3.888626965228468,,,
m5b_smooth0.001,17,0.09475027723237872,0.020000135526061058,0.004608401097357273,0.9085378646850586,0.04698437824845314,0.019869985058903694,4.53730056528002,,,
m5b_smooth0.001,18,0.7372737042605877,0.06581937521696091,0.00543122086673975,0.5399006605148315,0.3263307809829712,0.06251802295446396,8.733863503672183,,,
m5b_smooth0.001,19,0.8921782793477178,0.3205259442329407,0.004798416048288345,0.17801503837108612,0.24275988340377808,0.253900408744812,25.024325091391802,,,
m5b_smooth0.001,20,0.838503452250734,0.7397777438163757,0.0017826200928539038,0.025066522881388664,0.021383875980973244,0.21198907494544983,47.581180998822674,,,
m5b_smooth0.001,21,0.4333167066506576,0.9564357995986938,0.000404511607484892,0.002906881272792816,0.00149268819950521,0.03875936195254326,57.948353016079636,,,
m5b_smooth0.001,22,0.06725984154036269,0.9900662302970886,0.0001658669498283416,0.0006745590944774449,0.00025442452169954777,0.008839181624352932,59.531692876451416,,,
m5b_smooth0.001,23,0.012307577439059969,0.9962201118469238,0.00010363338515162468,0.0002815201587509364,8.831985905999318e-05,0.003306862898170948,59.82106922426465,,,
m5b_smooth0.001,24,0.0031915461695462,0.9978159070014954,9.294001938542351e-05,0.00018553320842329413,5.2571052947314456e-05,0.0018535410054028034,59.89592153118065,,,
m5b_smooth0.001,25,0.0011669812520267442,0.9983976483345032,9.420897549716756e-05,0.00015045925101730973,4.022481516585685e-05,0.0013169902376830578,59.92312392383246,,,
m5b_smooth0.001,26,0.00015199644985841587,0.998365044593811,0.00013313620002008975,0.00018017237016465515,4.8309335397789255e-05,0.0012743223924189806,59.920755007780826,,,
m5b_smooth0.001,27,0.00034366166437393986,0.9985231161117554,0.0001463544904254377,0.00017813629528973252,4.539042856777087e-05,0.0011069055180996656,59.92788214033499,,,
m5b_smooth0.001,28,0.0008118113983073272,0.998116672039032,0.00022770346549805254,0.0002547228941693902,6.794666114728898e-05,0.0013317810371518135,59.90711275563808,,,
m5b_smooth0.001,29,0.0017561436106916517,0.9972395300865173,0.000396370654925704,0.0004159384989179671,0.00012105487985536456,0.0018277916824445128,59.86245245905593,,,
m5b_smooth0.001,30,0.0038171937922015786,0.9953299760818481,0.0007721951114945114,0.0007719279965385795,0.00025151873705908656,0.0028731536585837603,59.764871326391585,,,
m5b_smooth0.001,31,0.008133703202474862,0.9912635684013367,0.0016228652093559504,0.0015686824917793274,0.0005777879268862307,0.004966755397617817,59.55572210781975,,,
m5b_smooth0.001,32,0.019228831690270454,0.9816493391990662,0.0037761013954877853,0.003569955937564373,0.0015045107575133443,0.009500125423073769,59.05697965237778,,,
m5b_smooth0.001,33,0.04252560844179243,0.9603868722915649,0.008846959099173546,0.008396278135478497,0.003923524636775255,0.01844707317650318,57.94297182792798,,,
m5b_smooth0.001,34,0.07869004691019654,0.9210412502288818,0.018729479983448982,0.018146937713027,0.009043840691447258,0.033038001507520676,55.86148421280086,,,
m5b_smooth0.001,35,0.1364984679967165,0.8527923226356506,0.036522191017866135,0.03627674654126167,0.019310396164655685,0.05509846657514572,52.21944309398532,,,
m5b_smooth0.001,36,0.10033699311316013,0.8026230335235596,0.052164092659950256,0.050405923277139664,0.028412671759724617,0.06639281660318375,49.48915200866759,,,
m5b_smooth0.001,37,0.041805775836110115,0.8190488219261169,0.05664192885160446,0.0482076071202755,0.025626201182603836,0.05047545209527016,50.23023380339146,,,
m5b_smooth0.001,38,0.08956068567931652,0.7888373732566833,0.0908174142241478,0.058812569826841354,0.024079227820038795,0.03745363652706146,48.290403025224805,,,
m5b_smooth0.001,39,0.5471246726810932,0.5185706615447998,0.2795824706554413,0.13700935244560242,0.03067980520427227,0.034158091992139816,32.4978221450001,,,
m5b_smooth0.001,40,0.5507841948419809,0.2536478340625763,0.3033863604068756,0.3879339098930359,0.031343575567007065,0.023688942193984985,17.2371083535254,,,
m5b_smooth0.001,41,0.6680629914626479,0.16870419681072235,0.07643665373325348,0.7219645977020264,0.02145046554505825,0.011443092487752438,12.674938809126616,,,
m5b_smooth0.001,42,0.40129011310636997,0.36805593967437744,0.030881734564900398,0.56886887550354,0.02274416573345661,0.009449063800275326,24.112340794876218,,,
m5b_smooth0.001,43,1.0690626939758658,0.9025872349739075,0.007485165260732174,0.07399705797433853,0.011670059524476528,0.0042601581662893295,54.52604306861758,,,
m5b_smooth0.001,44,0.16485326655674726,0.9850139021873474,0.0015687101986259222,0.0078053162433207035,0.004097819793969393,0.0015139953466132283,59.175699463579804,,,
m5b_smooth0.001,45,0.021481256786501035,0.9957548975944519,0.0004495912871789187,0.0014227699721232057,0.001714371028356254,0.0006588479154743254,59.7712362248858,,,
m5b_smooth0.001,46,0.003954142244765535,0.9977316856384277,0.0002228349621873349,0.00048572130617685616,0.001093966537155211,0.00046570319682359695,59.879758747702,,,
m5b_smooth0.001,47,0.0003783406282309443,0.9978452920913696,0.00020088735618628561,0.0003185614477843046,0.0010940235806629062,0.0005412728642113507,59.887110082345316,,,
m5b_smooth0.001,48,0.00035924148687627167,0.9977323412895203,0.00020000060612801462,0.00025206650025211275,0.0011605963809415698,0.0006536090513691306,59.88217137886386,,,
m5b_smooth0.001,49,0.0016563291574129835,0.9969050288200378,0.00026662921300157905,0.00027778901858255267,0.001559245865792036,0.0009916251292452216,59.840199198341,,,
m5b_smooth0.001,50,0.0038043680251576006,0.9950025081634521,0.00044074590550735593,0.00039652816485613585,0.0024385021533817053,0.0017213603714480996,59.74294938048115,,,
m5b_smooth0.001,51,0.0072596301906742156,0.9913726449012756,0.0007961407536640763,0.0006490806117653847,0.004075698088854551,0.0031059840694069862,59.55711574025918,,,
m5b_smooth0.001,52,0.006476838723756373,0.988134503364563,0.0010947214905172586,0.0008251545950770378,0.0055190264247357845,0.004426698200404644,59.39224734692834,,,
m5b_smooth0.001,53,0.012076541897840798,0.9820953011512756,0.0017258102307096124,0.0012365493457764387,0.008045277558267117,0.006895303260535002,59.08400471589994,,,
m5b_smooth0.001,54,0.01289487536996603,0.9756483435630798,0.0025518995244055986,0.001775310025550425,0.010320388711988926,0.009703259915113449,58.75486680318136,,,
m5b_smooth0.001,55,0.022387770586647093,0.9644550681114197,0.004434532951563597,0.003001348115503788,0.013828322291374207,0.014281149953603745,58.17747701937333,,,
m5b_smooth0.001,56,0.03218344645574689,0.9483628869056702,0.008043541572988033,0.005315838381648064,0.01880313828587532,0.019474100321531296,57.33002364356071,,,
m5b_smooth0.001,57,0.05808609910309315,0.9193202257156372,0.01586679369211197,0.010169957764446735,0.029534118250012398,0.0251091867685318,55.76385765243322,,,
m5b_smooth0.001,58,0.17703886236995459,0.8308000564575195,0.03908699005842209,0.02454063855111599,0.06926172971725464,0.036309391260147095,50.953875878825784,,,
m5b_smooth0.001,59,0.4985265005379915,0.5815371870994568,0.0897933691740036,0.05782979354262352,0.2231033891439438,0.047735828906297684,37.385539304465055,,,
m5b_smooth0.001,60,0.22365136817097664,0.47147801518440247,0.09601964056491852,0.07902068644762039,0.3075123429298401,0.045969750732183456,31.417925521731377,,,
m5b_smooth0.001,61,0.6106254532933235,0.7767901420593262,0.05153568089008331,0.059409815818071365,0.07543457299470901,0.03682902455329895,47.880822006613016,,,
m5b_smooth0.001,62,0.2996836034581065,0.9266323447227478,0.018227675929665565,0.026362769305706024,0.00969522725790739,0.019082020968198776,56.030271551571786,,,
m5b_smooth0.001,63,0.07470791297964752,0.963986337184906,0.008738348260521889,0.014442961663007736,0.0019631304312497377,0.01086933258920908,58.05716003361158,,,
m5b_smooth0.001,64,0.004564459668472409,0.966123640537262,0.008117291145026684,0.014588018879294395,0.0009849723428487778,0.010186448693275452,58.168804868124425,,,
m5b_smooth0.001,65,0.037749978830106556,0.947249174118042,0.012459623627364635,0.02550397254526615,0.0009876155527308583,0.01380103174597025,57.12404974165838,,,
m5b_smooth0.001,66,0.1481309306109324,0.873182475566864,0.02700747177004814,0.07465247809886932,0.0015339439269155264,0.023622581735253334,52.98336719186045,,,
m5b_smooth0.001,67,0.7235507890582085,0.5114076137542725,0.06940389424562454,0.3728299140930176,0.0032737196888774633,0.043084874749183655,32.49845474609174,,,
m5b_smooth0.001,68,0.4791463823057711,0.2718345820903778,0.07450622320175171,0.6064828038215637,0.0038313346449285746,0.04334539175033569,18.83768438710831,,,
m5b_smooth0.001,69,0.8934323585126549,0.7018045783042908,0.06276947259902954,0.17150281369686127,0.004582962486892939,0.059339385479688644,43.54838474607095,,,
m5b_smooth0.001,70,0.45654471893794835,0.9300779104232788,0.0203412976115942,0.016683952882885933,0.002474679844453931,0.030423317104578018,56.31831698003225,,,
m5b_smooth0.001,71,0.08841077401302755,0.9742830991744995,0.007746471557766199,0.002611069241538644,0.0014014455955475569,0.013958675786852837,58.677797209937125,,,
m5b_smooth0.001,72,0.020094269886612892,0.9843297004699707,0.004862112458795309,0.0008879482047632337,0.0012754424242302775,0.008644490502774715,59.197258949279785,,,
m5b_smooth0.001,73,0.009517892642179504,0.9890890121459961,0.003581610042601824,0.00040336287929676473,0.001213721465319395,0.005712718237191439,59.438606533018174,,,
m5b_smooth0.001,74,0.0012900449219159782,0.9890915751457214,0.0038027442060410976,0.0003233669849578291,0.001634376822039485,0.005147021729499102,59.433766295871465,,,
m5b_smooth0.001,75,0.0029098061786498874,0.9876419901847839,0.004525511991232634,0.0003185701207257807,0.0023330601397901773,0.005180994980037212,59.3528659841395,,,
m5b_smooth0.001,76,0.006378482503350824,0.9844526648521423,0.00585112115368247,0.00036330195143818855,0.0035254491958767176,0.00580742210149765,59.18008297192864,,,
m5b_smooth0.001,77,0.00940732579329051,0.9797489643096924,0.00767482677474618,0.00045242896885611117,0.0052844462916255,0.006839217618107796,58.926710142957745,,,
m5b_smooth0.001,78,0.015844139124965295,0.9718264937400818,0.010553225874900818,0.0006464796606451273,0.008126583881676197,0.008846298791468143,58.50281655951403,,,
m5b_smooth0.001,79,0.01948410418117419,0.9620840549468994,0.014235573820769787,0.0009189330157823861,0.011383098550140858,0.011376648209989071,57.980990434472915,,,
m5b_smooth0.001,80,0.03867203352274373,0.9427487850189209,0.023241305723786354,0.0015588306123390794,0.016456538811326027,0.015994342043995857,56.93196145899128,,,
m5b_smooth0.001,81,0.07825461809989065,0.903621256351471,0.04884359613060951,0.002711499109864235,0.023127950727939606,0.021695060655474663,54.73987997882068,,,
m5b_smooth0.001,82,0.3934062388725579,0.7069185376167297,0.20978957414627075,0.006305281538516283,0.04421580582857132,0.03277096524834633,43.41212183004245,,,
m5b_smooth0.001,83,0.8003423172049224,0.31052929162979126,0.5770856142044067,0.009946046397089958,0.07345042377710342,0.028989316895604134,20.158684654161334,,,
m5b_smooth0.001,84,0.853459183126688,0.50101238489151,0.1503560096025467,0.015129074454307556,0.30175697803497314,0.03174621984362602,32.813232250511646,,,
m5b_smooth0.001,85,0.7842378122732043,0.2637617886066437,0.016971880570054054,0.010079308412969112,0.693875253200531,0.015311174094676971,20.944400331936777,,,
m5b_smooth0.001,86,0.8629303267225623,0.6952269673347473,0.004871544428169727,0.010074567049741745,0.2756853997707367,0.014140957035124302,43.87648448254913,,,
m5b_smooth0.001,87,0.5669588348828256,0.9787065386772156,0.0007333233952522278,0.003622157499194145,0.011828053742647171,0.005109670106321573,58.8883238742128,,,
m5b_smooth0.001,88,0.03309857158455998,0.9952560067176819,0.00017004762776196003,0.00148248509503901,0.0009835317032411695,0.0021080367732793093,59.75637514272239,,,
m5b_smooth0.001,89,0.005023120749683585,0.997768223285675,6.37138364254497e-05,0.0008222463657148182,0.00017694129201117903,0.0011702955234795809,59.886246576446865,,,
m5b_smooth0.001,90,0.0010923300033027772,0.9983133673667908,4.1984018025686964e-05,0.000657029973808676,6.725226558046415e-05,0.0009197448380291462,59.91416230953837,,,
m5b_smooth0.001,91,0.00015946408166200854,0.9982545375823975,4.231342245475389e-05,0.0007028086110949516,4.6382261643884704e-05,0.0009534010896459222,59.91109528528614,,,
m5b_smooth0.001,92,0.0006752413537469693,0.997917652130127,5.426376446848735e-05,0.0008610936929471791,4.57865753560327e-05,0.0011209258809685707,59.89371014101198,,,
m5b_smooth0.001,93,0.0011638865871645976,0.9973360896110535,7.601206743856892e-05,0.0011281372280791402,5.388135832617991e-05,0.001406363327987492,59.86369205651499,,,
m5b_smooth0.001,94,0.0015309025438909885,0.9965702295303345,0.00010883928189286962,0.0014836413320153952,6.968777597649023e-05,0.0017672680551186204,59.8240031023015,,,
m5b_smooth0.001,95,0.0020968076059943996,0.9955216646194458,0.00016032950952649117,0.0019673830829560757,9.82308920356445e-05,0.002251735655590892,59.769574271347665,,,
m5b_smooth0.001,96,0.004006470648164395,0.993519127368927,0.0002675585856195539,0.0028767227195203304,0.0001647170865908265,0.0031726141460239887,59.66561498653027,,,
m5b_smooth0.001,97,0.005083758558612317,0.9909768104553223,0.000432782486313954,0.004040548577904701,0.0002776859328150749,0.00427203718572855,59.53291537766927,,,
m5b_smooth0.001,98,0.010611060570226982,0.9856719374656677,0.0008324739173986018,0.006554639898240566,0.0005734475562348962,0.006368680391460657,59.25398829992628,,,
m5b_smooth0.001,99,0.01941996131790802,0.9759616851806641,0.0016321574803441763,0.011740955524146557,0.00120308727491647,0.009462750516831875,58.73545625305269,,,
m5b_smooth0.001,100,0.0517949917120859,0.9500640630722046,0.0038180327974259853,0.027437927201390266,0.0029948020819574594,0.015685558319091797,57.33053702977486,,,
m5b_smooth0.001,101,0.16327950614504516,0.8684247136116028,0.009057321585714817,0.08842087537050247,0.0075593567453324795,0.026538923382759094,52.804263188969344,,,
m5b_smooth0.001,102,0.51813581911847,0.6093565821647644,0.020163824781775475,0.3108622133731842,0.018381845206022263,0.041236281394958496,38.22012625075877,,,
m5b_smooth0.001,103,0.14274458587169647,0.6617820858955383,0.026251772418618202,0.2394898235797882,0.025983359664678574,0.04649351164698601,41.28443907760084,,,
m5b_smooth0.001,104,0.4096274822950363,0.8665958046913147,0.020664947107434273,0.05776553228497505,0.019479110836982727,0.03549511358141899,52.822995191439986,,,
m5b_smooth0.001,105,0.13808530010282993,0.9356381893157959,0.0150576988235116,0.01605171710252762,0.011750142090022564,0.021502230316400528,56.584786428138614,,,
m5b_smooth0.001,106,0.043773625046014786,0.9575250744819641,0.013749268837273121,0.006910093128681183,0.008113832212984562,0.013701854273676872,57.73460680246353,,,
m5b_smooth0.001,107,0.009338564705103636,0.9578571915626526,0.01808643899857998,0.0049774725921452045,0.007780411280691624,0.011298618279397488,57.71709388541058,,,
m5b_smooth0.001,108,0.03213287191465497,0.9417912364006042,0.031823042780160904,0.005138726904988289,0.009727811440825462,0.01152027677744627,56.78409196250141,,,
m5b_smooth0.001,109,0.12091610487550497,0.8813320398330688,0.07929348945617676,0.007533344440162182,0.01662672497332096,0.015213207341730595,53.31118789035827,,,
m5b_smooth0.001,110,0.26476063672453165,0.7489521503448486,0.18646889925003052,0.011965020559728146,0.031189577654004097,0.02142401598393917,45.67775624897331,,,
m5b_smooth0.001,111,0.0504039041697979,0.7541810870170593,0.1612675040960312,0.014714648015797138,0.045024797320365906,0.024812741205096245,46.11882862728089,,,
m5b_smooth0.001,112,0.21631457284092903,0.8623378872871399,0.061404936015605927,0.013005402870476246,0.04039333015680313,0.02285824902355671,52.443463179282844,,,
m5b_smooth0.001,113,0.11703700292855501,0.9208561182022095,0.025693770498037338,0.01004638522863388,0.02499604970216751,0.01840694062411785,55.73986953496933,,,
m5b_smooth0.001,114,0.051897614262998104,0.9468047618865967,0.014920428395271301,0.008652389980852604,0.014737344346940517,0.014884012751281261,57.16070090048015,,,
m5b_smooth0.001,115,0.005394347012042999,0.9471433162689209,0.014712556265294552,0.010758696123957634,0.01224891934543848,0.015137202106416225,57.17325088568032,,,
m5b_smooth0.001,116,0.040308525785803795,0.9269890785217285,0.022285960614681244,0.01871061697602272,0.01434426847845316,0.01767081581056118,56.04556382354349,,,
m5b_smooth0.001,117,0.22556536924093962,0.8142054080963135,0.06438957154750824,0.06272243708372116,0.03004283457994461,0.02863851748406887,49.71612045541406,,,
m5b_smooth0.001,118,0.7688125688582659,0.42979979515075684,0.19110769033432007,0.26850709319114685,0.07137610763311386,0.03920942544937134,27.833181388676167,,,
m5b_smooth0.001,119,0.5126062221825123,0.19823694229125977,0.17063134908676147,0.4928433895111084,0.10334273427724838,0.03494532033801079,14.756011679768562,,,
m5b_smooth0.01,4,,0.20000606775283813,0.20000606775283813,0.20000606775283813,0.20000606775283813,0.20000606775283813,17.00051575899124,,,
m5b_smooth0.01,5,0.29815908521413803,0.22852493822574615,0.05091147869825363,0.2635139524936676,0.22852493822574615,0.22852493822574615,19.351973332464695,,,
m5b_smooth0.01,6,0.05099721997976303,0.2248140275478363,0.036545172333717346,0.2890121340751648,0.2248140275478363,0.2248140275478363,19.113517805933952,,,
m5b_smooth0.01,7,0.24231272749602795,0.2651994824409485,0.03073039837181568,0.17367057502269745,0.2651994824409485,0.2651995122432709,22.03290061838925,,,
m5b_smooth0.01,8,0.11426255665719509,0.28424352407455444,0.030594568699598312,0.11667594313621521,0.28424352407455444,0.28424352407455444,23.404347848147154,,,
m5b_smooth0.01,9,0.15198040008544922,0.3206983804702759,0.033674221485853195,0.06491902470588684,0.26000940799713135,0.3206983804702759,25.780177306383848,,,
m5b_smooth0.01,10,0.16552099958062172,0.332629531621933,0.08734289556741714,0.0701482817530632,0.17724864184856415,0.332629531621933,26.153113573789597,,,
m5b_smooth0.01,11,0.8042607232928276,0.17717872560024261,0.4235682785511017,0.13605378568172455,0.08602041751146317,0.17717872560024261,14.545098252594471,,,
m5b_smooth0.01,12,0.5217347741127014,0.13010308146476746,0.303570032119751,0.3969208896160126,0.0393022820353508,0.13010308146476746,11.397076703608036,,,
m5b_smooth0.01,13,0.776241036131978,0.06422274559736252,0.07013345509767532,0.785041332244873,0.016378937289118767,0.06422274559736252,7.292393187060952,,,
m5b_smooth0.01,14,0.2646149629727006,0.02713284082710743,0.020375080406665802,0.9173489809036255,0.008009807206690311,0.02713284082710743,4.836320894770324,,,
m5b_smooth0.01,15,0.04923000978305936,0.020637061446905136,0.010243683122098446,0.9419640898704529,0.0065178642980754375,0.020637059584259987,4.408903523813933,,,
m5b_smooth0.01,16,0.0644288151524961,0.034962207078933716,0.009250610135495663,0.910742998123169,0.010100572369992733,0.03494385629892349,5.3991300240159035,,,
m5b_smooth0.01,17,0.5372899528592825,0.1617354452610016,0.012572400271892548,0.6420978903770447,0.02427496388554573,0.15931928157806396,14.043387476354837,,,
m5b_smooth0.01,18,1.1170380776748061,0.45705217123031616,0.006964716129004955,0.09246427565813065,0.020997310057282448,0.4225216805934906,33.76977251563221,,,
m5b_smooth0.01,19,0.35024014371447265,0.6321718096733093,0.0019938477780669928,0.008450456894934177,0.007183681707829237,0.35019949078559875,42.910732441814616,,,
m5b_smooth0.01,20,0.43730585038429126,0.8508245348930359,0.0007840114994905889,0.0013674030778929591,0.0028457390144467354,0.14417719841003418,53.09275926515693,,,
m5b_smooth0.01,21,0.22840905108023435,0.9650303721427917,0.00029038614593446255,0.0002630118397064507,0.0010293490486219525,0.03338839113712311,58.377544669492636,,,
m5b_smooth0.01,22,0.044843042953289114,0.9874506592750549,0.0002179496077587828,0.00012265422265045345,0.0007112700259312987,0.011496508494019508,59.4135554778768,,,
m5b_smooth0.01,23,0.011029596527805552,0.9929538369178772,0.00023011633311398327,9.217949991580099e-05,0.0007058658520691097,0.006018135230988264,59.66693182410381,,,
m5b_smooth0.01,24,0.003072991887165699,0.9941677451133728,0.0003233792958781123,0.00010322080197511241,0.0009235313627868891,0.00448102131485939,59.71989676645171,,,
m5b_smooth0.01,25,0.0013003743006265722,0.9938241243362427,0.0005017283256165683,0.00013325615145731717,0.0013658464886248112,0.004174967296421528,59.698359424524824,,,
m5b_smooth0.01,26,0.005041791489929892,0.9913038015365601,0.0009815298253670335,0.00023963666171766818,0.002472236519679427,0.005003863945603371,59.56728828288033,,,
m5b_smooth0.01,27,0.005190973461139947,0.9887080788612366,0.0015876581892371178,0.00034646279527805746,0.003744542133063078,0.005613854620605707,59.42991753786919,,,
m5b_smooth0.01,28,0.015147816826356575,0.9811336994171143,0.0032816266175359488,0.0006830541533418,0.0066717383451759815,0.00822953600436449,59.03526842658175,,,
m5b_smooth0.01,29,0.02859800885198638,0.9668344855308533,0.007193190976977348,0.0014430584851652384,0.0113932304084301,0.013135270215570927,58.28523789416067,,,
m5b_smooth0.01,30,0.08041570172645152,0.9266275763511658,0.020857667550444603,0.00370956351980567,0.023661643266677856,0.0251446682959795,56.147297798190266,,,
m5b_smooth0.01,31,0.3774482305161655,0.737902820110321,0.10904629528522491,0.01279608253389597,0.08403220027685165,0.05622243881225586,45.79694329481572,,,
m5b_smooth0.01,32,1.1412546811625361,0.1748185008764267,0.2984791100025177,0.024386752396821976,0.4536362588405609,0.048679620027542114,14.717717912048101,,,
m5b_smooth0.01,33,0.9012023936957121,0.01720503345131874,0.056574758142232895,0.01129617728292942,0.9042369723320007,0.01068633422255516,7.602032782509923,,,
m5b_smooth0.01,34,0.14180054259486496,0.0030194451101124287,0.013506151735782623,0.0052031599916517735,0.9751372933387756,0.003133324673399329,7.080109937116504,,,
m5b_smooth0.01,35,0.01995263493154198,0.001306908088736236,0.007283428683876991,0.004275938030332327,0.9851141571998596,0.0020200356375426054,7.022605327423662,,,
m5b_smooth0.01,36,0.005198310129344463,0.0011190640507265925,0.007890930399298668,0.005829162430018187,0.9827028512954712,0.002458469709381461,7.005860795732588,,,
m5b_smooth0.01,37,0.04059728188440204,0.0018651332939043641,0.016832537949085236,0.01338459737598896,0.9624038338661194,0.005513622425496578,6.982911878731102,,,
m5b_smooth0.01,38,0.3700236607110128,0.007406874559819698,0.11277960985898972,0.07410140335559845,0.7773916125297546,0.02831944264471531,6.617709778249264,,,
m5b_smooth0.01,39,1.2861129781231284,0.017058417201042175,0.45920827984809875,0.3257666528224945,0.13433584570884705,0.06363119184970856,4.291200876235962,,,
m5b_smooth0.01,40,0.9151206891983747,0.015962185338139534,0.1274040788412094,0.7833266854286194,0.021018993109464645,0.05228782072663307,4.314277697354555,,,
m5b_smooth0.01,41,0.2385707776993513,0.012989159673452377,0.03058457188308239,0.9026121497154236,0.004893509671092033,0.04892052337527275,4.2369124963879585,,,
m5b_smooth0.01,42,0.2521190366242081,0.021287275478243828,0.018006369471549988,0.791042149066925,0.0029827652033418417,0.16668249666690826,6.022803655127063,,,
m5b_smooth0.01,43,1.3410208246205002,0.020172029733657837,0.006803426891565323,0.13467000424861908,0.001162074040621519,0.8371922969818115,13.349961899686605,,,
m5b_smooth0.01,44,0.2845712924026884,0.007913877256214619,0.0013653617352247238,0.010970852337777615,0.00027239223709329963,0.9794785380363464,14.223716832289938,,,
m5b_smooth0.01,45,0.02885771057481179,0.003820696147158742,0.0003948269004467875,0.001790338079445064,8.770624845055863e-05,0.9939073324203491,14.150324207592348,,,
m5b_smooth0.01,46,0.004336800106102601,0.003005945822224021,0.0002250882243970409,0.0006334682111628354,5.966870958218351e-05,0.9960747361183167,14.127946228814835,,,
m5b_smooth0.01,47,0.001691520526946988,0.003791198367252946,0.0002597575366962701,0.0004828966048080474,8.600363798905164e-05,0.9953800439834595,14.165102990620653,,,
m5b_smooth0.01,48,0.002986589024658315,0.005151011981070042,0.0003419430286157876,0.00047319039003923535,0.00013738733832724392,0.9938965439796448,14.226335560146254,,,
m5b_smooth0.01,49,0.008384212123928592,0.00871314574033022,0.0006176625029183924,0.0006691440939903259,0.0002950826019514352,0.9897038340568542,14.383333094214322,,,
m5b_smooth0.01,50,0.018657247332157567,0.0162819717079401,0.001356917666271329,0.0012183685321360826,0.0007659437833353877,0.9803747534751892,14.712538480875082,,,
m5b_smooth0.01,51,0.03646955091971904,0.030301641672849655,0.0030935590621083975,0.00243968004360795,0.002023976529017091,0.9621408581733704,15.312650949694216,,,
m5b_smooth0.01,52,0.052131288684904575,0.050234828144311905,0.0055911545641720295,0.004015179350972176,0.0040833959355950356,0.9360752701759338,16.165363935288042,,,
m5b_smooth0.01,53,0.14950558776035905,0.10945557802915573,0.011819013394415379,0.007859435863792896,0.009543906897306442,0.8613230586051941,18.728062171489,,,
m5b_smooth0.01,54,0.8646328207105398,0.5115880966186523,0.024731630459427834,0.015019085258245468,0.019654655829072,0.42900577187538147,36.90873808041215,,,
m5b_smooth0.01,55,0.8516153637319803,0.9373959302902222,0.016311893239617348,0.008547063916921616,0.010098770260810852,0.027645885944366455,56.74344269745052,,,
m5b_smooth0.01,56,0.06870995671488345,0.9717506766319275,0.013219686225056648,0.0057983133010566235,0.005906598176807165,0.003323805285617709,58.423534685280174,,,
m5b_smooth0.01,57,0.015938171069137752,0.9658814072608948,0.019410695880651474,0.007109965197741985,0.0063742343336343765,0.001225201296620071,58.055397485615686,,,
m5b_smooth0.01,58,0.07316507492214441,0.9294275641441345,0.04411523416638374,0.01396438479423523,0.01139660645276308,0.0010952994925901294,55.946772675262764,,,
m5b_smooth0.01,59,0.1750922097126022,0.8418819308280945,0.10413160175085068,0.029908953234553337,0.022796135395765305,0.0012814109213650227,50.88428701180965,,,
m5b_smooth0.01,60,0.04455440700985491,0.8196286559104919,0.10752962529659271,0.04126019403338432,0.030323576182127,0.0012569839600473642,49.638892370741814,,,
m5b_smooth0.01,61,0.1315451237023808,0.8854015469551086,0.053276702761650085,0.035595960915088654,0.024749984964728355,0.0009754981729201972,53.471064271987416,,,
m5b_smooth0.01,62,0.049929839151445776,0.910366952419281,0.033893927931785583,0.03417372703552246,0.020622488111257553,0.0009435700485482812,54.91599965165369,,,
m5b_smooth0.01,63,0.03373536840081215,0.8934993743896484,0.037485215812921524,0.04683390259742737,0.020892754197120667,0.0012896308908239007,53.95225349883549,,,
m5b_smooth0.01,64,0.5088273579021916,0.6390851140022278,0.1289862096309662,0.18325172364711761,0.04416763409972191,0.004509033635258675,39.39614813029766,,,
m5b_smooth0.01,65,1.1160636902786791,0.08333302289247513,0.20782670378684998,0.6591909527778625,0.041887883096933365,0.007761158514767885,7.587252336554229,,,
m5b_smooth0.01,66,0.4846134507097304,0.011503352783620358,0.06149790808558464,0.9014977812767029,0.020013825967907906,0.0054870592430233955,3.6731080301105976,,,
m5b_smooth0.01,67,0.0737714497372508,0.004817493725568056,0.032226547598838806,0.937432050704956,0.01908477582037449,0.006437969859689474,3.3572973320260644,,,
m5b_smooth0.01,68,0.031207172898575664,0.003835392417386174,0.028483683243393898,0.926554262638092,0.030154062435030937,0.010973102413117886,3.4029718870297074,,,
m5b_smooth0.01,69,0.2562974726315588,0.006478343158960342,0.05177707597613335,0.7984048128128052,0.10108739137649536,0.042251452803611755,4.1348241828382015,,,
m5b_smooth0.01,70,1.0468466728925705,0.012836448848247528,0.11380680650472641,0.2749824821949005,0.2539140582084656,0.3444612920284271,8.308797679841518,,,
m5b_smooth0.01,71,0.9475517766550183,0.008623658679425716,0.0977696031332016,0.0331706702709198,0.04219968244433403,0.8182368874549866,12.465415336191654,,,
m5b_smooth0.01,72,0.5430633639916778,0.013516921550035477,0.36440813541412354,0.01583106257021427,0.01638065278530121,0.5898639559745789,9.595676569268107,,,
m5b_smooth0.01,73,0.4519629590213299,0.018189474940299988,0.585716724395752,0.008830774575471878,0.007278284057974815,0.3799847960472107,7.07431267760694,,,
m5b_smooth0.01,74,0.5591160743497312,0.03247218206524849,0.3089696168899536,0.007736015133559704,0.0055619641207158566,0.6452599763870239,11.353082004468888,,,
m5b_smooth0.01,75,0.12762427516281605,0.06770520657300949,0.33562979102134705,0.009157893247902393,0.006058966275304556,0.5814477801322937,12.608097550924867,,,
m5b_smooth0.01,76,0.25648864451795816,0.14034199714660645,0.20738545060157776,0.010832368396222591,0.006940413732081652,0.6344993710517883,17.59197647543624,,,
m5b_smooth0.01,77,0.268525549210608,0.2746048867702484,0.07936134189367294,0.010567010380327702,0.006754653062671423,0.6287119388580322,25.436605294700712,,,
m5b_smooth0.01,78,0.5594132519327104,0.5543113946914673,0.02995719201862812,0.009194040670990944,0.006075412966310978,0.4004615545272827,38.96521264966577,,,
m5b_smooth0.01,79,0.3994774678722024,0.7540501356124878,0.012498022988438606,0.007245040964335203,0.004949899856001139,0.22125650942325592,48.4094817135483,,,
m5b_smooth0.01,80,0.2064560018479824,0.8572784066200256,0.007357421796768904,0.006813472136855125,0.004751524422317743,0.12379932403564453,53.23095344286412,,,
m5b_smooth0.01,81,0.1415379922837019,0.9280473589897156,0.004863087087869644,0.006253964267671108,0.00432117935270071,0.056514471769332886,56.52791737951338,,,
m5b_smooth0.01,82,0.04015680868178606,0.9443307518959045,0.005066571291536093,0.00845026783645153,0.005715980660170317,0.03643564507365227,57.24037338420749,,,
m5b_smooth0.01,83,0.024027304258197546,0.9378628730773926,0.0069439043290913105,0.014858481474220753,0.009444712661206722,0.03089049831032753,56.82187169836834,,,
m5b_smooth0.01,84,0.09438028512522578,0.8906733393669128,0.013266107067465782,0.037483684718608856,0.02191353403031826,0.03666502237319946,54.23282257467508,,,
m5b_smooth0.01,85,0.37070194631814957,0.7053218483924866,0.032732609659433365,0.13380110263824463,0.07133907079696655,0.05680602043867111,44.04810460284352,,,
m5b_smooth0.01,86,0.04407888650894165,0.6975971460342407,0.033916715532541275,0.14452947676181793,0.08146576583385468,0.04249101132154465,43.488468427211046,,,
m5b_smooth0.01,87,0.347849827259779,0.8715218901634216,0.01961769536137581,0.05604567006230354,0.03271438926458359,0.020100131630897522,52.989470683038235,,,
m5b_smooth0.01,88,0.13674797303974628,0.9398959875106812,0.012516484595835209,0.024411359801888466,0.012429557740688324,0.0107466084882617,56.71696923766285,,,
m5b_smooth0.01,89,0.03524482296779752,0.9575186967849731,0.010953688062727451,0.016804292798042297,0.006762219127267599,0.007961696945130825,57.67128766467795,,,
m5b_smooth0.01,90,0.022437191102653742,0.9464402794837952,0.015883848071098328,0.021548600867390633,0.00662201177328825,0.009505795314908028,57.04638163652271,,,
m5b_smooth0.01,91,0.13498479407280684,0.878947913646698,0.038636524230241776,0.053308721631765366,0.011467846110463142,0.01763959228992462,53.262666722759604,,,
m5b_smooth0.01,92,0.7161807101219893,0.520857572555542,0.13807708024978638,0.27063146233558655,0.029524780809879303,0.04090972989797592,32.980835504829884,,,
m5b_smooth0.01,93,0.6207033023238182,0.21385036408901215,0.13488252460956573,0.5724063515663147,0.038101281970739365,0.040759582072496414,15.520466547459364,,,
m5b_smooth0.01,94,0.6788907200098038,0.5443805456161499,0.07905475795269012,0.2887886166572571,0.04551120847463608,0.04226469248533249,34.51853749901056,,,
m5b_smooth0.01,95,0.7490509450435638,0.9189060926437378,0.01714017614722252,0.030108151957392693,0.01687951572239399,0.01696603372693062,55.597511272877455,,,
m5b_smooth0.01,96,0.11677431035786867,0.9772929549217224,0.00464149983599782,0.00466886255890131,0.006244021002203226,0.007152046076953411,58.80006217490882,,,
m5b_smooth0.01,97,0.024650181061588228,0.9896186590194702,0.0019210788886994123,0.0012856695102527738,0.003144556889310479,0.004030647221952677,59.46133858792018,,,
m5b_smooth0.01,98,0.005067734979093075,0.9921520948410034,0.0013236115919426084,0.0006687333807349205,0.002474066335707903,0.0033812420442700386,59.59711135516409,,,
m5b_smooth0.01,99,0.0005547617911361158,0.992330014705658,0.0012144030770286918,0.0005021512624807656,0.002486034296452999,0.0034703253768384457,59.60850853455486,,,
m5b_smooth0.01,100,0.004673833784181625,0.9899915456771851,0.0015354466158896685,0.0005618433933705091,0.003352136816829443,0.004558851942420006,59.49000260233879,,,
m5b_smooth0.01,101,0.007023406738881022,0.9864798188209534,0.0020545038860291243,0.0006940982420928776,0.004738794174045324,0.0060325623489916325,59.31055335997371,,,
m5b_smooth0.01,102,0.01784462103387341,0.9775575399398804,0.0034407421480864286,0.001138830790296197,0.008281505666673183,0.00958122219890356,58.85241728136316,,,
m5b_smooth0.01,103,0.022788714501075447,0.9661630988121033,0.005260419566184282,0.0017190411454066634,0.013004138134419918,0.013852975331246853,58.265174093306996,,,
m5b_smooth0.01,104,0.027120377984829247,0.9526031017303467,0.007827503606677055,0.002610369585454464,0.01789281517267227,0.01906626671552658,57.56402215640992,,,
m5b_smooth0.01,105,0.018885514000430703,0.9431606531143188,0.010801726952195168,0.003724216716364026,0.019180817529559135,0.023133259266614914,57.06974491639994,,,
m5b_smooth0.01,106,0.014175261603668332,0.9374688267707825,0.014714538119733334,0.0050637624226510525,0.017784493044018745,0.024968013167381287,56.752079067286104,,,
m5b_smooth0.01,107,0.04368719132617116,0.9156255125999451,0.025975339114665985,0.008539541624486446,0.02054915949702263,0.029310643672943115,55.54331784788519,,,
m5b_smooth0.01,108,0.11555725242942572,0.8578464984893799,0.059044819325208664,0.017290230840444565,0.030353279784321785,0.03546459227800369,52.29068267159164,,,
m5b_smooth0.01,109,0.4199038352817297,0.6478943824768066,0.18955442309379578,0.046588074415922165,0.06915197521448135,0.04681016877293587,40.34238778427243,,,
m5b_smooth0.01,110,0.2310831919312477,0.5391596555709839,0.19106419384479523,0.08510545641183853,0.14466717839241028,0.04000405967235565,34.368686981499195,,,
m5b_smooth0.01,111,0.3241796512156725,0.6668063402175903,0.05542169138789177,0.0757259875535965,0.17910988628864288,0.0229357723146677,41.86585008352995,,,
m5b_smooth0.01,112,0.42235467582941055,0.8779840469360352,0.012540271505713463,0.03600039333105087,0.06360797584056854,0.009867727756500244,53.38298828713596,,,
m5b_smooth0.01,113,0.1715249507687986,0.9637464880943298,0.0032112877815961838,0.01491531077772379,0.014211062341928482,0.003916197922080755,58.02705071307719,,,
m5b_smooth0.01,114,0.03950972645543516,0.983501136302948,0.0012972215190529823,0.00851624459028244,0.0044923205859959126,0.0021929938811808825,59.099062291905284,,,
m5b_smooth0.01,115,0.00482560321688652,0.985913872718811,0.0009937318973243237,0.00825884472578764,0.0027382876724004745,0.0020950494799762964,59.22910133562982,,,
m5b_smooth0.01,116,0.006939254002645612,0.9826584458351135,0.001075010048225522,0.011139309965074062,0.002524484181776643,0.0026033297181129456,59.04811769537628,,,
m5b_smooth0.01,117,0.03615741024259478,0.9645790457725525,0.001847382285632193,0.02484705112874508,0.003936323337256908,0.004789387341588736,58.04573696816806,,,
m5b_smooth0.01,118,0.1299745257711038,0.8995928764343262,0.004110509064048529,0.0771738588809967,0.008394931443035603,0.010729201138019562,54.42017800780013,,,
m5b_smooth0.01,119,0.46470844047144055,0.6672378182411194,0.009108145721256733,0.2817313075065613,0.01893971860408783,0.022982710972428322,41.342907146550715,,,
m5b_smooth0.1,4,,0.20000606775283813,0.20000606775283813,0.20000606775283813,0.20000606775283813,0.20000606775283813,17.00051575899124,,,
m5b_smooth0.1,5,0.04166895151138306,0.20375944674015045,0.1791561245918274,0.2095649391412735,0.20375944674015045,0.20375944674015045,17.312366127967834,,,
m5b_smooth0.1,6,0.026967406272888184,0.19926504790782928,0.1836996078491211,0.2185056507587433,0.19926504790782928,0.1992650330066681,16.979685232043266,,,
m5b_smooth0.1,7,0.20623870939016342,0.23363807797431946,0.09656382352113724,0.20252183079719543,0.23363807797431946,0.23363807797431946,19.6288136318326,,,
m5b_smooth0.1,8,0.054084643721580505,0.23883062601089478,0.06952115148305893,0.21398615837097168,0.23883062601089478,0.23883062601089478,20.05676033347845,,,
m5b_smooth0.1,9,0.06900108978152275,0.256081223487854,0.05689230188727379,0.20193174481391907,0.22901399433612823,0.256081223487854,21.215796034783125,,,
m5b_smooth0.1,10,0.11669759452342987,0.26804080605506897,0.0584811232984066,0.23477217555046082,0.17066481709480286,0.26804080605506897,21.792471017688513,,,
m5b_smooth0.1,11,0.03652786836028099,0.2654399275779724,0.06562646478414536,0.24589069187641144,0.15760256350040436,0.2654399275779724,21.54907112568617,,,
m5b_smooth0.1,12,0.09385015815496445,0.24197734892368317,0.08861038088798523,0.26964062452316284,0.15779371559619904,0.24197734892368317,19.90841208398342,,,
m5b_smooth0.1,13,0.15171436965465546,0.20404893159866333,0.137542262673378,0.2924076318740845,0.16195236146450043,0.20404893159866333,17.24805262684822,,,
m5b_smooth0.1,14,0.09152869880199432,0.18717660009860992,0.1401948183774948,0.33551958203315735,0.1499328315258026,0.18717660009860992,16.04735179245472,,,
m5b_smooth0.1,15,0.06073823571205139,0.19069580733776093,0.11400604248046875,0.3588502109050751,0.145752415060997,0.19069580733776093,16.32231332361698,,,
m5b_smooth0.1,16,0.026649698615074158,0.19792254269123077,0.10630150139331818,0.3534519374370575,0.1455303281545639,0.19679386913776398,16.81583634018898,,,
m5b_smooth0.1,17,0.02708081156015396,0.19674059748649597,0.0994255468249321,0.3625114858150482,0.1500110775232315,0.19131125509738922,16.719830967485905,,,
m5b_smooth0.1,18,0.10614302009344101,0.23109909892082214,0.09314675629138947,0.3194153904914856,0.14631448686122894,0.21002429723739624,18.881880432367325,,,
m5b_smooth0.1,19,0.061194732785224915,0.23746562004089355,0.0973397046327591,0.3063322603702545,0.12880012392997742,0.2300620675086975,19.386743500828743,,,
m5b_smooth0.1,20,0.05699855089187622,0.22266261279582977,0.11068457365036011,0.3214869201183319,0.12546205520629883,0.21970412135124207,18.388994187116623,,,
m5b_smooth0.1,21,0.048663780093193054,0.23685382306575775,0.11730166524648666,0.32501038908958435,0.11938057094812393,0.20145359635353088,18.959576562047005,,,
m5b_smooth0.1,22,0.055315203964710236,0.25288599729537964,0.12073901295661926,0.3293522000312805,0.12322699278593063,0.173796147108078,19.577690459787846,,,
m5b_smooth0.1,23,0.13745851814746857,0.241520494222641,0.11009002476930618,0.39477595686912537,0.12653252482414246,0.12708140909671783,18.45051494985819,,,
m5b_smooth0.1,24,0.0838157907128334,0.21841566264629364,0.1099683940410614,0.433857798576355,0.12935848534107208,0.1083998829126358,16.93958930671215,,,
m5b_smooth0.1,25,0.018680177628993988,0.21424147486686707,0.10979441553354263,0.42886579036712646,0.1331394612789154,0.11395891010761261,16.77828124910593,,,
m5b_smooth0.1,26,0.09722409397363663,0.25181981921195984,0.11343040317296982,0.3826524615287781,0.1307402402162552,0.12135612219572067,18.98474433273077,,,
m5b_smooth0.1,27,0.2610260844230652,0.3823334872722626,0.10365854203701019,0.27736303210258484,0.11541006714105606,0.12123516947031021,26.380919717252254,,,
m5b_smooth0.1,28,0.11742176860570908,0.3958314061164856,0.11950479447841644,0.23324330151081085,0.10081832855939865,0.15060129761695862,27.383265532553196,,,
m5b_smooth0.1,29,0.058448731899261475,0.416738361120224,0.12782248854637146,0.23084954917430878,0.08451319485902786,0.14007610082626343,28.37733057886362,,,
m5b_smooth0.1,30,0.13599342107772827,0.3706265091896057,0.143411323428154,0.2832576036453247,0.08012992143630981,0.12257469445466995,25.50772985816002,,,
m5b_smooth0.1,31,0.18101134151220322,0.28318625688552856,0.1417936086654663,0.37060248851776123,0.07868219912052155,0.12573546171188354,20.555848345160484,,,
m5b_smooth0.1,32,0.1685292273759842,0.23439037799835205,0.11003279685974121,0.45029446482658386,0.08325472474098206,0.1220274269580841,17.815505921840668,,,
m5b_smooth0.1,33,0.040723398327827454,0.231914222240448,0.09214741736650467,0.4617825150489807,0.0878433808684349,0.12631258368492126,17.77562813460827,,,
m5b_smooth0.1,34,0.033552274107933044,0.2455494999885559,0.07964666187763214,0.46319445967674255,0.08356823027133942,0.12804172933101654,18.579761862754822,,,
m5b_smooth0.1,35,0.11313959211111069,0.30098074674606323,0.08078502118587494,0.4158304035663605,0.07626169174909592,0.12614233791828156,21.686945609748363,,,
m5b_smooth0.1,36,0.21019504964351654,0.4044669568538666,0.08239640295505524,0.31665703654289246,0.07114478200674057,0.12533515691757202,27.55309059470892,,,
m5b_smooth0.1,37,0.06647336483001709,0.43523725867271423,0.0848625898361206,0.2880029082298279,0.0703217014670372,0.1215754896402359,29.25741560012102,,,
m5b_smooth0.1,38,0.03941825032234192,0.4391237795352936,0.10029043257236481,0.27618607878685,0.07071641832590103,0.11368314921855927,29.362854458391666,,,
m5b_smooth0.1,39,0.05981644243001938,0.44396308064460754,0.12535913288593292,0.25841575860977173,0.06806828826665878,0.10419315844774246,29.473573483526707,,,
m5b_smooth0.1,40,0.048408858478069305,0.4364555776119232,0.12738339602947235,0.2783457934856415,0.07031870633363724,0.08749651908874512,28.866937644779682,,,
m5b_smooth0.1,41,0.04681842774152756,0.44664156436920166,0.12342268228530884,0.2915692627429962,0.06863074004650116,0.06973622739315033,29.25334669649601,,,
m5b_smooth0.1,42,0.02266526222229004,0.4415445923805237,0.12657319009304047,0.2941713035106659,0.07421037554740906,0.06350012123584747,28.910236969590187,,,
m5b_smooth0.1,43,0.0434718057513237,0.42931067943573,0.11841750144958496,0.3159070909023285,0.07299908250570297,0.06336499750614166,28.222883082926273,,,
m5b_smooth0.1,44,0.09122354537248611,0.4632275402545929,0.11797694116830826,0.2732810378074646,0.07045415043830872,0.07506013661623001,30.275493435561657,,,
m5b_smooth0.1,45,0.20138438045978546,0.5611200928688049,0.09448578208684921,0.21621538698673248,0.05031926929950714,0.0778602734208107,35.85261622816324,,,
m5b_smooth0.1,46,0.06228780746459961,0.5719874501228333,0.10474248230457306,0.1895463913679123,0.045844025909900665,0.08787978440523148,36.54385382682085,,,
m5b_smooth0.1,47,0.03399674594402313,0.5609477758407593,0.11651588976383209,0.19477114081382751,0.04453950375318527,0.08322539180517197,35.834627874195576,,,
m5b_smooth0.1,48,0.06825032085180283,0.5455446839332581,0.12356778234243393,0.2218445986509323,0.041588082909584045,0.06745493412017822,34.7572682723403,,,
m5b_smooth0.1,49,0.24725322052836418,0.4261840283870697,0.16234172880649567,0.30168038606643677,0.0466049499809742,0.06318897008895874,27.84930482134223,,,
m5b_smooth0.1,50,0.079144187271595,0.4221424162387848,0.1343173384666443,0.3388914167881012,0.0489657036960125,0.05568256974220276,27.60185246542096,,,
m5b_smooth0.1,51,0.05588597059249878,0.4273487627506256,0.10939987003803253,0.36152639985084534,0.0490676611661911,0.0526573546230793,27.915581427514553,,,
m5b_smooth0.1,52,0.07622913271188736,0.4412367343902588,0.08488820493221283,0.38575291633605957,0.04189286008477211,0.046229176223278046,28.656809505075216,,,
m5b_smooth0.1,53,0.0870191678404808,0.4709509015083313,0.09041833132505417,0.34224286675453186,0.04426027834415436,0.05212658271193504,30.4137951284647,,,
m5b_smooth0.1,54,0.16282757744193077,0.5444025993347168,0.09450241923332214,0.26121658086776733,0.04387366771697998,0.05600547790527344,34.63350048661232,,,
m5b_smooth0.1,55,0.016115620732307434,0.5366241335868835,0.09998182207345963,0.2612592279911041,0.04640921205282211,0.05572591722011566,34.18623484671116,,,
m5b_smooth0.1,56,0.10426487028598785,0.49517369270324707,0.09978579729795456,0.3133915066719055,0.046292949467897415,0.04535605385899544,31.709417279809713,,,
m5b_smooth0.1,57,0.03546668589115143,0.5129067301750183,0.09773340076208115,0.3087828755378723,0.043416354805231094,0.03716002777218819,32.62264071032405,,,
m5b_smooth0.1,58,0.09022914245724678,0.47494596242904663,0.09450583904981613,0.35239991545677185,0.044914357364177704,0.033234257251024246,30.428143434226513,,,
m5b_smooth0.1,59,0.06564785540103912,0.5077693462371826,0.0873788520693779,0.33537161350250244,0.04172453656792641,0.027754895389080048,32.24029475823045,,,
m5b_smooth0.1,60,0.017065880820155144,0.5032134652137756,0.08367031067609787,0.34284740686416626,0.04278256744146347,0.027487261220812798,31.989320073276758,,,
m5b_smooth0.1,61,0.07768199034035206,0.5412617325782776,0.07695483416318893,0.31338557600975037,0.040118493139743805,0.028279602527618408,34.16955940425396,,,
m5b_smooth0.1,62,0.1858235877007246,0.6328574419021606,0.07706031948328018,0.22324787080287933,0.037344563752412796,0.029490360990166664,39.39252744615078,,,
m5b_smooth0.1,63,0.044899385422468185,0.6435900330543518,0.08869839459657669,0.2049344927072525,0.03320819512009621,0.029569333419203758,39.96533188968897,,,
m5b_smooth0.1,64,0.10829972289502621,0.5905572772026062,0.1098184734582901,0.23447999358177185,0.032090384513139725,0.03305291011929512,36.93406851962209,,,
m5b_smooth0.1,65,0.029071105644106865,0.580629289150238,0.114674873650074,0.24415944516658783,0.029768649488687515,0.030767379328608513,36.32403441518545,,,
m5b_smooth0.1,66,0.031560445204377174,0.5700163841247559,0.11868102103471756,0.2559339702129364,0.028769755735993385,0.026599405333399773,35.66124594397843,,,
m5b_smooth0.1,67,0.09615752659738064,0.529228925704956,0.11223463714122772,0.30124935507774353,0.03153253346681595,0.02575388364493847,33.35100034996867,,,
m5b_smooth0.1,68,0.08951691724359989,0.5498859882354736,0.07173888385295868,0.3253510594367981,0.03040005825459957,0.02262396179139614,34.570487229153514,,,
m5b_smooth0.1,69,0.13569563813507557,0.6170318722724915,0.06026957184076309,0.26965832710266113,0.031102187931537628,0.021938381716609,38.41600954905152,,,
m5b_smooth0.1,70,0.11056839302182198,0.6662371158599854,0.06348614394664764,0.21437397599220276,0.03244023770093918,0.023462558165192604,41.23639250174165,,,
m5b_smooth0.1,71,0.054599110037088394,0.6861025094985962,0.07026214897632599,0.18841101229190826,0.031103605404496193,0.024120673537254333,42.357060423120856,,,
m5b_smooth0.1,72,0.020792249590158463,0.691053569316864,0.07381603866815567,0.17987008392810822,0.029248764738440514,0.026012204587459564,42.64555266685784,,,
m5b_smooth0.1,73,0.011509450152516365,0.6937178373336792,0.0769060030579567,0.17700430750846863,0.026602210476994514,0.025769317522644997,42.777975084260106,,,
m5b_smooth0.1,74,0.3370126225054264,0.5252114534378052,0.1176016554236412,0.2924814522266388,0.03322456777095795,0.03148040175437927,33.181030817329884,,,
m5b_smooth0.1,75,0.03604772128164768,0.5235327482223511,0.10582101345062256,0.31050607562065125,0.03199160471558571,0.028149614110589027,33.06733996421099,,,
m5b_smooth0.1,76,0.02687188796699047,0.5341516137123108,0.09374353289604187,0.3129385709762573,0.03237581625580788,0.02679077908396721,33.68335768952966,,,
m5b_smooth0.1,77,0.11679422482848167,0.5925477147102356,0.07727952301502228,0.27529868483543396,0.03013996034860611,0.024732407182455063,37.01327188313007,,,
m5b_smooth0.1,78,0.08775394782423973,0.6289384961128235,0.0812014788389206,0.23142240941524506,0.03173850104212761,0.026698801666498184,39.10773120447993,,,
m5b_smooth0.1,79,0.1017609816044569,0.6792629957199097,0.07071840018033981,0.19398464262485504,0.028779136016964912,0.027255073189735413,41.991477048024535,,,
m5b_smooth0.1,80,0.08962742611765862,0.6344490051269531,0.08352792263031006,0.21981388330459595,0.030106795951724052,0.032102085649967194,39.470086650922894,,,
m5b_smooth0.1,81,0.022643230855464935,0.6457703709602356,0.0796208530664444,0.2196318805217743,0.02586176060140133,0.02911432832479477,40.07337167300284,,,
m5b_smooth0.1,82,0.08070986531674862,0.6054159998893738,0.08174601942300797,0.2556012272834778,0.026799175888299942,0.0304378941655159,37.78723444417119,,,
m5b_smooth0.1,83,0.03334059752523899,0.60537189245224,0.07014241814613342,0.2722710967063904,0.024861842393875122,0.027352208271622658,37.76623306795955,,,
m5b_smooth0.1,84,0.04939339496195316,0.5850269794464111,0.06783406436443329,0.2963869571685791,0.025443153455853462,0.025309251621365547,36.59104529954493,,,
m5b_smooth0.1,85,0.02463524043560028,0.5969181060791016,0.06421972811222076,0.28850898146629333,0.025869186967611313,0.024483483284711838,37.26868611201644,,,
m5b_smooth0.1,86,0.17993819899857044,0.6868873834609985,0.04778270050883293,0.22499099373817444,0.02041001059114933,0.01992875337600708,42.35787131078541,,,
m5b_smooth0.1,87,0.042216116562485695,0.7043986916542053,0.048722200095653534,0.20388297736644745,0.02121577598154545,0.021780280396342278,43.377726988866925,,,
m5b_smooth0.1,88,0.048474475741386414,0.7222987413406372,0.05260622128844261,0.179645836353302,0.021245712414383888,0.024203607812523842,44.4170387070626,,,
m5b_smooth0.1,89,0.022479413077235222,0.7117287516593933,0.057692162692546844,0.18513436615467072,0.020576123148202896,0.02486897073686123,43.809018813073635,,,
m5b_smooth0.1,90,0.04984387382864952,0.6872614026069641,0.06462660431861877,0.20312127470970154,0.020386096090078354,0.024603823199868202,42.39683078229427,,,
m5b_smooth0.1,91,0.040309082716703415,0.6698002815246582,0.06595827639102936,0.2219443917274475,0.01993371546268463,0.022363031283020973,41.37242678925395,,,
m5b_smooth0.1,92,0.030539724975824356,0.6560662388801575,0.06844062358140945,0.2343197464942932,0.020346082746982574,0.020827418193221092,40.56938062980771,,,
m5b_smooth0.1,93,0.0232651736587286,0.6676983833312988,0.061560217291116714,0.2332587093114853,0.019227948039770126,0.01825396716594696,41.21339052170515,,,
m5b_smooth0.1,94,0.077509013004601,0.706453263759613,0.050240110605955124,0.21099188923835754,0.01681291125714779,0.015501798130571842,43.40512715652585,,,
m5b_smooth0.1,95,0.07320471946150064,0.7430556416511536,0.04521876946091652,0.18201537430286407,0.015457529574632645,0.014252694323658943,45.482343818992376,,,
m5b_smooth0.1,96,0.0367401447147131,0.7538446187973022,0.05161259323358536,0.16364513337612152,0.015744399279356003,0.015152927488088608,46.09557690098882,,,
m5b_smooth0.1,97,0.03034321404993534,0.7557511329650879,0.06377199292182922,0.14849834144115448,0.015720082446932793,0.016259118914604187,46.192003237083554,,,
m5b_smooth0.1,98,0.04367179982364178,0.7339152693748474,0.07736968249082565,0.15530438721179962,0.01618717610836029,0.017224226146936417,44.9326484054327,,,
m5b_smooth0.1,99,0.0502284225076437,0.7093859910964966,0.08661776781082153,0.17117010056972504,0.016156267374753952,0.01666978932917118,43.509758457541466,,,
m5b_smooth0.1,100,0.0038923658430576324,0.709696352481842,0.0878358855843544,0.16960540413856506,0.01657422073185444,0.016288552433252335,43.522492526099086,,,
m5b_smooth0.1,101,0.04379318282008171,0.698041558265686,0.07824143767356873,0.19150176644325256,0.01650545559823513,0.015709739178419113,42.87071477063,,,
m5b_smooth0.1,102,0.14870985224843025,0.6236863136291504,0.07912461459636688,0.2587572932243347,0.0198716651648283,0.01855943351984024,38.675509037449956,,,
m5b_smooth0.1,103,0.08029012195765972,0.6638317704200745,0.05084576830267906,0.2501544952392578,0.018412543460726738,0.01675553433597088,40.9946807641536,,,
m5b_smooth0.1,104,0.08111893199384212,0.7043915390968323,0.043900348246097565,0.21838735044002533,0.017245974391698837,0.016075504943728447,43.3083336353302,,,
m5b_smooth0.1,105,0.02166002243757248,0.7084782123565674,0.04929633438587189,0.20761330425739288,0.017189549282193184,0.017422396689653397,43.54506938718259,,,
m5b_smooth0.1,106,0.1149322371929884,0.6510119438171387,0.06264974176883698,0.24825997650623322,0.018030473962426186,0.02004736103117466,40.275022672489285,,,
m5b_smooth0.1,107,0.06408675946295261,0.6189690232276917,0.07945247739553452,0.2603006362915039,0.019988007843494415,0.02129027061164379,38.43647562339902,,,
m5b_smooth0.1,108,0.05954067036509514,0.5903860926628113,0.08226427435874939,0.28690019249916077,0.02034691907465458,0.020102795213460922,36.78999797813594,,,
m5b_smooth0.1,109,0.19675448164343834,0.5013502836227417,0.07363361865282059,0.3849191963672638,0.02070489525794983,0.019391758367419243,31.725827109068632,,,
m5b_smooth0.1,110,0.03573726303875446,0.5110971331596375,0.05677983537316322,0.3929370939731598,0.02080872468650341,0.018376855179667473,32.30435615219176,,,
m5b_smooth0.1,111,0.062090108171105385,0.5421417951583862,0.043900277465581894,0.3761681020259857,0.02047165483236313,0.01731702871620655,34.08665227890015,,,
m5b_smooth0.1,112,0.09677187725901604,0.5905281901359558,0.03788118064403534,0.33439475297927856,0.02017895318567753,0.017016693949699402,36.852243235334754,,,
m5b_smooth0.1,113,0.16695171035826206,0.6740046143531799,0.037163808941841125,0.25282374024391174,0.019025756046175957,0.016982989385724068,41.60685403458774,,,
m5b_smooth0.1,114,0.04628581739962101,0.693712592124939,0.039389606565237045,0.22997917234897614,0.018727153539657593,0.018191860988736153,42.73785877972841,,,
m5b_smooth0.1,115,0.02715933322906494,0.6801328063011169,0.046557582914829254,0.23287947475910187,0.020909955725073814,0.01952032744884491,41.9728186596185,,,
m5b_smooth0.1,116,0.10185604728758335,0.6310665011405945,0.04768439754843712,0.28268101811408997,0.020426016300916672,0.018142882734537125,39.15669999271631,,,
m5b_smooth0.1,117,0.32346659526228905,0.4693323075771332,0.052988201379776,0.4373028576374054,0.02213200367987156,0.01824365369975567,29.935170406475663,,,
m5b_smooth0.1,118,0.0877852514386177,0.4272591173648834,0.05213332176208496,0.480712890625,0.022614944726228714,0.017279446125030518,27.53003589436412,,,
m5b_smooth0.1,119,0.037197789177298546,0.41269031167030334,0.048793405294418335,0.49931204319000244,0.022338958457112312,0.01686551794409752,26.700638195499778,,,
m5b_smooth0.3,4,,0.20000606775283813,0.20000606775283813,0.20000606775283813,0.20000606775283813,0.20000606775283813,17.00051575899124,,,
m5b_smooth0.3,5,0.09874580800533295,0.18762129545211792,0.2493639886379242,0.1877724975347519,0.18762129545211792,0.18762129545211792,16.01000641286373,,,
m5b_smooth0.3,6,0.14941611886024475,0.16874246299266815,0.3240719139575958,0.16970080137252808,0.16874246299266815,0.16874246299266815,14.5013138204813,,,
m5b_smooth0.3,7,0.3462131768465042,0.2130310833454132,0.15096551179885864,0.20994171500205994,0.2130310833454132,0.2130310833454132,18.03630840778351,,,
m5b_smooth0.3,8,0.10059642791748047,0.2177431434392929,0.10066738724708557,0.24610383808612823,0.2177431434392929,0.2177431434392929,18.476173520088196,,,
m5b_smooth0.3,9,0.09810198098421097,0.23733732104301453,0.07276111096143723,0.224958598613739,0.22760523855686188,0.23733733594417572,19.90383554250002,,,
m5b_smooth0.3,10,0.08926037698984146,0.21502241492271423,0.07946467399597168,0.2520650625228882,0.23842576146125793,0.21502241492271423,18.416298896074295,,,
m5b_smooth0.3,11,0.08334732800722122,0.2000553160905838,0.09742853790521622,0.27577468752861023,0.22668612003326416,0.2000553160905838,17.315648831427097,,,
m5b_smooth0.3,12,0.10651381313800812,0.18282930552959442,0.11789772659540176,0.308562308549881,0.2078811228275299,0.18282932043075562,16.028121329843998,,,
m5b_smooth0.3,13,0.06185326725244522,0.18240118026733398,0.1445048749446869,0.31288182735443115,0.17781078815460205,0.18240118026733398,15.82551321387291,,,
m5b_smooth0.3,14,0.008773162961006165,0.18102654814720154,0.14651167392730713,0.3152615427970886,0.1761733740568161,0.18102657794952393,15.721474900841713,,,
m5b_smooth0.3,15,0.0037954002618789673,0.1812075823545456,0.14461402595043182,0.3155103027820587,0.17746032774448395,0.1812075823545456,15.74272832274437,,,
m5b_smooth0.3,16,0.01021672785282135,0.18244528770446777,0.14762316644191742,0.3121185004711151,0.1757439374923706,0.18206927180290222,15.809873297810555,,,
m5b_smooth0.3,17,0.08842961490154266,0.18140873312950134,0.12932896614074707,0.3563331365585327,0.15323269367218018,0.17969629168510437,15.671229302883148,,,
m5b_smooth0.3,18,0.01728253811597824,0.18392948806285858,0.12402594834566116,0.3624536991119385,0.15167337656021118,0.17791740596294403,15.799713648855686,,,
m5b_smooth0.3,19,0.06186152249574661,0.1974499523639679,0.13577239215373993,0.33303123712539673,0.15733720362186432,0.17640908062458038,16.55295079946518,,,
m5b_smooth0.3,20,0.01938764750957489,0.1998066008090973,0.13744673132896423,0.3237558603286743,0.16300015151500702,0.1759907454252243,16.701981857419014,,,
m5b_smooth0.3,21,0.02639487385749817,0.20116481184959412,0.13465455174446106,0.33559510111808777,0.1546892523765564,0.1738964021205902,16.72870296239853,,,
m5b_smooth0.3,22,0.0416567325592041,0.19573867321014404,0.1477421224117279,0.34333619475364685,0.14734621345996857,0.16583751142024994,16.27521975338459,,,
m5b_smooth0.3,23,0.057900696992874146,0.2176751345396042,0.15081459283828735,0.34258684515953064,0.11914472281932831,0.16977843642234802,17.4499943703413,,,
m5b_smooth0.3,24,0.057557836174964905,0.2342066615819931,0.13323627412319183,0.3548343777656555,0.10915294289588928,0.16856975853443146,18.37418632209301,,,
m5b_smooth0.3,25,0.05171102285385132,0.24185878038406372,0.12215755879878998,0.3400574326515198,0.11706481873989105,0.1788611263036728,18.97736617922783,,,
m5b_smooth0.3,26,0.02183733880519867,0.24879750609397888,0.1193404421210289,0.33195599913597107,0.11736901849508286,0.1825369894504547,19.42015978693962,,,
m5b_smooth0.3,27,0.04476529359817505,0.24733635783195496,0.11020652204751968,0.3543386161327362,0.10700354725122452,0.18111485242843628,19.298036605119705,,,
m5b_smooth0.3,28,0.026242263615131378,0.24454936385154724,0.12161105126142502,0.3491591811180115,0.10871979594230652,0.17595979571342468,19.066526137292385,,,
m5b_smooth0.3,29,0.062230609357357025,0.23034852743148804,0.12196038663387299,0.3799252510070801,0.10673744976520538,0.16102777421474457,18.084198772907257,,,
m5b_smooth0.3,30,0.049196697771549225,0.2517877519130707,0.12287452071905136,0.3559733033180237,0.10898265242576599,0.16038158535957336,19.306280307471752,,,
m5b_smooth0.3,31,0.060925230383872986,0.22590425610542297,0.12594670057296753,0.37006092071533203,0.12228559702634811,0.15580259263515472,17.827620305120945,,,
m5b_smooth0.3,32,0.12713531404733658,0.22505468130111694,0.11227141320705414,0.43362879753112793,0.11511111259460449,0.11393450200557709,17.317299500107765,,,
m5b_smooth0.3,33,0.06601119041442871,0.22268794476985931,0.10312658548355103,0.46422579884529114,0.11751952022314072,0.09244028478860855,16.973881296813488,,,
m5b_smooth0.3,34,0.024378113448619843,0.2320258617401123,0.09835556149482727,0.4640835225582123,0.12037031352519989,0.08516418188810349,17.44704857468605,,,
m5b_smooth0.3,35,0.06359917670488358,0.2557128965854645,0.10100305080413818,0.43486568331718445,0.11778867244720459,0.09062935411930084,18.841705560684204,,,
m5b_smooth0.3,36,0.18579234182834625,0.2977707087993622,0.11437197774648666,0.341969758272171,0.13232864439487457,0.1135590597987175,21.522651128470898,,,
m5b_smooth0.3,37,0.02248328924179077,0.293912798166275,0.11607725918292999,0.3364412188529968,0.13047365844249725,0.12309563159942627,21.39682325720787,,,
m5b_smooth0.3,38,0.058842867612838745,0.32333406805992126,0.11516503989696503,0.3179188668727875,0.12704721093177795,0.11653505265712738,22.989786937832832,,,
m5b_smooth0.3,39,0.00963003933429718,0.32814881205558777,0.11338717490434647,0.31771430373191833,0.12677863240242004,0.11397076398134232,23.2384999319911,,,
m5b_smooth0.3,40,0.05030234158039093,0.34392932057380676,0.10717283934354782,0.32708507776260376,0.12025665491819382,0.10155601799488068,23.98776814341545,,,
m5b_smooth0.3,41,0.03893813490867615,0.3572896718978882,0.09489419311285019,0.32672813534736633,0.12636524438858032,0.09472241252660751,24.723129399120808,,,
m5b_smooth0.3,42,0.02648138254880905,0.36415621638298035,0.0870448425412178,0.32138174772262573,0.13273932039737701,0.0946773886680603,25.1552217528224,,,
m5b_smooth0.3,43,0.03754463791847229,0.3724842071533203,0.0774458721280098,0.32837480306625366,0.12356622517108917,0.09812891483306885,25.650391094386578,,,
m5b_smooth0.3,44,0.06246937811374664,0.36528480052948,0.07950887829065323,0.304339200258255,0.13177864253520966,0.11908785998821259,25.49929504841566,,,
m5b_smooth0.3,45,0.10419269651174545,0.4091918468475342,0.06637130677700043,0.312529057264328,0.09959983080625534,0.11230845004320145,27.824986405670643,,,
m5b_smooth0.3,46,0.07274729013442993,0.3949819803237915,0.07823607325553894,0.29036515951156616,0.10140471160411835,0.13501232862472534,27.24825595319271,,,
m5b_smooth0.3,47,0.04586946219205856,0.3923683166503906,0.09569855034351349,0.27004384994506836,0.10542169958353043,0.1364673525094986,27.09642393141985,,,
m5b_smooth0.3,48,0.10009436309337616,0.42277780175209045,0.09976333379745483,0.285616934299469,0.09019581973552704,0.10164622217416763,28.377700090408325,,,
m5b_smooth0.3,49,0.12562628835439682,0.3599649667739868,0.12442361563444138,0.31697729229927063,0.09596589207649231,0.10266896337270737,24.78238023072481,,,
m5b_smooth0.3,50,0.0690583884716034,0.3365590274333954,0.12309413403272629,0.35150593519210815,0.09010437875986099,0.09873615205287933,23.38419036567211,,,
m5b_smooth0.3,51,0.0711660236120224,0.36681586503982544,0.12422134727239609,0.31592321395874023,0.09229134023189545,0.1007484421133995,25.137460462749004,,,
m5b_smooth0.3,52,0.11879494041204453,0.4262132942676544,0.11311273276805878,0.2722517251968384,0.08876493573188782,0.09965743869543076,28.519224256277084,,,
m5b_smooth0.3,53,0.02649671584367752,0.4276083707809448,0.1129918098449707,0.2591240704059601,0.09051197022199631,0.10976346582174301,28.717138580977917,,,
m5b_smooth0.3,54,0.040772490203380585,0.44793131947517395,0.11305513232946396,0.24824541807174683,0.08747844398021698,0.10328942537307739,29.792071618139744,,,
m5b_smooth0.3,55,0.06877632439136505,0.413543164730072,0.12489129602909088,0.2557468116283417,0.09608841687440872,0.109730064868927,27.913561441004276,,,
m5b_smooth0.3,56,0.06791291385889053,0.4178122282028198,0.11429798603057861,0.2854346036911011,0.08842643350362778,0.09402929991483688,27.974730722606182,,,
m5b_smooth0.3,57,0.016389191150665283,0.41871556639671326,0.11973416805267334,0.28720301389694214,0.08851267397403717,0.08583427965641022,27.9255458265543,,,
m5b_smooth0.3,58,0.016371972858905792,0.41615214943885803,0.11639829725027084,0.2859675884246826,0.09669903665781021,0.08478338271379471,27.807290643453598,,,
m5b_smooth0.3,59,0.0536055862903595,0.431999146938324,0.10272242873907089,0.2969233989715576,0.08720827102661133,0.08114723861217499,28.65996067970991,,,
m5b_smooth0.3,60,0.014656521379947662,0.43012720346450806,0.09726572781801224,0.29878315329551697,0.08833290636539459,0.08549072593450546,28.616447903215885,,,
m5b_smooth0.3,61,0.0064148083329200745,0.43071895837783813,0.09788519144058228,0.29802316427230835,0.09032919257879257,0.0830434113740921,28.630004294216633,,,
m5b_smooth0.3,62,0.023818552494049072,0.4318365752696991,0.1086769700050354,0.293531209230423,0.08726142346858978,0.07869397848844528,28.612010776996613,,,
m5b_smooth0.3,63,0.045696258544921875,0.45022106170654297,0.10567709058523178,0.27368274331092834,0.08827418088912964,0.08214464783668518,29.707933358848095,,,
m5b_smooth0.3,64,0.05431964993476868,0.4553837776184082,0.1082533597946167,0.24652276933193207,0.09647855907678604,0.09336096048355103,30.15325168520212,,,
m5b_smooth0.3,65,0.10245117545127869,0.43782925605773926,0.09853572398424149,0.29774877429008484,0.08466795831918716,0.08121854811906815,28.991272792220116,,,
m5b_smooth0.3,66,0.035359881818294525,0.4406399428844452,0.09430070966482162,0.31261759996414185,0.08039706945419312,0.07204408198595047,29.041946716606617,,,
m5b_smooth0.3,67,0.07716093212366104,0.4074520766735077,0.09438171237707138,0.34995490312576294,0.08155962824821472,0.06665188074111938,27.095414750277996,,,
m5b_smooth0.3,68,0.02969321608543396,0.40777912735939026,0.088428795337677,0.3644742965698242,0.0779384896159172,0.06137916445732117,27.053477056324482,,,
m5b_smooth0.3,69,0.05656565725803375,0.4239073395729065,0.09469727426767349,0.33619147539138794,0.0787329152226448,0.06647088378667831,28.019434854388237,,,
m5b_smooth0.3,70,0.038989536464214325,0.43529975414276123,0.09745456278324127,0.3189155161380768,0.07651414722204208,0.07181598991155624,28.713209249079227,,,
m5b_smooth0.3,71,0.027437150478363037,0.4333902597427368,0.09262188524007797,0.3326336443424225,0.07031325995922089,0.07104002684354782,28.58069159835577,,,
m5b_smooth0.3,72,0.07471849769353867,0.4659672975540161,0.0964328795671463,0.2971836030483246,0.06840411573648453,0.0720113068819046,30.433008648455143,,,
m5b_smooth0.3,73,0.04146149754524231,0.4825308918952942,0.09617763012647629,0.301351398229599,0.05477254092693329,0.06516802310943604,31.247845448553562,,,
m5b_smooth0.3,74,0.08740945905447006,0.4388258755207062,0.12049935758113861,0.3157554268836975,0.055209867656230927,0.06970938295125961,28.759718604385853,,,
m5b_smooth0.3,75,0.05027449503540993,0.4296150803565979,0.11778000742197037,0.34089261293411255,0.05011788755655289,0.061594199389219284,28.130506671965122,,,
m5b_smooth0.3,76,0.035650741308927536,0.44463565945625305,0.12058523297309875,0.32533469796180725,0.050063539296388626,0.059381525963544846,28.956515032798052,,,
m5b_smooth0.3,77,0.05293906107544899,0.4183809757232666,0.12261659651994705,0.3486192524433136,0.04984840378165245,0.060534849762916565,27.467759620398283,,,
m5b_smooth0.3,78,0.05038605257868767,0.407716304063797,0.13763998448848724,0.3340906500816345,0.05043185502290726,0.07012078911066055,26.93760421127081,,,
m5b_smooth0.3,79,0.14164625108242035,0.47853976488113403,0.1164795458316803,0.29110679030418396,0.04422849416732788,0.06964565813541412,30.986824482679367,,,
m5b_smooth0.3,80,0.05744070187211037,0.49140235781669617,0.12502242624759674,0.26362350583076477,0.042991068214178085,0.07696017622947693,31.778414357453585,,,
m5b_smooth0.3,81,0.08429254963994026,0.5335487723350525,0.11179110407829285,0.2504733204841614,0.03657729923725128,0.06760931760072708,34.078708946704865,,,
m5b_smooth0.3,82,0.061847392469644547,0.5026253461837769,0.1328849494457245,0.2564323842525482,0.03727392479777336,0.07078374922275543,32.31159283593297,,,
m5b_smooth0.3,83,0.06268485635519028,0.4900112450122833,0.12710918486118317,0.2877744436264038,0.03488462045788765,0.06022012233734131,31.478381272405386,,,
m5b_smooth0.3,84,0.1455334909260273,0.4264696538448334,0.11788414418697357,0.3581025302410126,0.03714274987578392,0.060400765389204025,27.885980930179358,,,
m5b_smooth0.3,85,0.03725610673427582,0.43708109855651855,0.10137947648763657,0.3639209270477295,0.039341092109680176,0.05827751010656357,28.50928095728159,,,
m5b_smooth0.3,86,0.07556062564253807,0.42657604813575745,0.08640312403440475,0.40170106291770935,0.0348660945892334,0.05045342072844505,27.836479753255844,,,
m5b_smooth0.3,87,0.052645497024059296,0.4445040822029114,0.08828319609165192,0.37537825107574463,0.035775624215602875,0.05605847015976906,28.919910833239555,,,
m5b_smooth0.3,88,0.03523782268166542,0.42802661657333374,0.08714164048433304,0.3842439651489258,0.03859979659318924,0.06198738515377045,28.059492498636246,,,
m5b_smooth0.3,89,0.051868192851543427,0.40509557723999023,0.08415398001670837,0.40881115198135376,0.03858479857444763,0.06335469335317612,26.773381367325783,,,
m5b_smooth0.3,90,0.009556315839290619,0.40987393260002136,0.08341772109270096,0.4072902500629425,0.03797075152397156,0.06144794076681137,27.02379085868597,,,
m5b_smooth0.3,91,0.06974942609667778,0.4329855144023895,0.06780360639095306,0.41905272006988525,0.0330558717250824,0.04710156098008156,28.1949055865407,,,
m5b_smooth0.3,92,0.07309193722903728,0.41311922669410706,0.06114564463496208,0.45559951663017273,0.030839404091238976,0.039297137409448624,26.981133548542857,,,
m5b_smooth0.3,93,0.049062224105000496,0.4367350935935974,0.06078872084617615,0.43372705578804016,0.031754154711961746,0.03699491545557976,28.30628340318799,,,
m5b_smooth0.3,94,0.05465959198772907,0.41233211755752563,0.06003265455365181,0.46105721592903137,0.030883727595210075,0.03569495305418968,26.89904679171741,,,
m5b_smooth0.3,95,0.09764417074620724,0.36351022124290466,0.061531681567430496,0.5065517425537109,0.03187944367527962,0.036527957767248154,24.126347698271275,,,
m5b_smooth0.3,96,0.039871376007795334,0.3740663528442383,0.06549347192049026,0.48661577701568604,0.034354716539382935,0.03947017341852188,24.762387417256832,,,
m5b_smooth0.3,97,0.049709513783454895,0.3989212214946747,0.06304822862148285,0.4667632579803467,0.03263940289616585,0.038628604263067245,26.167887572199106,,,
m5b_smooth0.3,98,0.050295211374759674,0.37491580843925476,0.06190536916255951,0.48978495597839355,0.03297785669565201,0.04041539132595062,24.8228692188859,,,
m5b_smooth0.3,99,0.03654271177947521,0.36750105023384094,0.055047038942575455,0.5080564618110657,0.031146029010415077,0.03824910148978233,24.382789062336087,,,
m5b_smooth0.3,100,0.02365805394947529,0.3558565676212311,0.05654183775186539,0.5167647004127502,0.030961524695158005,0.039875131100416183,23.733212504535913,,,
m5b_smooth0.3,101,0.20035240426659584,0.25963395833969116,0.05519329756498337,0.6169414520263672,0.029038041830062866,0.03919411078095436,18.236038997769356,,,
m5b_smooth0.3,102,0.0909729152917862,0.28178268671035767,0.06469852477312088,0.5714547634124756,0.03404718637466431,0.0480172373354435,19.596595644950867,,,
m5b_smooth0.3,103,0.008026424795389175,0.2800883948802948,0.06250135600566864,0.5754677057266235,0.03392595797777176,0.048016443848609924,19.50392008572817,,,
m5b_smooth0.3,104,0.25694379583001137,0.3928335905075073,0.07002919912338257,0.4469960033893585,0.037366833537817,0.05277462303638458,25.981445197016,,,
m5b_smooth0.3,105,0.02662118524312973,0.3822479248046875,0.06963209807872772,0.46030646562576294,0.03582387790083885,0.05198962241411209,25.364048842340708,,,
m5b_smooth0.3,106,0.028630699962377548,0.3949538469314575,0.06742861866950989,0.44819432497024536,0.036209896206855774,0.053212761878967285,26.10769034922123,,,
m5b_smooth0.3,107,0.016681265085935593,0.3891034424304962,0.06849247962236404,0.4457041919231415,0.040850523859262466,0.05584900081157684,25.819651279598475,,,
m5b_smooth0.3,108,0.10647065937519073,0.3455122113227844,0.06399553269147873,0.49838367104530334,0.04140666499733925,0.05070213973522186,23.289555836468935,,,
m5b_smooth0.3,109,0.035531822592020035,0.3300778865814209,0.06273916363716125,0.5160048604011536,0.04033147543668747,0.0508468896150589,22.409603722393513,,,
m5b_smooth0.3,110,0.06683489680290222,0.36042532324790955,0.05835412070155144,0.48954662680625916,0.03775716572999954,0.05391676351428032,24.171648245304823,,,
m5b_smooth0.3,111,0.03682738542556763,0.34821394085884094,0.05497419834136963,0.5079600214958191,0.036745425313711166,0.05210581794381142,23.45839014276862,,,
m5b_smooth0.3,112,0.03974546119570732,0.36549943685531616,0.05535748228430748,0.4896954894065857,0.03513728827238083,0.05430983006954193,24.460708800703287,,,
m5b_smooth0.3,113,0.18210924789309502,0.4491371810436249,0.05769485980272293,0.40127918124198914,0.03249909356236458,0.05938945338129997,29.268709268420935,,,
m5b_smooth0.3,114,0.08278187736868858,0.48340892791748047,0.0612226165831089,0.35988882184028625,0.03317241370677948,0.06230814754962921,31.24994571879506,,,
m5b_smooth0.3,115,0.031070157885551453,0.46787330508232117,0.06581350415945053,0.3666311502456665,0.03630954399704933,0.06337233632802963,30.37948477640748,,,
m5b_smooth0.3,116,0.03965271636843681,0.4500204622745514,0.06587165594100952,0.38639935851097107,0.03585277125239372,0.06185559555888176,29.343245204538107,,,
m5b_smooth0.3,117,0.18100041896104813,0.3595203757286072,0.07480882108211517,0.4611358344554901,0.03921207785606384,0.06532298028469086,24.218445137143135,,,
m5b_smooth0.3,118,0.03879276290535927,0.34193941950798035,0.07299347221851349,0.47966092824935913,0.03972513601183891,0.06568128615617752,23.22595538571477,,,
m5b_smooth0.3,119,0.0981489010155201,0.2938911020755768,0.07764284312725067,0.5240476727485657,0.039763301610946655,0.06465498358011246,20.466764867305756,,,
ensemble3,4,,,,,,,,0.33332547545433044,0.33332547545433044,0.33332547545433044
ensemble3,5,0.7102389335632324,,,,,,,0.6884565353393555,0.15577153861522675,0.15577153861522675
ensemble3,6,0.11119140684604645,,,,,,,0.6328610777854919,0.17614564299583435,0.19099338352680206
ensemble3,7,0.25215567648410797,,,,,,,0.5196470022201538,0.3022236227989197,0.17812976241111755
ensemble3,8,0.36868995428085327,,,,,,,0.3429109752178192,0.4865679144859314,0.1705201268196106
ensemble3,9,0.1462474912405014,,,,,,,0.26978784799575806,0.5567246675491333,0.17348773777484894
ensemble3,10,0.42724697291851044,,,,,,,0.34782111644744873,0.3431010842323303,0.3090778589248657
ensemble3,11,0.7955324053764343,,,,,,,0.17959913611412048,0.11355671286582947,0.706843912601471
ensemble3,12,0.4812631569802761,,,,,,,0.02929896116256714,0.023225311189889908,0.9474754929542542
ensemble3,13,0.06034590024501085,,,,,,,0.008804178796708584,0.013547137379646301,0.9776484370231628
ensemble3,14,0.009465805254876614,,,,,,,0.006565790623426437,0.01828063651919365,0.9751545190811157
ensemble3,15,0.05414140224456787,,,,,,,0.00931759923696518,0.042598992586135864,0.9480832815170288
ensemble3,16,0.18500050157308578,,,,,,,0.019122764468193054,0.12529435753822327,0.8555833101272583
ensemble3,17,0.024391647428274155,,,,,,,0.03131800517439842,0.12513135373592377,0.843549907207489
ensemble3,18,0.18286756239831448,,,,,,,0.026987699791789055,0.038028158247470856,0.9349839687347412
ensemble3,19,0.07300045061856508,,,,,,,0.0178514514118433,0.010663694702088833,0.9714837074279785
ensemble3,20,0.011020087637007236,,,,,,,0.01717481017112732,0.0058313533663749695,0.9769948124885559
ensemble3,21,0.01381908543407917,,,,,,,0.024083396419882774,0.00562870129942894,0.9702869653701782
ensemble3,22,0.08053636457771063,,,,,,,0.059425871819257736,0.01055434811860323,0.9300187230110168
ensemble3,23,0.31460476759821177,,,,,,,0.20285752415657043,0.024425620213150978,0.7727168798446655
ensemble3,24,0.7255682740360498,,,,,,,0.5435559749603271,0.04651174321770668,0.4099331796169281
ensemble3,25,0.5530519001185894,,,,,,,0.8037813901901245,0.06281158328056335,0.13340653479099274
ensemble3,26,0.152509655803442,,,,,,,0.8341289162635803,0.10871961712837219,0.057152438908815384
ensemble3,27,0.39685238152742386,,,,,,,0.6556606292724609,0.3071456253528595,0.037194352596998215
ensemble3,28,0.7065303046256304,,,,,,,0.31348031759262085,0.6604110598564148,0.026109794154763222
ensemble3,29,0.06224663369357586,,,,,,,0.3413873016834259,0.6292871832847595,0.029325567185878754
ensemble3,30,0.844027291983366,,,,,,,0.74843829870224,0.20727349817752838,0.04428817704319954
ensemble3,31,0.35839577578008175,,,,,,,0.9150425791740417,0.028075700625777245,0.056881874799728394
ensemble3,32,0.12422447837889194,,,,,,,0.872623860836029,0.008382316678762436,0.11899425089359283
ensemble3,33,0.2748177498579025,,,,,,,0.7385695576667786,0.0050277672708034515,0.2564031481742859
ensemble3,34,0.7589603299275041,,,,,,,0.3594607710838318,0.004656228236854076,0.6358831524848938
ensemble3,35,0.6220345320180058,,,,,,,0.050062697380781174,0.0030362699180841446,0.9468996524810791
ensemble3,36,0.08211855380795896,,,,,,,0.00961332954466343,0.0024269951973110437,0.9879595637321472
ensemble3,37,0.011199986096471548,,,,,,,0.0040130396373569965,0.0031440577004104853,0.9928421974182129
ensemble3,38,0.005673288367688656,,,,,,,0.0032887712586671114,0.005980808287858963,0.9907299280166626
ensemble3,39,0.020944744115695357,,,,,,,0.004757558926939964,0.014984347857534885,0.980257511138916
ensemble3,40,0.06155127566307783,,,,,,,0.009776553139090538,0.0407412014901638,0.9494820833206177
ensemble3,41,0.15999295935034752,,,,,,,0.02290022186934948,0.10761414468288422,0.8694857358932495
ensemble3,42,0.3022464197129011,,,,,,,0.05475964769721031,0.22687821090221405,0.7183628082275391
ensemble3,43,0.16003133729100227,,,,,,,0.1347752958536148,0.22036947309970856,0.6448558568954468
ensemble3,44,0.6079025864601135,,,,,,,0.39600875973701477,0.26308727264404297,0.3409045338630676
ensemble3,45,0.4927845075726509,,,,,,,0.6267284154891968,0.27875950932502747,0.09451191872358322
ensemble3,46,0.212256271392107,,,,,,,0.732856273651123,0.22929976880550385,0.0378432460129261
ensemble3,47,0.25757378898561,,,,,,,0.8616433143615723,0.11651013046503067,0.021846136078238487
ensemble3,48,0.18152159079909325,,,,,,,0.9524039626121521,0.03458584100008011,0.013009482994675636
ensemble3,49,0.046004386618733406,,,,,,,0.97540682554245,0.013600769452750683,0.010993030853569508
ensemble3,50,0.008044806309044361,,,,,,,0.9745191931724548,0.010465669445693493,0.015015104785561562
ensemble3,51,0.05037039425224066,,,,,,,0.9493339657783508,0.01676585152745247,0.03390008956193924
ensemble3,52,0.4096171669661999,,,,,,,0.7445259690284729,0.0753498300909996,0.18012528121471405
ensemble3,53,1.2804035320878029,,,,,,,0.10432364046573639,0.3713664412498474,0.5243098735809326
ensemble3,54,0.87042554654181,,,,,,,0.007152607664465904,0.8065795302391052,0.18626844882965088
ensemble3,55,0.19415695185307413,,,,,,,0.00116585788782686,0.9036575555801392,0.09517627209424973
ensemble3,56,0.17968486505560577,,,,,,,0.0006615478778257966,0.8143199682235718,0.18501923978328705
ensemble3,57,1.1798393294448033,,,,,,,0.0005882326513528824,0.22447311878204346,0.7749384045600891
ensemble3,58,0.41357420026906766,,,,,,,0.0002775749599095434,0.017996447160840034,0.98172527551651
ensemble3,59,0.029473919319570996,,,,,,,0.00021580322936642915,0.003322322852909565,0.9964632987976074
ensemble3,60,0.003732839963049628,,,,,,,0.00031329315970651805,0.001454846584238112,0.9982311725616455
ensemble3,61,0.0007310509972739965,,,,,,,0.0006199708441272378,0.0010897202882915735,0.9982904195785522
ensemble3,62,0.0021919356659054756,,,,,,,0.001557379262521863,0.001248058513738215,0.997194230556488
ensemble3,63,0.0070662416983395815,,,,,,,0.004458929877728224,0.0018797438824549317,0.9936612248420715
ensemble3,64,0.023785796365700662,,,,,,,0.014375773258507252,0.003855722490698099,0.9817682504653931
ensemble3,65,0.06750684650614858,,,,,,,0.04280174896121025,0.009182840585708618,0.948014497756958
ensemble3,66,0.1515314895659685,,,,,,,0.10721445828676224,0.020535891875624657,0.8722487688064575
ensemble3,67,0.35615780390799046,,,,,,,0.2624092102050781,0.04342023283243179,0.6941700577735901
ensemble3,68,0.27365391701459885,,,,,,,0.37185046076774597,0.07080614566802979,0.5573433041572571
ensemble3,69,0.5221221297979355,,,,,,,0.11482268571853638,0.06677310168743134,0.8184046149253845
ensemble3,70,0.22528586350381374,,,,,,,0.02238759957253933,0.04656538739800453,0.9310476779937744
ensemble3,71,0.036878254264593124,,,,,,,0.00772455520927906,0.04278964921832085,0.9494871497154236
ensemble3,72,0.01203073002398014,,,,,,,0.004886869341135025,0.04880421608686447,0.9463086724281311
ensemble3,73,0.007846155669540167,,,,,,,0.004096312914043665,0.05272693559527397,0.9431757926940918
ensemble3,74,0.0011408505961298943,,,,,,,0.004667417611926794,0.052502360194921494,0.9428306221961975
ensemble3,75,0.003790696617215872,,,,,,,0.006562746129930019,0.05199166759848595,0.9414459466934204
ensemble3,76,0.026736505329608917,,,,,,,0.011335263960063457,0.060587167739868164,0.9280774593353271
ensemble3,77,0.12065020110458136,,,,,,,0.025747405365109444,0.10650002211332321,0.8677522540092468
ensemble3,78,0.4694616552442312,,,,,,,0.06960998475551605,0.2973683178424835,0.6330214738845825
ensemble3,79,0.8084166049957275,,,,,,,0.11851070821285248,0.6526762843132019,0.2288135588169098
ensemble3,80,0.2413714975118637,,,,,,,0.16932423412799835,0.7225480675697327,0.10812737047672272
ensemble3,81,0.47275781631469727,,,,,,,0.3957095146179199,0.48616933822631836,0.1181211769580841
ensemble3,82,0.8121047019958496,,,,,,,0.8017612099647522,0.09029830247163773,0.1079392060637474
ensemble3,83,0.2421301230788231,,,,,,,0.9228273630142212,0.013021208345890045,0.06415233016014099
ensemble3,84,0.047393583692610264,,,,,,,0.9465240836143494,0.003922197036445141,0.049554478377103806
ensemble3,85,0.04666056577116251,,,,,,,0.9242083430290222,0.0029071327298879623,0.07288423925638199
ensemble3,86,0.6340765557251871,,,,,,,0.6071704626083374,0.004316661041229963,0.38851338624954224
ensemble3,87,1.165665730717592,,,,,,,0.02677556872367859,0.0018789354944601655,0.9713464975357056
ensemble3,88,0.05291676695924252,,,,,,,0.001512491493485868,0.0006827939068898559,0.9978040456771851
ensemble3,89,0.0029832355794496834,,,,,,,0.00025463852216489613,0.00044991160393692553,0.9992965459823608
ensemble3,90,0.0002976200557895936,,,,,,,0.00010567218851065263,0.0004930055001750588,0.9994021058082581
ensemble3,91,0.000669323759211693,,,,,,,9.337211668025702e-05,0.000826972012873739,0.9990790486335754
ensemble3,92,0.001968971118913032,,,,,,,0.0001420013140887022,0.0017633008537814021,0.9980950355529785
ensemble3,93,0.005525777145521715,,,,,,,0.00030898736440576613,0.004359357059001923,0.9953323006629944
ensemble3,94,0.01462103208177723,,,,,,,0.0008124078740365803,0.011165684089064598,0.9880210161209106
ensemble3,95,0.03811210783896968,,,,,,,0.0023263399489223957,0.028708254918456078,0.9689654111862183
ensemble3,96,0.1023938162252307,,,,,,,0.006962367799133062,0.07526875287294388,0.917768120765686
ensemble3,97,0.21937415236607194,,,,,,,0.01925257220864296,0.17266596853733063,0.8080813884735107
ensemble3,98,0.11016235128045082,,,,,,,0.040483467280864716,0.2065161168575287,0.7530000805854797
ensemble3,99,0.22118866443634033,,,,,,,0.05601347237825394,0.09592209756374359,0.8480647206306458
ensemble3,100,0.12319345027208328,,,,,,,0.06184138357639313,0.034325167536735535,0.9038333296775818
ensemble3,101,0.03810073435306549,,,,,,,0.08089209347963333,0.017269454896450043,0.901839017868042
ensemble3,102,0.09414038620889187,,,,,,,0.1279618889093399,0.014793986454606056,0.8572438955307007
ensemble3,103,0.02829111088067293,,,,,,,0.11602089554071426,0.012589720077812672,0.8713897466659546
ensemble3,104,0.08161905594170094,,,,,,,0.07578354328870773,0.012016932480037212,0.9121986627578735
ensemble3,105,0.03298208490014076,,,,,,,0.0592927560210228,0.014635666273534298,0.9260712265968323
ensemble3,106,0.010316587053239346,,,,,,,0.054400842636823654,0.019793370738625526,0.9258042573928833
ensemble3,107,0.017175018787384033,,,,,,,0.05306381732225418,0.028382008895277977,0.9185549020767212
ensemble3,108,0.014280999079346657,,,,,,,0.0476238951086998,0.035522088408470154,0.9168539047241211
ensemble3,109,0.013241060078144073,,,,,,,0.04406537860631943,0.04214166849851608,0.9137909412384033
ensemble3,110,0.0436725877225399,,,,,,,0.05062350630760193,0.05742086097598076,0.8919556736946106
ensemble3,111,0.17912029847502708,,,,,,,0.0860072448849678,0.11159774661064148,0.8023959994316101
ensemble3,112,0.6323738321661949,,,,,,,0.19589412212371826,0.317897230386734,0.4862085282802582
ensemble3,113,0.7279853820800781,,,,,,,0.2447875440120697,0.6329959034919739,0.12221524119377136
ensemble3,114,0.1687910482287407,,,,,,,0.26497402787208557,0.6972054839134216,0.03782025724649429
ensemble3,115,0.5838458836078644,,,,,,,0.5568967461585999,0.41951775550842285,0.023584820330142975
ensemble3,116,0.7532396521419287,,,,,,,0.9335164427757263,0.05625022202730179,0.01023239828646183
ensemble3,117,0.11011382937431335,,,,,,,0.9885735511779785,0.007085373625159264,0.004340525716543198
ensemble3,118,0.011462741531431675,,,,,,,0.9943052530288696,0.002304990543052554,0.0033898691181093454
ensemble3,119,0.0017578559927642345,,,,,,,0.9948052763938904,0.001426531933248043,0.003769243136048317
amgtp,4,,0.20000606775283813,0.20000606775283813,0.20000606775283813,0.20000606775283813,0.20000606775283813,17.00051575899124,,,
amgtp,5,0.2437247633934021,0.22711876034736633,0.07812868058681488,0.24051536619663239,0.22711876034736633,0.22711876034736633,19.196294367313385,,,
amgtp,6,0.22713326290249825,0.19752264022827148,0.05335013195872307,0.3540817201137543,0.19752264022827148,0.19752264022827148,17.114929150789976,,,
amgtp,7,0.3111627362668514,0.24938301742076874,0.040024951100349426,0.21182529628276825,0.24938301742076874,0.24938301742076874,20.875525251030922,,,
amgtp,8,0.24829308688640594,0.29076531529426575,0.0328078418970108,0.09489621222019196,0.29076531529426575,0.29076531529426575,23.869487017393112,,,
amgtp,9,0.3444269932806492,0.37687206268310547,0.03038480132818222,0.05538568273186684,0.1604853868484497,0.37687206268310547,29.208472196012735,,,
amgtp,10,0.13041584193706512,0.40354660153388977,0.042244475334882736,0.05284316837787628,0.09782081097364426,0.40354660153388977,30.747968170791864,,,
amgtp,11,0.21653154864907265,0.34941327571868896,0.1323745995759964,0.06808789819478989,0.10071085393428802,0.34941327571868896,26.898196674883366,,,
amgtp,12,0.5971094742417336,0.20534804463386536,0.42556387186050415,0.07345367223024368,0.09028688818216324,0.20534804463386536,16.473688408732414,,,
amgtp,13,0.05654644966125488,0.19121135771274567,0.4396976828575134,0.08289461582899094,0.09498520940542221,0.19121135771274567,15.502918466925621,,,
amgtp,14,0.05039229243993759,0.1932322233915329,0.4145011007785797,0.10151240974664688,0.09752139449119568,0.1932322233915329,15.700872622430325,,,
amgtp,15,0.13487841188907623,0.19604341685771942,0.34706181287765503,0.1608469933271408,0.10000354796648026,0.19604341685771942,16.036840476095676,,,
amgtp,16,0.19708222895860672,0.18969666957855225,0.2640160024166107,0.2593887746334076,0.09720242023468018,0.18969665467739105,15.760152608156204,,,
amgtp,17,0.07368458807468414,0.18429610133171082,0.2408341020345688,0.2962309718132019,0.09434306621551514,0.18429608643054962,15.427839770913124,,,
amgtp,18,0.017365485429763794,0.1872367411851883,0.24209685623645782,0.2875482439994812,0.0958818644285202,0.18723665177822113,15.631432235240936,,,
amgtp,19,0.04018617421388626,0.192678302526474,0.2485026717185974,0.26745498180389404,0.09868597239255905,0.1926780790090561,15.999860681593418,,,
amgtp,20,0.011547699570655823,0.19411958754062653,0.25022178888320923,0.2616812586784363,0.09985876828432083,0.19411885738372803,16.099116198718548,,,
amgtp,21,0.00584818422794342,0.19330397248268127,0.24893192946910858,0.2641432583332062,0.10032058507204056,0.19329996407032013,16.04804364591837,,,
amgtp,22,0.027533121407032013,0.1896081268787384,0.24259337782859802,0.27717939019203186,0.10105100274085999,0.18956778943538666,15.811925232410431,,,
amgtp,23,0.043125130236148834,0.186150923371315,0.228596493601799,0.2956453561782837,0.10414805263280869,0.18545976281166077,15.610061012208462,,,
amgtp,24,0.04834812879562378,0.193410724401474,0.2045842856168747,0.30258435010910034,0.11412332206964493,0.1852979063987732,16.110014744102955,,,
amgtp,25,0.1588386818766594,0.23316526412963867,0.16978175938129425,0.2581627070903778,0.15378780663013458,0.1851024180650711,18.602134227752686,,,
amgtp,26,0.29161013662815094,0.3789701461791992,0.12573884427547455,0.16369134187698364,0.1523118019104004,0.17928744852542877,26.931228533387184,,,
amgtp,27,0.562696099281311,0.6603180766105652,0.06997926533222198,0.07949679344892502,0.053838230669498444,0.13636697828769684,42.21355955302715,,,
amgtp,28,0.3183972295373678,0.8195173144340515,0.035055410116910934,0.037256110459566116,0.021512718871235847,0.0866590365767479,50.68167815171182,,,
amgtp,29,0.08839804586023092,0.8637153506278992,0.02601795643568039,0.02616310305893421,0.01446093712002039,0.06964126974344254,53.00363263953477,,,
amgtp,30,0.022502114064991474,0.8524650931358337,0.030963940545916557,0.028787782415747643,0.015731338411569595,0.07205206155776978,52.38408110663295,,,
amgtp,31,0.11188572458922863,0.7965222001075745,0.0525079108774662,0.041748564690351486,0.022827697917819023,0.08639378100633621,49.33839243091643,,,
amgtp,32,0.2628165949136019,0.665114164352417,0.1205858439207077,0.07014641910791397,0.038715660572052,0.10543859004974365,41.985024847090244,,,
amgtp,33,0.29777100682258606,0.5262368321418762,0.1969945728778839,0.11816208064556122,0.0631762370467186,0.09542988240718842,33.90394275635481,,,
amgtp,34,0.12365321069955826,0.5318894386291504,0.1413552165031433,0.15422354638576508,0.08328898251056671,0.0892428457736969,34.349814891815186,,,
amgtp,35,0.04586504399776459,0.5366060733795166,0.11954494565725327,0.16003930568695068,0.0956893339753151,0.08812081813812256,34.69954405725002,,,
amgtp,36,0.027413584291934967,0.5488141179084778,0.1162368506193161,0.1529306322336197,0.0923997089266777,0.0896199643611908,35.40535328537226,,,
amgtp,37,0.021976329386234283,0.5578534603118896,0.1167336255311966,0.1509435474872589,0.08339786529541016,0.0910712480545044,35.899554416537285,,,
amgtp,38,0.008149370551109314,0.5589416027069092,0.11721016466617584,0.15291981399059296,0.07932260632514954,0.09160441160202026,35.950185775756836,,,
amgtp,39,0.01351088285446167,0.5534756183624268,0.11766562610864639,0.1589432954788208,0.0780341699719429,0.09188193082809448,35.63561883568764,,,
amgtp,40,0.02932075411081314,0.539347767829895,0.11919444799423218,0.1706533133983612,0.07750137895345688,0.09330320358276367,34.84077496081591,,,
amgtp,41,0.04788777232170105,0.5159508585929871,0.12291489541530609,0.18693608045578003,0.07695448398590088,0.09724395722150803,33.54087144136429,,,
amgtp,42,0.0636301040649414,0.4841359853744507,0.1280793845653534,0.2063973993062973,0.07779403030872345,0.10359383374452591,31.790302589535713,,,
amgtp,43,0.04478329420089722,0.4689943790435791,0.13022199273109436,0.1991470754146576,0.08281361311674118,0.11882300674915314,31.110543347895145,,,
amgtp,44,0.07844722270965576,0.47119084000587463,0.12323329597711563,0.16691173613071442,0.08537866175174713,0.1532846838235855,31.639055110514164,,,
amgtp,45,0.09508668631315231,0.48778483271598816,0.11076856404542923,0.14226175844669342,0.07495006173849106,0.18423406779766083,32.90857118368149,,,
amgtp,46,0.09592325240373611,0.535746693611145,0.10393479466438293,0.13006149232387543,0.0668962374329567,0.16336053609848022,35.39424205571413,,,
amgtp,47,0.08514200150966644,0.5783177018165588,0.10245638340711594,0.12336202710866928,0.0630769208073616,0.13278673589229584,37.47215732187033,,,
amgtp,48,0.023870930075645447,0.5771449208259583,0.11115120351314545,0.12524446845054626,0.06443516910076141,0.12202409654855728,37.27496339380741,,,
amgtp,49,0.08639854937791824,0.5362284183502197,0.138963982462883,0.13406410813331604,0.07100207358598709,0.11974137276411057,34.88825514167547,,,
amgtp,50,0.11789871752262115,0.4814915060997009,0.166606605052948,0.152359738945961,0.08401305228471756,0.11552879959344864,31.71867074817419,,,
amgtp,51,0.08055394142866135,0.4578862190246582,0.15237417817115784,0.17378082871437073,0.1028689593076706,0.11308956891298294,30.450226485729218,,,
amgtp,52,0.04016389697790146,0.4525004029273987,0.13807885348796844,0.1775818020105362,0.11914994567632675,0.11268877238035202,30.232540868222713,,,
amgtp,53,0.007468923926353455,0.4540717303752899,0.1349591612815857,0.17696726322174072,0.11956537514925003,0.11443670839071274,30.34923631697893,,,
amgtp,54,0.022596806287765503,0.4588720202445984,0.135736882686615,0.17931361496448517,0.10826707631349564,0.11781085282564163,30.613220416009426,,,
amgtp,55,0.018512718379497528,0.45582661032676697,0.13654956221580505,0.18436403572559357,0.10205617547035217,0.12120416015386581,30.45048975944519,,,
amgtp,56,0.02224591374397278,0.44836536049842834,0.13720634579658508,0.19311374425888062,0.09839385002851486,0.12292000651359558,30.02810624986887,,,
amgtp,57,0.038354821503162384,0.4354614317417145,0.13725461065769196,0.21224363148212433,0.09486998617649078,0.12017112970352173,29.248157128691673,,,
amgtp,58,0.0757366418838501,0.41109248995780945,0.13523010909557343,0.2501118779182434,0.08998580276966095,0.1135803610086441,27.771140813827515,,,
amgtp,59,0.08872506022453308,0.38275301456451416,0.13095684349536896,0.2944740355014801,0.08602612465620041,0.10578987747430801,26.062800981104374,,,
amgtp,60,0.010401539504528046,0.38241544365882874,0.13050317764282227,0.29027149081230164,0.091226726770401,0.10558272153139114,26.062989458441734,,,
amgtp,61,0.15445298701524734,0.4471987783908844,0.12293194234371185,0.22061645984649658,0.09755904972553253,0.11169378459453583,29.863334357738495,,,
amgtp,62,0.19719748944044113,0.5457977056503296,0.10198540985584259,0.1719452142715454,0.07834522426128387,0.10192682594060898,35.34107552468777,,,
amgtp,63,0.12233509123325348,0.6069652438163757,0.08891341090202332,0.15136483311653137,0.06546402722597122,0.08729285001754761,38.641270630061626,,,
amgtp,64,0.04988803714513779,0.6319090723991394,0.08374769985675812,0.14204086363315582,0.061000049114227295,0.08130230009555817,39.989647179841995,,,
amgtp,65,0.03218168765306473,0.6158183813095093,0.0880010798573494,0.14806857705116272,0.0637977197766304,0.08431453257799149,39.10829718410969,,,
amgtp,66,0.04356464743614197,0.5940358638763428,0.09374818950891495,0.1554671823978424,0.06788019835948944,0.08886846899986267,37.92162152379751,,,
amgtp,67,0.03466922789812088,0.5767014622688293,0.09925547242164612,0.15846075117588043,0.07252750545740128,0.09305513650178909,36.987189911305904,,,
amgtp,68,0.04566095769405365,0.553870677947998,0.10564912855625153,0.16094672679901123,0.08215668797492981,0.0973764955997467,35.75909774005413,,,
amgtp,69,0.03614263981580734,0.5357990860939026,0.10796050727367401,0.1648046225309372,0.09095420688390732,0.10048075020313263,34.79372949153185,,,
amgtp,70,0.015987537801265717,0.5296053290367126,0.10841664671897888,0.1684236079454422,0.08915485441684723,0.10440005362033844,34.47569194436073,,,
amgtp,71,0.01792372763156891,0.5251782536506653,0.10989727079868317,0.17161202430725098,0.08461986482143402,0.10869267582893372,34.24946507811546,,,
amgtp,72,0.02195695787668228,0.5171895027160645,0.11405786871910095,0.17764300107955933,0.08163000643253326,0.10947944968938828,33.782479375600815,,,
amgtp,73,0.04566500335931778,0.5026972889900208,0.12117151916027069,0.1933620423078537,0.07897816598415375,0.10379119217395782,32.86901883780956,,,
amgtp,74,0.102625772356987,0.46517375111579895,0.12595073878765106,0.23989565670490265,0.07487652450799942,0.09410343319177628,30.59764651209116,,,
amgtp,75,0.18758650869131088,0.40138158202171326,0.11577965319156647,0.33368921279907227,0.06820764392614365,0.08094261586666107,26.81039234250784,,,
amgtp,76,0.22533302754163742,0.32765838503837585,0.09634853154420853,0.4463557004928589,0.06265789270401001,0.06698014587163925,22.471246026456356,,,
amgtp,77,0.029317647218704224,0.3271469175815582,0.09364450722932816,0.43491214513778687,0.07569044083356857,0.06860619783401489,22.51751585304737,,,
amgtp,78,0.1919887214899063,0.37289127707481384,0.10164636373519897,0.33891767263412476,0.10463129729032516,0.08191337436437607,25.371082328259945,,,
amgtp,79,0.09526657313108444,0.40939900279045105,0.10228514671325684,0.3017824590206146,0.09413307905197144,0.09240000694990158,27.524104341864586,,,
amgtp,80,0.03417938947677612,0.4248598515987396,0.10111294686794281,0.2974604070186615,0.08253806829452515,0.09402928501367569,28.37926173210144,,,
amgtp,81,0.00796981155872345,0.4271543323993683,0.10132361203432083,0.2989400029182434,0.08064568787813187,0.09193659573793411,28.47903572022915,,,
amgtp,82,0.0032859444618225098,0.42806342244148254,0.1020575538277626,0.2978416383266449,0.0802968293428421,0.09174090623855591,28.525838308036327,,,
amgtp,83,0.005795285105705261,0.42757076025009155,0.10405711829662323,0.29543614387512207,0.08031533658504486,0.09261996299028397,28.503498002886772,,,
amgtp,84,0.01475284993648529,0.42350879311561584,0.1087343841791153,0.2921223044395447,0.08139437437057495,0.094240702688694,28.28475934267044,,,
amgtp,85,0.027046896517276764,0.4145122766494751,0.11577333509922028,0.2875957190990448,0.08568186312913895,0.09643805772066116,27.79920294135809,,,
amgtp,86,0.015474408864974976,0.4075795114040375,0.11563882231712341,0.2869248688220978,0.0915871411561966,0.09826906025409698,27.4480609446764,,,
amgtp,87,0.015621103346347809,0.4029046297073364,0.11401206254959106,0.2854161858558655,0.09431299567222595,0.10335398465394974,27.25168515741825,,,
amgtp,88,0.01595645397901535,0.40132462978363037,0.11353463679552078,0.2824830412864685,0.09132543206214905,0.11133230477571487,27.2383918389678,,,
amgtp,89,0.013653501868247986,0.4072757959365845,0.11441017687320709,0.28155988454818726,0.08582352846860886,0.11093056946992874,27.5494302585721,,,
amgtp,90,0.03592163324356079,0.4061873257160187,0.11743123084306717,0.296500027179718,0.0801272764801979,0.09975485503673553,27.335629761219025,,,
amgtp,91,0.1565137580037117,0.35345593094825745,0.11410100013017654,0.37475651502609253,0.07271494716405869,0.08497153967618942,24.144332587718964,,,
amgtp,92,0.19193782657384872,0.2954162061214447,0.0971115231513977,0.4707259237766266,0.06420133262872696,0.07254593819379807,20.69931412488222,,,
amgtp,93,0.11949057877063751,0.2594209313392639,0.08625432103872299,0.5304707884788513,0.05941556394100189,0.06443846970796585,18.560970090329647,,,
amgtp,94,0.029658079147338867,0.26294904947280884,0.0889456495642662,0.5156418681144714,0.06602311879396439,0.0664406269788742,18.8051448315382,,,
amgtp,95,0.11842852085828781,0.28640642762184143,0.09881286323070526,0.45642754435539246,0.08313469588756561,0.07521865516901016,20.28748519718647,,,
amgtp,96,0.07550806552171707,0.3010721504688263,0.10462319105863571,0.4186735451221466,0.0902232751250267,0.08540809154510498,21.25224906206131,,,
amgtp,97,0.026676423847675323,0.30900833010673523,0.1045675277709961,0.4145694077014923,0.08104494214057922,0.09081020206212997,21.72743298113346,,,
amgtp,98,0.007366269826889038,0.3121858239173889,0.1047670990228653,0.4136356711387634,0.07829513400793076,0.09111586213111877,21.90051155537367,,,
amgtp,99,0.007298067212104797,0.31441858410835266,0.1061837449669838,0.4117705225944519,0.0777006447315216,0.0899268388748169,22.009490616619587,,,
amgtp,100,0.008546821773052216,0.3158861994743347,0.10891270637512207,0.40806782245635986,0.0777774378657341,0.08935608714818954,22.081715427339077,,,
amgtp,101,0.008801691234111786,0.31634142994880676,0.11187023669481277,0.40380412340164185,0.07876569032669067,0.0892191082239151,22.10419575124979,,,
amgtp,102,0.014025077223777771,0.3169618546962738,0.11371982097625732,0.39679133892059326,0.08225194364786148,0.09027513861656189,22.161420665681362,,,
amgtp,103,0.01996641606092453,0.31905463337898254,0.11230755597352982,0.38822034001350403,0.08772265911102295,0.09269479662179947,22.332032345235348,,,
amgtp,104,0.03322846442461014,0.3301999270915985,0.1087179034948349,0.3753991425037384,0.08751953393220901,0.09816399216651917,23.033843584358692,,,
amgtp,105,0.07907143980264664,0.36665603518486023,0.10206777602434158,0.3516384959220886,0.0783943384885788,0.10124335438013077,25.122512705624104,,,
amgtp,106,0.11953587085008621,0.4264239966869354,0.09407760947942734,0.31902772188186646,0.06822469830513,0.09224602580070496,28.40561782568693,,,
amgtp,107,0.06337037310004234,0.4581090211868286,0.09264334291219711,0.3043563663959503,0.06217968091368675,0.08271131664514542,30.085469912737608,,,
amgtp,108,0.14840130135416985,0.3904394209384918,0.10321801900863647,0.3679823875427246,0.06144076585769653,0.07691922783851624,26.140484988689423,,,
amgtp,109,0.24459116533398628,0.2890639305114746,0.09650839120149612,0.49027836322784424,0.058728624135255814,0.06542129814624786,20.238177854567766,,,
amgtp,110,0.0514410100877285,0.27077510952949524,0.09041433781385422,0.5079656839370728,0.06676163524389267,0.06408349424600601,19.22531832754612,,,
amgtp,111,0.1250917762517929,0.2821735739707947,0.09522499889135361,0.4454197287559509,0.10624878853559494,0.070933036506176,20.098702654242516,,,
amgtp,112,0.12085043638944626,0.29947221279144287,0.09618960320949554,0.3849945068359375,0.13628625869750977,0.08305753767490387,21.336315229535103,,,
amgtp,113,0.08011714369058609,0.32208335399627686,0.09689320623874664,0.3858492076396942,0.09622781723737717,0.09894679486751556,22.6382919177413,,,
amgtp,114,0.023848645389080048,0.3340074419975281,0.09564296156167984,0.3838082253932953,0.0882171019911766,0.09832417964935303,23.28157238662243,,,
amgtp,115,0.018076635897159576,0.34298163652420044,0.09570719301700592,0.3814903497695923,0.08701279759407043,0.09280814975500107,23.727480113506317,,,
amgtp,116,0.01329110562801361,0.3483334481716156,0.09700031578540802,0.37829169631004333,0.08626691997051239,0.09010650962591171,23.997241869568825,,,
amgtp,117,0.012897290289402008,0.35044369101524353,0.10133972018957138,0.3733094334602356,0.08543125540018082,0.08947679400444031,24.09858338534832,,,
amgtp,118,0.017198912799358368,0.3483639061450958,0.10964176803827286,0.3670860230922699,0.08513456583023071,0.08977377414703369,23.96550900489092,,,
amgtp,119,0.0226910337805748,0.34398165345191956,0.11728861182928085,0.3601228892803192,0.08748454600572586,0.0911225974559784,23.72466467320919,,,
amgtp_global_q,4,,0.20000606775283813,0.20000606775283813,0.20000606775283813,0.20000606775283813,0.20000606775283813,17.00051575899124,,,
amgtp_global_q,5,0.12781161069869995,0.21688252687454224,0.13608485460281372,0.21326708793640137,0.21688252687454224,0.21688252687454224,18.34337079524994,,,
amgtp_global_q,6,0.16718848794698715,0.20388667285442352,0.09147816151380539,0.29686132073402405,0.20388667285442352,0.20388667285442352,17.496882624924183,,,
amgtp_global_q,7,0.1386900395154953,0.22700171172618866,0.06415555626153946,0.2548390030860901,0.22700171172618866,0.22700171172618866,19.21581121534109,,,
amgtp_global_q,8,0.22828179225325584,0.26504871249198914,0.050798650830984116,0.15405511856079102,0.26504871249198914,0.26504871249198914,21.981909718364477,,,
amgtp_global_q,9,0.25390828028321266,0.3285258114337921,0.04243895411491394,0.09230584651231766,0.20820356905460358,0.3285257816314697,26.087691105902195,,,
amgtp_global_q,10,0.15329143032431602,0.36461690068244934,0.04690277948975563,0.07841625809669495,0.1454477310180664,0.36461687088012695,28.281935904175043,,,
amgtp_global_q,11,0.07237661257386208,0.3514842987060547,0.06979653239250183,0.091710664331913,0.13552451133728027,0.3514842391014099,27.303437374532223,,,
amgtp_global_q,12,0.17613977193832397,0.3074493706226349,0.12449045479297638,0.11675276607275009,0.14385846257209778,0.3074493706226349,24.233011417090893,,,
amgtp_global_q,13,0.23270785063505173,0.2520903944969177,0.22167254984378815,0.1359245330095291,0.13822245597839355,0.25209036469459534,20.25169211626053,,,
amgtp_global_q,14,0.2364252805709839,0.20246486365795135,0.32188427448272705,0.1539255529642105,0.11926096677780151,0.20246484875679016,16.600887402892113,,,
amgtp_global_q,15,0.20385289192199707,0.16056546568870544,0.35529133677482605,0.22244475781917572,0.10113313794136047,0.16056545078754425,13.612401828169823,,,
amgtp_global_q,16,0.29148463159799576,0.14113356173038483,0.25380176305770874,0.3681870102882385,0.09574740380048752,0.14113028347492218,12.472432292997837,,,
amgtp_global_q,17,0.13310468196868896,0.14144441485404968,0.18724946677684784,0.4331206977367401,0.09674682468175888,0.14143870770931244,12.630646131932735,,,
amgtp_global_q,18,0.06906498968601227,0.15534068644046783,0.18293440341949463,0.402903288602829,0.10348869115114212,0.15533308684825897,13.611169509589672,,,
amgtp_global_q,19,0.0755845233798027,0.1672888547182083,0.19129632413387299,0.365110844373703,0.10902415215969086,0.16727961599826813,14.42904382944107,,,
amgtp_global_q,20,0.030464239418506622,0.17172646522521973,0.19527775049209595,0.34987902641296387,0.11140277236700058,0.17171438038349152,14.732323475182056,,,
amgtp_global_q,21,0.008161313831806183,0.17287680506706238,0.19626231491565704,0.34579822421073914,0.11220216751098633,0.17286059260368347,14.81172876060009,,,
amgtp_global_q,22,0.006142832338809967,0.17197450995445251,0.19500933587551117,0.34843745827674866,0.11263444274663925,0.1719445437192917,14.754457019269466,,,
amgtp_global_q,23,0.012695111334323883,0.17020344734191895,0.19224947690963745,0.35406720638275146,0.11335183680057526,0.1701274961233139,14.64190573990345,,,
amgtp_global_q,24,0.014806419610977173,0.16857752203941345,0.18824546039104462,0.36001697182655334,0.11480529606342316,0.16835424304008484,14.543544173240662,,,
amgtp_global_q,25,0.010664299130439758,0.16868646442890167,0.18325327336788177,0.36199966073036194,0.1180458813905716,0.16801434755325317,14.568962156772614,,,
amgtp_global_q,26,0.0261385440826416,0.1730627715587616,0.1773124784231186,0.3548712432384491,0.12358294427394867,0.17117030918598175,14.887157440185547,,,
amgtp_global_q,27,0.054044291377067566,0.18708473443984985,0.17081639170646667,0.3343452513217926,0.12525910139083862,0.1824944019317627,15.830671548843384,,,
amgtp_global_q,28,0.09244855493307114,0.21461203694343567,0.16359850764274597,0.3045809864997864,0.11601678282022476,0.20119118690490723,17.58285778015852,,,
amgtp_global_q,29,0.08788900077342987,0.24680134654045105,0.15677304565906525,0.2788318991661072,0.1046467199921608,0.21294626593589783,19.515124298632145,,,
amgtp_global_q,30,0.04782430827617645,0.27071377635002136,0.1559716761112213,0.26491060853004456,0.09903474897146225,0.2093690186738968,20.817939586937428,,,
amgtp_global_q,31,0.02295687049627304,0.2736552655696869,0.1630053073167801,0.26547378301620483,0.09997478127479553,0.1978904753923416,20.84903271496296,,,
amgtp_global_q,32,0.04225420206785202,0.2620784640312195,0.1725710928440094,0.2712906002998352,0.1057194396853447,0.18834033608436584,20.08795151859522,,,
amgtp_global_q,33,0.04834020882844925,0.24613463878631592,0.1776750683784485,0.2789624333381653,0.11711381375789642,0.18011413514614105,19.12403528392315,,,
amgtp_global_q,34,0.04046165943145752,0.2360573261976242,0.17403382062911987,0.28287291526794434,0.13343453407287598,0.17360223829746246,18.55056521296501,,,
amgtp_global_q,35,0.02600981295108795,0.23521168529987335,0.16815714538097382,0.2804243266582489,0.14643894135951996,0.16976773738861084,18.523952156305313,,,
amgtp_global_q,36,0.027689948678016663,0.24905714392662048,0.1645199954509735,0.2749958336353302,0.14187607169151306,0.1695517599582672,19.299793273210526,,,
amgtp_global_q,37,0.06801813840866089,0.2830658257007599,0.15941785275936127,0.26375555992126465,0.12561443448066711,0.16814635694026947,21.16798411309719,,,
amgtp_global_q,38,0.084724560379982,0.3254278898239136,0.1519678682088852,0.24786494672298431,0.11259572207927704,0.16214317083358765,23.47941054403782,,,
amgtp_global_q,39,0.06836679577827454,0.35961148142814636,0.14612869918346405,0.23501677811145782,0.1041046530008316,0.15513837337493896,25.328537717461586,,,
amgtp_global_q,40,0.03309370577335358,0.37615835666656494,0.1450911909341812,0.2297743260860443,0.09863656759262085,0.15033958852291107,26.19912578165531,,,
amgtp_global_q,41,0.019328556954860687,0.3723281919956207,0.1485242247581482,0.2360055297613144,0.09670303016901016,0.14643897116184235,25.9232991412282,,,
amgtp_global_q,42,0.040937840938568115,0.35658639669418335,0.15104259550571442,0.2508331537246704,0.09982595592737198,0.14171184599399567,24.98147339373827,,,
amgtp_global_q,43,0.03975279629230499,0.3698311448097229,0.1426830142736435,0.24494512379169464,0.10645759850740433,0.13608305156230927,25.71775298565626,,,
amgtp_global_q,44,0.1279856264591217,0.433823823928833,0.12492785602807999,0.20631736516952515,0.10479199886322021,0.13013862073421478,29.328794069588184,,,
amgtp_global_q,45,0.21820412576198578,0.5429259538650513,0.10068193823099136,0.15875616669654846,0.08183946460485458,0.1157962754368782,35.34653177857399,,,
amgtp_global_q,46,0.17476297914981842,0.6303074359893799,0.08231224119663239,0.1247001439332962,0.06234404444694519,0.10033591836690903,40.11597000062466,,,
amgtp_global_q,47,0.031481508165597916,0.646048367023468,0.08081395924091339,0.11726203560829163,0.05754229053854942,0.09833348542451859,40.974966917186975,,,
amgtp_global_q,48,0.07589701935648918,0.6080998182296753,0.0928289070725441,0.13060486316680908,0.06289481371641159,0.10557165741920471,38.888899490237236,,,
amgtp_global_q,49,0.12048815190792084,0.5478556156158447,0.11221683025360107,0.15277990698814392,0.0727691575884819,0.11437829583883286,35.55257373303175,,,
amgtp_global_q,50,0.100001260638237,0.49785497784614563,0.12831167876720428,0.17444053292274475,0.08308835327625275,0.11630424857139587,32.73280990123749,,,
amgtp_global_q,51,0.05336073786020279,0.47280341386795044,0.13095980882644653,0.18875232338905334,0.09280905872583389,0.11467570066452026,31.320544831454754,,,
amgtp_global_q,52,0.015878483653068542,0.46917906403541565,0.12709835171699524,0.19094063341617584,0.09856011718511581,0.11422239243984222,31.139698408544064,,,
amgtp_global_q,53,0.006272226572036743,0.4687691628932953,0.12563222646713257,0.18968011438846588,0.10044009238481522,0.11547809839248657,31.140596367418766,,,
amgtp_global_q,54,0.005722351372241974,0.46985819935798645,0.12563098967075348,0.18885202705860138,0.09840872883796692,0.1172507256269455,31.21405029296875,,,
amgtp_global_q,55,0.011274740099906921,0.4656791090965271,0.12736095488071442,0.1904250830411911,0.09695011377334595,0.11958473920822144,30.992219895124435,,,
amgtp_global_q,56,0.01750713586807251,0.4579993486404419,0.13035500049591064,0.19430063664913177,0.09587599337100983,0.12146839499473572,30.56490731239319,,,
amgtp_global_q,57,0.026834547519683838,0.44514742493629456,0.13492146134376526,0.20270617306232452,0.09531110525131226,0.12191413342952728,29.82586108148098,,,
amgtp_global_q,58,0.04357253760099411,0.4247722923755646,0.14005810022354126,0.21845664083957672,0.09621021896600723,0.12050294876098633,28.642278380692005,,,
amgtp_global_q,59,0.05323873460292816,0.401358962059021,0.1417287141084671,0.23971658945083618,0.09989896416664124,0.11729685217142105,27.28386488556862,,,
amgtp_global_q,60,0.032766371965408325,0.38900789618492126,0.13772925734519958,0.2474316656589508,0.10856734216213226,0.11726445704698563,26.622171819210052,,,
amgtp_global_q,61,0.041378848254680634,0.3982568681240082,0.13082098960876465,0.23365014791488647,0.11413867026567459,0.12313321977853775,27.250019289553165,,,
amgtp_global_q,62,0.07731252163648605,0.42925208806991577,0.12303529679775238,0.21143323183059692,0.1054849848151207,0.1307942271232605,29.08197434991598,,,
amgtp_global_q,63,0.084896519780159,0.471699982881546,0.11535719037055969,0.19223815202713013,0.09229428321123123,0.1284094899892807,31.43786346167326,,,
amgtp_global_q,64,0.038004592061042786,0.4907030761241913,0.1137286052107811,0.18549129366874695,0.08698679506778717,0.12309092283248901,32.444567538797855,,,
amgtp_global_q,65,0.01832679659128189,0.4835267663002014,0.11840486526489258,0.18997789919376373,0.08696144819259644,0.12112864851951599,32.00447575747967,,,
amgtp_global_q,66,0.04693208634853363,0.4611958861351013,0.12628525495529175,0.20312237739562988,0.08940288424491882,0.11999374628067017,30.713138192892075,,,
amgtp_global_q,67,0.0679810494184494,0.4293948709964752,0.1342342495918274,0.22433704137802124,0.09422968327999115,0.11780416965484619,28.87980379164219,,,
amgtp_global_q,68,0.04919961839914322,0.407377153635025,0.13385990262031555,0.24130631983280182,0.10186030715703964,0.11559651792049408,27.631781481206417,,,
amgtp_global_q,69,0.024719826877117157,0.39790865778923035,0.13096840679645538,0.24400851130485535,0.11105360835790634,0.11606086045503616,27.139740712940693,,,
amgtp_global_q,70,0.015347100794315338,0.3970881402492523,0.12989281117916107,0.23823073506355286,0.1150771901011467,0.11971049010753632,27.151360623538494,,,
amgtp_global_q,71,0.017220228910446167,0.40000301599502563,0.13039739429950714,0.23320908844470978,0.11148905754089355,0.12490148097276688,27.359249755740166,,,
amgtp_global_q,72,0.013068445026874542,0.4005919098854065,0.13204248249530792,0.23086486756801605,0.10729900002479553,0.12920166552066803,27.420067995786667,,,
amgtp_global_q,73,0.007577084004878998,0.3998781740665436,0.13506311178207397,0.23149371147155762,0.10422421246767044,0.1293407529592514,27.362574718892574,,,
amgtp_global_q,74,0.02379627525806427,0.3931748867034912,0.14053994417190552,0.23791491985321045,0.1023867055773735,0.1259833127260208,26.925251223146915,,,
amgtp_global_q,75,0.039399854838848114,0.37935230135917664,0.14563246071338654,0.25252237915992737,0.10201909393072128,0.12047363072633743,26.06510216742754,,,
amgtp_global_q,76,0.048324793577194214,0.362702876329422,0.14360253512859344,0.27340489625930786,0.10529907047748566,0.11499068140983582,25.072952836751938,,,
amgtp_global_q,77,0.02744283527135849,0.35890206694602966,0.1356612741947174,0.27853062748908997,0.11389489471912384,0.11301147192716599,24.884802043437958,,,
amgtp_global_q,78,0.06351329386234283,0.38141682744026184,0.1279354989528656,0.2544991374015808,0.11987175792455673,0.11627587676048279,26.243407137691975,,,
amgtp_global_q,79,0.10268525779247284,0.4304419755935669,0.11842320114374161,0.22360403835773468,0.10893657058477402,0.11859340220689774,29.038617476820946,,,
amgtp_global_q,80,0.09051434695720673,0.4756995737552643,0.11038094013929367,0.2018144726753235,0.09579990804195404,0.1163051426410675,31.556670136749744,,,
amgtp_global_q,81,0.04786410182714462,0.49963176250457764,0.10706299543380737,0.19163472950458527,0.08929479122161865,0.11237603425979614,32.8582009524107,,,
amgtp_global_q,82,0.006070852279663086,0.4974188208580017,0.10977087169885635,0.19196242094039917,0.08911452442407608,0.11173395812511444,32.71886447072029,,,
amgtp_global_q,83,0.03373975306749344,0.48054903745651245,0.11622533947229385,0.19806544482707977,0.09221573173999786,0.11294522881507874,31.770107246935368,,,
amgtp_global_q,84,0.04111070930957794,0.4599933326244354,0.1239548847079277,0.20497946441173553,0.09688277542591095,0.11418962478637695,30.615327410399914,,,
amgtp_global_q,85,0.041505031287670135,0.43924129009246826,0.13062970340251923,0.21119903028011322,0.10429168492555618,0.11463931947946548,29.453696466982365,,,
amgtp_global_q,86,0.020327381789684296,0.4295359253883362,0.1301707625389099,0.21420198678970337,0.1107647493481636,0.11532637476921082,28.934854738414288,,,
amgtp_global_q,87,0.01077510416507721,0.4250950217247009,0.12922395765781403,0.2142559438943863,0.11331649124622345,0.11810807138681412,28.72442153096199,,,
amgtp_global_q,88,0.010574065148830414,0.42212846875190735,0.12983708083629608,0.21374811232089996,0.11150351166725159,0.1227816492319107,28.598257213830948,,,
amgtp_global_q,89,0.011242710053920746,0.4200595021247864,0.13153274357318878,0.21412993967533112,0.10795203596353531,0.12632642686367035,28.501726917922497,,,
amgtp_global_q,90,0.01603659987449646,0.4153141677379608,0.13541179895401,0.21826866269111633,0.10485713928937912,0.12614783644676208,28.20913753658533,,,
amgtp_global_q,91,0.042018599808216095,0.40283918380737305,0.14156103134155273,0.23312939703464508,0.1019311249256134,0.12054020166397095,27.412380948662758,,,
amgtp_global_q,92,0.08492358773946762,0.37326380610466003,0.14501984417438507,0.2721320688724518,0.09905949234962463,0.11052510887384415,25.598012387752533,,,
amgtp_global_q,93,0.11239324510097504,0.33714789152145386,0.13558772206306458,0.3276633620262146,0.09972496330738068,0.09987666457891464,23.44379934668541,,,
amgtp_global_q,94,0.03967520594596863,0.3296065032482147,0.125881165266037,0.3359944820404053,0.11123081296682358,0.09728637337684631,23.05087972432375,,,
amgtp_global_q,95,0.1047457829117775,0.36409056186676025,0.12308373302221298,0.28641921281814575,0.12235741317272186,0.10404879599809647,25.14096011966467,,,
amgtp_global_q,96,0.10492916405200958,0.4123634994029999,0.11872260272502899,0.2500767707824707,0.11059657484292984,0.10824061185121536,27.900307469069958,,,
amgtp_global_q,97,0.07124827057123184,0.44798722863197327,0.11347256600856781,0.23329773545265198,0.09900857508182526,0.1062331423163414,29.872923508286476,,,
amgtp_global_q,98,0.038669414818286896,0.46732255816459656,0.11028428375720978,0.22412291169166565,0.09409469366073608,0.10417604446411133,30.93913398683071,,,
amgtp_global_q,99,0.006734587252140045,0.47045189142227173,0.11052209138870239,0.22190579771995544,0.09315906465053558,0.10396134108304977,31.11092519760132,,,
amgtp_global_q,100,0.009173355996608734,0.46604371070861816,0.11281588673591614,0.22172729671001434,0.09398245066404343,0.10543083399534225,30.874529249966145,,,
amgtp_global_q,101,0.013137541711330414,0.4595533013343811,0.11602989584207535,0.22164906561374664,0.09570449590682983,0.10706368088722229,30.522998176515102,,,
amgtp_global_q,102,0.020207881927490234,0.4524538516998291,0.12017505615949631,0.21864454448223114,0.09913530200719833,0.10959162563085556,30.151569664478302,,,
amgtp_global_q,103,0.025893837213516235,0.4437754452228546,0.12367710471153259,0.21437561511993408,0.1051471158862114,0.1130242645740509,29.711700178682804,,,
amgtp_global_q,104,0.021111175417900085,0.4379146695137024,0.12530741095542908,0.20968097448349,0.10842035710811615,0.11867647618055344,29.449643671512604,,,
amgtp_global_q,105,0.02072139084339142,0.4420364201068878,0.12609797716140747,0.20506374537944794,0.10267671942710876,0.1241246834397316,29.719957023859024,,,
amgtp_global_q,106,0.030755266547203064,0.4515993595123291,0.1319129765033722,0.20196551084518433,0.09299232810735703,0.12152998149394989,30.18613711744547,,,
amgtp_global_q,107,0.064720518887043,0.43962565064430237,0.14972707629203796,0.21651120483875275,0.08495201170444489,0.10918328166007996,29.300029754638672,,,
amgtp_global_q,108,0.1748669371008873,0.3769989311695099,0.16258083283901215,0.29109156131744385,0.0774235874414444,0.09190560132265091,25.48443491756916,,,
amgtp_global_q,109,0.279730960726738,0.29459816217422485,0.13135384023189545,0.4309568703174591,0.06958769261837006,0.07350360602140427,20.616278514266014,,,
amgtp_global_q,110,0.14527370035648346,0.257203072309494,0.1040353998541832,0.5025835633277893,0.07059777528047562,0.06558021157979965,18.456277817487717,,,
amgtp_global_q,111,0.11951377987861633,0.2887425422668457,0.10647173970937729,0.44282689690589905,0.08749812841415405,0.07446116209030151,20.414448134601116,,,
amgtp_global_q,112,0.13136423379182816,0.324773907661438,0.11377760767936707,0.3771447241306305,0.10023067891597748,0.08407343924045563,22.61028914153576,,,
amgtp_global_q,113,0.044249288737773895,0.34056177735328674,0.11628332734107971,0.35871240496635437,0.09653826057910919,0.08790440112352371,23.532556623220444,,,
amgtp_global_q,114,0.015137113630771637,0.34616976976394653,0.11690852791070938,0.3558441996574402,0.09183774888515472,0.08923960477113724,23.846846021711826,,,
amgtp_global_q,115,0.0051833465695381165,0.34771105647087097,0.11713381111621857,0.35478198528289795,0.09030793607234955,0.09006435424089432,23.937199667096138,,,
amgtp_global_q,116,0.004468187689781189,0.34876513481140137,0.1173107698559761,0.35293111205101013,0.08992524445056915,0.09106793999671936,24.006440065801144,,,
amgtp_global_q,117,0.007034905254840851,0.34960058331489563,0.1179838553071022,0.3494136929512024,0.09017103165388107,0.09283110499382019,24.073092624545097,,,
amgtp_global_q,118,0.011645108461380005,0.34951886534690857,0.11998087912797928,0.34367281198501587,0.0913735032081604,0.09545411914587021,24.098103426396847,,,
amgtp_global_q,119,0.020704619586467743,0.3470867872238159,0.12387319654226303,0.3357527256011963,0.094458669424057,0.09882909059524536,24.00115656107664,,,
amgtp_uniform_q,4,,0.20000606775283813,0.20000606775283813,0.20000606775283813,0.20000606775283813,0.20000606775283813,17.00051575899124,,,
amgtp_uniform_q,5,0.0,0.20000606775283813,0.20000606775283813,0.20000606775283813,0.20000606775283813,0.20000606775283813,17.00051575899124,,,
amgtp_uniform_q,6,0.0,0.20000606775283813,0.20000606775283813,0.20000606775283813,0.20000606775283813,0.20000606775283813,17.00051575899124,,,
amgtp_uniform_q,7,0.0,0.20000606775283813,0.20000606775283813,0.20000606775283813,0.20000606775283813,0.20000606775283813,17.00051575899124,,,
amgtp_uniform_q,8,0.0,0.20000606775283813,0.20000606775283813,0.20000606775283813,0.20000606775283813,0.20000606775283813,17.00051575899124,,,
amgtp_uniform_q,9,0.0,0.20000606775283813,0.20000606775283813,0.20000606775283813,0.20000606775283813,0.20000606775283813,17.00051575899124,,,
amgtp_uniform_q,10,0.0,0.20000606775283813,0.20000606775283813,0.20000606775283813,0.20000606775283813,0.20000606775283813,17.00051575899124,,,
amgtp_uniform_q,11,0.0,0.20000606775283813,0.20000606775283813,0.20000606775283813,0.20000606775283813,0.20000606775283813,17.00051575899124,,,
amgtp_uniform_q,12,0.0,0.20000606775283813,0.20000606775283813,0.20000606775283813,0.20000606775283813,0.20000606775283813,17.00051575899124,,,
amgtp_uniform_q,13,0.0,0.20000606775283813,0.20000606775283813,0.20000606775283813,0.20000606775283813,0.20000606775283813,17.00051575899124,,,
amgtp_uniform_q,14,0.0,0.20000606775283813,0.20000606775283813,0.20000606775283813,0.20000606775283813,0.20000606775283813,17.00051575899124,,,
amgtp_uniform_q,15,0.0,0.20000606775283813,0.20000606775283813,0.20000606775283813,0.20000606775283813,0.20000606775283813,17.00051575899124,,,
amgtp_uniform_q,16,0.0,0.20000606775283813,0.20000606775283813,0.20000606775283813,0.20000606775283813,0.20000606775283813,17.00051575899124,,,
amgtp_uniform_q,17,0.0,0.20000606775283813,0.20000606775283813,0.20000606775283813,0.20000606775283813,0.20000606775283813,17.00051575899124,,,
amgtp_uniform_q,18,0.0,0.20000606775283813,0.20000606775283813,0.20000606775283813,0.20000606775283813,0.20000606775283813,17.00051575899124,,,
amgtp_uniform_q,19,0.0,0.20000606775283813,0.20000606775283813,0.20000606775283813,0.20000606775283813,0.20000606775283813,17.00051575899124,,,
amgtp_uniform_q,20,0.0,0.20000606775283813,0.20000606775283813,0.20000606775283813,0.20000606775283813,0.20000606775283813,17.00051575899124,,,
amgtp_uniform_q,21,0.0,0.20000606775283813,0.20000606775283813,0.20000606775283813,0.20000606775283813,0.20000606775283813,17.00051575899124,,,
amgtp_uniform_q,22,0.0,0.20000606775283813,0.20000606775283813,0.20000606775283813,0.20000606775283813,0.20000606775283813,17.00051575899124,,,
amgtp_uniform_q,23,0.0,0.20000606775283813,0.20000606775283813,0.20000606775283813,0.20000606775283813,0.20000606775283813,17.00051575899124,,,
amgtp_uniform_q,24,0.0,0.20000606775283813,0.20000606775283813,0.20000606775283813,0.20000606775283813,0.20000606775283813,17.00051575899124,,,
amgtp_uniform_q,25,0.0,0.20000606775283813,0.20000606775283813,0.20000606775283813,0.20000606775283813,0.20000606775283813,17.00051575899124,,,
amgtp_uniform_q,26,0.0,0.20000606775283813,0.20000606775283813,0.20000606775283813,0.20000606775283813,0.20000606775283813,17.00051575899124,,,
amgtp_uniform_q,27,0.0,0.20000606775283813,0.20000606775283813,0.20000606775283813,0.20000606775283813,0.20000606775283813,17.00051575899124,,,
amgtp_uniform_q,28,0.0,0.20000606775283813,0.20000606775283813,0.20000606775283813,0.20000606775283813,0.20000606775283813,17.00051575899124,,,
amgtp_uniform_q,29,0.0,0.20000606775283813,0.20000606775283813,0.20000606775283813,0.20000606775283813,0.20000606775283813,17.00051575899124,,,
amgtp_uniform_q,30,0.0,0.20000606775283813,0.20000606775283813,0.20000606775283813,0.20000606775283813,0.20000606775283813,17.00051575899124,,,
amgtp_uniform_q,31,0.0,0.20000606775283813,0.20000606775283813,0.20000606775283813,0.20000606775283813,0.20000606775283813,17.00051575899124,,,
amgtp_uniform_q,32,0.0,0.20000606775283813,0.20000606775283813,0.20000606775283813,0.20000606775283813,0.20000606775283813,17.00051575899124,,,
amgtp_uniform_q,33,0.0,0.20000606775283813,0.20000606775283813,0.20000606775283813,0.20000606775283813,0.20000606775283813,17.00051575899124,,,
amgtp_uniform_q,34,0.0,0.20000606775283813,0.20000606775283813,0.20000606775283813,0.20000606775283813,0.20000606775283813,17.00051575899124,,,
amgtp_uniform_q,35,0.0,0.20000606775283813,0.20000606775283813,0.20000606775283813,0.20000606775283813,0.20000606775283813,17.00051575899124,,,
amgtp_uniform_q,36,0.0,0.20000606775283813,0.20000606775283813,0.20000606775283813,0.20000606775283813,0.20000606775283813,17.00051575899124,,,
amgtp_uniform_q,37,0.0,0.20000606775283813,0.20000606775283813,0.20000606775283813,0.20000606775283813,0.20000606775283813,17.00051575899124,,,
amgtp_uniform_q,38,0.0,0.20000606775283813,0.20000606775283813,0.20000606775283813,0.20000606775283813,0.20000606775283813,17.00051575899124,,,
amgtp_uniform_q,39,0.0,0.20000606775283813,0.20000606775283813,0.20000606775283813,0.20000606775283813,0.20000606775283813,17.00051575899124,,,
amgtp_uniform_q,40,0.0,0.20000606775283813,0.20000606775283813,0.20000606775283813,0.20000606775283813,0.20000606775283813,17.00051575899124,,,
amgtp_uniform_q,41,0.0,0.20000606775283813,0.20000606775283813,0.20000606775283813,0.20000606775283813,0.20000606775283813,17.00051575899124,,,
amgtp_uniform_q,42,0.0,0.20000606775283813,0.20000606775283813,0.20000606775283813,0.20000606775283813,0.20000606775283813,17.00051575899124,,,
amgtp_uniform_q,43,0.0,0.20000606775283813,0.20000606775283813,0.20000606775283813,0.20000606775283813,0.20000606775283813,17.00051575899124,,,
amgtp_uniform_q,44,0.0,0.20000606775283813,0.20000606775283813,0.20000606775283813,0.20000606775283813,0.20000606775283813,17.00051575899124,,,
amgtp_uniform_q,45,0.0,0.20000606775283813,0.20000606775283813,0.20000606775283813,0.20000606775283813,0.20000606775283813,17.00051575899124,,,
amgtp_uniform_q,46,0.0,0.20000606775283813,0.20000606775283813,0.20000606775283813,0.20000606775283813,0.20000606775283813,17.00051575899124,,,
amgtp_uniform_q,47,0.0,0.20000606775283813,0.20000606775283813,0.20000606775283813,0.20000606775283813,0.20000606775283813,17.00051575899124,,,
amgtp_uniform_q,48,0.0,0.20000606775283813,0.20000606775283813,0.20000606775283813,0.20000606775283813,0.20000606775283813,17.00051575899124,,,
amgtp_uniform_q,49,0.0,0.20000606775283813,0.20000606775283813,0.20000606775283813,0.20000606775283813,0.20000606775283813,17.00051575899124,,,
amgtp_uniform_q,50,0.0,0.20000606775283813,0.20000606775283813,0.20000606775283813,0.20000606775283813,0.20000606775283813,17.00051575899124,,,
amgtp_uniform_q,51,0.0,0.20000606775283813,0.20000606775283813,0.20000606775283813,0.20000606775283813,0.20000606775283813,17.00051575899124,,,
amgtp_uniform_q,52,0.0,0.20000606775283813,0.20000606775283813,0.20000606775283813,0.20000606775283813,0.20000606775283813,17.00051575899124,,,
amgtp_uniform_q,53,0.0,0.20000606775283813,0.20000606775283813,0.20000606775283813,0.20000606775283813,0.20000606775283813,17.00051575899124,,,
amgtp_uniform_q,54,0.0,0.20000606775283813,0.20000606775283813,0.20000606775283813,0.20000606775283813,0.20000606775283813,17.00051575899124,,,
amgtp_uniform_q,55,0.0,0.20000606775283813,0.20000606775283813,0.20000606775283813,0.20000606775283813,0.20000606775283813,17.00051575899124,,,
amgtp_uniform_q,56,0.0,0.20000606775283813,0.20000606775283813,0.20000606775283813,0.20000606775283813,0.20000606775283813,17.00051575899124,,,
amgtp_uniform_q,57,0.0,0.20000606775283813,0.20000606775283813,0.20000606775283813,0.20000606775283813,0.20000606775283813,17.00051575899124,,,
amgtp_uniform_q,58,0.0,0.20000606775283813,0.20000606775283813,0.20000606775283813,0.20000606775283813,0.20000606775283813,17.00051575899124,,,
amgtp_uniform_q,59,0.0,0.20000606775283813,0.20000606775283813,0.20000606775283813,0.20000606775283813,0.20000606775283813,17.00051575899124,,,
amgtp_uniform_q,60,0.0,0.20000606775283813,0.20000606775283813,0.20000606775283813,0.20000606775283813,0.20000606775283813,17.00051575899124,,,
amgtp_uniform_q,61,0.0,0.20000606775283813,0.20000606775283813,0.20000606775283813,0.20000606775283813,0.20000606775283813,17.00051575899124,,,
amgtp_uniform_q,62,0.0,0.20000606775283813,0.20000606775283813,0.20000606775283813,0.20000606775283813,0.20000606775283813,17.00051575899124,,,
amgtp_uniform_q,63,0.0,0.20000606775283813,0.20000606775283813,0.20000606775283813,0.20000606775283813,0.20000606775283813,17.00051575899124,,,
amgtp_uniform_q,64,0.0,0.20000606775283813,0.20000606775283813,0.20000606775283813,0.20000606775283813,0.20000606775283813,17.00051575899124,,,
amgtp_uniform_q,65,0.0,0.20000606775283813,0.20000606775283813,0.20000606775283813,0.20000606775283813,0.20000606775283813,17.00051575899124,,,
amgtp_uniform_q,66,0.0,0.20000606775283813,0.20000606775283813,0.20000606775283813,0.20000606775283813,0.20000606775283813,17.00051575899124,,,
amgtp_uniform_q,67,0.0,0.20000606775283813,0.20000606775283813,0.20000606775283813,0.20000606775283813,0.20000606775283813,17.00051575899124,,,
amgtp_uniform_q,68,0.0,0.20000606775283813,0.20000606775283813,0.20000606775283813,0.20000606775283813,0.20000606775283813,17.00051575899124,,,
amgtp_uniform_q,69,0.0,0.20000606775283813,0.20000606775283813,0.20000606775283813,0.20000606775283813,0.20000606775283813,17.00051575899124,,,
amgtp_uniform_q,70,0.0,0.20000606775283813,0.20000606775283813,0.20000606775283813,0.20000606775283813,0.20000606775283813,17.00051575899124,,,
amgtp_uniform_q,71,0.0,0.20000606775283813,0.20000606775283813,0.20000606775283813,0.20000606775283813,0.20000606775283813,17.00051575899124,,,
amgtp_uniform_q,72,0.0,0.20000606775283813,0.20000606775283813,0.20000606775283813,0.20000606775283813,0.20000606775283813,17.00051575899124,,,
amgtp_uniform_q,73,0.0,0.20000606775283813,0.20000606775283813,0.20000606775283813,0.20000606775283813,0.20000606775283813,17.00051575899124,,,
amgtp_uniform_q,74,0.0,0.20000606775283813,0.20000606775283813,0.20000606775283813,0.20000606775283813,0.20000606775283813,17.00051575899124,,,
amgtp_uniform_q,75,0.0,0.20000606775283813,0.20000606775283813,0.20000606775283813,0.20000606775283813,0.20000606775283813,17.00051575899124,,,
amgtp_uniform_q,76,0.0,0.20000606775283813,0.20000606775283813,0.20000606775283813,0.20000606775283813,0.20000606775283813,17.00051575899124,,,
amgtp_uniform_q,77,0.0,0.20000606775283813,0.20000606775283813,0.20000606775283813,0.20000606775283813,0.20000606775283813,17.00051575899124,,,
amgtp_uniform_q,78,0.0,0.20000606775283813,0.20000606775283813,0.20000606775283813,0.20000606775283813,0.20000606775283813,17.00051575899124,,,
amgtp_uniform_q,79,0.0,0.20000606775283813,0.20000606775283813,0.20000606775283813,0.20000606775283813,0.20000606775283813,17.00051575899124,,,
amgtp_uniform_q,80,0.0,0.20000606775283813,0.20000606775283813,0.20000606775283813,0.20000606775283813,0.20000606775283813,17.00051575899124,,,
amgtp_uniform_q,81,0.0,0.20000606775283813,0.20000606775283813,0.20000606775283813,0.20000606775283813,0.20000606775283813,17.00051575899124,,,
amgtp_uniform_q,82,0.0,0.20000606775283813,0.20000606775283813,0.20000606775283813,0.20000606775283813,0.20000606775283813,17.00051575899124,,,
amgtp_uniform_q,83,0.0,0.20000606775283813,0.20000606775283813,0.20000606775283813,0.20000606775283813,0.20000606775283813,17.00051575899124,,,
amgtp_uniform_q,84,0.0,0.20000606775283813,0.20000606775283813,0.20000606775283813,0.20000606775283813,0.20000606775283813,17.00051575899124,,,
amgtp_uniform_q,85,0.0,0.20000606775283813,0.20000606775283813,0.20000606775283813,0.20000606775283813,0.20000606775283813,17.00051575899124,,,
amgtp_uniform_q,86,0.0,0.20000606775283813,0.20000606775283813,0.20000606775283813,0.20000606775283813,0.20000606775283813,17.00051575899124,,,
amgtp_uniform_q,87,0.0,0.20000606775283813,0.20000606775283813,0.20000606775283813,0.20000606775283813,0.20000606775283813,17.00051575899124,,,
amgtp_uniform_q,88,0.0,0.20000606775283813,0.20000606775283813,0.20000606775283813,0.20000606775283813,0.20000606775283813,17.00051575899124,,,
amgtp_uniform_q,89,0.0,0.20000606775283813,0.20000606775283813,0.20000606775283813,0.20000606775283813,0.20000606775283813,17.00051575899124,,,
amgtp_uniform_q,90,0.0,0.20000606775283813,0.20000606775283813,0.20000606775283813,0.20000606775283813,0.20000606775283813,17.00051575899124,,,
amgtp_uniform_q,91,0.0,0.20000606775283813,0.20000606775283813,0.20000606775283813,0.20000606775283813,0.20000606775283813,17.00051575899124,,,
amgtp_uniform_q,92,0.0,0.20000606775283813,0.20000606775283813,0.20000606775283813,0.20000606775283813,0.20000606775283813,17.00051575899124,,,
amgtp_uniform_q,93,0.0,0.20000606775283813,0.20000606775283813,0.20000606775283813,0.20000606775283813,0.20000606775283813,17.00051575899124,,,
amgtp_uniform_q,94,0.0,0.20000606775283813,0.20000606775283813,0.20000606775283813,0.20000606775283813,0.20000606775283813,17.00051575899124,,,
amgtp_uniform_q,95,0.0,0.20000606775283813,0.20000606775283813,0.20000606775283813,0.20000606775283813,0.20000606775283813,17.00051575899124,,,
amgtp_uniform_q,96,0.0,0.20000606775283813,0.20000606775283813,0.20000606775283813,0.20000606775283813,0.20000606775283813,17.00051575899124,,,
amgtp_uniform_q,97,0.0,0.20000606775283813,0.20000606775283813,0.20000606775283813,0.20000606775283813,0.20000606775283813,17.00051575899124,,,
amgtp_uniform_q,98,0.0,0.20000606775283813,0.20000606775283813,0.20000606775283813,0.20000606775283813,0.20000606775283813,17.00051575899124,,,
amgtp_uniform_q,99,0.0,0.20000606775283813,0.20000606775283813,0.20000606775283813,0.20000606775283813,0.20000606775283813,17.00051575899124,,,
amgtp_uniform_q,100,0.0,0.20000606775283813,0.20000606775283813,0.20000606775283813,0.20000606775283813,0.20000606775283813,17.00051575899124,,,
amgtp_uniform_q,101,0.0,0.20000606775283813,0.20000606775283813,0.20000606775283813,0.20000606775283813,0.20000606775283813,17.00051575899124,,,
amgtp_uniform_q,102,0.0,0.20000606775283813,0.20000606775283813,0.20000606775283813,0.20000606775283813,0.20000606775283813,17.00051575899124,,,
amgtp_uniform_q,103,0.0,0.20000606775283813,0.20000606775283813,0.20000606775283813,0.20000606775283813,0.20000606775283813,17.00051575899124,,,
amgtp_uniform_q,104,0.0,0.20000606775283813,0.20000606775283813,0.20000606775283813,0.20000606775283813,0.20000606775283813,17.00051575899124,,,
amgtp_uniform_q,105,0.0,0.20000606775283813,0.20000606775283813,0.20000606775283813,0.20000606775283813,0.20000606775283813,17.00051575899124,,,
amgtp_uniform_q,106,0.0,0.20000606775283813,0.20000606775283813,0.20000606775283813,0.20000606775283813,0.20000606775283813,17.00051575899124,,,
amgtp_uniform_q,107,0.0,0.20000606775283813,0.20000606775283813,0.20000606775283813,0.20000606775283813,0.20000606775283813,17.00051575899124,,,
amgtp_uniform_q,108,0.0,0.20000606775283813,0.20000606775283813,0.20000606775283813,0.20000606775283813,0.20000606775283813,17.00051575899124,,,
amgtp_uniform_q,109,0.0,0.20000606775283813,0.20000606775283813,0.20000606775283813,0.20000606775283813,0.20000606775283813,17.00051575899124,,,
amgtp_uniform_q,110,0.0,0.20000606775283813,0.20000606775283813,0.20000606775283813,0.20000606775283813,0.20000606775283813,17.00051575899124,,,
amgtp_uniform_q,111,0.0,0.20000606775283813,0.20000606775283813,0.20000606775283813,0.20000606775283813,0.20000606775283813,17.00051575899124,,,
amgtp_uniform_q,112,0.0,0.20000606775283813,0.20000606775283813,0.20000606775283813,0.20000606775283813,0.20000606775283813,17.00051575899124,,,
amgtp_uniform_q,113,0.0,0.20000606775283813,0.20000606775283813,0.20000606775283813,0.20000606775283813,0.20000606775283813,17.00051575899124,,,
amgtp_uniform_q,114,0.0,0.20000606775283813,0.20000606775283813,0.20000606775283813,0.20000606775283813,0.20000606775283813,17.00051575899124,,,
amgtp_uniform_q,115,0.0,0.20000606775283813,0.20000606775283813,0.20000606775283813,0.20000606775283813,0.20000606775283813,17.00051575899124,,,
amgtp_uniform_q,116,0.0,0.20000606775283813,0.20000606775283813,0.20000606775283813,0.20000606775283813,0.20000606775283813,17.00051575899124,,,
amgtp_uniform_q,117,0.0,0.20000606775283813,0.20000606775283813,0.20000606775283813,0.20000606775283813,0.20000606775283813,17.00051575899124,,,
amgtp_uniform_q,118,0.0,0.20000606775283813,0.20000606775283813,0.20000606775283813,0.20000606775283813,0.20000606775283813,17.00051575899124,,,
amgtp_uniform_q,119,0.0,0.20000606775283813,0.20000606775283813,0.20000606775283813,0.20000606775283813,0.20000606775283813,17.00051575899124,,,
amgtp_no_state,4,,0.20000606775283813,0.20000606775283813,0.20000606775283813,0.20000606775283813,0.20000606775283813,17.00051575899124,,,
amgtp_no_state,5,0.24378246814012527,0.22712351381778717,0.07809961587190628,0.24052974581718445,0.22712351381778717,0.22712351381778717,19.19669347256422,,,
amgtp_no_state,6,0.21775081008672714,0.19726987183094025,0.058785513043403625,0.34940552711486816,0.19726987183094025,0.19726987183094025,17.085861712694168,,,
amgtp_no_state,7,0.27284426614642143,0.2427440732717514,0.0511031337082386,0.22066627442836761,0.2427440732717514,0.2427441030740738,20.37537230923772,,,
amgtp_no_state,8,0.21820618212223053,0.2791115641593933,0.045184556394815445,0.11748111248016357,0.2791115641593933,0.2791115641593933,23.005664590746164,,,
amgtp_no_state,9,0.2892078682780266,0.3514133393764496,0.04129062965512276,0.07955596596002579,0.17632631957530975,0.3514133393764496,27.518829878419638,,,
amgtp_no_state,10,0.1571308746933937,0.3876955211162567,0.04729132726788521,0.06658446788787842,0.11073200404644012,0.3876955211162567,29.711637321859598,,,
amgtp_no_state,11,0.17287787422537804,0.3523004651069641,0.1329668164253235,0.06734879314899445,0.09508402645587921,0.3523004949092865,27.07083621621132,,,
amgtp_no_state,12,0.6994849517941475,0.1864146888256073,0.47645077109336853,0.07360716909170151,0.07711298763751984,0.1864146888256073,15.031750164926052,,,
amgtp_no_state,13,0.20164188742637634,0.13975955545902252,0.5473538637161255,0.10352486371994019,0.0696021243929863,0.1397595852613449,11.68735084682703,,,
amgtp_no_state,14,0.38930343091487885,0.12667834758758545,0.3788643777370453,0.29717379808425903,0.07060468941926956,0.12667834758758545,11.138816319406033,,,
amgtp_no_state,15,0.4822997450828552,0.10856121778488159,0.1817787140607834,0.5383238196372986,0.0627748891711235,0.10856121778488159,10.269704513251781,,,
amgtp_no_state,16,0.1531335636973381,0.09410442411899567,0.14212366938591003,0.6148906350135803,0.05477701872587204,0.09410417824983597,9.333958648145199,,,
amgtp_no_state,17,0.0773719847202301,0.08474761992692947,0.12630198895931244,0.6535765528678894,0.0506264865398407,0.08474712818861008,8.712734043598175,,,
amgtp_no_state,18,0.038148511201143265,0.07970738410949707,0.1183096244931221,0.6726511120796204,0.04962610825896263,0.07970615476369858,8.381974931806326,,,
amgtp_no_state,19,0.020136259496212006,0.07692509889602661,0.1138274222612381,0.6827192306518555,0.04960854724049568,0.07692006230354309,8.201631750911474,,,
amgtp_no_state,20,0.014861609786748886,0.07500115782022476,0.11025797575712204,0.6897253394126892,0.050033003091812134,0.0749824047088623,8.079488150775433,,,
amgtp_no_state,21,0.01591024547815323,0.07330451160669327,0.10639607906341553,0.6976804733276367,0.0493849441409111,0.07323389500379562,7.968677334487438,,,
amgtp_no_state,22,0.012161456048488617,0.0726948231458664,0.10175571590662003,0.7037152647972107,0.04943077266216278,0.07240311056375504,7.934249855577946,,,
amgtp_no_state,23,0.010264869779348373,0.07515973597764969,0.09662340581417084,0.704086184501648,0.05020427331328392,0.07392633706331253,8.104864750057459,,,
amgtp_no_state,24,0.04771079868078232,0.08678776770830154,0.09188074618577957,0.6849730014801025,0.05486445501446724,0.081493079662323,8.879020113497972,,,
amgtp_no_state,25,0.1715913601219654,0.1326858550310135,0.08790192008018494,0.6031567454338074,0.07064749300479889,0.10560823231935501,11.831571161746979,,,
amgtp_no_state,26,0.248286634683609,0.2317681908607483,0.08150570839643478,0.4854092299938202,0.07077503204345703,0.13054126501083374,17.766827784478664,,,
amgtp_no_state,27,0.2049231119453907,0.334004670381546,0.07175148278474808,0.4131702482700348,0.05030639097094536,0.13076604902744293,23.534411873668432,,,
amgtp_no_state,28,0.17695075273513794,0.4224805533885956,0.06203373149037361,0.3537119925022125,0.040193766355514526,0.12157981097698212,28.455476630479097,,,
amgtp_no_state,29,0.1472218930721283,0.49609166383743286,0.054053109139204025,0.3029780983924866,0.03429123014211655,0.11258608102798462,32.544730979949236,,,
amgtp_no_state,30,0.10222064703702927,0.5472017526626587,0.04952482134103775,0.26713594794273376,0.031213779002428055,0.10492341220378876,35.3704620487988,,,
amgtp_no_state,31,0.05168632045388222,0.5722213387489319,0.04974116012454033,0.24615131318569183,0.031821031123399734,0.10006490349769592,36.74513129144907,,,
amgtp_no_state,32,0.04081937298178673,0.5640187859535217,0.058122213929891586,0.2339446246623993,0.04236754775047302,0.10154746472835541,36.31932058557868,,,
amgtp_no_state,33,0.19343486800789833,0.4745764136314392,0.08169212937355042,0.2266690880060196,0.11148656904697418,0.10557548701763153,31.494747012853622,,,
amgtp_no_state,34,0.29904957115650177,0.35530054569244385,0.0787791982293129,0.21554355323314667,0.26101142168045044,0.08936510235071182,25.121633984148502,,,
amgtp_no_state,35,0.07531905919313431,0.3288676142692566,0.08432063460350037,0.20708172023296356,0.2931298315525055,0.0866006538271904,23.70194062590599,,,
amgtp_no_state,36,0.1810460239648819,0.3489775061607361,0.13177135586738586,0.2100837379693985,0.20260657370090485,0.10656078904867172,24.610770002007484,,,
amgtp_no_state,37,0.15280112624168396,0.3993336260318756,0.14845766127109528,0.20552343130111694,0.1307663768529892,0.11591898649930954,27.26327596604824,,,
amgtp_no_state,38,0.08957414329051971,0.44412022829055786,0.14416976273059845,0.1938808560371399,0.11771930009126663,0.10010899603366852,29.598587073385715,,,
amgtp_no_state,39,0.052224673330783844,0.44757184386253357,0.16683094203472137,0.18666322529315948,0.10961449146270752,0.08931955695152283,29.598906487226486,,,
amgtp_no_state,40,0.10952871292829514,0.4062555432319641,0.2203790843486786,0.1878795027732849,0.10216062515974045,0.08332543075084686,27.04103059321642,,,
amgtp_no_state,41,0.07477221637964249,0.3798755705356598,0.24295593798160553,0.20268872380256653,0.09553366154432297,0.07894622534513474,25.41753912717104,,,
amgtp_no_state,42,0.09717188775539398,0.38817042112350464,0.2017686367034912,0.2429797500371933,0.09034580737352371,0.07673536986112595,25.92764898389578,,,
amgtp_no_state,43,0.11774387210607529,0.4470425546169281,0.1554774045944214,0.2383061945438385,0.08579498529434204,0.07337924093008041,29.320823535323143,,,
amgtp_no_state,44,0.17245512455701828,0.5332700610160828,0.13190600275993347,0.18702314794063568,0.08032461255788803,0.06747644394636154,34.196121610701084,,,
amgtp_no_state,45,0.10771868750452995,0.5871291756629944,0.11791429668664932,0.15990805625915527,0.07385373115539551,0.06119455024600029,37.19908882677555,,,
amgtp_no_state,46,0.07565323635935783,0.6249561309814453,0.10653819888830185,0.14346474409103394,0.06841415166854858,0.05662725865840912,39.30598097294569,,,
amgtp_no_state,47,0.04924136772751808,0.6495763063430786,0.09742322564125061,0.13192962110042572,0.06619841605424881,0.054871898144483566,40.699385955929756,,,
amgtp_no_state,48,0.024620603770017624,0.6546462178230286,0.09126629680395126,0.12577657401561737,0.0708933025598526,0.05741772800683975,41.04747039824724,,,
amgtp_no_state,49,0.08741569519042969,0.6134541630744934,0.08875063061714172,0.1291058361530304,0.10017671436071396,0.06851302832365036,38.94373732060194,,,
amgtp_no_state,50,0.2496350184082985,0.4890778064727783,0.08830967545509338,0.14135612547397614,0.2054695188999176,0.07578764110803604,32.35636004805565,,,
amgtp_no_state,51,0.18756968528032303,0.41286036372184753,0.08390402048826218,0.13871259987354279,0.2992539703845978,0.06526903063058853,28.280207864940166,,,
amgtp_no_state,52,0.07089390605688095,0.38147205114364624,0.08147192001342773,0.1392941027879715,0.3341194689273834,0.06364253908395767,26.617509126663208,,,
amgtp_no_state,53,0.10802072286605835,0.36852535605430603,0.08833302557468414,0.16620562970638275,0.29305577278137207,0.0838802382349968,25.924185022711754,,,
amgtp_no_state,54,0.20422090590000153,0.361346036195755,0.09868363291025162,0.2026798278093338,0.19812478125095367,0.13916602730751038,25.722683139145374,,,
amgtp_no_state,55,0.10399119555950165,0.3515312075614929,0.10679146647453308,0.24656738340854645,0.17573751509189606,0.11937231570482254,24.839741095900536,,,
amgtp_no_state,56,0.12382551282644272,0.33503833413124084,0.1067781150341034,0.3084806501865387,0.1650913655757904,0.08461244404315948,23.474733889102936,,,
amgtp_no_state,57,0.10477278381586075,0.3125435709953308,0.09934914857149124,0.3608665466308594,0.15336039662361145,0.07388025522232056,22.042409397661686,,,
amgtp_no_state,58,0.09928442537784576,0.28853514790534973,0.09308058768510818,0.41050854325294495,0.14065416157245636,0.06722104549407959,20.562388859689236,,,
amgtp_no_state,59,0.08594361692667007,0.26715943217277527,0.08902999013662338,0.45348095893859863,0.12873977422714233,0.06159054487943649,19.242484845221043,,,
amgtp_no_state,60,0.04637935757637024,0.2560819983482361,0.08978859335184097,0.4759119153022766,0.12025568634271622,0.057962268590927124,18.53570580482483,,,
amgtp_no_state,61,0.04187016561627388,0.2688755989074707,0.09792957454919815,0.45993539690971375,0.1161007210612297,0.05715816840529442,19.22319110482931,,,
amgtp_no_state,62,0.1952902041375637,0.3588710427284241,0.10369254648685455,0.3634375035762787,0.11495375633239746,0.05904509872198105,24.357575297355652,,,
amgtp_no_state,63,0.18358543142676353,0.450664222240448,0.08939425647258759,0.29527702927589417,0.10818091034889221,0.05648445710539818,29.56312745064497,,,
amgtp_no_state,64,0.06985433399677277,0.48559054732322693,0.08515769243240356,0.270392507314682,0.10312613099813461,0.05573231354355812,31.53390336036682,,,
amgtp_no_state,65,0.028926987200975418,0.48706433176994324,0.09254898875951767,0.2559299170970917,0.10430123656988144,0.06015652418136597,31.65649864077568,,,
amgtp_no_state,66,0.08359310775995255,0.4549958407878876,0.11394604295492172,0.24620145559310913,0.11575773358345032,0.06909912824630737,29.92999278753996,,,
amgtp_no_state,67,0.12261239439249039,0.4019978940486908,0.1373978853225708,0.23789291083812714,0.14637577533721924,0.07633514702320099,27.06427274644375,,,
amgtp_no_state,68,0.11562564224004745,0.3657037615776062,0.1253967583179474,0.22837555408477783,0.20313027501106262,0.07739367336034775,25.25817246735096,,,
amgtp_no_state,69,0.060569167137145996,0.35719263553619385,0.11211170256137848,0.21988722681999207,0.22408650815486908,0.08672209829092026,24.986046448349953,,,
amgtp_no_state,70,0.14019177854061127,0.39417827129364014,0.10585067421197891,0.2137230634689331,0.16641557216644287,0.1198321133852005,27.240274734795094,,,
amgtp_no_state,71,0.13111571222543716,0.45973628759384155,0.09510137885808945,0.20177602767944336,0.13318651914596558,0.11019980162382126,30.75970957428217,,,
amgtp_no_state,72,0.11219631880521774,0.5158345103263855,0.08730039745569229,0.18892653286457062,0.1219104528427124,0.08602824807167053,33.66191925853491,,,
amgtp_no_state,73,0.0709548220038414,0.5513116717338562,0.08179756253957748,0.17799367010593414,0.11368507146835327,0.07521166652441025,35.54323770850897,,,
amgtp_no_state,74,0.03714907169342041,0.5698862671852112,0.07931128144264221,0.17255191504955292,0.10734349489212036,0.07090680301189423,36.534242764115334,,,
amgtp_no_state,75,0.013012871146202087,0.5710946321487427,0.08064420521259308,0.17651700973510742,0.10229524970054626,0.0694485604763031,36.56421975791454,,,
amgtp_no_state,76,0.06280113011598587,0.543603777885437,0.08729518949985504,0.20024023950099945,0.09838574379682541,0.07047511637210846,34.97959441691637,,,
amgtp_no_state,77,0.04992343485355377,0.5212568044662476,0.09168015420436859,0.21906958520412445,0.09577061235904694,0.07222213596105576,33.705801367759705,,,
amgtp_no_state,78,0.06308288127183914,0.5509056448936462,0.0879250317811966,0.19306518137454987,0.09398934245109558,0.07411538064479828,35.416999995708466,,,
amgtp_no_state,79,0.09158562868833542,0.596697986125946,0.0788596123456955,0.16259244084358215,0.0893966555595398,0.07245294004678726,38.008633852005005,,,
amgtp_no_state,80,0.05606299638748169,0.624729573726654,0.073935367166996,0.1449413001537323,0.08505365997552872,0.071339912712574,39.58666808903217,,,
amgtp_no_state,81,0.02364233136177063,0.6341673731803894,0.0756482481956482,0.13415856659412384,0.08401533961296082,0.07201050966978073,40.12442085146904,,,
amgtp_no_state,82,0.07654745876789093,0.5964277982711792,0.09873820096254349,0.13362422585487366,0.09469366818666458,0.07651577144861221,38.01935525238514,,,
amgtp_no_state,83,0.252688005566597,0.47331440448760986,0.17988376319408417,0.1494622677564621,0.1240542083978653,0.0732853040099144,30.92150855064392,,,
amgtp_no_state,84,0.17384786158800125,0.3979373872280121,0.18915146589279175,0.1765979677438736,0.17457495629787445,0.06173861026763916,26.681553840637207,,,
amgtp_no_state,85,0.23426410555839539,0.35584864020347595,0.12231656908988953,0.18803685903549194,0.2802676558494568,0.05352973937988281,24.74863550066948,,,
amgtp_no_state,86,0.14680906385183334,0.33278417587280273,0.0967864915728569,0.16776929795742035,0.3536728024482727,0.04898792505264282,23.72868550568819,,,
amgtp_no_state,87,0.014125879853963852,0.33008065819740295,0.0933365672826767,0.17450155317783356,0.35276302695274353,0.049318332225084305,23.58147855848074,,,
amgtp_no_state,88,0.14271091669797897,0.3356086015701294,0.09538146108388901,0.2343096286058426,0.2814078629016876,0.053293172270059586,23.650785893201828,,,
amgtp_no_state,89,0.12046536430716515,0.33604249358177185,0.09464238584041595,0.2931124269962311,0.22191400825977325,0.054288916289806366,23.449972167611122,,,
amgtp_no_state,90,0.04421180859208107,0.3285345137119293,0.09212534874677658,0.3152179718017578,0.2112007886171341,0.05292088910937309,22.96914805471897,,,
amgtp_no_state,91,0.05413772910833359,0.31540367007255554,0.08871510624885559,0.3422870635986328,0.20195075869560242,0.05164336785674095,22.176458962261677,,,
amgtp_no_state,92,0.06454111635684967,0.2991361618041992,0.08491181582212448,0.3745574653148651,0.19066596031188965,0.05072825029492378,21.201611146330833,,,
amgtp_no_state,93,0.05848307907581329,0.2841721475124359,0.082241490483284,0.40301522612571716,0.17905914783477783,0.05151241645216942,20.316203884780407,,,
amgtp_no_state,94,0.02984093502163887,0.2787154018878937,0.08353602886199951,0.40944042801856995,0.16959534585475922,0.05871306359767914,20.043931737542152,,,
amgtp_no_state,95,0.13881853967905045,0.30526843667030334,0.09109639376401901,0.3466586768627167,0.1629677414894104,0.09400884807109833,21.90407668799162,,,
amgtp_no_state,96,0.15894313156604767,0.3589990735054016,0.08753596991300583,0.2796020209789276,0.15411308407783508,0.11974960565567017,25.221572510898113,,,
amgtp_no_state,97,0.1525140255689621,0.43525615334510803,0.07963068783283234,0.25086209177970886,0.14233164489269257,0.09191931039094925,29.23077802360058,,,
amgtp_no_state,98,0.11862998455762863,0.49457117915153503,0.07403751462697983,0.22846290469169617,0.1311892718076706,0.0717390850186348,32.35636907070875,,,
amgtp_no_state,99,0.060870490968227386,0.5250067114830017,0.07384228706359863,0.21245422959327698,0.1245914027094841,0.06410589814186096,33.981230057775974,,,
amgtp_no_state,100,0.02440762147307396,0.5259258151054382,0.08392833173274994,0.20242784917354584,0.12578962743282318,0.06192803010344505,33.994280599057674,,,
amgtp_no_state,101,0.07840726152062416,0.4940148591995239,0.10861855745315552,0.19513559341430664,0.1401856541633606,0.06204582750797272,32.18485805392265,,,
amgtp_no_state,102,0.07484828680753708,0.46343204379081726,0.11445214599370956,0.1882939636707306,0.17078840732574463,0.063033327460289,30.563242100179195,,,
amgtp_no_state,103,0.042095884680747986,0.47931116819381714,0.10081622004508972,0.18088191747665405,0.17459742724895477,0.06439309567213058,31.525817394256592,,,
amgtp_no_state,104,0.12248536944389343,0.5405537486076355,0.08622552454471588,0.17124316096305847,0.13826006650924683,0.06371711939573288,34.89304006099701,,,
amgtp_no_state,105,0.09599103406071663,0.5885496139526367,0.0756581500172615,0.15809081494808197,0.11817416548728943,0.059527572244405746,37.52351260185242,,,
amgtp_no_state,106,0.07281148433685303,0.624955415725708,0.06832563132047653,0.14518660306930542,0.10551931709051132,0.05601346865296364,39.52403416484594,,,
amgtp_no_state,107,0.04211081936955452,0.64601069688797,0.06408869475126266,0.1383238285779953,0.09612803906202316,0.05544891953468323,40.688883140683174,,,
amgtp_no_state,108,0.03328480198979378,0.6353579759597778,0.064893439412117,0.15033714473247528,0.09013861417770386,0.05927351489663124,40.09818293899298,,,
amgtp_no_state,109,0.20925820991396904,0.53353351354599,0.0734652429819107,0.24152874946594238,0.08733402192592621,0.06413926184177399,34.31935012340546,,,
amgtp_no_state,110,0.2297026664018631,0.430745929479599,0.07257594913244247,0.35637983679771423,0.08347699791193008,0.056821584701538086,28.36631239950657,,,
amgtp_no_state,111,0.06338293105363846,0.3995056450366974,0.07343664765357971,0.3870202302932739,0.08366745710372925,0.05637048929929733,26.579695090651512,,,
amgtp_no_state,112,0.06965761631727219,0.39687395095825195,0.08392079919576645,0.35482290387153625,0.09344220906496048,0.07094018161296844,26.608084574341774,,,
amgtp_no_state,113,0.1393013894557953,0.4011293649673462,0.10113035142421722,0.28517237305641174,0.10198311507701874,0.11058516800403595,27.28648352622986,,,
amgtp_no_state,114,0.06956125050783157,0.4033054709434509,0.12450242787599564,0.2551446855068207,0.09723014384508133,0.1198175773024559,27.446321830153465,,,
amgtp_no_state,115,0.10364758968353271,0.400120347738266,0.17632581293582916,0.24384190142154694,0.09149479120969772,0.088216632604599,26.7905687764287,,,
amgtp_no_state,116,0.07250937074422836,0.38871824741363525,0.21258075535297394,0.2350570410490036,0.0868985503911972,0.07674540579319,25.92357225716114,,,
amgtp_no_state,117,0.04544223099946976,0.37911972403526306,0.2353019267320633,0.22785739600658417,0.08455777168273926,0.07316329330205917,25.282248064875603,,,
amgtp_no_state,118,0.012772716581821442,0.3787233531475067,0.24148303270339966,0.22346948087215424,0.08476293087005615,0.07156112790107727,25.23048897087574,,,
amgtp_no_state,119,0.04137613624334335,0.39548999071121216,0.22195327281951904,0.22243650257587433,0.08868438750505447,0.0714358240365982,26.239554472267628,,,
amgtp_fixed_beta0,4,,0.20000606775283813,0.20000606775283813,0.20000606775283813,0.20000606775283813,0.20000606775283813,17.00051575899124,,,
amgtp_fixed_beta0,5,0.3144935630261898,0.23197735846042633,0.04274408891797066,0.2613237798213959,0.23197735846042633,0.23197735846042633,19.61688146367669,,,
amgtp_fixed_beta0,6,0.21031686291098595,0.20093601942062378,0.030710019171237946,0.36648255586624146,0.20093601942062378,0.20093601942062378,17.40597525984049,,,
amgtp_fixed_beta0,7,0.39400033466517925,0.2666027545928955,0.02036946453154087,0.17982298135757446,0.2666027545928955,0.2666027545928955,22.1546615306288,,,
amgtp_fixed_beta0,8,0.2502616951242089,0.3083130121231079,0.01403977070003748,0.061021752655506134,0.3083130121231079,0.3083130121231079,25.170459010638297,,,
amgtp_fixed_beta0,9,0.4254590980708599,0.41467732191085815,0.012422130443155766,0.02046078070998192,0.13776114583015442,0.41467732191085815,31.724254314787686,,,
amgtp_fixed_beta0,10,0.1992813954129815,0.4606943428516388,0.020029066130518913,0.012467052787542343,0.04611445590853691,0.4606943428516388,34.471612786874175,,,
amgtp_fixed_beta0,11,0.21950983069837093,0.41258496046066284,0.11495110392570496,0.02729998528957367,0.03257833048701286,0.41258499026298523,30.95618686452508,,,
amgtp_fixed_beta0,12,1.0516822766512632,0.15611279010772705,0.5747079849243164,0.09338467568159103,0.01968199573457241,0.15611279010772705,12.544982450082898,,,
amgtp_fixed_beta0,13,0.6376896928995848,0.11940334737300873,0.3292822241783142,0.4110208749771118,0.020890843123197556,0.11940334737300873,10.544428456574678,,,
amgtp_fixed_beta0,14,0.8529147831723094,0.04485541209578514,0.05829666554927826,0.8374778032302856,0.014514417387545109,0.04485541209578514,5.991631492041051,,,
amgtp_fixed_beta0,15,0.20970869716256857,0.01703762821853161,0.012854446657001972,0.9423326849937439,0.010738390497863293,0.01703762635588646,4.175805697217584,,,
amgtp_fixed_beta0,16,0.029701415915042162,0.013156858272850513,0.005765679758042097,0.951839029788971,0.016082381829619408,0.013156083412468433,3.9474561060778797,,,
amgtp_fixed_beta0,17,0.09496324602514505,0.020041946321725845,0.004623296204954386,0.9055006504058838,0.04992306977510452,0.01991279050707817,4.5518825822509825,,,
amgtp_fixed_beta0,18,0.7388011226430535,0.060629334300756454,0.005159120541065931,0.5360996127128601,0.3404478430747986,0.057664889842271805,8.441661376040429,,,
amgtp_fixed_beta0,19,0.7983127171173692,0.28930172324180603,0.004687892738729715,0.1983824223279953,0.2794792950153351,0.22814825177192688,23.1083691441454,,,
amgtp_fixed_beta0,20,0.8640091082779691,0.721306324005127,0.001880596042610705,0.03249429166316986,0.026492144912481308,0.21782632172107697,46.612756429822184,,,
amgtp_fixed_beta0,21,0.46172693924745545,0.9521700143814087,0.0004311792436055839,0.0040131825953722,0.0018003429286181927,0.04158540070056915,57.73746960022254,,,
amgtp_fixed_beta0,22,0.07408014313841704,0.9892092943191528,0.0001726895134197548,0.0009379954426549375,0.00029125044238753617,0.009387306869029999,59.48900538425369,,,
amgtp_fixed_beta0,23,0.013482948015735019,0.9959505200386047,0.00010516445763641968,0.0003895211557392031,9.657777263782918e-05,0.0034562565851956606,59.80736856684234,,,
amgtp_fixed_beta0,24,0.0034860047308029607,0.997694194316864,9.202587534673512e-05,0.000252373400144279,5.510669871000573e-05,0.0019056835444644094,59.88956612160109,,,
amgtp_fixed_beta0,25,0.0012774978822562844,0.9983328580856323,9.107737423619255e-05,0.00020155409583821893,4.060179344378412e-05,0.0013331221416592598,59.919615147337026,,,
amgtp_fixed_beta0,26,0.0001497186894994229,0.9983205795288086,0.00012617673201020807,0.00023523451818618923,4.709461791208014e-05,0.0012709546135738492,59.9181896789305,,,
amgtp_fixed_beta0,27,0.00038542700349353254,0.9985039234161377,0.0001359791203867644,0.0002296749735251069,4.273745435057208e-05,0.001088590594008565,59.9265998395058,,,
amgtp_fixed_beta0,28,0.00077037799928803,0.9981176853179932,0.00020732198026962578,0.00032064979313872755,6.192798173287883e-05,0.001291222288273275,59.90674099834723,,,
amgtp_fixed_beta0,29,0.0016739445927669294,0.9972814917564392,0.00035420252243056893,0.0005093112122267485,0.00010713846131693572,0.0017482208786532283,59.86399670307583,,,
amgtp_fixed_beta0,30,0.0036198150337440893,0.9954716563224792,0.0006779813556931913,0.0009190727723762393,0.0002168281644117087,0.0027149703819304705,59.771261961519485,,,
amgtp_fixed_beta0,31,0.0076784655975643545,0.9916322231292725,0.0014046278083696961,0.001819786848500371,0.0004883267101831734,0.004655143711715937,59.573387675045524,,,
amgtp_fixed_beta0,32,0.01809716277057305,0.982582688331604,0.003234238363802433,0.004048761446028948,0.0012554835993796587,0.00887702964246273,59.103408622788265,,,
amgtp_fixed_beta0,33,0.03993902844376862,0.9626137018203735,0.007509434595704079,0.009379059076309204,0.0032436680048704147,0.017253393307328224,58.05672190338373,,,
amgtp_fixed_beta0,34,0.07402988476678729,0.9255990386009216,0.01575375162065029,0.020182687789201736,0.0073860264383256435,0.031078310683369637,56.09904266567901,,,
amgtp_fixed_beta0,35,0.1297656618990004,0.8607164025306702,0.03070758283138275,0.040400180965662,0.01570526883006096,0.052470769733190536,52.63941993564367,,,
amgtp_fixed_beta0,36,0.10250242985785007,0.8094651699066162,0.04490234702825546,0.05659079551696777,0.023843800649046898,0.06519805639982224,49.86226432211697,,,
amgtp_fixed_beta0,37,0.033063480630517006,0.8206607103347778,0.05023878440260887,0.05451364815235138,0.023236986249685287,0.051350515335798264,50.334988467395306,,,
amgtp_fixed_beta0,38,0.08039078116416931,0.7936606407165527,0.07879868149757385,0.06596300005912781,0.02342301234602928,0.03815507888793945,48.59445831552148,,,
amgtp_fixed_beta0,39,0.5390339940786362,0.5266270041465759,0.23996998369693756,0.1650879681110382,0.03264319524168968,0.0356711745262146,33.06075294688344,,,
amgtp_fixed_beta0,40,0.6856328062713146,0.19665677845478058,0.27904072403907776,0.4688343405723572,0.032524771988391876,0.0229441300034523,14.03384167701006,,,
amgtp_fixed_beta0,41,0.6326546613126993,0.10008610785007477,0.08250461518764496,0.7851611971855164,0.021664222702383995,0.010583654046058655,8.74297539331019,,,
amgtp_fixed_beta0,42,0.1777702495455742,0.18346598744392395,0.04516793414950371,0.73396897315979,0.02717016078531742,0.010228127241134644,13.588419007137418,,,
amgtp_fixed_beta0,43,1.2087034564465284,0.7877461910247803,0.022544434294104576,0.1537134349346161,0.027240650728344917,0.00875440239906311,48.06170238927007,,,
amgtp_fixed_beta0,44,0.37400887510739267,0.9747514128684998,0.004303641617298126,0.009748445823788643,0.008337392471730709,0.002859789179638028,58.6170325470157,,,
amgtp_fixed_beta0,45,0.03836759191472083,0.9939351677894592,0.0010619700187817216,0.0011348627740517259,0.0028098549228161573,0.0010587443830445409,59.67506803153083,,,
amgtp_fixed_beta0,46,0.006469373271102086,0.9971699118614197,0.0004528507124632597,0.0002758315240498632,0.001464261207729578,0.0006378594553098083,59.85065491779824,,,
amgtp_fixed_beta0,47,0.0009450273646507412,0.9976420998573303,0.00034955370938405395,0.00014391698641702533,0.001226701308041811,0.0006379273836500943,59.87682518863585,,,
amgtp_fixed_beta0,48,0.00036741213989444077,0.9977836012840271,0.00030774500919505954,9.622683865018189e-05,0.0011318183969706297,0.0006794563378207386,59.885047620075056,,,
amgtp_fixed_beta0,49,0.0010413280324428342,0.9972658753395081,0.00036666012601926923,9.345805301563814e-05,0.0013519198400899768,0.0009212730801664293,59.85896081665851,,,
amgtp_fixed_beta0,50,0.0026092916159541346,0.9959617257118225,0.0005453670164570212,0.00012414039520081133,0.0019174787448719144,0.0014514669310301542,59.792364219159936,,,
amgtp_fixed_beta0,51,0.004879832093138248,0.9935217499732971,0.0008983727311715484,0.00019621562387328595,0.002964438172057271,0.002419282915070653,59.66741304601601,,,
amgtp_fixed_beta0,52,0.0036674898583441973,0.9916881322860718,0.0011505179572850466,0.0002315482561243698,0.0037301979027688503,0.003199917497113347,59.574043330168934,,,
amgtp_fixed_beta0,53,0.007417474887915887,0.9879798889160156,0.001711033983156085,0.00033980869920924306,0.005231216549873352,0.004739353898912668,59.38449326547561,,,
amgtp_fixed_beta0,54,0.008650706266053021,0.9836539030075073,0.0024534922558814287,0.0004941643564961851,0.0068111540749669075,0.006587322801351547,59.1630707635195,,,
amgtp_fixed_beta0,55,0.017516037973109633,0.9748956561088562,0.004230489023029804,0.0008937788661569357,0.009846334345638752,0.010133322328329086,58.71144204516895,,,
amgtp_fixed_beta0,56,0.027123554842546582,0.9613335728645325,0.007636975031346083,0.0016955756582319736,0.014453153125941753,0.01487969234585762,58.00222583860159,,,
amgtp_fixed_beta0,57,0.04557670932263136,0.9385454058647156,0.014567416161298752,0.0032864250242710114,0.023061461746692657,0.020538635551929474,56.78612217307091,,,
amgtp_fixed_beta0,58,0.11928916303440928,0.8789010643959045,0.033237334340810776,0.007447162177413702,0.04961239546537399,0.030801868066191673,53.568155605811626,,,
amgtp_fixed_beta0,59,0.3116988935507834,0.7230512499809265,0.07562906295061111,0.016185233369469643,0.14075519144535065,0.04437835142016411,45.11384302191436,,,
amgtp_fixed_beta0,60,0.2866792380809784,0.5797125101089478,0.09701298922300339,0.024809690192341805,0.24943791329860687,0.04902774468064308,37.386646484956145,,,
amgtp_fixed_beta0,61,0.38952974788844585,0.7744766473770142,0.061663080006837845,0.02426093816757202,0.09742394834756851,0.04217476025223732,47.875459019094706,,,
amgtp_fixed_beta0,62,0.28478802740573883,0.9168708324432373,0.026586567983031273,0.015255937352776527,0.016678337007761,0.02460804209113121,55.54586527496576,,,
amgtp_fixed_beta0,63,0.07946169027127326,0.956601083278656,0.014815491624176502,0.010345806367695332,0.0037804467137902975,0.014455700293183327,57.67076083854772,,,
amgtp_fixed_beta0,64,0.006329493131488562,0.9562471508979797,0.01616694964468479,0.012159362435340881,0.001984271453693509,0.013441328890621662,57.62954259547405,,,
amgtp_fixed_beta0,65,0.06663420237600803,0.9229305982589722,0.032202042639255524,0.024157997220754623,0.0021016562823206186,0.018607866019010544,55.75573364808224,,,
amgtp_fixed_beta0,66,0.28019525902345777,0.782832682132721,0.10214609652757645,0.0785830169916153,0.00349041516892612,0.03294737637042999,47.79355225083418,,,
amgtp_fixed_beta0,67,0.8307571883779019,0.3674541115760803,0.2671374976634979,0.31108877062797546,0.006242412608116865,0.04807684198021889,23.964423180092126,,,
amgtp_fixed_beta0,68,0.45672665163874626,0.28235891461372375,0.12386959046125412,0.5383597612380981,0.006617687176913023,0.04879412427544594,19.409925301093608,,,
amgtp_fixed_beta0,69,0.9152078591287136,0.730498194694519,0.036980777978897095,0.16817602515220642,0.006086457055062056,0.05825892463326454,45.2296306793578,,,
amgtp_fixed_beta0,70,0.43202992668375373,0.9465120434761047,0.006259412970393896,0.01758524402976036,0.002668969798833132,0.02697248011827469,57.24603526387364,,,
amgtp_fixed_beta0,71,0.0728110132040456,0.9829181432723999,0.001480126054957509,0.0028654406778514385,0.0012784405844286084,0.011457186192274094,59.15451473521534,,,
amgtp_fixed_beta0,72,0.015392275468911976,0.9906148314476013,0.0006812827778048813,0.0009827991016209126,0.0010145819978788495,0.006706942338496447,59.54151883366285,,,
amgtp_fixed_beta0,73,0.007031061191810295,0.9941301941871643,0.0003832220972981304,0.0004418060416355729,0.0008547164034098387,0.004190163221210241,59.714165591372875,,,
amgtp_fixed_beta0,74,0.0014270091196522117,0.9946523308753967,0.00035566245787777007,0.0003437605337239802,0.001046067918650806,0.003602247452363372,59.738280736346496,,,
amgtp_fixed_beta0,75,0.0007269274792633951,0.9944521188735962,0.00038967886939644814,0.0003262808022554964,0.0013748833443969488,0.0034558435436338186,59.72650164671359,,,
amgtp_fixed_beta0,76,0.0018179623875766993,0.9935440421104431,0.0004799820308107883,0.00035759079037234187,0.0019260573899373412,0.0036929419729858637,59.67937887037988,,,
amgtp_fixed_beta0,77,0.0030515679391101003,0.9920172691345215,0.0006387705216184258,0.0004305796173866838,0.002730039646849036,0.004181977361440659,59.60062461803318,,,
amgtp_fixed_beta0,78,0.006091403687605634,0.9889721870422363,0.0009642209042795002,0.0006049161893315613,0.004143562167882919,0.005314989481121302,59.44452497991733,,,
amgtp_fixed_beta0,79,0.008078701561316848,0.9849327802658081,0.0014400744112208486,0.0008529059123247862,0.005964700132608414,0.006809303071349859,59.23704875202384,,,
amgtp_fixed_beta0,80,0.014505143510177732,0.9776803255081177,0.0024355431087315083,0.0013968917774036527,0.00899597443640232,0.009491262957453728,58.86329525138717,,,
amgtp_fixed_beta0,81,0.01617310626897961,0.9695936441421509,0.0038920666556805372,0.0021399478428065777,0.012235342524945736,0.01213874015957117,58.44152031862177,,,
amgtp_fixed_beta0,82,0.03461277927272022,0.9522868394851685,0.007396234665066004,0.0039186240173876286,0.01962415687739849,0.016773056238889694,57.52855436131358,,,
amgtp_fixed_beta0,83,0.08381133992224932,0.9103818535804749,0.016123158857226372,0.00799625739455223,0.04126597195863724,0.02423303760588169,55.29114747606218,,,
amgtp_fixed_beta0,84,0.4014979861676693,0.7096328139305115,0.046047698706388474,0.020423881709575653,0.18331173062324524,0.04058406129479408,44.53664715215564,,,
amgtp_fixed_beta0,85,1.0703126732259989,0.1829325407743454,0.06126368045806885,0.02649168111383915,0.697184145450592,0.03212785720825195,16.446770189329982,,,
amgtp_fixed_beta0,86,0.3659594412893057,0.2713456451892853,0.1082778126001358,0.0462653711438179,0.5142040848731995,0.059906311333179474,20.965929590165615,,,
amgtp_fixed_beta0,87,1.039536189287901,0.7602503895759583,0.08317111432552338,0.036283571273088455,0.029524460434913635,0.09076963365077972,47.284491296857595,,,
amgtp_fixed_beta0,88,0.31946776900440454,0.9199846982955933,0.02823627181351185,0.012696154415607452,0.0013625333085656166,0.03772035986185074,55.8030294040218,,,
amgtp_fixed_beta0,89,0.09067274887638632,0.9653211832046509,0.01431883405894041,0.006045795511454344,0.00015849036572035402,0.014155935496091843,58.151019742377684,,,
amgtp_fixed_beta0,90,0.022976883403316606,0.9768093228340149,0.011579710990190506,0.004445720463991165,4.745557816931978e-05,0.007117424625903368,58.73345237623289,,,
amgtp_fixed_beta0,91,0.005896327831578674,0.9757534265518188,0.014154764823615551,0.004818760324269533,3.071617175010033e-05,0.005241826176643372,58.64741721858081,,,
amgtp_fixed_beta0,92,0.020030985288030934,0.9658838510513306,0.02244163677096367,0.006546323653310537,3.2456980989081785e-05,0.005096592474728823,58.066691164323856,,,
amgtp_fixed_beta0,93,0.042111466584174195,0.9448277354240417,0.03922571986913681,0.009964700788259506,4.299623833503574e-05,0.005938943941146135,56.84223013652081,,,
amgtp_fixed_beta0,94,0.05730122029490303,0.9161763787269592,0.06178886815905571,0.014750641770660877,6.167558603920043e-05,0.007221038918942213,55.17814979105606,,,
amgtp_fixed_beta0,95,0.02969986754033016,0.9013267159461975,0.07119865715503693,0.018924452364444733,8.835094195092097e-05,0.008460968732833862,54.32664698987355,,,
amgtp_fixed_beta0,96,0.021453394678246696,0.8906007409095764,0.07509159296751022,0.023550519719719887,0.00014591611397918314,0.01061182003468275,53.73137449998467,,,
amgtp_fixed_beta0,97,0.07554898438684177,0.8528258204460144,0.10173925757408142,0.031199289485812187,0.0002637035504449159,0.013971662148833275,51.56233554772916,,,
amgtp_fixed_beta0,98,0.4757003444537986,0.61497563123703,0.29921090602874756,0.06288464367389679,0.0006828951300121844,0.0222456231713295,37.70262170158094,,,
amgtp_fixed_beta0,99,0.4817860613693483,0.37408244609832764,0.41990113258361816,0.17755980789661407,0.001485159038566053,0.026970844715833664,23.785515261464752,,,
amgtp_fixed_beta0,100,0.959853914915584,0.2516764998435974,0.0686696395277977,0.6567943692207336,0.0021778687369078398,0.02068164013326168,17.44443078082986,,,
amgtp_fixed_beta0,101,0.2272230233065784,0.20453639328479767,0.010462617501616478,0.7704060673713684,0.002069795737043023,0.01252551656216383,14.783710218733177,,,
amgtp_fixed_beta0,102,0.9865571781992912,0.6938142776489258,0.004082100000232458,0.283507376909256,0.003171549877151847,0.015423848293721676,42.721595614915714,,,
amgtp_fixed_beta0,103,0.5343577467137948,0.9609938263893127,0.0008356072939932346,0.029157688841223717,0.0017385926330462098,0.007274788338690996,57.86195544234943,,,
amgtp_fixed_beta0,104,0.059030004471424036,0.9905086159706116,0.00023765205696690828,0.004634061828255653,0.0009838731493800879,0.0036358751822263002,59.50244616037526,,,
amgtp_fixed_beta0,105,0.009926164522767067,0.9954720735549927,0.00010898227628786117,0.0013169384328648448,0.0007283056620508432,0.002374528907239437,59.77072575521015,,,
amgtp_fixed_beta0,106,0.002912392796133645,0.9969279170036316,6.757618393748999e-05,0.0005495615187101066,0.0006347464513964951,0.0018203217769041657,59.8473190109944,,,
amgtp_fixed_beta0,107,0.0003735901409527287,0.9970198273658752,6.796665547881275e-05,0.00037207044078968465,0.000728287675883621,0.00181006477214396,59.85281274047156,,,
amgtp_fixed_beta0,108,0.0008070020994637161,0.9966635704040527,8.341325155925006e-05,0.0003260471567045897,0.0009289363515563309,0.001998691353946924,59.83536001238099,,,
amgtp_fixed_beta0,109,0.0021052035881439224,0.995610773563385,0.00013043175567872822,0.00037697836523875594,0.0013615477364510298,0.0025205370038747787,59.7827261328639,,,
amgtp_fixed_beta0,110,0.0038981861725915223,0.9936618804931641,0.00023025466362014413,0.0005161379813216627,0.0021425774320960045,0.0034498178865760565,59.684786990634166,,,
amgtp_fixed_beta0,111,0.005694999097613618,0.9908141493797302,0.00040486021316610277,0.0007358415750786662,0.003323867218568921,0.004721486940979958,59.54082923542592,,,
amgtp_fixed_beta0,112,0.0076567505311686546,0.9869855046272278,0.000682445359416306,0.0010408010566607118,0.0049390788190066814,0.006351836491376162,59.34643438877538,,,
amgtp_fixed_beta0,113,0.006933643366210163,0.9835187196731567,0.001009779516607523,0.0013481915229931474,0.006419614888727665,0.007703434210270643,59.168962917639874,,,
amgtp_fixed_beta0,114,0.008543961448594928,0.9792473912239075,0.001569737563841045,0.0018336032517254353,0.00813301932066679,0.009217293001711369,58.94788725802209,,,
amgtp_fixed_beta0,115,0.016786693944595754,0.9708534479141235,0.002906921785324812,0.00299063534475863,0.011377633549273014,0.011871213093400002,58.508926120819524,,,
amgtp_fixed_beta0,116,0.025274012936279178,0.95821613073349,0.005455849226564169,0.005063444375991821,0.01667005568742752,0.014593750238418579,57.83461691951379,,,
amgtp_fixed_beta0,117,0.07615000801160932,0.9201412796974182,0.013266590423882008,0.011245477013289928,0.03437947481870651,0.02096671424806118,55.78967012651265,,,
amgtp_fixed_beta0,118,0.2599522788077593,0.7901654243469238,0.03883757069706917,0.03038991615176201,0.10616098344326019,0.03444620966911316,48.76530659943819,,,
amgtp_fixed_beta0,119,0.7455522939562798,0.41738927364349365,0.08915504813194275,0.0686340481042862,0.37952950596809387,0.04529222100973129,28.629211246967316,,,
amgtp_fixed_beta_hi,4,,0.20000606775283813,0.20000606775283813,0.20000606775283813,0.20000606775283813,0.20000606775283813,17.00051575899124,,,
amgtp_fixed_beta_hi,5,0.11442995071411133,0.21384364366531372,0.14277583360671997,0.21569305658340454,0.21384364366531372,0.21384364366531372,18.111190140247345,,,
amgtp_fixed_beta_hi,6,0.09232157468795776,0.20364201068878174,0.12721997499465942,0.2618538737297058,0.20364201068878174,0.20364201068878174,17.407784461975098,,,
amgtp_fixed_beta_hi,7,0.09712347388267517,0.21982920169830322,0.11993619799613953,0.22057576477527618,0.21982920169830322,0.21982921659946442,18.587829038500786,,,
amgtp_fixed_beta_hi,8,0.12603126466274261,0.24083447456359863,0.11300498247146606,0.16449151933193207,0.24083447456359863,0.24083447456359863,20.11407198011875,,,
amgtp_fixed_beta_hi,9,0.1555207073688507,0.2797144949436188,0.10719805955886841,0.13930439949035645,0.1940678507089615,0.2797144949436188,22.582458838820457,,,
amgtp_fixed_beta_hi,10,0.09317433834075928,0.2972458004951477,0.11872245371341705,0.12816636264324188,0.15861855447292328,0.2972458004951477,23.609740659594536,,,
amgtp_fixed_beta_hi,11,0.26237037777900696,0.24067938327789307,0.2499082237482071,0.12790745496749878,0.14082568883895874,0.24067938327789307,19.4296847730875,,,
amgtp_fixed_beta_hi,12,0.3199805021286011,0.169598788022995,0.40856078267097473,0.1292446255683899,0.12299610674381256,0.169598788022995,14.207577720284462,,,
amgtp_fixed_beta_hi,13,0.13194572925567627,0.15103872120380402,0.38675183057785034,0.19521810114383698,0.11595293879508972,0.15103872120380402,12.960942074656487,,,
amgtp_fixed_beta_hi,14,0.41183893382549286,0.13601765036582947,0.2169491946697235,0.4011375606060028,0.10987824201583862,0.13601765036582947,12.254815697669983,,,
amgtp_fixed_beta_hi,15,0.18090496957302094,0.1225510761141777,0.1649610549211502,0.4915899336338043,0.09834693372249603,0.1225510761141777,11.396939024329185,,,
amgtp_fixed_beta_hi,16,0.0932435542345047,0.11163249611854553,0.1476026326417923,0.5382117033004761,0.09092091023921967,0.1116323173046112,10.659486323595047,,,
amgtp_fixed_beta_hi,17,0.07216867804527283,0.10238483548164368,0.13406264781951904,0.5742963552474976,0.08687324821949005,0.10238359868526459,10.041524961590767,,,
amgtp_fixed_beta_hi,18,0.04950284957885742,0.09595180302858353,0.12220195680856705,0.5971432328224182,0.08877786993980408,0.09592597186565399,9.635148532688618,,,
amgtp_fixed_beta_hi,19,0.03189137578010559,0.10009116679430008,0.11174830049276352,0.5916513204574585,0.09757684171199799,0.09893344342708588,9.960278369486332,,,
amgtp_fixed_beta_hi,20,0.25725018233060837,0.1848490983247757,0.10289213806390762,0.4788180887699127,0.09064067900180817,0.14280013740062714,15.263978980481625,,,
amgtp_fixed_beta_hi,21,0.4219762161374092,0.39583683013916016,0.0933283269405365,0.3323342800140381,0.06823381036520004,0.11026614159345627,26.861903630197048,,,
amgtp_fixed_beta_hi,22,0.16856201738119125,0.4801183342933655,0.08481793850660324,0.28931522369384766,0.060394369065761566,0.0853545144200325,31.37758745253086,,,
amgtp_fixed_beta_hi,23,0.09702461585402489,0.5286305546760559,0.07769475132226944,0.2623758316040039,0.05511518940329552,0.07618387788534164,34.03503614291549,,,
amgtp_fixed_beta_hi,24,0.0745815858244896,0.5659216046333313,0.07249924540519714,0.2397555112838745,0.05150090530514717,0.07032345235347748,36.09209672734141,,,
amgtp_fixed_beta_hi,25,0.04490195959806442,0.5866377949714661,0.07181129604578018,0.22102144360542297,0.05323522910475731,0.06729402393102646,37.247906263917685,,,
amgtp_fixed_beta_hi,26,0.061624761670827866,0.5695725679397583,0.0810096338391304,0.20727482438087463,0.07285740971565247,0.06928642094135284,36.35719994455576,,,
amgtp_fixed_beta_hi,27,0.0321020781993866,0.5744726657867432,0.08785519748926163,0.19333596527576447,0.07074525952339172,0.07359182834625244,36.66172545403242,,,
amgtp_fixed_beta_hi,28,0.05770573765039444,0.58529132604599,0.09638748317956924,0.1802932173013687,0.0549343004822731,0.08309291303157806,37.30258758366108,,,
amgtp_fixed_beta_hi,29,0.1492566205561161,0.5216558575630188,0.14837612211704254,0.17543084919452667,0.048804398626089096,0.10573315620422363,33.795915100723505,,,
amgtp_fixed_beta_hi,30,0.3601977899670601,0.3699698746204376,0.32847508788108826,0.17280647158622742,0.04459492489695549,0.0841541662812233,24.535409782081842,,,
amgtp_fixed_beta_hi,31,0.1421436443924904,0.3172971308231354,0.3846644163131714,0.18768855929374695,0.04283176735043526,0.06751783937215805,21.230630066245794,,,
amgtp_fixed_beta_hi,32,0.3472851775586605,0.28683391213417053,0.2465442568063736,0.3551998734474182,0.048963338136672974,0.06245892494916916,19.73934692144394,,,
amgtp_fixed_beta_hi,33,0.2669918090105057,0.258536159992218,0.15218794345855713,0.48869505524635315,0.04737235605716705,0.05320734530687332,18.206952035427094,,,
amgtp_fixed_beta_hi,34,0.0967053510248661,0.23482389748096466,0.13293220102787018,0.5363974571228027,0.048023298382759094,0.04782334342598915,16.83724831789732,,,
amgtp_fixed_beta_hi,35,0.07352180778980255,0.2139185220003128,0.12039735168218613,0.5657926797866821,0.055388443171978,0.044502127915620804,15.663635604083538,,,
amgtp_fixed_beta_hi,36,0.06070798635482788,0.19545835256576538,0.10957542806863785,0.580854058265686,0.07068153470754623,0.04343070462346077,14.682439364492893,,,
amgtp_fixed_beta_hi,37,0.0499490350484848,0.1801033914089203,0.09995604306459427,0.595956027507782,0.07632817327976227,0.04765678569674492,13.895519822835922,,,
amgtp_fixed_beta_hi,38,0.0585470013320446,0.17105568945407867,0.09159360826015472,0.6080020666122437,0.06446456164121628,0.0648839995265007,13.53856910020113,,,
amgtp_fixed_beta_hi,39,0.03830115124583244,0.17407773435115814,0.08469148725271225,0.6146021485328674,0.052216242998838425,0.07441258430480957,13.780451875180006,,,
amgtp_fixed_beta_hi,40,0.04459269717335701,0.19249236583709717,0.07972405850887299,0.6184831261634827,0.04652385413646698,0.06277531385421753,14.689236760139465,,,
amgtp_fixed_beta_hi,41,0.11146722361445427,0.24822652339935303,0.0772751048207283,0.5756056904792786,0.04506610706448555,0.053826384246349335,17.766715709120035,,,
amgtp_fixed_beta_hi,42,0.3119508773088455,0.40420183539390564,0.074233777821064,0.4294241964817047,0.044947098940610886,0.04719264805316925,26.589943256229162,,,
amgtp_fixed_beta_hi,43,0.2113783247768879,0.5098915696144104,0.06486941874027252,0.3469230532646179,0.038838647305965424,0.039478011429309845,32.523695446550846,,,
amgtp_fixed_beta_hi,44,0.09949632734060287,0.5596391558647156,0.058457184582948685,0.3112490475177765,0.03507836163043976,0.03557579591870308,35.314163353294134,,,
amgtp_fixed_beta_hi,45,0.07596573978662491,0.5976225137710571,0.05375946685671806,0.28267374634742737,0.03275290131568909,0.03319189324975014,37.45308834686875,,,
amgtp_fixed_beta_hi,46,0.05610654875636101,0.6256753206253052,0.051288675516843796,0.2574096620082855,0.03246111050248146,0.033164817839860916,39.055572122335434,,,
amgtp_fixed_beta_hi,47,0.04454289376735687,0.6343850493431091,0.05433874949812889,0.2351384460926056,0.03655774146318436,0.03958006203174591,39.63288210704923,,,
amgtp_fixed_beta_hi,48,0.12579995021224022,0.5898248553276062,0.07773071527481079,0.2167985439300537,0.05552327632904053,0.06012241542339325,37.34799441695213,,,
amgtp_fixed_beta_hi,49,0.351469449698925,0.42681920528411865,0.16071084141731262,0.20406965911388397,0.14049024879932404,0.06791023164987564,28.31624712049961,,,
amgtp_fixed_beta_hi,50,0.38007980212569237,0.33410561084747314,0.1085200160741806,0.18525683879852295,0.33052995800971985,0.041587378829717636,23.606560193002224,,,
amgtp_fixed_beta_hi,51,0.19830561056733131,0.29856666922569275,0.07193946838378906,0.1666543185710907,0.42968302965164185,0.033156849443912506,21.957879677414894,,,
amgtp_fixed_beta_hi,52,0.10611915402114391,0.27131956815719604,0.06336306035518646,0.15244726836681366,0.4827422797679901,0.030127504840493202,20.600859981030226,,,
amgtp_fixed_beta_hi,53,0.0631343200802803,0.24743804335594177,0.06379371881484985,0.14476118981838226,0.5137225389480591,0.030283303931355476,19.364383917301893,,,
amgtp_fixed_beta_hi,54,0.19366387836635113,0.22899459302425385,0.10246030986309052,0.17787382006645203,0.43533462285995483,0.055336594581604004,18.197812035679817,,,
amgtp_fixed_beta_hi,55,0.417147621512413,0.2142663300037384,0.18440614640712738,0.2806239128112793,0.24148905277252197,0.07921445369720459,16.681683406233788,,,
amgtp_fixed_beta_hi,56,0.2370397262275219,0.19561868906021118,0.15212257206439972,0.39914363622665405,0.2104020118713379,0.042712707072496414,15.157466806471348,,,
amgtp_fixed_beta_hi,57,0.19577613100409508,0.1771799772977829,0.10140994191169739,0.49703219532966614,0.19103418290615082,0.03334430605173111,14.027364730834961,,,
amgtp_fixed_beta_hi,58,0.10822107084095478,0.16180913150310516,0.08344154059886932,0.5511423349380493,0.17381268739700317,0.02979411743581295,13.07922289147973,,,
amgtp_fixed_beta_hi,59,0.0787022951990366,0.1492360383272171,0.07480867207050323,0.5904932618141174,0.1581798940896988,0.027281504124403,12.289651073515415,,,
amgtp_fixed_beta_hi,60,0.055716488510370255,0.14180965721607208,0.07007357478141785,0.6183518767356873,0.14400626718997955,0.025758735835552216,11.802374809980392,,,
amgtp_fixed_beta_hi,61,0.03833336569368839,0.15881454944610596,0.07031183689832687,0.6118355393409729,0.13135507702827454,0.027681419625878334,12.741716835647821,,,
amgtp_fixed_beta_hi,62,0.4394248481839895,0.36928755044937134,0.07034612447023392,0.40293052792549133,0.12054888159036636,0.036887772381305695,24.796661719679832,,,
amgtp_fixed_beta_hi,63,0.2486609872430563,0.4936172664165497,0.05673852190375328,0.3114335238933563,0.10962028056383133,0.028589708730578423,31.77567296475172,,,
amgtp_fixed_beta_hi,64,0.09738168679177761,0.5423083305358887,0.050895802676677704,0.281345397233963,0.1002088114619255,0.02524140104651451,34.48827312141657,,,
amgtp_fixed_beta_hi,65,0.074644535779953,0.5796308517456055,0.04732375219464302,0.2558995187282562,0.0928005501627922,0.024345576763153076,36.58331533893943,,,
amgtp_fixed_beta_hi,66,0.05491512455046177,0.6059879660606384,0.04602593928575516,0.2329714000225067,0.08956814557313919,0.025445250794291496,38.087428633123636,,,
amgtp_fixed_beta_hi,67,0.04810783453285694,0.6024399399757385,0.051395971328020096,0.2124660462141037,0.10220423340797424,0.03149358555674553,37.9915303401649,,,
amgtp_fixed_beta_hi,68,0.16981304436922073,0.535581648349762,0.065570168197155,0.1944180130958557,0.1618591845035553,0.04257115721702576,34.51273360103369,,,
amgtp_fixed_beta_hi,69,0.035589415580034256,0.5423365831375122,0.06900721788406372,0.17842496931552887,0.16005748510360718,0.05017384514212608,34.9673133417964,,,
amgtp_fixed_beta_hi,70,0.1913791559636593,0.6380259990692139,0.05544881150126457,0.16303735971450806,0.10015061497688293,0.04333699122071266,40.13389301672578,,,
amgtp_fixed_beta_hi,71,0.10147374123334885,0.6887630224227905,0.04588085785508156,0.14857354760169983,0.08297722041606903,0.03380543366074562,42.871499460190535,,,
amgtp_fixed_beta_hi,72,0.05399395152926445,0.715760350227356,0.04249752685427666,0.13655681908130646,0.07475542277097702,0.030430667102336884,44.34710629656911,,,
amgtp_fixed_beta_hi,73,0.0326299462467432,0.7320744395256042,0.042497266083955765,0.12766729295253754,0.0681280642747879,0.029631955549120903,45.24170934408903,,,
amgtp_fixed_beta_hi,74,0.035880645737051964,0.7192397713661194,0.05367770045995712,0.13004274666309357,0.06302227079868317,0.03401625156402588,44.515575639903545,,,
amgtp_fixed_beta_hi,75,0.2288726158440113,0.6070798635482788,0.1021607369184494,0.1842534989118576,0.0607464537024498,0.045759353786706924,38.145569175481796,,,
amgtp_fixed_beta_hi,76,0.2760467380285263,0.47005748748779297,0.1075419932603836,0.31574898958206177,0.05974527820944786,0.046905793249607086,30.33313626423478,,,
amgtp_fixed_beta_hi,77,0.16244221106171608,0.41520145535469055,0.08117737621068954,0.3889225721359253,0.06002310663461685,0.05467594414949417,27.345657378435135,,,
amgtp_fixed_beta_hi,78,0.21622881293296814,0.3940156102180481,0.0728151947259903,0.3103562593460083,0.06721242517232895,0.15560109913349152,27.293722949922085,,,
amgtp_fixed_beta_hi,79,0.3844442553818226,0.3539581298828125,0.05547920614480972,0.1869685798883438,0.05577106401324272,0.3478228449821472,27.11379001662135,,,
amgtp_fixed_beta_hi,80,0.10131917893886566,0.3359651565551758,0.05052325502038002,0.16296640038490295,0.052062615752220154,0.39848247170448303,26.64052476361394,,,
amgtp_fixed_beta_hi,81,0.2119871862232685,0.4260825514793396,0.05585525929927826,0.1517995148897171,0.06260687857866287,0.30365583300590515,30.765636704862118,,,
amgtp_fixed_beta_hi,82,0.3140103220939636,0.5703350305557251,0.06326040625572205,0.13958419859409332,0.06795481592416763,0.15886639058589935,37.40192801505327,,,
amgtp_fixed_beta_hi,83,0.11684895306825638,0.5419847965240479,0.09835176914930344,0.13170833885669708,0.09128767997026443,0.13666775822639465,35.56492695212364,,,
amgtp_fixed_beta_hi,84,0.36144667863845825,0.37830421328544617,0.17957814037799835,0.1277851015329361,0.19078436493873596,0.12354795634746552,26.326348185539246,,,
amgtp_fixed_beta_hi,85,0.3389146029949188,0.3037301003932953,0.10829984396696091,0.11558464914560318,0.36024150252342224,0.11214335262775421,22.770557269454002,,,
amgtp_fixed_beta_hi,86,0.176471509039402,0.2708943486213684,0.07556600123643875,0.10308893769979477,0.44847750663757324,0.10197315365076065,21.20546042919159,,,
amgtp_fixed_beta_hi,87,0.09834995865821838,0.24615128338336945,0.06717499345541,0.09603909403085709,0.4976525604724884,0.09298216551542282,19.909687519073486,,,
amgtp_fixed_beta_hi,88,0.0571843758225441,0.22490262985229492,0.06698038429021835,0.09846442937850952,0.5238186717033386,0.08583249896764755,18.72491715103388,,,
amgtp_fixed_beta_hi,89,0.2183298096060753,0.2091810256242752,0.09735149890184402,0.17397601902484894,0.43037572503089905,0.08911505341529846,17.430381916463375,,,
amgtp_fixed_beta_hi,90,0.4061366245150566,0.19127431511878967,0.1048547774553299,0.36954161524772644,0.24682971835136414,0.08750002086162567,15.642746850848198,,,
amgtp_fixed_beta_hi,91,0.17919759452342987,0.17248789966106415,0.07644166052341461,0.4591400921344757,0.21846410632133484,0.07346604764461517,14.360909327864647,,,
amgtp_fixed_beta_hi,92,0.1112951785326004,0.15679872035980225,0.06441234797239304,0.5147881507873535,0.1985657960176468,0.0654357299208641,13.322760812938213,,,
amgtp_fixed_beta_hi,93,0.08620740845799446,0.1432538479566574,0.058385979384183884,0.5578922629356384,0.1806780844926834,0.059791386127471924,12.429119642823935,,,
amgtp_fixed_beta_hi,94,0.06965459510684013,0.13189879059791565,0.0551861934363842,0.5927184224128723,0.16442692279815674,0.05576895549893379,11.67902273312211,,,
amgtp_fixed_beta_hi,95,0.04430348798632622,0.124962717294693,0.056281059980392456,0.6137755513191223,0.1496838629245758,0.05529659613966942,11.217310138046741,,,
amgtp_fixed_beta_hi,96,0.1124974973499775,0.14185595512390137,0.0759197250008583,0.570695161819458,0.13651561737060547,0.07501355558633804,12.305161617696285,,,
amgtp_fixed_beta_hi,97,0.40146946907043457,0.25467947125434875,0.11244125664234161,0.381359338760376,0.12511645257472992,0.12640298902988434,19.182744562625885,,,
amgtp_fixed_beta_hi,98,0.24029790610074997,0.36099547147750854,0.12627434730529785,0.3099270164966583,0.11491123586893082,0.08789171278476715,24.75064631551504,,,
amgtp_fixed_beta_hi,99,0.13354364782571793,0.3560556173324585,0.19304591417312622,0.2779677212238312,0.10670846700668335,0.06622155010700226,24.064347088336945,,,
amgtp_fixed_beta_hi,100,0.0953291766345501,0.34734830260276794,0.2407112419605255,0.25250309705734253,0.10193029046058655,0.05750781670212746,23.35774015635252,,,
amgtp_fixed_beta_hi,101,0.2220594324171543,0.458377480506897,0.15898248553276062,0.22979676723480225,0.10100866854190826,0.05183427035808563,29.783762082457542,,,
amgtp_fixed_beta_hi,102,0.1655430570244789,0.5411489009857178,0.10616865009069443,0.20904497802257538,0.09687492996454239,0.046761997044086456,34.535030111670494,,,
amgtp_fixed_beta_hi,103,0.08780816942453384,0.5850532054901123,0.09118036925792694,0.19028766453266144,0.09078643471002579,0.04269222170114517,36.99843183904886,,,
amgtp_fixed_beta_hi,104,0.07224932312965393,0.6211779117584229,0.08215916156768799,0.17345847189426422,0.08359047025442123,0.03961396962404251,39.012938149273396,,,
amgtp_fixed_beta_hi,105,0.06317790225148201,0.6527668237686157,0.07471388578414917,0.1584569662809372,0.07646548002958298,0.037596751004457474,40.77770708501339,,,
amgtp_fixed_beta_hi,106,0.05102144926786423,0.6782770156860352,0.06823058426380157,0.1454780548810959,0.07075683027505875,0.037256356328725815,42.21817249059677,,,
amgtp_fixed_beta_hi,107,0.035011667758226395,0.6922447085380554,0.06292074918746948,0.13599801063537598,0.06804159283638,0.0407952144742012,43.0530214458704,,,
amgtp_fixed_beta_hi,108,0.026958055794239044,0.6819120645523071,0.05987991765141487,0.13589254021644592,0.07093174755573273,0.05138416960835457,42.59818201884627,,,
amgtp_fixed_beta_hi,109,0.16967817395925522,0.597072422504425,0.06392640620470047,0.17812810838222504,0.09168819338083267,0.06918419897556305,38.03305222094059,,,
amgtp_fixed_beta_hi,110,0.29221320897340775,0.4551050066947937,0.07216978818178177,0.2825399935245514,0.1251404583454132,0.06504593789577484,30.0127165094018,,,
amgtp_fixed_beta_hi,111,0.12089800089597702,0.39668509364128113,0.0775754526257515,0.2916620373725891,0.17106075584888458,0.06301585584878922,26.833314456045628,,,
amgtp_fixed_beta_hi,112,0.15920454263687134,0.3723374903202057,0.08841465413570404,0.23640771210193634,0.21231591701507568,0.0905241072177887,25.891436129808426,,,
amgtp_fixed_beta_hi,113,0.27443720400333405,0.3700708746910095,0.11403369903564453,0.18617533147335052,0.12759624421596527,0.20212359726428986,26.599716246128082,,,
amgtp_fixed_beta_hi,114,0.2131272479891777,0.40377429127693176,0.18689420819282532,0.15644294023513794,0.09278056770563126,0.16010834276676178,27.77366127818823,,,
amgtp_fixed_beta_hi,115,0.2766038030385971,0.37550368905067444,0.32519611716270447,0.13605117797851562,0.08078814297914505,0.08246123790740967,24.98354532569647,,,
amgtp_fixed_beta_hi,116,0.07388396561145782,0.3721383512020111,0.36213818192481995,0.12307517230510712,0.07309228181838989,0.06955654174089432,24.545102328062057,,,
amgtp_fixed_beta_hi,117,0.13000376522541046,0.43714001774787903,0.31916412711143494,0.11416307836771011,0.06660744547843933,0.06292542815208435,28.237262539565563,,,
amgtp_fixed_beta_hi,118,0.2888699248433113,0.5815750360488892,0.194987490773201,0.10546835511922836,0.06073863059282303,0.05723069608211517,36.63229487836361,,,
amgtp_fixed_beta_hi,119,0.11816683039069176,0.6406581401824951,0.15484726428985596,0.09688924252986908,0.05542416870594025,0.05218077078461647,40.00350337475538,,,
amgtp_hidden8,4,,0.20000606775283813,0.20000606775283813,0.20000606775283813,0.20000606775283813,0.20000606775283813,17.00051575899124,,,
amgtp_hidden8,5,0.2454487681388855,0.22728602588176727,0.07726679742336273,0.24087569117546082,0.22728602588176727,0.22728602588176727,19.210061967372894,,,
amgtp_hidden8,6,0.21766012161970139,0.19720609486103058,0.058675892651081085,0.34970512986183167,0.19720609486103058,0.19720610976219177,17.08148517459631,,,
amgtp_hidden8,7,0.27628108114004135,0.24325299263000488,0.050026342272758484,0.22021429240703583,0.24325299263000488,0.24325300753116608,20.414161831140518,,,
amgtp_hidden8,8,0.22695882990956306,0.28107956051826477,0.043051157146692276,0.11371033638715744,0.28107956051826477,0.28107956051826477,23.15162656828761,,,
amgtp_hidden8,9,0.3091544210910797,0.3583679497241974,0.03832593187689781,0.07279476523399353,0.17214271426200867,0.3583679497241974,27.980937507003546,,,
amgtp_hidden8,10,0.14051944389939308,0.38932034373283386,0.04668189585208893,0.06525680422782898,0.1094219833612442,0.38932034373283386,29.81811162829399,,,
amgtp_hidden8,11,0.17531649768352509,0.3521057069301605,0.1319831758737564,0.06761275976896286,0.09619199484586716,0.3521057069301605,27.063987731933594,,,
amgtp_hidden8,12,0.7106070071458817,0.18474890291690826,0.4839082360267639,0.0709913820028305,0.07560226321220398,0.18474891781806946,14.897517248988152,,,
amgtp_hidden8,13,0.12320157885551453,0.15394847095012665,0.5157942175865173,0.09993685036897659,0.07637151330709457,0.15394847095012665,12.742392212152481,,,
amgtp_hidden8,14,0.2960565909743309,0.163919135928154,0.3677661418914795,0.2179097831249237,0.08648576587438583,0.163919135928154,13.756911911070347,,,
amgtp_hidden8,15,0.5833599865436554,0.11704850196838379,0.1908327043056488,0.5095901489257812,0.06548085063695908,0.11704850196838379,10.839558251202106,,,
amgtp_hidden8,16,0.37205300107598305,0.07557781040668488,0.10849911719560623,0.6956161856651306,0.04472925141453743,0.07557741552591324,8.101204875856638,,,
amgtp_hidden8,17,0.08984280750155449,0.08828216791152954,0.12167055904865265,0.650694727897644,0.05107059329748154,0.08828162401914597,8.964121706783772,,,
amgtp_hidden8,18,0.1663251630961895,0.1099054366350174,0.15057511627674103,0.5675322413444519,0.062082502990961075,0.10990456491708755,10.420739468187094,,,
amgtp_hidden8,19,0.08724599704146385,0.12124727666378021,0.1659640371799469,0.5239094495773315,0.06763369590044022,0.12124581634998322,11.1834062859416,,,
amgtp_hidden8,20,0.034103021025657654,0.12567386031150818,0.1719106286764145,0.5068573951721191,0.06988611072301865,0.12567119300365448,11.481513909995556,,,
amgtp_hidden8,21,0.006816469132900238,0.12657921016216278,0.1729186773300171,0.5034496784210205,0.07047984004020691,0.12657281756401062,11.543398648500443,,,
amgtp_hidden8,22,0.015372991561889648,0.12466082721948624,0.1690913438796997,0.5111124515533447,0.070503368973732,0.1246318444609642,11.42044773697853,,,
amgtp_hidden8,23,0.06810813397169113,0.11766522377729416,0.14939400553703308,0.5445020198822021,0.07116784155368805,0.11727069318294525,10.982778087258339,,,
amgtp_hidden8,24,0.10397995263338089,0.1292913258075714,0.09740375727415085,0.562811553478241,0.09027358144521713,0.12021902203559875,11.858299344778061,,,
amgtp_hidden8,25,0.6319140493869781,0.28456825017929077,0.05722293257713318,0.28703543543815613,0.19930818676948547,0.1718645989894867,21.79368594288826,,,
amgtp_hidden8,26,0.6540774777531624,0.6116076111793518,0.03269810229539871,0.0898071676492691,0.11240443587303162,0.1534833312034607,39.934173963963985,,,
amgtp_hidden8,27,0.4453723430633545,0.8342934846878052,0.016418809071183205,0.038795482367277145,0.023320982232689857,0.0871712937951088,51.57405932620168,,,
amgtp_hidden8,28,0.11377671826630831,0.8911816477775574,0.011644256301224232,0.027582675218582153,0.011174509301781654,0.05841657146811485,54.46134471427649,,,
amgtp_hidden8,29,0.020965339615941048,0.8846474885940552,0.013915403746068478,0.03455537557601929,0.012413537129759789,0.054468266665935516,54.04588133934885,,,
amgtp_hidden8,30,0.19096975680440664,0.7891625761985779,0.028566410765051842,0.08233856409788132,0.028051478788256645,0.07188097387552261,48.82803066074848,,,
amgtp_hidden8,31,0.11787724867463112,0.7302234768867493,0.037719495594501495,0.11119480431079865,0.03771384060382843,0.08314743638038635,45.61277351528406,,,
amgtp_hidden8,32,0.02268265187740326,0.7188823223114014,0.042961567640304565,0.11162569373846054,0.03917199373245239,0.08735781908035278,45.007991410791874,,,
amgtp_hidden8,33,0.05180126056075096,0.694055438041687,0.05697115138173103,0.11055229604244232,0.04442116618156433,0.09400004148483276,43.65890306606889,,,
amgtp_hidden8,34,0.08547654002904892,0.6519104242324829,0.0783451572060585,0.10995904356241226,0.061128225177526474,0.09865725040435791,41.331946823745966,,,
amgtp_hidden8,35,0.07513294741511345,0.614436149597168,0.0905943289399147,0.10986649245023727,0.08573091775178909,0.09937150776386261,39.277680315077305,,,
amgtp_hidden8,36,0.03174099326133728,0.5985660552978516,0.09804564714431763,0.11230382323265076,0.08842496573925018,0.10265970975160599,38.4051311314106,,,
amgtp_hidden8,37,0.033514827489852905,0.5971949100494385,0.10652247816324234,0.11651477962732315,0.07303816080093384,0.10672879964113235,38.29323174059391,,,
amgtp_hidden8,38,0.051834069192409515,0.5795748829841614,0.1279091238975525,0.12104574590921402,0.0652734562754631,0.10619707405567169,37.20921257138252,,,
amgtp_hidden8,39,0.17062562331557274,0.5107316374778748,0.19774340093135834,0.13652344048023224,0.05751113221049309,0.09748899191617966,33.01863578334451,,,
amgtp_hidden8,40,0.3981657400727272,0.35211703181266785,0.28766733407974243,0.24568316340446472,0.04323999956250191,0.07129264622926712,23.45251577720046,,,
amgtp_hidden8,41,0.6147919110953808,0.2468501776456833,0.12210475653409958,0.5530792474746704,0.03264304995536804,0.0453232005238533,17.45537931472063,,,
amgtp_hidden8,42,0.07597891986370087,0.25234702229499817,0.085794597864151,0.585527777671814,0.032687071710824966,0.04364383593201637,17.823022473603487,,,
amgtp_hidden8,43,0.08866448700428009,0.2846290171146393,0.08923409134149551,0.5411953330039978,0.0372890830039978,0.04765237867832184,19.718717999756336,,,
amgtp_hidden8,44,0.11516312137246132,0.33420220017433167,0.0837530717253685,0.48934710025787354,0.04529731348156929,0.04739992320537567,22.584606502205133,,,
amgtp_hidden8,45,0.365628719329834,0.5170167088508606,0.07742036134004593,0.31920209527015686,0.041344042867422104,0.04501669853925705,32.975671257823706,,,
amgtp_hidden8,46,0.13172036781907082,0.5828773975372314,0.0715540423989296,0.2713741362094879,0.033299192786216736,0.04089614748954773,36.663960717618465,,,
amgtp_hidden8,47,0.014750834554433823,0.5758930444717407,0.07338573038578033,0.27603140473365784,0.032907869666814804,0.04178234934806824,36.270370591431856,,,
amgtp_hidden8,48,0.04383929446339607,0.5539729595184326,0.07730382680892944,0.2902856469154358,0.034351199865341187,0.04408589005470276,35.04419919848442,,,
amgtp_hidden8,49,0.01853015273809433,0.5447080135345459,0.0788218304514885,0.2953875958919525,0.035341307520866394,0.04574103653430939,34.535229094326496,,,
amgtp_hidden8,50,0.007093898952007294,0.5424162745475769,0.07897275686264038,0.2941327393054962,0.03654506802558899,0.04793365299701691,34.4332340657711,,,
amgtp_hidden8,51,0.017942383885383606,0.5403947234153748,0.07886624336242676,0.28728920221328735,0.040040384978055954,0.053409118205308914,34.39242760464549,,,
amgtp_hidden8,52,0.05202529951930046,0.5324451327323914,0.07987604290246964,0.26922667026519775,0.050175171345472336,0.06827770918607712,34.14137814566493,,,
amgtp_hidden8,53,0.10498654842376709,0.5172474980354309,0.0869702473282814,0.23193056881427765,0.061897579580545425,0.1019539088010788,33.67824961617589,,,
amgtp_hidden8,54,0.1201491467654705,0.5691161751747131,0.09517589211463928,0.19265036284923553,0.04457947611808777,0.09847739338874817,36.51083733141422,,,
amgtp_hidden8,55,0.12704074382781982,0.6254751086235046,0.10233771055936813,0.17723681032657623,0.0327981635928154,0.06215226650238037,39.26227353513241,,,
amgtp_hidden8,56,0.1414293311536312,0.5619852542877197,0.15550626814365387,0.194783017039299,0.03240149840712547,0.05532421916723251,35.46032013371587,,,
amgtp_hidden8,57,0.18704194203019142,0.47027823328971863,0.21775303781032562,0.2252076417207718,0.03325092792510986,0.05351012200117111,30.091968163847923,,,
amgtp_hidden8,58,0.12090073153376579,0.4353545308113098,0.19336092472076416,0.28418371081352234,0.03472505137324333,0.05237539857625961,28.143514845520258,,,
amgtp_hidden8,59,0.14313475042581558,0.41047152876853943,0.14828497171401978,0.35412389039993286,0.03635237365961075,0.05076710507273674,26.804154455661774,,,
amgtp_hidden8,60,0.049093443900346756,0.4025315046310425,0.13167798519134521,0.3756532669067383,0.03931572288274765,0.050820812582969666,26.397229500114918,,,
amgtp_hidden8,61,0.030414029955863953,0.4112526774406433,0.13029494881629944,0.3618292510509491,0.043520569801330566,0.05310177057981491,26.939012125134468,,,
amgtp_hidden8,62,0.03434818238019943,0.4209910035133362,0.13208824396133423,0.34465569257736206,0.04629870504140854,0.055966638028621674,27.533139400184155,,,
amgtp_hidden8,63,0.016901150345802307,0.4249536395072937,0.13297131657600403,0.3362048864364624,0.04702921584248543,0.058840762823820114,27.791779536753893,,,
amgtp_hidden8,64,0.011188939213752747,0.4212988018989563,0.1320032924413681,0.33523303270339966,0.04826117306947708,0.06320302933454514,27.638301126658916,,,
amgtp_hidden8,65,0.032753538340330124,0.4081806540489197,0.12874473631381989,0.34211140871047974,0.051506053656339645,0.06945660710334778,26.978853080421686,,,
amgtp_hidden8,66,0.08211088925600052,0.3745249807834625,0.12134530395269394,0.3694917857646942,0.06053996458649635,0.07409810274839401,25.16247269883752,,,
amgtp_hidden8,67,0.13785306736826897,0.31934982538223267,0.11195395141839981,0.4113377630710602,0.08762039244174957,0.06973794847726822,22.096630789339542,,,
amgtp_hidden8,68,0.17722886055707932,0.32025662064552307,0.10206631571054459,0.33693644404411316,0.17532816529273987,0.06541261076927185,22.471346594393253,,,
amgtp_hidden8,69,0.4292919263243675,0.5349025726318359,0.08172251284122467,0.2169598639011383,0.10563846677541733,0.0607767179608345,34.4170997813344,,,
amgtp_hidden8,70,0.42757268995046616,0.7486889362335205,0.047662943601608276,0.1284218579530716,0.040373142808675766,0.034853290766477585,46.12482276186347,,,
amgtp_hidden8,71,0.2533602248877287,0.8753684759140015,0.023685986176133156,0.06411433964967728,0.019208885729312897,0.017621338367462158,53.11929849721491,,,
amgtp_hidden8,72,0.048794456757605076,0.8997664451599121,0.019077831879258156,0.051614291965961456,0.015351797454059124,0.01419014111161232,54.466031975112855,,,
amgtp_hidden8,73,0.05723241809755564,0.8711498379707336,0.024548668414354324,0.06705854088068008,0.019889026880264282,0.017353637143969536,52.87688867747784,,,
amgtp_hidden8,74,0.04846138320863247,0.8469195365905762,0.029359426349401474,0.07911394536495209,0.02361335977911949,0.020994223654270172,51.54108610749245,,,
amgtp_hidden8,75,0.021471142768859863,0.8558712601661682,0.02853255160152912,0.07071932405233383,0.022098584100604057,0.022777371108531952,52.0665394179523,,,
amgtp_hidden8,76,0.0287372674793005,0.8490943908691406,0.032620690762996674,0.06312813609838486,0.024868879467248917,0.030288146808743477,51.76578476279974,,,
amgtp_hidden8,77,0.10014254786074162,0.7998080849647522,0.04668688401579857,0.06234332174062729,0.04454436153173447,0.04661789909005165,49.18666306510568,,,
amgtp_hidden8,78,0.10185251384973526,0.7488813996315002,0.05806112289428711,0.06673581153154373,0.06351015716791153,0.06281120330095291,46.515080481767654,,,
amgtp_hidden8,79,0.03962388262152672,0.7641294002532959,0.05745604634284973,0.06982004642486572,0.04430382326245308,0.06429143995046616,47.3248871229589,,,
amgtp_hidden8,80,0.06084277108311653,0.7457881569862366,0.07596247643232346,0.08173476159572601,0.03548450395464897,0.06103037670254707,46.1712729819119,,,
amgtp_hidden8,81,0.35455672815442085,0.5813981294631958,0.19189542531967163,0.14308048784732819,0.03151455521583557,0.05211229994893074,36.455198742449284,,,
amgtp_hidden8,82,0.5834612287580967,0.32259348034858704,0.2120204120874405,0.41468584537506104,0.02166239731013775,0.02903822250664234,21.369858665391803,,,
amgtp_hidden8,83,0.6460906993597746,0.17767834663391113,0.058488257229328156,0.7377312183380127,0.011785765178501606,0.014316816814243793,13.215318501926959,,,
amgtp_hidden8,84,0.10056783258914948,0.15409968793392181,0.03631562367081642,0.7880140542984009,0.009725273586809635,0.011843604035675526,11.880226434208453,,,
amgtp_hidden8,85,0.12492965441197157,0.20255877077579498,0.044116150587797165,0.7255505323410034,0.012428165413439274,0.015347234904766083,14.676152440719306,,,
amgtp_hidden8,86,0.1805033041164279,0.27045196294784546,0.057770099490880966,0.6352981328964233,0.016169752925634384,0.020309410989284515,18.588302299380302,,,
amgtp_hidden8,87,0.1191431563347578,0.31509730219841003,0.06703473627567291,0.5757260918617249,0.018575822934508324,0.023564480245113373,21.159984627738595,,,
amgtp_hidden8,88,0.025046953931450844,0.3244338631629944,0.0689847469329834,0.5632027387619019,0.01909869909286499,0.024278633296489716,21.698216512799263,,,
amgtp_hidden8,89,0.004428766667842865,0.32591357827186584,0.06930883973836899,0.5609908699989319,0.01928693801164627,0.02450348436832428,21.78515349328518,,,
amgtp_hidden8,90,0.0017572101205587387,0.3252652585506439,0.06925156712532043,0.560815691947937,0.019713325425982475,0.024953536689281464,21.754956947639585,,,
amgtp_hidden8,91,0.010572824627161026,0.32110169529914856,0.06891099363565445,0.5600335597991943,0.022236622869968414,0.02771679498255253,21.558804880827665,,,
amgtp_hidden8,92,0.07086055912077427,0.30283018946647644,0.06937875598669052,0.5428748726844788,0.03981601446866989,0.04510000720620155,20.777926944196224,,,
amgtp_hidden8,93,0.3339177258312702,0.25447821617126465,0.07871443033218384,0.4242681860923767,0.13450723886489868,0.10803217440843582,19.074213072657585,,,
amgtp_hidden8,94,0.6446342691779137,0.28646039962768555,0.06696215271949768,0.11370301246643066,0.17874792218208313,0.35412612557411194,23.80469638109207,,,
amgtp_hidden8,95,0.7263648547232151,0.6496428847312927,0.01788947358727455,0.021783145144581795,0.01325192116200924,0.2974323034286499,43.31862768903375,,,
amgtp_hidden8,96,0.6117761789355427,0.9555310606956482,0.004423392936587334,0.009721686132252216,0.002555717481300235,0.02776804380118847,57.772094728657976,,,
amgtp_hidden8,97,0.046171857276931405,0.978617250919342,0.0024507930502295494,0.008829334750771523,0.0020547867752611637,0.00804825872182846,58.87303298199549,,,
amgtp_hidden8,98,0.022257240256294608,0.9674887657165527,0.0034316310193389654,0.014989024959504604,0.0034525678493082523,0.010638704523444176,58.27083448716439,,,
amgtp_hidden8,99,0.1099295502062887,0.9125235080718994,0.008582948707044125,0.041366398334503174,0.00950610637664795,0.028020767495036125,55.34292611759156,,,
amgtp_hidden8,100,0.11105310264974833,0.8569973111152649,0.013840909115970135,0.06784112751483917,0.015609017573297024,0.045712072402238846,52.386435095220804,,,
amgtp_hidden8,101,0.008328266441822052,0.8528333902359009,0.014688871800899506,0.0694027841091156,0.016179991886019707,0.0468958243727684,52.162702122703195,,,
amgtp_hidden8,102,0.013063156977295876,0.8570667505264282,0.016338951885700226,0.06502429395914078,0.01682736724615097,0.04474197328090668,52.379596062004566,,,
amgtp_hidden8,103,0.03713600896298885,0.8411858081817627,0.024216540157794952,0.062337182462215424,0.025958651676774025,0.04630105569958687,51.51230191998184,,,
amgtp_hidden8,104,0.11441577784717083,0.7839780449867249,0.04211079329252243,0.06673581153154373,0.04802680015563965,0.05914803966879845,48.4452610835433,,,
amgtp_hidden8,105,0.10072572901844978,0.7392557263374329,0.06769552826881409,0.07684323191642761,0.042386315762996674,0.07381881028413773,45.98373635858297,,,
amgtp_hidden8,106,0.24369694292545319,0.6365724802017212,0.16647969186306,0.09990809112787247,0.030491627752780914,0.06654882431030273,39.805677711963654,,,
amgtp_hidden8,107,0.36852265149354935,0.48092755675315857,0.2884993851184845,0.16214942932128906,0.0227576345205307,0.04566612094640732,30.429230213165283,,,
amgtp_hidden8,108,0.5721025466918945,0.3819204568862915,0.11840840429067612,0.44820085167884827,0.0177619531750679,0.033708758652210236,24.97449466586113,,,
amgtp_hidden8,109,0.2639232808724046,0.31272730231285095,0.0665140151977539,0.5801622867584229,0.013990315608680248,0.02660609409213066,21.04105654079467,,,
amgtp_hidden8,110,0.042275264859199524,0.2991708815097809,0.06093551218509674,0.6013003587722778,0.013291179202497005,0.025302961468696594,20.262369194068015,,,
amgtp_hidden8,111,0.07030375208705664,0.32590150833129883,0.06589311361312866,0.5661484599113464,0.014496099203824997,0.027561666443943977,21.80576501786709,,,
amgtp_hidden8,112,0.16150249913334846,0.38683193922042847,0.07803454250097275,0.4853969216346741,0.017094971612095833,0.03264189511537552,25.32079299353063,,,
amgtp_hidden8,113,0.07572877034544945,0.41546839475631714,0.08376460522413254,0.4475317895412445,0.018248876556754112,0.03498511016368866,26.971997337415814,,,
amgtp_hidden8,114,0.012788703665137291,0.42021444439888,0.08471869677305222,0.4411371648311615,0.018497757613658905,0.035430166870355606,27.246503494679928,,,
amgtp_hidden8,115,0.0017764922231435776,0.4205408990383148,0.08479586988687515,0.44024989008903503,0.018734579905867577,0.035678934305906296,27.26864662207663,,,
amgtp_hidden8,116,0.003692101687192917,0.4189557433128357,0.084535151720047,0.4404817819595337,0.01956349052488804,0.03646435961127281,27.190770564600825,,,
amgtp_hidden8,117,0.01922585628926754,0.4115590453147888,0.08353881537914276,0.4392615556716919,0.024537209421396255,0.04110323637723923,26.84207197651267,,,
amgtp_hidden8,118,0.10658270493149757,0.38143274188041687,0.08184482157230377,0.41779080033302307,0.05472719669342041,0.06420490145683289,25.50314073264599,,,
amgtp_hidden8,119,0.30531174689531326,0.32014554738998413,0.08699049055576324,0.32642173767089844,0.15248125791549683,0.11396066099405289,22.937806606292725,,,
amgtp_hidden16,4,,0.20000606775283813,0.20000606775283813,0.20000606775283813,0.20000606775283813,0.20000606775283813,17.00051575899124,,,
amgtp_hidden16,5,0.24528006464242935,0.22724732756614685,0.07735038548707962,0.24090667068958282,0.22724732756614685,0.22724732756614685,19.207103930413723,,,
amgtp_hidden16,6,0.21764639019966125,0.19726958870887756,0.05846073478460312,0.3497301936149597,0.19726958870887756,0.19726958870887756,17.086488001048565,,,
amgtp_hidden16,7,0.27510057017207146,0.2431197166442871,0.050426047295331955,0.22021469473838806,0.2431197166442871,0.2431197166442871,20.403767179697752,,,
amgtp_hidden16,8,0.22829373180866241,0.2811686396598816,0.04292115941643715,0.11357259005308151,0.2811686396598816,0.2811686098575592,23.158298324793577,,,
amgtp_hidden16,9,0.3212647847831249,0.3614848256111145,0.037031129002571106,0.06970629096031189,0.17029258608818054,0.3614848256111145,28.188075199723244,,,
amgtp_hidden16,10,0.13348939269781113,0.3900969624519348,0.046551600098609924,0.06463485211133957,0.10861934721469879,0.3900969326496124,29.867966391146183,,,
amgtp_hidden16,11,0.17857413738965988,0.352022260427475,0.133357971906662,0.06711579859256744,0.09548190236091614,0.352022260427475,27.052725955843925,,,
amgtp_hidden16,12,0.7110071629285812,0.18439574539661407,0.48525798320770264,0.07071907818317413,0.07523106038570404,0.18439574539661407,14.869317799806595,,,
amgtp_hidden16,13,0.0971616804599762,0.16010552644729614,0.50055992603302,0.10010018944740295,0.07912924885749817,0.16010552644729614,13.20257419347763,,,
amgtp_hidden16,14,0.28163372725248337,0.176016703248024,0.35974323749542236,0.19686689972877502,0.09135723859071732,0.1760166883468628,14.615080438554287,,,
amgtp_hidden16,15,0.6767520047724247,0.10883542150259018,0.1859474629163742,0.53524249792099,0.061139170080423355,0.10883540660142899,10.273470129817724,,,
amgtp_hidden16,16,0.30792025849223137,0.07774366438388824,0.11011224240064621,0.689202070236206,0.0451975092291832,0.07774335891008377,8.247127905488014,,,
amgtp_hidden16,17,0.30935124307870865,0.11980430781841278,0.16079947352409363,0.5345269441604614,0.06506514549255371,0.11980396509170532,11.085350304841995,,,
amgtp_hidden16,18,0.20486029237508774,0.1468702256679535,0.19640018045902252,0.4320965111255646,0.07776238769292831,0.146869957447052,12.905419372022152,,,
amgtp_hidden16,19,0.031911157071590424,0.15108290314674377,0.2019924521446228,0.41614049673080444,0.07969985902309418,0.15108267962932587,13.188444659113884,,,
amgtp_hidden16,20,0.001958973705768585,0.15080170333385468,0.20157577097415924,0.41710492968559265,0.07971511036157608,0.15080127120018005,13.170216329395771,,,
amgtp_hidden16,21,0.04906725883483887,0.14416436851024628,0.19221606850624084,0.44163939356803894,0.07781880348920822,0.14416182041168213,12.729993470013142,,,
amgtp_hidden16,22,0.651253018528223,0.05781332030892372,0.057399678975343704,0.7672656178474426,0.06007080152630806,0.057450465857982635,7.052797883749008,,,
amgtp_hidden16,23,0.14601359516382217,0.08531695604324341,0.022723544389009476,0.7289351224899292,0.0967225730419159,0.06630202382802963,8.933832619339228,,,
amgtp_hidden16,24,0.8838011808693409,0.27548202872276306,0.029616117477416992,0.28703439235687256,0.31368839740753174,0.09417900443077087,20.933965861797333,,,
amgtp_hidden16,25,0.5029063653200865,0.3412970304489136,0.022300226613879204,0.09263773262500763,0.49932634830474854,0.04443814232945442,24.895453682169318,,,
amgtp_hidden16,26,0.7968016806989908,0.7396978139877319,0.017801398411393166,0.060328125953674316,0.15405450761318207,0.028117520734667778,46.052681459113955,,,
amgtp_hidden16,27,0.36077730637043715,0.9200865626335144,0.008167825639247894,0.02885163202881813,0.03142252936959267,0.011471007950603962,55.68046829663217,,,
amgtp_hidden16,28,0.06332301581278443,0.9517486095428467,0.005320492200553417,0.019349893555045128,0.016498833894729614,0.007082806434482336,57.38293787278235,,,
amgtp_hidden16,29,0.04065681016072631,0.9314196109771729,0.007204488851130009,0.028977686539292336,0.023215776309370995,0.009181885980069637,56.27037104498595,,,
amgtp_hidden16,30,0.1855856366455555,0.8386270999908447,0.01569850742816925,0.0703987404704094,0.05575912445783615,0.019516590982675552,51.20806687325239,,,
amgtp_hidden16,31,0.07781266048550606,0.7997206449508667,0.01951584219932556,0.0874430313706398,0.06918396800756454,0.02413632720708847,49.08727999031544,,,
amgtp_hidden16,32,0.017033925279974937,0.7912036180496216,0.021311165764927864,0.0901113972067833,0.0712210163474083,0.026152487844228745,48.62854438461363,,,
amgtp_hidden16,33,0.019726525992155075,0.7813402414321899,0.024191850796341896,0.09240469336509705,0.0728873759508133,0.029175296425819397,48.100486198440194,,,
amgtp_hidden16,34,0.026487141847610474,0.7680975794792175,0.029933230951428413,0.09357757866382599,0.07350849360227585,0.03488439321517944,47.3994616959244,,,
amgtp_hidden16,35,0.06441725231707096,0.7358881235122681,0.04454878717660904,0.09563860297203064,0.07466203719377518,0.049262065440416336,45.69705518335104,,,
amgtp_hidden16,36,0.12438562139868736,0.6736961603164673,0.07071417570114136,0.10148260742425919,0.07971874624490738,0.07438962161540985,42.396417543292046,,,
amgtp_hidden16,37,0.11839558929204941,0.6144978404045105,0.10447552800178528,0.11037091165781021,0.08417210727930069,0.08648387342691422,39.10543766617775,,,
amgtp_hidden16,38,0.21965645998716354,0.527094841003418,0.19949458539485931,0.12518012523651123,0.07800041139125824,0.0702303797006607,33.72995361685753,,,
amgtp_hidden16,39,0.3891674689948559,0.3775444030761719,0.3327043354511261,0.18655432760715485,0.059155724942684174,0.044041987508535385,24.575709402561188,,,
amgtp_hidden16,40,0.5982122477144003,0.28022128343582153,0.16231505572795868,0.485660195350647,0.04338421672582626,0.02841951511800289,19.134135376662016,,,
amgtp_hidden16,41,0.33653532713651657,0.2185553014278412,0.0753900408744812,0.6539276242256165,0.031242329627275467,0.020884500816464424,15.661570318043232,,,
amgtp_hidden16,42,0.08033925481140614,0.2499869167804718,0.07829680293798447,0.6137579083442688,0.034262463450431824,0.023695528507232666,17.49036017805338,,,
amgtp_hidden16,43,0.00869043730199337,0.25340333580970764,0.07803081721067429,0.6096785664558411,0.034788962453603745,0.02409772016108036,17.692157484591007,,,
amgtp_hidden16,44,0.14750710129737854,0.30160847306251526,0.09256268292665482,0.5359254479408264,0.041111238300800323,0.028792424127459526,20.487720016390085,,,
amgtp_hidden16,45,0.09408419765532017,0.3322652280330658,0.10246048122644424,0.4888831377029419,0.0447453148663044,0.03164568170905113,22.261280324310064,,,
amgtp_hidden16,46,0.01387222483754158,0.33670857548713684,0.10377499461174011,0.4819469451904297,0.04536702111363411,0.03220214694738388,22.520529564470053,,,
amgtp_hidden16,47,0.00496983528137207,0.3373067080974579,0.10303725302219391,0.4802004098892212,0.046187784522771835,0.03326880931854248,22.571118790656328,,,
amgtp_hidden16,48,0.024973783642053604,0.33795762062072754,0.09924063831567764,0.47150948643684387,0.05107714235782623,0.04021478444337845,22.711773313581944,,,
amgtp_hidden16,49,0.06431351602077484,0.33443230390548706,0.0937122106552124,0.448406457901001,0.06632699817419052,0.05712167173624039,22.768862210214138,,,
amgtp_hidden16,50,0.11143328994512558,0.318852037191391,0.0898229256272316,0.4121595323085785,0.10379979759454727,0.07536568492650986,22.239141926169395,,,
amgtp_hidden16,51,0.256232850253582,0.2896699607372284,0.08553695678710938,0.3175114095211029,0.20556636154651642,0.1017158031463623,21.28125460445881,,,
amgtp_hidden16,52,0.5685519054532051,0.5165232419967651,0.06326804310083389,0.1380414068698883,0.12302902340888977,0.15913817286491394,34.55792436748743,,,
amgtp_hidden16,53,0.7311669318005443,0.8821063041687012,0.01735459268093109,0.030505266040563583,0.013714035041630268,0.05631888285279274,53.9197112461552,,,
amgtp_hidden16,54,0.17642119573429227,0.9703170657157898,0.0050074015744030476,0.009821221232414246,0.0033071590587496758,0.011546560563147068,58.43829696951434,,,
amgtp_hidden16,55,0.011429896811023355,0.974375307559967,0.004334739875048399,0.011211700737476349,0.00357407727278769,0.006504965014755726,58.616576346801594,,,
amgtp_hidden16,56,0.09061751351691782,0.9290662407875061,0.010738037526607513,0.035524435341358185,0.01125849038362503,0.013412966392934322,56.127876752987504,,,
amgtp_hidden16,57,0.1557123987004161,0.8512101769447327,0.021595237776637077,0.07642176747322083,0.0242159403860569,0.0265573188662529,51.8647852037102,,,
amgtp_hidden16,58,0.016562262549996376,0.8429287075996399,0.02317816950380802,0.08027110993862152,0.025462158024311066,0.028159620240330696,51.41218374483287,,,
amgtp_hidden16,59,0.014637749642133713,0.849523663520813,0.023901985958218575,0.07487886399030685,0.02394184283912182,0.027753204107284546,51.776096146553755,,,
amgtp_hidden16,60,0.020507683977484703,0.8514758944511414,0.029700718820095062,0.06604328751564026,0.022523585706949234,0.030256090685725212,51.897634617984295,,,
amgtp_hidden16,61,0.086762435734272,0.8128316402435303,0.050615619868040085,0.06130630522966385,0.028786012902855873,0.04645996168255806,49.85637450404465,,,
amgtp_hidden16,62,0.14081800542771816,0.7424233555793762,0.07381994277238846,0.07042810320854187,0.04345210641622543,0.06987746804952621,46.11295488476753,,,
amgtp_hidden16,63,0.15282202884554863,0.6712169647216797,0.12678924202919006,0.09339924901723862,0.043921906501054764,0.0646720752120018,41.892867270857096,,,
amgtp_hidden16,64,0.5919894687831402,0.4118008315563202,0.35185641050338745,0.16432689130306244,0.03316258639097214,0.03885287046432495,26.32896526902914,,,
amgtp_hidden16,65,0.7619863543659449,0.23559971153736115,0.17920446395874023,0.5453207492828369,0.019483506679534912,0.02039252035319805,16.373029235750437,,,
amgtp_hidden16,66,0.4598448518663645,0.15409567952156067,0.04919079691171646,0.7752429246902466,0.009854181669652462,0.01161686796694994,11.852275765500963,,,
amgtp_hidden16,67,0.20275885332375765,0.23221778869628906,0.06398149579763412,0.6738635897636414,0.013194379396736622,0.016743380576372147,16.34540757071227,,,
amgtp_hidden16,68,0.07171387877315283,0.25836825370788574,0.07058651000261307,0.6380056142807007,0.014485379680991173,0.018552804365754128,17.847835494205356,,,
amgtp_hidden16,69,0.17793499678373337,0.32214227318763733,0.08784549683332443,0.5490421056747437,0.01791650615632534,0.023060159757733345,21.51176598481834,,,
amgtp_hidden16,70,0.06992673687636852,0.3471839725971222,0.09465152025222778,0.514070451259613,0.01926182396709919,0.02482220157980919,22.95024481974542,,,
amgtp_hidden16,71,0.007767355069518089,0.3499729037284851,0.09540391713380814,0.5101959705352783,0.019413579255342484,0.025021992623806,23.11056900396943,,,
amgtp_hidden16,72,0.0020926594734191895,0.3491424024105072,0.09518696367740631,0.5112355947494507,0.0194082073867321,0.025021784007549286,23.063600320369005,,,
amgtp_hidden16,73,0.02518206462264061,0.3392011821269989,0.09254007786512375,0.5233780741691589,0.01954212784767151,0.025339342653751373,22.506290920078754,,,
amgtp_hidden16,74,0.2699340544641018,0.23187115788459778,0.06490247696638107,0.6268139481544495,0.032373763620853424,0.04403826221823692,16.700765810906887,,,
amgtp_hidden16,75,0.1896989904344082,0.20003379881381989,0.059144072234630585,0.5695604681968689,0.079899862408638,0.09136191010475159,15.608219183981419,,,
amgtp_hidden16,76,0.30187496542930603,0.23709656298160553,0.06681657582521439,0.4186231195926666,0.1482062041759491,0.1292579174041748,18.395533986389637,,,
amgtp_hidden16,77,0.59238001704216,0.25164172053337097,0.04346363991498947,0.14578579366207123,0.18409056961536407,0.3750181496143341,22.118212334811687,,,
amgtp_hidden16,78,0.6035036537796259,0.4342576563358307,0.01720140501856804,0.02887498214840889,0.0255113672465086,0.49415361881256104,33.25601596571505,,,
amgtp_hidden16,79,0.9421815224923193,0.9053495526313782,0.00703185610473156,0.01391929667443037,0.005135985556989908,0.06856460869312286,55.36561932461336,,,
amgtp_hidden16,80,0.11054477258585393,0.9604322910308838,0.0042796325869858265,0.014108066447079182,0.003783237421885133,0.017396315932273865,57.94257237878628,,,
amgtp_hidden16,81,0.055374577874317765,0.9327463507652283,0.006235579960048199,0.02780495397746563,0.007096325047314167,0.026119031012058258,56.469772197306156,,,
amgtp_hidden16,82,0.14582888688892126,0.8598309755325317,0.012051679193973541,0.0590706467628479,0.01497639063745737,0.05407068505883217,52.64094647672027,,,
amgtp_hidden16,83,0.0015036948025226593,0.8598838448524475,0.012750072404742241,0.058711905032396317,0.014940316788852215,0.05371306836605072,52.63848165329546,,,
amgtp_hidden16,84,0.044297195971012115,0.8811019062995911,0.013681074604392052,0.04829917475581169,0.01259371917694807,0.04432426393032074,53.73338870611042,,,
amgtp_hidden16,85,0.019277943298220634,0.871462881565094,0.021507080644369125,0.04850691556930542,0.013861819170415401,0.04466133564710617,53.17709215451032,,,
amgtp_hidden16,86,0.049824158661067486,0.846550703048706,0.03643648326396942,0.05121254548430443,0.018383609130978584,0.04741649329662323,51.77563247270882,,,
amgtp_hidden16,87,0.0901339016854763,0.8014838099479675,0.05681033432483673,0.05733248218894005,0.029510026797652245,0.05486329644918442,49.292492715641856,,,
amgtp_hidden16,88,0.11447169445455074,0.744247555732727,0.081304170191288,0.06760205328464508,0.039710402488708496,0.06713495403528214,46.156825847923756,,,
amgtp_hidden16,89,0.18069911003112793,0.6538980603218079,0.1446874737739563,0.09089555591344833,0.039891622960567474,0.07062654197216034,40.91927070915699,,,
amgtp_hidden16,90,0.39495349302887917,0.4807699918746948,0.25579771399497986,0.1772630214691162,0.032682664692401886,0.053487781435251236,30.61139388382435,,,
amgtp_hidden16,91,0.7242365330457687,0.28431403636932373,0.1263730525970459,0.5393804311752319,0.019965382292866707,0.029966557398438454,19.36264600791037,,,
amgtp_hidden16,92,0.3958144560456276,0.18584541976451874,0.04770316556096077,0.737288236618042,0.011107929050922394,0.018055863678455353,13.740830656141043,,,
amgtp_hidden16,93,0.18540850188583136,0.26155054569244385,0.05606894567608833,0.6445837616920471,0.013477594591677189,0.024319319054484367,18.117666601203382,,,
amgtp_hidden16,94,0.06608797516673803,0.286831796169281,0.06050378084182739,0.6115396618843079,0.014544554054737091,0.026580149307847023,19.57896450534463,,,
amgtp_hidden16,95,0.21968033537268639,0.36883285641670227,0.07727346569299698,0.501698911190033,0.018238695338368416,0.03395484760403633,24.31538031809032,,,
amgtp_hidden16,96,0.0365963876247406,0.3824983239173889,0.08008617162704468,0.48339954018592834,0.01884019561111927,0.03517219051718712,25.10447626374662,,,
amgtp_hidden16,97,0.0026807431131601334,0.38349223136901855,0.08029227703809738,0.48205965757369995,0.01888776570558548,0.035265468060970306,25.161936044692993,,,
amgtp_hidden16,98,0.0008050184696912766,0.3831546902656555,0.08022993803024292,0.4824175536632538,0.01891610212624073,0.035284373909235,25.14315796457231,,,
amgtp_hidden16,99,0.00933045893907547,0.3791790306568146,0.07953841984272003,0.4860110580921173,0.019458280876278877,0.03581197187304497,24.925889005884528,,,
amgtp_hidden16,100,0.1060300413519144,0.33232685923576355,0.0733766183257103,0.5038578510284424,0.03585914149880409,0.054580386728048325,22.539701130241156,,,
amgtp_hidden16,101,0.3689490780234337,0.21857959032058716,0.06824974715709686,0.4382569491863251,0.1461721658706665,0.12874139845371246,17.32338075339794,,,
amgtp_hidden16,102,0.4838043078780174,0.2449737936258316,0.05896180123090744,0.2056429088115692,0.31603726744651794,0.17438441514968872,20.02796082943678,,,
amgtp_hidden16,103,0.8540294598788023,0.5936846733093262,0.02711762674152851,0.0627642497420311,0.06374518573284149,0.25268808007240295,39.820340195670724,,,
amgtp_hidden16,104,0.5927154179662466,0.890042245388031,0.007488817907869816,0.02048751525580883,0.009323966689407825,0.07265699654817581,54.55395180545747,,,
amgtp_hidden16,105,0.1390175586566329,0.9595510363578796,0.003676663152873516,0.013371331617236137,0.005042955279350281,0.01835757866501808,57.909159627743065,,,
amgtp_hidden16,106,0.015720109455287457,0.9566076397895813,0.004274393897503614,0.01878380961716175,0.006892904173582792,0.013441023416817188,57.69350886717439,,,
amgtp_hidden16,107,0.12184472847729921,0.895685076713562,0.010080131702125072,0.048157572746276855,0.017602628096938133,0.02847396396100521,54.417511344887316,,,
amgtp_hidden16,108,0.10368153359740973,0.8438441753387451,0.015004735440015793,0.07264244556427002,0.026542706415057182,0.04196504130959511,51.636892115697265,,,
amgtp_hidden16,109,0.012724901549518108,0.850207507610321,0.01484124269336462,0.0692494735121727,0.02533666044473648,0.04036598280072212,51.97752050217241,,,
amgtp_hidden16,110,0.020047634840011597,0.8595545291900635,0.015517075546085835,0.06343332678079605,0.023396359756588936,0.038097649812698364,52.47623042296618,,,
amgtp_hidden16,111,0.011842676438391209,0.8605547547340393,0.020438646897673607,0.05841662734746933,0.022562270984053612,0.0380275584757328,52.519295528531075,,,
amgtp_hidden16,112,0.0528724379837513,0.8363037109375,0.03663313388824463,0.056231435388326645,0.026660550385713577,0.04417099431157112,51.188567869365215,,,
amgtp_hidden16,113,0.14918146282434464,0.7617126703262329,0.07371356338262558,0.0637468695640564,0.04095229506492615,0.059873808175325394,47.09261377155781,,,
amgtp_hidden16,114,0.2519001215696335,0.6357631683349609,0.1723407655954361,0.08337564766407013,0.046013351529836655,0.06250739097595215,39.76545474305749,,,
amgtp_hidden16,115,0.4975181557238102,0.4216304421424866,0.3885039985179901,0.11597145348787308,0.03295237571001053,0.04094197601079941,26.83809918165207,,,
amgtp_hidden16,116,0.5535995326936245,0.3584187924861908,0.19069387018680573,0.3927708864212036,0.026504892855882645,0.031611137092113495,23.50222424790263,,,
amgtp_hidden16,117,0.5567812323570251,0.22759120166301727,0.06823647022247314,0.6711615920066833,0.01463344693183899,0.018377047032117844,16.096906132996082,,,
amgtp_hidden16,118,0.040992943570017815,0.2179267555475235,0.06051412969827652,0.6916583776473999,0.012920761480927467,0.016980361193418503,15.539264982566237,,,
amgtp_hidden16,119,0.05135819222778082,0.23674006760120392,0.06521587818861008,0.6659793257713318,0.013746735639870167,0.01831846684217453,16.620243596844375,,,
