method,day,gate_move_l1,pi_expanding,pi_rolling_1,pi_rolling_3,pi_rolling_7,pi_rolling_14,h_eff,pi_m2,pi_m5b,pi_m5b_hs
adamoe,4,,0.2,0.2,0.2,0.2,0.2,17.0,,,
adamoe,5,0.016497441479792485,0.2025642307144025,0.1917512792601041,0.20055602859668914,0.2025642307144025,0.2025642307144025,17.201122052916773,,,
adamoe,6,0.00795206965338699,0.20388268579691493,0.18777524443341018,0.2005766981758449,0.20388268579691493,0.20388268579691493,17.304002888511054,,,
adamoe,7,0.003813418448638334,0.20416112974671977,0.1888466218083145,0.19866998895152538,0.20416112974671977,0.20416112974671977,17.32190809814719,,,
adamoe,8,0.0038047526879454174,0.204736360874612,0.18694424546434205,0.19884667191182165,0.204736360874612,0.204736360874612,17.36712949204338,,,
adamoe,9,0.005151798845271921,0.20574921659640888,0.18475845559827708,0.198456562355251,0.20528654885365455,0.20574921659640888,17.44257601277387,,,
adamoe,10,0.004742288125027361,0.20665740569681673,0.18302231194037527,0.19782156195063935,0.20584131471535275,0.20665740569681673,17.5100242223642,,,
adamoe,11,0.0024323534058851848,0.20649107230518612,0.18369242904262864,0.19836762155132848,0.20495780479567127,0.20649107230518612,17.493839277850086,,,
adamoe,12,0.0028721901670356875,0.20676143049435766,0.18247097202140633,0.19926300025650312,0.20474316673337561,0.20676143049435766,17.513807996507012,,,
adamoe,13,0.001245596446749736,0.20693834318456472,0.18273994486436712,0.1989661054252073,0.20441726334129662,0.20693834318456472,17.523996500186854,,,
adamoe,14,0.0004831600381069445,0.20699575385693786,0.18258252095338812,0.19888194931713243,0.20454402201560343,0.20699575385693786,17.52872230842741,,,
adamoe,15,0.0034071433459025857,0.20719436670653413,0.18388886692714734,0.1972941190159839,0.20442828064380114,0.20719436670653413,17.539152324765233,,,
adamoe,16,0.010951029817439506,0.20668991505582507,0.18936438183586696,0.19526616460732926,0.20241170587475388,0.2062678326262252,17.481189376897788,,,
adamoe,17,0.07640950380984948,0.19225868826488265,0.22684401764904075,0.1959912806990802,0.1925117900966038,0.19239422329039294,16.391440812380967,,,
adamoe,18,0.03359607032084644,0.1843624410648058,0.23147499212954725,0.20815834137899697,0.19085331634311764,0.1851509090835328,15.845782421726168,,,
adamoe,19,0.030985644102833526,0.17942616858060456,0.22454113982876706,0.22317048824315688,0.1913339915303742,0.18152821181709716,15.540355625546491,,,
adamoe,20,0.014384382740666612,0.1783336971718509,0.2184414198671874,0.22634147369572788,0.19528071597294505,0.18160269329228862,15.506890389168081,,,
adamoe,21,0.01297483598887228,0.17778526951218948,0.2128125724074622,0.2260313308206781,0.2009907455138775,0.18238008174579207,15.518279098639097,,,
adamoe,22,0.01899344808458489,0.17861070555871916,0.20745713383530798,0.2218900453505399,0.20750205115645165,0.1845400640989807,15.62584485889097,,,
adamoe,23,0.021132535302294364,0.179948861775651,0.20218137402363728,0.2165995375110636,0.21389610355729144,0.1873741231323564,15.769422141849919,,,
adamoe,24,0.010173138167115348,0.17980237864297688,0.19977780519315644,0.21406302039066089,0.2161946663482897,0.1901621294249158,15.805742061330601,,,
adamoe,25,0.005872256688293553,0.17980213284254049,0.19819160498084445,0.21271333805926268,0.21660984378894368,0.1926830803284088,15.83829162083139,,,
adamoe,26,0.012674354940640231,0.18259130162206527,0.196059301916422,0.21003455031268004,0.21508375712962896,0.19623108901920444,16.034462596354643,,,
adamoe,27,0.007390661082430722,0.18323859540039333,0.19462185383815572,0.20844396006259985,0.2144164649167599,0.19927912578209156,16.105092473416157,,,
adamoe,28,0.008516685380430739,0.1839397917145026,0.19277286333022098,0.20709641858810723,0.21335465420897176,0.20283627215819755,16.183640011642268,,,
adamoe,29,0.008043322644090134,0.18466976282049002,0.1913682323762652,0.2059437518301469,0.21189029059884285,0.20612796237425524,16.25840876452758,,,
adamoe,30,0.008287639343294295,0.18550157141510604,0.1899225589337346,0.2040630232037431,0.21107287299613015,0.2094399734512864,16.341875652742246,,,
adamoe,31,0.009530029110801697,0.18984883597232288,0.1899402883603593,0.20188055870854849,0.20849032293592418,0.20983999402284598,16.58370429969669,,,
adamoe,32,0.012411191667587834,0.19369578143102212,0.19229893873545387,0.20057015796449074,0.20552780535584397,0.2079073165131899,16.76515336716582,,,
adamoe,33,0.019433674415786834,0.19904311654249554,0.19666844083187357,0.1999969520586937,0.20160231570758486,0.20268917485935234,16.988110947541713,,,
adamoe,34,0.027281588928765504,0.19809750980693389,0.20635791457296698,0.20394827278198313,0.19643306000906274,0.19516324282905345,16.81137014100514,,,
adamoe,35,0.02934839693915861,0.1956951881606936,0.21370970242605167,0.21127068339847782,0.19246984524151622,0.18685458077326103,16.552486089779368,,,
adamoe,36,0.019086030127354853,0.18987833366502363,0.21630780600714716,0.21717385469274747,0.19351158542982816,0.18312842020525322,16.17890837086915,,,
adamoe,37,0.019926248592149004,0.18390340487208912,0.21231961050400727,0.2228741684987645,0.19777109491666128,0.18313172120847765,15.863388169660963,,,
adamoe,38,0.015034364804332179,0.18205163389529047,0.20728187008087878,0.2222464974965259,0.2030122797524399,0.18540771877486545,15.81391341740308,,,
adamoe,39,0.013591195364570374,0.17941798066471182,0.20462930596322304,0.22073711716247513,0.20912900532786222,0.18608659088172835,15.701034806972588,,,
adamoe,40,0.014945663488173416,0.1775795634332455,0.2018535346144279,0.21787847399864974,0.2130776609363738,0.18961076701730334,15.65635712740197,,,
adamoe,41,0.010947795062994453,0.17812678363869325,0.19905153810792792,0.21520657297365253,0.21538832509206776,0.19222678018765887,15.73117147362218,,,
adamoe,42,0.015439446743203328,0.17904671873417544,0.19337322554713313,0.21316516216284564,0.2172980889097385,0.1971168046461076,15.856393723499872,,,
adamoe,43,0.007702521101384918,0.17930544051295166,0.19401777707021406,0.21038681066808876,0.21622517985380285,0.2000647918949428,15.8979879853574,,,
adamoe,44,0.009089293695615425,0.1807504431072355,0.1913938683536709,0.2091084328790647,0.21558281951156216,0.20316443614846647,16.01712759608446,,,
adamoe,45,0.009950714646403541,0.1819290172906996,0.18926483732112595,0.2075633695314334,0.2142815565685368,0.20696121928820432,16.12512394937202,,,
adamoe,46,0.11133037179635841,0.23759420318887917,0.1817111494326144,0.19083661612398434,0.19491077723833794,0.19494725401618496,19.103510186032274,,,
adamoe,47,0.058901547318870234,0.22873525907177483,0.2111619230920494,0.1902279458986172,0.1859281038004429,0.18394676813711625,18.382712785617116,,,
adamoe,48,0.03177168665572355,0.22034779851261976,0.21603265711160008,0.20124305520692853,0.18442132535332462,0.17795516381552806,17.822951304380236,,,
adamoe,49,0.029665218632511203,0.20999072387840928,0.21183366663371006,0.2139281516108168,0.18656883826569154,0.17767861961137255,17.246544096589773,,,
adamoe,50,0.021837794711534658,0.202102987058567,0.20880250609778528,0.21938163286623183,0.19137891785464764,0.178333956122769,16.8294544389118,,,
adamoe,51,0.013625101712386817,0.1982661164215364,0.20611945060143316,0.2190890081434207,0.1969922159174649,0.17953320891614472,16.65176389657216,,,
adamoe,52,0.021571186566265638,0.1947245858229379,0.20100082225112037,0.21696357380919928,0.20404790245036547,0.18326311566637707,16.52938562953683,,,
adamoe,53,0.019306215558535567,0.19277372751844318,0.1966957285436124,0.21356641804193421,0.21035499246622724,0.1866091334297831,16.488831449056562,,,
adamoe,54,0.009423490106135468,0.1911494058782084,0.19578111025634504,0.21139361291636888,0.21274157974825278,0.18893429120082555,16.43319743674728,,,
adamoe,55,0.009239292031513108,0.19104058349464886,0.19317719879616269,0.20948670074435408,0.21352713703365622,0.19276837993117854,16.47751958898025,,,
adamoe,56,0.008778820571300777,0.1904766818688162,0.19134224493316943,0.20749614594752974,0.2143022807633353,0.19638264648714998,16.491904611068176,,,
adamoe,57,0.008716696376076749,0.19145750731936023,0.19049287122761915,0.20563857993275225,0.21265087229562463,0.19976016922464426,16.580057525401884,,,
adamoe,58,0.007806439833135476,0.1916599715939019,0.18768649229357423,0.20493253670193973,0.2122600745439144,0.2034609248666704,16.636355867974295,,,
adamoe,59,0.008635418696204072,0.19229715247752316,0.18532278789650666,0.20396777122665205,0.2112708350681674,0.20714145333115097,16.71393144234114,,,
adamoe,60,0.006473539162230979,0.19234568359161516,0.18618128046248392,0.20248009697341451,0.2095217397402891,0.20947119923219684,16.733611554312414,,,
adamoe,61,0.07541890156606701,0.22832095601180763,0.1879154588253254,0.1913036285736464,0.19543930395328435,0.19702065263593663,18.587447969830826,,,
adamoe,62,0.06952040150034453,0.21140165121437615,0.22026372016685017,0.19371556798229367,0.18848056284315348,0.18613849779332647,17.410812405984945,,,
adamoe,63,0.03543792184443592,0.20014750311854537,0.22733886509080314,0.20435938398055842,0.18668747266799093,0.1814667751421016,16.69661436481056,,,
adamoe,64,0.04032564123374996,0.18984947615443065,0.21992013945334446,0.22122356620022884,0.18998611106519553,0.17902070712680007,16.11075208455144,,,
adamoe,65,0.018695147327685846,0.18384289620016608,0.21657914574376608,0.22543981114038503,0.19445182903093178,0.17968631788475053,15.800243604777917,,,
adamoe,66,0.01897875071994823,0.17987284369768303,0.2116319058147446,0.22486772821191547,0.20170157182897636,0.18192595044668008,15.637480021367828,,,
adamoe,67,0.02067113395600187,0.17844702801307194,0.20496002976133182,0.22262985297193855,0.2093089338339086,0.18465415541974892,15.629991982175309,,,
adamoe,68,0.018943320053338042,0.1773684467623652,0.2009805812934109,0.2182162226638971,0.21571728437255955,0.18771746490776692,15.635801554343669,,,
adamoe,69,0.009838607869056049,0.1759397929556681,0.19958778769343488,0.21611836613604218,0.2176828566116508,0.1906711966032037,15.597507212168054,,,
adamoe,70,0.010398245565334863,0.1762745773877109,0.1973520741660223,0.2131549568807874,0.21794909423788966,0.19526929732758952,15.67270541032252,,,
adamoe,71,0.0083607504015068,0.17692451754333682,0.19598116858708958,0.21038436079039857,0.217910220706458,0.1987997323727172,15.751173101721742,,,
adamoe,72,0.007543447060053887,0.17695792438926003,0.19432592631436132,0.20902551271531594,0.2171525875242421,0.2025380490568211,15.794478727281101,,,
adamoe,73,0.006347997923871834,0.17682673809279054,0.19267566899305286,0.20898454856201132,0.21580099633338867,0.20571204801875692,15.819809246842837,,,
adamoe,74,0.006648364249914801,0.17644550882984592,0.19252636090747813,0.20754524530005058,0.2144466548189114,0.20903623014371436,15.829526432342766,,,
adamoe,75,0.005694516826930507,0.17626817450965335,0.19233567097330498,0.20684743654919052,0.21266522941067162,0.2118834885571793,15.84399389687529,,,
adamoe,76,0.01765248508049197,0.18509441704989943,0.1904825336515761,0.20356614898601583,0.2098672056743589,0.2109896946381497,16.3297721682582,,,
adamoe,77,0.022382553465841476,0.19576573872077285,0.19100248871362357,0.2007886331448817,0.20505644465686734,0.2073866947638548,16.87812155068668,,,
adamoe,78,0.03395799113672604,0.21274473428913557,0.19083651894957618,0.19699881964305038,0.19928486465451398,0.20013506246372356,17.743401962300588,,,
adamoe,79,0.03294215665501135,0.22197682785053235,0.19629307489527356,0.19878124846346187,0.19232512152702852,0.19062372726370333,18.12625452369865,,,
adamoe,80,0.02948437821839489,0.22299681882537714,0.2050270982362796,0.20376942325680858,0.18697154889551604,0.18123511078601845,18.042236890802204,,,
adamoe,81,0.022784919823646915,0.2149540679488064,0.2096553823822091,0.20952768807535738,0.18797745984286118,0.17788540175076573,17.541720366947413,,,
adamoe,82,0.02129369553021515,0.20697763023807023,0.2074726178322973,0.21532692122633787,0.19282507445698832,0.17739775624630616,17.105455304442728,,,
adamoe,83,0.018009212907588,0.2013259381686573,0.2041197034479164,0.21573833972442075,0.19837874923657778,0.180437269422428,16.845664029310655,,,
adamoe,84,0.01642057885956083,0.19711203735202126,0.2008041438210058,0.21505751073818702,0.20423317398940835,0.1827931340993779,16.66143501247399,,,
adamoe,85,0.01455150504197536,0.195128219204615,0.19822139091778423,0.21234832926782704,0.2082627247151559,0.1860393358946179,16.605349306528908,,,
adamoe,86,0.014157923335096662,0.1938980370553562,0.19413445254230224,0.2105864881250195,0.21173139017914971,0.1896496320981724,16.596990720867193,,,
adamoe,87,0.009779778093357089,0.19258711383225932,0.1926231905058904,0.20851878433784973,0.2134540878086854,0.19281682351531532,16.56702051733021,,,
adamoe,88,0.008490461722950926,0.19246007029067042,0.19036661760614418,0.20706122313527078,0.21305003459112393,0.19706205437679067,16.60937350786512,,,
adamoe,89,0.005975194344591123,0.19173295685512687,0.1902132517305526,0.20595812172246847,0.2120460181427657,0.2000496515490861,16.597082276892134,,,
adamoe,90,0.006264905771136697,0.19168537906892005,0.18974062048599863,0.20457051301279153,0.21082138299763514,0.20318210443465454,16.624874046728188,,,
adamoe,91,0.006075759479405224,0.191463448243345,0.1882221943167054,0.2034806857391469,0.21061368752644566,0.20621998417435736,16.64784673726097,,,
adamoe,92,0.005204657504515736,0.1915665862219591,0.18602080730528414,0.20334463144127005,0.21034880008348572,0.20871917494800094,16.684559924803054,,,
adamoe,93,0.006002113845092055,0.19192962981362555,0.1869014530602046,0.20177674975174026,0.20891562485046933,0.21047654252395992,16.71709046042168,,,
adamoe,94,0.0014282368037829285,0.19177543948274633,0.18744550106120855,0.20194682015262805,0.2083649472629182,0.21046729204049908,16.704909049891288,,,
adamoe,95,0.0020718631244508734,0.19207963099657108,0.1870535530583794,0.20130283659323187,0.20851157046238095,0.21105240888943713,16.730054640321125,,,
adamoe,96,0.0013875416587726397,0.1923890468556323,0.18643685563119317,0.20152789560818463,0.20843449706018102,0.21121170484480964,16.750368701042287,,,
adamoe,97,0.003041840683840946,0.19178019185953749,0.18552479028536736,0.2017617154484967,0.20893587455892437,0.21199742784767456,16.72813655998302,,,
adamoe,98,0.003043157790879464,0.19176589523973464,0.18704636918080692,0.20103697689075317,0.20828670336738947,0.21186405532131591,16.720214712307296,,,
adamoe,99,0.0020246441217133537,0.19221866465375284,0.18642488935379473,0.20136956042398396,0.20851367248099714,0.2114732130874714,16.743874140442497,,,
adamoe,100,0.003664277654500947,0.1935353475005525,0.18694034533424558,0.20054392772442192,0.20797834815561533,0.21100203128516484,16.810569853622276,,,
adamoe,101,0.0009257688351017035,0.1935628335461863,0.18716138190064385,0.2004835094370889,0.2075758820253975,0.21121639309068363,16.812442600430444,,,
adamoe,102,0.0030110832184100933,0.19258144126374244,0.18663723257388282,0.20138827121631825,0.20808654904153007,0.2113065059045269,16.76058544800147,,,
adamoe,103,0.0027748100783209495,0.19383736511519906,0.18626297088489013,0.2005804676510124,0.20821803022923366,0.2111011661196647,16.831188818029812,,,
adamoe,104,0.0013910737671840034,0.1939774775086331,0.18640640942128484,0.20029586814686617,0.20780709284978793,0.21151315207342802,16.841776443356377,,,
adamoe,105,0.0032381378757539436,0.19431565068959805,0.18478734048340772,0.20128293397969582,0.20806175481931038,0.2115523200279878,16.86573994792538,,,
adamoe,106,0.009446636784668977,0.19903896908193236,0.18470583082223863,0.19991787543402117,0.20649829374575165,0.2098390309160556,17.110032091085284,,,
adamoe,107,0.020868048356100427,0.2050854876252896,0.1890933364569318,0.19887844222926648,0.20243168321383317,0.20451105047467877,17.371034409804444,,,
adamoe,108,0.023219320971857693,0.20949157422220357,0.1962969103459468,0.19846745361465679,0.1978390175551346,0.1979050442620583,17.51673746707689,,,
adamoe,109,0.027431151246367663,0.21011670791326117,0.20523382297027426,0.20262098292245556,0.19237080489261682,0.18965768130139227,17.42190241900112,,,
adamoe,110,0.03467185512767576,0.20367633573992194,0.2148160440144655,0.21037468944210233,0.18953899422029608,0.1815939365832145,16.935608328443166,,,
adamoe,111,0.022067609369982144,0.19562212063116724,0.21768792471958695,0.217465298759129,0.19061030888313876,0.17861434700697787,16.44228407914667,,,
adamoe,112,0.021508646462054082,0.19009004052726086,0.21246568159246648,0.22095664036543983,0.1962499674230369,0.18023767009179614,16.177815187570843,,,
adamoe,113,0.017531028656753933,0.18566303237231158,0.20812717541903875,0.22130039414582453,0.20284554848468314,0.18206384957814212,15.98062303368198,,,
adamoe,114,0.01671513965341212,0.182944343812096,0.20395414857012423,0.21983453972824876,0.2085154238965704,0.18475154399296112,15.886247979658078,,,
adamoe,115,0.017061784718575557,0.18220142505762532,0.1995387997777543,0.21646191491580147,0.2129740553247662,0.18882380492405296,15.915361704192783,,,
adamoe,116,0.013458799910721297,0.18000463984751244,0.19697717415804927,0.2144909257902588,0.2166519697582996,0.1918752904458803,15.843546196929994,,,
adamoe,117,0.007666919233877495,0.17865602192677454,0.1980906168281325,0.21230014749132986,0.21635790636102753,0.19459530739273567,15.793192022934088,,,
adamoe,118,0.008869781857745368,0.1792802254940985,0.19537008627438357,0.21063867677724613,0.21630501669998728,0.19840599475428417,15.875918689711922,,,
adamoe,119,0.008206615826561736,0.17891078529151602,0.19261135976019564,0.20974873080270617,0.21621982147801685,0.20250930266756512,15.905173657351305,,,
m5b_smooth0,4,,0.20000606775283813,0.20000606775283813,0.20000606775283813,0.20000606775283813,0.20000606775283813,17.00051575899124,,,
m5b_smooth0,5,0.5038214549422264,0.28397127985954285,0.0379008948802948,0.1101854220032692,0.28397127985954285,0.28397127985954285,23.370130829513073,,,
m5b_smooth0,6,0.20582826901227236,0.31827598810195923,0.009789112024009228,0.035383060574531555,0.31827598810195923,0.31827598810195923,25.8962933300063,,,
m5b_smooth0,7,0.03581280121579766,0.32424479722976685,0.005970212165266275,0.021295586600899696,0.32424479722976685,0.32424479722976685,26.33368554757908,,,
m5b_smooth0,8,0.009952460415661335,0.3225859999656677,0.006688281428068876,0.025553585961461067,0.3225859999656677,0.3225859999656677,26.212815036531538,,,
m5b_smooth0,9,0.1770212328992784,0.3613418638706207,0.008804208599030972,0.03443682938814163,0.234075665473938,0.3613418638706207,28.489942281506956,,,
m5b_smooth0,10,0.15254373010247946,0.39830532670021057,0.011148782446980476,0.03384948894381523,0.15839077532291412,0.39830532670021057,30.696026852354407,,,
m5b_smooth0,11,0.08003710862249136,0.41320109367370605,0.014367313124239445,0.040858324617147446,0.11837256699800491,0.41320109367370605,31.542431187815964,,,
m5b_smooth0,12,0.06418830994516611,0.40942278504371643,0.01778302900493145,0.0695364698767662,0.09383473545312881,0.40942278504371643,31.180521680042148,,,
m5b_smooth0,13,0.04351942241191864,0.40764981508255005,0.019507532939314842,0.08957124501466751,0.07562053203582764,0.40764981508255005,30.983651308342814,,,
m5b_smooth0,14,0.03375697508454323,0.415520578622818,0.020644592121243477,0.07778650522232056,0.07052688300609589,0.415520578622818,31.496215106919408,,,
m5b_smooth0,15,0.10115546733140945,0.4408096969127655,0.019236890599131584,0.03590812906622887,0.06323572993278503,0.4408096969127655,33.18952895887196,,,
m5b_smooth0,16,0.1663080956786871,0.46490710973739624,0.04157203063368797,0.03855712339282036,0.09730780869722366,0.35765522718429565,33.73999782651663,,,
m5b_smooth0,17,1.1188426539301872,0.15322645008563995,0.3634222745895386,0.27506840229034424,0.09836786985397339,0.10991481691598892,12.609597012400627,,,
m5b_smooth0,18,0.655768072232604,0.012339314445853233,0.48622798919677734,0.48014700412750244,0.012378995306789875,0.008907071314752102,2.878379833884537,,,
m5b_smooth0,19,0.6800136370584369,0.0014225328341126442,0.17515598237514496,0.8201539516448975,0.00221164058893919,0.0010565249249339104,2.751242640428245,,,
m5b_smooth0,20,0.2670383067452349,0.0002216902794316411,0.045406367629766464,0.9536731839179993,0.0005264175124466419,0.00017313082935288548,2.9258360903477296,,,
m5b_smooth0,21,0.05699986799663748,6.055560879758559e-05,0.017496947199106216,0.9821723699569702,0.00021882074361201376,5.060074181528762e-05,2.96988754918857,,,
m5b_smooth0,22,0.015120243591809412,3.167618706356734e-05,0.01004299707710743,0.9897331595420837,0.00016392127145081758,2.8875751013401896e-05,2.982694756341516,,,
m5b_smooth0,23,0.004337616495831753,2.570585820649285e-05,0.007882688194513321,0.9918807148933411,0.00018460664432495832,2.57791907642968e-05,2.986720339547901,,,
m5b_smooth0,24,0.00023199572933663148,2.653702540555969e-05,0.0077666714787483215,0.991908848285675,0.00026785751106217504,2.954277806566097e-05,2.9873740393304615,,,
m5b_smooth0,25,0.00254746060090838,3.530004323692992e-05,0.00882729422301054,0.9906359910964966,0.0004589305608533323,4.368737791082822e-05,2.986677407323441,,,
m5b_smooth0,26,0.0049374265036021825,4.9436835979577154e-05,0.010903784073889256,0.9881664514541626,0.0008117047837004066,6.817337271058932e-05,2.9850057092990028,,,
m5b_smooth0,27,0.01124506008636672,8.939897816162556e-05,0.015536653809249401,0.9825441837310791,0.0016935659805312753,0.00013627266162075102,2.9822959228185937,,,
m5b_smooth0,28,0.01730061843409203,0.00015327362052630633,0.022370072081685066,0.9738941788673401,0.0033258292824029922,0.0002573300153017044,2.9801324511063285,,,
m5b_smooth0,29,0.03153429146914277,0.00029255804838612676,0.03388703241944313,0.9581264853477478,0.007153600919991732,0.0005399115616455674,2.983453939668834,,,
m5b_smooth0,30,0.05854673229623586,0.0005387792480178177,0.0534224808216095,0.9288529753684998,0.016098370775580406,0.0010866944212466478,3.0002104791346937,,,
m5b_smooth0,31,0.15515419252915308,0.0011059751268476248,0.09394575655460358,0.8512765169143677,0.051221732050180435,0.002450595609843731,3.1069942777976394,,,
m5b_smooth0,32,0.6903800186701119,0.0018820019904524088,0.16894927620887756,0.5060862898826599,0.31843551993370056,0.004647052846848965,4.094235644675791,,,
m5b_smooth0,33,0.7825684761628509,0.0015915597323328257,0.16721035540103912,0.11726284772157669,0.7097201943397522,0.004216056317090988,5.641558631323278,,,
m5b_smooth0,34,0.855945962946862,0.003199073253199458,0.5889086723327637,0.1055632084608078,0.29344624280929565,0.008882598020136356,3.276022764854133,,,
m5b_smooth0,35,0.26177114178426564,0.004107262007892132,0.6468945145606995,0.17475296556949615,0.16256065666675568,0.011684365570545197,2.7190948463976383,,,
m5b_smooth0,36,0.9518378432840109,0.005851196125149727,0.17097601294517517,0.5942608118057251,0.2134045958518982,0.015507987700402737,4.01577421464026,,,
m5b_smooth0,37,0.6023156829178333,0.002981471363455057,0.0205931905657053,0.895418107509613,0.07428935915231705,0.006717384327203035,3.4998046895489097,,,
m5b_smooth0,38,0.10600303579121828,0.001974876970052719,0.00488556083291769,0.9484205842018127,0.04079681262373924,0.003923595882952213,3.3091479623690248,,,
m5b_smooth0,39,0.014640916022472084,0.0016332162776961923,0.002007001079618931,0.9557406306266785,0.03758925199508667,0.0030305073596537113,3.2727737366221845,,,
m5b_smooth0,40,0.05724561295937747,0.002320897998288274,0.001648190664127469,0.9274770617485046,0.06447768211364746,0.0040776291862130165,3.4317638392094523,,,
m5b_smooth0,41,0.24611218203790486,0.003758482402190566,0.0017687156796455383,0.8044205904006958,0.18353933095932007,0.006513581611216068,4.016504890285432,,,
m5b_smooth0,42,1.0365584609098732,0.004858740139752626,0.0017545849550515413,0.2861548364162445,0.6988160014152527,0.008415229618549347,6.161268727155402,,,
m5b_smooth0,43,0.5060920976102352,0.0026237252168357372,0.0008164935279637575,0.04018864780664444,0.9518621563911438,0.004508581943809986,7.004961191909388,,,
m5b_smooth0,44,0.07105995979509316,0.0014082419220358133,0.00040409728535450995,0.008383573964238167,0.9873928427696228,0.0024122619070112705,7.055570900585735,,,
m5b_smooth0,45,0.012851121602579951,0.001041901996359229,0.0002821124217007309,0.003087190678343177,0.9938180446624756,0.0017710502725094557,7.0535788206907455,,,
m5b_smooth0,46,0.009381903320900165,0.00022015390277374536,5.088432226330042e-05,0.0008311918354593217,0.998508870601654,0.00038894792669452727,7.010761059180368,,,
m5b_smooth0,47,0.003902398282662034,0.000952635076828301,0.00015358666132669896,0.0011401233496144414,0.9965578317642212,0.0011961923446506262,7.053383576494525,,,
m5b_smooth0,48,0.005236913988483138,0.0021480100695043802,0.0002937545068562031,0.0014771893620491028,0.9939399361610413,0.002142601879313588,7.121181906200945,,,
m5b_smooth0,49,0.014468535897321999,0.00564710283651948,0.0006966266082599759,0.0024268198758363724,0.9867048859596252,0.00452449219301343,7.317080348846503,,,
m5b_smooth0,50,0.02207751595415175,0.011519411578774452,0.001325812074355781,0.0038892091251909733,0.9756661653518677,0.007599404081702232,7.640212948783301,,,
m5b_smooth0,51,0.03771958115976304,0.02233383245766163,0.0024737233761698008,0.0064680930227041245,0.956806480884552,0.01191808469593525,8.226406501838937,,,
m5b_smooth0,52,0.04522575135342777,0.03540172427892685,0.004234101623296738,0.01030865591019392,0.9341942667961121,0.015862789005041122,8.92070243973285,,,
m5b_smooth0,53,0.0325646698474884,0.04339880496263504,0.006253409199416637,0.01459408737719059,0.9179112911224365,0.017842663452029228,9.329140295274556,,,
m5b_smooth0,54,0.014513266272842884,0.04314673691987991,0.008517010137438774,0.019246269017457962,0.9109062552452087,0.018183043226599693,9.285966424271464,,,
m5b_smooth0,55,0.021834894083440304,0.034316517412662506,0.0096288425847888,0.021822955459356308,0.9181360006332397,0.016096632927656174,8.786393619142473,,,
m5b_smooth0,56,0.019307497888803482,0.025816502049565315,0.010888754390180111,0.024277664721012115,0.9240753650665283,0.014943135902285576,8.310443329624832,,,
m5b_smooth0,57,0.010798636823892593,0.020467698574066162,0.012025974690914154,0.026641735807061195,0.9259729981422424,0.01489222701638937,8.010315261781216,,,
m5b_smooth0,58,0.007420368492603302,0.017101777717471123,0.012895221821963787,0.028651967644691467,0.9256283640861511,0.01572256162762642,7.824472199194133,,,
m5b_smooth0,59,0.019075734540820122,0.016470812261104584,0.014714282937347889,0.0325896330177784,0.9167213439941406,0.019503584131598473,7.790831503458321,,,
m5b_smooth0,60,0.03715853299945593,0.01776702143251896,0.0174653772264719,0.038819100707769394,0.8981420993804932,0.027806101366877556,7.8762240801006556,,,
m5b_smooth0,61,0.425387853756547,0.11114956438541412,0.03592972457408905,0.09879311174154282,0.685448408126831,0.06867936253547668,12.760932855308056,,,
m5b_smooth0,62,1.353112068027258,0.5973869562149048,0.14043664932250977,0.1846047341823578,0.031048953533172607,0.04652268812060356,37.40612853318453,,,
m5b_smooth0,63,1.13059240905568,0.09719647467136383,0.5282713770866394,0.36206620931625366,0.002149806823581457,0.010316110216081142,7.605732676107436,,,
m5b_smooth0,64,0.904984828477609,0.007331978064030409,0.17664499580860138,0.8145593404769897,0.00014037669461686164,0.0013247209135442972,3.0797704307333333,,,
m5b_smooth0,65,0.3191751288577507,0.0006353306234814227,0.02502715028822422,0.9741460084915161,1.1852283932967111e-05,0.00017927744193002582,2.988177863346209,,,
m5b_smooth0,66,0.038641130198584506,0.00011907181033166125,0.006362786050885916,0.9934676289558411,2.391385578448535e-06,4.9851656513055786e-05,2.9946246444285407,,,
m5b_smooth0,67,0.007509724353326419,4.322905806475319e-05,0.0027085645124316216,0.9972221851348877,9.941926464307471e-07,2.6144965886487626e-05,2.9973418522719157,,,
m5b_smooth0,68,0.001982600862106665,2.7009036784875207e-05,0.0017363951774314046,0.9982131123542786,7.212631771835731e-07,2.313360892003402e-05,2.9983251938144804,,,
m5b_smooth0,69,0.0005411654697695667,2.4355784262297675e-05,0.0014678158331662416,0.9984772801399231,7.727065280960232e-07,2.8847252906416543e-05,2.99877027379506,,,
m5b_smooth0,70,0.0001988200377809335,2.317696089448873e-05,0.0013700497802346945,0.9985690116882324,8.610433610556356e-07,3.690252924570814e-05,2.9989903652115686,,,
m5b_smooth0,71,0.00021847423982990222,2.5674866265035234e-05,0.0014602934243157506,0.9984601140022278,1.0834176009666407e-06,5.3515159379458055e-05,2.9991379235614204,,,
m5b_smooth0,72,0.0011446454707311204,4.1390740079805255e-05,0.0019619157537817955,0.9978876113891602,2.240795765828807e-06,0.00010716243559727445,2.9996241539947732,,,
m5b_smooth0,73,0.0017704723927636223,6.900365406181663e-05,0.002711895387619734,0.9970018863677979,4.619334049493773e-06,0.00021193872089497745,3.0008572511655984,,,
m5b_smooth0,74,0.0029238997353786544,0.00011906155850738287,0.003910641185939312,0.9955390691757202,9.81138236966217e-06,0.00041902551311068237,3.00360657908368,,,
m5b_smooth0,75,0.004854184572650411,0.00021486973855644464,0.005812384188175201,0.9931129813194275,2.1854224542039447e-05,0.00083752820501104,3.009921886901793,,,
m5b_smooth0,76,0.006043183273504837,0.0003101268666796386,0.00821765698492527,0.9900920391082764,3.569973705452867e-05,0.0013453938299790025,3.0161867980896204,,,
m5b_smooth0,77,0.010597310956654837,0.0004689732741098851,0.01240522600710392,0.9847935438156128,6.158243922982365e-05,0.0022719113621860743,3.027162090045749,,,
m5b_smooth0,78,0.022307311279291753,0.0006844562012702227,0.021767009049654007,0.9736390113830566,9.474713442614302e-05,0.0038142595440149307,3.0378142788322293,,,
m5b_smooth0,79,0.09944532378722215,0.0017600423889234662,0.06333613395690918,0.9239169359207153,0.00027100410079583526,0.010716539807617664,3.0926180710666813,,,
m5b_smooth0,80,0.5253557008691132,0.005995915271341801,0.29733049869537354,0.6612389087677002,0.0009742864058353007,0.03446069359779358,3.1300718564889394,,,
m5b_smooth0,81,0.39864187565399334,0.015173094347119331,0.45534631609916687,0.4619179964065552,0.002585755428299308,0.06497719138860703,3.679266933584586,,,
m5b_smooth0,82,0.7043545164633542,0.01801939308643341,0.12241888791322708,0.8107260465621948,0.003108370117843151,0.045727066695690155,4.29769813735038,,,
m5b_smooth0,83,0.24969354458153248,0.013709479942917824,0.02752266637980938,0.9355723261833191,0.0023238854482769966,0.020870421081781387,3.9652615347877145,,,
m5b_smooth0,84,0.044093330623582006,0.01375606656074524,0.011014165356755257,0.9575726985931396,0.002283247886225581,0.015373188070952892,3.940303622977808,,,
m5b_smooth0,85,0.009910332737490535,0.017069367691874504,0.00672096898779273,0.9569107890129089,0.0025821030139923096,0.016716258600354195,4.153717739041895,,,
m5b_smooth0,86,0.05970879876986146,0.03137420117855072,0.006638370454311371,0.927139401435852,0.004309755750000477,0.030538585036993027,5.1282171262428164,,,
m5b_smooth0,87,0.19319412484765053,0.07090213149785995,0.00822770968079567,0.8305419683456421,0.008438670076429844,0.0818890929222107,7.959499496035278,,,
m5b_smooth0,88,0.5899659991264343,0.138346329331398,0.009972802363336086,0.5355592966079712,0.014304710552096367,0.3018170893192291,14.243002676405013,,,
m5b_smooth0,89,0.6519997850991786,0.09978911280632019,0.00742689473554492,0.2506624758243561,0.014517334289848804,0.6276043057441711,15.634842711035162,,,
m5b_smooth0,90,0.3641809760592878,0.04291300103068352,0.004846123978495598,0.13063019514083862,0.011916042305529118,0.8096948266029358,14.390656639821827,,,
m5b_smooth0,91,0.1685441448353231,0.018447378650307655,0.00332961929962039,0.07449562102556229,0.009760268032550812,0.8939664959907532,13.917512021493167,,,
m5b_smooth0,92,0.06792927579954267,0.009789313189685345,0.0026730597019195557,0.05079495161771774,0.008811695501208305,0.9279319047927856,13.79514524154365,,,
m5b_smooth0,93,0.028486984316259623,0.006713164504617453,0.0025742286816239357,0.03972621262073517,0.009316448122262955,0.9416704177856445,13.77314372267574,,,
m5b_smooth0,94,0.0053725466132164,0.006038863677531481,0.0030195824801921844,0.038701385259628296,0.011556684970855713,0.940682590007782,13.731908613815904,,,
m5b_smooth0,95,0.021552372258156538,0.006547168828547001,0.004073902033269405,0.043595194816589355,0.01587669923901558,0.9299066662788391,13.657519838772714,,,
m5b_smooth0,96,0.03871076088398695,0.007906337268650532,0.005834650248289108,0.05286639928817749,0.022841161116957664,0.9105514883995056,13.546423049643636,,,
m5b_smooth0,97,0.04345046356320381,0.009824694134294987,0.008339634165167809,0.06104171276092529,0.03196791186928749,0.8888264298439026,13.448291821405292,,,
m5b_smooth0,98,0.012710955925285816,0.01026024017482996,0.00978164654225111,0.05867395177483559,0.03644653409719467,0.8848394155502319,13.444295468740165,,,
m5b_smooth0,99,0.010611516423523426,0.010464207269251347,0.011006001383066177,0.0533672533929348,0.039512407034635544,0.8856500387191772,13.474647589027882,,,
m5b_smooth0,100,0.014279763214290142,0.010093056596815586,0.011459535919129848,0.04659844562411308,0.040473293513059616,0.8913754224777222,13.519407237879932,,,
m5b_smooth0,101,0.00979475025087595,0.010451302863657475,0.012466952204704285,0.041700657457113266,0.042487774044275284,0.8928922414779663,13.562552895396948,,,
m5b_smooth0,102,0.006552918814122677,0.01076193992048502,0.013403023593127728,0.03870965540409088,0.04451807215809822,0.8926073312759399,13.583377528004348,,,
m5b_smooth0,103,0.0061870478093624115,0.01085022371262312,0.013995313085615635,0.03561585023999214,0.04594821855425835,0.8935898542404175,13.603751775808632,,,
m5b_smooth0,104,0.01608450524508953,0.01039458904415369,0.013666518963873386,0.030821681022644043,0.0434851236641407,0.9016326665878296,13.657060102559626,,,
m5b_smooth0,105,0.0134721789509058,0.010022198781371117,0.013266634196043015,0.027211030945181847,0.041131433099508286,0.9083682298660278,13.701306903734803,,,
m5b_smooth0,106,0.011840809136629105,0.011069175787270069,0.014401749707758427,0.02825647033751011,0.043824538588523865,0.9024480581283569,13.704366291873157,,,
m5b_smooth0,107,0.22053111903369427,0.02554582804441452,0.03085656277835369,0.05963819473981857,0.09177697449922562,0.7921825647354126,13.475515557453036,,,
m5b_smooth0,108,1.271736616268754,0.14685504138469696,0.1472741663455963,0.2635313868522644,0.28602495789527893,0.1563139408826828,13.939740687608719,,,
m5b_smooth0,109,0.7443255321122706,0.35978963971138,0.25054484605789185,0.31948933005332947,0.06583985686302185,0.004336731042712927,23.317984451539814,,,
m5b_smooth0,110,0.451731004708563,0.19379009306430817,0.37776586413383484,0.4181337058544159,0.01007212232798338,0.0002384013932896778,13.333415041357512,,,
m5b_smooth0,111,0.6221955365108442,0.042782243341207504,0.22612746059894562,0.7292311191558838,0.001827717642299831,3.09361275867559e-05,4.993982547821361,,,
m5b_smooth0,112,0.40685120355919935,0.009103220887482166,0.05786014720797539,0.9326570630073547,0.00037330129998736084,6.428606866393238e-06,3.4047276990750106,,,
m5b_smooth0,113,0.08787584522110592,0.0029952903278172016,0.02028396725654602,0.9765949845314026,0.00012329351739026606,2.6232034997519804e-06,3.1306861199905143,,,
m5b_smooth0,114,0.0217598335002549,0.0015713433967903256,0.010884616523981094,0.9874749183654785,6.736818613717332e-05,1.9465321656753076e-06,3.068088804181116,,,
m5b_smooth0,115,0.0065015720022074674,0.0011870258022099733,0.008029066026210785,0.9907255172729492,5.700482506654225e-05,2.688173481146805e-06,3.0518638341818587,,,
m5b_smooth0,116,0.0020320556391197897,0.0011228994699195027,0.007076086010783911,0.9917335510253906,6.190111889736727e-05,4.707418611360481e-06,3.0501499189749666,,,
m5b_smooth0,117,0.0020718415948977054,0.0013315945398062468,0.007871865294873714,0.9906981587409973,8.736174640944228e-05,1.1221747627132572e-05,3.0606306505978864,,,
m5b_smooth0,118,0.00210132624306425,0.001574027119204402,0.00863185990601778,0.9896482229232788,0.00012150107068009675,2.604565816000104e-05,3.073233302537119,,,
m5b_smooth0,119,0.009000148602353875,0.0024631863925606012,0.012069998309016228,0.9851475954055786,0.00023598127881996334,8.378885831916705e-05,3.1181288810475962,,,
m5b_smooth0.001,4,,0.20000606775283813,0.20000606775283813,0.20000606775283813,0.20000606775283813,0.20000606775283813,17.00051575899124,,,
m5b_smooth0.001,5,0.5003784261643887,0.28339722752571106,0.0381682850420475,0.11163890361785889,0.28339722752571106,0.28339722752571106,23.32826042547822,,,
m5b_smooth0.001,6,0.19367355946451426,0.31567642092704773,0.010132594965398312,0.04283861443400383,0.31567642092704773,0.31567642092704773,25.708438533358276,,,
m5b_smooth0.001,7,0.042873355094343424,0.32282203435897827,0.006296128500252962,0.02523856610059738,0.32282203435897827,0.32282203435897827,26.230596609879285,,,
m5b_smooth0.001,8,0.00701094837859273,0.3216533958911896,0.007169206626713276,0.02787052094936371,0.3216533958911896,0.3216533958911896,26.14470583666116,,,
m5b_smooth0.001,9,0.13758091814815998,0.3513748049736023,0.009338161908090115,0.035048991441726685,0.25286272168159485,0.3513748049736023,27.886259756051004,,,
m5b_smooth0.001,10,0.08114414848387241,0.3704264461994171,0.011806727387011051,0.034831926226615906,0.2125074863433838,0.3704264461994171,29.01541192922741,,,
m5b_smooth0.001,11,0.12196078803390265,0.39632663130760193,0.014826353639364243,0.04099329188466072,0.15152806043624878,0.39632663130760193,30.52667336910963,,,
m5b_smooth0.001,12,0.09829545766115189,0.4073280096054077,0.017522133886814117,0.06544186174869537,0.102379709482193,0.4073280096054077,31.072778396308422,,,
m5b_smooth0.001,13,0.05097818933427334,0.4096202850341797,0.019188953563570976,0.08467904478311539,0.07689010351896286,0.4096203148365021,31.123358322307467,,,
m5b_smooth0.001,14,0.004575151950120926,0.4090448319911957,0.021477604284882545,0.08418071269989014,0.07625287026166916,0.4090448319911957,31.077107401564717,,,
m5b_smooth0.001,15,0.10322732292115688,0.43485119938850403,0.02002885565161705,0.03962580859661102,0.07064196467399597,0.4348512291908264,32.81238920614123,,,
m5b_smooth0.001,16,0.1509711779654026,0.4346691370010376,0.04434175789356232,0.04417264461517334,0.11726853251457214,0.359548419713974,32.11156551539898,,,
m5b_smooth0.001,17,1.1297331154346466,0.1395137906074524,0.37507888674736023,0.278301864862442,0.0959814265370369,0.11112410575151443,11.80841938406229,,,
m5b_smooth0.001,18,0.6257120463997126,0.011976078152656555,0.5081313252449036,0.45810574293136597,0.012164399027824402,0.009623115882277489,2.8208876587450504,,,
m5b_smooth0.001,19,0.7115896984469146,0.0014833590248599648,0.18113701045513153,0.8139001727104187,0.0022579736541956663,0.001221306505613029,2.7447431767359376,,,
m5b_smooth0.001,20,0.28040199424140155,0.00023772165877744555,0.04491962864995003,0.9541013240814209,0.0005377625930123031,0.0002036938676610589,2.9281029527192004,,,
m5b_smooth0.001,21,0.05792216893314617,6.581369234481826e-05,0.01659191958606243,0.9830623269081116,0.0002205043419962749,5.940304254181683e-05,2.9721028948406456,,,
m5b_smooth0.001,22,0.015061426627653418,3.452838063822128e-05,0.009177785366773605,0.9905939698219299,0.00016230186156462878,3.324134013382718e-05,2.9846328894636827,,,
m5b_smooth0.001,23,0.0044926568734808825,2.7949943614657968e-05,0.0069418116472661495,0.9928235411643982,0.00017847061099018902,2.8876715077785775e-05,2.9887430000453605,,,
m5b_smooth0.001,24,0.0006899837644596118,2.8737013053614646e-05,0.00659708259627223,0.9930907487869263,0.00025252363411709666,3.2083713449537754e-05,2.989810387167381,,,
m5b_smooth0.001,25,0.00167281389440177,3.786060187849216e-05,0.0072403838858008385,0.9922534823417664,0.00042206552461721003,4.5664393837796524e-05,2.989866227209859,,,
m5b_smooth0.001,26,0.003426925315579865,5.237267760094255e-05,0.008612433448433876,0.9905401468276978,0.000726404192391783,6.835388921899721e-05,2.989417018383392,,,
m5b_smooth0.001,27,0.008140755082422402,9.323236008640379e-05,0.011831437237560749,0.9864702820777893,0.0014749973779544234,0.00013078756455797702,2.9889922326256055,,,
m5b_smooth0.001,28,0.01210201991489157,0.00015703953977208585,0.016385290771722794,0.9804190397262573,0.002802762668579817,0.00023613912344444543,2.989990068745101,,,
m5b_smooth0.001,29,0.021781704359455034,0.0002948172914329916,0.02390490286052227,0.9695282578468323,0.005798140075057745,0.0004742943565361202,2.9974058154039085,,,
m5b_smooth0.001,30,0.03928137387265451,0.0005326885147951543,0.03650190308690071,0.9498867392539978,0.012164237909018993,0.0009131803526543081,3.0160576220368966,,,
m5b_smooth0.001,31,0.09586338687222451,0.0010715574026107788,0.06189471110701561,0.9019550681114197,0.03311479836702347,0.001962658716365695,3.0913341701962054,,,
m5b_smooth0.001,32,0.40040806448087096,0.002050944371148944,0.12649071216583252,0.7017517685890198,0.16564856469631195,0.004058269318193197,3.571158403530717,,,
m5b_smooth0.001,33,1.0363141449633986,0.0021777269430458546,0.1650247424840927,0.18359503149986267,0.6446938514709473,0.00450957752764225,5.422464499250054,,,
m5b_smooth0.001,34,0.7658372363075614,0.004300967324525118,0.5413634777069092,0.13910692930221558,0.3062632977962494,0.008966182358562946,3.48611194267869,,,
m5b_smooth0.001,35,0.33935417374596,0.005675743333995342,0.6280882954597473,0.218253031373024,0.13658595085144043,0.011397313326597214,2.739056032150984,,,
m5b_smooth0.001,36,0.9320739079266787,0.007832654751837254,0.16355931758880615,0.6794131398200989,0.13507816195487976,0.014117434620857239,3.8149492405354977,,,
m5b_smooth0.001,37,0.4747214815579355,0.004256948828697205,0.021449247375130653,0.9167740941047668,0.05089235305786133,0.006628492381423712,3.4762338241562247,,,
m5b_smooth0.001,38,0.07899285573512316,0.0030597751028835773,0.005614482332020998,0.9562698006629944,0.03075970523059368,0.004295929800719023,3.333471344318241,,,
m5b_smooth0.001,39,0.014961824985221028,0.002592911943793297,0.002374263945966959,0.9637502431869507,0.02784300409257412,0.0034383300226181746,3.29223735909909,,,
m5b_smooth0.001,40,0.03491923655383289,0.0035369894467294216,0.0018924004398286343,0.9467729330062866,0.04327081888914108,0.004526500590145588,3.4206973067484796,,,
m5b_smooth0.001,41,0.11498161836061627,0.005343854892998934,0.0019005999201908708,0.8892829418182373,0.09665289521217346,0.00682098651304841,3.762444796622731,,,
m5b_smooth0.001,42,0.6454953820211813,0.00923080649226904,0.002457111608237028,0.5665343403816223,0.40962499380111694,0.012152205221354961,5.293414351996034,,,
m5b_smooth0.001,43,0.9517511553131044,0.006308021489530802,0.0014681159518659115,0.09797710180282593,0.8855006694793701,0.008745744824409485,6.994825824629515,,,
m5b_smooth0.001,44,0.1809881292283535,0.002846288727596402,0.0006377787794917822,0.016350099816918373,0.9759945273399353,0.004170545376837254,7.1108147285413,,,
m5b_smooth0.001,45,0.028356848895782605,0.0017675722483545542,0.00038981143734417856,0.00496537983417511,0.9901731610298157,0.0027037339750677347,7.090404688700801,,,
m5b_smooth0.001,46,0.014297996065579355,0.0004799485323019326,7.715806714259088e-05,0.0014532217755913734,0.9973220229148865,0.0006670349393971264,7.023826384887798,,,
m5b_smooth0.001,47,0.007919465191662312,0.002305474365130067,0.00023867326672188938,0.001973274629563093,0.9933632016181946,0.002120584947988391,7.127717559662415,,,
m5b_smooth0.001,48,0.014656671468401328,0.006481551565229893,0.0005058933747932315,0.002788442885503173,0.9860341548919678,0.004189744126051664,7.358659817953594,,,
m5b_smooth0.001,49,0.047142693074420094,0.021440932527184486,0.0013400724856182933,0.005099087487906218,0.9624636173248291,0.009657694958150387,8.175546337268315,,,
m5b_smooth0.001,50,0.10302734992001206,0.059073008596897125,0.002925027161836624,0.009545530192553997,0.9109492301940918,0.01750718429684639,10.197687325067818,,,
m5b_smooth0.001,51,0.1902844775468111,0.13574612140655518,0.005801158957183361,0.017556214705109596,0.8158074021339417,0.02508990466594696,14.265147567726672,,,
m5b_smooth0.001,52,0.029430347494781017,0.12443104386329651,0.008124716579914093,0.024319211021065712,0.8214355707168579,0.021689357236027718,13.600644977763295,,,
m5b_smooth0.001,53,0.15945155173540115,0.05316448584198952,0.008044295944273472,0.02450445294380188,0.900976300239563,0.013310755603015423,9.764611485414207,,,
m5b_smooth0.001,54,0.07370211044326425,0.022492190822958946,0.007643673103302717,0.023339133709669113,0.9378272294998169,0.008697811514139175,8.113752491306514,,,
m5b_smooth0.001,55,0.03154481062665582,0.011166653595864773,0.007014392875134945,0.02196337655186653,0.9535993933677673,0.006255739368498325,7.505679843015969,,,
m5b_smooth0.001,56,0.007660247851163149,0.0076217735186219215,0.007595839910209179,0.023368334397673607,0.9554433822631836,0.005970765370875597,7.306701645255089,,,
m5b_smooth0.001,57,0.008312245830893517,0.006305205635726452,0.008573572151362896,0.02598910965025425,0.9526042342185974,0.0065287877805531025,7.224485907703638,,,
m5b_smooth0.001,58,0.009807590395212173,0.005779870320111513,0.009617523290216923,0.028811095282435417,0.9482250809669495,0.007565952837467194,7.186341934837401,,,
m5b_smooth0.001,59,0.021974836010485888,0.006478555500507355,0.011783579364418983,0.03419500216841698,0.937237560749054,0.010304620489478111,7.208009527996182,,,
m5b_smooth0.001,60,0.03269014321267605,0.007872642949223518,0.014688489027321339,0.04149004444479942,0.9208927154541016,0.015055879019200802,7.268548513762653,,,
m5b_smooth0.001,61,0.1607179120182991,0.019853290170431137,0.023176681250333786,0.09122379869222641,0.8405330181121826,0.025211500003933907,7.724737614393234,,,
m5b_smooth0.001,62,1.5028310921043158,0.2189503312110901,0.22307270765304565,0.39784589409828186,0.08911851048469543,0.07101292163133621,16.17164073884487,,,
m5b_smooth0.001,63,0.7356849135830998,0.11368931829929352,0.5909152626991272,0.27748313546180725,0.003257330507040024,0.014655514620244503,8.472702285274863,,,
m5b_smooth0.001,64,0.8404117772588506,0.04606972262263298,0.25258690118789673,0.6976889371871948,0.0002590640215203166,0.003395762760192156,5.159191196900792,,,
m5b_smooth0.001,65,0.5239610249336693,0.009969409555196762,0.029775749891996384,0.959668755531311,2.1671185095328838e-05,0.0005634133704006672,3.514986075279012,,,
m5b_smooth0.001,66,0.06203886969888117,0.0030732648447155952,0.006073222029954195,0.9906885623931885,3.952904080506414e-06,0.00016074138693511486,3.1648128496381105,,,
m5b_smooth0.001,67,0.011114437718447334,0.0014759888872504234,0.0021933773532509804,0.9962455034255981,1.5091321756699472e-06,8.280910697067156e-05,3.08065911228789,,,
m5b_smooth0.001,68,0.002795783618466885,0.0010423463536426425,0.001242341473698616,0.9976432919502258,1.0299837640559417e-06,6.997157470323145e-05,3.0576998104751283,,,
m5b_smooth0.001,69,0.0008239959611273662,0.0009311215253546834,0.000942191225476563,0.998045027256012,1.0375184729127795e-06,8.084961882559583e-05,3.052083721807662,,,
m5b_smooth0.001,70,0.00035396799523823574,0.0008813434978947043,0.000814813538454473,0.9982048273086548,1.1080721833423013e-06,9.779129322851077e-05,3.0496867399485836,,,
m5b_smooth0.001,71,0.00022913564953341847,0.000954211805947125,0.0008193925023078918,0.9980903267860413,1.3582987321569817e-06,0.00013472892169374973,3.0542387942120968,,,
m5b_smooth0.001,72,0.0014095474473379,0.00130873778834939,0.0010554299224168062,0.9973857402801514,2.717913503147429e-06,0.0002477668458595872,3.0752246793003906,,,
m5b_smooth0.001,73,0.0021800632075610338,0.0018348612356930971,0.0014109855983406305,0.9962952733039856,5.455985501612304e-06,0.0004529458819888532,3.1067679138982385,,,
m5b_smooth0.001,74,0.0035713813053916965,0.002658734330907464,0.001984715461730957,0.9945099353790283,1.1350304703228176e-05,0.0008354919846169651,3.156814921370824,,,
m5b_smooth0.001,75,0.006161597384561901,0.00406402675434947,0.0029018037021160126,0.9914292693138123,2.5004193958011456e-05,0.0015803887508809566,3.2433316887745605,,,
m5b_smooth0.001,76,0.009295279915022547,0.006319689564406872,0.0042205131612718105,0.98678058385849,4.219693073537201e-05,0.002635418204590678,3.380934871980571,,,
m5b_smooth0.001,77,0.02801040621852735,0.014756175689399242,0.007144313305616379,0.9727762341499329,8.293196879094467e-05,0.005240453407168388,3.8847904286012636,,,
m5b_smooth0.001,78,0.30361197233287385,0.14348547160625458,0.019430527463555336,0.8209699988365173,0.00020345811208244413,0.015910154208540916,11.315635186052532,,,
m5b_smooth0.001,79,1.5943344489642186,0.9406522512435913,0.009708758443593979,0.0413568913936615,0.00013762636808678508,0.00814319308847189,56.68788259505527,,,
m5b_smooth0.001,80,0.10971076765054022,0.9955083131790161,0.0017433480825275183,0.001406557857990265,3.463371467660181e-05,0.0013072239235043526,59.75500538332926,,,
m5b_smooth0.001,81,0.006113461919085239,0.9985653758049011,0.0007151674362830818,0.0001824807550292462,2.4789604140096344e-05,0.0005129264900460839,59.922539656085064,,,
m5b_smooth0.001,82,0.0011046840136259561,0.9991174340248108,0.0004745367623399943,5.645720739266835e-05,2.538656917749904e-05,0.00032755188294686377,59.952453382218664,,,
m5b_smooth0.001,83,0.00033097689447458833,0.9992796182632446,0.0004030931740999222,2.780723116302397e-05,2.8308384571573697e-05,0.0002617746067699045,59.961126613849046,,,
m5b_smooth0.001,84,0.00015756062020955142,0.9992067217826843,0.0004489753337111324,2.1841731722815894e-05,4.081778388353996e-05,0.0002820816880557686,59.957152675609905,,,
m5b_smooth0.001,85,0.0003167501308780629,0.9990496635437012,0.0005442889523692429,2.026565016421955e-05,5.721793422708288e-05,0.00032848372939042747,59.94858419627599,,,
m5b_smooth0.001,86,0.0011927774066862185,0.9984534382820129,0.0008745537488721311,3.002071207447443e-05,0.00011454698687884957,0.0005276869633235037,59.91636035920055,,,
m5b_smooth0.001,87,0.0022422168131015496,0.9973324537277222,0.0014684762572869658,4.9433157983003184e-05,0.00023827768745832145,0.0009118535672314465,59.855997893148015,,,
m5b_smooth0.001,88,0.00404142728439183,0.9953113794326782,0.002541122492402792,8.615037950221449e-05,0.0004673343792092055,0.0015937864081934094,59.747066689960775,,,
m5b_smooth0.001,89,0.00821237095806282,0.991205096244812,0.004620713647454977,0.00016442933701910079,0.0009838998084887862,0.0030254386365413666,59.526663215918234,,,
m5b_smooth0.001,90,0.01839412108529359,0.9820083975791931,0.009100958704948425,0.0003427848278079182,0.002163022058084607,0.0063851382583379745,59.03516625796328,,,
m5b_smooth0.001,91,0.05332133683259599,0.95534747838974,0.020881066098809242,0.0008239165181294084,0.005465169902890921,0.017482168972492218,57.627208073972724,,,
m5b_smooth0.001,92,0.28537166269961745,0.812661349773407,0.06510147452354431,0.002472917316481471,0.018134087324142456,0.10162937641143799,50.38195109390654,,,
m5b_smooth0.001,93,1.4977813337463886,0.06997448951005936,0.05889822542667389,0.0026682112365961075,0.019838204607367516,0.8486211895942688,16.28493631631136,,,
m5b_smooth0.001,94,0.27689423435367644,0.0014992625219747424,0.007704547140747309,0.00047080672811716795,0.003257028292864561,0.9870679378509521,13.940823046606965,,,
m5b_smooth0.001,95,0.01940697858663043,0.00011415608605602756,0.0019907683599740267,0.00014801451470702887,0.0009754229104146361,0.9967716336250305,13.970915008190786,,,
m5b_smooth0.001,96,0.0032448554684378905,2.4249262423836626e-05,0.0009657486225478351,8.56362166814506e-05,0.0005303107318468392,0.9983940720558167,13.983906796922383,,,
m5b_smooth0.001,97,0.00037558800158876693,1.2926767340104561e-05,0.0008197224815376103,8.851986785884947e-05,0.0005000870442017913,0.998579204082489,13.98547035458978,,,
m5b_smooth0.001,98,0.00039939736507221824,1.0470863344380632e-05,0.0009066817001439631,0.00011241582251386717,0.0005888223531655967,0.9983818531036377,13.983339880891435,,,
m5b_smooth0.001,99,0.0016731214336687117,1.2801569937437307e-05,0.0013395807472988963,0.0001886043610284105,0.0009137358865700662,0.997545063495636,13.974700528171525,,,
m5b_smooth0.001,100,0.0033297044601567904,1.8919241483672522e-05,0.0022116019390523434,0.0003435018879827112,0.0015452289953827858,0.9958798885345459,13.957512304543343,,,
m5b_smooth0.001,101,0.008991502558274078,4.135807466809638e-05,0.00450512720271945,0.0007999338558875024,0.0032686551567167044,0.9913842082023621,13.911645914180554,,,
m5b_smooth0.001,102,0.019168151240592124,9.694090840639547e-05,0.009319818578660488,0.0018666207324713469,0.006916312500834465,0.9818006753921509,13.814359778276412,,,
m5b_smooth0.001,103,0.037741568659839686,0.00023065230925567448,0.018575606867671013,0.004175806418061256,0.014088365249335766,0.9629298448562622,13.624578549410217,,,
m5b_smooth0.001,104,0.06297655540402047,0.0005567376501858234,0.03328387439250946,0.00860252883285284,0.026115188375115395,0.9314411878585815,13.315478668548167,,,
m5b_smooth0.001,105,0.06394316093064845,0.0011163742747157812,0.0455830842256546,0.014392314478754997,0.0394376665353775,0.8994691371917725,13.024374070577323,,,
m5b_smooth0.001,106,0.03387031960301101,0.001842875499278307,0.048848576843738556,0.01918463222682476,0.04758886247873306,0.8825343251228333,12.905577592551708,,,
m5b_smooth0.001,107,0.2133592888712883,0.0044594318605959415,0.0918976366519928,0.03926053270697594,0.08852731436491013,0.7758550047874451,11.958906413987279,,,
m5b_smooth0.001,108,1.1722679077647626,0.015639256685972214,0.4550321102142334,0.12452968209981918,0.21507832407951355,0.18972155451774597,5.928626589477062,,,
m5b_smooth0.001,109,0.36951917223632336,0.027058860287070274,0.4959709048271179,0.25693032145500183,0.20083190500736237,0.01920783892273903,4.565026566386223,,,
m5b_smooth0.001,110,0.8397387259174138,0.03807763010263443,0.19625705480575562,0.6657814383506775,0.09718790650367737,0.002696848241612315,5.196330396924168,,,
m5b_smooth0.001,111,0.41099248570390046,0.03375673294067383,0.06925026327371597,0.8712775707244873,0.025166885927319527,0.0005492041818797588,4.892344011925161,,,
m5b_smooth0.001,112,0.099866299846326,0.033030178397893906,0.03511390835046768,0.9212104678153992,0.010422289371490479,0.00022330744832288474,4.856638345547253,,,
m5b_smooth0.001,113,0.029605912714032456,0.03719775006175041,0.024259185418486595,0.931845486164093,0.006546200253069401,0.00015079679724294692,5.099595204548677,,,
m5b_smooth0.001,114,0.02590655704261735,0.05014863982796669,0.02197774313390255,0.9219287633895874,0.005791051313281059,0.0001531500747660175,5.839363883220358,,,
m5b_smooth0.001,115,0.08153890060202684,0.08699158579111099,0.02476385049521923,0.8811600208282471,0.006856369785964489,0.000228936318308115,7.938938757404685,,,
m5b_smooth0.001,116,0.07522057017195038,0.12078845500946045,0.026639999821782112,0.8435490727424622,0.008648610673844814,0.0003732989716809243,9.870360978937242,,,
m5b_smooth0.001,117,0.04530479261302389,0.09813626110553741,0.027488039806485176,0.8631088733673096,0.010661576874554157,0.0006050908705219626,8.588092636549845,,,
m5b_smooth0.001,118,0.051383458834607154,0.07244428992271423,0.027527913451194763,0.8856829404830933,0.013379422947764397,0.0009647916886024177,7.138397174538113,,,
m5b_smooth0.001,119,0.02675557922339067,0.06227872893214226,0.03206544741988182,0.8824707865715027,0.021268807351589203,0.0019157376373186707,6.591903521446511,,,
m5b_smooth0.01,4,,0.20000606775283813,0.20000606775283813,0.20000606775283813,0.20000606775283813,0.20000606775283813,17.00051575899124,,,
m5b_smooth0.01,5,0.45242198929190636,0.2754046320915222,0.040701184421777725,0.13308465480804443,0.2754046320915222,0.2754046320915222,22.74773034825921,,,
m5b_smooth0.01,6,0.05523640476167202,0.2846106290817261,0.014820752665400505,0.1313466727733612,0.2846106290817261,0.2846106290817261,23.462321726605296,,,
m5b_smooth0.01,7,0.10256663244217634,0.3017050623893738,0.009389433078467846,0.08549465984106064,0.3017050623893738,0.3017050623893738,24.703983466140926,,,
m5b_smooth0.01,8,0.014623203314840794,0.303862988948822,0.010227162390947342,0.07818296551704407,0.303862988948822,0.303862988948822,24.857678163796663,,,
m5b_smooth0.01,9,0.010179150849580765,0.3050495684146881,0.012739196419715881,0.07838820666074753,0.29877427220344543,0.3050495684146881,24.912991784512997,,,
m5b_smooth0.01,10,0.09332951996475458,0.32793134450912476,0.013640162535011768,0.059130970388650894,0.27136650681495667,0.32793134450912476,26.357518115080893,,,
m5b_smooth0.01,11,0.12348408438265324,0.35852983593940735,0.014185513369739056,0.047042958438396454,0.22171276807785034,0.35852983593940735,28.238511624746025,,,
m5b_smooth0.01,12,0.046893914230167866,0.3692820966243744,0.015061654150485992,0.04810911417007446,0.1982656717300415,0.3692820966243744,28.874123848974705,,,
m5b_smooth0.01,13,0.044521626085042953,0.37587764859199524,0.01696811243891716,0.05527188628911972,0.17600440979003906,0.3758776783943176,29.22976105287671,,,
m5b_smooth0.01,14,0.033803921192884445,0.36773577332496643,0.021439455449581146,0.0677032396197319,0.1753869652748108,0.36773577332496643,28.66470515727997,,,
m5b_smooth0.01,15,0.017086515203118324,0.3672480583190918,0.023663261905312538,0.06013511121273041,0.18170611560344696,0.3672480583190918,28.652367720380425,,,
m5b_smooth0.01,16,0.11784943379461765,0.4054444432258606,0.04439115524291992,0.057725127786397934,0.17980527877807617,0.3126337230205536,30.179742205888033,,,
m5b_smooth0.01,17,1.0552593134343624,0.14283157885074615,0.36241865158081055,0.26732733845710754,0.11936984211206436,0.10805241763591766,12.0826181396842,,,
m5b_smooth0.01,18,0.6534829884767532,0.01469396986067295,0.5669347643852234,0.3895532190799713,0.01749289222061634,0.011325981467962265,2.8982465993613005,,,
m5b_smooth0.01,19,0.7672567166155204,0.0021953315008431673,0.2192060798406601,0.7731809020042419,0.0036629987880587578,0.001754164113663137,2.720667965011671,,,
m5b_smooth0.01,20,0.34964411132386886,0.00037275621434673667,0.050480421632528305,0.9480025768280029,0.000828964461106807,0.00031399543513543904,2.927052212296985,,,
m5b_smooth0.01,21,0.0682287331437692,0.00010512707376619801,0.017382849007844925,0.982117772102356,0.0003001290315296501,9.449476056033745e-05,2.973467619609437,,,
m5b_smooth0.01,22,0.016961195455223788,5.450040043797344e-05,0.009106794372200966,0.990598738193512,0.00018818459648173302,5.289114051265642e-05,2.9862308011215646,,,
m5b_smooth0.01,23,0.005140294968441594,4.330205774749629e-05,0.006566581781953573,0.9931681156158447,0.00017584975284989923,4.5719370973529294e-05,2.9905400715579162,,,
m5b_smooth0.01,24,0.0011764035480155144,4.3954973079962656e-05,0.005978855304419994,0.9937158226966858,0.00021104438928887248,5.0841808842960745e-05,2.9919527178280987,,,
m5b_smooth0.01,25,0.0008498766583215911,5.596594564849511e-05,0.0062802257016301155,0.9932910203933716,0.0003028234641533345,7.075571920722723e-05,2.992621587938629,,,
m5b_smooth0.01,26,0.0020374704254209064,7.444335642503574e-05,0.007099257782101631,0.9922715425491333,0.00045110684004612267,0.00010295543324900791,2.9929796107608126,,,
m5b_smooth0.01,27,0.005241321225184947,0.0001258237025467679,0.009220840409398079,0.989650547504425,0.0008128081681206822,0.00018861731223296374,2.9940522046235856,,,
m5b_smooth0.01,28,0.007088868675054982,0.00020049812155775726,0.011986931785941124,0.9861060976982117,0.0013807442737743258,0.0003243342798668891,2.9965410020085983,,,
m5b_smooth0.01,29,0.011936842289287597,0.00035487377317622304,0.01633484847843647,0.9801384806632996,0.002554462058469653,0.0006175494054332376,3.0045696429442614,,,
m5b_smooth0.01,30,0.01855302631156519,0.000593222794122994,0.022902578115463257,0.9708614945411682,0.004537820816040039,0.0011041521793231368,3.0183033056091517,,,
m5b_smooth0.01,31,0.03467414143960923,0.001075602718628943,0.034354325383901596,0.9535245895385742,0.008898508735001087,0.002146573504433036,3.051805847324431,,,
m5b_smooth0.01,32,0.07583331724163145,0.0018498662393540144,0.05938638746738434,0.9156082272529602,0.01914413645863533,0.004011575132608414,3.107374050654471,,,
m5b_smooth0.01,33,0.32983549288474023,0.004066870082169771,0.17032618820667267,0.7506902813911438,0.06529461592435837,0.009621838107705116,3.2581772822886705,,,
m5b_smooth0.01,34,0.8004338215105236,0.00897136889398098,0.4539410471916199,0.3504735827445984,0.16535082459449768,0.021263394504785538,3.498787224292755,,,
m5b_smooth0.01,35,0.07413905672729015,0.012367505580186844,0.41687169671058655,0.3704798221588135,0.1748582422733307,0.025423306971788406,3.85029549151659,,,
m5b_smooth0.01,36,0.5816203411668539,0.018073992803692818,0.17459268867969513,0.6541708111763,0.12632665038108826,0.026835571974515915,4.481529250741005,,,
m5b_smooth0.01,37,0.4360881010070443,0.014226559549570084,0.050332874059677124,0.8722150325775146,0.04803164675831795,0.015193943865597248,4.069508286193013,,,
m5b_smooth0.01,38,0.09388477820903063,0.013146443292498589,0.022063110023736954,0.9191583395004272,0.03432661294937134,0.011307386681437492,3.9669144302606583,,,
m5b_smooth0.01,39,0.018148748204112053,0.013675347901880741,0.013930100947618484,0.9201474785804749,0.041882216930389404,0.010365295223891735,4.033183062449098,,,
m5b_smooth0.01,40,0.15253313537687063,0.02027212083339691,0.014029150828719139,0.8438805341720581,0.10701490193605423,0.014802978374063969,4.718344014137983,,,
m5b_smooth0.01,41,0.6751518631353974,0.024322668090462685,0.01294112391769886,0.5073926448822021,0.4370516240596771,0.0182916559278965,6.309923695400357,,,
m5b_smooth0.01,42,0.8789387936703861,0.010652823373675346,0.00526343984529376,0.09844739735126495,0.8765209913253784,0.00911500584334135,7.203032055404037,,,
m5b_smooth0.01,43,0.18418806325644255,0.004176189657300711,0.0020346269011497498,0.02103029191493988,0.9686150550842285,0.004143558442592621,7.154012085869908,,,
m5b_smooth0.01,44,0.03479672304820269,0.0023530619218945503,0.0011724868090823293,0.00781767163425684,0.9860138297080994,0.0026434981264173985,7.104914998752065,,,
m5b_smooth0.01,45,0.00558350863866508,0.002162827644497156,0.0010949437273666263,0.005293018650263548,0.9887650609016418,0.002683345228433609,7.10566591785755,,,
m5b_smooth0.01,46,0.003956432337872684,0.0018280366202816367,0.0007728483760729432,0.0048470343463122845,0.9907439947128296,0.001808717381209135,7.085526154958643,,,
m5b_smooth0.01,47,0.1586946160532534,0.03563574329018593,0.006640423554927111,0.02779826894402504,0.9113966226577759,0.018529444932937622,8.867368415463716,,,
m5b_smooth0.01,48,1.4795317905955017,0.6207250952720642,0.02960885688662529,0.1270049512386322,0.1716306358575821,0.051030781120061874,39.569974813610315,,,
m5b_smooth0.01,49,0.4042054684832692,0.6855805516242981,0.02724507823586464,0.2642516791820526,0.007087212987244129,0.01583469845354557,42.226129482500255,,,
m5b_smooth0.01,50,1.2701246366486885,0.08057117462158203,0.015971248969435692,0.8993143439292908,0.0004979988443665206,0.0036451469641178846,7.602702807460446,,,
m5b_smooth0.01,51,0.17236772713295068,0.008231272920966148,0.005521608516573906,0.9854979515075684,4.5686745579587296e-05,0.000702881661709398,3.4660519887802366,,,
m5b_smooth0.01,52,0.018883454040405923,0.0019065242959186435,0.002873255405575037,0.9949396252632141,1.1008794899680652e-05,0.0002688810636755079,3.105924985406091,,,
m5b_smooth0.01,53,0.004248325083608506,0.0007691379287280142,0.0019974801689386368,0.9970638155937195,4.797822839464061e-06,0.0001641188864596188,3.041668451844089,,,
m5b_smooth0.01,54,0.0008495770198351238,0.0004978197976015508,0.0018491395749151707,0.9974889159202576,4.1433759179199114e-06,0.00015995536523405463,3.026453453936483,,,
m5b_smooth0.01,55,0.0005799920306799322,0.0003506731882225722,0.0017082411795854568,0.9977785348892212,3.529476316543878e-06,0.00015824120782781392,3.0183243203844086,,,
m5b_smooth0.01,56,0.0009525052616936591,0.000375270436052233,0.0020805969834327698,0.9973019361495972,5.470296855492052e-06,0.00023525385768152773,3.019834477680888,,,
m5b_smooth0.01,57,0.0014191617956385016,0.00043641572119668126,0.0025989694986492395,0.9965925812721252,8.987698493001517e-06,0.00036202557384967804,3.0236929285101724,,,
m5b_smooth0.01,58,0.0015305284123314777,0.0004906198009848595,0.00314213871024549,0.9958274960517883,1.3634876268042717e-05,0.0005254482966847718,3.027513535212165,,,
m5b_smooth0.01,59,0.003836569177110505,0.0007109082653187215,0.004415101371705532,0.9939094185829163,2.9101383915985934e-05,0.000935222371481359,3.0420946759277285,,,
m5b_smooth0.01,60,0.00516913417413889,0.0009961134055629373,0.006041836459189653,0.991324782371521,5.7403573009651154e-05,0.0015794779174029827,3.062297503762238,,,
m5b_smooth0.01,61,0.011056686144456762,0.0002513981598895043,0.0024662110954523087,0.9968534111976624,5.5247978707484435e-06,0.0004236399836372584,3.0140799676378265,,,
m5b_smooth0.01,62,0.03413459306875666,0.0020964418072253466,0.014201031997799873,0.9797864556312561,0.0001155651334556751,0.0038013726007193327,3.1333750796693494,,,
m5b_smooth0.01,63,0.10941331968206214,0.007505287881940603,0.0531286783516407,0.9250795841217041,0.0006084507913328707,0.013678442686796188,3.474442056787666,,,
m5b_smooth0.01,64,0.20162490726215765,0.01770036108791828,0.12455838918685913,0.8242670893669128,0.002003750065341592,0.03147077187895775,4.113998379325494,,,
m5b_smooth0.01,65,0.0852355572860688,0.026648234575986862,0.14637532830238342,0.7816487550735474,0.004167485050857067,0.04115944728255272,4.695620325393975,,,
m5b_smooth0.01,66,0.092190763913095,0.02638174220919609,0.10706476122140884,0.8259201049804688,0.005990682169795036,0.03464028984308243,4.6946284417063,,,
m5b_smooth0.01,67,0.09230511728674173,0.023480670526623726,0.06790304183959961,0.8702132701873779,0.007851245813071728,0.030551692470908165,4.570065499283373,,,
m5b_smooth0.01,68,0.03240768797695637,0.02538633532822132,0.05424503609538078,0.8676679730415344,0.01236321683973074,0.04033844172954559,4.831709777005017,,,
m5b_smooth0.01,69,0.07206917461007833,0.028959887102246284,0.05095745250582695,0.8349208831787109,0.02168056182563305,0.06348204612731934,5.333825906738639,,,
m5b_smooth0.01,70,0.17946400120854378,0.03134329617023468,0.048548370599746704,0.7475980520248413,0.039169348776340485,0.1333419382572174,6.3129128739237785,,,
m5b_smooth0.01,71,0.48818606697022915,0.029548918828368187,0.04349451884627342,0.5103527903556824,0.07664185762405396,0.3399620056152344,8.64344910159707,,,
m5b_smooth0.01,72,0.43948090448975563,0.022447494789958,0.03554984927177429,0.30565860867500305,0.1596517562866211,0.47669273614883423,10.09063596278429,,,
m5b_smooth0.01,73,0.286889367736876,0.015212983824312687,0.027954284101724625,0.2259087860584259,0.3030959963798523,0.42782750725746155,9.729716747999191,,,
m5b_smooth0.01,74,0.18098575063049793,0.009145540185272694,0.019628366455435753,0.14980968832969666,0.3751244843006134,0.44629231095314026,9.891753586009145,,,
m5b_smooth0.01,75,0.1927712457254529,0.0058670444414019585,0.014200183562934399,0.10204562544822693,0.3352090120315552,0.5426773428916931,10.616305611096323,,,
m5b_smooth0.01,76,0.2547101522795856,0.004081119317561388,0.010991530492901802,0.07404167205095291,0.24085326492786407,0.6700332164764404,11.544421590864658,,,
m5b_smooth0.01,77,0.01717243529856205,0.00434710131958127,0.012095332145690918,0.07709134370088577,0.24501995742321014,0.6614469289779663,11.479592150077224,,,
m5b_smooth0.01,78,0.42704321490600705,0.008799039758741856,0.02432030439376831,0.16040363907814026,0.35855183005332947,0.44792479276657104,9.814283516258001,,,
m5b_smooth0.01,79,1.1330856839194894,0.025595253333449364,0.06392162293195724,0.6705490946769714,0.1866954118013382,0.05323851481080055,5.6634911969304085,,,
m5b_smooth0.01,80,0.4341694782488048,0.05322248861193657,0.10506519675254822,0.8188632726669312,0.019693346694111824,0.0031560887582600117,5.937043000943959,,,
m5b_smooth0.01,81,0.5954171915655024,0.20868901908397675,0.24730731546878815,0.5376963019371033,0.005596253555268049,0.000711610249709338,14.43087368470151,,,
m5b_smooth0.01,82,0.15151359686569776,0.25813600420951843,0.1758667528629303,0.5640060901641846,0.0017741769552230835,0.0002174259425373748,17.371508477808675,,,
m5b_smooth0.01,83,0.4244582956598606,0.14823664724826813,0.07480878382921219,0.7762346267700195,0.0006370407063513994,8.212913235183805e-05,11.303320591832744,,,
m5b_smooth0.01,84,0.15995724786625942,0.105457603931427,0.0379304438829422,0.8562138676643372,0.0003473571559879929,5.118897388456389e-05,8.937176428487874,,,
m5b_smooth0.01,85,0.04756148405067506,0.1292378306388855,0.02814481407403946,0.842296302318573,0.00027404396678321064,4.6439974539680406e-05,10.311872026773926,,,
m5b_smooth0.01,86,0.17302270297295763,0.21551117300987244,0.028281643986701965,0.7557854056358337,0.00034841036540456116,7.370758248725906e-05,15.229779020199203,,,
m5b_smooth0.01,87,0.00893516800715588,0.21983325481414795,0.025859897956252098,0.7537393569946289,0.00044865842210128903,0.00011875105701619759,15.481876381541952,,,
m5b_smooth0.01,88,0.005948458630882669,0.21824941039085388,0.02446928061544895,0.7564845085144043,0.000597445759922266,0.0001988090662052855,15.395852876856225,,,
m5b_smooth0.01,89,0.015608986272127368,0.2105027735233307,0.024411730468273163,0.7638537883758545,0.000869676994625479,0.0003620972274802625,14.95729660714278,,,
m5b_smooth0.01,90,0.03732871008105576,0.22618336975574493,0.026552703231573105,0.7451894283294678,0.0013701353454962373,0.0007044199155643582,15.852575999801047,,,
m5b_smooth0.01,91,0.019395854440517724,0.21648508310317993,0.028406623750925064,0.7515608072280884,0.002181439194828272,0.00136538443621248,15.306579488096759,,,
m5b_smooth0.01,92,0.007077150861732662,0.21331776678562164,0.029558340087532997,0.7511892318725586,0.003404832910746336,0.002528533572331071,15.141425343230367,,,
m5b_smooth0.01,93,0.165366466389969,0.2849487364292145,0.034936290234327316,0.6685063242912292,0.0061901952140033245,0.005417810287326574,19.25656015938148,,,
m5b_smooth0.01,94,0.08767231088131666,0.24111291766166687,0.036849234253168106,0.7018893957138062,0.01001307088881731,0.010135411284863949,16.821279735304415,,,
m5b_smooth0.01,95,0.06814245320856571,0.25477930903434753,0.040229279547929764,0.6678177118301392,0.017072802409529686,0.02010001242160797,17.73135074786842,,,
m5b_smooth0.01,96,0.07744418457150459,0.24051642417907715,0.04222871735692024,0.6433588266372681,0.03020891360938549,0.0436868779361248,17.2263693343848,,,
m5b_smooth0.01,97,0.22673590667545795,0.1896621733903885,0.04205656796693802,0.5810179114341736,0.05936557054519653,0.12789881229400635,15.370983071625233,,,
m5b_smooth0.01,98,0.7647092174738646,0.1065082773566246,0.030490437522530556,0.2933824956417084,0.08814679831266403,0.48147135972976685,14.658761190250516,,,
m5b_smooth0.01,99,0.7040797108784318,0.0251687653362751,0.011340801604092121,0.06883279979228973,0.06114562600851059,0.8335110545158386,13.825139266438782,,,
m5b_smooth0.01,100,0.2032902641221881,0.0065307337790727615,0.004206523299217224,0.018041308969259262,0.03606421500444412,0.9351561069488525,13.794809479266405,,,
m5b_smooth0.01,101,0.03791683609597385,0.003093019127845764,0.0026172047946602106,0.008545956574380398,0.031629107892513275,0.9541154503822327,13.792856282787398,,,
m5b_smooth0.01,102,0.008166628889739513,0.002106197876855731,0.0022049592807888985,0.00586070166900754,0.03246475011110306,0.9573621153831482,13.776481803040951,,,
m5b_smooth0.01,103,0.010309559875167906,0.001880674040876329,0.0023138064425438643,0.005227371118962765,0.03751090168952942,0.9530664086341858,13.736342394957319,,,
m5b_smooth0.01,104,0.0160135607002303,0.002141786040738225,0.002894508419558406,0.005659269168972969,0.044244714081287384,0.9450603723526001,13.688937689876184,,,
m5b_smooth0.01,105,0.013412663713097572,0.00257321260869503,0.0037503312341868877,0.006518723908811808,0.04880395904183388,0.9383536577224731,13.656278180889785,,,
m5b_smooth0.01,106,0.005643686279654503,0.0031882221810519695,0.0048170858062803745,0.007659122347831726,0.04777427017688751,0.9365618228912354,13.665373195428401,,,
m5b_smooth0.01,107,0.0356117500923574,0.004910679999738932,0.00751898530870676,0.011007629334926605,0.05780680477619171,0.9187554717063904,13.60240691062063,,,
m5b_smooth0.01,108,0.23232982633635402,0.013500536791980267,0.021673740819096565,0.02784697897732258,0.13438786566257477,0.8025906682014465,13.092231299728155,,,
m5b_smooth0.01,109,1.3114234069362283,0.07539643347263336,0.18612352013587952,0.1580963134765625,0.4335046410560608,0.14687904715538025,10.275037616491318,,,
m5b_smooth0.01,110,1.0852142272051424,0.0870249941945076,0.553013026714325,0.32218512892723083,0.03457748517394066,0.0031988585833460093,7.027894481550902,,,
m5b_smooth0.01,111,0.9115044821082847,0.06195313110947609,0.1569298356771469,0.7779369950294495,0.0030357534997165203,0.0001430283737136051,6.231181359064067,,,
m5b_smooth0.01,112,0.3347164165834329,0.027733460068702698,0.026582766324281693,0.9452950954437256,0.00037417883868329227,1.3027259228692856e-05,4.529277290277605,,,
m5b_smooth0.01,113,0.05909358932535724,0.017019305378198624,0.008038702420890331,0.974842369556427,9.61872938205488e-05,2.922185331044602e-06,3.9544383554334672,,,
m5b_smooth0.01,114,0.012538904877146706,0.014796236529946327,0.0040445951744914055,0.9811126589775085,4.6325720177264884e-05,1.3443975603877334e-06,3.835499865510883,,,
m5b_smooth0.01,115,0.006204289587799394,0.017897823825478554,0.0030776038765907288,0.9789841175079346,3.919654409401119e-05,1.304048851125117e-06,4.0141920184216815,,,
m5b_smooth0.01,116,0.014457231764936296,0.0251203253865242,0.002915077144280076,0.971917986869812,4.4868982513435185e-05,1.704443889138929e-06,4.42622650603721,,,
m5b_smooth0.01,117,0.027824361722082358,0.038438741117715836,0.003483896143734455,0.9580060839653015,6.85893464833498e-05,3.2081668450700818e-06,5.184351654863804,,,
m5b_smooth0.01,118,0.03940827706105665,0.05752621963620186,0.004062176216393709,0.9383016228675842,0.00010377168655395508,6.083198968553916e-06,6.271351789582695,,,
m5b_smooth0.01,119,0.05967426684037491,0.08544568717479706,0.005858737509697676,0.9084641337394714,0.00021392025519162416,1.668351069383789e-05,7.859723380151991,,,
m5b_smooth0.1,4,,0.20000606775283813,0.20000606775283813,0.20000606775283813,0.20000606775283813,0.20000606775283813,17.00051575899124,,,
m5b_smooth0.1,5,0.1904107928276062,0.2246091663837433,0.10478533804416656,0.2213868349790573,0.2246091663837433,0.2246091663837433,18.962288320064545,,,
m5b_smooth0.1,6,0.15796955674886703,0.2509373426437378,0.09052535146474838,0.15666179358959198,0.2509373426437378,0.2509373426437378,20.886435486376286,,,
m5b_smooth0.1,7,0.28281591460108757,0.29807350039482117,0.03573131933808327,0.07004838436841965,0.29807350039482117,0.29807350039482117,24.389830004423857,,,
m5b_smooth0.1,8,0.06235460750758648,0.3084660768508911,0.024188486859202385,0.05041433870792389,0.3084660768508911,0.3084660768508911,25.161183727905154,,,
m5b_smooth0.1,9,0.11687500029802322,0.27924707531929016,0.02429039217531681,0.05365226790308952,0.3635632395744324,0.27924707531929016,23.394473446533084,,,
m5b_smooth0.1,10,0.029074478894472122,0.2719784080982208,0.026934636756777763,0.057637330144643784,0.3714710772037506,0.2719784080982208,22.926546366885304,,,
m5b_smooth0.1,11,0.042104391381144524,0.28250452876091003,0.02500048279762268,0.052079956978559494,0.3579104542732239,0.28250452876091003,23.59194866195321,,,
m5b_smooth0.1,12,0.10193032771348953,0.2602465748786926,0.022747382521629333,0.04788314178586006,0.4088749587535858,0.2602465748786926,22.286768060177565,,,
m5b_smooth0.1,13,0.06928133219480515,0.2775671184062958,0.02258334681391716,0.0461481511592865,0.3761337399482727,0.2775671184062958,23.333930741995573,,,
m5b_smooth0.1,14,0.08876108378171921,0.2948477268218994,0.025727923959493637,0.05282331258058548,0.33175355195999146,0.29484766721725464,24.32520367577672,,,
m5b_smooth0.1,15,0.027806658297777176,0.29232627153396606,0.023267384618520737,0.04642306640744209,0.3456565737724304,0.29232627153396606,24.21427669376135,,,
m5b_smooth0.1,16,0.05591994524002075,0.3076322078704834,0.014724532142281532,0.02700621448457241,0.35121724009513855,0.29941990971565247,25.204075064510107,,,
m5b_smooth0.1,17,0.1819424070417881,0.2777971625328064,0.056740839034318924,0.07596093416213989,0.3108384311199188,0.27866238355636597,23.029595781117678,,,
m5b_smooth0.1,18,0.5783264152705669,0.16181489825248718,0.240035280585289,0.18182995915412903,0.24027658998966217,0.1760435402393341,14.64096474647522,,,
m5b_smooth0.1,19,0.6512307226657867,0.047023046761751175,0.422341912984848,0.3251383602619171,0.15095852315425873,0.05453776940703392,6.039378233253956,,,
m5b_smooth0.1,20,0.28475180082023144,0.017103854566812515,0.39509257674217224,0.4675143361091614,0.09934549778699875,0.020943498238921165,3.812494318932295,,,
m5b_smooth0.1,21,0.0759457629173994,0.008788429200649261,0.43306562304496765,0.46381881833076477,0.08309891819953918,0.011228304356336594,3.0907165184617043,,,
m5b_smooth0.1,22,0.19339953735470772,0.006095066666603088,0.3422156572341919,0.5577690601348877,0.08584810048341751,0.008071519434452057,3.0951648131012917,,,
m5b_smooth0.1,23,0.4662514044903219,0.0043186829425394535,0.11728230118751526,0.7908949255943298,0.08163803070783615,0.005865789949893951,3.4026753287762403,,,
m5b_smooth0.1,24,0.11000775429420173,0.0036591810639947653,0.06372430175542831,0.8380488157272339,0.0894882008433342,0.005079597234725952,3.4949533799663186,,,
m5b_smooth0.1,25,0.03591660154052079,0.003478836268186569,0.04612773284316063,0.8447370529174805,0.10075804591178894,0.00489799166098237,3.562947272323072,,,
m5b_smooth0.1,26,0.015713481465354562,0.003421671921387315,0.03837650641798973,0.8448259234428406,0.1085258275270462,0.004849553108215332,3.6057291282340884,,,
m5b_smooth0.1,27,0.04682245780713856,0.003914366941899061,0.03802355006337166,0.8217681646347046,0.13076698780059814,0.005527440458536148,3.730943141505122,,,
m5b_smooth0.1,28,0.018706316594034433,0.0040858592838048935,0.03565077483654022,0.8147872090339661,0.13971839845180511,0.005757123231887817,3.7837924733757973,,,
m5b_smooth0.1,29,0.06874421564862132,0.0046842340379953384,0.03441739082336426,0.7816486954689026,0.1726502925157547,0.006599172484129667,3.9613579818978906,,,
m5b_smooth0.1,30,0.03667215770110488,0.0049845315515995026,0.03365458548069,0.7640752792358398,0.19022156298160553,0.007063540630042553,4.055392825976014,,,
m5b_smooth0.1,31,0.12525761872529984,0.005683223716914654,0.034251995384693146,0.7014471888542175,0.25050675868988037,0.008111771196126938,4.346699092537165,,,
m5b_smooth0.1,32,0.1013766722753644,0.0055968184024095535,0.03206660598516464,0.6531327366828918,0.301194965839386,0.008009552955627441,4.5477724224328995,,,
m5b_smooth0.1,33,0.016630201134830713,0.005417252890765667,0.03300700709223747,0.6454223990440369,0.3085693418979645,0.007584032136946917,4.560471220873296,,,
m5b_smooth0.1,34,0.07704716175794601,0.006648526061326265,0.04228682070970535,0.6068986654281616,0.3354342579841614,0.008731457404792309,4.732174590229988,,,
m5b_smooth0.1,35,0.17394166626036167,0.00730496970936656,0.053542036563158035,0.6819580793380737,0.24849766492843628,0.008697457611560822,4.398962518200278,,,
m5b_smooth0.1,36,0.0839403155259788,0.01248864270746708,0.08596376329660416,0.6402584314346313,0.2482271045446396,0.01306216511875391,4.676517663523555,,,
m5b_smooth0.1,37,0.17969568260014057,0.014666288159787655,0.09399687498807907,0.7191656827926636,0.1583787351846695,0.013791469857096672,4.433202937245369,,,
m5b_smooth0.1,38,0.02283644862473011,0.016720125451683998,0.10252457857131958,0.7184836268424988,0.14764279127120972,0.014628377743065357,4.499479813501239,,,
m5b_smooth0.1,39,0.03827179875224829,0.015487371943891048,0.09497543424367905,0.737619936466217,0.13881191611289978,0.013105661608278751,4.392240235581994,,,
m5b_smooth0.1,40,0.07211004849523306,0.01669538952410221,0.09610433876514435,0.7015645503997803,0.1713736206293106,0.014261697418987751,4.601800469681621,,,
m5b_smooth0.1,41,0.04733596742153168,0.015461576171219349,0.07466377317905426,0.7141680717468262,0.18243908882141113,0.013269098475575447,4.607703559100628,,,
m5b_smooth0.1,42,0.06931028794497252,0.016862522810697556,0.06917564570903778,0.6850003004074097,0.2142232060432434,0.014738423749804497,4.841828290373087,,,
m5b_smooth0.1,43,0.03721648082137108,0.016924120485782623,0.05323241278529167,0.6823354363441467,0.2324480563402176,0.015060359612107277,4.953667379915714,,,
m5b_smooth0.1,44,0.05819910392165184,0.01721126213669777,0.04447514936327934,0.661992609500885,0.2607963979244232,0.015523890033364296,5.106037952005863,,,
m5b_smooth0.1,45,0.2564641796052456,0.019379308447241783,0.043765392154455185,0.5344704389572144,0.3838392198085785,0.018545273691415787,5.756443586200476,,,
m5b_smooth0.1,46,0.09664019849151373,0.03224629536271095,0.03412456065416336,0.5699236392974854,0.35342150926589966,0.01028380449861288,6.2965970281511545,,,
m5b_smooth0.1,47,0.6424790127202868,0.30749163031578064,0.07173596322536469,0.2632584571838379,0.3388473391532898,0.01866672746837139,21.944274712353945,,,
m5b_smooth0.1,48,0.7986411172896624,0.6853854060173035,0.09316309541463852,0.13531111180782318,0.07474908977746964,0.011392112821340561,42.30495399981737,,,
m5b_smooth0.1,49,0.18728575389832258,0.6266770958900452,0.15547634661197662,0.16608116030693054,0.03981422632932663,0.011951393447816372,38.700364673510194,,,
m5b_smooth0.1,50,0.2896524714305997,0.49704572558403015,0.2385738492012024,0.22780975699424744,0.02528432384133339,0.011286294087767601,31.079745039343834,,,
m5b_smooth0.1,51,0.15862602647393942,0.4265078008174896,0.2585468590259552,0.2871497869491577,0.017858827486634254,0.00993672851473093,26.97459026053548,,,
m5b_smooth0.1,52,0.20462176203727722,0.33220189809799194,0.2545495629310608,0.3894606828689575,0.014634273946285248,0.00915361475199461,21.58563602156937,,,
m5b_smooth0.1,53,0.20322712324559689,0.2894229590892792,0.19772860407829285,0.4910740852355957,0.012994877062737942,0.008779188618063927,19.25020118523389,,,
m5b_smooth0.1,54,0.062461165711283684,0.25819283723831177,0.20940779149532318,0.5102005004882812,0.013019023463129997,0.009180483408272266,17.451239459216595,,,
m5b_smooth0.1,55,0.03983501810580492,0.2750704884529114,0.19039328396320343,0.5132404565811157,0.012348649092018604,0.008947954513132572,18.44605586770922,,,
m5b_smooth0.1,56,0.28053821343928576,0.2180735468864441,0.10712074488401413,0.652381420135498,0.01270332932472229,0.009721043519675732,15.37369573302567,,,
m5b_smooth0.1,57,0.060065881349146366,0.23787514865398407,0.07708784937858582,0.6609166860580444,0.013314601965248585,0.010805889032781124,16.57683148700744,,,
m5b_smooth0.1,58,0.022294984199106693,0.2432776242494583,0.06594033539295197,0.6656250357627869,0.013520787470042706,0.011636348441243172,16.917027288116515,,,
m5b_smooth0.1,59,0.016972053796052933,0.2474573403596878,0.0634702518582344,0.6596090197563171,0.015197865664958954,0.014265508390963078,17.19583990983665,,,
m5b_smooth0.1,60,0.15414358582347631,0.1808224320411682,0.05303346738219261,0.7351693511009216,0.01537934597581625,0.015595589764416218,13.433881121687591,,,
m5b_smooth0.1,61,0.8201897810213268,0.5909170508384705,0.051295481622219086,0.3454272747039795,0.005424898583441973,0.006934937089681625,36.67766376538202,,,
m5b_smooth0.1,62,0.17838650615885854,0.5017242431640625,0.09031029045581818,0.38112738728523254,0.01222483441233635,0.014613778330385685,31.62731377966702,,,
m5b_smooth0.1,63,0.3032928267493844,0.35007718205451965,0.2209949791431427,0.39554667472839355,0.01598045602440834,0.017399946227669716,22.767728365957737,,,
m5b_smooth0.1,64,0.3839094555005431,0.16140414774417877,0.331246018409729,0.47725069522857666,0.01582450047135353,0.014274540357291698,11.757862037047744,,,
m5b_smooth0.1,65,0.19417177978903055,0.07023780047893524,0.3711715042591095,0.534410834312439,0.01347807701677084,0.010701156221330166,6.432834762148559,,,
m5b_smooth0.1,66,0.094661601819098,0.036686357110738754,0.3614233732223511,0.5817417502403259,0.011528519913554192,0.008619601838290691,4.509204115718603,,,
m5b_smooth0.1,67,0.062264046631753445,0.024028783664107323,0.3440997302532196,0.612873911857605,0.010898444801568985,0.008099008351564407,3.8141237162053585,,,
m5b_smooth0.1,68,0.13963760063052177,0.01978595182299614,0.27852389216423035,0.681311845779419,0.01157473772764206,0.008803712204098701,3.713891673833132,,,
m5b_smooth0.1,69,0.0749378027394414,0.018804140388965607,0.24203729629516602,0.7162197828292847,0.012944155372679234,0.009995752945542336,3.7494946969673038,,,
m5b_smooth0.1,70,0.015974908135831356,0.017351552844047546,0.2355019748210907,0.7226607203483582,0.013545804657042027,0.010940165258944035,3.6925602527335286,,,
m5b_smooth0.1,71,0.019867371767759323,0.01725163497030735,0.22566837072372437,0.7284455299377441,0.015046595595777035,0.013588414527475834,3.7416670313104987,,,
m5b_smooth0.1,72,0.029378479346632957,0.02038133330643177,0.22121340036392212,0.7182108759880066,0.019368939101696014,0.020825227722525597,4.025861788541079,,,
m5b_smooth0.1,73,0.12676279991865158,0.02091439627110958,0.1578320562839508,0.771926999092102,0.02188924141228199,0.02743719518184662,4.265822252258658,,,
m5b_smooth0.1,74,0.038882024586200714,0.021717125549912453,0.13839088380336761,0.7767311334609985,0.025120673701167107,0.03803975135087967,4.4800130520015955,,,
m5b_smooth0.1,75,0.02247942052781582,0.021532844752073288,0.12733611464500427,0.7771567106246948,0.027173751965165138,0.04680146649479866,4.596213726326823,,,
m5b_smooth0.1,76,0.024865536019206047,0.019057312980294228,0.11887144297361374,0.7831953763961792,0.025680871680378914,0.053195253014564514,4.536395994946361,,,
m5b_smooth0.1,77,0.08774891868233681,0.021300578489899635,0.12176929414272308,0.7393205761909485,0.028419500216841698,0.08918962627649307,5.065357001498342,,,
m5b_smooth0.1,78,0.11366429179906845,0.02667439728975296,0.1288478970527649,0.6824885010719299,0.0306641086935997,0.13132481276988983,5.829973377287388,,,
m5b_smooth0.1,79,0.06705141812562943,0.052077047526836395,0.12198463082313538,0.666191577911377,0.038787081837654114,0.12095920741558075,7.210120692849159,,,
m5b_smooth0.1,80,0.15504322573542595,0.11658012121915817,0.1304512768983841,0.6357068419456482,0.04333905503153801,0.07392241060733795,10.370666209608316,,,
m5b_smooth0.1,81,0.23686019331216812,0.2310498058795929,0.12499087303876877,0.5532663464546204,0.04729970172047615,0.04339344799518585,16.58638444915414,,,
m5b_smooth0.1,82,0.11890037544071674,0.19849969446659088,0.13478243350982666,0.6029249429702759,0.042522456496953964,0.02127058617770672,14.448984332382679,,,
m5b_smooth0.1,83,0.14782887138426304,0.14454877376556396,0.1329088658094406,0.6768389940261841,0.034356217831373215,0.011346492916345596,11.235696699470282,,,
m5b_smooth0.1,84,0.09644350316375494,0.1254744529724121,0.11059592664241791,0.7250613570213318,0.03122970089316368,0.007639129646122456,10.139802897349,,,
m5b_smooth0.1,85,0.06387550756335258,0.1038803681731224,0.10475952178239822,0.7569987177848816,0.028683705255389214,0.00567746814340353,8.888848256319761,,,
m5b_smooth0.1,86,0.022001180797815323,0.11070003360509872,0.1027568131685257,0.7480012774467468,0.032697830349206924,0.00584470946341753,9.299473406746984,,,
m5b_smooth0.1,87,0.07000994123518467,0.10095421224832535,0.07749740779399872,0.7810936570167542,0.03452259302139282,0.0059322817251086235,8.802741209045053,,,
m5b_smooth0.1,88,0.04037733981385827,0.09357204288244247,0.06469123810529709,0.800767719745636,0.03494356945157051,0.0060262433253228664,8.410289363004267,,,
m5b_smooth0.1,89,0.027737583965063095,0.10213726758956909,0.057463593780994415,0.7941255569458008,0.03941551595926285,0.006856848951429129,8.93998081702739,,,
m5b_smooth0.1,90,0.01477843802422285,0.10436629503965378,0.05715517699718475,0.7870457172393799,0.04364185407757759,0.00779166491702199,9.094846318475902,,,
m5b_smooth0.1,91,0.020302022341638803,0.0963917151093483,0.05497831851243973,0.7907659411430359,0.04885520413517952,0.009008674882352352,8.678886925801635,,,
m5b_smooth0.1,92,0.028211863711476326,0.084600068628788,0.05266426503658295,0.7999518513679504,0.052754439413547516,0.010029693134129047,8.038220716640353,,,
m5b_smooth0.1,93,0.08755398541688919,0.10318376868963242,0.055007390677928925,0.7561747431755066,0.07178810238838196,0.013846081681549549,9.210919601842761,,,
m5b_smooth0.1,94,0.0302649037912488,0.10829511284828186,0.050386134535074234,0.7456637620925903,0.07873863726854324,0.016916869208216667,9.573090821504593,,,
m5b_smooth0.1,95,0.03563691861927509,0.09979748725891113,0.04602901265025139,0.7615699768066406,0.0737752765417099,0.01882946491241455,9.098627623170614,,,
m5b_smooth0.1,96,0.01419621892273426,0.09510672092437744,0.04369226098060608,0.7652270793914795,0.07370388507843018,0.02226967178285122,8.87347935512662,,,
m5b_smooth0.1,97,0.029184063896536827,0.09685517102479935,0.04254649952054024,0.7517808675765991,0.07979971170425415,0.029017485678195953,9.07404214516282,,,
m5b_smooth0.1,98,0.03165304288268089,0.08614853024482727,0.03742654249072075,0.7587001323699951,0.08455546200275421,0.033168915659189224,8.538691807538271,,,
m5b_smooth0.1,99,0.1682770773768425,0.10393552482128143,0.04057694971561432,0.6745618581771851,0.12983882427215576,0.05108695477247238,9.92448315024376,,,
m5b_smooth0.1,100,0.02077365294098854,0.09824346750974655,0.0358818881213665,0.6780197024345398,0.13103695213794708,0.056817516684532166,9.677252944558859,,,
m5b_smooth0.1,101,0.11164392903447151,0.11281925439834595,0.03579699993133545,0.6222827434539795,0.14883626997470856,0.08026449382305145,10.837357297539711,,,
m5b_smooth0.1,102,0.08089650422334671,0.10491184145212173,0.03261852264404297,0.5929206609725952,0.16056248545646667,0.10898680984973907,10.755843728780746,,,
m5b_smooth0.1,103,0.01466580480337143,0.10595184564590454,0.03135617822408676,0.5868497490882874,0.16433463990688324,0.11150719970464706,10.860459439456463,,,
m5b_smooth0.1,104,0.03343610092997551,0.11190291494131088,0.03059733286499977,0.5708908438682556,0.16865263879299164,0.1179564818739891,11.289403978735209,,,
m5b_smooth0.1,105,0.13255171105265617,0.10642451792955399,0.02989886701107025,0.5107915997505188,0.2052464634180069,0.1476382613182068,11.451405644416809,,,
m5b_smooth0.1,106,0.08956414647400379,0.10689311474561691,0.02913425676524639,0.466774582862854,0.21267199516296387,0.18452665209770203,11.915121985599399,,,
m5b_smooth0.1,107,0.3284652568399906,0.14394201338291168,0.030980819836258888,0.30254149436950684,0.24517375230789185,0.27736160159111023,15.174404794350266,,,
m5b_smooth0.1,108,0.22051836736500263,0.24749286472797394,0.03768930956721306,0.2813045084476471,0.21476387977600098,0.21874943375587463,20.297013949602842,,,
m5b_smooth0.1,109,0.3459624946117401,0.41529330611228943,0.04286987707018852,0.2604401111602783,0.19421949982643127,0.08717672526836395,28.321799229830503,,,
m5b_smooth0.1,110,0.09627309069037437,0.4133361876010895,0.05980025231838226,0.2833670973777771,0.20249927043914795,0.040997885167598724,27.7015380859375,,,
m5b_smooth0.1,111,0.1916035208851099,0.36313068866729736,0.10445910692214966,0.3345091640949249,0.17127516865730286,0.026624886319041252,24.467502508312464,,,
m5b_smooth0.1,112,0.3994990084320307,0.18385910987854004,0.16033168137073517,0.47838664054870605,0.15950334072113037,0.017919335514307022,13.994432277977467,,,
m5b_smooth0.1,113,0.22796576097607613,0.07684145867824554,0.1596660017967224,0.5906448364257812,0.16122779250144958,0.011619552969932556,7.833356320858002,,,
m5b_smooth0.1,114,0.09271478559821844,0.0382814034819603,0.1549036055803299,0.6339548230171204,0.1642753779888153,0.008584790863096714,5.62376700155437,,,
m5b_smooth0.1,115,0.06866675755009055,0.025653129443526268,0.154709592461586,0.6132664680480957,0.19860908389091492,0.007762381341308355,5.032633689232171,,,
m5b_smooth0.1,116,0.05920054391026497,0.018852408975362778,0.13220199942588806,0.6320979595184326,0.20937736332416534,0.007469921838492155,4.729860865511,,,
m5b_smooth0.1,117,0.043616221752017736,0.01656290516257286,0.13837189972400665,0.6125798225402832,0.2245762199163437,0.007909745909273624,4.6526556592434645,,,
m5b_smooth0.1,118,0.07852863892912865,0.013737364672124386,0.11190815269947052,0.602856457233429,0.26384028792381287,0.0076578278094530106,4.698811009526253,,,
m5b_smooth0.1,119,0.31241471227258444,0.014272939413785934,0.10157807171344757,0.45697903633117676,0.4181211292743683,0.009048622101545334,5.382420159876347,,,
m5b_smooth0.3,4,,0.20000606775283813,0.20000606775283813,0.20000606775283813,0.20000606775283813,0.20000606775283813,17.00051575899124,,,
m5b_smooth0.3,5,0.11828386783599854,0.18191783130168915,0.19511376321315765,0.25913292169570923,0.18191783130168915,0.18191783130168915,15.707856863737106,,,
m5b_smooth0.3,6,0.17606744170188904,0.21126243472099304,0.167389377951622,0.19882367551326752,0.21126243472099304,0.21126243472099304,17.87611761689186,,,
m5b_smooth0.3,7,0.15122366696596146,0.23174385726451874,0.09177763015031815,0.21299132704734802,0.23174385726451874,0.23174385726451874,19.50200404971838,,,
m5b_smooth0.3,8,0.05028526484966278,0.23757539689540863,0.06663472205400467,0.22063906490802765,0.23757539689540863,0.23757539689540863,19.972159065306187,,,
m5b_smooth0.3,9,0.0853426456451416,0.22585220634937286,0.0642169937491417,0.2038319855928421,0.2802468538284302,0.22585220634937286,19.35050419718027,,,
m5b_smooth0.3,10,0.07019298523664474,0.24091388285160065,0.0691896378993988,0.1947888433933258,0.2541930079460144,0.24091388285160065,20.260534554719925,,,
m5b_smooth0.3,11,0.0889112688601017,0.26314181089401245,0.06192084774374962,0.173212468624115,0.2385827898979187,0.26314184069633484,21.72413220629096,,,
m5b_smooth0.3,12,0.03714367002248764,0.2718966603279114,0.055190954357385635,0.16137105226516724,0.23964548110961914,0.2718966603279114,22.337175343185663,,,
m5b_smooth0.3,13,0.02707192301750183,0.26969045400619507,0.05376993492245674,0.17490655183792114,0.23194248974323273,0.26969045400619507,22.159180615097284,,,
m5b_smooth0.3,14,0.033750418573617935,0.27655839920043945,0.05690938979387283,0.17299410700798035,0.21697986125946045,0.27655839920043945,22.560072280466557,,,
m5b_smooth0.3,15,0.10742665827274323,0.295582115650177,0.0487683042883873,0.12742187082767487,0.23264579474925995,0.2955820858478546,23.932630620896816,,,
m5b_smooth0.3,16,0.15507606603205204,0.33042094111442566,0.025965621694922447,0.07268639653921127,0.24375054240226746,0.32717642188072205,26.356004981324077,,,
m5b_smooth0.3,17,0.23559042252600193,0.2736622989177704,0.07371646910905838,0.1427309215068817,0.2356986701488495,0.27419188618659973,22.41022426635027,,,
m5b_smooth0.3,18,0.16965239495038986,0.24777637422084808,0.13209626078605652,0.16917715966701508,0.1923951804637909,0.25855493545532227,20.472745552659035,,,
m5b_smooth0.3,19,0.047486886382102966,0.2701972723007202,0.13341890275478363,0.16117288172245026,0.1889621615409851,0.24624888598918915,21.59899342060089,,,
m5b_smooth0.3,20,0.06086209416389465,0.2397664338350296,0.1396542489528656,0.16334015130996704,0.19329729676246643,0.2639423906803131,20.06393527984619,,,
m5b_smooth0.3,21,0.0838015079498291,0.19863413274288177,0.13888557255268097,0.17067189514636993,0.21941399574279785,0.27239447832107544,17.91836988925934,,,
m5b_smooth0.3,22,0.05330316722393036,0.18487943708896637,0.12598852813243866,0.17655622959136963,0.22085413336753845,0.2917214334011078,17.378502443432808,,,
m5b_smooth0.3,23,0.07205983996391296,0.14999014139175415,0.13483382761478424,0.18807397782802582,0.236520916223526,0.29058071970939636,15.422240734100342,,,
m5b_smooth0.3,24,0.06225395202636719,0.15356381237506866,0.13087859749794006,0.18252809345722198,0.2640744745731354,0.2689551115036011,15.506184503436089,,,
m5b_smooth0.3,25,0.03088344633579254,0.1523686796426773,0.11663183569908142,0.19440436363220215,0.2653510570526123,0.2712438106536865,15.496836453676224,,,
m5b_smooth0.3,26,0.012954361736774445,0.1501181572675705,0.11507705599069595,0.19422028958797455,0.2718282639980316,0.26875603199005127,15.370209656655788,,,
m5b_smooth0.3,27,0.02540764957666397,0.13964198529720306,0.11503209173679352,0.19203761219978333,0.2774222791194916,0.2758658528327942,14.873741939663887,,,
m5b_smooth0.3,28,0.03457106649875641,0.13545286655426025,0.11205336451530457,0.19822119176387787,0.2885247766971588,0.2657487094402313,14.574044302105904,,,
m5b_smooth0.3,29,0.04411830008029938,0.13318997621536255,0.10788674652576447,0.2126605361700058,0.2961440086364746,0.2501184940338135,14.311933904886246,,,
m5b_smooth0.3,30,0.08990727365016937,0.13738451898097992,0.08634939789772034,0.18924424052238464,0.29640334844589233,0.29061824083328247,15.04063206911087,,,
m5b_smooth0.3,31,0.026397787034511566,0.131339430809021,0.09017200022935867,0.1943989098072052,0.28924956917762756,0.29483988881111145,14.706240005791187,,,
m5b_smooth0.3,32,0.049752578139305115,0.13815712928771973,0.09202127903699875,0.1821516454219818,0.3054589331150055,0.28221091628074646,15.017069332301617,,,
m5b_smooth0.3,33,0.08204948902130127,0.15740622580051422,0.11379740387201309,0.18077820539474487,0.2873670160770416,0.26065200567245483,15.76120276004076,,,
m5b_smooth0.3,34,0.06217622011899948,0.1528773456811905,0.1333879679441452,0.1922752410173416,0.26477518677711487,0.2566840946674347,15.32985806465149,,,
m5b_smooth0.3,35,0.05813048779964447,0.1608865112066269,0.15444394946098328,0.19008304178714752,0.25355514883995056,0.2410309910774231,15.527203664183617,,,
m5b_smooth0.3,36,0.12297900021076202,0.12886574864387512,0.1949269026517868,0.21108980476856232,0.24376749992370605,0.22135011851787567,13.365415394306183,,,
m5b_smooth0.3,37,0.024346090853214264,0.12271741777658463,0.20027412474155426,0.2094588577747345,0.23937347531318665,0.22817568480968475,13.061769679188728,,,
m5b_smooth0.3,38,0.0966472327709198,0.0918349102139473,0.19673295319080353,0.21629439294338226,0.2808617651462555,0.21427595615386963,11.321606487035751,,,
m5b_smooth0.3,39,0.014994442462921143,0.09116805344820023,0.19787418842315674,0.2094641476869583,0.2837856113910675,0.21770821511745453,11.330764129757881,,,
m5b_smooth0.3,40,0.03367139399051666,0.09060827642679214,0.1886378824710846,0.21447141468524933,0.2956140637397766,0.2106686234474182,11.287207886576653,,,
m5b_smooth0.3,41,0.17683780938386917,0.07604120671749115,0.11671780049800873,0.22864322364330292,0.36986100673675537,0.20873671770095825,10.87646096944809,,,
m5b_smooth0.3,42,0.026814311742782593,0.07670876383781433,0.1225152462720871,0.21523620188236237,0.3718127906322479,0.2137272208929062,10.965620309114456,,,
m5b_smooth0.3,43,0.06407062709331512,0.07337351143360138,0.12992702424526215,0.23721013963222504,0.3431127071380615,0.21637679636478424,10.67503222823143,,,
m5b_smooth0.3,44,0.03146766126155853,0.06585213541984558,0.12409789860248566,0.24494098126888275,0.35111573338508606,0.21399350464344025,10.263768166303635,,,
m5b_smooth0.3,45,0.012295253574848175,0.06706974655389786,0.1266595721244812,0.23879335820674896,0.3517846167087555,0.21569296717643738,10.349418297410011,,,
m5b_smooth0.3,46,0.08267038315534592,0.07672279328107834,0.10102904587984085,0.2230885773897171,0.38333630561828613,0.21582330763339996,11.078542821109295,,,
m5b_smooth0.3,47,0.31303897500038147,0.13145770132541656,0.19120192527770996,0.23470035195350647,0.2993285357952118,0.14331166446208954,12.88442811369896,,,
m5b_smooth0.3,48,0.21270334720611572,0.16677531599998474,0.2622360587120056,0.23126956820487976,0.21729740500450134,0.1224219799041748,14.197553277015686,,,
m5b_smooth0.3,49,0.15681757032871246,0.16511082649230957,0.23201288282871246,0.3096782863140106,0.18334099650382996,0.10985720157623291,13.889085128903389,,,
m5b_smooth0.3,50,0.05738723278045654,0.1726921945810318,0.23161672055721283,0.33079037070274353,0.1655615270137787,0.09933905303478241,14.135196939110756,,,
m5b_smooth0.3,51,0.08171842247247696,0.1440955251455307,0.26387444138526917,0.32177475094795227,0.1741631031036377,0.09609221667051315,12.439362958073616,,,
m5b_smooth0.3,52,0.017293259501457214,0.15214520692825317,0.26447153091430664,0.31485262513160706,0.1735229641199112,0.0950079932808876,12.882514476776123,,,
m5b_smooth0.3,53,0.03263305872678757,0.15618795156478882,0.2707765996456146,0.29893165826797485,0.17949186265468597,0.09461261332035065,13.11986829340458,,,
m5b_smooth0.3,54,0.04664560407400131,0.1570400446653366,0.25971442461013794,0.32140210270881653,0.17643214762210846,0.085411436855793,13.077108561992645,,,
m5b_smooth0.3,55,0.05161371827125549,0.16826754808425903,0.24730834364891052,0.310364305973053,0.19101153314113617,0.08304848521947861,13.774213671684265,,,
m5b_smooth0.3,56,0.10479315370321274,0.1673358827829361,0.21140389144420624,0.294803649187088,0.23257508873939514,0.09388130903244019,14.078331753611565,,,
m5b_smooth0.3,57,0.09381274878978729,0.18010857701301575,0.1644974946975708,0.3211796283721924,0.2399206906557083,0.09429338574409485,14.934103235602379,,,
m5b_smooth0.3,58,0.057630591094493866,0.1905791461467743,0.1451701819896698,0.33952444791793823,0.2323547899723053,0.0923713967204094,15.51817537844181,,,
m5b_smooth0.3,59,0.06424891203641891,0.17206963896751404,0.13324786722660065,0.3661862313747406,0.23066259920597076,0.097834512591362,14.540306270122528,,,
m5b_smooth0.3,60,0.1778608337044716,0.12081266939640045,0.09848454594612122,0.4392912685871124,0.2464878410100937,0.09492424875497818,11.719472885131836,,,
m5b_smooth0.3,61,0.10087867826223373,0.1712515503168106,0.08330682665109634,0.4271230101585388,0.23563718795776367,0.0826810821890831,14.446764342486858,,,
m5b_smooth0.3,62,0.13583983480930328,0.1688869595527649,0.12240096181631088,0.3652040660381317,0.23200102150440216,0.11150708049535751,14.53633701056242,,,
m5b_smooth0.3,63,0.2343493402004242,0.18299783766269684,0.17506307363510132,0.4156056344509125,0.12646466493606567,0.09986865520477295,14.68516406416893,,,
m5b_smooth0.3,64,0.1062338650226593,0.18231581151485443,0.2033005803823471,0.44048529863357544,0.08748982846736908,0.0864088237285614,14.285857498645782,,,
m5b_smooth0.3,65,0.048846229910850525,0.19091284275054932,0.1986364722251892,0.4563114047050476,0.07253718376159668,0.08160248398780823,14.672536313533783,,,
m5b_smooth0.3,66,0.0470568984746933,0.1983443647623062,0.21471375226974487,0.4369276463985443,0.06839246302843094,0.08162210136651993,15.047615237534046,,,
m5b_smooth0.3,67,0.03893715888261795,0.20123706758022308,0.1962299793958664,0.4535035490989685,0.06792835891246796,0.0811014249920845,15.241883143782616,,,
m5b_smooth0.3,68,0.14130757749080658,0.19819797575473785,0.1351793110370636,0.5241571068763733,0.06766366213560104,0.07480186223983765,15.120400883257389,,,
m5b_smooth0.3,69,0.055028460919857025,0.20798681676387787,0.14298377931118011,0.49664297699928284,0.0726938545703888,0.07969269156455994,15.736676380038261,,,
m5b_smooth0.3,70,0.05241713672876358,0.19243131577968597,0.14217278361320496,0.522851288318634,0.06786427646875381,0.07467994093894958,14.777174703776836,,,
m5b_smooth0.3,71,0.016350924968719482,0.19053253531455994,0.14001555740833282,0.53102707862854,0.06632204353809357,0.07210304588079453,14.638745859265327,,,
m5b_smooth0.3,72,0.02887437492609024,0.17920413613319397,0.14646793901920319,0.5279182195663452,0.07172493636608124,0.07468488812446594,14.030133754014969,,,
m5b_smooth0.3,73,0.09197402000427246,0.1332169771194458,0.15644147992134094,0.5561367273330688,0.07548275589942932,0.07872188091278076,11.448355913162231,,,
m5b_smooth0.3,74,0.047015704214572906,0.1215585395693779,0.16718368232250214,0.5442873239517212,0.08210179954767227,0.08486849814653397,10.856429599225521,,,
m5b_smooth0.3,75,0.10523414611816406,0.12547188997268677,0.20006422698497772,0.49167078733444214,0.08423995226621628,0.09855405986309052,11.172826491296291,,,
m5b_smooth0.3,76,0.0644175186753273,0.1038413792848587,0.21535839140415192,0.507929801940918,0.0736614242196083,0.09920936077833176,9.87419157475233,,,
m5b_smooth0.3,77,0.08959648758172989,0.11996975541114807,0.18834970891475677,0.49014028906822205,0.07779891788959503,0.12374178320169449,11.133933290839195,,,
m5b_smooth0.3,78,0.05995241552591324,0.1392175406217575,0.16504625976085663,0.5008683800697327,0.07342731207609177,0.12144029885530472,12.234859205782413,,,
m5b_smooth0.3,79,0.05765066295862198,0.16265687346458435,0.15205535292625427,0.4864722192287445,0.0788135752081871,0.12000229954719543,13.602611638605595,,,
m5b_smooth0.3,80,0.020495809614658356,0.1684906780719757,0.14817476272583008,0.4908861815929413,0.07862111926078796,0.11382730305194855,13.874204069375992,,,
m5b_smooth0.3,81,0.039210833609104156,0.17201466858386993,0.1534171998500824,0.47128039598464966,0.08641394227743149,0.11687310039997101,14.129259504377842,,,
m5b_smooth0.3,82,0.03890518099069595,0.1859670877456665,0.15241478383541107,0.4767804443836212,0.08272548764944077,0.10211125761270523,14.749417401850224,,,
m5b_smooth0.3,83,0.0421355664730072,0.18850286304950714,0.17094667255878448,0.4653295576572418,0.07617083936929703,0.09904889017343521,14.79698746651411,,,
m5b_smooth0.3,84,0.020913101732730865,0.19540220499038696,0.16538019478321075,0.46888723969459534,0.07538498938083649,0.09494514018297195,15.153101101517677,,,
m5b_smooth0.3,85,0.03563191741704941,0.20730790495872498,0.17087578773498535,0.4693024158477783,0.07076985388994217,0.08174482733011246,15.657073892652988,,,
m5b_smooth0.3,86,0.11210310459136963,0.2523825168609619,0.16410797834396362,0.42001834511756897,0.08025214821100235,0.08323914557695389,18.294227100908756,,,
m5b_smooth0.3,87,0.12105868756771088,0.20681412518024445,0.15560565888881683,0.4781814515590668,0.08261864632368088,0.0767807736992836,15.65225888043642,,,
m5b_smooth0.3,88,0.023138344287872314,0.20090463757514954,0.15604045987129211,0.4893154203891754,0.0802927166223526,0.0734466165304184,15.268566623330116,,,
m5b_smooth0.3,89,0.07418042421340942,0.21020178496837616,0.11895036697387695,0.5069260597229004,0.08728839457035065,0.07663348317146301,15.935723170638084,,,
m5b_smooth0.3,90,0.023819588124752045,0.20562337338924408,0.11332257837057114,0.5124975442886353,0.08558452129364014,0.08297151327133179,15.748910449445248,,,
m5b_smooth0.3,91,0.05273924767971039,0.19061461091041565,0.10672298073768616,0.5388672947883606,0.08483297377824783,0.07896192371845245,14.859499268233776,,,
m5b_smooth0.3,92,0.009958207607269287,0.19140128791332245,0.11091529577970505,0.5372721552848816,0.08392291516065598,0.07648790627717972,14.865100130438805,,,
m5b_smooth0.3,93,0.029531531035900116,0.18925358355045319,0.11209100484848022,0.5246545672416687,0.09360696375370026,0.08039438724517822,14.822039887309074,,,
m5b_smooth0.3,94,0.04497364163398743,0.20456917583942413,0.11693181097507477,0.5023395419120789,0.09593676775693893,0.08022197335958481,15.69276598840952,,,
m5b_smooth0.3,95,0.028876498341560364,0.19537042081356049,0.11310513317584991,0.5167780518531799,0.09484752267599106,0.0798986628651619,15.168178476393223,,,
m5b_smooth0.3,96,0.05162587761878967,0.1695573776960373,0.11666154861450195,0.5253013372421265,0.10141263157129288,0.08706668764352798,13.79483027011156,,,
m5b_smooth0.3,97,0.05034806579351425,0.17632323503494263,0.1179358959197998,0.5001276135444641,0.11241186410188675,0.09320159256458282,14.289418183267117,,,
m5b_smooth0.3,98,0.025563456118106842,0.1821148544549942,0.1081734299659729,0.4971081614494324,0.11331357061862946,0.09928980469703674,14.709641441702843,,,
m5b_smooth0.3,99,0.13444054871797562,0.15877223014831543,0.11653729528188705,0.45323047041893005,0.14113594591617584,0.13032379746437073,13.815047301352024,,,
m5b_smooth0.3,100,0.044840604066848755,0.16588516533374786,0.09915586560964584,0.44819220900535583,0.14404626190662384,0.14272145926952362,14.403266675770283,,,
m5b_smooth0.3,101,0.18505220860242844,0.1684042513370514,0.09640192985534668,0.3584196865558624,0.18113620579242706,0.19563817977905273,15.282804027199745,,,
m5b_smooth0.3,102,0.05428023636341095,0.14194467663764954,0.09572122991085052,0.3585091531276703,0.19871488213539124,0.20510999858379364,13.950473442673683,,,
m5b_smooth0.3,103,0.010076403617858887,0.14359980821609497,0.09314948320388794,0.35944026708602905,0.19624856114387512,0.20756208896636963,14.067067950963974,,,
m5b_smooth0.3,104,0.014106974005699158,0.14787733554840088,0.09491758048534393,0.36044803261756897,0.19080418348312378,0.20595288276672363,14.267871454358101,,,
m5b_smooth0.3,105,0.05302446335554123,0.14911332726478577,0.08828414231538773,0.346058189868927,0.21608048677444458,0.20046399533748627,14.392317689955235,,,
m5b_smooth0.3,106,0.07089705765247345,0.1676473170518875,0.08829528838396072,0.33400604128837585,0.19268396496772766,0.2173672467470169,15.54108164459467,,,
m5b_smooth0.3,107,0.10193459689617157,0.17205238342285156,0.08972195535898209,0.2830386757850647,0.21867148578166962,0.23651522397994995,16.103894524276257,,,
m5b_smooth0.3,108,0.06600277870893478,0.18288907408714294,0.0922403484582901,0.3026854991912842,0.19110701978206635,0.23107881844043732,16.546493887901306,,,
m5b_smooth0.3,109,0.05982381850481033,0.19061362743377686,0.08674199134111404,0.32172083854675293,0.1942586898803711,0.20666491985321045,16.741841860115528,,,
m5b_smooth0.3,110,0.04311542212963104,0.1982099562883377,0.08709464222192764,0.32757997512817383,0.2020081728696823,0.18510709702968597,16.96798851341009,,,
m5b_smooth0.3,111,0.17307548969984055,0.19019915163516998,0.088775634765625,0.41243675351142883,0.14933831989765167,0.15925003588199615,16.01290373504162,,,
m5b_smooth0.3,112,0.12001446634531021,0.1541416496038437,0.08817485719919205,0.4724438786506653,0.1372721791267395,0.1479671150445938,13.786450333893299,,,
m5b_smooth0.3,113,0.037774235010147095,0.1409342885017395,0.0824952945113182,0.48785513639450073,0.1393742710351944,0.14934107661247253,13.068512983620167,,,
m5b_smooth0.3,114,0.04268214851617813,0.1416868418455124,0.08993034064769745,0.4665144383907318,0.15039394795894623,0.15147525072097778,13.164095312356949,,,
m5b_smooth0.3,115,0.0296240895986557,0.1445290893316269,0.09235666692256927,0.4517020285129547,0.1596631407737732,0.1517491638660431,13.361338391900063,,,
m5b_smooth0.3,116,0.08148881047964096,0.13354530930519104,0.1059933677315712,0.4219411611557007,0.16116559505462646,0.17735417187213898,12.995652981102467,,,
m5b_smooth0.3,117,0.12610942125320435,0.09517767280340195,0.10117185115814209,0.47795942425727844,0.16820228099822998,0.1574888527393341,10.627970397472382,,,
m5b_smooth0.3,118,0.0797819048166275,0.07134520262479782,0.1000535786151886,0.5178499221801758,0.15645258128643036,0.15429788827896118,9.189654007554054,,,
m5b_smooth0.3,119,0.04050655663013458,0.0709567591547966,0.09053768217563629,0.5217185616493225,0.1728373020887375,0.14394903182983398,9.138246476650238,,,
ensemble3,4,,,,,,,,0.33332547545433044,0.33332547545433044,0.33332547545433044
ensemble3,5,0.8377448171377182,,,,,,,0.7522095441818237,0.12389510124921799,0.12389510124921799
ensemble3,6,0.09926790744066238,,,,,,,0.8018438220024109,0.12153542041778564,0.0766211524605751
ensemble3,7,0.31549571454524994,,,,,,,0.6440954804420471,0.23427675664424896,0.12162718921899796
ensemble3,8,0.4395649954676628,,,,,,,0.4243125915527344,0.36527660489082336,0.21040944755077362
ensemble3,9,0.11241300404071808,,,,,,,0.3728899359703064,0.36049342155456543,0.2666166126728058
ensemble3,10,0.01598381996154785,,,,,,,0.3808818459510803,0.36004775762557983,0.25907036662101746
ensemble3,11,0.1195763498544693,,,,,,,0.4406699240207672,0.34617143869400024,0.21315841376781464
ensemble3,12,0.07623334228992462,,,,,,,0.4787867069244385,0.33296382427215576,0.18824946880340576
ensemble3,13,0.015883654356002808,,,,,,,0.4867292046546936,0.3274565637111664,0.18581557273864746
ensemble3,14,0.03866010904312134,,,,,,,0.47000232338905334,0.3248525857925415,0.20514482259750366
ensemble3,15,0.15357276797294617,,,,,,,0.393216073513031,0.36622846126556396,0.24055546522140503
ensemble3,16,0.0684145987033844,,,,,,,0.35900914669036865,0.38713687658309937,0.2538547217845917
ensemble3,17,0.8456433787941933,,,,,,,0.09423591196537018,0.8099583387374878,0.09580603986978531
ensemble3,18,0.3299031304195523,,,,,,,0.01176745630800724,0.974909245967865,0.013322272337973118
ensemble3,19,0.03292828518897295,,,,,,,0.003868158906698227,0.9913738369941711,0.0047578755766153336
ensemble3,20,0.005844086408615112,,,,,,,0.002326005371287465,0.9942956566810608,0.0033777623903006315
ensemble3,21,0.001209228066727519,,,,,,,0.00223032315261662,0.9937871098518372,0.003982761409133673
ensemble3,22,0.007394423242658377,,,,,,,0.003101773327216506,0.9900895953178406,0.0068082199431955814
ensemble3,23,0.02533464482985437,,,,,,,0.006146406754851341,0.9774223566055298,0.016430992633104324
ensemble3,24,0.08016666118055582,,,,,,,0.015057838521897793,0.9373388886451721,0.04760275408625603
ensemble3,25,0.224026114679873,,,,,,,0.036713022738695145,0.8253256678581238,0.13796046376228333
ensemble3,26,0.549724455922842,,,,,,,0.07133997976779938,0.5504637956619263,0.3781960904598236
ensemble3,27,0.7396273091435432,,,,,,,0.07614029198884964,0.1806504875421524,0.7432097792625427
ensemble3,28,0.3256952315568924,,,,,,,0.04805893823504448,0.045884307473897934,0.9060574769973755
ensemble3,29,0.072176618501544,,,,,,,0.03865954279899597,0.01919453777372837,0.9421449303627014
ensemble3,30,0.008774129673838615,,,,,,,0.04181962087750435,0.014808699488639832,0.9433731436729431
ensemble3,31,0.015576362609863281,,,,,,,0.04910992085933685,0.015306640416383743,0.9355850219726562
ensemble3,32,0.016857411712408066,,,,,,,0.05438293516635895,0.01846162974834442,0.927155613899231
ensemble3,33,0.03224983811378479,,,,,,,0.06125875189900398,0.027711044996976852,0.9110310077667236
ensemble3,34,0.17464489489793777,,,,,,,0.1115749329328537,0.06471651047468185,0.8237077593803406
ensemble3,35,0.9960743114352226,,,,,,,0.39602604508399963,0.2783030867576599,0.32567113637924194
ensemble3,36,0.556218970566988,,,,,,,0.6531122922897339,0.29932576417922974,0.04756109043955803
ensemble3,37,0.27212498243898153,,,,,,,0.7891749143600464,0.19863399863243103,0.012190495617687702
ensemble3,38,0.05328055052086711,,,,,,,0.8158155083656311,0.17756041884422302,0.0066241188906133175
ensemble3,39,0.12468946445733309,,,,,,,0.7534703016281128,0.23930035531520844,0.007228440139442682
ensemble3,40,0.334840792696923,,,,,,,0.5860507488250732,0.40096965432167053,0.012980381026864052
ensemble3,41,0.3820485398173332,,,,,,,0.395026296377182,0.579224169254303,0.02574995346367359
ensemble3,42,0.3359296228736639,,,,,,,0.22706158459186554,0.7178650498390198,0.05507398396730423
ensemble3,43,0.32679392397403717,,,,,,,0.06366414576768875,0.858101487159729,0.07823403179645538
ensemble3,44,0.10025585256516933,,,,,,,0.017715925350785255,0.9082294702529907,0.07405438274145126
ensemble3,45,0.026931467466056347,,,,,,,0.008540413342416286,0.9216952919960022,0.06976424902677536
ensemble3,46,0.3523005824536085,,,,,,,0.01045325119048357,0.7455450892448425,0.24400179088115692
ensemble3,47,1.425065471790731,,,,,,,0.014167211949825287,0.033012982457876205,0.9528211951255798
ensemble3,48,0.07454134104773402,,,,,,,0.008613210171461105,0.0012969640083611012,0.9900925159454346
ensemble3,49,0.004740985372336581,,,,,,,0.007347069215029478,0.00019116580369882286,0.9924615621566772
ensemble3,50,0.0011463675291452091,,,,,,,0.006904288660734892,6.067748836358078e-05,0.9930346608161926
ensemble3,51,0.0010159092234971467,,,,,,,0.007412367034703493,3.808805195149034e-05,0.9925494194030762
ensemble3,52,0.0022846831525384914,,,,,,,0.008552922867238522,3.977314554504119e-05,0.9914069771766663
ensemble3,53,0.003991835757915396,,,,,,,0.010532503947615623,5.6166292779380456e-05,0.9894111156463623
ensemble3,54,0.007322960391320521,,,,,,,0.014134466648101807,0.0001163063061540015,0.9857502579689026
ensemble3,55,0.009149008918029722,,,,,,,0.018591109663248062,0.00023401572252623737,0.9811756014823914
ensemble3,56,0.018055387161439285,,,,,,,0.027232348918914795,0.000620265316683799,0.9721477031707764
ensemble3,57,0.033854133158456534,,,,,,,0.04315823316574097,0.0016221660189330578,0.9552213549613953
ensemble3,58,0.059639201033860445,,,,,,,0.0703231617808342,0.004275817424058914,0.9254007339477539
ensemble3,59,0.10068852454423904,,,,,,,0.11355382204055786,0.011390168219804764,0.8750572204589844
ensemble3,60,0.11133421026170254,,,,,,,0.15129709243774414,0.029314005747437477,0.8193901181221008
ensemble3,61,1.2118727955967188,,,,,,,0.7572326064109802,0.02069181203842163,0.22207503020763397
ensemble3,62,0.4384054262191057,,,,,,,0.9764355421066284,0.010050298646092415,0.013514053076505661
ensemble3,63,0.02776568988338113,,,,,,,0.9903183579444885,0.006953967269510031,0.0027275104075670242
ensemble3,64,0.002778771915473044,,,,,,,0.9915840029716492,0.007077537477016449,0.001337953726761043
ensemble3,65,0.0044801164185628295,,,,,,,0.9896066784858704,0.009317920543253422,0.001075544860213995
ensemble3,66,0.008450393564999104,,,,,,,0.9853817820549011,0.013427738100290298,0.0011912244372069836
ensemble3,67,0.01646068482659757,,,,,,,0.977151095867157,0.021205440163612366,0.001643521012738347
ensemble3,68,0.029187576146796346,,,,,,,0.9625575542449951,0.03477680683135986,0.00266618886962533
ensemble3,69,0.05357105424627662,,,,,,,0.9357715845108032,0.05939700827002525,0.0048310719430446625
ensemble3,70,0.0750939417630434,,,,,,,0.8982247114181519,0.09300451725721359,0.00877063162624836
ensemble3,71,0.10935937613248825,,,,,,,0.8435449004173279,0.1402435004711151,0.016211213544011116
ensemble3,72,0.15726873092353344,,,,,,,0.7649106383323669,0.2037375122308731,0.03135167062282562
ensemble3,73,0.16664132103323936,,,,,,,0.6815900802612305,0.2625960409641266,0.055813904851675034
ensemble3,74,0.15366270765662193,,,,,,,0.6047586798667908,0.30144670605659485,0.09379454702138901
ensemble3,75,0.18967773765325546,,,,,,,0.5099199414253235,0.32526156306266785,0.1648186892271042
ensemble3,76,0.3117179125547409,,,,,,,0.38972148299217224,0.28960075974464417,0.32067734003067017
ensemble3,77,0.5973097681999207,,,,,,,0.206060528755188,0.17460662126541138,0.6193320155143738
ensemble3,78,0.5138131342828274,,,,,,,0.06200835108757019,0.061752233654260635,0.8762385845184326
ensemble3,79,0.1317039094865322,,,,,,,0.02497602254152298,0.032932817935943604,0.9420907497406006
ensemble3,80,0.04552729241549969,,,,,,,0.021865786984562874,0.05569613724946976,0.9224370121955872
ensemble3,81,0.22383023984730244,,,,,,,0.030164685100317,0.15931254625320435,0.8105220794677734
ensemble3,82,0.048696815967559814,,,,,,,0.03692319616675377,0.17690277099609375,0.7861739993095398
ensemble3,83,0.18216784298419952,,,,,,,0.03809657320380211,0.08581940829753876,0.876085102558136
ensemble3,84,0.09177947416901588,,,,,,,0.03963202238082886,0.03992946445941925,0.9204391837120056
ensemble3,85,0.029125774279236794,,,,,,,0.0463700108230114,0.025366755202412605,0.9282642602920532
ensemble3,86,0.03811759687960148,,,,,,,0.06542841345071793,0.023395735770463943,0.9111760854721069
ensemble3,87,0.0655828658491373,,,,,,,0.09548833221197128,0.026126770302653313,0.8783841729164124
ensemble3,88,0.12195477448403835,,,,,,,0.14682622253894806,0.03576685115695,0.8174073696136475
ensemble3,89,0.14745339378714561,,,,,,,0.20540191233158112,0.05091778188943863,0.7436805963516235
ensemble3,90,0.16844868659973145,,,,,,,0.2629662752151489,0.07757734507322311,0.6594558358192444
ensemble3,91,0.13721396774053574,,,,,,,0.29394131898880005,0.1152091771364212,0.5908487439155579
ensemble3,92,0.06667616963386536,,,,,,,0.2849261164665222,0.14854751527309418,0.5665261149406433
ensemble3,93,0.09991560876369476,,,,,,,0.24772940576076508,0.19850583374500275,0.5537655353546143
ensemble3,94,0.6616301387548447,,,,,,,0.14670522511005402,0.5293204188346863,0.3239741623401642
ensemble3,95,0.7825466301292181,,,,,,,0.027533886954188347,0.9205936789512634,0.0518721304833889
ensemble3,96,0.12786438781768084,,,,,,,0.005884496495127678,0.9845259785652161,0.00958943273872137
ensemble3,97,0.019234234234318137,,,,,,,0.0024362001568078995,0.994143009185791,0.003420525463297963
ensemble3,98,0.004640005063265562,,,,,,,0.001591967768035829,0.9964632391929626,0.0019449827959761024
ensemble3,99,0.0006256173364818096,,,,,,,0.0015690358122810721,0.9967762231826782,0.0016552814049646258
ensemble3,100,0.0010280226124450564,,,,,,,0.0019476095912978053,0.9962619543075562,0.0017904613632708788
ensemble3,101,0.004390258225612342,,,,,,,0.003282723482698202,0.9940669536590576,0.002650605048984289
ensemble3,102,0.008985069114714861,,,,,,,0.006044135894626379,0.9895739555358887,0.004381263628602028
ensemble3,103,0.017188556026667356,,,,,,,0.0113987410441041,0.9809801578521729,0.007621416822075844
ensemble3,104,0.03157139290124178,,,,,,,0.02109072357416153,0.9651941657066345,0.013714835047721863
ensemble3,105,0.046058183535933495,,,,,,,0.03471718728542328,0.9421655535697937,0.023117942735552788
ensemble3,106,0.07063675113022327,,,,,,,0.05552269518375397,0.9068472385406494,0.037630870938301086
ensemble3,107,0.3243555873632431,,,,,,,0.17317095398902893,0.7446686029434204,0.08215956389904022
ensemble3,108,1.3475292697548866,,,,,,,0.8469356894493103,0.08270435780286789,0.07035927474498749
ensemble3,109,0.27103573898784816,,,,,,,0.9824540019035339,0.0036971981171518564,0.013849007897078991
ensemble3,110,0.02480449396534823,,,,,,,0.9948561191558838,0.0004817309381905943,0.004662098363041878
ensemble3,111,0.003479915001662448,,,,,,,0.9965965151786804,0.00019852339755743742,0.0032057869248092175
ensemble3,112,0.0003478666039882228,,,,,,,0.9964583516120911,0.0001613236527191475,0.003378290217369795
ensemble3,113,0.0022921483468962833,,,,,,,0.995313286781311,0.0001985696144402027,0.004488127771764994
ensemble3,114,0.005007821280742064,,,,,,,0.9928093552589417,0.0003060490416828543,0.0068845381028950214
ensemble3,115,0.011076634138589725,,,,,,,0.9872707724571228,0.0006010686047375202,0.012127569876611233
ensemble3,116,0.026622426230460405,,,,,,,0.9739595651626587,0.0014270283281803131,0.024612829089164734
ensemble3,117,0.06974178575910628,,,,,,,0.9390889406204224,0.003784716362133622,0.057126302272081375
ensemble3,118,0.2264856135006994,,,,,,,0.8258460164070129,0.010965816676616669,0.1631878912448883
ensemble3,119,0.801915368065238,,,,,,,0.4248884618282318,0.027939630672335625,0.5471718907356262
