method,day,gate_move_l1,pi_expanding,pi_rolling_1,pi_rolling_3,pi_rolling_7,pi_rolling_14,h_eff,pi_m2,pi_m5b,pi_m5b_hs
adamoe,4,,0.2,0.2,0.2,0.2,0.2,17.0,,,
adamoe,5,0.012002842647946738,0.20200047377465769,0.19403213688062068,0.19996644179540563,0.20200047377465769,0.20200047377465769,17.15596983801411,,,
adamoe,6,0.01045052149277731,0.20359856041871605,0.18880687613423247,0.20039744260961964,0.20359856041871605,0.20359856041871605,17.28148259787909,,,
adamoe,7,0.007524851257403348,0.20485270229494992,0.18591303968381853,0.19952885343133187,0.20485270229494992,0.20485270229494992,17.377568485868757,,,
adamoe,8,0.0010886907223168762,0.20467125384123058,0.18641382834460946,0.1995724101316998,0.20467125384123058,0.20467125384123058,17.363502619879387,,,
adamoe,9,0.003726366499353928,0.20546186971671365,0.18528168534244593,0.19884136988418616,0.2049532053399412,0.20546186971671365,17.420656591411404,,,
adamoe,10,0.0018242605444980797,0.20567365495276455,0.18577024514259327,0.19834124588313118,0.20454119906874724,0.20567365495276455,17.432432842777793,,,
adamoe,11,0.0032203528122057845,0.20642955751767134,0.18432165314047524,0.19817966147914623,0.20463957034503646,0.20642955751767134,17.487124886300847,,,
adamoe,12,0.002943833932876422,0.20703826946736686,0.18363867557123442,0.1973907220819488,0.20489406341208358,0.20703826946736686,17.530901226286815,,,
adamoe,13,0.002947213732510945,0.20685847410888278,0.18511228243749017,0.1967009686495444,0.20446980069520096,0.20685847410888278,17.514030877309857,,,
adamoe,14,0.0011573625304168444,0.20686205357592824,0.1853421879056669,0.1970425855124852,0.20389111942999258,0.20686205357592824,17.51149974507176,,,
adamoe,15,0.001547563020651621,0.20689419963303954,0.18457647034622854,0.1977520749085881,0.2038830554791048,0.20689419963303954,17.51518485627065,,,
adamoe,16,0.0011589374817951303,0.20733588095089295,0.184335838118827,0.1976524451340049,0.20364384874019179,0.20703198705608353,17.54140079054093,,,
adamoe,17,0.001335955992018023,0.20728729883938002,0.1837164422343308,0.1981782296073521,0.20377580082351165,0.20704222849542536,17.540510866119725,,,
adamoe,18,0.0030936764712488074,0.2082416609775381,0.18371128532976513,0.19663654827629318,0.2038305938638452,0.20757991155255795,17.601053507593658,,,
adamoe,19,0.0019132610018945118,0.20793758007561491,0.18396511233653426,0.19733935177047113,0.203562689091715,0.2071952667256639,17.57791052998614,,,
adamoe,20,0.001405557249762407,0.20823533640076541,0.1839693040527925,0.196651375446534,0.20396351967518764,0.20718046442472002,17.596314754110715,,,
adamoe,21,0.0027721172861481236,0.20884168581078077,0.18289289198042863,0.19716349604166677,0.20365387310447752,0.20744805306264602,17.634734383360662,,,
adamoe,22,0.0013259627004748309,0.20899601156909564,0.18255601363861024,0.1969615510508591,0.20416252869640017,0.20732389504503476,17.644873592442213,,,
adamoe,23,0.005289393006751214,0.20778173930218594,0.18495915015164419,0.19720311104120067,0.20357730973965674,0.2064786897653122,17.55921566629837,,,
adamoe,24,0.0011823646354812145,0.20808901234120342,0.18486843262855834,0.1968292775493176,0.20345067843688516,0.20676259904403543,17.57952814142341,,,
adamoe,25,0.002187461720695394,0.2079611788473874,0.18526906020718054,0.19752238083104312,0.20298384159942984,0.2062635385149591,17.56408336394899,,,
adamoe,26,0.0010267548058988107,0.20817790533728878,0.18490658863362108,0.1973714750016532,0.20305627180159053,0.20648775922584647,17.57991786564889,,,
adamoe,27,0.003895316640779023,0.20909340991927094,0.18375819060160586,0.19657221471327901,0.20367316257921442,0.20690302218663004,17.64143387856502,,,
adamoe,28,0.0014205778833257798,0.20871265443104992,0.18438054492936745,0.19666014932718015,0.2033449255429173,0.20690172576948512,17.617158898347114,,,
adamoe,29,0.0014512811862916475,0.2091645238989519,0.18389766968408786,0.1964173839793137,0.20338261990209716,0.20713780253554887,17.646628830371508,,,
adamoe,30,0.0022786110140599336,0.20860375112602855,0.18503697519111795,0.19640991796557786,0.2033294756346502,0.20661988008262516,17.60647644724887,,,
adamoe,31,0.0014741329154617788,0.2086484184170106,0.18453756370669233,0.19710231713232698,0.2033028359070249,0.20640886483694548,17.60759357919072,,,
adamoe,32,0.000724510656776256,0.20857810230949814,0.1842456244858164,0.19725097540153008,0.20337136780050985,0.2065539300026453,17.6060392839009,,,
adamoe,33,0.002516951452330357,0.2082672760308327,0.18534077603520044,0.19741429957831155,0.2029979439966816,0.20597970435897411,17.578321705622507,,,
adamoe,34,0.005048765604879629,0.20922175058267473,0.18340111650988344,0.19682957630118864,0.20355839671514886,0.20698915989110456,17.64995189585544,,,
adamoe,35,0.001828715872166986,0.20881436331760939,0.18415805733555346,0.19698699341160242,0.20345686811741026,0.2065837178178253,17.62035096289835,,,
adamoe,36,0.003704495357357118,0.21006629172710767,0.1825915281401899,0.19684081002319745,0.2033173330225002,0.20718403708700556,17.70088931221182,,,
adamoe,37,0.0031978358885659808,0.2093240978470139,0.1841904460844727,0.19680471892118884,0.20303028225800743,0.20665045488931755,17.64836881792537,,,
adamoe,38,0.001575799995868793,0.20898856081156134,0.18485578140277767,0.1969272836008179,0.20286526818202652,0.20636310600281627,17.624091642212523,,,
adamoe,39,0.0018328582882896904,0.2091896474678423,0.18394560189282305,0.19692103396662808,0.2033958667393938,0.20654784993331327,17.64152851810539,,,
adamoe,40,0.002733916602213282,0.20962729969915095,0.18259131554659913,0.19690836201174527,0.2037230375257289,0.20714998521677608,17.67711543924586,,,
adamoe,41,0.004234050157098518,0.20884359983640727,0.18470834062514818,0.19660647480889812,0.20351534223231177,0.20632624249723458,17.618318545823747,,,
adamoe,42,0.0019328578790364925,0.20951228357141566,0.1840640573853225,0.1962843291092054,0.2035523031328641,0.20658702680119195,17.660738556144615,,,
adamoe,43,0.0017539589090916075,0.20982211901795095,0.18429375126387065,0.19564627856172334,0.20331337422580023,0.2069244769306542,17.680696024635857,,,
adamoe,44,0.0045416905670780106,0.20889682835195045,0.18572281930918424,0.19648805579994894,0.202889213971733,0.20600308256718308,17.61326434156875,,,
adamoe,45,0.0034853520718689524,0.20938366389903718,0.184470753635441,0.19599744543775766,0.2035145632383376,0.20663357378942618,17.652954899611274,,,
adamoe,46,0.0012259420125083076,0.2095219631646465,0.18411014054279995,0.19620352559091297,0.20326220532472444,0.20690216537691564,17.66350425974422,,,
adamoe,47,0.0006562127329682588,0.20928380269851313,0.1840201946424493,0.1963765763457216,0.20339610382895007,0.20692332248436562,17.65087732717417,,,
adamoe,48,0.0015195459799219602,0.20955285992681105,0.18393452029060076,0.1968672921073848,0.20296619977263153,0.20667912790257187,17.661979181265846,,,
adamoe,49,0.002432717899152448,0.21017327864141871,0.18283609843923576,0.19674935500917368,0.20334890116720278,0.2068923667429693,17.70341632452387,,,
adamoe,50,0.0019106440992011364,0.20958429192977554,0.18342027948077877,0.19705915920466535,0.2034102379797688,0.20652603140501202,17.664891378409855,,,
adamoe,51,0.002170458346048565,0.21004416412335514,0.18233505030775451,0.19720368850988274,0.20375046535602098,0.20666663170298716,17.696182064572678,,,
adamoe,52,0.0011685885964586584,0.21006582264304485,0.18211504578206028,0.19776632428842203,0.20359755869314733,0.2064552485933254,17.694919768388605,,,
adamoe,53,0.0007467533439106389,0.2100326857940168,0.18181856371668179,0.1977539279349369,0.20356619728908376,0.20682862526528079,17.697605629900018,,,
adamoe,54,0.0034981457127863103,0.20920694726743877,0.1835676365730749,0.1974086178113137,0.20323656196783596,0.20658023638033662,17.642989569152906,,,
adamoe,55,0.00332848081644041,0.20927157456217893,0.185167249686555,0.19707589843171805,0.20260953934211062,0.20587573797743747,17.633216525791344,,,
adamoe,56,0.0023338076618110437,0.20888663935981278,0.18438528105801544,0.1973135317893202,0.2032222496094343,0.20619229818341694,17.61877215984862,,,
adamoe,57,0.0026000083933953866,0.20973310545448418,0.18338605893062737,0.19722040060709403,0.203014598722351,0.2066458362854434,17.673177487073623,,,
adamoe,58,0.0023307275942439643,0.2090223589500974,0.18403132956197027,0.19751502356458217,0.203240068930642,0.20619121899270823,17.627275485673973,,,
adamoe,59,0.0029345616352811354,0.20998629271157276,0.18354753400922624,0.19674142163034175,0.2030301855999858,0.20669456604887337,17.687884585478745,,,
adamoe,60,0.0008892977294590321,0.2098575921862268,0.18355137612144323,0.19663019023385242,0.20347099235249805,0.20648984910597887,17.6800523119478,,,
adamoe,61,0.0012683516011901541,0.21038471810377954,0.18332765576695703,0.19631324560367586,0.20337748153656593,0.2065968989890214,17.71134943540702,,,
adamoe,62,0.0022341299846423135,0.20989313550671074,0.18286824576511998,0.19743031059599722,0.20332128712598557,0.20648702100618666,17.682814611924268,,,
adamoe,63,0.001419883581537218,0.20983162915015757,0.18333571405099708,0.19695417276362975,0.2035637606308771,0.2063147234043387,17.67744843342822,,,
adamoe,64,0.0018263751702402298,0.2107142654669748,0.18336626531930023,0.1966199645930945,0.20306136001702454,0.20623814460360668,17.724845631686737,,,
adamoe,65,0.0028714858365707085,0.20958653623089024,0.18454079089069875,0.19682684376642418,0.2027533463348235,0.20629248277716358,17.65758167926744,,,
adamoe,66,0.0020617369743310965,0.21016000600210755,0.18459511970775225,0.1958402765739684,0.20315641623371844,0.206248181482454,17.691285763946496,,,
adamoe,67,0.00294324810417404,0.21020771929911303,0.1831234956556651,0.19669352211897506,0.20325323715176297,0.20672202577448423,17.70254824086449,,,
adamoe,68,0.0020903234389516856,0.20979740931465868,0.1840146868645509,0.1968474926295652,0.2029117653703134,0.2064286458209124,17.672785122717734,,,
adamoe,69,0.0024114247038491132,0.20932461875468503,0.18435252932047783,0.19742881064754436,0.20319831724833215,0.20569572402896175,17.638244443688002,,,
adamoe,70,0.002059338940086003,0.20870322219307488,0.18531724626048263,0.19736880804913864,0.20285004693830466,0.2057606765589996,17.60021680238652,,,
adamoe,71,0.0012234134166575483,0.2087911526178291,0.18470553955215402,0.19749796188126018,0.2032148728709073,0.20579047307785014,17.608239315451932,,,
adamoe,72,0.0018751817619661049,0.20925245205127868,0.18442405129852255,0.19693707731900564,0.2031196548058102,0.20626676452538356,17.639954693328303,,,
adamoe,73,0.0008195779322480723,0.20929698803291888,0.18403057653322397,0.19692076311818024,0.2034087593674056,0.20634291294827206,17.645274244710546,,,
adamoe,74,0.0023398125244861734,0.20920979835071052,0.18511806815724888,0.19589972905485875,0.2033470768506921,0.20642532758648996,17.638789280530162,,,
adamoe,75,0.002114427674072522,0.20945893619634504,0.18406085432021263,0.19650505722456335,0.20343064254014792,0.20654450971873128,17.65674983161788,,,
adamoe,76,0.0031464647127880663,0.2088065534673072,0.184669020397157,0.197470123504013,0.20318306656459378,0.2058712360669292,17.609951369836793,,,
adamoe,77,0.0020349096152125767,0.20956165678830874,0.18365156558955054,0.19757683627048375,0.20320988032029916,0.20600006103135765,17.656551498380626,,,
adamoe,78,0.003697888819011008,0.21040532924574396,0.1831882830273449,0.19619117442318373,0.2034281562308496,0.20678705707287737,17.715097453677764,,,
adamoe,79,0.004778085710478525,0.20942890509001633,0.1842103203936045,0.19755817991216323,0.20287205341257022,0.20593054119164492,17.645751116102094,,,
adamoe,80,0.0006889795816660271,0.20953744230999877,0.18439269152584548,0.197611761350773,0.20258234281944232,0.20587576199393998,17.649811581829347,,,
adamoe,81,0.002987265447266352,0.21000426829850377,0.1837583689457721,0.19675245120721352,0.20329288772502502,0.20619202382348578,17.684010368081616,,,
adamoe,82,0.0014696330935178026,0.20986753943502584,0.18335914136018633,0.19737645136452855,0.20309402762732984,0.20630284021292966,17.677438817927644,,,
adamoe,83,0.0010185494012595608,0.21018846050489504,0.18295823648570542,0.19739244159556457,0.20326639102705418,0.20619447038678057,17.69603051417041,,,
adamoe,84,0.0024174598155125016,0.2109690298597381,0.18283172594532715,0.19684192784692706,0.20273468540831396,0.20662263093969402,17.743358932084305,,,
adamoe,85,0.0009246319520097857,0.2108752535839217,0.1829388700361476,0.19647338814673876,0.20282188039855895,0.2068906078346337,17.74109592198645,,,
adamoe,86,0.004302752751217248,0.20984430815074806,0.18402340087879498,0.1975402336796997,0.2027092366708101,0.20588282061994728,17.66862673633771,,,
adamoe,87,0.002200719603333845,0.20945198958908884,0.18481419312982944,0.19704323811539032,0.20301880422144247,0.20567177494424888,17.643599761590913,,,
adamoe,88,0.004307947242900706,0.21023597621827417,0.1826602195083789,0.197114246336916,0.20328440780919566,0.20670515012723487,17.705024488061234,,,
adamoe,89,0.00098020098292112,0.21000174331775973,0.18292179134837233,0.19685837874596981,0.20339218593253333,0.20682590065536427,17.692909437354697,,,
adamoe,90,0.0006564233428220656,0.209921929511234,0.18313806630301893,0.1967329242338954,0.20326924257972268,0.20693783737212895,17.68866703094661,,,
adamoe,91,0.0010668764001892095,0.20990338013821302,0.1836715045031136,0.19672708382233398,0.20302552169876004,0.20667250983757945,17.68264935388033,,,
adamoe,92,0.0018661089201004732,0.2100583038665178,0.18323307773549577,0.19730233093486166,0.2032284053179776,0.20617788214514682,17.687727489789047,,,
adamoe,93,0.0005027101578919668,0.21016825950945103,0.18328433116259066,0.1970509758559157,0.20323659074635902,0.20625984272568326,17.69482676268148,,,
adamoe,94,0.0038668315270813935,0.20949460029025482,0.18521183728365978,0.19634995950583783,0.20267785055209248,0.20626575236815492,17.65040322023528,,,
adamoe,95,0.0026287217718991007,0.20949516982732502,0.18401054759650776,0.197128069400485,0.20321353200632447,0.2061526811693572,17.653737205852735,,,
adamoe,96,0.0013090492773592532,0.20995496608510503,0.18407046488520934,0.19655197567069424,0.20313510109743588,0.20628749226155552,17.680994956347423,,,
adamoe,97,0.0011952134799557146,0.20976563514112306,0.18387777792733317,0.19714958241067204,0.20298226093488736,0.20622474358598425,17.669286870374723,,,
adamoe,98,0.0014825532378915651,0.20964673462384767,0.18328132305706152,0.19729162635143677,0.20358149361306843,0.20619882235458553,17.665814247797908,,,
adamoe,99,0.002257884285204348,0.21023533820152057,0.1830881177582582,0.19656138603796042,0.20337599708274612,0.206739160919515,17.704872800415806,,,
adamoe,100,0.0009393188761623317,0.21070499763960154,0.18277017190577333,0.19647769846307303,0.203321254090148,0.206725877901404,17.731914194921778,,,
adamoe,101,0.0030415449704017106,0.21031761506958135,0.1842361728862285,0.1961554014196916,0.20251016121834892,0.20678064940614982,17.704259501534725,,,
adamoe,102,0.0032945388014921084,0.21068182699624097,0.1825889034854828,0.1963704386882737,0.20340087801152124,0.20695795281848217,17.733827324864162,,,
adamoe,103,0.002565214810099553,0.209768601365736,0.18310317203828191,0.19669889422933648,0.2038407613227091,0.20658857104393735,17.67844126054454,,,
adamoe,104,0.0016054507320893696,0.21045146473366563,0.18302102607148124,0.19665175470510743,0.20316732144769392,0.2067084330420522,17.71615348692933,,,
adamoe,105,0.00027890352461029666,0.21040524497243085,0.18313356395412977,0.1965664148719167,0.20319423532734998,0.206700540874172,17.71331472644559,,,
adamoe,106,0.0037494364984555495,0.2093436837267331,0.18365684383614916,0.197917853239125,0.20308403121353213,0.20599758798445975,17.64358587743467,,,
adamoe,107,0.0011219002505200582,0.20927998882838825,0.18406892532053942,0.19777292121189055,0.20273170801385146,0.20614645662532957,17.63935936751108,,,
adamoe,108,0.0014689564273017708,0.20916857199548589,0.18344586393979095,0.1980096856301742,0.20309665337667948,0.20627922505786883,17.637174965006388,,,
adamoe,109,0.003548908381258653,0.20970661020084866,0.18468227992505742,0.19676151772910172,0.2027905224301344,0.206059069714857,17.66172407818222,,,
adamoe,110,0.001787920986832059,0.21004244867002758,0.1845731213182172,0.19597671584252638,0.2031494415784947,0.20625827259073426,17.684712096367196,,,
adamoe,111,0.0013513755067023348,0.21032214604239902,0.18435129090677813,0.19637270622350608,0.20284043292574375,0.2061134239015731,17.698269137223466,,,
adamoe,112,0.003627271119453296,0.21038489623656653,0.18271211505145452,0.19619824651910311,0.20369902479513563,0.20700571739774043,17.71837384593707,,,
adamoe,113,0.0025585546484389876,0.21103711200144976,0.18163094688806028,0.1960001373582779,0.20425552816997733,0.20707627558223504,17.76071463439101,,,
adamoe,114,0.0030029132466598274,0.21060033630271416,0.1831324035113901,0.19551885259496113,0.20389755926707487,0.20685084832385986,17.728903930862685,,,
adamoe,115,0.0029022777873307093,0.21033420020415916,0.1828653774893459,0.19696999148862676,0.2036092953184241,0.20622113549944476,17.70618832842597,,,
adamoe,116,0.0014644169675463448,0.21025259430861318,0.18347742744189774,0.1966790141030254,0.20324967011579764,0.20634129403066548,17.700195935507665,,,
adamoe,117,0.0017660090399280737,0.20987703496275262,0.1837742518586389,0.19726519420624827,0.2032192883552206,0.20586423061713904,17.672826179369032,,,
adamoe,118,0.001414607651054306,0.20991290673960017,0.18416833814063188,0.1966543213538096,0.2034966341219074,0.20576779964405073,17.674131340448135,,,
adamoe,119,0.0018486127161979893,0.21032802078753615,0.1834650066240905,0.19652406160233948,0.2034059190318198,0.2062769919542136,17.704437759265005,,,
m5b_smooth0,4,,0.20000606775283813,0.20000606775283813,0.20000606775283813,0.20000606775283813,0.20000606775283813,17.00051575899124,,,
m5b_smooth0,5,0.5793656073510647,0.29656198620796204,0.04328925535082817,0.06702502816915512,0.29656198620796204,0.29656198620796204,24.26588522270322,,,
m5b_smooth0,6,0.14357098005712032,0.32049044966697693,0.01207653433084488,0.02645212970674038,0.32049044966697693,0.32049041986465454,26.051158929243684,,,
m5b_smooth0,7,0.00927763944491744,0.3216918706893921,0.007437440101057291,0.027486411854624748,0.3216918706893921,0.3216918408870697,26.146937784273177,,,
m5b_smooth0,8,0.0568703287281096,0.3122135102748871,0.008920184336602688,0.05443894490599632,0.3122135102748871,0.3122135102748871,25.461531351320446,,,
m5b_smooth0,9,0.17186709307134151,0.3483465909957886,0.012484022416174412,0.064542755484581,0.22628022730350494,0.3483465909957886,27.567721613682806,,,
m5b_smooth0,10,0.22034801822155714,0.4007655084133148,0.017820436507463455,0.04708706587553024,0.1335621476173401,0.4007655084133148,30.75066429004073,,,
m5b_smooth0,11,0.1431377287954092,0.43532389402389526,0.020272331312298775,0.032754749059677124,0.07632540166378021,0.43532389402389526,32.86678254790604,,,
m5b_smooth0,12,0.03807715140283108,0.44431179761886597,0.021334493532776833,0.030888648703694344,0.05915232002735138,0.44431179761886597,33.4071397036314,,,
m5b_smooth0,13,0.034655340015888214,0.4356483221054077,0.02523757517337799,0.03850298747420311,0.06496328860521317,0.4356483221054077,32.83346539363265,,,
m5b_smooth0,14,0.030621390789747238,0.4279930889606476,0.028170250356197357,0.04653380811214447,0.06931071728467941,0.4279930889606476,32.32443527877331,,,
m5b_smooth0,15,0.01476319506764412,0.4271217882633209,0.025834187865257263,0.053915079683065414,0.06600742787122726,0.4271218180656433,32.256644170731306,,,
m5b_smooth0,16,0.2113235518336296,0.5327836275100708,0.01933223381638527,0.040674593299627304,0.05272070690989494,0.354489266872406,37.440268348902464,,,
m5b_smooth0,17,0.15891619957983494,0.6122413873672485,0.016627108678221703,0.03866840526461601,0.05078652501106262,0.281676322221756,41.166089752689004,,,
m5b_smooth0,18,0.22268398385494947,0.7235835790634155,0.01501320768147707,0.03018730692565441,0.049133192747831345,0.182082861661911,46.413682284764946,,,
m5b_smooth0,19,0.12754945177584887,0.7810108065605164,0.017380256205797195,0.029056228697299957,0.053113844245672226,0.11943941563367844,49.00914606451988,,,
m5b_smooth0,20,0.04948151111602783,0.7834436297416687,0.021948732435703278,0.03374379128217697,0.0661654844880104,0.09469840675592422,48.91873397678137,,,
m5b_smooth0,21,0.10464419052004814,0.8357659578323364,0.017627889290452003,0.028286928310990334,0.05225742608308792,0.0660623088479042,51.53912045061588,,,
m5b_smooth0,22,0.06326852925121784,0.8673998117446899,0.014110080897808075,0.025517834350466728,0.04207877442240715,0.050893187522888184,53.14170833490789,,,
m5b_smooth0,23,0.1286657638847828,0.8030670285224915,0.019685743376612663,0.0452377125620842,0.0620102733373642,0.06999912858009338,49.75348030589521,,,
m5b_smooth0,24,0.11105736158788204,0.7475385069847107,0.025759197771549225,0.04730783775448799,0.07978951185941696,0.09960515052080154,46.972991820424795,,,
m5b_smooth0,25,0.03563672862946987,0.7560654282569885,0.026563266292214394,0.038565702736377716,0.0707128718495369,0.10809211432933807,47.51446577347815,,,
m5b_smooth0,26,0.0743325687944889,0.7932316660881042,0.022600339725613594,0.032608553767204285,0.04921223595738411,0.1023464947938919,49.49166254512966,,,
m5b_smooth0,27,0.1340290941298008,0.8602462410926819,0.014875555410981178,0.02276584878563881,0.03169568255543709,0.07041601836681366,52.90564160235226,,,
m5b_smooth0,28,0.027950095012784004,0.8462719917297363,0.015751149505376816,0.028863564133644104,0.03620348125696182,0.07291075587272644,52.15283629670739,,,
m5b_smooth0,29,0.08397870883345604,0.8042823076248169,0.019139107316732407,0.036865126341581345,0.049100086092948914,0.09061365574598312,49.998964726924896,,,
m5b_smooth0,30,0.10071931220591068,0.7539231777191162,0.02465292625129223,0.0392175130546093,0.07074536383152008,0.11146235466003418,47.43338664062321,,,
m5b_smooth0,31,0.05081467144191265,0.7781089544296265,0.02220878005027771,0.033906836062669754,0.0719662681221962,0.09380918741226196,48.627559054642916,,,
m5b_smooth0,32,0.03438144735991955,0.7942004203796387,0.01873748190701008,0.035005439072847366,0.06808041036128998,0.08397496491670609,49.42799140326679,,,
m5b_smooth0,33,0.01917853392660618,0.7997254133224487,0.018866397440433502,0.038941577076911926,0.06263697892427444,0.07982990890741348,49.6752935051918,,,
m5b_smooth0,34,0.0983754601329565,0.8489128351211548,0.015165917575359344,0.025275016203522682,0.043269164860248566,0.06737672537565231,52.27191938273609,,,
m5b_smooth0,35,0.06103557161986828,0.8183950185775757,0.0187932550907135,0.030835550278425217,0.04821963980793953,0.08375613391399384,50.72512437403202,,,
m5b_smooth0,36,0.03175992704927921,0.8319183588027954,0.018125047907233238,0.03319273144006729,0.0421975702047348,0.07456700503826141,51.37212583236396,,,
m5b_smooth0,37,0.022937646135687828,0.8423762321472168,0.017933379858732224,0.03420362249016762,0.03882636874914169,0.06666099280118942,51.86815665662289,,,
m5b_smooth0,38,0.0419759601354599,0.8213879466056824,0.020450808107852936,0.039604805409908295,0.04362912476062775,0.07492730021476746,50.77692809700966,,,
m5b_smooth0,39,0.01643206737935543,0.8197144269943237,0.02034713141620159,0.03316556662321091,0.04823390766978264,0.07853814959526062,50.739880898967385,,,
m5b_smooth0,40,0.04699812550097704,0.8432133793830872,0.014916176907718182,0.022702282294631004,0.04464540258049965,0.07452172040939331,52.031647690571845,,,
m5b_smooth0,41,0.09553684014827013,0.7954458594322205,0.01985234208405018,0.03382532671093941,0.06213181093335152,0.08874542266130447,49.52543848194182,,,
m5b_smooth0,42,0.033387335017323494,0.8050684332847595,0.02196311205625534,0.03790997341275215,0.06300758570432663,0.07205185294151306,49.88957807049155,,,
m5b_smooth0,43,0.12403607554733753,0.8670859932899475,0.018652519211173058,0.02414149045944214,0.04071911424398422,0.04940088465809822,53.092882772907615,,,
m5b_smooth0,44,0.02589310146868229,0.8544467091560364,0.02205692231655121,0.029970187693834305,0.04041217267513275,0.05311466008424759,52.40526048466563,,,
m5b_smooth0,45,0.05767703056335449,0.825607419013977,0.023360475897789,0.03706471249461174,0.049555353820323944,0.06441114097833633,50.919643204659224,,,
m5b_smooth0,46,0.02474026381969452,0.8277093768119812,0.018126873299479485,0.02992861159145832,0.05073285475373268,0.07350224256515503,51.154636695981026,,,
m5b_smooth0,47,0.10566354542970657,0.7748769521713257,0.020326584577560425,0.03250809386372566,0.06253384053707123,0.10975318402051926,48.58474945649505,,,
m5b_smooth0,48,0.061628710478544235,0.8056923151016235,0.01936922036111355,0.030020957812666893,0.048806797713041306,0.09611137956380844,50.138177897781134,,,
m5b_smooth0,49,0.17969351168721914,0.8955389857292175,0.013616031967103481,0.020543068647384644,0.026194563135504723,0.04410785064101219,54.60845623258501,,,
m5b_smooth0,50,0.032177216373384,0.8843662738800049,0.016539636999368668,0.02961459569633007,0.03028797172009945,0.03919188678264618,53.928062073886395,,,
m5b_smooth0,51,0.08904591575264931,0.8398425579071045,0.021111026406288147,0.04286019504070282,0.04697047546505928,0.049214594066143036,51.558042731136084,,,
m5b_smooth0,52,0.023954730480909348,0.8474216461181641,0.017206277698278427,0.03478819131851196,0.05015817657113075,0.050425782799720764,52.023937813937664,,,
m5b_smooth0,53,0.047046625055372715,0.8709453344345093,0.013123326934874058,0.025642486289143562,0.041616421192884445,0.04867325723171234,53.319511401467025,,,
m5b_smooth0,54,0.07187463995069265,0.8350082039833069,0.016075212508440018,0.03060133196413517,0.04737274348735809,0.07094371318817139,51.533192636445165,,,
m5b_smooth0,55,0.030377976596355438,0.8205183744430542,0.02166939340531826,0.0363338403403759,0.04667283222079277,0.07480525970458984,50.735756842419505,,,
m5b_smooth0,56,0.05553752742707729,0.7927500009536743,0.025690805166959763,0.04354017227888107,0.05425602197647095,0.0837634801864624,49.27379225566983,,,
m5b_smooth0,57,0.10969534330070019,0.8475976586341858,0.01595723256468773,0.02992081455886364,0.040964435786008835,0.06556031107902527,52.16617459990084,,,
m5b_smooth0,58,0.04843106307089329,0.8238751888275146,0.015464343130588531,0.035146355628967285,0.05119067430496216,0.07432423532009125,50.95228875428438,,,
m5b_smooth0,59,0.012752117589116096,0.8292428255081177,0.016472289338707924,0.03128722310066223,0.05103468894958496,0.07196281850337982,51.22962577082217,,,
m5b_smooth0,60,0.042893512174487114,0.8490099310874939,0.018152378499507904,0.027116406708955765,0.04653339087963104,0.059188615530729294,52.194471817463636,,,
m5b_smooth0,61,0.04985409788787365,0.8739360570907593,0.017867563292384148,0.02402758225798607,0.03900383412837982,0.0451638400554657,53.43143433518708,,,
m5b_smooth0,62,0.025523411110043526,0.8611739873886108,0.018649030476808548,0.03252115473151207,0.04092374071478844,0.04673023521900177,52.72734121605754,,,
m5b_smooth0,63,0.03800066560506821,0.8424962759017944,0.018327850848436356,0.03657950833439827,0.048649199306964874,0.05394819751381874,51.773662090301514,,,
m5b_smooth0,64,0.12261846289038658,0.9038052558898926,0.011987188830971718,0.01790778897702694,0.031336188316345215,0.03496410697698593,55.00287672504783,,,
m5b_smooth0,65,0.017782267183065414,0.8950958847999573,0.01408851146697998,0.02028956264257431,0.031154613941907883,0.03937233239412308,54.55000523850322,,,
m5b_smooth0,66,0.05349430814385414,0.8683476448059082,0.018684260547161102,0.02702297270298004,0.03604244068264961,0.049901414662599564,53.151528757065535,,,
m5b_smooth0,67,0.06152467988431454,0.8375856876373291,0.01992407627403736,0.035460732877254486,0.0428648479282856,0.06416415423154831,51.57979962788522,,,
m5b_smooth0,68,0.013696128502488136,0.834596574306488,0.01749185472726822,0.034034088253974915,0.04333508387207985,0.07054206728935242,51.48632310703397,,,
m5b_smooth0,69,0.034719616174697876,0.8210878968238831,0.019126765429973602,0.039495907723903656,0.05359819158911705,0.06669096648693085,50.71174916997552,,,
m5b_smooth0,70,0.10960503108799458,0.7662857174873352,0.025717338547110558,0.05515115708112717,0.0743412896990776,0.07850489765405655,47.78777145408094,,,
m5b_smooth0,71,0.027506131678819656,0.7720983624458313,0.026657698675990105,0.044046591967344284,0.0716928020119667,0.08550497144460678,48.18361843563616,,,
m5b_smooth0,72,0.11368912644684315,0.8289427757263184,0.020673206076025963,0.025021912530064583,0.04694892466068268,0.07841330766677856,51.258734267205,,,
m5b_smooth0,73,0.02627081423997879,0.8171036839485168,0.01937680132687092,0.02936960570514202,0.04843238741159439,0.08571746945381165,50.67277793958783,,,
m5b_smooth0,74,0.14495400711894035,0.7446268796920776,0.024885572493076324,0.03842649981379509,0.06665512919425964,0.12540626525878906,47.040051471441984,,,
m5b_smooth0,75,0.08243642747402191,0.7858447432518005,0.020974986255168915,0.030155126005411148,0.058545805513858795,0.10447898507118225,49.134651388973,,,
m5b_smooth0,76,0.04895864985883236,0.7984235286712646,0.018528344109654427,0.041104335337877274,0.059496983885765076,0.0824461504817009,49.61797806434333,,,
m5b_smooth0,77,0.07449872232973576,0.8306403756141663,0.015026092529296875,0.04613702371716499,0.05072970688343048,0.05746649205684662,51.15149853751063,,,
m5b_smooth0,78,0.1294289892539382,0.8953550457954407,0.011110496707260609,0.020257707685232162,0.032565731555223465,0.04071106016635895,54.59110133070499,,,
m5b_smooth0,79,0.07576181832700968,0.8574739694595337,0.016665801405906677,0.02587302215397358,0.04433826729655266,0.055648647248744965,52.63217196799815,,,
m5b_smooth0,80,0.13073530234396458,0.7921066880226135,0.027097251266241074,0.05106843635439873,0.05873088538646698,0.07099718600511551,49.111780643463135,,,
m5b_smooth0,81,0.12265275046229362,0.8534321188926697,0.018247466534376144,0.031635358929634094,0.04576050862669945,0.05092310532927513,52.35232771188021,,,
m5b_smooth0,82,0.04794143047183752,0.8774034976959229,0.012416941113770008,0.023015622049570084,0.04112839326262474,0.04603543132543564,53.65806846041232,,,
m5b_smooth0,83,0.0356635358184576,0.8595718741416931,0.013051840476691723,0.029077962040901184,0.04771137982606888,0.05058711767196655,52.716797481290996,,,
m5b_smooth0,84,0.05683405976742506,0.8879888653755188,0.012484947219491005,0.026534447446465492,0.031706709414720535,0.04128512740135193,54.171358961611986,,,
m5b_smooth0,85,0.03333499561995268,0.904123067855835,0.013018420897424221,0.021327462047338486,0.02182508260011673,0.03970642015337944,55.03305033873767,,,
m5b_smooth0,86,0.09967337641865015,0.8542860746383667,0.020753398537635803,0.03584932163357735,0.032882992178201675,0.05622805655002594,52.402839578688145,,,
m5b_smooth0,87,0.10619991086423397,0.801186203956604,0.026782752946019173,0.045634377747774124,0.05866393446922302,0.06773274391889572,49.59376407973468,,,
m5b_smooth0,88,0.15793090593069792,0.8801513910293579,0.012109586037695408,0.02082636021077633,0.03968434035778046,0.047227803617715836,53.822651761583984,,,
m5b_smooth0,89,0.02353452518582344,0.887458324432373,0.009161329828202724,0.01860508695244789,0.03308678790926933,0.051688313484191895,54.2677199607715,,,
m5b_smooth0,90,0.1517597297206521,0.8115784525871277,0.014219298958778381,0.03218109533190727,0.04401271417737007,0.09800826758146286,50.48567448556423,,,
m5b_smooth0,91,0.09360617958009243,0.7647753357887268,0.024032654240727425,0.04061119630932808,0.05256669223308563,0.118013896048069,48.052547780796885,,,
m5b_smooth0,92,0.14760956168174744,0.8385804891586304,0.021888593211770058,0.03572055697441101,0.048328947275877,0.0554819330573082,51.55892930738628,,,
m5b_smooth0,93,0.10134765226393938,0.8892539739608765,0.0140590975061059,0.026660125702619553,0.03959008306264877,0.030436556786298752,54.152520288713276,,,
m5b_smooth0,94,0.02839718945324421,0.8750556111335754,0.015330261550843716,0.027698710560798645,0.043018829077482224,0.03889688849449158,53.447451303713024,,,
m5b_smooth0,95,0.151968645863235,0.7990710735321045,0.02240186370909214,0.03880825266242027,0.06381721794605255,0.07590146362781525,49.592432050034404,,,
m5b_smooth0,96,0.0765172429382801,0.8373296856880188,0.0176969226449728,0.025659896433353424,0.04619044438004494,0.07312290370464325,51.68151151575148,,,
m5b_smooth0,97,0.062636349350214,0.868648111820221,0.013855569064617157,0.022694038227200508,0.03384481742978096,0.06095781922340393,53.2911475840956,,,
m5b_smooth0,98,0.10571707971394062,0.8157895803451538,0.018764782696962357,0.04118721932172775,0.05038691684603691,0.07387187331914902,50.47661590576172,,,
m5b_smooth0,99,0.013167964294552803,0.8194673657417297,0.018817095085978508,0.03526147082448006,0.05324091762304306,0.07321375608444214,50.690322460606694,,,
m5b_smooth0,100,0.16613021306693554,0.9025322198867798,0.011762257665395737,0.015677956864237785,0.02758110873401165,0.0424465574324131,54.99804888665676,,,
m5b_smooth0,101,0.013424337841570377,0.9076886177062988,0.012715793214738369,0.016279801726341248,0.0221483763307333,0.04116673022508621,55.25424511823803,,,
m5b_smooth0,102,0.07136717904359102,0.8720051050186157,0.01638936437666416,0.02755572460591793,0.030338866636157036,0.05371041223406792,53.38368067704141,,,
m5b_smooth0,103,0.1889363657683134,0.7775371074676514,0.021021507680416107,0.04805634915828705,0.06655602157115936,0.08682885766029358,48.498913161456585,,,
m5b_smooth0,104,0.13354988675564528,0.8443117737770081,0.013521824963390827,0.02857307717204094,0.048011135309934616,0.06558147817850113,52.012166124768555,,,
m5b_smooth0,105,0.13852485828101635,0.9135740399360657,0.0093834912404418,0.015321219339966774,0.023155903443694115,0.03856430947780609,55.57178120221943,,,
m5b_smooth0,106,0.10821448173373938,0.859467625617981,0.01701538823544979,0.03211966156959534,0.034968748688697815,0.056429192423820496,52.716221844777465,,,
m5b_smooth0,107,0.2972830440849066,0.7108258605003357,0.030544158071279526,0.07238396257162094,0.06974930316209793,0.11649684607982635,45.01644864305854,,,
m5b_smooth0,108,0.10252020880579948,0.7426620125770569,0.018259551376104355,0.0384611077606678,0.06469652056694031,0.1359206587076187,47.049128495156765,,,
m5b_smooth0,109,0.3034175243228674,0.8943710923194885,0.009184284135699272,0.013928739354014397,0.030969521030783653,0.0515468493103981,54.65167857892811,,,
m5b_smooth0,110,0.06262184958904982,0.9251755475997925,0.009690871462225914,0.013203279115259647,0.024654526263475418,0.027276497334241867,56.11428621131927,,,
m5b_smooth0,111,0.07595900911837816,0.8871956467628479,0.018952155485749245,0.028083210811018944,0.03442097827792168,0.031347937881946564,54.014758571982384,,,
m5b_smooth0,112,0.11079058982431889,0.8317999839782715,0.0243061650544405,0.03807259351015091,0.05225171521306038,0.05356873571872711,51.162247290834785,,,
m5b_smooth0,113,0.11493635922670364,0.8892680406570435,0.010406699031591415,0.01450301893055439,0.0407005213201046,0.04512066766619682,54.32659119181335,,,
m5b_smooth0,114,0.015109427273273468,0.8857736587524414,0.0085868826135993,0.012264410965144634,0.04663601517677307,0.0467417947947979,54.1726368740201,,,
m5b_smooth0,115,0.12364011816680431,0.8239519000053406,0.01509934477508068,0.029283134266734123,0.06890594214200974,0.06275904178619385,50.9010309278965,,,
m5b_smooth0,116,0.0398597065359354,0.8260997533798218,0.018810050562024117,0.04137101024389267,0.0489763505756855,0.06474272161722183,50.95814084075391,,,
m5b_smooth0,117,0.08859079703688622,0.8703952431678772,0.016303149983286858,0.03567095100879669,0.03017698973417282,0.047453735023736954,53.222621811553836,,,
m5b_smooth0,118,0.03421857953071594,0.885823667049408,0.01545279286801815,0.02843138948082924,0.03185771778225899,0.0384342260658741,54.011250173673034,,,
m5b_smooth0,119,0.030889781191945076,0.8725722432136536,0.017030509188771248,0.02623816765844822,0.04323160648345947,0.04092775657773018,53.32568944245577,,,
m5b_smooth0.001,4,,0.20000606775283813,0.20000606775283813,0.20000606775283813,0.20000606775283813,0.20000606775283813,17.00051575899124,,,
m5b_smooth0.001,5,0.5739796347916126,0.29566439986228943,0.04392826184630394,0.06907923519611359,0.29566439986228943,0.29566439986228943,24.19998235628009,,,
m5b_smooth0.001,6,0.13104890193790197,0.31750574707984924,0.012595434673130512,0.034887202084064484,0.31750574707984924,0.31750574707984924,25.835222554393113,,,
m5b_smooth0.001,7,0.01294699963182211,0.31966346502304077,0.00786007009446621,0.03314872086048126,0.31966346502304077,0.31966346502304077,26.000046899542212,,,
m5b_smooth0.001,8,0.05472996924072504,0.3105418086051941,0.009458906017243862,0.05891488492488861,0.3105418086051941,0.3105418086051941,25.34009005781263,,,
m5b_smooth0.001,9,0.12795839738100767,0.3407815396785736,0.012958912178874016,0.057841088622808456,0.24763667583465576,0.3407815396785736,27.137772845104337,,,
m5b_smooth0.001,10,0.16174043715000153,0.3781554400920868,0.01908128149807453,0.04562944173812866,0.17897802591323853,0.3781554102897644,29.39231793768704,,,
m5b_smooth0.001,11,0.1814505197107792,0.4222925901412964,0.021532101556658745,0.03558377921581268,0.09829828888177872,0.422292560338974,32.06602271459997,,,
m5b_smooth0.001,12,0.05085756257176399,0.434467077255249,0.021984023973345757,0.036211829632520676,0.072869673371315,0.43446704745292664,32.79127052612603,,,
m5b_smooth0.001,13,0.01884288713335991,0.42975643277168274,0.024876443669199944,0.039960481226444244,0.07565023005008698,0.42975643277168274,32.476285522803664,,,
m5b_smooth0.001,14,0.006333597004413605,0.4305131733417511,0.026254868134856224,0.040235623717308044,0.07248368114233017,0.4305131733417511,32.51232233457267,,,
m5b_smooth0.001,15,0.018195513635873795,0.4291159212589264,0.025210393592715263,0.049333225935697556,0.06722468882799149,0.42911598086357117,32.39836190082133,,,
m5b_smooth0.001,16,0.12915332056581974,0.4936923384666443,0.02022678032517433,0.04200220853090286,0.05452493950724602,0.3895534574985504,35.60319669544697,,,
m5b_smooth0.001,17,0.024005737155675888,0.4831450283527374,0.018770772963762283,0.046915583312511444,0.05812842398881912,0.3930390179157257,35.057664442807436,,,
m5b_smooth0.001,18,0.139944888651371,0.5503227710723877,0.01771235466003418,0.034716129302978516,0.06092402711510658,0.33632534742355347,38.276250060647726,,,
m5b_smooth0.001,19,0.18268202990293503,0.6363691687583923,0.019909175112843513,0.02961447648704052,0.06402125209569931,0.25008541345596313,42.240247283130884,,,
m5b_smooth0.001,20,0.18635988049209118,0.7263948321342468,0.0212467759847641,0.02998044155538082,0.06547215580940247,0.1569056659936905,46.3498624432832,,,
m5b_smooth0.001,21,0.1985786985605955,0.8256836533546448,0.015847617760300636,0.026738954707980156,0.046321965754032135,0.08540662378072739,51.157030176371336,,,
m5b_smooth0.001,22,0.043110658414661884,0.8420998454093933,0.014835684560239315,0.031878773123025894,0.04489516094326973,0.0662907138466835,51.87879884894937,,,
m5b_smooth0.001,23,0.12635044660419226,0.7789240479469299,0.021075813099741936,0.05362675338983536,0.06747619807720184,0.07889621704816818,48.49427937529981,,,
m5b_smooth0.001,24,0.031922491267323494,0.7917437553405762,0.023162860423326492,0.037666548043489456,0.06825054436922073,0.07917740195989609,49.227025263011456,,,
m5b_smooth0.001,25,0.028569325804710388,0.800595760345459,0.02455037645995617,0.03112124092876911,0.06051051244139671,0.08322186768054962,49.742339454591274,,,
m5b_smooth0.001,26,0.029062483459711075,0.7923418879508972,0.024802472442388535,0.03535075485706329,0.05423342064023018,0.09327177703380585,49.356806837022305,,,
m5b_smooth0.001,27,0.0884027760475874,0.8365431427955627,0.017110146582126617,0.0276989433914423,0.04112883657217026,0.07751897722482681,51.665963081642985,,,
m5b_smooth0.001,28,0.056429626420140266,0.8083282709121704,0.017370183020830154,0.03284727409482002,0.048162709921598434,0.09329149127006531,50.25882810726762,,,
m5b_smooth0.001,29,0.014547506347298622,0.8156017065048218,0.016746416687965393,0.029943937435746193,0.04772278666496277,0.08998444676399231,50.63652238063514,,,
m5b_smooth0.001,30,0.044205691665410995,0.793499767780304,0.020673038437962532,0.03252745419740677,0.05753590539097786,0.09576494246721268,49.47170200012624,,,
m5b_smooth0.001,31,0.02974286861717701,0.8036717772483826,0.021193530410528183,0.03554779291152954,0.05869409814476967,0.08089310675859451,49.89150572568178,,,
m5b_smooth0.001,32,0.038678376004099846,0.7843643426895142,0.021161528304219246,0.042439647018909454,0.06482687592506409,0.08720741420984268,48.88503296114504,,,
m5b_smooth0.001,33,0.01906536892056465,0.7938969135284424,0.02081548608839512,0.03951851278543472,0.06130288168787956,0.08446578681468964,49.384827023372054,,,
m5b_smooth0.001,34,0.06474073976278305,0.8262669444084167,0.0165080763399601,0.025265486910939217,0.04978705197572708,0.08217134326696396,51.16722937114537,,,
m5b_smooth0.001,35,0.07699793577194214,0.7877689599990845,0.019381409510970116,0.031410012394189835,0.05909418687224388,0.10234630107879639,49.226256569847465,,,
m5b_smooth0.001,36,0.09872198477387428,0.8371296525001526,0.016514988616108894,0.030926238745450974,0.04252914711833,0.07290024310350418,51.655380288138986,,,
m5b_smooth0.001,37,0.015519993379712105,0.832127034664154,0.01813245564699173,0.03706871718168259,0.040668997913599014,0.07200296223163605,51.34968514367938,,,
m5b_smooth0.001,38,0.02399503067135811,0.8201296925544739,0.02069750800728798,0.040001049637794495,0.04290655627846718,0.07626570761203766,50.7165480107069,,,
m5b_smooth0.001,39,0.01546989195048809,0.8235727548599243,0.020439011976122856,0.032524317502975464,0.04668044671416283,0.07678341865539551,50.934108244255185,,,
m5b_smooth0.001,40,0.03795559611171484,0.8425509333610535,0.015223710797727108,0.023591507226228714,0.04505421966314316,0.07358033955097198,51.98455852549523,,,
m5b_smooth0.001,41,0.11524558160454035,0.7849282026290894,0.020861126482486725,0.0362703911960125,0.06577412784099579,0.09216698259115219,48.97612110897899,,,
m5b_smooth0.001,42,0.08139385841786861,0.8256241083145142,0.02058623917400837,0.033706504851579666,0.05558331310749054,0.06449861824512482,50.95121609978378,,,
m5b_smooth0.001,43,0.06442903727293015,0.8578395843505859,0.019701221957802773,0.025994252413511276,0.042824115604162216,0.05364152416586876,52.61880918778479,,,
m5b_smooth0.001,44,0.03819047473371029,0.8387439250946045,0.02368777245283127,0.03385496139526367,0.04529193043708801,0.058421265333890915,51.58482939004898,,,
m5b_smooth0.001,45,0.011166680604219437,0.8350403904914856,0.021807510405778885,0.03394865244626999,0.04914190247654915,0.06006048619747162,51.41091702133417,,,
m5b_smooth0.001,46,0.03338470682501793,0.8503116965293884,0.016268322244286537,0.025568397715687752,0.046369437128305435,0.06148197874426842,52.29700906947255,,,
m5b_smooth0.001,47,0.1395735926926136,0.7805254459381104,0.020939838141202927,0.03395197167992592,0.06358370184898376,0.10099996626377106,48.81340795010328,,,
m5b_smooth0.001,48,0.07989218644797802,0.8204714059829712,0.01952318660914898,0.030062340199947357,0.0463036485016346,0.08364007622003555,50.8330811727792,,,
m5b_smooth0.001,49,0.1253655906766653,0.8831537961959839,0.014843562617897987,0.022302377969026566,0.028948387131094933,0.05075172334909439,53.984141305089,,,
m5b_smooth0.001,50,0.06064017862081528,0.8528342843055725,0.018914654850959778,0.033960361033678055,0.03896397352218628,0.055327728390693665,52.33818880841136,,,
m5b_smooth0.001,51,0.040160611271858215,0.8327532410621643,0.019992798566818237,0.03894438222050667,0.051267754286527634,0.05704135075211525,51.259473599493504,,,
m5b_smooth0.001,52,0.037103958427906036,0.8513059020042419,0.01572825014591217,0.03215773403644562,0.04963528364896774,0.05117372050881386,52.254434645175934,,,
m5b_smooth0.001,53,0.023748693987727165,0.8631800413131714,0.01369505561888218,0.02922278642654419,0.043616704642772675,0.050285886973142624,52.9014852438122,,,
m5b_smooth0.001,54,0.08535837940871716,0.8205002546310425,0.017911367118358612,0.03588111698627472,0.051382508128881454,0.07432403415441513,50.755784031003714,,,
m5b_smooth0.001,55,0.034246789291501045,0.8340681195259094,0.02146782912313938,0.032959260046482086,0.04365238919854164,0.06785354763269424,51.41994917206466,,,
m5b_smooth0.001,56,0.03961425647139549,0.8142598271369934,0.024185238406062126,0.038429953157901764,0.05023731663823128,0.07288648188114166,50.367136688902974,,,
m5b_smooth0.001,57,0.05709531530737877,0.8428081274032593,0.016428621485829353,0.03291398659348488,0.0430590957403183,0.0647902712225914,51.89213569276035,,,
m5b_smooth0.001,58,0.10167824290692806,0.7919686436653137,0.017412833869457245,0.0445706769824028,0.06066637113690376,0.08538085222244263,49.28924001380801,,,
m5b_smooth0.001,59,0.10662507824599743,0.8452814817428589,0.01567647233605385,0.027399690821766853,0.04583936929702759,0.06580296158790588,52.05688149668276,,,
m5b_smooth0.001,60,0.021142631769180298,0.85354083776474,0.01798843964934349,0.024496538564562798,0.04381733015179634,0.060156844556331635,52.45284545607865,,,
m5b_smooth0.001,61,0.02467496134340763,0.8645565509796143,0.0187375508248806,0.025068964809179306,0.040599118918180466,0.051037345081567764,52.966054167598486,,,
m5b_smooth0.001,62,0.034121861681342125,0.8474958539009094,0.019253475591540337,0.03523959591984749,0.044086914509534836,0.053924158215522766,52.03827011398971,,,
m5b_smooth0.001,63,0.015824688598513603,0.8551586866378784,0.016611438244581223,0.032516997307538986,0.04433638975024223,0.05137641355395317,52.45330814644694,,,
m5b_smooth0.001,64,0.10229589603841305,0.9063069820404053,0.011737551540136337,0.017460918053984642,0.03011425957083702,0.03438090905547142,55.134671771898866,,,
m5b_smooth0.001,65,0.06151261925697327,0.8755501508712769,0.016346558928489685,0.024403704330325127,0.03695027530193329,0.04674888774752617,53.535703079774976,,,
m5b_smooth0.001,66,0.009044904261827469,0.8718540072441101,0.018513325601816177,0.025275597348809242,0.03612428158521652,0.048232994973659515,53.3337124530226,,,
m5b_smooth0.001,67,0.02942671626806259,0.8575387597084045,0.01811438798904419,0.02969502843916416,0.03937099501490593,0.055279381573200226,52.609033362939954,,,
m5b_smooth0.001,68,0.004711901769042015,0.8573735356330872,0.016287701204419136,0.030988840386271477,0.0390082448720932,0.05634281039237976,52.61352341994643,,,
m5b_smooth0.001,69,0.050696978345513344,0.8320245742797852,0.019333092495799065,0.040850650519132614,0.04995337873697281,0.05783849209547043,51.2227720413357,,,
m5b_smooth0.001,70,0.06094832345843315,0.8015503883361816,0.024405917152762413,0.04952743649482727,0.061756834387779236,0.06275956332683563,49.576943254098296,,,
m5b_smooth0.001,71,0.02262822352349758,0.798051118850708,0.02586781233549118,0.04171263799071312,0.06310213357210159,0.0712665244936943,49.47351913526654,,,
m5b_smooth0.001,72,0.04780375771224499,0.8130136728286743,0.022787513211369514,0.029966890811920166,0.054025981575250626,0.0802055299282074,50.39456784538925,,,
m5b_smooth0.001,73,0.022178344428539276,0.8046180605888367,0.02009464241564274,0.032788146287202835,0.05786341428756714,0.08463670313358307,49.985500460490584,,,
m5b_smooth0.001,74,0.015286607667803764,0.7987055778503418,0.02121479995548725,0.03105650283396244,0.05894961580634117,0.09007282555103302,49.71038584783673,,,
m5b_smooth0.001,75,0.010591048747301102,0.8040016293525696,0.020965266972780228,0.02991848811507225,0.056037139147520065,0.08907785266637802,49.990168403834105,,,
m5b_smooth0.001,76,0.04710744880139828,0.7804476022720337,0.02108660526573658,0.04758226498961449,0.061583247035741806,0.08930005133152008,48.671972984448075,,,
m5b_smooth0.001,77,0.10204303171485662,0.831468939781189,0.015163912437856197,0.042633283883333206,0.04769691824913025,0.06303635984659195,51.24758761655539,,,
m5b_smooth0.001,78,0.09079722594469786,0.8768684267997742,0.011645596474409103,0.020782172679901123,0.036943141371011734,0.05376182496547699,53.69736526161432,,,
m5b_smooth0.001,79,0.10220682434737682,0.8257647156715393,0.017739377915859222,0.02979135327041149,0.054283738136291504,0.07242137938737869,51.046881856396794,,,
m5b_smooth0.001,80,0.057038284838199615,0.8040216565132141,0.025064898654818535,0.050536442548036575,0.05473191663622856,0.06564494222402573,49.720126224681735,,,
m5b_smooth0.001,81,0.11691896989941597,0.8624815344810486,0.018085511401295662,0.033075422048568726,0.04116155579686165,0.045196618884801865,52.787087401375175,,,
m5b_smooth0.001,82,0.03417711611837149,0.8503734469413757,0.015322049148380756,0.030858131125569344,0.049006666988134384,0.05443978309631348,52.23550689127296,,,
m5b_smooth0.001,83,0.01882921624928713,0.8417852520942688,0.014495877549052238,0.03273814916610718,0.05400373786687851,0.056977543979883194,51.795537231490016,,,
m5b_smooth0.001,84,0.12998061440885067,0.9067750573158264,0.010769004002213478,0.02086731418967247,0.026631975546479225,0.034956205636262894,55.15568509325385,,,
m5b_smooth0.001,85,0.015883001498878002,0.9132572412490845,0.01222821045666933,0.01967618241906166,0.019938794896006584,0.03489890694618225,55.49484749417752,,,
m5b_smooth0.001,86,0.14014584105461836,0.8431845903396606,0.022482121363282204,0.041704244911670685,0.03526827320456505,0.05736064538359642,51.78859722428024,,,
m5b_smooth0.001,87,0.04075193777680397,0.824038028717041,0.02456607110798359,0.04047486186027527,0.05326955020427704,0.05765141174197197,50.76827899552882,,,
m5b_smooth0.001,88,0.11889255233108997,0.8834847211837769,0.011899847537279129,0.01942073181271553,0.0404520221054554,0.044743433594703674,53.988817539066076,,,
m5b_smooth0.001,89,0.045228730887174606,0.8618558049201965,0.010913869366049767,0.02204524166882038,0.043425098061561584,0.06175968423485756,52.95700915530324,,,
m5b_smooth0.001,90,0.09952630568295717,0.8120932579040527,0.015166380442678928,0.032598525285720825,0.04614807665348053,0.09399466961622238,50.47751934174448,,,
m5b_smooth0.001,91,0.017829096876084805,0.8050781488418579,0.022010881453752518,0.034668076783418655,0.04433911293745041,0.09390369802713394,50.05572960525751,,,
m5b_smooth0.001,92,0.08622980862855911,0.8479357361793518,0.02101975679397583,0.034614235162734985,0.044596318155527115,0.05183364823460579,52.03885193541646,,,
m5b_smooth0.001,93,0.025918226689100266,0.855614185333252,0.016696840524673462,0.034267883747816086,0.04987698793411255,0.04354380816221237,52.415103841573,,,
m5b_smooth0.001,94,0.02405928261578083,0.8496711254119873,0.017383117228746414,0.029393406584858894,0.04866520315408707,0.05488749220967293,52.19491217471659,,,
m5b_smooth0.001,95,0.06869598664343357,0.8153226971626282,0.020975634455680847,0.03143532946705818,0.055042192339897156,0.07722362130880356,50.501069497317076,,,
m5b_smooth0.001,96,0.05383839271962643,0.8422422409057617,0.017461907118558884,0.026297589763998985,0.0453646145761013,0.06863381713628769,51.909314872696996,,,
m5b_smooth0.001,97,0.019005263224244118,0.8338261842727661,0.016375362873077393,0.03195465728640556,0.04615199938416481,0.07169202715158463,51.4685627669096,,,
m5b_smooth0.001,98,0.04772817716002464,0.811621904373169,0.018756933510303497,0.04246170446276665,0.057126984000205994,0.07003173232078552,50.22378944978118,,,
m5b_smooth0.001,99,0.03818861022591591,0.8304942846298218,0.017544418573379517,0.030947919934988022,0.050758492201566696,0.0702531710267067,51.27889909595251,,,
m5b_smooth0.001,100,0.1252343636006117,0.8931120038032532,0.012500198557972908,0.016956888139247894,0.027923863381147385,0.04950640723109245,54.53864783607423,,,
m5b_smooth0.001,101,0.03709491156041622,0.8754976987838745,0.015817297622561455,0.021870102733373642,0.02699100412428379,0.059823840856552124,53.63776033371687,,,
m5b_smooth0.001,102,0.016139782033860683,0.8735910058021545,0.01554014440625906,0.02673986554145813,0.03019159473478794,0.053938258439302444,53.477696870453656,,,
m5b_smooth0.001,103,0.0898641599342227,0.828658938407898,0.016883663833141327,0.036911871284246445,0.05540130287408829,0.06214511767029762,51.10499634966254,,,
m5b_smooth0.001,104,0.06798511371016502,0.8626514673233032,0.013213157653808594,0.028626274317502975,0.044987019151449203,0.05052291974425316,52.8804100304842,,,
m5b_smooth0.001,105,0.034634136594831944,0.8786810040473938,0.013189618475735188,0.02359979785978794,0.032719455659389496,0.05180994048714638,53.7592246113345,,,
m5b_smooth0.001,106,0.19047143030911684,0.7834452986717224,0.022841736674308777,0.050276920199394226,0.0529109388589859,0.09052494168281555,48.818116173148155,,,
m5b_smooth0.001,107,0.03660195134580135,0.7651445269584656,0.023005371913313866,0.052232418209314346,0.05762786790728569,0.10199005901813507,47.91963014565408,,,
m5b_smooth0.001,108,0.04636535979807377,0.7767338156700134,0.016787782311439514,0.035819292068481445,0.05707566812634468,0.11358321458101273,48.71796927973628,,,
m5b_smooth0.001,109,0.16818371508270502,0.8608259558677673,0.013264729641377926,0.022123534232378006,0.041037291288375854,0.06274882704019547,52.89493730198592,,,
m5b_smooth0.001,110,0.03109076712280512,0.8725091814994812,0.016426701098680496,0.022823456674814224,0.04101765528321266,0.047222815454006195,53.38369096443057,,,
m5b_smooth0.001,111,0.022102348506450653,0.8664417266845703,0.021729573607444763,0.028570961207151413,0.03935539722442627,0.04390055686235428,52.98404163494706,,,
m5b_smooth0.001,112,0.030365530401468277,0.854253888130188,0.0190589539706707,0.028247881680727005,0.04261026158928871,0.05582968518137932,52.43892331048846,,,
m5b_smooth0.001,113,0.07093261834233999,0.8897188901901245,0.009858221746981144,0.016148176044225693,0.038770630955696106,0.04550213739275932,54.34986050147563,,,
m5b_smooth0.001,114,0.05570194870233536,0.8618689775466919,0.01117753330618143,0.01939578726887703,0.05599405989050865,0.051563821732997894,52.89535547140986,,,
m5b_smooth0.001,115,0.1065113665536046,0.8086134195327759,0.019042817875742912,0.04059109836816788,0.07071065902709961,0.061042435467243195,50.0071899946779,,,
m5b_smooth0.001,116,0.12536318227648735,0.8712942600250244,0.015707915648818016,0.030298467725515366,0.03501914069056511,0.04767914488911629,53.29690093360841,,,
m5b_smooth0.001,117,0.010952374897897243,0.8741675615310669,0.01505476888269186,0.0301891528069973,0.030306465923786163,0.05028308182954788,53.47178432624787,,,
m5b_smooth0.001,118,0.025572038255631924,0.8639298677444458,0.016679802909493446,0.031028203666210175,0.04062835872173309,0.047734715044498444,52.89824100024998,,,
m5b_smooth0.001,119,0.014063656330108643,0.8621423244476318,0.01743924245238304,0.02815672568976879,0.04690036177635193,0.04536152258515358,52.79381273500621,,,
m5b_smooth0.01,4,,0.20000606775283813,0.20000606775283813,0.20000606775283813,0.20000606775283813,0.20000606775283813,17.00051575899124,,,
m5b_smooth0.01,5,0.30837457254529,0.2501268684864044,0.0458039753139019,0.20381614565849304,0.2501268684864044,0.2501268684864044,20.91752875968814,,,
m5b_smooth0.01,6,0.1552818901836872,0.2760069668292999,0.01831909269094467,0.15365943312644958,0.2760069668292999,0.2760069668292999,22.835861705243587,,,
m5b_smooth0.01,7,0.14168708119541407,0.2996216118335724,0.010865605436265469,0.0902697741985321,0.2996216118335724,0.2996216118335724,24.551025486551225,,,
m5b_smooth0.01,8,0.01337988581508398,0.297391802072525,0.012711433693766594,0.09511440247297287,0.297391802072525,0.297391802072525,24.386790608987212,,,
m5b_smooth0.01,9,0.05101569555699825,0.30613255500793457,0.014658253639936447,0.06960560381412506,0.3034703731536865,0.30613255500793457,25.001576747745275,,,
m5b_smooth0.01,10,0.022796809673309326,0.3088945746421814,0.020532619208097458,0.06917501986026764,0.2925025522708893,0.3088945746421814,25.13377406820655,,,
m5b_smooth0.01,11,0.14522035233676434,0.34480974078178406,0.021313125267624855,0.05610823631286621,0.2329598218202591,0.34480974078178406,27.336277404800057,,,
m5b_smooth0.01,12,0.029957404360175133,0.35226181149482727,0.021387532353401184,0.05286383628845215,0.22122536599636078,0.35226181149482727,27.7959306538105,,,
m5b_smooth0.01,13,0.02534993551671505,0.3578900098800659,0.02280578948557377,0.05125946179032326,0.2101544588804245,0.3578900098800659,28.131526118144393,,,
m5b_smooth0.01,14,0.023432062938809395,0.35333898663520813,0.024726692587137222,0.048646342009305954,0.21995045244693756,0.35333898663520813,27.85740389674902,,,
m5b_smooth0.01,15,0.014609137549996376,0.35468631982803345,0.02692158706486225,0.051061056554317474,0.21264559030532837,0.35468631982803345,27.91541155613959,,,
m5b_smooth0.01,16,0.08841850981116295,0.39889514446258545,0.024888290092349052,0.050870299339294434,0.17990708351135254,0.34543919563293457,30.20670617930591,,,
m5b_smooth0.01,17,0.021120818331837654,0.39668387174606323,0.024053901433944702,0.05703989043831825,0.1723925918340683,0.3498302698135376,30.100577797740698,,,
m5b_smooth0.01,18,0.08158071339130402,0.3725602626800537,0.022656679153442383,0.053519923239946365,0.160642609000206,0.3906202018260956,29.130013298243284,,,
m5b_smooth0.01,19,0.1363381054252386,0.4375496804714203,0.024477338418364525,0.05487895384430885,0.1470010131597519,0.3360927999019623,32.17640131898224,,,
m5b_smooth0.01,20,0.34185136295855045,0.6084753274917603,0.022141050547361374,0.04503174498677254,0.14320749044418335,0.1811441034078598,40.204225815832615,,,
m5b_smooth0.01,21,0.19875545427203178,0.7078530192375183,0.01770218461751938,0.034631263464689255,0.11919022351503372,0.12062295526266098,45.115830067545176,,,
m5b_smooth0.01,22,0.01197630725800991,0.7058113813400269,0.018785076215863228,0.03728322684764862,0.12144409120082855,0.11667700856924057,44.96290439553559,,,
m5b_smooth0.01,23,0.035229867324233055,0.6881957054138184,0.021666068583726883,0.040832001715898514,0.12687860429286957,0.12242691963911057,44.03803150355816,,,
m5b_smooth0.01,24,0.0379487257450819,0.7068488597869873,0.021987823769450188,0.03923953324556351,0.11653607338666916,0.11538810282945633,44.98182396404445,,,
m5b_smooth0.01,25,0.10276848077774048,0.7582333087921143,0.021342722699046135,0.0385265052318573,0.08795126527547836,0.09394700825214386,47.561837738379836,,,
m5b_smooth0.01,26,0.0216838251799345,0.7635718584060669,0.02324673905968666,0.042124971747398376,0.07750590145587921,0.09354957938194275,47.81616858020425,,,
m5b_smooth0.01,27,0.012739462777972221,0.7580530047416687,0.02294599451124668,0.0428510345518589,0.07695604115724564,0.0991935208439827,47.56208096258342,,,
m5b_smooth0.01,28,0.02321041189134121,0.7465624809265137,0.022832293063402176,0.043607208877801895,0.07964979112148285,0.10734978318214417,47.007848277688026,,,
m5b_smooth0.01,29,0.11744624190032482,0.8052849173545837,0.01703164167702198,0.030547264963388443,0.06002539023756981,0.0871109738945961,50.065499844029546,,,
m5b_smooth0.01,30,0.008692378178238869,0.8026763796806335,0.018372680991888046,0.03039630874991417,0.0584387443959713,0.09011617302894592,49.940842021256685,,,
m5b_smooth0.01,31,0.044518809765577316,0.824936032295227,0.018345169723033905,0.029391463845968246,0.05079302564263344,0.07653509080410004,51.029723949730396,,,
m5b_smooth0.01,32,0.0495401993393898,0.8001654744148254,0.021750696003437042,0.037351250648498535,0.05662328004837036,0.08410916477441788,49.7176241800189,,,
m5b_smooth0.01,33,0.023842353373765945,0.8110560774803162,0.02194829285144806,0.03818478062748909,0.05314856022596359,0.075663261115551,50.231192860752344,,,
m5b_smooth0.01,34,0.01183168776333332,0.8168533444404602,0.019540084525942802,0.035722311586141586,0.05210275948047638,0.0757812038064003,50.56356385536492,,,
m5b_smooth0.01,35,0.03408140502870083,0.7998128533363342,0.019899647682905197,0.038352321833372116,0.05678646266460419,0.08514884114265442,49.713316828012466,,,
m5b_smooth0.01,36,0.026551712304353714,0.8130883574485779,0.01805991679430008,0.03672648221254349,0.051746103912591934,0.08037856221199036,50.40106340870261,,,
m5b_smooth0.01,37,0.025025945156812668,0.8005754351615906,0.019530024379491806,0.03924274444580078,0.053170282393693924,0.08748103678226471,49.76871085911989,,,
m5b_smooth0.01,38,0.05529792234301567,0.8282245993614197,0.018381837755441666,0.03331360965967178,0.04467717558145523,0.07540270686149597,51.18017675355077,,,
m5b_smooth0.01,39,0.009946515783667564,0.8232517242431641,0.01968342624604702,0.03355469927191734,0.045301176607608795,0.07820966839790344,50.92749457247555,,,
m5b_smooth0.01,40,0.06456682737916708,0.8555349111557007,0.015288283117115498,0.02625935710966587,0.03825056180357933,0.06466712802648544,52.599254748784006,,,
m5b_smooth0.01,41,0.03907294292002916,0.8359982967376709,0.01868816278874874,0.030206749215722084,0.044045813381671906,0.07106093317270279,51.57237997278571,,,
m5b_smooth0.01,42,0.024084851145744324,0.8480402231216431,0.01851915568113327,0.029028162360191345,0.04275444895029068,0.06165696680545807,52.15049570798874,,,
m5b_smooth0.01,43,0.017126472666859627,0.8394773006439209,0.02015450969338417,0.030854279175400734,0.04641680791974068,0.06309668719768524,51.68962666206062,,,
m5b_smooth0.01,44,0.024877212941646576,0.8518112897872925,0.020259076729416847,0.029439572244882584,0.04319228231906891,0.05529726296663284,52.293762838467956,,,
m5b_smooth0.01,45,0.02007104456424713,0.841776430606842,0.02127106674015522,0.03200908377766609,0.046899303793907166,0.0580449253320694,51.76480823569,,,
m5b_smooth0.01,46,0.041081640869379044,0.8623171448707581,0.016644246876239777,0.027193965390324593,0.04204535856842995,0.05179988220334053,52.856770696118474,,,
m5b_smooth0.01,47,0.04796208627521992,0.8383356928825378,0.018855120986700058,0.03137178346514702,0.0490989126265049,0.062338270246982574,51.6295402161777,,,
m5b_smooth0.01,48,0.01929205283522606,0.8479819893836975,0.017792630940675735,0.029068537056446075,0.0450117401778698,0.06014542281627655,52.141035705804825,,,
m5b_smooth0.01,49,0.00424167700111866,0.847628116607666,0.0171851497143507,0.02902764454483986,0.04389308765530586,0.06226620078086853,52.14093350432813,,,
m5b_smooth0.01,50,0.011660031974315643,0.8419864177703857,0.01857011206448078,0.03148813545703888,0.04587715491652489,0.06207738816738129,51.822443103417754,,,
m5b_smooth0.01,51,0.013824105262756348,0.8488982915878296,0.0179342869669199,0.031064875423908234,0.04504343494772911,0.05705796182155609,52.15914191864431,,,
m5b_smooth0.01,52,0.02496904321014881,0.8364140391349792,0.01816141977906227,0.03462653234601021,0.04890425130724907,0.061893146485090256,51.515717174857855,,,
m5b_smooth0.01,53,0.014648115262389183,0.8437382578849792,0.016830915585160255,0.033476248383522034,0.046353984624147415,0.05960030481219292,51.900437293574214,,,
m5b_smooth0.01,54,0.03664766624569893,0.8254148960113525,0.018595347180962563,0.03661639243364334,0.05056506767868996,0.06880895048379898,50.97061906568706,,,
m5b_smooth0.01,55,0.008969675749540329,0.8285142183303833,0.019708940759301186,0.03443541377782822,0.048260875046253204,0.06908053904771805,51.13882195390761,,,
m5b_smooth0.01,56,0.01092272438108921,0.8230524063110352,0.02025648206472397,0.03486521542072296,0.04931401088833809,0.0725109726190567,50.86834819987416,,,
m5b_smooth0.01,57,0.0108414925634861,0.8278655409812927,0.018269218504428864,0.03547298535704613,0.04913266375660896,0.06925899535417557,51.11017521470785,,,
m5b_smooth0.01,58,0.046376124024391174,0.8046779632568359,0.019800271838903427,0.042604003101587296,0.05814684182405472,0.07477129250764847,49.88211606442928,,,
m5b_smooth0.01,59,0.07253473252058029,0.8409454822540283,0.016975224018096924,0.03242655470967293,0.04947926849126816,0.06017414852976799,51.759776782244444,,,
m5b_smooth0.01,60,0.005576686933636665,0.8429411053657532,0.017480051144957542,0.030843351036310196,0.049766749143600464,0.058968596160411835,51.86040401645005,,,
m5b_smooth0.01,61,0.0643125930801034,0.8750972747802734,0.01514944713562727,0.024588918313384056,0.03940034285187721,0.045763615518808365,53.51124570611864,,,
m5b_smooth0.01,62,0.010113113559782505,0.8700409531593323,0.01659584790468216,0.02722000889480114,0.03991037979722023,0.04623287916183472,53.22734603099525,,,
m5b_smooth0.01,63,0.013039171695709229,0.8764013648033142,0.016454290598630905,0.027379626408219337,0.03739365562796593,0.04237201809883118,53.53763890080154,,,
m5b_smooth0.01,64,0.015103496611118317,0.8839527368545532,0.015657497569918633,0.025997400283813477,0.034561723470687866,0.03983084484934807,53.93037780188024,,,
m5b_smooth0.01,65,0.023530486971139908,0.8721876740455627,0.017723722383379936,0.02796180173754692,0.037484925240278244,0.04464244097471237,53.320258220657706,,,
m5b_smooth0.01,66,0.023964926600456238,0.8841697573661804,0.016872113570570946,0.023060359060764313,0.034332431852817535,0.04156514257192612,53.95847765170038,,,
m5b_smooth0.01,67,0.031056800857186317,0.8686414957046509,0.018086254596710205,0.025721102952957153,0.038961559534072876,0.04858966916799545,53.16672559082508,,,
m5b_smooth0.01,68,0.007994981482625008,0.8726394176483154,0.01628139242529869,0.025483855977654457,0.0372704453766346,0.048325832933187485,53.388552797958255,,,
m5b_smooth0.01,69,0.051384834572672844,0.846946120262146,0.018995076417922974,0.03309585154056549,0.04429462552070618,0.056667510420084,52.0384573712945,,,
m5b_smooth0.01,70,0.022375725209712982,0.8357589244842529,0.020848292857408524,0.03722624108195305,0.047672104090452194,0.05849495530128479,51.430696588009596,,,
m5b_smooth0.01,71,0.02113736979663372,0.845862627029419,0.02131314016878605,0.03533344715833664,0.04379444941878319,0.053696583956480026,51.937384424731135,,,
m5b_smooth0.01,72,0.011627603322267532,0.8400909304618835,0.02271193452179432,0.03529074043035507,0.04513885825872421,0.056766580790281296,51.64474412240088,,,
m5b_smooth0.01,73,0.0066235680133104324,0.8413331508636475,0.020699672400951385,0.03399234637618065,0.04672682285308838,0.05724930763244629,51.73124383017421,,,
m5b_smooth0.01,74,0.005134847015142441,0.8411585092544556,0.02147049456834793,0.032097212970256805,0.04622868448495865,0.059045419096946716,51.73750934749842,,,
m5b_smooth0.01,75,0.013059977442026138,0.8349189162254333,0.02164899930357933,0.03234481438994408,0.045938167721033096,0.06514918059110641,51.447474118322134,,,
m5b_smooth0.01,76,0.021988386288285255,0.845543622970581,0.01800164394080639,0.032714515924453735,0.04233529046177864,0.06140543520450592,52.004785696044564,,,
m5b_smooth0.01,77,0.004468047991394997,0.8449007272720337,0.016410216689109802,0.034299444407224655,0.04294274002313614,0.06144678220152855,51.97420631721616,,,
m5b_smooth0.01,78,0.011348055675625801,0.8399491906166077,0.01684710569679737,0.03357715532183647,0.04493763670325279,0.06468922644853592,51.73474263586104,,,
m5b_smooth0.01,79,0.033993666991591454,0.8229522109031677,0.01898772642016411,0.03854566812515259,0.04960877075791359,0.06990564614534378,50.83769782632589,,,
m5b_smooth0.01,80,0.016986379399895668,0.8313264846801758,0.019106348976492882,0.03841663524508476,0.0470578595995903,0.06409210711717606,51.24063985235989,,,
m5b_smooth0.01,81,0.004729744046926498,0.8313645720481873,0.018716147169470787,0.03645976632833481,0.04938468337059021,0.06407434493303299,51.252703381702304,,,
m5b_smooth0.01,82,0.01737682893872261,0.8400532007217407,0.017535829916596413,0.034886520355939865,0.04798443242907524,0.05953995883464813,51.69483788497746,,,
m5b_smooth0.01,83,0.004207512363791466,0.839741051197052,0.017259880900382996,0.0354788713157177,0.0494951568543911,0.05802362039685249,51.66695635020733,,,
m5b_smooth0.01,84,0.061903130263090134,0.8706932663917542,0.013899445533752441,0.02804195135831833,0.03996977582573891,0.04739544168114662,53.28294589743018,,,
m5b_smooth0.01,85,0.01412102673202753,0.8777538537979126,0.013755335472524166,0.025318436324596405,0.03617504984140396,0.04699735343456268,53.666130169294775,,,
m5b_smooth0.01,86,0.019245131872594357,0.8681308031082153,0.016452105715870857,0.029156900942325592,0.037730395793914795,0.04852885380387306,53.135287718847394,,,
m5b_smooth0.01,87,0.011931097134947777,0.8644312620162964,0.01831936091184616,0.031515974551439285,0.039470374584198,0.04626360535621643,52.90272610262036,,,
m5b_smooth0.01,88,0.018563557416200638,0.8569161891937256,0.016551971435546875,0.03270231559872627,0.04372166842222214,0.050107065588235855,52.53718086704612,,,
m5b_smooth0.01,89,0.00530057679861784,0.8568522334098816,0.01486362237483263,0.03264876455068588,0.042877573519945145,0.05275769159197807,52.562694617547095,,,
m5b_smooth0.01,90,0.015890697948634624,0.8641348481178284,0.014395857229828835,0.028557367622852325,0.03949131444096565,0.053420353680849075,52.972482999786735,,,
m5b_smooth0.01,91,0.044514840468764305,0.8418776988983154,0.01854509674012661,0.030243990942835808,0.04384155198931694,0.0654919445514679,51.84571709111333,,,
m5b_smooth0.01,92,0.020180704072117805,0.851677656173706,0.01883501186966896,0.028680870309472084,0.04086631163954735,0.05993947386741638,52.33075380884111,,,
m5b_smooth0.01,93,0.0234164260327816,0.8400124311447144,0.018791867420077324,0.032370105385780334,0.04494050517678261,0.06388410180807114,51.725609013810754,,,
m5b_smooth0.01,94,0.04524047300219536,0.8626331090927124,0.0168535728007555,0.02708357200026512,0.039048563688993454,0.054381076246500015,52.89076584763825,,,
m5b_smooth0.01,95,0.029977725818753242,0.8476443886756897,0.01904062181711197,0.029719587415456772,0.044027116149663925,0.05956846475601196,52.10901102423668,,,
m5b_smooth0.01,96,0.011012749746441841,0.8531512022018433,0.017444396391510963,0.028053369373083115,0.04392063990235329,0.05743144825100899,52.402161391451955,,,
m5b_smooth0.01,97,0.010341335088014603,0.8486438989639282,0.016780339181423187,0.029615407809615135,0.04537540301680565,0.05958462134003639,52.17607302032411,,,
m5b_smooth0.01,98,0.019717125222086906,0.8585026860237122,0.01673422008752823,0.02931157872080803,0.04220997169613838,0.05324166268110275,52.65568319708109,,,
m5b_smooth0.01,99,0.028988126665353775,0.8440081477165222,0.018587660044431686,0.032672058790922165,0.04618632048368454,0.058544982224702835,51.90002669394016,,,
m5b_smooth0.01,100,0.07457112241536379,0.8812938928604126,0.014070034958422184,0.023599477484822273,0.03498104214668274,0.04605508968234062,53.85214058961719,,,
m5b_smooth0.01,101,0.007276177406311035,0.8783544301986694,0.015072613023221493,0.023914795368909836,0.03428216278553009,0.04837502911686897,53.70530835818499,,,
m5b_smooth0.01,102,0.018501066602766514,0.8876057267189026,0.013786997646093369,0.022885149344801903,0.031771302223205566,0.043951380997896194,54.17650449834764,,,
m5b_smooth0.01,103,0.05329410172998905,0.8609583973884583,0.01616816781461239,0.029492897912859917,0.04039648920297623,0.052984047681093216,52.786702796816826,,,
m5b_smooth0.01,104,0.006025553680956364,0.8630731701850891,0.015105661936104298,0.0301231537014246,0.040663979947566986,0.051033519208431244,52.88898246269673,,,
m5b_smooth0.01,105,0.020680504851043224,0.8527327179908752,0.015986671671271324,0.03164428099989891,0.04364540055394173,0.05599001422524452,52.3642605971545,,,
m5b_smooth0.01,106,0.005439434200525284,0.8515266180038452,0.016861500218510628,0.03238824009895325,0.04474671930074692,0.0544767864048481,52.281525345519185,,,
m5b_smooth0.01,107,0.011947141960263252,0.8574835062026978,0.01672286167740822,0.031936969608068466,0.04476325958967209,0.04909298196434975,52.56218870729208,,,
m5b_smooth0.01,108,0.06303423456847668,0.8259664177894592,0.018278898671269417,0.04058525711297989,0.055692002177238464,0.0594770610332489,50.92054260708392,,,
m5b_smooth0.01,109,0.057094285264611244,0.8545128703117371,0.01575324870646,0.03085986338555813,0.046579308807849884,0.05229296535253525,52.4372617341578,,,
m5b_smooth0.01,110,0.013035494834184647,0.8595318794250488,0.016284972429275513,0.026339322328567505,0.044582828879356384,0.05326070636510849,52.72494539618492,,,
m5b_smooth0.01,111,0.00455879233777523,0.8610628843307495,0.016592148691415787,0.0258703101426363,0.04277333989739418,0.05370281636714935,52.809228947386146,,,
m5b_smooth0.01,112,0.001998128369450569,0.8601441979408264,0.01651095040142536,0.02609110064804554,0.043539613485336304,0.05371399596333504,52.76020936667919,,,
m5b_smooth0.01,113,0.06828857026994228,0.8942884206771851,0.012221910059452057,0.018934791907668114,0.034440524876117706,0.040114086121320724,54.529012406244874,,,
m5b_smooth0.01,114,0.013837391510605812,0.8873696327209473,0.013657055795192719,0.020234480500221252,0.03745078667998314,0.04128759354352951,54.15672027692199,,,
m5b_smooth0.01,115,0.06205243431031704,0.8563435673713684,0.017863096669316292,0.029238563030958176,0.04604727774858475,0.05050734803080559,52.51562664471567,,,
m5b_smooth0.01,116,0.01335805095732212,0.861289381980896,0.01587867923080921,0.030971528962254524,0.042680904269218445,0.049178868532180786,52.77342667430639,,,
m5b_smooth0.01,117,0.031788766384124756,0.8453952074050903,0.016103971749544144,0.0372188575565815,0.04652513563632965,0.05475660786032677,51.94374144822359,,,
m5b_smooth0.01,118,0.04796385485678911,0.8693772554397583,0.014562067575752735,0.02982812188565731,0.04078410193324089,0.04544847458600998,53.18844911735505,,,
m5b_smooth0.01,119,0.009951288811862469,0.8655890226364136,0.016783688217401505,0.02864096872508526,0.042810048907995224,0.046176809817552567,52.984193632379174,,,
m5b_smooth0.1,4,,0.20000606775283813,0.20000606775283813,0.20000606775283813,0.20000606775283813,0.20000606775283813,17.00051575899124,,,
m5b_smooth0.1,5,0.18185190856456757,0.18687424063682556,0.1484607607126236,0.29091718792915344,0.18687424063682556,0.18687424063682556,16.158025816082954,,,
m5b_smooth0.1,6,0.056360483169555664,0.19626763463020325,0.1401778608560562,0.2710197865962982,0.19626763463020325,0.19626763463020325,16.850915625691414,,,
m5b_smooth0.1,7,0.07225444167852402,0.20673710107803345,0.10404994338750839,0.2757379114627838,0.20673710107803345,0.20673710107803345,17.67696886509657,,,
m5b_smooth0.1,8,0.05204521864652634,0.21541135013103485,0.09811131656169891,0.25565406680107117,0.21541135013103485,0.21541135013103485,18.313392877578735,,,
m5b_smooth0.1,9,0.23178807646036148,0.25640925765037537,0.0898982360959053,0.14797289669513702,0.24930936098098755,0.25640925765037537,21.253267519176006,,,
m5b_smooth0.1,10,0.05840779095888138,0.2426527887582779,0.09732693433761597,0.14628249406814575,0.27108511328697205,0.2426527887582779,20.39007657766342,,,
m5b_smooth0.1,11,0.08942637592554092,0.26300475001335144,0.06865077465772629,0.13024505972862244,0.27509400248527527,0.26300472021102905,21.847395054996014,,,
m5b_smooth0.1,12,0.022235535085201263,0.2585602104663849,0.06642208993434906,0.13663779199123383,0.2798190712928772,0.2585602104663849,21.568524539470673,,,
m5b_smooth0.1,13,0.041550494730472565,0.26835188269615173,0.06761419028043747,0.133595272898674,0.26208654046058655,0.26835188269615173,22.161045111715794,,,
m5b_smooth0.1,14,0.02432895451784134,0.274434357881546,0.06344842910766602,0.12780293822288513,0.25988057255744934,0.27443429827690125,22.574162900447845,,,
m5b_smooth0.1,15,0.04181934893131256,0.2809220254421234,0.06540508568286896,0.1337806135416031,0.23897095024585724,0.2809220254421234,22.92777346074581,,,
m5b_smooth0.1,16,0.08275425434112549,0.29148954153060913,0.05074130743741989,0.10706686228513718,0.26379287242889404,0.2869093120098114,23.724594861268997,,,
m5b_smooth0.1,17,0.020224962383508682,0.2999090254306793,0.04876219108700752,0.10491352528333664,0.2578130066394806,0.28860247135162354,24.20316993817687,,,
m5b_smooth0.1,18,0.028300199657678604,0.31405943632125854,0.047478191554546356,0.0964038223028183,0.2541244924068451,0.28793489933013916,24.990215875208378,,,
m5b_smooth0.1,19,0.056332867592573166,0.3305857479572296,0.049985941499471664,0.10553575307130814,0.22978715598583221,0.2841053605079651,25.78772321715951,,,
m5b_smooth0.1,20,0.05020838975906372,0.33023667335510254,0.04948386177420616,0.11032532900571823,0.25010213255882263,0.25985267758369446,25.583312664180994,,,
m5b_smooth0.1,21,0.18239768594503403,0.40616706013679504,0.03883780166506767,0.09080369770526886,0.18907064199447632,0.2751207947731018,29.856458123773336,,,
m5b_smooth0.1,22,0.029354821890592575,0.39148977398872375,0.041756369173526764,0.09114757180213928,0.1899746060371399,0.28563192486763,29.13325471431017,,,
m5b_smooth0.1,23,0.04679032042622566,0.41469326615333557,0.04194789007306099,0.07805442065000534,0.1870446801185608,0.2782596945762634,30.362655606120825,,,
m5b_smooth0.1,24,0.05816231667995453,0.3906729221343994,0.04272674396634102,0.07299358397722244,0.20070341229438782,0.29290324449539185,29.207652132958174,,,
m5b_smooth0.1,25,0.11099903658032417,0.337747722864151,0.04140740633010864,0.07173865288496017,0.2400275617837906,0.3090786635875702,26.528780959546566,,,
m5b_smooth0.1,26,0.11273648589849472,0.39273542165756226,0.041965238749980927,0.07256145030260086,0.2327708601951599,0.25996720790863037,29.092711821198463,,,
m5b_smooth0.1,27,0.03465293347835541,0.38633328676223755,0.04120618849992752,0.07034523040056229,0.25009676814079285,0.2520175874233246,28.71116268634796,,,
m5b_smooth0.1,28,0.1149497963488102,0.4228561520576477,0.045061420649290085,0.0700274333357811,0.19294022023677826,0.2691149413585663,30.74470356479287,,,
m5b_smooth0.1,29,0.036234527826309204,0.43082600831985474,0.04105028882622719,0.06789851188659668,0.20308761298656464,0.2571377158164978,31.115847636014223,,,
m5b_smooth0.1,30,0.07085341215133667,0.46522653102874756,0.04051583632826805,0.06892470270395279,0.18062086403369904,0.2447122186422348,32.85119891539216,,,
m5b_smooth0.1,31,0.035548705607652664,0.4484151303768158,0.04086529463529587,0.06796148419380188,0.1966852843761444,0.2460724264383316,31.971468530595303,,,
m5b_smooth0.1,32,0.02126545086503029,0.44276562333106995,0.04519963636994362,0.07426019757986069,0.19284139573574066,0.24493342638015747,31.61287536844611,,,
m5b_smooth0.1,33,0.12400167435407639,0.4979773461818695,0.03932725265622139,0.06686656177043915,0.14410646259784698,0.25172242522239685,34.651426900178194,,,
m5b_smooth0.1,34,0.048263296484947205,0.5221090316772461,0.03674749657511711,0.06533177942037582,0.14079979062080383,0.235012024641037,35.835051614791155,,,
m5b_smooth0.1,35,0.01753852888941765,0.5133396983146667,0.037964485585689545,0.06743977218866348,0.14238381385803223,0.2388722151517868,35.381563410162926,,,
m5b_smooth0.1,36,0.04273573309183121,0.4963211715221405,0.03729306906461716,0.06376202404499054,0.14647111296653748,0.2561529576778412,34.61928863078356,,,
m5b_smooth0.1,37,0.061041608452796936,0.5206613540649414,0.04040329158306122,0.0668318048119545,0.14038731157779694,0.2317153364419937,35.7073058411479,,,
m5b_smooth0.1,38,0.059599392116069794,0.5160397291183472,0.03461141511797905,0.05865580216050148,0.12917770445346832,0.26151561737060547,35.73842514306307,,,
m5b_smooth0.1,39,0.02455746755003929,0.5096561908721924,0.03460323438048363,0.05968625843524933,0.14042578637599945,0.25562840700149536,35.354811664670706,,,
m5b_smooth0.1,40,0.1979777328670025,0.6086450219154358,0.0282050222158432,0.051455311477184296,0.1240372285246849,0.1876572221517563,40.196733981370926,,,
m5b_smooth0.1,41,0.01569010317325592,0.6083324551582336,0.03028849884867668,0.05243400111794472,0.1288200467824936,0.1801246702671051,40.111023522913456,,,
m5b_smooth0.1,42,0.16551407612860203,0.6910895705223083,0.027402544394135475,0.044528838247060776,0.106705442070961,0.13027343153953552,44.19712942652404,,,
m5b_smooth0.1,43,0.016724878922104836,0.6974655985832214,0.029231801629066467,0.044686198234558105,0.10653658211231232,0.12208005785942078,44.466103196144104,,,
m5b_smooth0.1,44,0.12742467783391476,0.7611779570579529,0.025524334982037544,0.03763207793235779,0.08491083979606628,0.09075506776571274,47.674044819548726,,,
m5b_smooth0.1,45,0.01518995687365532,0.7680409550666809,0.026256138458848,0.03747155889868736,0.08288337290287018,0.08534789830446243,47.99618230573833,,,
m5b_smooth0.1,46,0.09210125729441643,0.8140918612480164,0.02194134332239628,0.03148316591978073,0.06643697619438171,0.06604713201522827,50.35162119753659,,,
m5b_smooth0.1,47,0.0072008166462183,0.8105898499488831,0.023349884897470474,0.032943375408649445,0.06716896593570709,0.06594906747341156,50.151040714234114,,,
m5b_smooth0.1,48,0.06699314154684544,0.8440861701965332,0.019732605665922165,0.028054753318428993,0.054709404706954956,0.05341770872473717,51.879880832508206,,,
m5b_smooth0.1,49,0.0055025797337293625,0.8466730117797852,0.01987466588616371,0.028077244758605957,0.05325169488787651,0.052124232053756714,52.00698821991682,,,
m5b_smooth0.1,50,0.009165516123175621,0.842089831829071,0.020980337634682655,0.029263712465763092,0.05436219274997711,0.053303930908441544,51.760951766744256,,,
m5b_smooth0.1,51,0.007489824667572975,0.8458348512649536,0.02072538435459137,0.029110971838235855,0.05266442522406578,0.05166458711028099,51.95010457187891,,,
m5b_smooth0.1,52,0.01677125319838524,0.8374496102333069,0.022593490779399872,0.03192317113280296,0.053180862218141556,0.054853856563568115,51.505559645593166,,,
m5b_smooth0.1,53,0.015103364363312721,0.8450009226799011,0.02038481831550598,0.030169865116477013,0.05164658650755882,0.052798058837652206,51.91164870373905,,,
m5b_smooth0.1,54,0.014441045001149178,0.8378940224647522,0.020270979031920433,0.030832631513476372,0.054840780794620514,0.05616140365600586,51.55655533820391,,,
m5b_smooth0.1,55,0.012332411482930183,0.8317278623580933,0.021118273958563805,0.03250652924180031,0.056598465889692307,0.05804877728223801,51.23118174634874,,,
m5b_smooth0.1,56,0.006297547370195389,0.833605945110321,0.021821020171046257,0.033074505627155304,0.05493226647377014,0.056566234678030014,51.313854394480586,,,
m5b_smooth0.1,57,0.000648127868771553,0.8337734341621399,0.021822530776262283,0.03311508521437645,0.054608236998319626,0.05668075382709503,51.32336204871535,,,
m5b_smooth0.1,58,0.020416300743818283,0.8235651850700378,0.023564480245113373,0.03424447402358055,0.05810250714421272,0.060523197054862976,50.794251315295696,,,
m5b_smooth0.1,59,0.046525631099939346,0.8468278646469116,0.02038394846022129,0.029455414041876793,0.05056260526180267,0.0527697391808033,52.011136654764414,,,
m5b_smooth0.1,60,0.01270974799990654,0.840473473072052,0.021250108256936073,0.03032085858285427,0.05268650874495506,0.05526958778500557,51.68320085853338,,,
m5b_smooth0.1,61,0.043388597667217255,0.8621679544448853,0.01811964064836502,0.026302963495254517,0.04559820890426636,0.04781213402748108,52.81566313654184,,,
m5b_smooth0.1,62,0.010364368557929993,0.8569852113723755,0.01875462383031845,0.0273166224360466,0.04717929661273956,0.04976402968168259,52.54676866531372,,,
m5b_smooth0.1,63,0.03113062120974064,0.8725508451461792,0.01657605543732643,0.024712836369872093,0.04197416827082634,0.04418652504682541,53.356195801869035,,,
m5b_smooth0.1,64,0.0009221155196428299,0.8729597330093384,0.016379553824663162,0.024569232016801834,0.04185277596116066,0.04423825442790985,53.379976224154234,,,
m5b_smooth0.1,65,0.04690340720117092,0.84950852394104,0.019777372479438782,0.02925010956823826,0.0490766279399395,0.05238790437579155,52.155006194487214,,,
m5b_smooth0.1,66,0.020493945106863976,0.8597545623779297,0.018437623977661133,0.027439769357442856,0.04552958533167839,0.04883712902665138,52.68845757842064,,,
m5b_smooth0.1,67,0.03416217304766178,0.842674732208252,0.020856216549873352,0.030971674248576164,0.05063297972083092,0.054865580052137375,51.79680415056646,,,
m5b_smooth0.1,68,0.030282137915492058,0.8578150272369385,0.018712418153882027,0.028448892757296562,0.0454878956079483,0.04953540116548538,52.584871616214514,,,
m5b_smooth0.1,69,0.01972901076078415,0.8479506969451904,0.020051848143339157,0.0306435264647007,0.04840582236647606,0.05294809117913246,52.069138277322054,,,
m5b_smooth0.1,70,0.02917017787694931,0.8625363111495972,0.018205849453806877,0.028322385624051094,0.04349072277545929,0.047445766627788544,52.824027467519045,,,
m5b_smooth0.1,71,0.012429704889655113,0.8563207983970642,0.019167425110936165,0.029812145978212357,0.04523152485489845,0.049467820674180984,52.49702193029225,,,
m5b_smooth0.1,72,0.0031780507415533066,0.8547318577766418,0.0196530744433403,0.030426867306232452,0.04543658345937729,0.04975150153040886,52.40942224860191,,,
m5b_smooth0.1,73,0.018899474292993546,0.8452821373939514,0.02076740935444832,0.032114844769239426,0.048505768179893494,0.05332975834608078,51.92019718140364,,,
m5b_smooth0.1,74,0.009053772315382957,0.8498089909553528,0.020247669890522957,0.031020931899547577,0.04706815630197525,0.051854103803634644,52.157284470275044,,,
m5b_smooth0.1,75,0.014005828648805618,0.8428062200546265,0.021617749705910683,0.03271733224391937,0.04879334568977356,0.05406549200415611,51.78661325760186,,,
m5b_smooth0.1,76,0.03652644716203213,0.8610695600509644,0.019046103581786156,0.029537556692957878,0.04299449548125267,0.04735265672206879,52.73573103919625,,,
m5b_smooth0.1,77,0.012939756736159325,0.8545992970466614,0.01968165673315525,0.03130089491605759,0.04482096806168556,0.04959678649902344,52.39764395169914,,,
m5b_smooth0.1,78,0.042978670448064804,0.8331100940704346,0.02217678539454937,0.03602652996778488,0.0512668713927269,0.057419586926698685,51.27960433624685,,,
m5b_smooth0.1,79,0.022838318720459938,0.8445296287536621,0.020691409707069397,0.03383232280611992,0.04765812307596207,0.05328913405537605,51.873620841652155,,,
m5b_smooth0.1,80,0.007652420550584793,0.848355770111084,0.019991863518953323,0.03324654698371887,0.046364735811948776,0.052041564136743546,52.0742127597332,,,
m5b_smooth0.1,81,0.014998935163021088,0.8408557176589966,0.021513834595680237,0.034817881882190704,0.048316311091184616,0.054495565593242645,51.67846263572574,,,
m5b_smooth0.1,82,0.023329177871346474,0.8291913270950317,0.023658035323023796,0.03724343702197075,0.05151323974132538,0.05839366838335991,51.06497200764716,,,
m5b_smooth0.1,83,0.0007106680423021317,0.829351007938385,0.02337608113884926,0.03735758364200592,0.05159568414092064,0.05832122638821602,51.074176266789436,,,
m5b_smooth0.1,84,0.010919200256466866,0.8240230083465576,0.023243242874741554,0.038607772439718246,0.05331927165389061,0.06080581247806549,50.804963337257504,,,
m5b_smooth0.1,85,0.045605018734931946,0.8012203574180603,0.025028394535183907,0.04326571524143219,0.06017281115055084,0.0703115463256836,49.633618311956525,,,
m5b_smooth0.1,86,0.012849099934101105,0.795274019241333,0.024550383910536766,0.04461075738072395,0.062024496495723724,0.07353956997394562,49.338549265637994,,,
m5b_smooth0.1,87,0.024585258215665817,0.7829816341400146,0.02471812255680561,0.04691828414797783,0.06589581072330475,0.07948586344718933,48.7184437867254,,,
m5b_smooth0.1,88,0.0783418919891119,0.7438108921051025,0.027261488139629364,0.05457187816500664,0.07779093086719513,0.09656493365764618,46.716076236218214,,,
m5b_smooth0.1,89,0.06172814406454563,0.7746740579605103,0.02267966978251934,0.04772249981760979,0.06905347853899002,0.08586860448122025,48.33182545937598,,,
m5b_smooth0.1,90,0.02028048224747181,0.765059232711792,0.02215499058365822,0.04932297393679619,0.0736154094338417,0.08984717726707458,47.8468462228775,,,
m5b_smooth0.1,91,0.062112342566251755,0.734003484249115,0.024753250181674957,0.056525010615587234,0.08702819049358368,0.09769069403409958,46.211404386907816,,,
m5b_smooth0.1,92,0.08448002859950066,0.7762433886528015,0.021296806633472443,0.04855527728796005,0.07580950111150742,0.0780954360961914,48.365568570792675,,,
m5b_smooth0.1,93,0.01214524731040001,0.7701707482337952,0.021833382546901703,0.05001572147011757,0.07961710542440414,0.07836341857910156,48.036533039063215,,,
m5b_smooth0.1,94,0.0983579158782959,0.8193498253822327,0.017884813249111176,0.03924959525465965,0.06285285204648972,0.060663528740406036,50.58588248863816,,,
m5b_smooth0.1,95,0.006068214774131775,0.8221676349639893,0.01810062676668167,0.03817111998796463,0.06219896301627159,0.059361301362514496,50.729123044759035,,,
m5b_smooth0.1,96,0.053099384531378746,0.8487170934677124,0.017234867438673973,0.03483632206916809,0.05068972334265709,0.048521172255277634,52.07889391668141,,,
m5b_smooth0.1,97,0.00936182215809822,0.8442398309707642,0.019174670800566673,0.03748815506696701,0.05048650503158569,0.0486108772456646,51.81998681090772,,,
m5b_smooth0.1,98,0.04450877383351326,0.8664939999580383,0.0174506064504385,0.0330674909055233,0.04206523299217224,0.04092227295041084,52.973661528900266,,,
m5b_smooth0.1,99,0.006679743528366089,0.8631547689437866,0.018679672852158546,0.03453586995601654,0.04220503941178322,0.04142553359270096,52.7869661655277,,,
m5b_smooth0.1,100,0.04456382803618908,0.8854365944862366,0.015838006511330605,0.028987975791096687,0.034919533878564835,0.03481859713792801,53.96089470013976,,,
m5b_smooth0.1,101,0.003642704337835312,0.8836820721626282,0.01655838079750538,0.02945764921605587,0.03485220670700073,0.03544940426945686,53.866112764924765,,,
m5b_smooth0.1,102,0.030982939526438713,0.8991735577583313,0.014326920732855797,0.025274116545915604,0.030056655406951904,0.031168494373559952,54.68731824494898,,,
m5b_smooth0.1,103,0.007241864688694477,0.8955529928207397,0.014990380965173244,0.026032734662294388,0.03091658279299736,0.03250778838992119,54.49779327120632,,,
m5b_smooth0.1,104,0.025968823581933975,0.908536434173584,0.012993750162422657,0.02259315550327301,0.027091924101114273,0.028783274814486504,55.18556858319789,,,
m5b_smooth0.1,105,0.004341150633990765,0.9063668847084045,0.013418981805443764,0.02297578938305378,0.027575017884373665,0.029663916677236557,55.072679391130805,,,
m5b_smooth0.1,106,0.014468103647232056,0.8991327881813049,0.014772102236747742,0.024730276316404343,0.029477396979928017,0.03188793733716011,54.689703123643994,,,
m5b_smooth0.1,107,0.024347669444978237,0.911306619644165,0.0130460811778903,0.02166425809264183,0.025886084884405136,0.028097450733184814,55.33100293856114,,,
m5b_smooth0.1,108,0.0033602798357605934,0.9096263647079468,0.013361675664782524,0.021785888820886612,0.0264161117374897,0.028810223564505577,55.244557136669755,,,
m5b_smooth0.1,109,0.010853921063244343,0.9150529503822327,0.0122532295063138,0.019750040024518967,0.025281259790062904,0.027662035077810287,55.538917682133615,,,
m5b_smooth0.1,110,0.009566628374159336,0.9102696180343628,0.012985052540898323,0.02025669626891613,0.026888441294431686,0.029599670320749283,55.292546696960926,,,
m5b_smooth0.1,111,0.001378820277750492,0.9109087586402893,0.012803108431398869,0.020306851714849472,0.026571616530418396,0.02940891496837139,55.325975307263434,,,
m5b_smooth0.1,112,0.021122463978827,0.9003474712371826,0.014345178380608559,0.023178378120064735,0.029438018798828125,0.03269009292125702,54.768456019461155,,,
m5b_smooth0.1,113,0.013340919278562069,0.9070187211036682,0.013064575381577015,0.02186555042862892,0.027583476155996323,0.030468396842479706,55.11942638177425,,,
m5b_smooth0.1,114,0.0026338323950767517,0.9083357453346252,0.012750728987157345,0.021615084260702133,0.027298256754875183,0.030001120641827583,55.18884418811649,,,
m5b_smooth0.1,115,0.005647891201078892,0.9111586809158325,0.012334592640399933,0.021028460934758186,0.026548979803919792,0.028928201645612717,55.33577851206064,,,
m5b_smooth0.1,116,0.026461622677743435,0.9243907332420349,0.010371868498623371,0.017926940694451332,0.022748272866010666,0.024563582614064217,56.030724751763046,,,
m5b_smooth0.1,117,0.002610080875456333,0.9230853915214539,0.010687747970223427,0.018317490816116333,0.0230987798422575,0.024811385199427605,55.95981456339359,,,
m5b_smooth0.1,118,0.016306218691170216,0.9312374591827393,0.0097029535099864,0.016398897394537926,0.0206711795181036,0.021988222375512123,56.38568056654185,,,
m5b_smooth0.1,119,0.006009602919220924,0.9282336235046387,0.010513483546674252,0.017143404111266136,0.021438857540488243,0.022671274840831757,56.223430956713855,,,
m5b_smooth0.3,4,,0.20000606775283813,0.20000606775283813,0.20000606775283813,0.20000606775283813,0.20000606775283813,17.00051575899124,,,
m5b_smooth0.3,5,0.21867553889751434,0.1635550707578659,0.20890507102012634,0.3004296123981476,0.1635550707578659,0.1635550707578659,14.358154639601707,,,
m5b_smooth0.3,6,0.19327257573604584,0.1957671344280243,0.19416944682598114,0.2185288518667221,0.1957671344280243,0.1957671344280243,16.706893891096115,,,
m5b_smooth0.3,7,0.17785968631505966,0.22175586223602295,0.10523978620767593,0.2294926941394806,0.22175586223602295,0.22175586223602295,18.755942709743977,,,
m5b_smooth0.3,8,0.10793867707252502,0.20477630198001862,0.10220905393362045,0.28346195816993713,0.20477630198001862,0.20477630198001862,17.53947538882494,,,
m5b_smooth0.3,9,0.14028532803058624,0.22885432839393616,0.09391682595014572,0.2216116338968277,0.2267630249261856,0.22885432839393616,19.281313203275204,,,
m5b_smooth0.3,10,0.016928240656852722,0.22806519269943237,0.10102502256631851,0.22296695411205292,0.21987657248973846,0.22806519269943237,19.185886152088642,,,
m5b_smooth0.3,11,0.16184131801128387,0.259389191865921,0.07965108007192612,0.16342076659202576,0.2381497323513031,0.2593892216682434,21.431762121617794,,,
m5b_smooth0.3,12,0.04700352996587753,0.2528514266014099,0.07659745216369629,0.1560484766960144,0.26165178418159485,0.2528514266014099,21.087310940027237,,,
m5b_smooth0.3,13,0.07006993144750595,0.2693346440792084,0.07866581529378891,0.15268340706825256,0.22998175024986267,0.26933467388153076,22.07735236734152,,,
m5b_smooth0.3,14,0.1005655899643898,0.29447585344314575,0.06955371797084808,0.1360570341348648,0.2054370492696762,0.29447588324546814,23.706997737288475,,,
m5b_smooth0.3,15,0.05510428547859192,0.30351370573043823,0.0718429684638977,0.14324462413787842,0.1778852790594101,0.30351370573043823,24.206788018345833,,,
m5b_smooth0.3,16,0.19051362574100494,0.35193774104118347,0.05944465100765228,0.11978058516979218,0.11849048733711243,0.3503461480140686,27.269330352544785,,,
m5b_smooth0.3,17,0.019754327833652496,0.35804739594459534,0.056944169104099274,0.11965304613113403,0.11124174296855927,0.3541140556335449,27.635036043822765,,,
m5b_smooth0.3,18,0.08854297921061516,0.3241814970970154,0.05484621599316597,0.1113455593585968,0.11485914140939713,0.39476829767227173,26.170542877167463,,,
m5b_smooth0.3,19,0.06607213988900185,0.32307231426239014,0.05968901515007019,0.12939170002937317,0.12500613927841187,0.36284127831459045,25.787023842334747,,,
m5b_smooth0.3,20,0.030608389526605606,0.32269424200057983,0.05460943654179573,0.1202017217874527,0.12434910982847214,0.3781450092792511,25.941343020647764,,,
m5b_smooth0.3,21,0.06751986593008041,0.34456318616867065,0.04811260476708412,0.10938319563865662,0.10790455341339111,0.390036016702652,27.26588946953416,,,
m5b_smooth0.3,22,0.054654598236083984,0.33745279908180237,0.05177506431937218,0.12234215438365936,0.1186109110713005,0.3698195815086365,26.673719990998507,,,
m5b_smooth0.3,23,0.06943056732416153,0.3721681833267212,0.04671807959675789,0.11018898338079453,0.10525496304035187,0.36567050218582153,28.563547801226377,,,
m5b_smooth0.3,24,0.03510577231645584,0.35461482405662537,0.04682283475995064,0.1105269342660904,0.10612943768501282,0.381905734539032,27.74487942829728,,,
m5b_smooth0.3,25,0.040504030883312225,0.3557104468345642,0.044524867087602615,0.0934227705001831,0.1052793487906456,0.40106192231178284,28.019242342561483,,,
m5b_smooth0.3,26,0.03804882615804672,0.3445858955383301,0.04713902249932289,0.0923476591706276,0.12169007211923599,0.3942376375198364,27.370493162423372,,,
m5b_smooth0.3,27,0.023972876369953156,0.34268221259117126,0.047098297625780106,0.08849707990884781,0.1336764395236969,0.38804611563682556,27.241902988404036,,,
m5b_smooth0.3,28,0.05918988585472107,0.31308722496032715,0.0521746464073658,0.09428680688142776,0.13494926691055298,0.4055021107196808,25.74194298312068,,,
m5b_smooth0.3,29,0.08999811857938766,0.3467654287815094,0.04771244153380394,0.08430316299200058,0.10439623892307281,0.416823148727417,27.672845412045717,,,
m5b_smooth0.3,30,0.039928093552589417,0.32731908559799194,0.05144032463431358,0.09001914411783218,0.1038782149553299,0.4273430109024048,26.670592550188303,,,
m5b_smooth0.3,31,0.0825272835791111,0.36858296394348145,0.04481091350317001,0.07837327569723129,0.08335694670677185,0.4248761534690857,28.926673352718353,,,
m5b_smooth0.3,32,0.03174915164709091,0.3527083396911621,0.047813571989536285,0.08268633484840393,0.08545392751693726,0.43133798241615295,28.095282204449177,,,
m5b_smooth0.3,33,0.08832455053925514,0.39687076210975647,0.04148899391293526,0.07239752262830734,0.07073905318975449,0.41850411891937256,30.425158325582743,,,
m5b_smooth0.3,34,0.02509434148669243,0.3872261941432953,0.04009372740983963,0.07125014066696167,0.07037894427776337,0.4310511350631714,30.014784298837185,,,
m5b_smooth0.3,35,0.02886321023106575,0.38172441720962524,0.04434087499976158,0.07655394822359085,0.07525954395532608,0.4221212565898895,29.613982152193785,,,
m5b_smooth0.3,36,0.025173023343086243,0.3942633867263794,0.04150046780705452,0.07144512981176376,0.0706220418214798,0.4221685826778412,30.316353511065245,,,
m5b_smooth0.3,37,0.03455596789717674,0.3946187198162079,0.04421736299991608,0.07871773838996887,0.0775553360581398,0.4048907458782196,30.16885156184435,,,
m5b_smooth0.3,38,0.04454956203699112,0.4168938100337982,0.03849473595619202,0.07058019191026688,0.07040194422006607,0.4036298394203186,31.40749527513981,,,
m5b_smooth0.3,39,0.03354716673493385,0.42208024859428406,0.040041808038949966,0.07480037212371826,0.0762215107679367,0.38685593008995056,31.538791436702013,,,
m5b_smooth0.3,40,0.056484755128622055,0.45032259821891785,0.034081608057022095,0.06548388302326202,0.0673365667462349,0.3827751576900482,33.0800973251462,,,
m5b_smooth0.3,41,0.0368313230574131,0.4554256200790405,0.038231540471315384,0.06948012113571167,0.07250318676233292,0.36435964703559875,33.180766474455595,,,
m5b_smooth0.3,42,0.06391927227377892,0.48738497495651245,0.03353095427155495,0.0610710047185421,0.0643463134765625,0.3536663055419922,34.861594937741756,,,
m5b_smooth0.3,43,0.0376107431948185,0.4963448941707611,0.03657234087586403,0.06374882161617279,0.06847338378429413,0.33486175537109375,35.17589071765542,,,
m5b_smooth0.3,44,0.06112430989742279,0.5269061326980591,0.03463096171617508,0.058994028717279434,0.06361965090036392,0.31584858894348145,36.693198811262846,,,
m5b_smooth0.3,45,0.052590467035770416,0.500610888004303,0.036578331142663956,0.06497114896774292,0.07282494753599167,0.32501402497291565,35.32811604067683,,,
m5b_smooth0.3,46,0.05306054279208183,0.5271410942077637,0.03211505711078644,0.05925533175468445,0.0672701895236969,0.31421753764152527,36.70828355848789,,,
m5b_smooth0.3,47,0.055258627980947495,0.5076935887336731,0.037710849195718765,0.07126440852880478,0.07729457318782806,0.3060356676578522,35.538680758327246,,,
m5b_smooth0.3,48,0.07949097454547882,0.5474395155906677,0.03282313421368599,0.06344085186719894,0.06919129192829132,0.28710517287254333,37.57332808896899,,,
m5b_smooth0.3,49,0.023240797221660614,0.5358192324638367,0.03346667066216469,0.06624474376440048,0.07100512832403183,0.29346442222595215,36.98689265921712,,,
m5b_smooth0.3,50,0.009323488920927048,0.5319600701332092,0.0343037024140358,0.06970016658306122,0.0713743045926094,0.29266172647476196,36.75789271295071,,,
m5b_smooth0.3,51,0.012211989611387253,0.5351357460021973,0.034794192761182785,0.07196835428476334,0.07154574245214462,0.28655552864074707,36.87144161388278,,,
m5b_smooth0.3,52,0.02339484915137291,0.5386283993721008,0.03661531209945679,0.07615571469068527,0.07374243438243866,0.2748585045337677,36.94700252264738,,,
m5b_smooth0.3,53,0.022495992481708527,0.5340750217437744,0.03443638235330582,0.07277737557888031,0.0726049616932869,0.2861063778400421,36.81099383533001,,,
m5b_smooth0.3,54,0.036284610629081726,0.5234902501106262,0.03170660883188248,0.06794939935207367,0.07279356569051743,0.30405986309051514,36.41136285662651,,,
m5b_smooth0.3,55,0.018019430339336395,0.5287327766418457,0.033590368926525116,0.06796468049287796,0.07466200739145279,0.2950504422187805,36.614791251719,,,
m5b_smooth0.3,56,0.03915049508213997,0.509157121181488,0.03696581348776817,0.06998244673013687,0.07529296725988388,0.30860111117362976,35.643806751817465,,,
m5b_smooth0.3,57,0.14542166888713837,0.4385332763195038,0.037218835204839706,0.0678955614566803,0.08285218477249146,0.3734998106956482,32.36186474189162,,,
m5b_smooth0.3,58,0.028630372136831284,0.4289717674255371,0.041187725961208344,0.0727701187133789,0.08832433819770813,0.3687465488910675,31.778526179492474,,,
m5b_smooth0.3,59,0.060349494218826294,0.45886561274528503,0.03966451436281204,0.07305074483156204,0.08289285749197006,0.34552621841430664,33.208370573818684,,,
m5b_smooth0.3,60,0.10228201746940613,0.40772488713264465,0.04069650173187256,0.0797359049320221,0.08873478323221207,0.3831084370613098,30.72805904597044,,,
m5b_smooth0.3,61,0.03828888386487961,0.40863463282585144,0.03899356722831726,0.07307751476764679,0.07795146107673645,0.4013429284095764,30.94076530635357,,,
m5b_smooth0.3,62,0.050562988966703415,0.39711618423461914,0.04471473768353462,0.08215023577213287,0.08843918889760971,0.387580007314682,30.163330923765898,,,
m5b_smooth0.3,63,0.03298383951187134,0.41143155097961426,0.041842516511678696,0.07637456059455872,0.08059507608413696,0.3897564709186554,30.977615382522345,,,
m5b_smooth0.3,64,0.044249944388866425,0.43355676531791687,0.03723542019724846,0.06863470375537872,0.07281661778688431,0.38775715231895447,32.19486190751195,,,
m5b_smooth0.3,65,0.04744036868214607,0.4380027651786804,0.040967173874378204,0.07587970793247223,0.08111321926116943,0.3640361428260803,32.21307074278593,,,
m5b_smooth0.3,66,0.05874483287334442,0.4673757255077362,0.03711210936307907,0.06936302781105042,0.07532598078250885,0.3508232533931732,33.72655213624239,,,
m5b_smooth0.3,67,0.05882874131202698,0.43796125054359436,0.04216209053993225,0.07970114797353745,0.08914558589458466,0.35102981328964233,32.09737705439329,,,
m5b_smooth0.3,68,0.043570246547460556,0.4597468376159668,0.038121532648801804,0.07339126616716385,0.08193080872297287,0.34681037068367004,33.27196643874049,,,
m5b_smooth0.3,69,0.04469958320260048,0.4394010007381439,0.03842464089393616,0.07510841637849808,0.07992670685052872,0.3671397566795349,32.327253475785255,,,
m5b_smooth0.3,70,0.02320987731218338,0.44207504391670227,0.03813978284597397,0.07624345272779465,0.06860630959272385,0.3749352991580963,32.52071113139391,,,
m5b_smooth0.3,71,0.06015299633145332,0.4661659896373749,0.03922602906823158,0.08004951477050781,0.06969907134771347,0.344858318567276,33.565243910998106,,,
m5b_smooth0.3,72,0.17994600161910057,0.5495758652687073,0.042378030717372894,0.08304232358932495,0.07011783123016357,0.2548857629299164,37.32528241723776,,,
m5b_smooth0.3,73,0.024302247911691666,0.5569138526916504,0.04242624714970589,0.08780748397111893,0.06875696778297424,0.24409574270248413,37.619319032877684,,,
m5b_smooth0.3,74,0.024515531957149506,0.5663683414459229,0.03687075152993202,0.08110495656728745,0.06998810917139053,0.24566762149333954,38.19154957309365,,,
m5b_smooth0.3,75,0.04420069605112076,0.580714225769043,0.036027904599905014,0.07935704290866852,0.0777425765991211,0.2261580377817154,38.82736314460635,,,
m5b_smooth0.3,76,0.16190236434340477,0.6616659164428711,0.030308596789836884,0.06570463627576828,0.07035471498966217,0.17196694016456604,42.82739765942097,,,
m5b_smooth0.3,77,0.013342635706067085,0.6615889668464661,0.029664775356650352,0.06568460911512375,0.07702608406543732,0.1660364717245102,42.78574980609119,,,
m5b_smooth0.3,78,0.047904325649142265,0.6469234228134155,0.03168175742030144,0.07197962701320648,0.09266579151153564,0.1567493975162506,41.90617811307311,,,
m5b_smooth0.3,79,0.004934482276439667,0.6477013826370239,0.03193364664912224,0.07341714948415756,0.09036944806575775,0.15657863020896912,41.9389550127089,,,
m5b_smooth0.3,80,0.026133140549063683,0.6410964727401733,0.02957884781062603,0.0749104842543602,0.08626215904951096,0.16815143823623657,41.678053913637996,,,
m5b_smooth0.3,81,0.020632630214095116,0.6312249898910522,0.03171200677752495,0.08036662638187408,0.08898933976888657,0.16770677268505096,41.1171314753592,,,
m5b_smooth0.3,82,0.048673901706933975,0.6068884134292603,0.03518955409526825,0.09080992639064789,0.09403041750192642,0.173082172870636,39.802287481725216,,,
m5b_smooth0.3,83,0.016706977039575577,0.6116059422492981,0.036214303225278854,0.09342072904109955,0.09122878313064575,0.1675299108028412,39.99685325846076,,,
m5b_smooth0.3,84,0.06532961502671242,0.6418647766113281,0.03241937607526779,0.08095139265060425,0.07482858002185822,0.16993622481822968,41.69006735831499,,,
m5b_smooth0.3,85,0.05746283009648323,0.613133430480957,0.032911237329244614,0.08279294520616531,0.07494296878576279,0.19621990621089935,40.34097537025809,,,
m5b_smooth0.3,86,0.0810016468167305,0.6528010368347168,0.03374430164694786,0.07095559686422348,0.06273069977760315,0.17976854741573334,42.370547864586115,,,
m5b_smooth0.3,87,0.03433646634221077,0.6655296087265015,0.030731122940778732,0.06351535767316818,0.056016381829977036,0.1842087060213089,43.124090276658535,,,
m5b_smooth0.3,88,0.02694358304142952,0.65268874168396,0.03009994700551033,0.0645449161529541,0.057012930512428284,0.19565413892269135,42.52330765500665,,,
m5b_smooth0.3,89,0.10699771903455257,0.7061872482299805,0.02539204992353916,0.05506086349487305,0.048854146152734756,0.16450566053390503,45.2068678047508,,,
m5b_smooth0.3,90,0.02600504271686077,0.7176604270935059,0.022368937730789185,0.04948911443352699,0.04444637522101402,0.16603489220142365,45.86607502400875,,,
m5b_smooth0.3,91,0.016468709334731102,0.7157512903213501,0.023488158360123634,0.05296364799141884,0.04808736592531204,0.15971006453037262,45.70000898651779,,,
m5b_smooth0.3,92,0.053125644102692604,0.7423140406608582,0.022603269666433334,0.051547881215810776,0.04743428900837898,0.1361009031534195,46.95354202017188,,,
m5b_smooth0.3,93,0.02434740588068962,0.740638017654419,0.024546783417463303,0.05657264217734337,0.05263969302177429,0.12560319900512695,46.75946840643883,,,
m5b_smooth0.3,94,0.021093755960464478,0.7488120794296265,0.022749636322259903,0.051765166223049164,0.04869658872485161,0.12797516584396362,47.23929834365845,,,
m5b_smooth0.3,95,0.05785899609327316,0.7198829650878906,0.024463944137096405,0.05554354190826416,0.053037963807582855,0.1470709890127182,45.81433206796646,,,
m5b_smooth0.3,96,0.05189824104309082,0.7458323836326599,0.02202189341187477,0.048973776400089264,0.04725240543484688,0.13591954112052917,47.152526654303074,,,
m5b_smooth0.3,97,0.02190118469297886,0.7539247870445251,0.022635197266936302,0.04978235438466072,0.04868856817483902,0.12496880441904068,47.49785272218287,,,
m5b_smooth0.3,98,0.03512643091380596,0.736361563205719,0.023583322763442993,0.05154365673661232,0.05116860941052437,0.13734254240989685,46.640883944928646,,,
m5b_smooth0.3,99,0.09741812013089657,0.6876523494720459,0.027142314240336418,0.059391122311353683,0.060067612677812576,0.16574598848819733,44.2053737770766,,,
m5b_smooth0.3,100,0.04309888556599617,0.709202229976654,0.02494763769209385,0.054236117750406265,0.05528799816966057,0.1563262790441513,45.3153736833483,,,
m5b_smooth0.3,101,0.04832206852734089,0.6850408315658569,0.026781819760799408,0.057735878974199295,0.05972687900066376,0.1707141250371933,44.110525254160166,,,
m5b_smooth0.3,102,0.005681486800312996,0.6872894763946533,0.02532249502837658,0.05668526142835617,0.05939667299389839,0.1713068187236786,44.24681903608143,,,
m5b_smooth0.3,103,0.004990946501493454,0.6897776126861572,0.025329330936074257,0.0559273324906826,0.059120163321495056,0.16984528303146362,44.37144319526851,,,
m5b_smooth0.3,104,0.03777417540550232,0.7034918665885925,0.022182421758770943,0.04837680980563164,0.05093052238225937,0.17501813173294067,45.1835923474282,,,
m5b_smooth0.3,105,0.0017072632908821106,0.7028207182884216,0.02223830856382847,0.04838540777564049,0.051720403134822845,0.17483638226985931,45.14638980291784,,,
m5b_smooth0.3,106,0.04917893931269646,0.6782306432723999,0.025097107514739037,0.054006677120923996,0.05284411460161209,0.18982146680355072,43.9083650726825,,,
m5b_smooth0.3,107,0.03344878368079662,0.6949552297592163,0.022451497614383698,0.05239003524184227,0.04602491110563278,0.18417872488498688,44.777611915022135,,,
m5b_smooth0.3,108,0.06493511237204075,0.6624873280525208,0.02312592603266239,0.05882363021373749,0.048090290278196335,0.2074725329875946,43.19008399359882,,,
m5b_smooth0.3,109,0.04451391100883484,0.6530566215515137,0.020469775423407555,0.05423712730407715,0.04250650107860565,0.2297292947769165,42.88033408485353,,,
m5b_smooth0.3,110,0.030802562832832336,0.6676574945449829,0.021218376234173775,0.054289355874061584,0.041329722851514816,0.2155052125453949,43.549917152151465,,,
m5b_smooth0.3,111,0.006824556738138199,0.6701637506484985,0.022124046459794044,0.05405602976679802,0.04046839848160744,0.21318723261356354,43.66201722063124,,,
m5b_smooth0.3,112,0.0596044659614563,0.6403616070747375,0.02553500048816204,0.059452932327985764,0.04444587230682373,0.23020422458648682,42.159570472314954,,,
m5b_smooth0.3,113,0.018408263102173805,0.6483727693557739,0.02632177248597145,0.059060558676719666,0.04485221952199936,0.22139261662960052,42.51933177933097,,,
m5b_smooth0.3,114,0.04445078782737255,0.6705982089042664,0.023667452856898308,0.05677225813269615,0.044198695570230484,0.20476341247558594,43.605955405160785,,,
m5b_smooth0.3,115,0.10785146802663803,0.7159572839736938,0.02393159456551075,0.0611652210354805,0.0481080524623394,0.1508374810218811,45.613345397636294,,,
m5b_smooth0.3,116,0.01768830232322216,0.7190059423446655,0.02452869713306427,0.06358101218938828,0.05089063569903374,0.14199331402778625,45.699769120663404,,,
m5b_smooth0.3,117,0.008743368089199066,0.7176796197891235,0.02583784982562065,0.06499870121479034,0.05253605544567108,0.13894852995872498,45.59464294835925,,,
m5b_smooth0.3,118,0.030782226473093033,0.708638608455658,0.024082526564598083,0.06836821883916855,0.04794074594974518,0.15096959471702576,45.19666323810816,,,
m5b_smooth0.3,119,0.0897127017378807,0.6637821197509766,0.025645416229963303,0.07995162159204483,0.05095503851771355,0.1796652227640152,42.9644258543849,,,
ensemble3,4,,,,,,,,0.33332547545433044,0.33332547545433044,0.33332547545433044
ensemble3,5,0.5049695372581482,,,,,,,0.5858219265937805,0.20708893239498138,0.20708893239498138
ensemble3,6,0.2364635020494461,,,,,,,0.5751783847808838,0.32532063126564026,0.09950067102909088
ensemble3,7,0.18055930733680725,,,,,,,0.5281444787979126,0.4156002700328827,0.05625490844249725
ensemble3,8,0.04264521598815918,,,,,,,0.512296736240387,0.410125732421875,0.07757784426212311
ensemble3,9,0.09562253952026367,,,,,,,0.48590323328971863,0.3887076675891876,0.12538881599903107
ensemble3,10,0.13257403671741486,,,,,,,0.504038393497467,0.32242080569267273,0.17354083061218262
ensemble3,11,0.10078281164169312,,,,,,,0.5544298887252808,0.30048495531082153,0.14508536458015442
ensemble3,12,0.0762496143579483,,,,,,,0.5344088673591614,0.33860981464385986,0.12698163092136383
ensemble3,13,0.1039358377456665,,,,,,,0.4824407696723938,0.379472017288208,0.1380871683359146
ensemble3,14,0.10983341932296753,,,,,,,0.4275240898132324,0.42061764001846313,0.15185828506946564
ensemble3,15,0.0704871118068695,,,,,,,0.45704397559165955,0.3853740990161896,0.15758197009563446
ensemble3,16,0.04418638348579407,,,,,,,0.4791375398635864,0.3807426393032074,0.14012061059474945
ensemble3,17,0.05440668761730194,,,,,,,0.4519333839416504,0.3872223198413849,0.16084346175193787
ensemble3,18,0.031169742345809937,,,,,,,0.4643152356147766,0.37163808941841125,0.16404712200164795
ensemble3,19,0.05122449994087219,,,,,,,0.4899270832538605,0.359144926071167,0.15092763304710388
ensemble3,20,0.021459504961967468,,,,,,,0.4932783246040344,0.34841564297676086,0.15830661356449127
ensemble3,21,0.04836404323577881,,,,,,,0.5012195110321045,0.36465585231781006,0.13412396609783173
ensemble3,22,0.05213193595409393,,,,,,,0.47515353560447693,0.3868766725063324,0.13796910643577576
ensemble3,23,0.047412365674972534,,,,,,,0.45300328731536865,0.3853211998939514,0.16167575120925903
ensemble3,24,0.07256348431110382,,,,,,,0.4327305853366852,0.3693122863769531,0.1979576200246811
ensemble3,25,0.02684791386127472,,,,,,,0.4231642186641693,0.38273587822914124,0.19409966468811035
ensemble3,26,0.09696424007415771,,,,,,,0.39075642824172974,0.43121862411499023,0.1780259609222412
ensemble3,27,0.056114763021469116,,,,,,,0.418813556432724,0.42433077096939087,0.15685617923736572
ensemble3,28,0.0248776376247406,,,,,,,0.4302729070186615,0.4118914306163788,0.15783512592315674
ensemble3,29,0.02385084331035614,,,,,,,0.4404574930667877,0.4136325418949127,0.14590997993946075
ensemble3,30,0.08763459324836731,,,,,,,0.3966401219367981,0.4302869141101837,0.17307282984256744
ensemble3,31,0.029374822974205017,,,,,,,0.3964208662509918,0.415819376707077,0.1877608597278595
ensemble3,32,0.01591302454471588,,,,,,,0.40183985233306885,0.40786272287368774,0.19029824435710907
ensemble3,33,0.025235489010810852,,,,,,,0.4144570231437683,0.4055931270122528,0.17994952201843262
ensemble3,34,0.033830344676971436,,,,,,,0.40933114290237427,0.3938044309616089,0.1968652904033661
ensemble3,35,0.015340298414230347,,,,,,,0.4016607403755188,0.39529821276664734,0.20304140448570251
ensemble3,36,0.1890425980091095,,,,,,,0.4961816668510437,0.3297838866710663,0.17403405904769897
ensemble3,37,0.02032129466533661,,,,,,,0.4939201772212982,0.33994436264038086,0.16613472998142242
ensemble3,38,0.10840180516242981,,,,,,,0.4397197663784027,0.3586999177932739,0.20158056914806366
ensemble3,39,0.02060617506504059,,,,,,,0.4294167160987854,0.36323800683021545,0.2073456048965454
ensemble3,40,0.015649765729904175,,,,,,,0.43578770756721497,0.35541316866874695,0.2087995409965515
ensemble3,41,0.09657210111618042,,,,,,,0.3906368911266327,0.3522776663303375,0.25708532333374023
ensemble3,42,0.0182582288980484,,,,,,,0.39392802119255066,0.35811543464660645,0.24795599281787872
ensemble3,43,0.008046060800552368,,,,,,,0.3968319892883301,0.35923486948013306,0.24393333494663239
ensemble3,44,0.008955910801887512,,,,,,,0.4013097882270813,0.3592032492160797,0.23948684334754944
ensemble3,45,0.11772972345352173,,,,,,,0.391750693321228,0.3098975718021393,0.29835179448127747
ensemble3,46,0.021307647228240967,,,,,,,0.3810967206954956,0.31914472579956055,0.29975831508636475
ensemble3,47,0.15362975001335144,,,,,,,0.3042820394039154,0.3738004267215729,0.32191768288612366
ensemble3,48,0.02487879991531372,,,,,,,0.3167217969894409,0.3625039756298065,0.3207750916481018
ensemble3,49,0.12409511208534241,,,,,,,0.3615054786205292,0.3004560172557831,0.3380385637283325
ensemble3,50,0.015108257532119751,,,,,,,0.3608839809894562,0.3080101013183594,0.33110588788986206
ensemble3,51,0.07452219724655151,,,,,,,0.37098991870880127,0.33516499400138855,0.2938445210456848
ensemble3,52,0.10984918475151062,,,,,,,0.4027602970600128,0.2802407443523407,0.31699907779693604
ensemble3,53,0.03455895185470581,,,,,,,0.385480672121048,0.2852002680301666,0.3293188810348511
ensemble3,54,0.08696028590202332,,,,,,,0.34200069308280945,0.316755086183548,0.3412443697452545
ensemble3,55,0.043448299169540405,,,,,,,0.3579254448413849,0.3225542902946472,0.3195200264453888
ensemble3,56,0.02573418617248535,,,,,,,0.368853360414505,0.324492871761322,0.30665233731269836
ensemble3,57,0.04824867844581604,,,,,,,0.3862915337085724,0.3003692924976349,0.3133392632007599
ensemble3,58,0.0499548614025116,,,,,,,0.3613143265247345,0.3079462945461273,0.33073991537094116
ensemble3,59,0.08146113157272339,,,,,,,0.32353881001472473,0.3049909770488739,0.37147021293640137
ensemble3,60,0.022038638591766357,,,,,,,0.31819939613342285,0.29931116104125977,0.3824896216392517
ensemble3,61,0.014803498983383179,,,,,,,0.3172210156917572,0.3067127466201782,0.37606608867645264
ensemble3,62,0.21259766817092896,,,,,,,0.38955941796302795,0.34067288041114807,0.2697669565677643
ensemble3,63,0.0243588387966156,,,,,,,0.3773799240589142,0.343519926071167,0.2790992558002472
ensemble3,64,0.18033164739608765,,,,,,,0.31691816449165344,0.3138163387775421,0.3692655563354492
ensemble3,65,0.006539046764373779,,,,,,,0.31364893913269043,0.31673258543014526,0.36961913108825684
ensemble3,66,0.006394922733306885,,,,,,,0.31505292654037476,0.3135344982147217,0.3714119791984558
ensemble3,67,0.0953507125377655,,,,,,,0.32111048698425293,0.35515284538269043,0.32373717427253723
ensemble3,68,0.03114628791809082,,,,,,,0.3192029893398285,0.3414870500564575,0.3393101692199707
ensemble3,69,0.008099406957626343,,,,,,,0.32325273752212524,0.33853447437286377,0.33821308612823486
ensemble3,70,0.0361877977848053,,,,,,,0.3117920458316803,0.3319011330604553,0.35630685091018677
ensemble3,71,0.06377184391021729,,,,,,,0.27990585565567017,0.3379664123058319,0.38212722539901733
ensemble3,72,0.043108731508255005,,,,,,,0.28814786672592163,0.3164122998714447,0.39543983340263367
ensemble3,73,0.020025521516799927,,,,,,,0.28927379846572876,0.3063993453979492,0.404326468706131
ensemble3,74,0.15174266695976257,,,,,,,0.3200432360172272,0.3515017628669739,0.3284556567668915
ensemble3,75,0.03072527050971985,,,,,,,0.329354465007782,0.3361382782459259,0.33450621366500854
ensemble3,76,0.03180769085884094,,,,,,,0.3452584743499756,0.33342400193214417,0.32131680846214294
ensemble3,77,0.1324591338634491,,,,,,,0.3394986689090729,0.27295517921447754,0.3875473141670227
ensemble3,78,0.15750494599342346,,,,,,,0.2607452869415283,0.2970196008682251,0.44223445653915405
ensemble3,79,0.07975518703460693,,,,,,,0.2861118018627167,0.3115311861038208,0.4023573696613312
ensemble3,80,0.24197697639465332,,,,,,,0.40710026025772095,0.30126601457595825,0.2916340231895447
ensemble3,81,0.03356945514678955,,,,,,,0.4006255269050598,0.29095587134361267,0.3084186017513275
ensemble3,82,0.03656002879142761,,,,,,,0.38234540820121765,0.2980409264564514,0.3196134567260742
ensemble3,83,0.022556066513061523,,,,,,,0.3710673451423645,0.30544304847717285,0.32348933815956116
ensemble3,84,0.04116073250770569,,,,,,,0.3546581566333771,0.32602328062057495,0.319318026304245
ensemble3,85,0.09310024976730347,,,,,,,0.37809082865715027,0.34914132952690125,0.272768497467041
ensemble3,86,0.035129427909851074,,,,,,,0.3719042241573334,0.3667060136795044,0.26139035820961
ensemble3,87,0.04012802243232727,,,,,,,0.3886730968952179,0.34664151072502136,0.2646850049495697
ensemble3,88,0.06473788619041443,,,,,,,0.42104291915893555,0.3208079934120178,0.25815045833587646
ensemble3,89,0.018863767385482788,,,,,,,0.42658036947250366,0.32470184564590454,0.2487179934978485
ensemble3,90,0.24499879777431488,,,,,,,0.31012678146362305,0.44720083475112915,0.24267177283763885
ensemble3,91,0.00431409478187561,,,,,,,0.30872321128845215,0.4464474618434906,0.24482892453670502
ensemble3,92,0.05652467906475067,,,,,,,0.33698570728302,0.4186317026615143,0.24438250064849854
ensemble3,93,0.1489342749118805,,,,,,,0.37925663590431213,0.3441644012928009,0.27657854557037354
ensemble3,94,0.04448792338371277,,,,,,,0.35701289772987366,0.3622156083583832,0.28077152371406555
ensemble3,95,0.06990697979927063,,,,,,,0.32205930352211,0.39686235785484314,0.28107815980911255
ensemble3,96,0.051197946071624756,,,,,,,0.32925042510032654,0.3712632358074188,0.29948586225509644
ensemble3,97,0.09958475828170776,,,,,,,0.35766109824180603,0.3214714825153351,0.32086819410324097
ensemble3,98,0.01564958691596985,,,,,,,0.3498745560646057,0.3292955458164215,0.32082921266555786
ensemble3,99,0.06110808253288269,,,,,,,0.36172109842300415,0.2987416982650757,0.3395369052886963
ensemble3,100,0.12757885456085205,,,,,,,0.29886695742607117,0.29780638217926025,0.4033263027667999
ensemble3,101,0.04259023070335388,,,,,,,0.30520299077033997,0.31276533007621765,0.38203105330467224
ensemble3,102,0.013449132442474365,,,,,,,0.3090043067932129,0.3156890571117401,0.37530696392059326
ensemble3,103,0.044281989336013794,,,,,,,0.302170068025589,0.33782967925071716,0.3599998354911804
ensemble3,104,0.15510815382003784,,,,,,,0.3797243535518646,0.2922728657722473,0.32800278067588806
ensemble3,105,0.09133878350257874,,,,,,,0.3340549170970917,0.2971389591693878,0.36880603432655334
ensemble3,106,0.018691569566726685,,,,,,,0.33940011262893677,0.3011397421360016,0.3594604432582855
ensemble3,107,0.044484615325927734,,,,,,,0.3514661490917206,0.27889707684516907,0.3696363568305969
ensemble3,108,0.013100683689117432,,,,,,,0.35334551334381104,0.2723468840122223,0.3743074834346771
ensemble3,109,0.012940645217895508,,,,,,,0.3548274338245392,0.27733543515205383,0.3678373098373413
ensemble3,110,0.04613736271858215,,,,,,,0.3432100713253021,0.3004039227962494,0.3563857972621918
ensemble3,111,0.0453667938709259,,,,,,,0.3442700505256653,0.3220270872116089,0.3337021470069885
ensemble3,112,0.01772969961166382,,,,,,,0.3531353771686554,0.31813180446624756,0.32873305678367615
ensemble3,113,0.03413593769073486,,,,,,,0.34312760829925537,0.3351998031139374,0.32167288661003113
ensemble3,114,0.062498271465301514,,,,,,,0.3118782639503479,0.34602659940719604,0.3420950174331665
ensemble3,115,0.050008684396743774,,,,,,,0.33688250184059143,0.3224971890449524,0.3406199812889099
ensemble3,116,0.056805312633514404,,,,,,,0.338876336812973,0.2940945327281952,0.3670288026332855
ensemble3,117,0.023175537586212158,,,,,,,0.3310887813568115,0.3056826889514923,0.363228976726532
ensemble3,118,0.02129700779914856,,,,,,,0.32599496841430664,0.3163309097290039,0.3576740026473999
ensemble3,119,0.03490865230560303,,,,,,,0.34344926476478577,0.30783820152282715,0.34871235489845276
